--- CMD: ifconfig ---
ifconfig
wlan0	Link encap:Ethernet HWaddr 30:ed:a0:f3:f7:b0 at RUNNING mtu 1500
	inet addr:192.168.1.60 DRaddr:192.168.1.1 Mask:255.255.255.0

nsh> [K
nsh> [K
--- CMD: wapi scan wlan0 ---
wapi scan wlan0
[CPU0] esp_wifi_start_scan: S31 scan request: type=0 channel=0 country_ret=0 first=1 count=11
[CPU0] esp_event_post_wrapper: S31 scan event: status=0 aps=11 id=128
[CPU0] esp_event_post_wrapper: S31 Wi-Fi ISR calls: cpu0=1785 cpu1=0
[CPU0] esp_wifi_scan_event_parse: S31 scan count: ret=0 aps=11
bssid / frequency / signal level / encode / ssid
c0:a4:76:8e:95:9b	2462	-91	0800	@Ruijie-s9599
24:a6:5e:39:f3:f0	2457	-90	0800	1901
98:0d:51:96:33:54	2437	-87	0800	HDMRC
c2:a4:76:28:e1:eb	2437	-85	0800	@Ruijie-s9599_iot
c0:a4:76:e8:e1:eb	2437	-84	0800	@Ruijie-s9599
50:78:b3:a3:c4:f4	2412	-83	0800	CU-C4F4
a4:ba:70:3a:61:31	2412	-82	0800	CU-C4F4_plus
60:ce:41:ab:02:d2	2462	-76	0800	STB_T4Zp
60:ce:41:46:0e:ec	2437	-72	0800	Kal'tsit
60:ce:41:ab:02:d0	2462	-71	0800	Kal'tsit
7c:39:85:2a:50:04	2462	-66	0800	Kal'tsit
nsh> [K
nsh> [K
ASSOCIATED_SCAN_ROUND=1 PASS
--- CMD: wapi scan wlan0 ---
wapi scan wlan0
[CPU0] esp_wifi_start_scan: S31 scan request: type=0 channel=0 country_ret=0 first=1 count=11
[CPU0] esp_event_post_wrapper: S31 scan event: status=0 aps=10 id=129
[CPU0] esp_event_post_wrapper: S31 Wi-Fi ISR calls: cpu0=1987 cpu1=0
[CPU0] esp_wifi_scan_event_parse: S31 scan count: ret=0 aps=10
bssid / frequency / signal level / encode / ssid
98:0d:51:96:33:54	2437	-91	0800	HDMRC
c2:a4:76:28:e1:eb	2437	-86	0800	@Ruijie-s9599_iot
50:78:b3:a3:c4:f4	2412	-83	0800	CU-C4F4
a4:ba:70:3a:61:31	2412	-83	0800	CU-C4F4_plus
c0:a4:76:e8:e1:eb	2437	-83	0800	@Ruijie-s9599
60:ce:41:46:0e:ec	2437	-81	0800	Kal'tsit
bc:54:fc:36:e1:c2	2462	-74	0800	MERCURY_E1C2
60:ce:41:ab:02:d2	2462	-70	0800	STB_T4Zp
60:ce:41:ab:02:d0	2462	-70	0800	Kal'tsit
7c:39:85:2a:50:04	2462	-67	0800	Kal'tsit
nsh> [K
nsh> [K
ASSOCIATED_SCAN_ROUND=2 PASS
--- CMD: wapi scan wlan0 ---
wapi scan wlan0
[CPU0] esp_wifi_start_scan: S31 scan request: type=0 channel=0 country_ret=0 first=1 count=11
[CPU0] esp_event_post_wrapper: S31 scan event: status=0 aps=11 id=130
[CPU0] esp_event_post_wrapper: S31 Wi-Fi ISR calls: cpu0=2170 cpu1=0
[CPU0] esp_wifi_scan_event_parse: S31 scan count: ret=0 aps=11
bssid / frequency / signal level / encode / ssid
08:f4:58:ab:bf:e8	2437	-91	0800	HDMRC
a4:ba:70:be:df:fb	2412	-86	0800	20371506
c2:a4:76:28:e1:eb	2437	-85	0800	@Ruijie-s9599_iot
68:dd:b7:77:db:38	2462	-85	0800	JSL
50:78:b3:a3:c4:f4	2412	-83	0800	CU-C4F4
c0:a4:76:e8:e1:eb	2437	-82	0800	@Ruijie-s9599
a4:ba:70:3a:61:31	2412	-82	0800	CU-C4F4_plus
bc:54:fc:36:e1:c2	2462	-77	0800	MERCURY_E1C2
60:ce:41:ab:02:d0	2462	-71	0800	Kal'tsit
7c:39:85:2a:50:04	2462	-68	0800	Kal'tsit
60:ce:41:46:0e:ec	2437	-68	0800	Kal'tsit
nsh> [K
nsh> [K
ASSOCIATED_SCAN_ROUND=3 PASS
--- CMD: wapi scan wlan0 ---
wapi scan wlan0
[CPU0] esp_wifi_start_scan: S31 scan request: type=0 channel=0 country_ret=0 first=1 count=11
[CPU0] esp_event_post_wrapper: S31 scan event: status=0 aps=12 id=131
[CPU0] esp_event_post_wrapper: S31 Wi-Fi ISR calls: cpu0=2366 cpu1=0
[CPU0] esp_wifi_scan_event_parse: S31 scan count: ret=0 aps=12
bssid / frequency / signal level / encode / ssid
0c:4b:54:16:c5:f5	2412	-88	0800	lcwx
c2:a4:76:28:e1:eb	2437	-87	0800	@Ruijie-s9599_iot
a4:ba:70:be:df:fb	2412	-86	0800	20371506
c0:a4:76:e8:e1:eb	2437	-86	0800	@Ruijie-s9599
98:0d:51:96:33:54	2437	-86	0800	HDMRC
50:78:b3:a3:c4:f4	2412	-83	0800	CU-C4F4
a4:ba:70:3a:61:31	2412	-81	0800	CU-C4F4_plus
60:ce:41:46:0e:ec	2437	-81	0800	Kal'tsit
bc:54:fc:36:e1:c2	2462	-77	0800	MERCURY_E1C2
60:ce:41:ab:02:d2	2462	-70	0800	STB_T4Zp
60:ce:41:ab:02:d0	2462	-70	0800	Kal'tsit
7c:39:85:2a:50:04	2462	-68	0800	Kal'tsit
nsh> [K
nsh> [K
ASSOCIATED_SCAN_ROUND=4 PASS
--- CMD: wapi scan wlan0 ---
wapi scan wlan0
[CPU0] esp_wifi_start_scan: S31 scan request: type=0 channel=0 country_ret=0 first=1 count=11
[CPU0] esp_event_post_wrapper: S31 scan event: status=0 aps=12 id=132
[CPU0] esp_event_post_wrapper: S31 Wi-Fi ISR calls: cpu0=2561 cpu1=0
[CPU0] esp_wifi_scan_event_parse: S31 scan count: ret=0 aps=12
bssid / frequency / signal level / encode / ssid
b8:f8:83:2d:54:eb	2412	-91	0800	GS5.0
98:0d:51:96:33:54	2437	-88	0800	HDMRC
a4:ba:70:be:df:fb	2412	-87	0800	20371506
50:78:b3:a3:c4:f4	2412	-84	0800	CU-C4F4
c0:a4:76:e8:e1:eb	2437	-83	0800	@Ruijie-s9599
a4:ba:70:3a:61:31	2412	-82	0800	CU-C4F4_plus
94:bf:80:7e:6f:c9	2427	-81	0800	CU_rfNY
60:ce:41:46:0e:ec	2437	-80	0800	Kal'tsit
60:ce:41:ab:02:d2	2462	-77	0800	STB_T4Zp
bc:54:fc:36:e1:c2	2462	-74	0800	MERCURY_E1C2
60:ce:41:ab:02:d0	2462	-70	0800	Kal'tsit
7c:39:85:2a:50:04	2462	-68	0800	Kal'tsit
nsh> [K
nsh> [K
ASSOCIATED_SCAN_ROUND=5 PASS
--- CMD: wapi scan wlan0 ---
wapi scan wlan0
[CPU0] esp_wifi_start_scan: S31 scan request: type=0 channel=0 country_ret=0 first=1 count=11
[CPU0] esp_event_post_wrapper: S31 scan event: status=0 aps=11 id=133
[CPU0] esp_event_post_wrapper: S31 Wi-Fi ISR calls: cpu0=2706 cpu1=0
[CPU0] esp_wifi_scan_event_parse: S31 scan count: ret=0 aps=11
bssid / frequency / signal level / encode / ssid
04:67:61:71:a9:9a	2412	-88	0800	Xiaomi_6A66
98:0d:51:96:33:54	2437	-87	0800	HDMRC
c2:a4:76:28:e1:eb	2437	-85	0800	@Ruijie-s9599_iot
24:69:68:38:77:70	2412	-84	0800	wlj
50:78:b3:a3:c4:f4	2412	-82	0800	CU-C4F4
a4:ba:70:3a:61:31	2412	-82	0800	CU-C4F4_plus
60:ce:41:46:0e:ec	2437	-81	0800	Kal'tsit
bc:54:fc:36:e1:c2	2462	-77	0800	MERCURY_E1C2
60:ce:41:ab:02:d0	2462	-70	0800	Kal'tsit
60:ce:41:ab:02:d2	2462	-69	0800	STB_T4Zp
7c:39:85:2a:50:04	2462	-68	0800	Kal'tsit
nsh> [K
nsh> [K
ASSOCIATED_SCAN_ROUND=6 PASS
--- CMD: wapi scan wlan0 ---
wapi scan wlan0
[CPU0] esp_wifi_start_scan: S31 scan request: type=0 channel=0 country_ret=0 first=1 count=11
[CPU0] esp_event_post_wrapper: S31 scan event: status=0 aps=14 id=134
[CPU0] esp_event_post_wrapper: S31 Wi-Fi ISR calls: cpu0=2901 cpu1=0
[CPU0] esp_wifi_scan_event_parse: S31 scan count: ret=0 aps=14
bssid / frequency / signal level / encode / ssid
98:0d:51:96:33:54	2437	-90	0800	HDMRC
04:67:61:71:a9:9a	2412	-89	0800	Xiaomi_6A66
30:99:35:5e:4f:63	2432	-88	0800	CU_nhbU
c2:a4:76:28:e1:eb	2437	-85	0800	@Ruijie-s9599_iot
68:dd:b7:77:db:38	2462	-84	0800	JSL
c0:a4:76:e8:e1:eb	2437	-83	0800	@Ruijie-s9599
50:78:b3:a3:c4:f4	2412	-82	0800	CU-C4F4
a4:ba:70:3a:61:31	2412	-81	0800	CU-C4F4_plus
24:69:68:38:77:70	2412	-79	0800	wlj
bc:54:fc:36:e1:c2	2462	-76	0800	MERCURY_E1C2
60:ce:41:46:0e:ec	2437	-71	0800	Kal'tsit
60:ce:41:ab:02:d2	2462	-70	0800	STB_T4Zp
60:ce:41:ab:02:d0	2462	-70	0800	Kal'tsit
7c:39:85:2a:50:04	2462	-68	0800	Kal'tsit
nsh> [K
nsh> [K
ASSOCIATED_SCAN_ROUND=7 PASS
--- CMD: wapi scan wlan0 ---
wapi scan wlan0
[CPU0] esp_wifi_start_scan: S31 scan request: type=0 channel=0 country_ret=0 first=1 count=11
[CPU0] esp_event_post_wrapper: S31 scan event: status=0 aps=13 id=135
[CPU0] esp_event_post_wrapper: S31 Wi-Fi ISR calls: cpu0=3123 cpu1=0
[CPU0] esp_wifi_scan_event_parse: S31 scan count: ret=0 aps=13
bssid / frequency / signal level / encode / ssid
98:0d:51:96:33:54	2437	-86	0800	HDMRC
a4:ba:70:be:df:fb	2412	-85	0800	20371506
c2:a4:76:28:e1:eb	2437	-85	0800	@Ruijie-s9599_iot
68:dd:b7:77:db:38	2462	-84	0800	JSL
c0:a4:76:e8:e1:eb	2437	-84	0800	@Ruijie-s9599
24:69:68:38:77:70	2412	-83	0800	wlj
a4:ba:70:3a:61:31	2412	-83	0800	CU-C4F4_plus
50:78:b3:a3:c4:f4	2412	-82	0800	CU-C4F4
60:ce:41:46:0e:ec	2437	-81	0800	Kal'tsit
60:ce:41:ab:02:d2	2462	-76	0800	STB_T4Zp
bc:54:fc:36:e1:c2	2462	-75	0800	MERCURY_E1C2
60:ce:41:ab:02:d0	2462	-70	0800	Kal'tsit
7c:39:85:2a:50:04	2462	-68	0800	Kal'tsit
nsh> [K
nsh> [K
ASSOCIATED_SCAN_ROUND=8 PASS
--- CMD: wapi scan wlan0 ---
wapi scan wlan0
[CPU0] esp_wifi_start_scan: S31 scan request: type=0 channel=0 country_ret=0 first=1 count=11
[CPU0] esp_event_post_wrapper: S31 scan event: status=0 aps=14 id=136
[CPU0] esp_event_post_wrapper: S31 Wi-Fi ISR calls: cpu0=3321 cpu1=0
[CPU0] esp_wifi_scan_event_parse: S31 scan count: ret=0 aps=14
bssid / frequency / signal level / encode / ssid
08:f4:58:ab:bf:e8	2437	-91	0800	HDMRC
98:0d:51:96:33:54	2437	-88	0800	HDMRC
30:99:35:5e:4f:63	2432	-87	0800	CU_nhbU
c0:a4:76:e8:e1:eb	2437	-86	0800	@Ruijie-s9599
c2:a4:76:28:e1:eb	2437	-85	0800	@Ruijie-s9599_iot
68:dd:b7:77:db:38	2462	-84	0800	JSL
24:69:68:38:77:70	2412	-83	0800	wlj
a4:ba:70:3a:61:31	2412	-82	0800	CU-C4F4_plus
50:78:b3:a3:c4:f4	2412	-81	0800	CU-C4F4
bc:54:fc:36:e1:c2	2462	-76	0800	MERCURY_E1C2
60:ce:41:ab:02:d2	2462	-76	0800	STB_T4Zp
60:ce:41:46:0e:ec	2437	-71	0800	Kal'tsit
60:ce:41:ab:02:d0	2462	-70	0800	Kal'tsit
7c:39:85:2a:50:04	2462	-67	0800	Kal'tsit
nsh> [K
nsh> [K
ASSOCIATED_SCAN_ROUND=9 PASS
--- CMD: wapi scan wlan0 ---
wapi scan wlan0
[CPU0] esp_wifi_start_scan: S31 scan request: type=0 channel=0 country_ret=0 first=1 count=11
[CPU0] esp_event_post_wrapper: S31 scan event: status=0 aps=15 id=137
[CPU0] esp_event_post_wrapper: S31 Wi-Fi ISR calls: cpu0=3481 cpu1=0
[CPU0] esp_wifi_scan_event_parse: S31 scan count: ret=0 aps=15
bssid / frequency / signal level / encode / ssid
24:5a:5f:78:74:42	2462	-91	0800	falcom219
d8:31:39:80:18:b0	2457	-88	0800	CU_9wN9
30:99:35:5e:4f:63	2432	-87	0800	CU_nhbU
a4:ba:70:be:df:fb	2412	-87	0800	20371506
98:0d:51:96:33:54	2437	-86	0800	HDMRC
c2:a4:76:28:e1:eb	2437	-85	0800	@Ruijie-s9599_iot
68:dd:b7:77:db:38	2462	-84	0800	JSL
c0:a4:76:e8:e1:eb	2437	-84	0800	@Ruijie-s9599
50:78:b3:a3:c4:f4	2412	-82	0800	CU-C4F4
a4:ba:70:3a:61:31	2412	-82	0800	CU-C4F4_plus
60:ce:41:46:0e:ec	2437	-81	0800	Kal'tsit
bc:54:fc:36:e1:c2	2462	-76	0800	MERCURY_E1C2
60:ce:41:ab:02:d2	2462	-75	0800	STB_T4Zp
60:ce:41:ab:02:d0	2462	-69	0800	Kal'tsit
7c:39:85:2a:50:04	2462	-68	0800	Kal'tsit
nsh> [K
nsh> [K
ASSOCIATED_SCAN_ROUND=10 PASS
--- CMD: wapi scan wlan0 ---
wapi scan wlan0
[CPU0] esp_wifi_start_scan: S31 scan request: type=0 channel=0 country_ret=0 first=1 count=11
[CPU0] esp_event_post_wrapper: S31 scan event: status=0 aps=17 id=138
[CPU0] esp_event_post_wrapper: S31 Wi-Fi ISR calls: cpu0=3718 cpu1=0
[CPU0] esp_wifi_scan_event_parse: S31 scan count: ret=0 aps=17
bssid / frequency / signal level / encode / ssid
24:5a:5f:78:74:42	2462	-92	0800	falcom219
8c:de:f9:a0:3f:6c	2442	-90	0800	Xiaomi_DDB3
08:f4:58:ab:bf:e8	2437	-89	0800	HDMRC
0c:4b:54:16:c5:f5	2412	-88	0800	lcwx
98:0d:51:96:33:54	2437	-88	0800	HDMRC
a4:ba:70:be:df:fb	2412	-86	0800	20371506
c2:a4:76:28:e1:eb	2437	-85	0800	@Ruijie-s9599_iot
c0:a4:76:e8:e1:eb	2437	-85	0800	@Ruijie-s9599
68:dd:b7:77:db:38	2462	-84	0800	JSL
50:78:b3:a3:c4:f4	2412	-83	0800	CU-C4F4
a4:ba:70:3a:61:31	2412	-82	0800	CU-C4F4_plus
94:bf:80:7e:6f:c9	2427	-75	0800	CU_rfNY
bc:54:fc:36:e1:c2	2462	-74	0800	MERCURY_E1C2
60:ce:41:ab:02:d0	2462	-71	0800	Kal'tsit
60:ce:41:ab:02:d2	2462	-70	0800	STB_T4Zp
60:ce:41:46:0e:ec	2437	-70	0800	Kal'tsit
7c:39:85:2a:50:04	2462	-68	0800	Kal'tsit
nsh> [K
nsh> [K
ASSOCIATED_SCAN_ROUND=11 PASS
--- CMD: wapi scan wlan0 ---
wapi scan wlan0
[CPU0] esp_wifi_start_scan: S31 scan request: type=0 channel=0 country_ret=0 first=1 count=11
[CPU0] esp_event_post_wrapper: S31 scan event: status=0 aps=12 id=139
[CPU0] esp_event_post_wrapper: S31 Wi-Fi ISR calls: cpu0=3892 cpu1=0
[CPU0] esp_wifi_scan_event_parse: S31 scan count: ret=0 aps=12
bssid / frequency / signal level / encode / ssid
8c:de:f9:a0:3f:6c	2442	-91	0800	Xiaomi_DDB3
98:0d:51:96:33:54	2437	-90	0800	HDMRC
c0:a4:76:e8:e1:eb	2437	-88	0800	@Ruijie-s9599
c2:a4:76:28:e1:eb	2437	-84	0800	@Ruijie-s9599_iot
94:bf:80:7e:6f:c9	2427	-82	0800	CU_rfNY
a4:ba:70:3a:61:31	2412	-82	0800	CU-C4F4_plus
60:ce:41:ab:02:d2	2462	-78	0800	STB_T4Zp
24:69:68:38:77:70	2412	-77	0800	wlj
bc:54:fc:36:e1:c2	2462	-75	0800	MERCURY_E1C2
60:ce:41:46:0e:ec	2437	-72	0800	Kal'tsit
60:ce:41:ab:02:d0	2462	-70	0800	Kal'tsit
7c:39:85:2a:50:04	2462	-70	0800	Kal'tsit
nsh> [K
nsh> [K
ASSOCIATED_SCAN_ROUND=12 PASS
--- CMD: wapi scan wlan0 ---
wapi scan wlan0
[CPU0] esp_wifi_start_scan: S31 scan request: type=0 channel=0 country_ret=0 first=1 count=11
[CPU0] esp_event_post_wrapper: S31 scan event: status=0 aps=11 id=140
[CPU0] esp_event_post_wrapper: S31 Wi-Fi ISR calls: cpu0=4094 cpu1=0
[CPU0] esp_wifi_scan_event_parse: S31 scan count: ret=0 aps=11
bssid / frequency / signal level / encode / ssid
98:0d:51:96:33:54	2437	-88	0800	HDMRC
c2:a4:76:28:e1:eb	2437	-84	0800	@Ruijie-s9599_iot
c0:a4:76:e8:e1:eb	2437	-84	0800	@Ruijie-s9599
68:dd:b7:77:db:38	2462	-83	0800	JSL
a4:ba:70:3a:61:31	2412	-83	0800	CU-C4F4_plus
50:78:b3:a3:c4:f4	2412	-82	0800	CU-C4F4
bc:54:fc:36:e1:c2	2462	-73	0800	MERCURY_E1C2
60:ce:41:ab:02:d0	2462	-71	0800	Kal'tsit
60:ce:41:ab:02:d2	2462	-70	0800	STB_T4Zp
60:ce:41:46:0e:ec	2437	-69	0800	Kal'tsit
7c:39:85:2a:50:04	2462	-68	0800	Kal'tsit
nsh> [K
nsh> [K
ASSOCIATED_SCAN_ROUND=13 PASS
--- CMD: wapi scan wlan0 ---
wapi scan wlan0
[CPU0] esp_wifi_start_scan: S31 scan request: type=0 channel=0 country_ret=0 first=1 count=11
[CPU0] esp_event_post_wrapper: S31 scan event: status=0 aps=16 id=141
[CPU0] esp_event_post_wrapper: S31 Wi-Fi ISR calls: cpu0=4278 cpu1=0
[CPU0] esp_wifi_scan_event_parse: S31 scan count: ret=0 aps=16
bssid / frequency / signal level / encode / ssid
24:5a:5f:78:74:42	2462	-90	0800	falcom219
8c:de:f9:a0:3f:6c	2442	-90	0800	Xiaomi_DDB3
98:bb:99:0b:c8:d8	2432	-89	0800	ASUS_1502
d8:31:39:80:18:b0	2457	-87	0800	CU_9wN9
30:99:35:5e:4f:63	2432	-86	0800	CU_nhbU
c8:cd:55:f5:00:a1	2422	-86	0800	海淀区物资回收公司
a4:ba:70:be:df:fb	2412	-86	0800	20371506
68:dd:b7:77:db:38	2462	-84	0800	JSL
c0:a4:76:e8:e1:eb	2437	-83	0800	@Ruijie-s9599
50:78:b3:a3:c4:f4	2412	-82	0800	CU-C4F4
a4:ba:70:3a:61:31	2412	-81	0800	CU-C4F4_plus
60:ce:41:ab:02:d2	2462	-76	0800	STB_T4Zp
bc:54:fc:36:e1:c2	2462	-76	0800	MERCURY_E1C2
60:ce:41:46:0e:ec	2437	-70	0800	Kal'tsit
60:ce:41:ab:02:d0	2462	-69	0800	Kal'tsit
7c:39:85:2a:50:04	2462	-68	0800	Kal'tsit
nsh> [K
nsh> [K
ASSOCIATED_SCAN_ROUND=14 PASS
--- CMD: wapi scan wlan0 ---
wapi scan wlan0
[CPU0] esp_wifi_start_scan: S31 scan request: type=0 channel=0 country_ret=0 first=1 count=11
[CPU0] esp_event_post_wrapper: S31 scan event: status=0 aps=10 id=142
[CPU0] esp_event_post_wrapper: S31 Wi-Fi ISR calls: cpu0=4499 cpu1=0
[CPU0] esp_wifi_scan_event_parse: S31 scan count: ret=0 aps=10
bssid / frequency / signal level / encode / ssid
98:0d:51:96:33:54	2437	-89	0800	HDMRC
c0:a4:76:e8:e1:eb	2437	-85	0800	@Ruijie-s9599
c2:a4:76:28:e1:eb	2437	-84	0800	@Ruijie-s9599_iot
24:69:68:38:77:70	2412	-83	0800	wlj
60:ce:41:46:0e:ec	2437	-82	0800	Kal'tsit
a4:ba:70:3a:61:31	2412	-81	0800	CU-C4F4_plus
94:bf:80:7e:6f:c9	2427	-79	0800	CU_rfNY
60:ce:41:ab:02:d2	2462	-70	0800	STB_T4Zp
7c:39:85:2a:50:04	2462	-70	0800	Kal'tsit
60:ce:41:ab:02:d0	2462	-69	0800	Kal'tsit
nsh> [K
nsh> [K
ASSOCIATED_SCAN_ROUND=15 PASS
--- CMD: wapi scan wlan0 ---
wapi scan wlan0
[CPU0] esp_wifi_start_scan: S31 scan request: type=0 channel=0 country_ret=0 first=1 count=11
[CPU0] esp_event_post_wrapper: S31 scan event: status=0 aps=14 id=143
[CPU0] esp_event_post_wrapper: S31 Wi-Fi ISR calls: cpu0=4725 cpu1=0
[CPU0] esp_wifi_scan_event_parse: S31 scan count: ret=0 aps=14
bssid / frequency / signal level / encode / ssid
8c:de:f9:a0:3f:6c	2442	-89	0800	Xiaomi_DDB3
30:99:35:5e:4f:63	2432	-87	0800	CU_nhbU
98:0d:51:96:33:54	2437	-87	0800	HDMRC
90:7e:43:c9:d4:3c	2427	-85	0800	XXN3M
c0:a4:76:e8:e1:eb	2437	-85	0800	@Ruijie-s9599
c2:a4:76:28:e1:eb	2437	-84	0800	@Ruijie-s9599_iot
24:69:68:38:77:70	2412	-83	0800	wlj
50:78:b3:a3:c4:f4	2412	-82	0800	CU-C4F4
a4:ba:70:3a:61:31	2412	-82	0800	CU-C4F4_plus
60:ce:41:46:0e:ec	2437	-80	0800	Kal'tsit
bc:54:fc:36:e1:c2	2462	-76	0800	MERCURY_E1C2
60:ce:41:ab:02:d2	2462	-70	0800	STB_T4Zp
60:ce:41:ab:02:d0	2462	-70	0800	Kal'tsit
7c:39:85:2a:50:04	2462	-69	0800	Kal'tsit
nsh> [K
nsh> [K
ASSOCIATED_SCAN_ROUND=16 PASS
--- CMD: wapi scan wlan0 ---
wapi scan wlan0
[CPU0] esp_wifi_start_scan: S31 scan request: type=0 channel=0 country_ret=0 first=1 count=11
[CPU0] esp_event_post_wrapper: S31 scan event: status=0 aps=11 id=144
[CPU0] esp_event_post_wrapper: S31 Wi-Fi ISR calls: cpu0=4940 cpu1=0
[CPU0] esp_wifi_scan_event_parse: S31 scan count: ret=0 aps=11
bssid / frequency / signal level / encode / ssid
8c:de:f9:a0:3f:6c	2442	-87	0800	Xiaomi_DDB3
68:dd:b7:77:db:38	2462	-85	0800	JSL
c0:a4:76:e8:e1:eb	2437	-85	0800	@Ruijie-s9599
c2:a4:76:28:e1:eb	2437	-84	0800	@Ruijie-s9599_iot
24:69:68:38:77:70	2412	-84	0800	wlj
50:78:b3:a3:c4:f4	2412	-83	0800	CU-C4F4
a4:ba:70:3a:61:31	2412	-81	0800	CU-C4F4_plus
60:ce:41:46:0e:ec	2437	-81	0800	Kal'tsit
60:ce:41:ab:02:d0	2462	-70	0800	Kal'tsit
60:ce:41:ab:02:d2	2462	-69	0800	STB_T4Zp
7c:39:85:2a:50:04	2462	-68	0800	Kal'tsit
nsh> [K
nsh> [K
ASSOCIATED_SCAN_ROUND=17 PASS
--- CMD: wapi scan wlan0 ---
wapi scan wlan0
[CPU0] esp_wifi_start_scan: S31 scan request: type=0 channel=0 country_ret=0 first=1 count=11
[CPU0] esp_event_post_wrapper: S31 scan event: status=0 aps=15 id=145
[CPU0] esp_event_post_wrapper: S31 Wi-Fi ISR calls: cpu0=5136 cpu1=0
[CPU0] esp_wifi_scan_event_parse: S31 scan count: ret=0 aps=15
bssid / frequency / signal level / encode / ssid
c8:cd:55:f5:00:a1	2422	-88	0800	海淀区物资回收公司
68:dd:b7:77:db:38	2462	-87	0800	JSL
30:99:35:5e:4f:63	2432	-87	0800	CU_nhbU
98:0d:51:96:33:54	2437	-86	0800	HDMRC
c2:a4:76:28:e1:eb	2437	-85	0800	@Ruijie-s9599_iot
c0:a4:76:e8:e1:eb	2437	-85	0800	@Ruijie-s9599
24:69:68:38:77:70	2412	-83	0800	wlj
50:78:b3:a3:c4:f4	2412	-82	0800	CU-C4F4
a4:ba:70:3a:61:31	2412	-82	0800	CU-C4F4_plus
94:bf:80:7e:6f:c9	2427	-81	0800	CU_rfNY
60:ce:41:46:0e:ec	2437	-81	0800	Kal'tsit
bc:54:fc:36:e1:c2	2462	-73	0800	MERCURY_E1C2
60:ce:41:ab:02:d0	2462	-70	0800	Kal'tsit
60:ce:41:ab:02:d2	2462	-69	0800	STB_T4Zp
7c:39:85:2a:50:04	2462	-69	0800	Kal'tsit
nsh> [K
nsh> [K
ASSOCIATED_SCAN_ROUND=18 PASS
--- CMD: wapi scan wlan0 ---
wapi scan wlan0
[CPU0] esp_wifi_start_scan: S31 scan request: type=0 channel=0 country_ret=0 first=1 count=11
[CPU0] esp_event_post_wrapper: S31 scan event: status=0 aps=15 id=146
[CPU0] esp_event_post_wrapper: S31 Wi-Fi ISR calls: cpu0=5319 cpu1=0
[CPU0] esp_wifi_scan_event_parse: S31 scan count: ret=0 aps=15
bssid / frequency / signal level / encode / ssid
c0:a4:76:8e:95:9b	2462	-90	0800	@Ruijie-s9599
24:5a:5f:78:74:42	2462	-89	0800	falcom219
98:0d:51:96:33:54	2437	-88	0800	HDMRC
a4:ba:70:be:df:fb	2412	-88	0800	20371506
c4:16:c8:5a:e5:6c	2462	-87	0800	HUAWEI-J
ca:33:e5:05:fe:88	2432	-87	0800	阳光
c2:a4:76:28:e1:eb	2437	-86	0800	@Ruijie-s9599_iot
c0:a4:76:e8:e1:eb	2437	-85	0800	@Ruijie-s9599
50:78:b3:a3:c4:f4	2412	-82	0800	CU-C4F4
a4:ba:70:3a:61:31	2412	-81	0800	CU-C4F4_plus
60:ce:41:46:0e:ec	2437	-80	0800	Kal'tsit
bc:54:fc:36:e1:c2	2462	-78	0800	MERCURY_E1C2
60:ce:41:ab:02:d0	2462	-70	0800	Kal'tsit
60:ce:41:ab:02:d2	2462	-69	0800	STB_T4Zp
7c:39:85:2a:50:04	2462	-68	0800	Kal'tsit
nsh> [K
nsh> [K
ASSOCIATED_SCAN_ROUND=19 PASS
--- CMD: wapi scan wlan0 ---
wapi scan wlan0
[CPU0] esp_wifi_start_scan: S31 scan request: type=0 channel=0 country_ret=0 first=1 count=11
[CPU0] esp_event_post_wrapper: S31 scan event: status=0 aps=12 id=147
[CPU0] esp_event_post_wrapper: S31 Wi-Fi ISR calls: cpu0=5493 cpu1=0
[CPU0] esp_wifi_scan_event_parse: S31 scan count: ret=0 aps=12
bssid / frequency / signal level / encode / ssid
08:f4:58:ab:bf:e8	2437	-93	0800	HDMRC
b4:7c:a6:58:15:fe	2432	-89	0800	Home-Wireless
98:0d:51:96:33:54	2437	-88	0800	HDMRC
68:dd:b7:77:db:38	2462	-86	0800	JSL
c2:a4:76:28:e1:eb	2437	-84	0800	@Ruijie-s9599_iot
50:78:b3:a3:c4:f4	2412	-82	0800	CU-C4F4
a4:ba:70:3a:61:31	2412	-81	0800	CU-C4F4_plus
60:ce:41:ab:02:d2	2462	-76	0800	STB_T4Zp
bc:54:fc:36:e1:c2	2462	-76	0800	MERCURY_E1C2
60:ce:41:46:0e:ec	2437	-72	0800	Kal'tsit
7c:39:85:2a:50:04	2462	-69	0800	Kal'tsit
60:ce:41:ab:02:d0	2462	-66	0800	Kal'tsit
nsh> [K
nsh> [K
ASSOCIATED_SCAN_ROUND=20 PASS
--- CMD: wapi scan wlan0 ---
wapi scan wlan0
[CPU0] esp_wifi_start_scan: S31 scan request: type=0 channel=0 country_ret=0 first=1 count=11
[CPU0] esp_event_post_wrapper: S31 scan event: status=0 aps=19 id=148
[CPU0] esp_event_post_wrapper: S31 Wi-Fi ISR calls: cpu0=5686 cpu1=0
[CPU0] esp_wifi_scan_event_parse: S31 scan count: ret=0 aps=19
bssid / frequency / signal level / encode / ssid
d4:35:38:ac:49:ae	2412	-93	0800	Redmi_RMDX
10:4d:43:88:6f:20	2437	-92	0800	CMCC-fYyy
b8:f8:83:2d:54:eb	2412	-91	0800	GS5.0
08:f4:58:ab:bf:e8	2437	-91	0800	HDMRC
8c:de:f9:a0:3f:6c	2442	-90	0800	Xiaomi_DDB3
98:0d:51:96:33:54	2437	-89	0800	HDMRC
68:dd:b7:77:db:38	2462	-88	0800	JSL
98:bb:99:0b:c8:d8	2432	-87	0800	ASUS_1502
30:99:35:5e:4f:63	2432	-85	0800	CU_nhbU
c2:a4:76:28:e1:eb	2437	-85	0800	@Ruijie-s9599_iot
c0:a4:76:e8:e1:eb	2437	-84	0800	@Ruijie-s9599
50:78:b3:a3:c4:f4	2412	-82	0800	CU-C4F4
a4:ba:70:3a:61:31	2412	-82	0800	CU-C4F4_plus
94:bf:80:7e:6f:c9	2427	-81	0800	CU_rfNY
60:ce:41:ab:02:d2	2462	-76	0800	STB_T4Zp
bc:54:fc:36:e1:c2	2462	-75	0800	MERCURY_E1C2
60:ce:41:ab:02:d0	2462	-70	0800	Kal'tsit
60:ce:41:46:0e:ec	2437	-69	0800	Kal'tsit
7c:39:85:2a:50:04	2462	-68	0800	Kal'tsit
nsh> [K
nsh> [K
ASSOCIATED_SCAN_ROUND=21 PASS
--- CMD: wapi scan wlan0 ---
wapi scan wlan0
[CPU0] esp_wifi_start_scan: S31 scan request: type=0 channel=0 country_ret=0 first=1 count=11
[CPU0] esp_event_post_wrapper: S31 scan event: status=0 aps=12 id=149
[CPU0] esp_event_post_wrapper: S31 Wi-Fi ISR calls: cpu0=5873 cpu1=0
[CPU0] esp_wifi_scan_event_parse: S31 scan count: ret=0 aps=12
bssid / frequency / signal level / encode / ssid
24:5a:5f:78:74:42	2462	-90	0800	falcom219
98:0d:51:96:33:54	2437	-87	0800	HDMRC
c2:a4:76:28:e1:eb	2437	-84	0800	@Ruijie-s9599_iot
50:78:b3:a3:c4:f4	2412	-83	0800	CU-C4F4
24:69:68:38:77:70	2412	-83	0800	wlj
c0:a4:76:e8:e1:eb	2437	-83	0800	@Ruijie-s9599
a4:ba:70:3a:61:31	2412	-82	0800	CU-C4F4_plus
94:bf:80:7e:6f:c9	2427	-81	0800	CU_rfNY
60:ce:41:46:0e:ec	2437	-81	0800	Kal'tsit
7c:39:85:2a:50:04	2462	-68	0800	Kal'tsit
60:ce:41:ab:02:d2	2462	-68	0800	STB_T4Zp
60:ce:41:ab:02:d0	2462	-65	0800	Kal'tsit
nsh> [K
nsh> [K
ASSOCIATED_SCAN_ROUND=22 PASS
--- CMD: wapi scan wlan0 ---
wapi scan wlan0
[CPU0] esp_wifi_start_scan: S31 scan request: type=0 channel=0 country_ret=0 first=1 count=11
[CPU0] esp_event_post_wrapper: S31 scan event: status=0 aps=14 id=150
[CPU0] esp_event_post_wrapper: S31 Wi-Fi ISR calls: cpu0=6079 cpu1=0
[CPU0] esp_wifi_scan_event_parse: S31 scan count: ret=0 aps=14
bssid / frequency / signal level / encode / ssid
24:5a:5f:78:74:42	2462	-92	0800	falcom219
c0:a4:76:8e:95:9b	2462	-89	0800	@Ruijie-s9599
d8:31:39:80:18:b0	2457	-89	0800	CU_9wN9
8c:de:f9:a0:3f:6c	2442	-89	0800	Xiaomi_DDB3
30:99:35:5e:4f:63	2432	-87	0800	CU_nhbU
c2:a4:76:28:e1:eb	2437	-85	0800	@Ruijie-s9599_iot
c0:a4:76:e8:e1:eb	2437	-83	0800	@Ruijie-s9599
50:78:b3:a3:c4:f4	2412	-82	0800	CU-C4F4
a4:ba:70:3a:61:31	2412	-81	0800	CU-C4F4_plus
60:ce:41:46:0e:ec	2437	-81	0800	Kal'tsit
bc:54:fc:36:e1:c2	2462	-77	0800	MERCURY_E1C2
60:ce:41:ab:02:d2	2462	-69	0800	STB_T4Zp
60:ce:41:ab:02:d0	2462	-69	0800	Kal'tsit
7c:39:85:2a:50:04	2462	-68	0800	Kal'tsit
nsh> [K
nsh> [K
ASSOCIATED_SCAN_ROUND=23 PASS
--- CMD: wapi scan wlan0 ---
wapi scan wlan0
[CPU0] esp_wifi_start_scan: S31 scan request: type=0 channel=0 country_ret=0 first=1 count=11
[CPU0] esp_event_post_wrapper: S31 scan event: status=0 aps=13 id=151
[CPU0] esp_event_post_wrapper: S31 Wi-Fi ISR calls: cpu0=6236 cpu1=0
[CPU0] esp_wifi_scan_event_parse: S31 scan count: ret=0 aps=13
bssid / frequency / signal level / encode / ssid
8c:de:f9:a0:3f:6c	2442	-89	0800	Xiaomi_DDB3
c8:cd:55:f5:00:a1	2422	-87	0800	海淀区物资回收公司
98:0d:51:96:33:54	2437	-87	0800	HDMRC
30:99:35:5e:4f:63	2432	-86	0800	CU_nhbU
c2:a4:76:28:e1:eb	2437	-85	0800	@Ruijie-s9599_iot
c0:a4:76:e8:e1:eb	2437	-84	0800	@Ruijie-s9599
24:69:68:38:77:70	2412	-83	0800	wlj
a4:ba:70:3a:61:31	2412	-81	0800	CU-C4F4_plus
94:bf:80:7e:6f:c9	2427	-80	0800	CU_rfNY
60:ce:41:46:0e:ec	2437	-79	0800	Kal'tsit
bc:54:fc:36:e1:c2	2462	-76	0800	MERCURY_E1C2
60:ce:41:ab:02:d0	2462	-69	0800	Kal'tsit
7c:39:85:2a:50:04	2462	-68	0800	Kal'tsit
nsh> [K
nsh> [K
ASSOCIATED_SCAN_ROUND=24 PASS
--- CMD: wapi scan wlan0 ---
wapi scan wlan0
[CPU0] esp_wifi_start_scan: S31 scan request: type=0 channel=0 country_ret=0 first=1 count=11
[CPU0] esp_event_post_wrapper: S31 scan event: status=0 aps=14 id=152
[CPU0] esp_event_post_wrapper: S31 Wi-Fi ISR calls: cpu0=6476 cpu1=0
[CPU0] esp_wifi_scan_event_parse: S31 scan count: ret=0 aps=14
bssid / frequency / signal level / encode / ssid
10:4d:43:88:6f:20	2437	-92	0800	CMCC-fYyy
8c:de:f9:a0:3f:6c	2442	-90	0800	Xiaomi_DDB3
98:0d:51:96:33:54	2437	-88	0800	HDMRC
68:dd:b7:77:db:38	2462	-87	0800	JSL
24:69:68:38:77:70	2412	-85	0800	wlj
c2:a4:76:28:e1:eb	2437	-85	0800	@Ruijie-s9599_iot
c0:a4:76:e8:e1:eb	2437	-84	0800	@Ruijie-s9599
50:78:b3:a3:c4:f4	2412	-83	0800	CU-C4F4
a4:ba:70:3a:61:31	2412	-82	0800	CU-C4F4_plus
60:ce:41:46:0e:ec	2437	-80	0800	Kal'tsit
60:ce:41:ab:02:d2	2462	-77	0800	STB_T4Zp
bc:54:fc:36:e1:c2	2462	-77	0800	MERCURY_E1C2
60:ce:41:ab:02:d0	2462	-69	0800	Kal'tsit
7c:39:85:2a:50:04	2462	-69	0800	Kal'tsit
nsh> [K
nsh> [K
ASSOCIATED_SCAN_ROUND=25 PASS
--- CMD: wapi scan wlan0 ---
wapi scan wlan0
[CPU0] esp_wifi_start_scan: S31 scan request: type=0 channel=0 country_ret=0 first=1 count=11
[CPU0] esp_event_post_wrapper: S31 scan event: status=0 aps=8 id=153
[CPU0] esp_event_post_wrapper: S31 Wi-Fi ISR calls: cpu0=6670 cpu1=0
[CPU0] esp_wifi_scan_event_parse: S31 scan count: ret=0 aps=8
bssid / frequency / signal level / encode / ssid
c2:a4:76:28:e1:eb	2437	-85	0800	@Ruijie-s9599_iot
c0:a4:76:e8:e1:eb	2437	-84	0800	@Ruijie-s9599
50:78:b3:a3:c4:f4	2412	-84	0800	CU-C4F4
60:ce:41:46:0e:ec	2437	-81	0800	Kal'tsit
bc:54:fc:36:e1:c2	2462	-75	0800	MERCURY_E1C2
60:ce:41:ab:02:d0	2462	-70	0800	Kal'tsit
60:ce:41:ab:02:d2	2462	-69	0800	STB_T4Zp
7c:39:85:2a:50:04	2462	-68	0800	Kal'tsit
nsh> [K
nsh> [K
ASSOCIATED_SCAN_ROUND=26 PASS
--- CMD: wapi scan wlan0 ---
wapi scan wlan0
[CPU0] esp_wifi_start_scan: S31 scan request: type=0 channel=0 country_ret=0 first=1 count=11
[CPU0] esp_event_post_wrapper: S31 scan event: status=0 aps=15 id=154
[CPU0] esp_event_post_wrapper: S31 Wi-Fi ISR calls: cpu0=6910 cpu1=0
[CPU0] esp_wifi_scan_event_parse: S31 scan count: ret=0 aps=15
bssid / frequency / signal level / encode / ssid
24:5a:5f:78:74:42	2462	-91	0800	falcom219
98:0d:51:96:33:54	2437	-90	0800	HDMRC
8c:de:f9:a0:3f:6c	2442	-89	0800	Xiaomi_DDB3
68:dd:b7:77:db:38	2462	-88	0800	JSL
c0:a4:76:e8:e1:eb	2437	-86	0800	@Ruijie-s9599
c2:a4:76:28:e1:eb	2437	-84	0800	@Ruijie-s9599_iot
50:78:b3:a3:c4:f4	2412	-83	0800	CU-C4F4
94:bf:80:7e:6f:c9	2427	-82	0800	CU_rfNY
a4:ba:70:3a:61:31	2412	-81	0800	CU-C4F4_plus
24:69:68:38:77:70	2412	-81	0800	wlj
bc:54:fc:36:e1:c2	2462	-77	0800	MERCURY_E1C2
60:ce:41:ab:02:d2	2462	-77	0800	STB_T4Zp
60:ce:41:ab:02:d0	2462	-69	0800	Kal'tsit
60:ce:41:46:0e:ec	2437	-69	0800	Kal'tsit
7c:39:85:2a:50:04	2462	-67	0800	Kal'tsit
nsh> [K
nsh> [K
ASSOCIATED_SCAN_ROUND=27 PASS
--- CMD: wapi scan wlan0 ---
wapi scan wlan0
[CPU0] esp_wifi_start_scan: S31 scan request: type=0 channel=0 country_ret=0 first=1 count=11
[CPU0] esp_event_post_wrapper: S31 scan event: status=0 aps=13 id=155
[CPU0] esp_event_post_wrapper: S31 Wi-Fi ISR calls: cpu0=7119 cpu1=0
[CPU0] esp_wifi_scan_event_parse: S31 scan count: ret=0 aps=13
bssid / frequency / signal level / encode / ssid
24:5a:5f:78:74:42	2462	-93	0800	falcom219
60:10:9e:e0:ae:2e	2417	-90	0800	STB_dK89
98:0d:51:96:33:54	2437	-87	0800	HDMRC
c2:a4:76:28:e1:eb	2437	-85	0800	@Ruijie-s9599_iot
24:69:68:38:77:70	2412	-84	0800	wlj
c0:a4:76:e8:e1:eb	2437	-84	0800	@Ruijie-s9599
50:78:b3:a3:c4:f4	2412	-82	0800	CU-C4F4
a4:ba:70:3a:61:31	2412	-80	0800	CU-C4F4_plus
bc:54:fc:36:e1:c2	2462	-75	0800	MERCURY_E1C2
60:ce:41:46:0e:ec	2437	-71	0800	Kal'tsit
60:ce:41:ab:02:d0	2462	-70	0800	Kal'tsit
60:ce:41:ab:02:d2	2462	-68	0800	STB_T4Zp
7c:39:85:2a:50:04	2462	-68	0800	Kal'tsit
nsh> [K
nsh> [K
ASSOCIATED_SCAN_ROUND=28 PASS
--- CMD: wapi scan wlan0 ---
wapi scan wlan0
[CPU0] esp_wifi_start_scan: S31 scan request: type=0 channel=0 country_ret=0 first=1 count=11
[CPU0] esp_event_post_wrapper: S31 scan event: status=0 aps=14 id=156
[CPU0] esp_event_post_wrapper: S31 Wi-Fi ISR calls: cpu0=7307 cpu1=0
[CPU0] esp_wifi_scan_event_parse: S31 scan count: ret=0 aps=14
bssid / frequency / signal level / encode / ssid
98:0d:51:96:33:54	2437	-94	0800	HDMRC
c0:a4:76:8e:95:9b	2462	-92	0800	@Ruijie-s9599
c0:a4:76:e8:e1:eb	2437	-87	0800	@Ruijie-s9599
68:dd:b7:77:db:38	2462	-86	0800	JSL
90:7e:43:c9:d4:3c	2427	-85	0800	XXN3M
c2:a4:76:28:e1:eb	2437	-84	0800	@Ruijie-s9599_iot
50:78:b3:a3:c4:f4	2412	-81	0800	CU-C4F4
a4:ba:70:3a:61:31	2412	-81	0800	CU-C4F4_plus
94:bf:80:7e:6f:c9	2427	-80	0800	CU_rfNY
60:ce:41:46:0e:ec	2437	-80	0800	Kal'tsit
bc:54:fc:36:e1:c2	2462	-77	0800	MERCURY_E1C2
60:ce:41:ab:02:d0	2462	-70	0800	Kal'tsit
60:ce:41:ab:02:d2	2462	-69	0800	STB_T4Zp
7c:39:85:2a:50:04	2462	-68	0800	Kal'tsit
nsh> [K
nsh> [K
ASSOCIATED_SCAN_ROUND=29 PASS
--- CMD: wapi scan wlan0 ---
wapi scan wlan0
[CPU0] esp_wifi_start_scan: S31 scan request: type=0 channel=0 country_ret=0 first=1 count=11
[CPU0] esp_event_post_wrapper: S31 scan event: status=0 aps=16 id=157
[CPU0] esp_event_post_wrapper: S31 Wi-Fi ISR calls: cpu0=7531 cpu1=0
[CPU0] esp_wifi_scan_event_parse: S31 scan count: ret=0 aps=16
bssid / frequency / signal level / encode / ssid
f4:2a:7d:53:3f:88	2462	-92	0800	TP-LINK_901
c0:a4:76:8e:95:9b	2462	-90	0800	@Ruijie-s9599
24:5a:5f:78:74:42	2462	-90	0800	falcom219
68:dd:b7:77:db:38	2462	-86	0800	JSL
30:99:35:5e:4f:63	2432	-86	0800	CU_nhbU
98:0d:51:96:33:54	2437	-85	0800	HDMRC
a4:ba:70:be:df:fb	2412	-85	0800	20371506
c2:a4:76:28:e1:eb	2437	-85	0800	@Ruijie-s9599_iot
c0:a4:76:e8:e1:eb	2437	-84	0800	@Ruijie-s9599
24:69:68:38:77:70	2412	-84	0800	wlj
a4:ba:70:3a:61:31	2412	-81	0800	CU-C4F4_plus
bc:54:fc:36:e1:c2	2462	-75	0800	MERCURY_E1C2
60:ce:41:46:0e:ec	2437	-72	0800	Kal'tsit
60:ce:41:ab:02:d0	2462	-71	0800	Kal'tsit
60:ce:41:ab:02:d2	2462	-70	0800	STB_T4Zp
7c:39:85:2a:50:04	2462	-69	0800	Kal'tsit
nsh> [K
nsh> [K
ASSOCIATED_SCAN_ROUND=30 PASS
--- CMD: wapi scan wlan0 ---
wapi scan wlan0
[CPU0] esp_wifi_start_scan: S31 scan request: type=0 channel=0 country_ret=0 first=1 count=11
[CPU0] esp_event_post_wrapper: S31 scan event: status=0 aps=13 id=158
[CPU0] esp_event_post_wrapper: S31 Wi-Fi ISR calls: cpu0=7700 cpu1=0
[CPU0] esp_wifi_scan_event_parse: S31 scan count: ret=0 aps=13
bssid / frequency / signal level / encode / ssid
98:0d:51:96:33:54	2437	-88	0800	HDMRC
c2:a4:76:28:e1:eb	2437	-86	0800	@Ruijie-s9599_iot
90:7e:43:c9:d4:3c	2427	-85	0800	XXN3M
a4:ba:70:be:df:fb	2412	-85	0800	20371506
c0:a4:76:e8:e1:eb	2437	-85	0800	@Ruijie-s9599
24:69:68:38:77:70	2412	-83	0800	wlj
50:78:b3:a3:c4:f4	2412	-82	0800	CU-C4F4
a4:ba:70:3a:61:31	2412	-81	0800	CU-C4F4_plus
bc:54:fc:36:e1:c2	2462	-76	0800	MERCURY_E1C2
60:ce:41:ab:02:d2	2462	-70	0800	STB_T4Zp
60:ce:41:ab:02:d0	2462	-70	0800	Kal'tsit
60:ce:41:46:0e:ec	2437	-70	0800	Kal'tsit
7c:39:85:2a:50:04	2462	-68	0800	Kal'tsit
nsh> [K
nsh> [K
ASSOCIATED_SCAN_ROUND=31 PASS
--- CMD: wapi scan wlan0 ---
wapi scan wlan0
[CPU0] esp_wifi_start_scan: S31 scan request: type=0 channel=0 country_ret=0 first=1 count=11
[CPU0] esp_event_post_wrapper: S31 scan event: status=0 aps=14 id=159
[CPU0] esp_event_post_wrapper: S31 Wi-Fi ISR calls: cpu0=7910 cpu1=0
[CPU0] esp_wifi_scan_event_parse: S31 scan count: ret=0 aps=14
bssid / frequency / signal level / encode / ssid
04:67:61:71:a9:9a	2412	-91	0800	Xiaomi_6A66
d4:35:38:ac:49:ae	2412	-90	0800	Redmi_RMDX
98:0d:51:96:33:54	2437	-89	0800	HDMRC
68:dd:b7:77:db:38	2462	-86	0800	JSL
c2:a4:76:28:e1:eb	2437	-85	0800	@Ruijie-s9599_iot
a4:ba:70:be:df:fb	2412	-85	0800	20371506
50:78:b3:a3:c4:f4	2412	-84	0800	CU-C4F4
c0:a4:76:e8:e1:eb	2437	-84	0800	@Ruijie-s9599
60:ce:41:46:0e:ec	2437	-82	0800	Kal'tsit
a4:ba:70:3a:61:31	2412	-81	0800	CU-C4F4_plus
bc:54:fc:36:e1:c2	2462	-79	0800	MERCURY_E1C2
60:ce:41:ab:02:d2	2462	-76	0800	STB_T4Zp
60:ce:41:ab:02:d0	2462	-70	0800	Kal'tsit
7c:39:85:2a:50:04	2462	-66	0800	Kal'tsit
nsh> [K
nsh> [K
ASSOCIATED_SCAN_ROUND=32 PASS
--- CMD: wapi scan wlan0 ---
wapi scan wlan0
[CPU0] esp_wifi_start_scan: S31 scan request: type=0 channel=0 country_ret=0 first=1 count=11
[CPU0] esp_event_post_wrapper: S31 scan event: status=0 aps=13 id=160
[CPU0] esp_event_post_wrapper: S31 Wi-Fi ISR calls: cpu0=8132 cpu1=0
[CPU0] esp_wifi_scan_event_parse: S31 scan count: ret=0 aps=13
bssid / frequency / signal level / encode / ssid
98:0d:51:96:33:54	2437	-88	0800	HDMRC
30:99:35:5e:4f:63	2432	-87	0800	CU_nhbU
a4:ba:70:be:df:fb	2412	-86	0800	20371506
68:dd:b7:77:db:38	2462	-85	0800	JSL
c2:a4:76:28:e1:eb	2437	-85	0800	@Ruijie-s9599_iot
a4:ba:70:3a:61:31	2412	-84	0800	CU-C4F4_plus
24:69:68:38:77:70	2412	-82	0800	wlj
bc:54:fc:36:e1:c2	2462	-77	0800	MERCURY_E1C2
60:ce:41:ab:02:d2	2462	-76	0800	STB_T4Zp
94:bf:80:7e:6f:c9	2427	-74	0800	CU_rfNY
60:ce:41:ab:02:d0	2462	-70	0800	Kal'tsit
60:ce:41:46:0e:ec	2437	-70	0800	Kal'tsit
7c:39:85:2a:50:04	2462	-66	0800	Kal'tsit
nsh> [K
nsh> [K
ASSOCIATED_SCAN_ROUND=33 PASS
--- CMD: wapi scan wlan0 ---
wapi scan wlan0
[CPU0] esp_wifi_start_scan: S31 scan request: type=0 channel=0 country_ret=0 first=1 count=11
[CPU0] esp_event_post_wrapper: S31 scan event: status=0 aps=14 id=161
[CPU0] esp_event_post_wrapper: S31 Wi-Fi ISR calls: cpu0=8357 cpu1=0
[CPU0] esp_wifi_scan_event_parse: S31 scan count: ret=0 aps=14
bssid / frequency / signal level / encode / ssid
8c:de:f9:a0:3f:6c	2442	-91	0800	Xiaomi_DDB3
98:0d:51:96:33:54	2437	-90	0800	HDMRC
c0:a4:76:e8:e1:eb	2437	-85	0800	@Ruijie-s9599
a4:ba:70:be:df:fb	2412	-85	0800	20371506
50:78:b3:a3:c4:f4	2412	-83	0800	CU-C4F4
c2:a4:76:28:e1:eb	2437	-83	0800	@Ruijie-s9599_iot
a4:ba:70:3a:61:31	2412	-82	0800	CU-C4F4_plus
90:7e:43:c9:d4:3c	2427	-80	0800	XXN3M
94:bf:80:7e:6f:c9	2427	-79	0800	CU_rfNY
bc:54:fc:36:e1:c2	2462	-76	0800	MERCURY_E1C2
60:ce:41:46:0e:ec	2437	-72	0800	Kal'tsit
60:ce:41:ab:02:d2	2462	-70	0800	STB_T4Zp
60:ce:41:ab:02:d0	2462	-70	0800	Kal'tsit
7c:39:85:2a:50:04	2462	-69	0800	Kal'tsit
nsh> [K
nsh> [K
ASSOCIATED_SCAN_ROUND=34 PASS
--- CMD: wapi scan wlan0 ---
wapi scan wlan0
[CPU0] esp_wifi_start_scan: S31 scan request: type=0 channel=0 country_ret=0 first=1 count=11
[CPU0] esp_event_post_wrapper: S31 scan event: status=0 aps=12 id=162
[CPU0] esp_event_post_wrapper: S31 Wi-Fi ISR calls: cpu0=8545 cpu1=0
[CPU0] esp_wifi_scan_event_parse: S31 scan count: ret=0 aps=12
bssid / frequency / signal level / encode / ssid
98:0d:51:96:33:54	2437	-88	0800	HDMRC
30:99:35:5e:4f:63	2432	-87	0800	CU_nhbU
b4:7c:a6:58:15:fe	2432	-85	0800	Home-Wireless
c2:a4:76:28:e1:eb	2437	-84	0800	@Ruijie-s9599_iot
c0:a4:76:e8:e1:eb	2437	-83	0800	@Ruijie-s9599
50:78:b3:a3:c4:f4	2412	-82	0800	CU-C4F4
a4:ba:70:3a:61:31	2412	-81	0800	CU-C4F4_plus
bc:54:fc:36:e1:c2	2462	-75	0800	MERCURY_E1C2
60:ce:41:ab:02:d2	2462	-70	0800	STB_T4Zp
60:ce:41:46:0e:ec	2437	-69	0800	Kal'tsit
7c:39:85:2a:50:04	2462	-68	0800	Kal'tsit
60:ce:41:ab:02:d0	2462	-66	0800	Kal'tsit
nsh> [K
nsh> [K
ASSOCIATED_SCAN_ROUND=35 PASS
--- CMD: wapi scan wlan0 ---
wapi scan wlan0
[CPU0] esp_wifi_start_scan: S31 scan request: type=0 channel=0 country_ret=0 first=1 count=11
[CPU0] esp_event_post_wrapper: S31 scan event: status=0 aps=12 id=163
[CPU0] esp_event_post_wrapper: S31 Wi-Fi ISR calls: cpu0=8734 cpu1=0
[CPU0] esp_wifi_scan_event_parse: S31 scan count: ret=0 aps=12
bssid / frequency / signal level / encode / ssid
24:5a:5f:78:74:42	2462	-91	0800	falcom219
c2:a4:76:28:e1:eb	2437	-85	0800	@Ruijie-s9599_iot
c0:a4:76:e8:e1:eb	2437	-83	0800	@Ruijie-s9599
50:78:b3:a3:c4:f4	2412	-82	0800	CU-C4F4
a4:ba:70:3a:61:31	2412	-81	0800	CU-C4F4_plus
24:69:68:38:77:70	2412	-81	0800	wlj
60:ce:41:46:0e:ec	2437	-81	0800	Kal'tsit
94:bf:80:7e:6f:c9	2427	-79	0800	CU_rfNY
bc:54:fc:36:e1:c2	2462	-75	0800	MERCURY_E1C2
60:ce:41:ab:02:d0	2462	-71	0800	Kal'tsit
60:ce:41:ab:02:d2	2462	-70	0800	STB_T4Zp
7c:39:85:2a:50:04	2462	-68	0800	Kal'tsit
nsh> [K
nsh> [K
ASSOCIATED_SCAN_ROUND=36 PASS
--- CMD: wapi scan wlan0 ---
wapi scan wlan0
[CPU0] esp_wifi_start_scan: S31 scan request: type=0 channel=0 country_ret=0 first=1 count=11
[CPU0] esp_event_post_wrapper: S31 scan event: status=0 aps=11 id=164
[CPU0] esp_event_post_wrapper: S31 Wi-Fi ISR calls: cpu0=8956 cpu1=0
[CPU0] esp_wifi_scan_event_parse: S31 scan count: ret=0 aps=11
bssid / frequency / signal level / encode / ssid
24:5a:5f:78:74:42	2462	-92	0800	falcom219
98:0d:51:96:33:54	2437	-87	0800	HDMRC
c2:a4:76:28:e1:eb	2437	-86	0800	@Ruijie-s9599_iot
24:69:68:38:77:70	2412	-83	0800	wlj
50:78:b3:a3:c4:f4	2412	-82	0800	CU-C4F4
a4:ba:70:3a:61:31	2412	-81	0800	CU-C4F4_plus
60:ce:41:46:0e:ec	2437	-81	0800	Kal'tsit
bc:54:fc:36:e1:c2	2462	-77	0800	MERCURY_E1C2
60:ce:41:ab:02:d2	2462	-76	0800	STB_T4Zp
60:ce:41:ab:02:d0	2462	-70	0800	Kal'tsit
7c:39:85:2a:50:04	2462	-68	0800	Kal'tsit
nsh> [K
nsh> [K
ASSOCIATED_SCAN_ROUND=37 PASS
--- CMD: wapi scan wlan0 ---
wapi scan wlan0
[CPU0] esp_wifi_start_scan: S31 scan request: type=0 channel=0 country_ret=0 first=1 count=11
[CPU0] esp_event_post_wrapper: S31 scan event: status=0 aps=15 id=165
[CPU0] esp_event_post_wrapper: S31 Wi-Fi ISR calls: cpu0=9127 cpu1=0
[CPU0] esp_wifi_scan_event_parse: S31 scan count: ret=0 aps=15
bssid / frequency / signal level / encode / ssid
ca:33:e5:01:ce:fc	2432	-88	0800	阳光
30:99:35:5e:4f:63	2432	-87	0800	CU_nhbU
a4:ba:70:be:df:fb	2412	-87	0800	20371506
68:dd:b7:77:db:38	2462	-86	0800	JSL
c2:a4:76:28:e1:eb	2437	-86	0800	@Ruijie-s9599_iot
90:7e:43:c9:d4:3c	2427	-85	0800	XXN3M
98:0d:51:96:33:54	2437	-85	0800	HDMRC
c0:a4:76:e8:e1:eb	2437	-84	0800	@Ruijie-s9599
50:78:b3:a3:c4:f4	2412	-82	0800	CU-C4F4
a4:ba:70:3a:61:31	2412	-81	0800	CU-C4F4_plus
94:bf:80:7e:6f:c9	2427	-78	0800	CU_rfNY
bc:54:fc:36:e1:c2	2462	-75	0800	MERCURY_E1C2
60:ce:41:46:0e:ec	2437	-72	0800	Kal'tsit
60:ce:41:ab:02:d0	2462	-70	0800	Kal'tsit
7c:39:85:2a:50:04	2462	-69	0800	Kal'tsit
nsh> [K
nsh> [K
ASSOCIATED_SCAN_ROUND=38 PASS
--- CMD: wapi scan wlan0 ---
wapi scan wlan0
[CPU0] esp_wifi_start_scan: S31 scan request: type=0 channel=0 country_ret=0 first=1 count=11
[CPU0] esp_event_post_wrapper: S31 scan event: status=0 aps=15 id=166
[CPU0] esp_event_post_wrapper: S31 Wi-Fi ISR calls: cpu0=9357 cpu1=0
[CPU0] esp_wifi_scan_event_parse: S31 scan count: ret=0 aps=15
bssid / frequency / signal level / encode / ssid
24:a6:5e:39:f3:f0	2457	-91	0800	1901
04:67:61:71:a9:9a	2412	-90	0800	Xiaomi_6A66
8c:de:f9:a0:3f:6c	2442	-89	0800	Xiaomi_DDB3
98:bb:99:0b:c8:d8	2432	-88	0800	ASUS_1502
c0:a4:76:e8:e1:eb	2437	-86	0800	@Ruijie-s9599
98:0d:51:96:33:54	2437	-85	0800	HDMRC
a4:ba:70:be:df:fb	2412	-85	0800	20371506
50:78:b3:a3:c4:f4	2412	-83	0800	CU-C4F4
94:bf:80:7e:6f:c9	2427	-81	0800	CU_rfNY
a4:ba:70:3a:61:31	2412	-80	0800	CU-C4F4_plus
bc:54:fc:36:e1:c2	2462	-75	0800	MERCURY_E1C2
60:ce:41:ab:02:d0	2462	-71	0800	Kal'tsit
60:ce:41:ab:02:d2	2462	-70	0800	STB_T4Zp
60:ce:41:46:0e:ec	2437	-70	0800	Kal'tsit
7c:39:85:2a:50:04	2462	-68	0800	Kal'tsit
nsh> [K
nsh> [K
ASSOCIATED_SCAN_ROUND=39 PASS
--- CMD: wapi scan wlan0 ---
wapi scan wlan0
[CPU0] esp_wifi_start_scan: S31 scan request: type=0 channel=0 country_ret=0 first=1 count=11
[CPU0] esp_event_post_wrapper: S31 scan event: status=0 aps=16 id=167
[CPU0] esp_event_post_wrapper: S31 Wi-Fi ISR calls: cpu0=9555 cpu1=0
[CPU0] esp_wifi_scan_event_parse: S31 scan count: ret=0 aps=16
bssid / frequency / signal level / encode / ssid
04:67:61:71:a9:9a	2412	-91	0800	Xiaomi_6A66
8c:de:f9:a0:3f:6c	2442	-90	0800	Xiaomi_DDB3
98:0d:51:96:33:54	2437	-89	0800	HDMRC
98:bb:99:0b:c8:d8	2432	-88	0800	ASUS_1502
0c:4b:54:16:c5:f5	2412	-88	0800	lcwx
c0:a4:76:e8:e1:eb	2437	-87	0800	@Ruijie-s9599
30:99:35:5e:4f:63	2432	-86	0800	CU_nhbU
c2:a4:76:28:e1:eb	2437	-84	0800	@Ruijie-s9599_iot
24:69:68:38:77:70	2412	-83	0800	wlj
50:78:b3:a3:c4:f4	2412	-82	0800	CU-C4F4
60:ce:41:46:0e:ec	2437	-81	0800	Kal'tsit
a4:ba:70:3a:61:31	2412	-80	0800	CU-C4F4_plus
bc:54:fc:36:e1:c2	2462	-79	0800	MERCURY_E1C2
60:ce:41:ab:02:d2	2462	-76	0800	STB_T4Zp
60:ce:41:ab:02:d0	2462	-70	0800	Kal'tsit
7c:39:85:2a:50:04	2462	-67	0800	Kal'tsit
nsh> [K
nsh> [K
ASSOCIATED_SCAN_ROUND=40 PASS
--- CMD: wapi scan wlan0 ---
wapi scan wlan0
[CPU0] esp_wifi_start_scan: S31 scan request: type=0 channel=0 country_ret=0 first=1 count=11
[CPU0] esp_event_post_wrapper: S31 scan event: status=0 aps=14 id=168
[CPU0] esp_event_post_wrapper: S31 Wi-Fi ISR calls: cpu0=9757 cpu1=0
[CPU0] esp_wifi_scan_event_parse: S31 scan count: ret=0 aps=14
bssid / frequency / signal level / encode / ssid
c0:a4:76:8e:95:9b	2462	-90	0800	@Ruijie-s9599
98:0d:51:96:33:54	2437	-88	0800	HDMRC
c2:a4:76:28:e1:eb	2437	-86	0800	@Ruijie-s9599_iot
a4:ba:70:be:df:fb	2412	-86	0800	20371506
90:7e:43:c9:d4:3c	2427	-85	0800	XXN3M
24:69:68:38:77:70	2412	-84	0800	wlj
50:78:b3:a3:c4:f4	2412	-82	0800	CU-C4F4
a4:ba:70:3a:61:31	2412	-81	0800	CU-C4F4_plus
94:bf:80:7e:6f:c9	2427	-79	0800	CU_rfNY
bc:54:fc:36:e1:c2	2462	-72	0800	MERCURY_E1C2
60:ce:41:46:0e:ec	2437	-71	0800	Kal'tsit
60:ce:41:ab:02:d2	2462	-70	0800	STB_T4Zp
60:ce:41:ab:02:d0	2462	-70	0800	Kal'tsit
7c:39:85:2a:50:04	2462	-67	0800	Kal'tsit
nsh> [K
nsh> [K
ASSOCIATED_SCAN_ROUND=41 PASS
--- CMD: wapi scan wlan0 ---
wapi scan wlan0
[CPU0] esp_wifi_start_scan: S31 scan request: type=0 channel=0 country_ret=0 first=1 count=11
[CPU0] esp_event_post_wrapper: S31 scan event: status=0 aps=11 id=169
[CPU0] esp_event_post_wrapper: S31 Wi-Fi ISR calls: cpu0=9995 cpu1=0
[CPU0] esp_wifi_scan_event_parse: S31 scan count: ret=0 aps=11
bssid / frequency / signal level / encode / ssid
98:0d:51:96:33:54	2437	-91	0800	HDMRC
98:bb:99:0b:c8:d8	2432	-89	0800	ASUS_1502
08:f4:58:ab:bf:e8	2437	-87	0800	HDMRC
c2:a4:76:28:e1:eb	2437	-85	0800	@Ruijie-s9599_iot
c0:a4:76:e8:e1:eb	2437	-83	0800	@Ruijie-s9599
50:78:b3:a3:c4:f4	2412	-82	0800	CU-C4F4
a4:ba:70:3a:61:31	2412	-81	0800	CU-C4F4_plus
60:ce:41:ab:02:d2	2462	-70	0800	STB_T4Zp
60:ce:41:ab:02:d0	2462	-70	0800	Kal'tsit
60:ce:41:46:0e:ec	2437	-70	0800	Kal'tsit
7c:39:85:2a:50:04	2462	-67	0800	Kal'tsit
nsh> [K
nsh> [K
ASSOCIATED_SCAN_ROUND=42 PASS
--- CMD: wapi scan wlan0 ---
wapi scan wlan0
[CPU0] esp_wifi_start_scan: S31 scan request: type=0 channel=0 country_ret=0 first=1 count=11
[CPU0] esp_event_post_wrapper: S31 scan event: status=0 aps=15 id=170
[CPU0] esp_event_post_wrapper: S31 Wi-Fi ISR calls: cpu0=10204 cpu1=0
[CPU0] esp_wifi_scan_event_parse: S31 scan count: ret=0 aps=15
bssid / frequency / signal level / encode / ssid
60:10:9e:e0:ae:2c	2417	-91	0800	HUAWEI-J
08:f4:58:ab:bf:e8	2437	-91	0800	HDMRC
8c:de:f9:a0:3f:6c	2442	-89	0800	Xiaomi_DDB3
68:dd:b7:77:db:38	2462	-87	0800	JSL
90:7e:43:c9:d4:3c	2427	-87	0800	XXN3M
c2:a4:76:28:e1:eb	2437	-86	0800	@Ruijie-s9599_iot
c0:a4:76:e8:e1:eb	2437	-85	0800	@Ruijie-s9599
24:69:68:38:77:70	2412	-84	0800	wlj
98:0d:51:96:33:54	2437	-84	0800	HDMRC
a4:ba:70:3a:61:31	2412	-82	0800	CU-C4F4_plus
94:bf:80:7e:6f:c9	2427	-79	0800	CU_rfNY
60:ce:41:ab:02:d0	2462	-71	0800	Kal'tsit
60:ce:41:ab:02:d2	2462	-70	0800	STB_T4Zp
60:ce:41:46:0e:ec	2437	-70	0800	Kal'tsit
7c:39:85:2a:50:04	2462	-68	0800	Kal'tsit
nsh> [K
nsh> [K
ASSOCIATED_SCAN_ROUND=43 PASS
--- CMD: wapi scan wlan0 ---
wapi scan wlan0
[CPU0] esp_wifi_start_scan: S31 scan request: type=0 channel=0 country_ret=0 first=1 count=11
[CPU0] esp_event_post_wrapper: S31 scan event: status=0 aps=13 id=171
[CPU0] esp_event_post_wrapper: S31 Wi-Fi ISR calls: cpu0=10445 cpu1=0
[CPU0] esp_wifi_scan_event_parse: S31 scan count: ret=0 aps=13
bssid / frequency / signal level / encode / ssid
d4:35:38:ac:49:ae	2412	-90	0800	Redmi_RMDX
b4:7c:a6:58:15:fe	2432	-88	0800	Home-Wireless
a4:ba:70:be:df:fb	2412	-87	0800	20371506
c0:a4:76:e8:e1:eb	2437	-86	0800	@Ruijie-s9599
c2:a4:76:28:e1:eb	2437	-84	0800	@Ruijie-s9599_iot
50:78:b3:a3:c4:f4	2412	-83	0800	CU-C4F4
24:69:68:38:77:70	2412	-82	0800	wlj
a4:ba:70:3a:61:31	2412	-82	0800	CU-C4F4_plus
bc:54:fc:36:e1:c2	2462	-77	0800	MERCURY_E1C2
60:ce:41:ab:02:d0	2462	-71	0800	Kal'tsit
60:ce:41:ab:02:d2	2462	-70	0800	STB_T4Zp
60:ce:41:46:0e:ec	2437	-70	0800	Kal'tsit
7c:39:85:2a:50:04	2462	-69	0800	Kal'tsit
nsh> [K
nsh> [K
ASSOCIATED_SCAN_ROUND=44 PASS
--- CMD: wapi scan wlan0 ---
wapi scan wlan0
[CPU0] esp_wifi_start_scan: S31 scan request: type=0 channel=0 country_ret=0 first=1 count=11
[CPU0] esp_event_post_wrapper: S31 scan event: status=0 aps=9 id=172
[CPU0] esp_event_post_wrapper: S31 Wi-Fi ISR calls: cpu0=10674 cpu1=0
[CPU0] esp_wifi_scan_event_parse: S31 scan count: ret=0 aps=9
bssid / frequency / signal level / encode / ssid
c2:a4:76:28:e1:eb	2437	-85	0800	@Ruijie-s9599_iot
c0:a4:76:e8:e1:eb	2437	-84	0800	@Ruijie-s9599
50:78:b3:a3:c4:f4	2412	-83	0800	CU-C4F4
24:69:68:38:77:70	2412	-83	0800	wlj
a4:ba:70:3a:61:31	2412	-81	0800	CU-C4F4_plus
60:ce:41:ab:02:d0	2462	-71	0800	Kal'tsit
60:ce:41:46:0e:ec	2437	-71	0800	Kal'tsit
60:ce:41:ab:02:d2	2462	-70	0800	STB_T4Zp
7c:39:85:2a:50:04	2462	-69	0800	Kal'tsit
nsh> [K
nsh> [K
ASSOCIATED_SCAN_ROUND=45 PASS
--- CMD: wapi scan wlan0 ---
wapi scan wlan0
[CPU0] esp_wifi_start_scan: S31 scan request: type=0 channel=0 country_ret=0 first=1 count=11
[CPU0] esp_event_post_wrapper: S31 scan event: status=0 aps=13 id=173
[CPU0] esp_event_post_wrapper: S31 Wi-Fi ISR calls: cpu0=10888 cpu1=0
[CPU0] esp_wifi_scan_event_parse: S31 scan count: ret=0 aps=13
bssid / frequency / signal level / encode / ssid
c0:a4:76:8e:95:9b	2462	-91	0800	@Ruijie-s9599
68:dd:b7:77:db:38	2462	-87	0800	JSL
98:0d:51:96:33:54	2437	-87	0800	HDMRC
c0:a4:76:e8:e1:eb	2437	-86	0800	@Ruijie-s9599
a4:ba:70:be:df:fb	2412	-85	0800	20371506
c2:a4:76:28:e1:eb	2437	-84	0800	@Ruijie-s9599_iot
a4:ba:70:3a:61:31	2412	-81	0800	CU-C4F4_plus
24:69:68:38:77:70	2412	-80	0800	wlj
bc:54:fc:36:e1:c2	2462	-77	0800	MERCURY_E1C2
60:ce:41:ab:02:d0	2462	-71	0800	Kal'tsit
60:ce:41:ab:02:d2	2462	-70	0800	STB_T4Zp
60:ce:41:46:0e:ec	2437	-70	0800	Kal'tsit
7c:39:85:2a:50:04	2462	-67	0800	Kal'tsit
nsh> [K
nsh> [K
ASSOCIATED_SCAN_ROUND=46 PASS
--- CMD: wapi scan wlan0 ---
wapi scan wlan0
[CPU0] esp_wifi_start_scan: S31 scan request: type=0 channel=0 country_ret=0 first=1 count=11
[CPU0] esp_event_post_wrapper: S31 scan event: status=0 aps=15 id=174
[CPU0] esp_event_post_wrapper: S31 Wi-Fi ISR calls: cpu0=11059 cpu1=0
[CPU0] esp_wifi_scan_event_parse: S31 scan count: ret=0 aps=15
bssid / frequency / signal level / encode / ssid
8c:de:f9:a0:3f:6c	2442	-91	0800	Xiaomi_DDB3
98:0d:51:96:33:54	2437	-88	0800	HDMRC
30:99:35:5e:4f:63	2432	-87	0800	CU_nhbU
a4:ba:70:be:df:fb	2412	-85	0800	20371506
c2:a4:76:28:e1:eb	2437	-85	0800	@Ruijie-s9599_iot
c0:a4:76:e8:e1:eb	2437	-85	0800	@Ruijie-s9599
24:69:68:38:77:70	2412	-83	0800	wlj
a4:ba:70:3a:61:31	2412	-82	0800	CU-C4F4_plus
50:78:b3:a3:c4:f4	2412	-82	0800	CU-C4F4
60:ce:41:46:0e:ec	2437	-81	0800	Kal'tsit
94:bf:80:7e:6f:c9	2427	-80	0800	CU_rfNY
bc:54:fc:36:e1:c2	2462	-79	0800	MERCURY_E1C2
60:ce:41:ab:02:d0	2462	-71	0800	Kal'tsit
60:ce:41:ab:02:d2	2462	-70	0800	STB_T4Zp
7c:39:85:2a:50:04	2462	-69	0800	Kal'tsit
nsh> [K
nsh> [K
ASSOCIATED_SCAN_ROUND=47 PASS
--- CMD: wapi scan wlan0 ---
wapi scan wlan0
[CPU0] esp_wifi_start_scan: S31 scan request: type=0 channel=0 country_ret=0 first=1 count=11
[CPU0] esp_event_post_wrapper: S31 scan event: status=0 aps=12 id=175
[CPU0] esp_event_post_wrapper: S31 Wi-Fi ISR calls: cpu0=11239 cpu1=0
[CPU0] esp_wifi_scan_event_parse: S31 scan count: ret=0 aps=12
bssid / frequency / signal level / encode / ssid
30:99:35:5e:4f:63	2432	-87	0800	CU_nhbU
c0:a4:76:e8:e1:eb	2437	-86	0800	@Ruijie-s9599
a4:ba:70:be:df:fb	2412	-85	0800	20371506
c2:a4:76:28:e1:eb	2437	-84	0800	@Ruijie-s9599_iot
24:69:68:38:77:70	2412	-83	0800	wlj
50:78:b3:a3:c4:f4	2412	-82	0800	CU-C4F4
a4:ba:70:3a:61:31	2412	-81	0800	CU-C4F4_plus
bc:54:fc:36:e1:c2	2462	-77	0800	MERCURY_E1C2
60:ce:41:46:0e:ec	2437	-72	0800	Kal'tsit
60:ce:41:ab:02:d2	2462	-70	0800	STB_T4Zp
60:ce:41:ab:02:d0	2462	-70	0800	Kal'tsit
7c:39:85:2a:50:04	2462	-68	0800	Kal'tsit
nsh> [K
nsh> [K
ASSOCIATED_SCAN_ROUND=48 PASS
--- CMD: wapi scan wlan0 ---
wapi scan wlan0
[CPU0] esp_wifi_start_scan: S31 scan request: type=0 channel=0 country_ret=0 first=1 count=11
[CPU0] esp_event_post_wrapper: S31 scan event: status=0 aps=14 id=176
[CPU0] esp_event_post_wrapper: S31 Wi-Fi ISR calls: cpu0=11498 cpu1=0
[CPU0] esp_wifi_scan_event_parse: S31 scan count: ret=0 aps=14
bssid / frequency / signal level / encode / ssid
c0:a4:76:8e:95:9b	2462	-91	0800	@Ruijie-s9599
98:bb:99:0b:c8:d8	2432	-88	0800	ASUS_1502
a4:ba:70:be:df:fb	2412	-86	0800	20371506
68:dd:b7:77:db:38	2462	-85	0800	JSL
c2:a4:76:28:e1:eb	2437	-84	0800	@Ruijie-s9599_iot
c0:a4:76:e8:e1:eb	2437	-84	0800	@Ruijie-s9599
24:69:68:38:77:70	2412	-83	0800	wlj
50:78:b3:a3:c4:f4	2412	-81	0800	CU-C4F4
a4:ba:70:3a:61:31	2412	-81	0800	CU-C4F4_plus
bc:54:fc:36:e1:c2	2462	-76	0800	MERCURY_E1C2
60:ce:41:46:0e:ec	2437	-72	0800	Kal'tsit
60:ce:41:ab:02:d0	2462	-71	0800	Kal'tsit
60:ce:41:ab:02:d2	2462	-70	0800	STB_T4Zp
7c:39:85:2a:50:04	2462	-68	0800	Kal'tsit
nsh> [K
nsh> [K
ASSOCIATED_SCAN_ROUND=49 PASS
--- CMD: wapi scan wlan0 ---
wapi scan wlan0
[CPU0] esp_wifi_start_scan: S31 scan request: type=0 channel=0 country_ret=0 first=1 count=11
[CPU0] esp_event_post_wrapper: S31 scan event: status=0 aps=16 id=177
[CPU0] esp_event_post_wrapper: S31 Wi-Fi ISR calls: cpu0=11697 cpu1=0
[CPU0] esp_wifi_scan_event_parse: S31 scan count: ret=0 aps=16
bssid / frequency / signal level / encode / ssid
24:5a:5f:78:74:42	2462	-92	0800	falcom219
30:99:35:5e:4f:63	2432	-87	0800	CU_nhbU
68:dd:b7:77:db:38	2462	-86	0800	JSL
90:7e:43:c9:d4:3c	2427	-86	0800	XXN3M
98:0d:51:96:33:54	2437	-86	0800	HDMRC
c0:a4:76:e8:e1:eb	2437	-85	0800	@Ruijie-s9599
c2:a4:76:28:e1:eb	2437	-84	0800	@Ruijie-s9599_iot
24:69:68:38:77:70	2412	-83	0800	wlj
a4:ba:70:3a:61:31	2412	-81	0800	CU-C4F4_plus
50:78:b3:a3:c4:f4	2412	-80	0800	CU-C4F4
60:ce:41:46:0e:ec	2437	-80	0800	Kal'tsit
94:bf:80:7e:6f:c9	2427	-79	0800	CU_rfNY
60:ce:41:ab:02:d2	2462	-77	0800	STB_T4Zp
bc:54:fc:36:e1:c2	2462	-75	0800	MERCURY_E1C2
60:ce:41:ab:02:d0	2462	-70	0800	Kal'tsit
7c:39:85:2a:50:04	2462	-69	0800	Kal'tsit
nsh> [K
nsh> [K
ASSOCIATED_SCAN_ROUND=50 PASS
--- CMD: wapi scan wlan0 ---
wapi scan wlan0
[CPU0] esp_wifi_start_scan: S31 scan request: type=0 channel=0 country_ret=0 first=1 count=11
[CPU0] esp_event_post_wrapper: S31 scan event: status=0 aps=14 id=178
[CPU0] esp_event_post_wrapper: S31 Wi-Fi ISR calls: cpu0=11877 cpu1=0
[CPU0] esp_wifi_scan_event_parse: S31 scan count: ret=0 aps=14
bssid / frequency / signal level / encode / ssid
c0:a4:76:8e:95:9b	2462	-91	0800	@Ruijie-s9599
98:0d:51:96:33:54	2437	-90	0800	HDMRC
08:f4:58:ab:bf:e8	2437	-89	0800	HDMRC
8c:de:f9:a0:3f:6c	2442	-88	0800	Xiaomi_DDB3
68:dd:b7:77:db:38	2462	-85	0800	JSL
c2:a4:76:28:e1:eb	2437	-85	0800	@Ruijie-s9599_iot
c0:a4:76:e8:e1:eb	2437	-83	0800	@Ruijie-s9599
50:78:b3:a3:c4:f4	2412	-82	0800	CU-C4F4
a4:ba:70:3a:61:31	2412	-81	0800	CU-C4F4_plus
bc:54:fc:36:e1:c2	2462	-76	0800	MERCURY_E1C2
60:ce:41:46:0e:ec	2437	-72	0800	Kal'tsit
60:ce:41:ab:02:d0	2462	-70	0800	Kal'tsit
60:ce:41:ab:02:d2	2462	-69	0800	STB_T4Zp
7c:39:85:2a:50:04	2462	-68	0800	Kal'tsit
nsh> [K
nsh> [K
ASSOCIATED_SCAN_ROUND=51 PASS
--- CMD: wapi scan wlan0 ---
wapi scan wlan0
[CPU0] esp_wifi_start_scan: S31 scan request: type=0 channel=0 country_ret=0 first=1 count=11
[CPU0] esp_event_post_wrapper: S31 scan event: status=0 aps=13 id=179
[CPU0] esp_event_post_wrapper: S31 Wi-Fi ISR calls: cpu0=12082 cpu1=0
[CPU0] esp_wifi_scan_event_parse: S31 scan count: ret=0 aps=13
bssid / frequency / signal level / encode / ssid
24:5a:5f:78:74:42	2462	-91	0800	falcom219
8c:de:f9:a0:3f:6c	2442	-90	0800	Xiaomi_DDB3
98:0d:51:96:33:54	2437	-87	0800	HDMRC
60:ce:41:ab:02:d2	2462	-86	0800	STB_T4Zp
68:dd:b7:77:db:38	2462	-85	0800	JSL
c2:a4:76:28:e1:eb	2437	-85	0800	@Ruijie-s9599_iot
c0:a4:76:e8:e1:eb	2437	-84	0800	@Ruijie-s9599
a4:ba:70:3a:61:31	2412	-82	0800	CU-C4F4_plus
94:bf:80:7e:6f:c9	2427	-80	0800	CU_rfNY
bc:54:fc:36:e1:c2	2462	-74	0800	MERCURY_E1C2
60:ce:41:ab:02:d0	2462	-69	0800	Kal'tsit
60:ce:41:46:0e:ec	2437	-69	0800	Kal'tsit
7c:39:85:2a:50:04	2462	-67	0800	Kal'tsit
nsh> [K
nsh> [K
ASSOCIATED_SCAN_ROUND=52 PASS
--- CMD: wapi scan wlan0 ---
wapi scan wlan0
[CPU0] esp_wifi_start_scan: S31 scan request: type=0 channel=0 country_ret=0 first=1 count=11
[CPU0] esp_event_post_wrapper: S31 scan event: status=0 aps=10 id=180
[CPU0] esp_event_post_wrapper: S31 Wi-Fi ISR calls: cpu0=12287 cpu1=0
[CPU0] esp_wifi_scan_event_parse: S31 scan count: ret=0 aps=10
bssid / frequency / signal level / encode / ssid
f4:2a:7d:d3:d2:95	2437	-91	0800	TP-LINK_1903
c2:a4:76:28:e1:eb	2437	-85	0800	@Ruijie-s9599_iot
98:0d:51:96:33:54	2437	-85	0800	HDMRC
c0:a4:76:e8:e1:eb	2437	-84	0800	@Ruijie-s9599
a4:ba:70:3a:61:31	2412	-82	0800	CU-C4F4_plus
bc:54:fc:36:e1:c2	2462	-76	0800	MERCURY_E1C2
60:ce:41:ab:02:d2	2462	-76	0800	STB_T4Zp
60:ce:41:46:0e:ec	2437	-71	0800	Kal'tsit
60:ce:41:ab:02:d0	2462	-69	0800	Kal'tsit
7c:39:85:2a:50:04	2462	-69	0800	Kal'tsit
nsh> [K
nsh> [K
ASSOCIATED_SCAN_ROUND=53 PASS
--- CMD: wapi scan wlan0 ---
wapi scan wlan0
[CPU0] esp_wifi_start_scan: S31 scan request: type=0 channel=0 country_ret=0 first=1 count=11
[CPU0] esp_event_post_wrapper: S31 scan event: status=0 aps=12 id=181
[CPU0] esp_event_post_wrapper: S31 Wi-Fi ISR calls: cpu0=12490 cpu1=0
[CPU0] esp_wifi_scan_event_parse: S31 scan count: ret=0 aps=12
bssid / frequency / signal level / encode / ssid
8c:de:f9:a0:3f:6c	2442	-89	0800	Xiaomi_DDB3
98:0d:51:96:33:54	2437	-86	0800	HDMRC
24:69:68:38:77:70	2412	-85	0800	wlj
50:78:b3:a3:c4:f4	2412	-84	0800	CU-C4F4
c2:a4:76:28:e1:eb	2437	-84	0800	@Ruijie-s9599_iot
c0:a4:76:e8:e1:eb	2437	-83	0800	@Ruijie-s9599
a4:ba:70:3a:61:31	2412	-81	0800	CU-C4F4_plus
bc:54:fc:36:e1:c2	2462	-76	0800	MERCURY_E1C2
60:ce:41:ab:02:d2	2462	-75	0800	STB_T4Zp
7c:39:85:2a:50:04	2462	-69	0800	Kal'tsit
60:ce:41:46:0e:ec	2437	-69	0800	Kal'tsit
60:ce:41:ab:02:d0	2462	-66	0800	Kal'tsit
nsh> [K
nsh> [K
ASSOCIATED_SCAN_ROUND=54 PASS
--- CMD: wapi scan wlan0 ---
wapi scan wlan0
[CPU0] esp_wifi_start_scan: S31 scan request: type=0 channel=0 country_ret=0 first=1 count=11
[CPU0] esp_event_post_wrapper: S31 scan event: status=0 aps=14 id=182
[CPU0] esp_event_post_wrapper: S31 Wi-Fi ISR calls: cpu0=12664 cpu1=0
[CPU0] esp_wifi_scan_event_parse: S31 scan count: ret=0 aps=14
bssid / frequency / signal level / encode / ssid
08:f4:58:ab:bf:e8	2437	-89	0800	HDMRC
68:dd:b7:77:db:38	2462	-87	0800	JSL
98:0d:51:96:33:54	2437	-86	0800	HDMRC
c0:a4:76:e8:e1:eb	2437	-85	0800	@Ruijie-s9599
c2:a4:76:28:e1:eb	2437	-85	0800	@Ruijie-s9599_iot
24:69:68:38:77:70	2412	-83	0800	wlj
a4:ba:70:3a:61:31	2412	-81	0800	CU-C4F4_plus
50:78:b3:a3:c4:f4	2412	-80	0800	CU-C4F4
94:bf:80:7e:6f:c9	2427	-79	0800	CU_rfNY
bc:54:fc:36:e1:c2	2462	-76	0800	MERCURY_E1C2
60:ce:41:ab:02:d0	2462	-71	0800	Kal'tsit
60:ce:41:ab:02:d2	2462	-70	0800	STB_T4Zp
60:ce:41:46:0e:ec	2437	-70	0800	Kal'tsit
7c:39:85:2a:50:04	2462	-69	0800	Kal'tsit
nsh> [K
nsh> [K
ASSOCIATED_SCAN_ROUND=55 PASS
--- CMD: wapi scan wlan0 ---
wapi scan wlan0
[CPU0] esp_wifi_start_scan: S31 scan request: type=0 channel=0 country_ret=0 first=1 count=11
[CPU0] esp_event_post_wrapper: S31 scan event: status=0 aps=15 id=183
[CPU0] esp_event_post_wrapper: S31 Wi-Fi ISR calls: cpu0=12880 cpu1=0
[CPU0] esp_wifi_scan_event_parse: S31 scan count: ret=0 aps=15
bssid / frequency / signal level / encode / ssid
c0:a4:76:8e:95:9b	2462	-92	0800	@Ruijie-s9599
04:67:61:71:a9:9a	2412	-92	0800	Xiaomi_6A66
24:5a:5f:78:74:42	2462	-89	0800	falcom219
8c:de:f9:a0:3f:6c	2442	-88	0800	Xiaomi_DDB3
98:0d:51:96:33:54	2437	-88	0800	HDMRC
68:dd:b7:77:db:38	2462	-86	0800	JSL
c2:a4:76:28:e1:eb	2437	-86	0800	@Ruijie-s9599_iot
50:78:b3:a3:c4:f4	2412	-83	0800	CU-C4F4
94:bf:80:7e:6f:c9	2427	-81	0800	CU_rfNY
a4:ba:70:3a:61:31	2412	-81	0800	CU-C4F4_plus
60:ce:41:46:0e:ec	2437	-81	0800	Kal'tsit
bc:54:fc:36:e1:c2	2462	-77	0800	MERCURY_E1C2
60:ce:41:ab:02:d2	2462	-76	0800	STB_T4Zp
60:ce:41:ab:02:d0	2462	-70	0800	Kal'tsit
7c:39:85:2a:50:04	2462	-65	0800	Kal'tsit
nsh> [K
nsh> [K
ASSOCIATED_SCAN_ROUND=56 PASS
--- CMD: wapi scan wlan0 ---
wapi scan wlan0
[CPU0] esp_wifi_start_scan: S31 scan request: type=0 channel=0 country_ret=0 first=1 count=11
[CPU0] esp_event_post_wrapper: S31 scan event: status=0 aps=13 id=184
[CPU0] esp_event_post_wrapper: S31 Wi-Fi ISR calls: cpu0=13094 cpu1=0
[CPU0] esp_wifi_scan_event_parse: S31 scan count: ret=0 aps=13
bssid / frequency / signal level / encode / ssid
d4:35:38:ac:49:ae	2412	-90	0800	Redmi_RMDX
98:0d:51:96:33:54	2437	-86	0800	HDMRC
c2:a4:76:28:e1:eb	2437	-86	0800	@Ruijie-s9599_iot
24:69:68:38:77:70	2412	-85	0800	wlj
a4:ba:70:be:df:fb	2412	-85	0800	20371506
c0:a4:76:e8:e1:eb	2437	-85	0800	@Ruijie-s9599
68:dd:b7:77:db:38	2462	-84	0800	JSL
a4:ba:70:3a:61:31	2412	-81	0800	CU-C4F4_plus
60:ce:41:46:0e:ec	2437	-80	0800	Kal'tsit
bc:54:fc:36:e1:c2	2462	-78	0800	MERCURY_E1C2
60:ce:41:ab:02:d2	2462	-76	0800	STB_T4Zp
60:ce:41:ab:02:d0	2462	-70	0800	Kal'tsit
7c:39:85:2a:50:04	2462	-65	0800	Kal'tsit
nsh> [K
nsh> [K
ASSOCIATED_SCAN_ROUND=57 PASS
--- CMD: wapi scan wlan0 ---
wapi scan wlan0
[CPU0] esp_wifi_start_scan: S31 scan request: type=0 channel=0 country_ret=0 first=1 count=11
[CPU0] esp_event_post_wrapper: S31 scan event: status=0 aps=14 id=185
[CPU0] esp_event_post_wrapper: S31 Wi-Fi ISR calls: cpu0=13301 cpu1=0
[CPU0] esp_wifi_scan_event_parse: S31 scan count: ret=0 aps=14
bssid / frequency / signal level / encode / ssid
8c:de:f9:a0:3f:6c	2442	-89	0800	Xiaomi_DDB3
a4:ba:70:be:df:fb	2412	-88	0800	20371506
68:dd:b7:77:db:38	2462	-87	0800	JSL
90:7e:43:c9:d4:3c	2427	-84	0800	XXN3M
50:78:b3:a3:c4:f4	2412	-84	0800	CU-C4F4
c2:a4:76:28:e1:eb	2437	-84	0800	@Ruijie-s9599_iot
c0:a4:76:e8:e1:eb	2437	-84	0800	@Ruijie-s9599
24:69:68:38:77:70	2412	-83	0800	wlj
a4:ba:70:3a:61:31	2412	-81	0800	CU-C4F4_plus
60:ce:41:46:0e:ec	2437	-80	0800	Kal'tsit
bc:54:fc:36:e1:c2	2462	-76	0800	MERCURY_E1C2
60:ce:41:ab:02:d0	2462	-71	0800	Kal'tsit
60:ce:41:ab:02:d2	2462	-70	0800	STB_T4Zp
7c:39:85:2a:50:04	2462	-69	0800	Kal'tsit
nsh> [K
nsh> [K
ASSOCIATED_SCAN_ROUND=58 PASS
--- CMD: wapi scan wlan0 ---
wapi scan wlan0
[CPU0] esp_wifi_start_scan: S31 scan request: type=0 channel=0 country_ret=0 first=1 count=11
[CPU0] esp_event_post_wrapper: S31 scan event: status=0 aps=16 id=186
[CPU0] esp_event_post_wrapper: S31 Wi-Fi ISR calls: cpu0=13546 cpu1=0
[CPU0] esp_wifi_scan_event_parse: S31 scan count: ret=0 aps=16
bssid / frequency / signal level / encode / ssid
8c:de:f9:a0:3f:6c	2442	-89	0800	Xiaomi_DDB3
98:0d:51:96:33:54	2437	-89	0800	HDMRC
d8:31:39:80:18:b0	2457	-88	0800	CU_9wN9
b4:7c:a6:58:15:fe	2432	-86	0800	Home-Wireless
a4:ba:70:be:df:fb	2412	-86	0800	20371506
c2:a4:76:28:e1:eb	2437	-86	0800	@Ruijie-s9599_iot
68:dd:b7:77:db:38	2462	-85	0800	JSL
c0:a4:76:e8:e1:eb	2437	-84	0800	@Ruijie-s9599
24:69:68:38:77:70	2412	-83	0800	wlj
50:78:b3:a3:c4:f4	2412	-82	0800	CU-C4F4
a4:ba:70:3a:61:31	2412	-82	0800	CU-C4F4_plus
94:bf:80:7e:6f:c9	2427	-80	0800	CU_rfNY
60:ce:41:ab:02:d2	2462	-76	0800	STB_T4Zp
60:ce:41:ab:02:d0	2462	-70	0800	Kal'tsit
60:ce:41:46:0e:ec	2437	-70	0800	Kal'tsit
7c:39:85:2a:50:04	2462	-65	0800	Kal'tsit
nsh> [K
nsh> [K
ASSOCIATED_SCAN_ROUND=59 PASS
--- CMD: wapi scan wlan0 ---
wapi scan wlan0
[CPU1] esp_wifi_start_scan: S31 scan request: type=0 channel=0 country_ret=0 first=1 count=11
[CPU0] esp_event_post_wrapper: S31 scan event: status=0 aps=9 id=187
[CPU0] esp_event_post_wrapper: S31 Wi-Fi ISR calls: cpu0=13743 cpu1=0
[CPU0] esp_wifi_scan_event_parse: S31 scan count: ret=0 aps=9
bssid / frequency / signal level / encode / ssid
60:ce:41:ab:02:d2	2462	-85	0800	STB_T4Zp
c0:a4:76:e8:e1:eb	2437	-85	0800	@Ruijie-s9599
c2:a4:76:28:e1:eb	2437	-84	0800	@Ruijie-s9599_iot
50:78:b3:a3:c4:f4	2412	-83	0800	CU-C4F4
a4:ba:70:3a:61:31	2412	-82	0800	CU-C4F4_plus
bc:54:fc:36:e1:c2	2462	-75	0800	MERCURY_E1C2
60:ce:41:ab:02:d0	2462	-70	0800	Kal'tsit
7c:39:85:2a:50:04	2462	-69	0800	Kal'tsit
60:ce:41:46:0e:ec	2437	-69	0800	Kal'tsit
nsh> [K
nsh> [K
ASSOCIATED_SCAN_ROUND=60 PASS
--- CMD: wapi scan wlan0 ---
wapi scan wlan0
[CPU0] esp_wifi_start_scan: S31 scan request: type=0 channel=0 country_ret=0 first=1 count=11
[CPU0] esp_event_post_wrapper: S31 scan event: status=0 aps=11 id=188
[CPU0] esp_event_post_wrapper: S31 Wi-Fi ISR calls: cpu0=13992 cpu1=0
[CPU0] esp_wifi_scan_event_parse: S31 scan count: ret=0 aps=11
bssid / frequency / signal level / encode / ssid
08:f4:58:ab:bf:e8	2437	-90	0800	HDMRC
98:0d:51:96:33:54	2437	-88	0800	HDMRC
c2:a4:76:28:e1:eb	2437	-85	0800	@Ruijie-s9599_iot
c0:a4:76:e8:e1:eb	2437	-84	0800	@Ruijie-s9599
a4:ba:70:3a:61:31	2412	-81	0800	CU-C4F4_plus
94:bf:80:7e:6f:c9	2427	-80	0800	CU_rfNY
60:ce:41:46:0e:ec	2437	-80	0800	Kal'tsit
60:ce:41:ab:02:d2	2462	-77	0800	STB_T4Zp
bc:54:fc:36:e1:c2	2462	-76	0800	MERCURY_E1C2
60:ce:41:ab:02:d0	2462	-70	0800	Kal'tsit
7c:39:85:2a:50:04	2462	-69	0800	Kal'tsit
nsh> [K
nsh> [K
ASSOCIATED_SCAN_ROUND=61 PASS
--- CMD: wapi scan wlan0 ---
wapi scan wlan0
[CPU0] esp_wifi_start_scan: S31 scan request: type=0 channel=0 country_ret=0 first=1 count=11
[CPU0] esp_event_post_wrapper: S31 scan event: status=0 aps=14 id=189
[CPU0] esp_event_post_wrapper: S31 Wi-Fi ISR calls: cpu0=14189 cpu1=0
[CPU0] esp_wifi_scan_event_parse: S31 scan count: ret=0 aps=14
bssid / frequency / signal level / encode / ssid
8c:de:f9:a0:3f:6c	2442	-90	0800	Xiaomi_DDB3
98:0d:51:96:33:54	2437	-88	0800	HDMRC
a4:ba:70:be:df:fb	2412	-87	0800	20371506
ca:33:e5:05:fe:88	2432	-86	0800	阳光
68:dd:b7:77:db:38	2462	-85	0800	JSL
c2:a4:76:28:e1:eb	2437	-85	0800	@Ruijie-s9599_iot
c0:a4:76:e8:e1:eb	2437	-85	0800	@Ruijie-s9599
24:69:68:38:77:70	2412	-83	0800	wlj
a4:ba:70:3a:61:31	2412	-82	0800	CU-C4F4_plus
50:78:b3:a3:c4:f4	2412	-81	0800	CU-C4F4
60:ce:41:46:0e:ec	2437	-80	0800	Kal'tsit
bc:54:fc:36:e1:c2	2462	-79	0800	MERCURY_E1C2
60:ce:41:ab:02:d0	2462	-71	0800	Kal'tsit
7c:39:85:2a:50:04	2462	-67	0800	Kal'tsit
nsh> [K
nsh> [K
ASSOCIATED_SCAN_ROUND=62 PASS
--- CMD: wapi scan wlan0 ---
wapi scan wlan0
[CPU0] esp_wifi_start_scan: S31 scan request: type=0 channel=0 country_ret=0 first=1 count=11
[CPU0] esp_event_post_wrapper: S31 scan event: status=0 aps=12 id=190
[CPU0] esp_event_post_wrapper: S31 Wi-Fi ISR calls: cpu0=14413 cpu1=0
[CPU0] esp_wifi_scan_event_parse: S31 scan count: ret=0 aps=12
bssid / frequency / signal level / encode / ssid
8c:de:f9:a0:3f:6c	2442	-90	0800	Xiaomi_DDB3
60:10:9e:e0:ae:2c	2417	-89	0800	HUAWEI-J
98:0d:51:96:33:54	2437	-88	0800	HDMRC
c0:a4:76:e8:e1:eb	2437	-85	0800	@Ruijie-s9599
24:69:68:38:77:70	2412	-84	0800	wlj
c2:a4:76:28:e1:eb	2437	-84	0800	@Ruijie-s9599_iot
a4:ba:70:3a:61:31	2412	-82	0800	CU-C4F4_plus
94:bf:80:7e:6f:c9	2427	-79	0800	CU_rfNY
bc:54:fc:36:e1:c2	2462	-76	0800	MERCURY_E1C2
60:ce:41:46:0e:ec	2437	-72	0800	Kal'tsit
60:ce:41:ab:02:d2	2462	-70	0800	STB_T4Zp
60:ce:41:ab:02:d0	2462	-70	0800	Kal'tsit
nsh> [K
nsh> [K
ASSOCIATED_SCAN_ROUND=63 PASS
--- CMD: wapi scan wlan0 ---
wapi scan wlan0
[CPU1] esp_wifi_start_scan: S31 scan request: type=0 channel=0 country_ret=0 first=1 count=11
[CPU0] esp_event_post_wrapper: S31 scan event: status=0 aps=12 id=191
[CPU0] esp_event_post_wrapper: S31 Wi-Fi ISR calls: cpu0=14577 cpu1=0
[CPU0] esp_wifi_scan_event_parse: S31 scan count: ret=0 aps=12
bssid / frequency / signal level / encode / ssid
c2:a4:76:28:e1:eb	2437	-87	0800	@Ruijie-s9599_iot
98:0d:51:96:33:54	2437	-87	0800	HDMRC
68:dd:b7:77:db:38	2462	-85	0800	JSL
c0:a4:76:e8:e1:eb	2437	-85	0800	@Ruijie-s9599
50:78:b3:a3:c4:f4	2412	-83	0800	CU-C4F4
a4:ba:70:3a:61:31	2412	-82	0800	CU-C4F4_plus
94:bf:80:7e:6f:c9	2427	-78	0800	CU_rfNY
bc:54:fc:36:e1:c2	2462	-73	0800	MERCURY_E1C2
60:ce:41:46:0e:ec	2437	-73	0800	Kal'tsit
60:ce:41:ab:02:d2	2462	-70	0800	STB_T4Zp
60:ce:41:ab:02:d0	2462	-70	0800	Kal'tsit
7c:39:85:2a:50:04	2462	-67	0800	Kal'tsit
nsh> [K
nsh> [K
ASSOCIATED_SCAN_ROUND=64 PASS
--- CMD: wapi scan wlan0 ---
wapi scan wlan0
[CPU0] esp_wifi_start_scan: S31 scan request: type=0 channel=0 country_ret=0 first=1 count=11
[CPU0] esp_event_post_wrapper: S31 scan event: status=0 aps=11 id=192
[CPU0] esp_event_post_wrapper: S31 Wi-Fi ISR calls: cpu0=14803 cpu1=0
[CPU0] esp_wifi_scan_event_parse: S31 scan count: ret=0 aps=11
bssid / frequency / signal level / encode / ssid
c0:a4:76:8e:95:9b	2462	-91	0800	@Ruijie-s9599
24:5a:5f:78:74:42	2462	-88	0800	falcom219
30:99:35:5e:4f:63	2432	-87	0800	CU_nhbU
c0:a4:76:e8:e1:eb	2437	-85	0800	@Ruijie-s9599
c2:a4:76:28:e1:eb	2437	-84	0800	@Ruijie-s9599_iot
60:ce:41:46:0e:ec	2437	-82	0800	Kal'tsit
a4:ba:70:3a:61:31	2412	-81	0800	CU-C4F4_plus
50:78:b3:a3:c4:f4	2412	-79	0800	CU-C4F4
60:ce:41:ab:02:d0	2462	-71	0800	Kal'tsit
60:ce:41:ab:02:d2	2462	-69	0800	STB_T4Zp
7c:39:85:2a:50:04	2462	-68	0800	Kal'tsit
nsh> [K
nsh> [K
ASSOCIATED_SCAN_ROUND=65 PASS
--- CMD: wapi scan wlan0 ---
wapi scan wlan0
[CPU1] esp_wifi_start_scan: S31 scan request: type=0 channel=0 country_ret=0 first=1 count=11
[CPU0] esp_event_post_wrapper: S31 scan event: status=0 aps=16 id=193
[CPU0] esp_event_post_wrapper: S31 Wi-Fi ISR calls: cpu0=15014 cpu1=0
[CPU0] esp_wifi_scan_event_parse: S31 scan count: ret=0 aps=16
bssid / frequency / signal level / encode / ssid
c0:a4:76:8e:95:9b	2462	-92	0800	@Ruijie-s9599
0c:4b:54:16:c5:f5	2412	-90	0800	lcwx
98:0d:51:96:33:54	2437	-88	0800	HDMRC
a4:ba:70:be:df:fb	2412	-88	0800	20371506
c0:a4:76:e8:e1:eb	2437	-86	0800	@Ruijie-s9599
c4:16:c8:5a:e5:6c	2462	-85	0800	HUAWEI-J
24:69:68:38:77:70	2412	-85	0800	wlj
90:7e:43:c9:d4:3c	2427	-84	0800	XXN3M
c2:a4:76:28:e1:eb	2437	-84	0800	@Ruijie-s9599_iot
50:78:b3:a3:c4:f4	2412	-80	0800	CU-C4F4
bc:54:fc:36:e1:c2	2462	-78	0800	MERCURY_E1C2
94:bf:80:7e:6f:c9	2427	-77	0800	CU_rfNY
60:ce:41:ab:02:d2	2462	-76	0800	STB_T4Zp
60:ce:41:ab:02:d0	2462	-70	0800	Kal'tsit
60:ce:41:46:0e:ec	2437	-69	0800	Kal'tsit
7c:39:85:2a:50:04	2462	-67	0800	Kal'tsit
nsh> [K
nsh> [K
ASSOCIATED_SCAN_ROUND=66 PASS
--- CMD: wapi scan wlan0 ---
wapi scan wlan0
[CPU0] esp_wifi_start_scan: S31 scan request: type=0 channel=0 country_ret=0 first=1 count=11
[CPU0] esp_event_post_wrapper: S31 scan event: status=0 aps=16 id=194
[CPU0] esp_event_post_wrapper: S31 Wi-Fi ISR calls: cpu0=15221 cpu1=0
[CPU0] esp_wifi_scan_event_parse: S31 scan count: ret=0 aps=16
bssid / frequency / signal level / encode / ssid
24:5a:5f:78:74:42	2462	-94	0800	falcom219
8c:de:f9:a0:3f:6c	2442	-90	0800	Xiaomi_DDB3
98:0d:51:96:33:54	2437	-88	0800	HDMRC
30:99:35:5e:4f:63	2432	-87	0800	CU_nhbU
a4:ba:70:be:df:fb	2412	-86	0800	20371506
c2:a4:76:28:e1:eb	2437	-86	0800	@Ruijie-s9599_iot
c0:a4:76:e8:e1:eb	2437	-85	0800	@Ruijie-s9599
24:69:68:38:77:70	2412	-84	0800	wlj
50:78:b3:a3:c4:f4	2412	-83	0800	CU-C4F4
94:bf:80:7e:6f:c9	2427	-82	0800	CU_rfNY
a4:ba:70:3a:61:31	2412	-81	0800	CU-C4F4_plus
bc:54:fc:36:e1:c2	2462	-75	0800	MERCURY_E1C2
60:ce:41:46:0e:ec	2437	-72	0800	Kal'tsit
60:ce:41:ab:02:d2	2462	-69	0800	STB_T4Zp
60:ce:41:ab:02:d0	2462	-68	0800	Kal'tsit
7c:39:85:2a:50:04	2462	-67	0800	Kal'tsit
nsh> [K
nsh> [K
ASSOCIATED_SCAN_ROUND=67 PASS
--- CMD: wapi scan wlan0 ---
wapi scan wlan0
[CPU0] esp_wifi_start_scan: S31 scan request: type=0 channel=0 country_ret=0 first=1 count=11
[CPU0] esp_event_post_wrapper: S31 scan event: status=0 aps=15 id=195
[CPU0] esp_event_post_wrapper: S31 Wi-Fi ISR calls: cpu0=15475 cpu1=0
[CPU0] esp_wifi_scan_event_parse: S31 scan count: ret=0 aps=15
bssid / frequency / signal level / encode / ssid
8c:de:f9:a0:3f:6c	2442	-90	0800	Xiaomi_DDB3
98:0d:51:96:33:54	2437	-88	0800	HDMRC
08:f4:58:ab:c0:18	2437	-88	0800	HDMRC
68:dd:b7:77:db:38	2462	-85	0800	JSL
a4:ba:70:be:df:fb	2412	-85	0800	20371506
c0:a4:76:e8:e1:eb	2437	-85	0800	@Ruijie-s9599
c2:a4:76:28:e1:eb	2437	-84	0800	@Ruijie-s9599_iot
24:69:68:38:77:70	2412	-84	0800	wlj
50:78:b3:a3:c4:f4	2412	-83	0800	CU-C4F4
a4:ba:70:3a:61:31	2412	-82	0800	CU-C4F4_plus
60:ce:41:ab:02:d2	2462	-76	0800	STB_T4Zp
bc:54:fc:36:e1:c2	2462	-74	0800	MERCURY_E1C2
60:ce:41:46:0e:ec	2437	-72	0800	Kal'tsit
60:ce:41:ab:02:d0	2462	-69	0800	Kal'tsit
7c:39:85:2a:50:04	2462	-69	0800	Kal'tsit
nsh> [K
nsh> [K
ASSOCIATED_SCAN_ROUND=68 PASS
--- CMD: wapi scan wlan0 ---
wapi scan wlan0
[CPU0] esp_wifi_start_scan: S31 scan request: type=0 channel=0 country_ret=0 first=1 count=11
[CPU0] esp_event_post_wrapper: S31 scan event: status=0 aps=16 id=196
[CPU0] esp_event_post_wrapper: S31 Wi-Fi ISR calls: cpu0=15620 cpu1=0
[CPU0] esp_wifi_scan_event_parse: S31 scan count: ret=0 aps=16
bssid / frequency / signal level / encode / ssid
24:5a:5f:78:74:42	2462	-91	0800	falcom219
c0:a4:76:8e:95:9b	2462	-90	0800	@Ruijie-s9599
8c:de:f9:a0:3f:6c	2442	-89	0800	Xiaomi_DDB3
98:0d:51:96:33:54	2437	-89	0800	HDMRC
c4:16:c8:5a:e5:6c	2462	-87	0800	HUAWEI-J
68:dd:b7:77:db:38	2462	-85	0800	JSL
c0:a4:76:e8:e1:eb	2437	-85	0800	@Ruijie-s9599
90:7e:43:c9:d4:3c	2427	-83	0800	XXN3M
a4:ba:70:3a:61:31	2412	-83	0800	CU-C4F4_plus
94:bf:80:7e:6f:c9	2427	-81	0800	CU_rfNY
50:78:b3:a3:c4:f4	2412	-81	0800	CU-C4F4
60:ce:41:46:0e:ec	2437	-80	0800	Kal'tsit
bc:54:fc:36:e1:c2	2462	-77	0800	MERCURY_E1C2
60:ce:41:ab:02:d0	2462	-71	0800	Kal'tsit
60:ce:41:ab:02:d2	2462	-70	0800	STB_T4Zp
7c:39:85:2a:50:04	2462	-67	0800	Kal'tsit
nsh> [K
nsh> [K
ASSOCIATED_SCAN_ROUND=69 PASS
--- CMD: wapi scan wlan0 ---
wapi scan wlan0
[CPU0] esp_wifi_start_scan: S31 scan request: type=0 channel=0 country_ret=0 first=1 count=11
[CPU0] esp_event_post_wrapper: S31 scan event: status=0 aps=11 id=197
[CPU0] esp_event_post_wrapper: S31 Wi-Fi ISR calls: cpu0=15799 cpu1=0
[CPU0] esp_wifi_scan_event_parse: S31 scan count: ret=0 aps=11
bssid / frequency / signal level / encode / ssid
98:0d:51:96:33:54	2437	-87	0800	HDMRC
c8:cd:55:f5:00:a1	2422	-87	0800	海淀区物资回收公司
c2:a4:76:28:e1:eb	2437	-84	0800	@Ruijie-s9599_iot
68:dd:b7:77:db:38	2462	-84	0800	JSL
c0:a4:76:e8:e1:eb	2437	-84	0800	@Ruijie-s9599
50:78:b3:a3:c4:f4	2412	-82	0800	CU-C4F4
a4:ba:70:3a:61:31	2412	-79	0800	CU-C4F4_plus
60:ce:41:46:0e:ec	2437	-79	0800	Kal'tsit
60:ce:41:ab:02:d2	2462	-70	0800	STB_T4Zp
60:ce:41:ab:02:d0	2462	-70	0800	Kal'tsit
7c:39:85:2a:50:04	2462	-69	0800	Kal'tsit
nsh> [K
nsh> [K
ASSOCIATED_SCAN_ROUND=70 PASS
--- CMD: wapi scan wlan0 ---
wapi scan wlan0
[CPU0] esp_wifi_start_scan: S31 scan request: type=0 channel=0 country_ret=0 first=1 count=11
[CPU0] esp_event_post_wrapper: S31 scan event: status=0 aps=12 id=198
[CPU0] esp_event_post_wrapper: S31 Wi-Fi ISR calls: cpu0=15951 cpu1=0
[CPU0] esp_wifi_scan_event_parse: S31 scan count: ret=0 aps=12
bssid / frequency / signal level / encode / ssid
98:0d:51:96:33:54	2437	-95	0800	HDMRC
ca:33:e5:05:fe:88	2432	-85	0800	阳光
c2:a4:76:28:e1:eb	2437	-85	0800	@Ruijie-s9599_iot
c0:a4:76:e8:e1:eb	2437	-83	0800	@Ruijie-s9599
50:78:b3:a3:c4:f4	2412	-82	0800	CU-C4F4
a4:ba:70:3a:61:31	2412	-82	0800	CU-C4F4_plus
94:bf:80:7e:6f:c9	2427	-77	0800	CU_rfNY
bc:54:fc:36:e1:c2	2462	-76	0800	MERCURY_E1C2
60:ce:41:ab:02:d2	2462	-76	0800	STB_T4Zp
60:ce:41:46:0e:ec	2437	-70	0800	Kal'tsit
60:ce:41:ab:02:d0	2462	-69	0800	Kal'tsit
7c:39:85:2a:50:04	2462	-68	0800	Kal'tsit
nsh> [K
nsh> [K
ASSOCIATED_SCAN_ROUND=71 PASS
--- CMD: wapi scan wlan0 ---
wapi scan wlan0
[CPU0] esp_wifi_start_scan: S31 scan request: type=0 channel=0 country_ret=0 first=1 count=11
[CPU0] esp_event_post_wrapper: S31 scan event: status=0 aps=14 id=199
[CPU0] esp_event_post_wrapper: S31 Wi-Fi ISR calls: cpu0=16180 cpu1=0
[CPU0] esp_wifi_scan_event_parse: S31 scan count: ret=0 aps=14
bssid / frequency / signal level / encode / ssid
c0:a4:76:8e:95:9b	2462	-92	0800	@Ruijie-s9599
8c:de:f9:a0:3f:6c	2442	-90	0800	Xiaomi_DDB3
c8:cd:55:f5:00:a1	2422	-86	0800	海淀区物资回收公司
c0:a4:76:e8:e1:eb	2437	-86	0800	@Ruijie-s9599
68:dd:b7:77:db:38	2462	-85	0800	JSL
c2:a4:76:28:e1:eb	2437	-85	0800	@Ruijie-s9599_iot
90:7e:43:c9:d4:3c	2427	-84	0800	XXN3M
50:78:b3:a3:c4:f4	2412	-82	0800	CU-C4F4
a4:ba:70:3a:61:31	2412	-81	0800	CU-C4F4_plus
bc:54:fc:36:e1:c2	2462	-77	0800	MERCURY_E1C2
60:ce:41:46:0e:ec	2437	-72	0800	Kal'tsit
60:ce:41:ab:02:d2	2462	-70	0800	STB_T4Zp
60:ce:41:ab:02:d0	2462	-70	0800	Kal'tsit
7c:39:85:2a:50:04	2462	-69	0800	Kal'tsit
nsh> [K
nsh> [K
ASSOCIATED_SCAN_ROUND=72 PASS
--- CMD: wapi scan wlan0 ---
wapi scan wlan0
[CPU0] esp_wifi_start_scan: S31 scan request: type=0 channel=0 country_ret=0 first=1 count=11
[CPU0] esp_event_post_wrapper: S31 scan event: status=0 aps=15 id=200
[CPU0] esp_event_post_wrapper: S31 Wi-Fi ISR calls: cpu0=16366 cpu1=0
[CPU0] esp_wifi_scan_event_parse: S31 scan count: ret=0 aps=15
bssid / frequency / signal level / encode / ssid
c0:a4:76:8e:95:9b	2462	-90	0800	@Ruijie-s9599
98:0d:51:96:33:54	2437	-89	0800	HDMRC
08:f4:58:ab:bf:e8	2437	-87	0800	HDMRC
a4:ba:70:be:df:fb	2412	-87	0800	20371506
68:dd:b7:77:db:38	2462	-86	0800	JSL
90:7e:43:c9:d4:3c	2427	-85	0800	XXN3M
c2:a4:76:28:e1:eb	2437	-85	0800	@Ruijie-s9599_iot
c0:a4:76:e8:e1:eb	2437	-85	0800	@Ruijie-s9599
50:78:b3:a3:c4:f4	2412	-83	0800	CU-C4F4
a4:ba:70:3a:61:31	2412	-81	0800	CU-C4F4_plus
60:ce:41:46:0e:ec	2437	-81	0800	Kal'tsit
bc:54:fc:36:e1:c2	2462	-76	0800	MERCURY_E1C2
60:ce:41:ab:02:d2	2462	-76	0800	STB_T4Zp
60:ce:41:ab:02:d0	2462	-71	0800	Kal'tsit
7c:39:85:2a:50:04	2462	-65	0800	Kal'tsit
nsh> [K
nsh> [K
ASSOCIATED_SCAN_ROUND=73 PASS
--- CMD: wapi scan wlan0 ---
wapi scan wlan0
[CPU0] esp_wifi_start_scan: S31 scan request: type=0 channel=0 country_ret=0 first=1 count=11
[CPU0] esp_event_post_wrapper: S31 scan event: status=0 aps=17 id=201
[CPU0] esp_event_post_wrapper: S31 Wi-Fi ISR calls: cpu0=16560 cpu1=0
[CPU0] esp_wifi_scan_event_parse: S31 scan count: ret=0 aps=17
bssid / frequency / signal level / encode / ssid
04:67:61:71:a9:9a	2412	-92	0800	Xiaomi_6A66
24:5a:5f:78:74:42	2462	-91	0800	falcom219
c0:a4:76:8e:95:9b	2462	-90	0800	@Ruijie-s9599
0c:4b:54:16:c5:f5	2412	-90	0800	lcwx
98:0d:51:96:33:54	2437	-90	0800	HDMRC
68:dd:b7:77:db:38	2462	-87	0800	JSL
a4:ba:70:be:df:fb	2412	-86	0800	20371506
c2:a4:76:28:e1:eb	2437	-86	0800	@Ruijie-s9599_iot
c0:a4:76:e8:e1:eb	2437	-86	0800	@Ruijie-s9599
50:78:b3:a3:c4:f4	2412	-84	0800	CU-C4F4
24:69:68:38:77:70	2412	-84	0800	wlj
a4:ba:70:3a:61:31	2412	-81	0800	CU-C4F4_plus
94:bf:80:7e:6f:c9	2427	-80	0800	CU_rfNY
bc:54:fc:36:e1:c2	2462	-74	0800	MERCURY_E1C2
60:ce:41:ab:02:d0	2462	-70	0800	Kal'tsit
60:ce:41:46:0e:ec	2437	-69	0800	Kal'tsit
7c:39:85:2a:50:04	2462	-66	0800	Kal'tsit
nsh> [K
nsh> [K
ASSOCIATED_SCAN_ROUND=74 PASS
--- CMD: wapi scan wlan0 ---
wapi scan wlan0
[CPU1] esp_wifi_start_scan: S31 scan request: type=0 channel=0 country_ret=0 first=1 count=11
[CPU0] esp_event_post_wrapper: S31 scan event: status=0 aps=16 id=202
[CPU0] esp_event_post_wrapper: S31 Wi-Fi ISR calls: cpu0=16755 cpu1=0
[CPU0] esp_wifi_scan_event_parse: S31 scan count: ret=0 aps=16
bssid / frequency / signal level / encode / ssid
98:bb:99:0b:c8:d8	2432	-88	0800	ASUS_1502
98:0d:51:96:33:54	2437	-88	0800	HDMRC
68:dd:b7:77:db:38	2462	-87	0800	JSL
a4:ba:70:be:df:fb	2412	-87	0800	20371506
ca:33:e5:05:fe:88	2432	-86	0800	阳光
c0:a4:76:e8:e1:eb	2437	-86	0800	@Ruijie-s9599
90:7e:43:c9:d4:3c	2427	-85	0800	XXN3M
c2:a4:76:28:e1:eb	2437	-85	0800	@Ruijie-s9599_iot
24:69:68:38:77:70	2412	-84	0800	wlj
50:78:b3:a3:c4:f4	2412	-82	0800	CU-C4F4
a4:ba:70:3a:61:31	2412	-81	0800	CU-C4F4_plus
bc:54:fc:36:e1:c2	2462	-77	0800	MERCURY_E1C2
60:ce:41:ab:02:d2	2462	-76	0800	STB_T4Zp
60:ce:41:ab:02:d0	2462	-70	0800	Kal'tsit
60:ce:41:46:0e:ec	2437	-69	0800	Kal'tsit
7c:39:85:2a:50:04	2462	-67	0800	Kal'tsit
nsh> [K
nsh> [K
ASSOCIATED_SCAN_ROUND=75 PASS
--- CMD: wapi scan wlan0 ---
wapi scan wlan0
[CPU0] esp_wifi_start_scan: S31 scan request: type=0 channel=0 country_ret=0 first=1 count=11
[CPU0] esp_event_post_wrapper: S31 scan event: status=0 aps=16 id=203
[CPU0] esp_event_post_wrapper: S31 Wi-Fi ISR calls: cpu0=17015 cpu1=0
[CPU0] esp_wifi_scan_event_parse: S31 scan count: ret=0 aps=16
bssid / frequency / signal level / encode / ssid
00:90:4d:88:67:db	2437	-94	0800	XinXun-4983
24:5a:5f:78:74:42	2462	-91	0800	falcom219
c0:a4:76:8e:95:9b	2462	-91	0800	@Ruijie-s9599
8c:de:f9:a0:3f:6c	2442	-90	0800	Xiaomi_DDB3
98:0d:51:96:33:54	2437	-89	0800	HDMRC
c0:a4:76:e8:e1:eb	2437	-86	0800	@Ruijie-s9599
68:dd:b7:77:db:38	2462	-84	0800	JSL
c2:a4:76:28:e1:eb	2437	-84	0800	@Ruijie-s9599_iot
50:78:b3:a3:c4:f4	2412	-83	0800	CU-C4F4
94:bf:80:7e:6f:c9	2427	-81	0800	CU_rfNY
a4:ba:70:3a:61:31	2412	-81	0800	CU-C4F4_plus
60:ce:41:46:0e:ec	2437	-81	0800	Kal'tsit
bc:54:fc:36:e1:c2	2462	-77	0800	MERCURY_E1C2
60:ce:41:ab:02:d2	2462	-76	0800	STB_T4Zp
60:ce:41:ab:02:d0	2462	-70	0800	Kal'tsit
7c:39:85:2a:50:04	2462	-68	0800	Kal'tsit
nsh> [K
nsh> [K
ASSOCIATED_SCAN_ROUND=76 PASS
--- CMD: wapi scan wlan0 ---
wapi scan wlan0
[CPU0] esp_wifi_start_scan: S31 scan request: type=0 channel=0 country_ret=0 first=1 count=11
[CPU0] esp_event_post_wrapper: S31 scan event: status=0 aps=18 id=204
[CPU0] esp_event_post_wrapper: S31 Wi-Fi ISR calls: cpu0=17220 cpu1=0
[CPU0] esp_wifi_scan_event_parse: S31 scan count: ret=0 aps=18
bssid / frequency / signal level / encode / ssid
08:f4:58:ab:bf:e8	2437	-92	0800	HDMRC
24:5a:5f:78:74:42	2462	-89	0800	falcom219
ca:33:e5:01:ce:fc	2432	-89	0800	阳光
c0:a4:76:8e:95:9b	2462	-88	0800	@Ruijie-s9599
68:dd:b7:77:db:38	2462	-87	0800	JSL
8c:de:f9:a0:3f:6c	2442	-87	0800	Xiaomi_DDB3
c0:a4:76:e8:e1:eb	2437	-86	0800	@Ruijie-s9599
ca:33:e5:05:fe:88	2432	-85	0800	阳光
c2:a4:76:28:e1:eb	2437	-85	0800	@Ruijie-s9599_iot
24:69:68:38:77:70	2412	-83	0800	wlj
50:78:b3:a3:c4:f4	2412	-83	0800	CU-C4F4
a4:ba:70:3a:61:31	2412	-81	0800	CU-C4F4_plus
94:bf:80:7e:6f:c9	2427	-80	0800	CU_rfNY
bc:54:fc:36:e1:c2	2462	-77	0800	MERCURY_E1C2
60:ce:41:ab:02:d2	2462	-76	0800	STB_T4Zp
60:ce:41:ab:02:d0	2462	-71	0800	Kal'tsit
60:ce:41:46:0e:ec	2437	-70	0800	Kal'tsit
7c:39:85:2a:50:04	2462	-69	0800	Kal'tsit
nsh> [K
nsh> [K
ASSOCIATED_SCAN_ROUND=77 PASS
--- CMD: wapi scan wlan0 ---
wapi scan wlan0
[CPU0] esp_wifi_start_scan: S31 scan request: type=0 channel=0 country_ret=0 first=1 count=11
[CPU0] esp_event_post_wrapper: S31 scan event: status=0 aps=13 id=205
[CPU0] esp_event_post_wrapper: S31 Wi-Fi ISR calls: cpu0=17470 cpu1=0
[CPU0] esp_wifi_scan_event_parse: S31 scan count: ret=0 aps=13
bssid / frequency / signal level / encode / ssid
08:f4:58:ab:bf:e8	2437	-90	0800	HDMRC
98:0d:51:96:33:54	2437	-88	0800	HDMRC
68:dd:b7:77:db:38	2462	-86	0800	JSL
c2:a4:76:28:e1:eb	2437	-85	0800	@Ruijie-s9599_iot
50:78:b3:a3:c4:f4	2412	-83	0800	CU-C4F4
c0:a4:76:e8:e1:eb	2437	-83	0800	@Ruijie-s9599
a4:ba:70:3a:61:31	2412	-81	0800	CU-C4F4_plus
94:bf:80:7e:6f:c9	2427	-78	0800	CU_rfNY
bc:54:fc:36:e1:c2	2462	-76	0800	MERCURY_E1C2
60:ce:41:ab:02:d2	2462	-76	0800	STB_T4Zp
60:ce:41:ab:02:d0	2462	-70	0800	Kal'tsit
60:ce:41:46:0e:ec	2437	-69	0800	Kal'tsit
7c:39:85:2a:50:04	2462	-68	0800	Kal'tsit
nsh> [K
nsh> [K
ASSOCIATED_SCAN_ROUND=78 PASS
--- CMD: wapi scan wlan0 ---
wapi scan wlan0
[CPU0] esp_wifi_start_scan: S31 scan request: type=0 channel=0 country_ret=0 first=1 count=11
[CPU0] esp_event_post_wrapper: S31 scan event: status=0 aps=14 id=206
[CPU0] esp_event_post_wrapper: S31 Wi-Fi ISR calls: cpu0=17702 cpu1=0
[CPU0] esp_wifi_scan_event_parse: S31 scan count: ret=0 aps=14
bssid / frequency / signal level / encode / ssid
24:5a:5f:78:74:42	2462	-90	0800	falcom219
c0:a4:76:8e:95:9b	2462	-90	0800	@Ruijie-s9599
60:10:9e:e0:ae:2c	2417	-89	0800	HUAWEI-J
8c:de:f9:a0:3f:6c	2442	-88	0800	Xiaomi_DDB3
68:dd:b7:77:db:38	2462	-86	0800	JSL
c0:a4:76:e8:e1:eb	2437	-86	0800	@Ruijie-s9599
24:69:68:38:77:70	2412	-83	0800	wlj
c2:a4:76:28:e1:eb	2437	-83	0800	@Ruijie-s9599_iot
50:78:b3:a3:c4:f4	2412	-82	0800	CU-C4F4
a4:ba:70:3a:61:31	2412	-81	0800	CU-C4F4_plus
60:ce:41:ab:02:d2	2462	-76	0800	STB_T4Zp
60:ce:41:46:0e:ec	2437	-72	0800	Kal'tsit
60:ce:41:ab:02:d0	2462	-70	0800	Kal'tsit
7c:39:85:2a:50:04	2462	-68	0800	Kal'tsit
nsh> [K
nsh> [K
ASSOCIATED_SCAN_ROUND=79 PASS
--- CMD: wapi scan wlan0 ---
wapi scan wlan0
[CPU0] esp_wifi_start_scan: S31 scan request: type=0 channel=0 country_ret=0 first=1 count=11
[CPU0] esp_event_post_wrapper: S31 scan event: status=0 aps=12 id=207
[CPU0] esp_event_post_wrapper: S31 Wi-Fi ISR calls: cpu0=17936 cpu1=0
[CPU0] esp_wifi_scan_event_parse: S31 scan count: ret=0 aps=12
bssid / frequency / signal level / encode / ssid
24:5a:5f:78:74:42	2462	-89	0800	falcom219
98:0d:51:96:33:54	2437	-89	0800	HDMRC
68:dd:b7:77:db:38	2462	-86	0800	JSL
c0:a4:76:e8:e1:eb	2437	-86	0800	@Ruijie-s9599
a4:ba:70:be:df:fb	2412	-85	0800	20371506
c2:a4:76:28:e1:eb	2437	-85	0800	@Ruijie-s9599_iot
a4:ba:70:3a:61:31	2412	-82	0800	CU-C4F4_plus
60:ce:41:46:0e:ec	2437	-79	0800	Kal'tsit
bc:54:fc:36:e1:c2	2462	-77	0800	MERCURY_E1C2
60:ce:41:ab:02:d0	2462	-71	0800	Kal'tsit
60:ce:41:ab:02:d2	2462	-70	0800	STB_T4Zp
7c:39:85:2a:50:04	2462	-69	0800	Kal'tsit
nsh> [K
nsh> [K
ASSOCIATED_SCAN_ROUND=80 PASS
--- CMD: wapi scan wlan0 ---
wapi scan wlan0
[CPU0] esp_wifi_start_scan: S31 scan request: type=0 channel=0 country_ret=0 first=1 count=11
[CPU0] esp_event_post_wrapper: S31 scan event: status=0 aps=11 id=208
[CPU0] esp_event_post_wrapper: S31 Wi-Fi ISR calls: cpu0=18153 cpu1=0
[CPU0] esp_wifi_scan_event_parse: S31 scan count: ret=0 aps=11
bssid / frequency / signal level / encode / ssid
98:0d:51:96:33:54	2437	-89	0800	HDMRC
a4:ba:70:be:df:fb	2412	-85	0800	20371506
c2:a4:76:28:e1:eb	2437	-85	0800	@Ruijie-s9599_iot
c0:a4:76:e8:e1:eb	2437	-84	0800	@Ruijie-s9599
90:7e:43:c9:d4:3c	2427	-82	0800	XXN3M
94:bf:80:7e:6f:c9	2427	-82	0800	CU_rfNY
60:ce:41:46:0e:ec	2437	-81	0800	Kal'tsit
a4:ba:70:3a:61:31	2412	-80	0800	CU-C4F4_plus
60:ce:41:ab:02:d0	2462	-71	0800	Kal'tsit
60:ce:41:ab:02:d2	2462	-70	0800	STB_T4Zp
7c:39:85:2a:50:04	2462	-69	0800	Kal'tsit
nsh> [K
nsh> [K
ASSOCIATED_SCAN_ROUND=81 PASS
--- CMD: wapi scan wlan0 ---
wapi scan wlan0
[CPU0] esp_wifi_start_scan: S31 scan request: type=0 channel=0 country_ret=0 first=1 count=11
[CPU0] esp_event_post_wrapper: S31 scan event: status=0 aps=10 id=209
[CPU0] esp_event_post_wrapper: S31 Wi-Fi ISR calls: cpu0=18395 cpu1=0
[CPU0] esp_wifi_scan_event_parse: S31 scan count: ret=0 aps=10
bssid / frequency / signal level / encode / ssid
c2:a4:76:28:e1:eb	2437	-85	0800	@Ruijie-s9599_iot
c8:cd:55:f5:00:a1	2422	-84	0800	海淀区物资回收公司
50:78:b3:a3:c4:f4	2412	-83	0800	CU-C4F4
a4:ba:70:3a:61:31	2412	-82	0800	CU-C4F4_plus
94:bf:80:7e:6f:c9	2427	-80	0800	CU_rfNY
60:ce:41:46:0e:ec	2437	-80	0800	Kal'tsit
bc:54:fc:36:e1:c2	2462	-77	0800	MERCURY_E1C2
60:ce:41:ab:02:d2	2462	-76	0800	STB_T4Zp
60:ce:41:ab:02:d0	2462	-70	0800	Kal'tsit
7c:39:85:2a:50:04	2462	-66	0800	Kal'tsit
nsh> [K
nsh> [K
ASSOCIATED_SCAN_ROUND=82 PASS
--- CMD: wapi scan wlan0 ---
wapi scan wlan0
[CPU0] esp_wifi_start_scan: S31 scan request: type=0 channel=0 country_ret=0 first=1 count=11
[CPU0] esp_event_post_wrapper: S31 scan event: status=0 aps=12 id=210
[CPU0] esp_event_post_wrapper: S31 Wi-Fi ISR calls: cpu0=18619 cpu1=0
[CPU0] esp_wifi_scan_event_parse: S31 scan count: ret=0 aps=12
bssid / frequency / signal level / encode / ssid
c0:a4:76:8e:95:9b	2462	-90	0800	@Ruijie-s9599
68:dd:b7:77:db:38	2462	-86	0800	JSL
c0:a4:76:e8:e1:eb	2437	-86	0800	@Ruijie-s9599
a4:ba:70:be:df:fb	2412	-85	0800	20371506
c2:a4:76:28:e1:eb	2437	-85	0800	@Ruijie-s9599_iot
a4:ba:70:3a:61:31	2412	-82	0800	CU-C4F4_plus
50:78:b3:a3:c4:f4	2412	-81	0800	CU-C4F4
bc:54:fc:36:e1:c2	2462	-76	0800	MERCURY_E1C2
60:ce:41:46:0e:ec	2437	-72	0800	Kal'tsit
60:ce:41:ab:02:d2	2462	-71	0800	STB_T4Zp
60:ce:41:ab:02:d0	2462	-70	0800	Kal'tsit
7c:39:85:2a:50:04	2462	-69	0800	Kal'tsit
nsh> [K
nsh> [K
ASSOCIATED_SCAN_ROUND=83 PASS
--- CMD: wapi scan wlan0 ---
wapi scan wlan0
[CPU0] esp_wifi_start_scan: S31 scan request: type=0 channel=0 country_ret=0 first=1 count=11
[CPU0] esp_event_post_wrapper: S31 scan event: status=0 aps=18 id=211
[CPU0] esp_event_post_wrapper: S31 Wi-Fi ISR calls: cpu0=18853 cpu1=0
[CPU0] esp_wifi_scan_event_parse: S31 scan count: ret=0 aps=18
bssid / frequency / signal level / encode / ssid
24:5a:5f:78:74:42	2462	-90	0800	falcom219
08:f4:58:ab:bf:e8	2437	-89	0800	HDMRC
04:67:61:71:a9:9a	2412	-89	0800	Xiaomi_6A66
98:bb:99:0b:c8:d8	2432	-88	0800	ASUS_1502
98:0d:51:96:33:54	2437	-88	0800	HDMRC
68:dd:b7:77:db:38	2462	-87	0800	JSL
30:99:35:5e:4f:63	2432	-87	0800	CU_nhbU
a4:ba:70:be:df:fb	2412	-86	0800	20371506
c0:a4:76:e8:e1:eb	2437	-86	0800	@Ruijie-s9599
c2:a4:76:28:e1:eb	2437	-85	0800	@Ruijie-s9599_iot
a4:ba:70:3a:61:31	2412	-81	0800	CU-C4F4_plus
94:bf:80:7e:6f:c9	2427	-79	0800	CU_rfNY
50:78:b3:a3:c4:f4	2412	-78	0800	CU-C4F4
bc:54:fc:36:e1:c2	2462	-76	0800	MERCURY_E1C2
60:ce:41:ab:02:d2	2462	-75	0800	STB_T4Zp
60:ce:41:46:0e:ec	2437	-71	0800	Kal'tsit
60:ce:41:ab:02:d0	2462	-69	0800	Kal'tsit
7c:39:85:2a:50:04	2462	-68	0800	Kal'tsit
nsh> [K
nsh> [K
ASSOCIATED_SCAN_ROUND=84 PASS
--- CMD: wapi scan wlan0 ---
wapi scan wlan0
[CPU0] esp_wifi_start_scan: S31 scan request: type=0 channel=0 country_ret=0 first=1 count=11
[CPU0] esp_event_post_wrapper: S31 scan event: status=0 aps=13 id=212
[CPU0] esp_event_post_wrapper: S31 Wi-Fi ISR calls: cpu0=19043 cpu1=0
[CPU0] esp_wifi_scan_event_parse: S31 scan count: ret=0 aps=13
bssid / frequency / signal level / encode / ssid
24:5a:5f:78:74:42	2462	-94	0800	falcom219
98:0d:51:96:33:54	2437	-88	0800	HDMRC
30:99:35:5e:4f:63	2432	-86	0800	CU_nhbU
90:7e:43:c9:d4:3c	2427	-86	0800	XXN3M
c2:a4:76:28:e1:eb	2437	-86	0800	@Ruijie-s9599_iot
50:78:b3:a3:c4:f4	2412	-83	0800	CU-C4F4
a4:ba:70:3a:61:31	2412	-83	0800	CU-C4F4_plus
c0:a4:76:e8:e1:eb	2437	-83	0800	@Ruijie-s9599
94:bf:80:7e:6f:c9	2427	-81	0800	CU_rfNY
60:ce:41:ab:02:d2	2462	-76	0800	STB_T4Zp
60:ce:41:46:0e:ec	2437	-71	0800	Kal'tsit
60:ce:41:ab:02:d0	2462	-70	0800	Kal'tsit
7c:39:85:2a:50:04	2462	-65	0800	Kal'tsit
nsh> [K
nsh> [K
ASSOCIATED_SCAN_ROUND=85 PASS
--- CMD: wapi scan wlan0 ---
wapi scan wlan0
[CPU0] esp_wifi_start_scan: S31 scan request: type=0 channel=0 country_ret=0 first=1 count=11
[CPU0] esp_event_post_wrapper: S31 scan event: status=0 aps=19 id=213
[CPU0] esp_event_post_wrapper: S31 Wi-Fi ISR calls: cpu0=19263 cpu1=0
[CPU0] esp_wifi_scan_event_parse: S31 scan count: ret=0 aps=19
bssid / frequency / signal level / encode / ssid
24:5a:5f:78:74:42	2462	-91	0800	falcom219
8c:de:f9:a0:3f:6c	2442	-90	0800	Xiaomi_DDB3
60:10:9e:e0:ae:2e	2417	-89	0800	STB_dK89
d4:35:38:ac:49:ae	2412	-89	0800	Redmi_RMDX
98:0d:51:96:33:54	2437	-89	0800	HDMRC
60:10:9e:e0:ae:2c	2417	-88	0800	HUAWEI-J
98:bb:99:0b:c8:d8	2432	-87	0800	ASUS_1502
a4:ba:70:be:df:fb	2412	-86	0800	20371506
68:dd:b7:77:db:38	2462	-85	0800	JSL
c2:a4:76:28:e1:eb	2437	-84	0800	@Ruijie-s9599_iot
c0:a4:76:e8:e1:eb	2437	-84	0800	@Ruijie-s9599
24:69:68:38:77:70	2412	-83	0800	wlj
50:78:b3:a3:c4:f4	2412	-82	0800	CU-C4F4
a4:ba:70:3a:61:31	2412	-82	0800	CU-C4F4_plus
bc:54:fc:36:e1:c2	2462	-77	0800	MERCURY_E1C2
60:ce:41:ab:02:d0	2462	-71	0800	Kal'tsit
60:ce:41:ab:02:d2	2462	-70	0800	STB_T4Zp
60:ce:41:46:0e:ec	2437	-70	0800	Kal'tsit
7c:39:85:2a:50:04	2462	-67	0800	Kal'tsit
nsh> [K
nsh> [K
ASSOCIATED_SCAN_ROUND=86 PASS
--- CMD: wapi scan wlan0 ---
wapi scan wlan0
[CPU0] esp_wifi_start_scan: S31 scan request: type=0 channel=0 country_ret=0 first=1 count=11
[CPU0] esp_event_post_wrapper: S31 scan event: status=0 aps=13 id=214
[CPU0] esp_event_post_wrapper: S31 Wi-Fi ISR calls: cpu0=19448 cpu1=0
[CPU0] esp_wifi_scan_event_parse: S31 scan count: ret=0 aps=13
bssid / frequency / signal level / encode / ssid
98:0d:51:96:33:54	2437	-90	0800	HDMRC
8c:de:f9:a0:3f:6c	2442	-89	0800	Xiaomi_DDB3
c4:16:c8:5a:e5:6c	2462	-86	0800	HUAWEI-J
30:99:35:5e:4f:63	2432	-86	0800	CU_nhbU
c8:cd:55:f5:00:a1	2422	-86	0800	海淀区物资回收公司
c0:a4:76:e8:e1:eb	2437	-86	0800	@Ruijie-s9599
68:dd:b7:77:db:38	2462	-85	0800	JSL
a4:ba:70:be:df:fb	2412	-85	0800	20371506
60:ce:41:ab:02:d2	2462	-77	0800	STB_T4Zp
bc:54:fc:36:e1:c2	2462	-75	0800	MERCURY_E1C2
7c:39:85:2a:50:04	2462	-70	0800	Kal'tsit
60:ce:41:ab:02:d0	2462	-70	0800	Kal'tsit
60:ce:41:46:0e:ec	2437	-68	0800	Kal'tsit
nsh> [K
nsh> [K
ASSOCIATED_SCAN_ROUND=87 PASS
--- CMD: wapi scan wlan0 ---
wapi scan wlan0
[CPU0] esp_wifi_start_scan: S31 scan request: type=0 channel=0 country_ret=0 first=1 count=11
[CPU0] esp_event_post_wrapper: S31 scan event: status=0 aps=11 id=215
[CPU0] esp_event_post_wrapper: S31 Wi-Fi ISR calls: cpu0=19623 cpu1=0
[CPU0] esp_wifi_scan_event_parse: S31 scan count: ret=0 aps=11
bssid / frequency / signal level / encode / ssid
68:dd:b7:77:db:38	2462	-86	0800	JSL
a4:ba:70:be:df:fb	2412	-85	0800	20371506
c2:a4:76:28:e1:eb	2437	-84	0800	@Ruijie-s9599_iot
c0:a4:76:e8:e1:eb	2437	-84	0800	@Ruijie-s9599
50:78:b3:a3:c4:f4	2412	-82	0800	CU-C4F4
a4:ba:70:3a:61:31	2412	-81	0800	CU-C4F4_plus
bc:54:fc:36:e1:c2	2462	-76	0800	MERCURY_E1C2
60:ce:41:ab:02:d0	2462	-71	0800	Kal'tsit
60:ce:41:ab:02:d2	2462	-70	0800	STB_T4Zp
7c:39:85:2a:50:04	2462	-69	0800	Kal'tsit
60:ce:41:46:0e:ec	2437	-69	0800	Kal'tsit
nsh> [K
nsh> [K
ASSOCIATED_SCAN_ROUND=88 PASS
--- CMD: wapi scan wlan0 ---
wapi scan wlan0
[CPU0] esp_wifi_start_scan: S31 scan request: type=0 channel=0 country_ret=0 first=1 count=11
[CPU0] esp_event_post_wrapper: S31 scan event: status=0 aps=14 id=216
[CPU0] esp_event_post_wrapper: S31 Wi-Fi ISR calls: cpu0=19844 cpu1=0
[CPU0] esp_wifi_scan_event_parse: S31 scan count: ret=0 aps=14
bssid / frequency / signal level / encode / ssid
24:5a:5f:78:74:42	2462	-90	0800	falcom219
c0:a4:76:8e:95:9b	2462	-90	0800	@Ruijie-s9599
8c:de:f9:a0:3f:6c	2442	-87	0800	Xiaomi_DDB3
68:dd:b7:77:db:38	2462	-86	0800	JSL
98:0d:51:96:33:54	2437	-86	0800	HDMRC
c2:a4:76:28:e1:eb	2437	-86	0800	@Ruijie-s9599_iot
c0:a4:76:e8:e1:eb	2437	-86	0800	@Ruijie-s9599
50:78:b3:a3:c4:f4	2412	-83	0800	CU-C4F4
a4:ba:70:3a:61:31	2412	-81	0800	CU-C4F4_plus
60:ce:41:ab:02:d2	2462	-76	0800	STB_T4Zp
bc:54:fc:36:e1:c2	2462	-75	0800	MERCURY_E1C2
60:ce:41:46:0e:ec	2437	-72	0800	Kal'tsit
60:ce:41:ab:02:d0	2462	-70	0800	Kal'tsit
7c:39:85:2a:50:04	2462	-69	0800	Kal'tsit
nsh> [K
nsh> [K
ASSOCIATED_SCAN_ROUND=89 PASS
--- CMD: wapi scan wlan0 ---
wapi scan wlan0
[CPU0] esp_wifi_start_scan: S31 scan request: type=0 channel=0 country_ret=0 first=1 count=11
[CPU0] esp_event_post_wrapper: S31 scan event: status=0 aps=12 id=217
[CPU0] esp_event_post_wrapper: S31 Wi-Fi ISR calls: cpu0=19996 cpu1=0
[CPU0] esp_wifi_scan_event_parse: S31 scan count: ret=0 aps=12
bssid / frequency / signal level / encode / ssid
98:0d:51:96:33:54	2437	-90	0800	HDMRC
98:bb:99:0b:c8:d8	2432	-89	0800	ASUS_1502
68:dd:b7:77:db:38	2462	-86	0800	JSL
50:78:b3:a3:c4:f4	2412	-84	0800	CU-C4F4
c2:a4:76:28:e1:eb	2437	-84	0800	@Ruijie-s9599_iot
c0:a4:76:e8:e1:eb	2437	-83	0800	@Ruijie-s9599
a4:ba:70:3a:61:31	2412	-81	0800	CU-C4F4_plus
bc:54:fc:36:e1:c2	2462	-77	0800	MERCURY_E1C2
60:ce:41:46:0e:ec	2437	-73	0800	Kal'tsit
60:ce:41:ab:02:d0	2462	-71	0800	Kal'tsit
60:ce:41:ab:02:d2	2462	-70	0800	STB_T4Zp
7c:39:85:2a:50:04	2462	-69	0800	Kal'tsit
nsh> [K
nsh> [K
ASSOCIATED_SCAN_ROUND=90 PASS
--- CMD: wapi scan wlan0 ---
wapi scan wlan0
[CPU0] esp_wifi_start_scan: S31 scan request: type=0 channel=0 country_ret=0 first=1 count=11
[CPU0] esp_event_post_wrapper: S31 scan event: status=0 aps=14 id=218
[CPU0] esp_event_post_wrapper: S31 Wi-Fi ISR calls: cpu0=20203 cpu1=0
[CPU0] esp_wifi_scan_event_parse: S31 scan count: ret=0 aps=14
bssid / frequency / signal level / encode / ssid
c0:a4:76:8e:95:9b	2462	-93	0800	@Ruijie-s9599
98:0d:51:96:33:54	2437	-90	0800	HDMRC
68:dd:b7:77:db:38	2462	-87	0800	JSL
ca:33:e5:01:ce:fc	2432	-87	0800	阳光
c2:a4:76:28:e1:eb	2437	-85	0800	@Ruijie-s9599_iot
c0:a4:76:e8:e1:eb	2437	-85	0800	@Ruijie-s9599
a4:ba:70:3a:61:31	2412	-82	0800	CU-C4F4_plus
24:69:68:38:77:70	2412	-81	0800	wlj
50:78:b3:a3:c4:f4	2412	-81	0800	CU-C4F4
bc:54:fc:36:e1:c2	2462	-76	0800	MERCURY_E1C2
60:ce:41:ab:02:d2	2462	-75	0800	STB_T4Zp
60:ce:41:ab:02:d0	2462	-71	0800	Kal'tsit
60:ce:41:46:0e:ec	2437	-71	0800	Kal'tsit
7c:39:85:2a:50:04	2462	-66	0800	Kal'tsit
nsh> [K
nsh> [K
ASSOCIATED_SCAN_ROUND=91 PASS
--- CMD: wapi scan wlan0 ---
wapi scan wlan0
[CPU0] esp_wifi_start_scan: S31 scan request: type=0 channel=0 country_ret=0 first=1 count=11
[CPU0] esp_event_post_wrapper: S31 scan event: status=0 aps=15 id=219
[CPU0] esp_event_post_wrapper: S31 Wi-Fi ISR calls: cpu0=20499 cpu1=0
[CPU0] esp_wifi_scan_event_parse: S31 scan count: ret=0 aps=15
bssid / frequency / signal level / encode / ssid
d8:31:39:80:18:b0	2457	-89	0800	CU_9wN9
8c:de:f9:a0:3f:6c	2442	-89	0800	Xiaomi_DDB3
c2:a4:76:28:e1:eb	2437	-89	0800	@Ruijie-s9599_iot
98:0d:51:96:33:54	2437	-89	0800	HDMRC
30:99:35:5e:4f:63	2432	-86	0800	CU_nhbU
68:dd:b7:77:db:38	2462	-85	0800	JSL
c0:a4:76:e8:e1:eb	2437	-85	0800	@Ruijie-s9599
50:78:b3:a3:c4:f4	2412	-81	0800	CU-C4F4
a4:ba:70:3a:61:31	2412	-80	0800	CU-C4F4_plus
94:bf:80:7e:6f:c9	2427	-79	0800	CU_rfNY
bc:54:fc:36:e1:c2	2462	-75	0800	MERCURY_E1C2
60:ce:41:46:0e:ec	2437	-71	0800	Kal'tsit
60:ce:41:ab:02:d2	2462	-70	0800	STB_T4Zp
60:ce:41:ab:02:d0	2462	-70	0800	Kal'tsit
7c:39:85:2a:50:04	2462	-69	0800	Kal'tsit
nsh> [K
nsh> [K
ASSOCIATED_SCAN_ROUND=92 PASS
--- CMD: wapi scan wlan0 ---
wapi scan wlan0
[CPU0] esp_wifi_start_scan: S31 scan request: type=0 channel=0 country_ret=0 first=1 count=11
[CPU0] esp_event_post_wrapper: S31 scan event: status=0 aps=15 id=220
[CPU0] esp_event_post_wrapper: S31 Wi-Fi ISR calls: cpu0=20682 cpu1=0
[CPU0] esp_wifi_scan_event_parse: S31 scan count: ret=0 aps=15
bssid / frequency / signal level / encode / ssid
04:67:61:71:a9:9a	2412	-91	0800	Xiaomi_6A66
50:78:b3:a3:c4:f4	2412	-89	0800	CU-C4F4
98:0d:51:96:33:54	2437	-89	0800	HDMRC
ca:33:e5:01:ce:fc	2432	-88	0800	阳光
68:dd:b7:77:db:38	2462	-85	0800	JSL
c8:cd:55:f5:00:a1	2422	-85	0800	海淀区物资回收公司
c0:a4:76:e8:e1:eb	2437	-85	0800	@Ruijie-s9599
c2:a4:76:28:e1:eb	2437	-84	0800	@Ruijie-s9599_iot
24:69:68:38:77:70	2412	-83	0800	wlj
a4:ba:70:3a:61:31	2412	-83	0800	CU-C4F4_plus
60:ce:41:46:0e:ec	2437	-79	0800	Kal'tsit
bc:54:fc:36:e1:c2	2462	-76	0800	MERCURY_E1C2
60:ce:41:ab:02:d0	2462	-71	0800	Kal'tsit
7c:39:85:2a:50:04	2462	-69	0800	Kal'tsit
60:ce:41:ab:02:d2	2462	-69	0800	STB_T4Zp
nsh> [K
nsh> [K
ASSOCIATED_SCAN_ROUND=93 PASS
--- CMD: wapi scan wlan0 ---
wapi scan wlan0
[CPU0] esp_wifi_start_scan: S31 scan request: type=0 channel=0 country_ret=0 first=1 count=11
[CPU0] esp_event_post_wrapper: S31 scan event: status=0 aps=8 id=221
[CPU0] esp_event_post_wrapper: S31 Wi-Fi ISR calls: cpu0=20882 cpu1=0
[CPU0] esp_wifi_scan_event_parse: S31 scan count: ret=0 aps=8
bssid / frequency / signal level / encode / ssid
08:f4:58:ab:bf:e8	2437	-90	0800	HDMRC
c0:a4:76:e8:e1:eb	2437	-87	0800	@Ruijie-s9599
c2:a4:76:28:e1:eb	2437	-85	0800	@Ruijie-s9599_iot
a4:ba:70:3a:61:31	2412	-81	0800	CU-C4F4_plus
60:ce:41:ab:02:d2	2462	-77	0800	STB_T4Zp
60:ce:41:ab:02:d0	2462	-70	0800	Kal'tsit
60:ce:41:46:0e:ec	2437	-70	0800	Kal'tsit
7c:39:85:2a:50:04	2462	-68	0800	Kal'tsit
nsh> [K
nsh> [K
ASSOCIATED_SCAN_ROUND=94 PASS
--- CMD: wapi scan wlan0 ---
wapi scan wlan0
[CPU0] esp_wifi_start_scan: S31 scan request: type=0 channel=0 country_ret=0 first=1 count=11
[CPU0] esp_event_post_wrapper: S31 scan event: status=0 aps=12 id=222
[CPU0] esp_event_post_wrapper: S31 Wi-Fi ISR calls: cpu0=21102 cpu1=0
[CPU0] esp_wifi_scan_event_parse: S31 scan count: ret=0 aps=12
bssid / frequency / signal level / encode / ssid
c2:a4:76:28:e1:eb	2437	-85	0800	@Ruijie-s9599_iot
c0:a4:76:e8:e1:eb	2437	-85	0800	@Ruijie-s9599
68:dd:b7:77:db:38	2462	-84	0800	JSL
24:69:68:38:77:70	2412	-81	0800	wlj
a4:ba:70:3a:61:31	2412	-81	0800	CU-C4F4_plus
50:78:b3:a3:c4:f4	2412	-80	0800	CU-C4F4
94:bf:80:7e:6f:c9	2427	-78	0800	CU_rfNY
bc:54:fc:36:e1:c2	2462	-77	0800	MERCURY_E1C2
60:ce:41:ab:02:d2	2462	-75	0800	STB_T4Zp
60:ce:41:ab:02:d0	2462	-70	0800	Kal'tsit
60:ce:41:46:0e:ec	2437	-69	0800	Kal'tsit
7c:39:85:2a:50:04	2462	-68	0800	Kal'tsit
nsh> [K
nsh> [K
ASSOCIATED_SCAN_ROUND=95 PASS
--- CMD: wapi scan wlan0 ---
wapi scan wlan0
[CPU0] esp_wifi_start_scan: S31 scan request: type=0 channel=0 country_ret=0 first=1 count=11
[CPU0] esp_event_post_wrapper: S31 scan event: status=0 aps=13 id=223
[CPU0] esp_event_post_wrapper: S31 Wi-Fi ISR calls: cpu0=21290 cpu1=0
[CPU0] esp_wifi_scan_event_parse: S31 scan count: ret=0 aps=13
bssid / frequency / signal level / encode / ssid
24:5a:5f:78:74:42	2462	-92	0800	falcom219
d8:31:39:80:18:b0	2457	-91	0800	CU_9wN9
68:dd:b7:77:db:38	2462	-85	0800	JSL
50:78:b3:a3:c4:f4	2412	-85	0800	CU-C4F4
c0:a4:76:e8:e1:eb	2437	-85	0800	@Ruijie-s9599
a4:ba:70:3a:61:31	2412	-83	0800	CU-C4F4_plus
c2:a4:76:28:e1:eb	2437	-83	0800	@Ruijie-s9599_iot
94:bf:80:7e:6f:c9	2427	-78	0800	CU_rfNY
bc:54:fc:36:e1:c2	2462	-76	0800	MERCURY_E1C2
60:ce:41:ab:02:d0	2462	-71	0800	Kal'tsit
60:ce:41:ab:02:d2	2462	-70	0800	STB_T4Zp
60:ce:41:46:0e:ec	2437	-69	0800	Kal'tsit
7c:39:85:2a:50:04	2462	-68	0800	Kal'tsit
nsh> [K
nsh> [K
ASSOCIATED_SCAN_ROUND=96 PASS
--- CMD: wapi scan wlan0 ---
wapi scan wlan0
[CPU0] esp_wifi_start_scan: S31 scan request: type=0 channel=0 country_ret=0 first=1 count=11
[CPU0] esp_event_post_wrapper: S31 scan event: status=0 aps=11 id=224
[CPU0] esp_event_post_wrapper: S31 Wi-Fi ISR calls: cpu0=21478 cpu1=0
[CPU0] esp_wifi_scan_event_parse: S31 scan count: ret=0 aps=11
bssid / frequency / signal level / encode / ssid
24:5a:5f:78:74:42	2462	-90	0800	falcom219
30:99:35:5e:4f:63	2432	-88	0800	CU_nhbU
c2:a4:76:28:e1:eb	2437	-86	0800	@Ruijie-s9599_iot
98:0d:51:96:33:54	2437	-86	0800	HDMRC
94:bf:80:7e:6f:c9	2427	-83	0800	CU_rfNY
a4:ba:70:3a:61:31	2412	-82	0800	CU-C4F4_plus
60:ce:41:46:0e:ec	2437	-80	0800	Kal'tsit
bc:54:fc:36:e1:c2	2462	-77	0800	MERCURY_E1C2
60:ce:41:ab:02:d2	2462	-77	0800	STB_T4Zp
60:ce:41:ab:02:d0	2462	-68	0800	Kal'tsit
7c:39:85:2a:50:04	2462	-68	0800	Kal'tsit
nsh> [K
nsh> [K
ASSOCIATED_SCAN_ROUND=97 PASS
--- CMD: wapi scan wlan0 ---
wapi scan wlan0
[CPU0] esp_wifi_start_scan: S31 scan request: type=0 channel=0 country_ret=0 first=1 count=11
[CPU0] esp_event_post_wrapper: S31 scan event: status=0 aps=17 id=225
[CPU0] esp_event_post_wrapper: S31 Wi-Fi ISR calls: cpu0=21690 cpu1=0
[CPU0] esp_wifi_scan_event_parse: S31 scan count: ret=0 aps=17
bssid / frequency / signal level / encode / ssid
8c:de:f9:a0:3f:6c	2442	-92	0800	Xiaomi_DDB3
24:5a:5f:78:74:42	2462	-89	0800	falcom219
04:67:61:71:a9:9a	2412	-89	0800	Xiaomi_6A66
98:0d:51:96:33:54	2437	-89	0800	HDMRC
68:dd:b7:77:db:38	2462	-87	0800	JSL
c8:cd:55:f5:00:a1	2422	-87	0800	海淀区物资回收公司
30:99:35:5e:4f:63	2432	-86	0800	CU_nhbU
c0:a4:76:e8:e1:eb	2437	-85	0800	@Ruijie-s9599
24:69:68:38:77:70	2412	-83	0800	wlj
a4:ba:70:3a:61:31	2412	-81	0800	CU-C4F4_plus
94:bf:80:7e:6f:c9	2427	-80	0800	CU_rfNY
50:78:b3:a3:c4:f4	2412	-79	0800	CU-C4F4
bc:54:fc:36:e1:c2	2462	-77	0800	MERCURY_E1C2
60:ce:41:ab:02:d2	2462	-75	0800	STB_T4Zp
60:ce:41:ab:02:d0	2462	-70	0800	Kal'tsit
60:ce:41:46:0e:ec	2437	-69	0800	Kal'tsit
7c:39:85:2a:50:04	2462	-68	0800	Kal'tsit
nsh> [K
nsh> [K
ASSOCIATED_SCAN_ROUND=98 PASS
--- CMD: wapi scan wlan0 ---
wapi scan wlan0
[CPU0] esp_wifi_start_scan: S31 scan request: type=0 channel=0 country_ret=0 first=1 count=11
[CPU0] esp_event_post_wrapper: S31 scan event: status=0 aps=14 id=226
[CPU0] esp_event_post_wrapper: S31 Wi-Fi ISR calls: cpu0=21922 cpu1=0
[CPU0] esp_wifi_scan_event_parse: S31 scan count: ret=0 aps=14
bssid / frequency / signal level / encode / ssid
24:5a:5f:78:74:42	2462	-91	0800	falcom219
d8:31:39:80:18:b0	2457	-90	0800	CU_9wN9
00:90:4d:88:67:db	2437	-90	0800	XinXun-4983
8c:de:f9:a0:3f:6c	2442	-89	0800	Xiaomi_DDB3
98:0d:51:96:33:54	2437	-88	0800	HDMRC
c2:a4:76:28:e1:eb	2437	-86	0800	@Ruijie-s9599_iot
c0:a4:76:e8:e1:eb	2437	-86	0800	@Ruijie-s9599
50:78:b3:a3:c4:f4	2412	-83	0800	CU-C4F4
a4:ba:70:3a:61:31	2412	-82	0800	CU-C4F4_plus
bc:54:fc:36:e1:c2	2462	-76	0800	MERCURY_E1C2
60:ce:41:ab:02:d0	2462	-71	0800	Kal'tsit
60:ce:41:46:0e:ec	2437	-71	0800	Kal'tsit
60:ce:41:ab:02:d2	2462	-70	0800	STB_T4Zp
7c:39:85:2a:50:04	2462	-69	0800	Kal'tsit
nsh> [K
nsh> [K
ASSOCIATED_SCAN_ROUND=99 PASS
--- CMD: wapi scan wlan0 ---
wapi scan wlan0
[CPU0] esp_wifi_start_scan: S31 scan request: type=0 channel=0 country_ret=0 first=1 count=11
[CPU0] esp_event_post_wrapper: S31 scan event: status=0 aps=11 id=227
[CPU0] esp_event_post_wrapper: S31 Wi-Fi ISR calls: cpu0=22114 cpu1=0
[CPU0] esp_wifi_scan_event_parse: S31 scan count: ret=0 aps=11
bssid / frequency / signal level / encode / ssid
8c:de:f9:a0:3f:6c	2442	-89	0800	Xiaomi_DDB3
30:99:35:5e:4f:63	2432	-86	0800	CU_nhbU
c8:cd:55:f5:00:a1	2422	-85	0800	海淀区物资回收公司
c2:a4:76:28:e1:eb	2437	-85	0800	@Ruijie-s9599_iot
c0:a4:76:e8:e1:eb	2437	-85	0800	@Ruijie-s9599
a4:ba:70:3a:61:31	2412	-83	0800	CU-C4F4_plus
60:ce:41:ab:02:d2	2462	-76	0800	STB_T4Zp
bc:54:fc:36:e1:c2	2462	-76	0800	MERCURY_E1C2
60:ce:41:ab:02:d0	2462	-70	0800	Kal'tsit
7c:39:85:2a:50:04	2462	-68	0800	Kal'tsit
60:ce:41:46:0e:ec	2437	-68	0800	Kal'tsit
nsh> [K
nsh> [K
ASSOCIATED_SCAN_ROUND=100 PASS
--- CMD: ifconfig ---
ifconfig
wlan0	Link encap:Ethernet HWaddr 30:ed:a0:f3:f7:b0 at RUNNING mtu 1500
	inet addr:192.168.1.60 DRaddr:192.168.1.1 Mask:255.255.255.0

nsh> [K
nsh> [K
{"case": "5.1.26", "status": "PASS", "receipt": "build1332-network-dns.sha256", "completed": 100, "list_variants": 100, "elapsed_seconds": 345.49439244800305}
