XTS_RECEIPT=/home/regex/work/esp32s31-openvela/backups/2026-09-10-scan-stress/build1130-kv-errno.sha256
XTS_COMMAND=mount
--- CMD: mount ---
mount
  /data type littlefs
  /proc type procfs
  /tmp type tmpfs
nsh> [K
nsh> [K
XTS_COMMAND=ps
--- CMD: ps ---
ps
  PID GROUP PRI POLICY   TYPE    NPX STATE    EVENT     SIGMASK            STACK COMMAND
    0     0   0 FIFO     Kthread   - Ready              0000000000000000 0002016 CPU0 IDLE
    1     0 224 RR       Kthread   - Waiting  Semaphore 0000000000000000 0004016 hpwork 0x2f009600 0x2f009648
    2     0 100 RR       Kthread   - Waiting  Semaphore 0000000000000000 0004016 lpwork 0x2f009580 0x2f0095c8
    4     0 223 RR       Kthread   - Waiting  Semaphore 0000000000000000 0004032 hr_timer
    5     5 100 RR       Task      - Running            0000000000000000 0008120 nsh_main
nsh> [K
nsh> [K
--- CMD: ls /data/persist.db ---
ls /data/persist.db
nsh: ls: stat failed: No such file or directory
nsh> [K
nsh> [K
XTS_COMMAND=kvdbd &
--- CMD: kvdbd & ---
kvdbd &
kvdbd [6:100]
nsh> [K
nsh> [K
XTS_COMMAND=ps
--- CMD: ps ---
ps
  PID GROUP PRI POLICY   TYPE    NPX STATE    EVENT     SIGMASK            STACK COMMAND
    0     0   0 FIFO     Kthread   - Ready              0000000000000000 0002016 CPU0 IDLE
    1     0 224 RR       Kthread   - Waiting  Semaphore 0000000000000000 0004016 hpwork 0x2f009600 0x2f009648
    2     0 100 RR       Kthread   - Waiting  Semaphore 0000000000000000 0004016 lpwork 0x2f009580 0x2f0095c8
    4     0 223 RR       Kthread   - Waiting  Semaphore 0000000000000000 0004032 hr_timer
    5     5 100 RR       Task      - Running            0000000000000000 0008120 nsh_main
    6     6 100 RR       Task      - Waiting  Signal    0000000000000000 0008144 kvdbd
nsh> [K
nsh> [K
XTS_COMMAND=vela_kvdb_stability_test02 10
vela_kvdb_stability_test02 10
Insert a test data, key is [persist.kvStaTest_0] data=[)Y!1j5//""v&287/90XM]
Insert a test data, key is [persist.kvStaTest_1] data=[+"8A+%"10xI8!P%dFa625]
Insert a test data, key is [persist.kvStaTest_2] data=[/6Wdoft7"p'8"aPy8n5,e%]
Insert a test data, key is [persist.kvStaTest_3] data=[#%T2!"#AFy"J+1-CG"#d0pQ]
Insert a test data, key is [persist.kvStaTest_4] data=[%&&Pk!Gy*1"""!#'l&opE##"]
Insert a test data, key is [persist.kvStaTest_5] data=[au'"47lqmM&O6)V"j2,,x,,)"]
Insert a test data, key is [persist.kvStaTest_6] data=[!*1!S0#ec3#"z!(tA6!-Q'.!/S]
Insert a test data, key is [persist.kvStaTest_7] data=[N3K&-W(!8d+y75%)7lU4%Z!!064]
Insert a test data, key is [persist.kvStaTest_8] data=[!/#4!u!!V#"*&S4c"!9&V1!&D"OC]
Insert a test data, key is [persist.kvStaTest_9] data=[3v#9Dl6K,k##+Y"0#ok8#"-b8-68!]
Insert a test data, key is [persist.kvStaTest_10] data=[q2#'L54!a56I("k&#J#8]
Insert a test data, key is [persist.kvStaTest_11] data=["S#V"Hq*H'rdQ)w!#s"8M]
Insert a test data, key is [persist.kvStaTest_12] data=[)B,9n!"R!/QVH'6,L5/,N9]
Insert a test data, key is [persist.kvStaTest_13] data=[wT8B-"-,ZV!k!4(!C&Y7!f#]
Insert a test data, key is [persist.kvStaTest_14] data=[%'X/#7U43a#s4#8pAA!g42bT]
Insert a test data, key is [persist.kvStaTest_15] data=[VL87cJK!7#y9QNtP8uW#/",o(]
Insert a test data, key is [persist.kvStaTest_16] data=[Iwqe"G&R+B5tEivkXH/yMCp1%-]
Insert a test data, key is [persist.kvStaTest_17] data=[U'#I9#kR%L7p3#"rQweek8*MS90]
Insert a test data, key is [persist.kvStaTest_18] data=[3218Z9x%2K!r#(T,8%!1(10"9"Y2]
Insert a test data, key is [persist.kvStaTest_19] data=[/-7"9!o'Dd.m7#Ioh2hPV"!z4NPcv]
Insert a test data, key is [persist.kvStaTest_20] data=[f2O!ucyA!/3#!B!656##]
Insert a test data, key is [persist.kvStaTest_21] data=[MY%NKCs28JE0Y,#A4wf5#]
Insert a test data, key is [persist.kvStaTest_22] data=[eKx'Y5L"a(d"06&'j3sw8d]
Insert a test data, key is [persist.kvStaTest_23] data=[O/%SZwV"#a)#7,1P(rYh2z0]
Insert a test data, key is [persist.kvStaTest_24] data=[3E#49"4"*!#X!rV7H-67"(13]
Insert a test data, key is [persist.kvStaTest_25] data=[".%2xf0t!o"0)V!!(G9u##9M#]
Insert a test data, key is [persist.kvStaTest_26] data=[7Nz26#2*####Ew&Dq2.&!.!/.9]
Insert a test data, key is [persist.kvStaTest_27] data=[90*(/.E/"Er("8%nW"(A)EWt9-H]
Insert a test data, key is [persist.kvStaTest_28] data=[!4Yv"V"12#XU"h#)o##*8"0rI/J2]
Insert a test data, key is [persist.kvStaTest_29] data=[Sy"'t48'#j#L+#801bT#Qhi!6,pn%]
Insert a test data, key is [persist.kvStaTest_30] data=[2#WIS2'3#0G(!/!4)mBo]
Insert a test data, key is [persist.kvStaTest_31] data=[N//f+Bd!lP/*/"bZ#2,Bc]
Insert a test data, key is [persist.kvStaTest_32] data=[kIl3Dr"4Y4kn07'"8!!((#]
Insert a test data, key is [persist.kvStaTest_33] data=[#E8w#'1,#B&"6"N8-31&+yq]
Insert a test data, key is [persist.kvStaTest_34] data=[.U!#"r#gyr(Z6%i5A"Z'2G0G]
Insert a test data, key is [persist.kvStaTest_35] data=[pa0KLM0/!ou+L#e5O.K#r-V1"]
Insert a test data, key is [persist.kvStaTest_36] data=[#zm"-6!1d"05C'A"7k#%.ot5n6]
Insert a test data, key is [persist.kvStaTest_37] data=[e954y!%&xpuOE*.!4*r3C./90XM]
Insert a test data, key is [persist.kvStaTest_38] data=[+"8A+%"10xI8!P%dFa625/6Wdoft]
Insert a test data, key is [persist.kvStaTest_39] data=[7"p'8"aPy8n5,e%#%T2!"#AFy"J+1]
Insert a test data, key is [persist.kvStaTest_40] data=[-CG"#d0pQ%&&Pk!Gy*1"]
Insert a test data, key is [persist.kvStaTest_41] data=[""!#'l&opE##"au'"47lq]
Insert a test data, key is [persist.kvStaTest_42] data=[mM&O6)V"j2,,x,,)"!*1!S]
Insert a test data, key is [persist.kvStaTest_43] data=[0#ec3#"z!(tA6!-Q'.!/SN3]
Insert a test data, key is [persist.kvStaTest_44] data=[K&-W(!8d+y75%)7lU4%Z!!06]
Insert a test data, key is [persist.kvStaTest_45] data=[4!/#4!u!!V#"*&S4c"!9&V1!&]
Insert a test data, key is [persist.kvStaTest_46] data=[D"OC3v#9Dl6K,k##+Y"0#ok8#"]
Insert a test data, key is [persist.kvStaTest_47] data=[-b8-68!q2#'L54!a56I("k&#J#8]
Insert a test data, key is [persist.kvStaTest_48] data=["S#V"Hq*H'rdQ)w!#s"8M)B,9n!"]
Insert a test data, key is [persist.kvStaTest_49] data=[R!/QVH'6,L5/,N9wT8B-"-,ZV!k!4]
Insert a test data, key is [persist.kvStaTest_50] data=[(!C&Y7!f#%'X/#7U43a#]
Insert a test data, key is [persist.kvStaTest_51] data=[s4#8pAA!g42bTVL87cJK!]
Insert a test data, key is [persist.kvStaTest_52] data=[7#y9QNtP8uW#/",o(Iwqe"]
Insert a test data, key is [persist.kvStaTest_53] data=[G&R+B5tEivkXH/yMCp1%-U']
Insert a test data, key is [persist.kvStaTest_54] data=[#I9#kR%L7p3#"rQweek8*MS9]
Insert a test data, key is [persist.kvStaTest_55] data=[03218Z9x%2K!r#(T,8%!1(10"]
Insert a test data, key is [persist.kvStaTest_56] data=[9"Y2/-7"9!o'Dd.m7#Ioh2hPV"]
Insert a test data, key is [persist.kvStaTest_57] data=[!z4NPcvf2O!ucyA!/3#!B!656##]
Insert a test data, key is [persist.kvStaTest_58] data=[MY%NKCs28JE0Y,#A4wf5#eKx'Y5L]
Insert a test data, key is [persist.kvStaTest_59] data=["a(d"06&'j3sw8dO/%SZwV"#a)#7,]
Insert a test data, key is [persist.kvStaTest_60] data=[1P(rYh2z03E#49"4"*!#]
Insert a test data, key is [persist.kvStaTest_61] data=[X!rV7H-67"(13".%2xf0t]
Insert a test data, key is [persist.kvStaTest_62] data=[!o"0)V!!(G9u##9M#7Nz26]
Insert a test data, key is [persist.kvStaTest_63] data=[#2*####Ew&Dq2.&!.!/.990]
Insert a test data, key is [persist.kvStaTest_64] data=[*(/.E/"Er("8%nW"(A)EWt9-]
Insert a test data, key is [persist.kvStaTest_65] data=[H!4Yv"V"12#XU"h#)o##*8"0r]
Insert a test data, key is [persist.kvStaTest_66] data=[I/J2Sy"'t48'#j#L+#801bT#Qh]
Insert a test data, key is [persist.kvStaTest_67] data=[i!6,pn%2#WIS2'3#0G(!/!4)mBo]
Insert a test data, key is [persist.kvStaTest_68] data=[N//f+Bd!lP/*/"bZ#2,BckIl3Dr"]
Insert a test data, key is [persist.kvStaTest_69] data=[4Y4kn07'"8!!((##E8w#'1,#B&"6"]
Insert a test data, key is [persist.kvStaTest_70] data=[N8-31&+yq.U!#"r#gyr(]
Insert a test data, key is [persist.kvStaTest_71] data=[Z6%i5A"Z'2G0Gpa0KLM0/]
Insert a test data, key is [persist.kvStaTest_72] data=[!ou+L#e5O.K#r-V1"#zm"-]
Insert a test data, key is [persist.kvStaTest_73] data=[6!1d"05C'A"7k#%.ot5n6e9]
Insert a test data, key is [persist.kvStaTest_74] data=[54y!%&xpuOE*.!4*r3C./90X]
Insert a test data, key is [persist.kvStaTest_75] data=[M+"8A+%"10xI8!P%dFa625/6W]
Insert a test data, key is [persist.kvStaTest_76] data=[doft7"p'8"aPy8n5,e%#%T2!"#]
Insert a test data, key is [persist.kvStaTest_77] data=[AFy"J+1-CG"#d0pQ%&&Pk!Gy*1"]
Insert a test data, key is [persist.kvStaTest_78] data=[""!#'l&opE##"au'"47lqmM&O6)V]
Insert a test data, key is [persist.kvStaTest_79] data=["j2,,x,,)"!*1!S0#ec3#"z!(tA6!]
Insert a test data, key is [persist.kvStaTest_80] data=[-Q'.!/SN3K&-W(!8d+y7]
Insert a test data, key is [persist.kvStaTest_81] data=[5%)7lU4%Z!!064!/#4!u!]
Insert a test data, key is [persist.kvStaTest_82] data=[!V#"*&S4c"!9&V1!&D"OC3]
Insert a test data, key is [persist.kvStaTest_83] data=[v#9Dl6K,k##+Y"0#ok8#"-b]
Insert a test data, key is [persist.kvStaTest_84] data=[8-68!q2#'L54!a56I("k&#J#]
Insert a test data, key is [persist.kvStaTest_85] data=[8"S#V"Hq*H'rdQ)w!#s"8M)B,]
Insert a test data, key is [persist.kvStaTest_86] data=[9n!"R!/QVH'6,L5/,N9wT8B-"-]
Insert a test data, key is [persist.kvStaTest_87] data=[,ZV!k!4(!C&Y7!f#%'X/#7U43a#]
Insert a test data, key is [persist.kvStaTest_88] data=[s4#8pAA!g42bTVL87cJK!7#y9QNt]
Insert a test data, key is [persist.kvStaTest_89] data=[P8uW#/",o(Iwqe"G&R+B5tEivkXH/]
Insert a test data, key is [persist.kvStaTest_90] data=[yMCp1%-U'#I9#kR%L7p3]
Insert a test data, key is [persist.kvStaTest_91] data=[#"rQweek8*MS903218Z9x]
Insert a test data, key is [persist.kvStaTest_92] data=[%2K!r#(T,8%!1(10"9"Y2/]
Insert a test data, key is [persist.kvStaTest_93] data=[-7"9!o'Dd.m7#Ioh2hPV"!z]
Insert a test data, key is [persist.kvStaTest_94] data=[4NPcvf2O!ucyA!/3#!B!656#]
Insert a test data, key is [persist.kvStaTest_95] data=[#MY%NKCs28JE0Y,#A4wf5#eKx]
Insert a test data, key is [persist.kvStaTest_96] data=['Y5L"a(d"06&'j3sw8dO/%SZwV]
Insert a test data, key is [persist.kvStaTest_97] data=["#a)#7,1P(rYh2z03E#49"4"*!#]
Insert a test data, key is [persist.kvStaTest_98] data=[X!rV7H-67"(13".%2xf0t!o"0)V!]
Insert a test data, key is [persist.kvStaTest_99] data=[!(G9u##9M#7Nz26#2*####Ew&Dq2.]
Insert a test data, key is [persist.kvStaTest_100] data=[&!.!/.990*(/.E/"Er("]
Insert a test data, key is [persist.kvStaTest_101] data=[8%nW"(A)EWt9-H!4Yv"V"]
Insert a test data, key is [persist.kvStaTest_102] data=[12#XU"h#)o##*8"0rI/J2S]
Insert a test data, key is [persist.kvStaTest_103] data=[y"'t48'#j#L+#801bT#Qhi!]
Insert a test data, key is [persist.kvStaTest_104] data=[6,pn%2#WIS2'3#0G(!/!4)mB]
Insert a test data, key is [persist.kvStaTest_105] data=[oN//f+Bd!lP/*/"bZ#2,BckIl]
Insert a test data, key is [persist.kvStaTest_106] data=[3Dr"4Y4kn07'"8!!((##E8w#'1]
Insert a test data, key is [persist.kvStaTest_107] data=[,#B&"6"N8-31&+yq.U!#"r#gyr(]
Insert a test data, key is [persist.kvStaTest_108] data=[Z6%i5A"Z'2G0Gpa0KLM0/!ou+L#e]
Insert a test data, key is [persist.kvStaTest_109] data=[5O.K#r-V1"#zm"-6!1d"05C'A"7k#]
Insert a test data, key is [persist.kvStaTest_110] data=[%.ot5n6e954y!%&xpuOE]
Insert a test data, key is [persist.kvStaTest_111] data=[*.!4*r3C./90XM+"8A+%"]
Insert a test data, key is [persist.kvStaTest_112] data=[10xI8!P%dFa625/6Wdoft7]
Insert a test data, key is [persist.kvStaTest_113] data=["p'8"aPy8n5,e%#%T2!"#AF]
Insert a test data, key is [persist.kvStaTest_114] data=[y"J+1-CG"#d0pQ%&&Pk!Gy*1]
Insert a test data, key is [persist.kvStaTest_115] data=["""!#'l&opE##"au'"47lqmM&]
Insert a test data, key is [persist.kvStaTest_116] data=[O6)V"j2,,x,,)"!*1!S0#ec3#"]
Insert a test data, key is [persist.kvStaTest_117] data=[z!(tA6!-Q'.!/SN3K&-W(!8d+y7]
Insert a test data, key is [persist.kvStaTest_118] data=[5%)7lU4%Z!!064!/#4!u!!V#"*&S]
Insert a test data, key is [persist.kvStaTest_119] data=[4c"!9&V1!&D"OC3v#9Dl6K,k##+Y"]
Insert a test data, key is [persist.kvStaTest_120] data=[0#ok8#"-b8-68!q2#'L5]
Insert a test data, key is [persist.kvStaTest_121] data=[4!a56I("k&#J#8"S#V"Hq]
Insert a test data, key is [persist.kvStaTest_122] data=[*H'rdQ)w!#s"8M)B,9n!"R]
Insert a test data, key is [persist.kvStaTest_123] data=[!/QVH'6,L5/,N9wT8B-"-,Z]
Insert a test data, key is [persist.kvStaTest_124] data=[V!k!4(!C&Y7!f#%'X/#7U43a]
Insert a test data, key is [persist.kvStaTest_125] data=[#s4#8pAA!g42bTVL87cJK!7#y]
Insert a test data, key is [persist.kvStaTest_126] data=[9QNtP8uW#/",o(Iwqe"G&R+B5t]
Insert a test data, key is [persist.kvStaTest_127] data=[EivkXH/yMCp1%-U'#I9#kR%L7p3]
Insert a test data, key is [persist.kvStaTest_128] data=[#"rQweek8*MS903218Z9x%2K!r#(]
Insert a test data, key is [persist.kvStaTest_129] data=[T,8%!1(10"9"Y2/-7"9!o'Dd.m7#I]
Insert a test data, key is [persist.kvStaTest_130] data=[oh2hPV"!z4NPcvf2O!uc]
Insert a test data, key is [persist.kvStaTest_131] data=[yA!/3#!B!656##MY%NKCs]
Insert a test data, key is [persist.kvStaTest_132] data=[28JE0Y,#A4wf5#eKx'Y5L"]
Insert a test data, key is [persist.kvStaTest_133] data=[a(d"06&'j3sw8dO/%SZwV"#]
Insert a test data, key is [persist.kvStaTest_134] data=[a)#7,1P(rYh2z03E#49"4"*!]
Insert a test data, key is [persist.kvStaTest_135] data=[#X!rV7H-67"(13".%2xf0t!o"]
Insert a test data, key is [persist.kvStaTest_136] data=[0)V!!(G9u##9M#7Nz26#2*####]
Insert a test data, key is [persist.kvStaTest_137] data=[Ew&Dq2.&!.!/.990*(/.E/"Er("]
Insert a test data, key is [persist.kvStaTest_138] data=[8%nW"(A)EWt9-H!4Yv"V"12#XU"h]
Insert a test data, key is [persist.kvStaTest_139] data=[#)o##*8"0rI/J2Sy"'t48'#j#L+#8]
Insert a test data, key is [persist.kvStaTest_140] data=[01bT#Qhi!6,pn%2#WIS2]
Insert a test data, key is [persist.kvStaTest_141] data=['3#0G(!/!4)mBoN//f+Bd]
Insert a test data, key is [persist.kvStaTest_142] data=[!lP/*/"bZ#2,BckIl3Dr"4]
Insert a test data, key is [persist.kvStaTest_143] data=[Y4kn07'"8!!((##E8w#'1,#]
Insert a test data, key is [persist.kvStaTest_144] data=[B&"6"N8-31&+yq.U!#"r#gyr]
Insert a test data, key is [persist.kvStaTest_145] data=[(Z6%i5A"Z'2G0Gpa0KLM0/!ou]
Insert a test data, key is [persist.kvStaTest_146] data=[+L#e5O.K#r-V1"#zm"-6!1d"05]
Insert a test data, key is [persist.kvStaTest_147] data=[C'A"7k#%.ot5n6e954y!%&xpuOE]
Insert a test data, key is [persist.kvStaTest_148] data=[*.!4*r3C./90XM+"8A+%"10xI8!P]
Insert a test data, key is [persist.kvStaTest_149] data=[%dFa625/6Wdoft7"p'8"aPy8n5,e%]
Insert a test data, key is [persist.kvStaTest_150] data=[#%T2!"#AFy"J+1-CG"#d]
Insert a test data, key is [persist.kvStaTest_151] data=[0pQ%&&Pk!Gy*1"""!#'l&]
Insert a test data, key is [persist.kvStaTest_152] data=[opE##"au'"47lqmM&O6)V"]
Insert a test data, key is [persist.kvStaTest_153] data=[j2,,x,,)"!*1!S0#ec3#"z!]
Insert a test data, key is [persist.kvStaTest_154] data=[(tA6!-Q'.!/SN3K&-W(!8d+y]
Insert a test data, key is [persist.kvStaTest_155] data=[75%)7lU4%Z!!064!/#4!u!!V#]
Insert a test data, key is [persist.kvStaTest_156] data=["*&S4c"!9&V1!&D"OC3v#9Dl6K]
Insert a test data, key is [persist.kvStaTest_157] data=[,k##+Y"0#ok8#"-b8-68!q2#'L5]
Insert a test data, key is [persist.kvStaTest_158] data=[4!a56I("k&#J#8"S#V"Hq*H'rdQ)]
Insert a test data, key is [persist.kvStaTest_159] data=[w!#s"8M)B,9n!"R!/QVH'6,L5/,N9]
Insert a test data, key is [persist.kvStaTest_160] data=[wT8B-"-,ZV!k!4(!C&Y7]
Insert a test data, key is [persist.kvStaTest_161] data=[!f#%'X/#7U43a#s4#8pAA]
Insert a test data, key is [persist.kvStaTest_162] data=[!g42bTVL87cJK!7#y9QNtP]
Insert a test data, key is [persist.kvStaTest_163] data=[8uW#/",o(Iwqe"G&R+B5tEi]
Insert a test data, key is [persist.kvStaTest_164] data=[vkXH/yMCp1%-U'#I9#kR%L7p]
Insert a test data, key is [persist.kvStaTest_165] data=[3#"rQweek8*MS903218Z9x%2K]
Insert a test data, key is [persist.kvStaTest_166] data=[!r#(T,8%!1(10"9"Y2/-7"9!o']
Insert a test data, key is [persist.kvStaTest_167] data=[Dd.m7#Ioh2hPV"!z4NPcvf2O!uc]
Insert a test data, key is [persist.kvStaTest_168] data=[yA!/3#!B!656##MY%NKCs28JE0Y,]
Insert a test data, key is [persist.kvStaTest_169] data=[#A4wf5#eKx'Y5L"a(d"06&'j3sw8d]
Insert a test data, key is [persist.kvStaTest_170] data=[O/%SZwV"#a)#7,1P(rYh]
Insert a test data, key is [persist.kvStaTest_171] data=[2z03E#49"4"*!#X!rV7H-]
Insert a test data, key is [persist.kvStaTest_172] data=[67"(13".%2xf0t!o"0)V!!]
Insert a test data, key is [persist.kvStaTest_173] data=[(G9u##9M#7Nz26#2*####Ew]
Insert a test data, key is [persist.kvStaTest_174] data=[&Dq2.&!.!/.990*(/.E/"Er(]
Insert a test data, key is [persist.kvStaTest_175] data=["8%nW"(A)EWt9-H!4Yv"V"12#]
Insert a test data, key is [persist.kvStaTest_176] data=[XU"h#)o##*8"0rI/J2Sy"'t48']
Insert a test data, key is [persist.kvStaTest_177] data=[#j#L+#801bT#Qhi!6,pn%2#WIS2]
Insert a test data, key is [persist.kvStaTest_178] data=['3#0G(!/!4)mBoN//f+Bd!lP/*/"]
Insert a test data, key is [persist.kvStaTest_179] data=[bZ#2,BckIl3Dr"4Y4kn07'"8!!((#]
Insert a test data, key is [persist.kvStaTest_180] data=[#E8w#'1,#B&"6"N8-31&]
Insert a test data, key is [persist.kvStaTest_181] data=[+yq.U!#"r#gyr(Z6%i5A"]
Insert a test data, key is [persist.kvStaTest_182] data=[Z'2G0Gpa0KLM0/!ou+L#e5]
Insert a test data, key is [persist.kvStaTest_183] data=[O.K#r-V1"#zm"-6!1d"05C']
Insert a test data, key is [persist.kvStaTest_184] data=[A"7k#%.ot5n6e954y!%&xpuO]
Insert a test data, key is [persist.kvStaTest_185] data=[E*.!4*r3C./90XM+"8A+%"10x]
Insert a test data, key is [persist.kvStaTest_186] data=[I8!P%dFa625/6Wdoft7"p'8"aP]
Insert a test data, key is [persist.kvStaTest_187] data=[y8n5,e%#%T2!"#AFy"J+1-CG"#d]
Insert a test data, key is [persist.kvStaTest_188] data=[0pQ%&&Pk!Gy*1"""!#'l&opE##"a]
Insert a test data, key is [persist.kvStaTest_189] data=[u'"47lqmM&O6)V"j2,,x,,)"!*1!S]
Insert a test data, key is [persist.kvStaTest_190] data=[0#ec3#"z!(tA6!-Q'.!/]
Insert a test data, key is [persist.kvStaTest_191] data=[SN3K&-W(!8d+y75%)7lU4]
Insert a test data, key is [persist.kvStaTest_192] data=[%Z!!064!/#4!u!!V#"*&S4]
Insert a test data, key is [persist.kvStaTest_193] data=[c"!9&V1!&D"OC3v#9Dl6K,k]
Insert a test data, key is [persist.kvStaTest_194] data=[##+Y"0#ok8#"-b8-68!q2#'L]
Insert a test data, key is [persist.kvStaTest_195] data=[54!a56I("k&#J#8"S#V"Hq*H']
Insert a test data, key is [persist.kvStaTest_196] data=[rdQ)w!#s"8M)B,9n!"R!/QVH'6]
Insert a test data, key is [persist.kvStaTest_197] data=[,L5/,N9wT8B-"-,ZV!k!4(!C&Y7]
Insert a test data, key is [persist.kvStaTest_198] data=[!f#%'X/#7U43a#s4#8pAA!g42bTV]
Insert a test data, key is [persist.kvStaTest_199] data=[L87cJK!7#y9QNtP8uW#/",o(Iwqe"]
Insert a test data, key is [persist.kvStaTest_200] data=[G&R+B5tEivkXH/yMCp1%]
Insert a test data, key is [persist.kvStaTest_201] data=[-U'#I9#kR%L7p3#"rQwee]
Insert a test data, key is [persist.kvStaTest_202] data=[k8*MS903218Z9x%2K!r#(T]
Insert a test data, key is [persist.kvStaTest_203] data=[,8%!1(10"9"Y2/-7"9!o'Dd]
Insert a test data, key is [persist.kvStaTest_204] data=[.m7#Ioh2hPV"!z4NPcvf2O!u]
Insert a test data, key is [persist.kvStaTest_205] data=[cyA!/3#!B!656##MY%NKCs28J]
Insert a test data, key is [persist.kvStaTest_206] data=[E0Y,#A4wf5#eKx'Y5L"a(d"06&]
Insert a test data, key is [persist.kvStaTest_207] data=['j3sw8dO/%SZwV"#a)#7,1P(rYh]
Insert a test data, key is [persist.kvStaTest_208] data=[2z03E#49"4"*!#X!rV7H-67"(13"]
Insert a test data, key is [persist.kvStaTest_209] data=[.%2xf0t!o"0)V!!(G9u##9M#7Nz26]
Insert a test data, key is [persist.kvStaTest_210] data=[#2*####Ew&Dq2.&!.!/.]
Insert a test data, key is [persist.kvStaTest_211] data=[990*(/.E/"Er("8%nW"(A]
Insert a test data, key is [persist.kvStaTest_212] data=[)EWt9-H!4Yv"V"12#XU"h#]
Insert a test data, key is [persist.kvStaTest_213] data=[)o##*8"0rI/J2Sy"'t48'#j]
Insert a test data, key is [persist.kvStaTest_214] data=[#L+#801bT#Qhi!6,pn%2#WIS]
Insert a test data, key is [persist.kvStaTest_215] data=[2'3#0G(!/!4)mBoN//f+Bd!lP]
Insert a test data, key is [persist.kvStaTest_216] data=[/*/"bZ#2,BckIl3Dr"4Y4kn07']
Insert a test data, key is [persist.kvStaTest_217] data=["8!!((##E8w#'1,#B&"6"N8-31&]
Insert a test data, key is [persist.kvStaTest_218] data=[+yq.U!#"r#gyr(Z6%i5A"Z'2G0Gp]
Insert a test data, key is [persist.kvStaTest_219] data=[a0KLM0/!ou+L#e5O.K#r-V1"#zm"-]
Insert a test data, key is [persist.kvStaTest_220] data=[6!1d"05C'A"7k#%.ot5n]
Insert a test data, key is [persist.kvStaTest_221] data=[6e954y!%&xpuOE*.!4*r3]
Insert a test data, key is [persist.kvStaTest_222] data=[C./90XM+"8A+%"10xI8!P%]
Insert a test data, key is [persist.kvStaTest_223] data=[dFa625/6Wdoft7"p'8"aPy8]
Insert a test data, key is [persist.kvStaTest_224] data=[n5,e%#%T2!"#AFy"J+1-CG"#]
Insert a test data, key is [persist.kvStaTest_225] data=[d0pQ%&&Pk!Gy*1"""!#'l&opE]
Insert a test data, key is [persist.kvStaTest_226] data=[##"au'"47lqmM&O6)V"j2,,x,,]
Insert a test data, key is [persist.kvStaTest_227] data=[)"!*1!S0#ec3#"z!(tA6!-Q'.!/]
Insert a test data, key is [persist.kvStaTest_228] data=[SN3K&-W(!8d+y75%)7lU4%Z!!064]
Insert a test data, key is [persist.kvStaTest_229] data=[!/#4!u!!V#"*&S4c"!9&V1!&D"OC3]
Insert a test data, key is [persist.kvStaTest_230] data=[v#9Dl6K,k##+Y"0#ok8#]
Insert a test data, key is [persist.kvStaTest_231] data=["-b8-68!q2#'L54!a56I(]
Insert a test data, key is [persist.kvStaTest_232] data=["k&#J#8"S#V"Hq*H'rdQ)w]
Insert a test data, key is [persist.kvStaTest_233] data=[!#s"8M)B,9n!"R!/QVH'6,L]
Insert a test data, key is [persist.kvStaTest_234] data=[5/,N9wT8B-"-,ZV!k!4(!C&Y]
Insert a test data, key is [persist.kvStaTest_235] data=[7!f#%'X/#7U43a#s4#8pAA!g4]
Insert a test data, key is [persist.kvStaTest_236] data=[2bTVL87cJK!7#y9QNtP8uW#/",]
Insert a test data, key is [persist.kvStaTest_237] data=[o(Iwqe"G&R+B5tEivkXH/yMCp1%]
Insert a test data, key is [persist.kvStaTest_238] data=[-U'#I9#kR%L7p3#"rQweek8*MS90]
Insert a test data, key is [persist.kvStaTest_239] data=[3218Z9x%2K!r#(T,8%!1(10"9"Y2/]
Insert a test data, key is [persist.kvStaTest_240] data=[-7"9!o'Dd.m7#Ioh2hPV]
Insert a test data, key is [persist.kvStaTest_241] data=["!z4NPcvf2O!ucyA!/3#!]
Insert a test data, key is [persist.kvStaTest_242] data=[B!656##MY%NKCs28JE0Y,#]
Insert a test data, key is [persist.kvStaTest_243] data=[A4wf5#eKx'Y5L"a(d"06&'j]
Insert a test data, key is [persist.kvStaTest_244] data=[3sw8dO/%SZwV"#a)#7,1P(rY]
Insert a test data, key is [persist.kvStaTest_245] data=[h2z03E#49"4"*!#X!rV7H-67"]
Insert a test data, key is [persist.kvStaTest_246] data=[(13".%2xf0t!o"0)V!!(G9u##9]
Insert a test data, key is [persist.kvStaTest_247] data=[M#7Nz26#2*####Ew&Dq2.&!.!/.]
Insert a test data, key is [persist.kvStaTest_248] data=[990*(/.E/"Er("8%nW"(A)EWt9-H]
Insert a test data, key is [persist.kvStaTest_249] data=[!4Yv"V"12#XU"h#)o##*8"0rI/J2S]
Insert a test data, key is [persist.kvStaTest_250] data=[y"'t48'#j#L+#801bT#Q]
Insert a test data, key is [persist.kvStaTest_251] data=[hi!6,pn%2#WIS2'3#0G(!]
Insert a test data, key is [persist.kvStaTest_252] data=[/!4)mBoN//f+Bd!lP/*/"b]
Insert a test data, key is [persist.kvStaTest_253] data=[Z#2,BckIl3Dr"4Y4kn07'"8]
Insert a test data, key is [persist.kvStaTest_254] data=[!!((##E8w#'1,#B&"6"N8-31]
Insert a test data, key is [persist.kvStaTest_255] data=[&+yq.U!#"r#gyr(Z6%i5A"Z'2]
Insert a test data, key is [persist.kvStaTest_256] data=[G0Gpa0KLM0/!ou+L#e5O.K#r-V]
Insert a test data, key is [persist.kvStaTest_257] data=[1"#zm"-6!1d"05C'A"7k#%.ot5n]
Insert a test data, key is [persist.kvStaTest_258] data=[6e954y!%&xpuOE*.!4*r3C./90XM]
Insert a test data, key is [persist.kvStaTest_259] data=[+"8A+%"10xI8!P%dFa625/6Wdoft7]
Insert a test data, key is [persist.kvStaTest_260] data=["p'8"aPy8n5,e%#%T2!"]
Insert a test data, key is [persist.kvStaTest_261] data=[#AFy"J+1-CG"#d0pQ%&&P]
Insert a test data, key is [persist.kvStaTest_262] data=[k!Gy*1"""!#'l&opE##"au]
Insert a test data, key is [persist.kvStaTest_263] data=['"47lqmM&O6)V"j2,,x,,)"]
Insert a test data, key is [persist.kvStaTest_264] data=[!*1!S0#ec3#"z!(tA6!-Q'.!]
Insert a test data, key is [persist.kvStaTest_265] data=[/SN3K&-W(!8d+y75%)7lU4%Z!]
Insert a test data, key is [persist.kvStaTest_266] data=[!064!/#4!u!!V#"*&S4c"!9&V1]
Insert a test data, key is [persist.kvStaTest_267] data=[!&D"OC3v#9Dl6K,k##+Y"0#ok8#]
Insert a test data, key is [persist.kvStaTest_268] data=["-b8-68!q2#'L54!a56I("k&#J#8]
Insert a test data, key is [persist.kvStaTest_269] data=["S#V"Hq*H'rdQ)w!#s"8M)B,9n!"R]
Insert a test data, key is [persist.kvStaTest_270] data=[!/QVH'6,L5/,N9wT8B-"]
Insert a test data, key is [persist.kvStaTest_271] data=[-,ZV!k!4(!C&Y7!f#%'X/]
Insert a test data, key is [persist.kvStaTest_272] data=[#7U43a#s4#8pAA!g42bTVL]
Insert a test data, key is [persist.kvStaTest_273] data=[87cJK!7#y9QNtP8uW#/",o(]
Insert a test data, key is [persist.kvStaTest_274] data=[Iwqe"G&R+B5tEivkXH/yMCp1]
Insert a test data, key is [persist.kvStaTest_275] data=[%-U'#I9#kR%L7p3#"rQweek8*]
Insert a test data, key is [persist.kvStaTest_276] data=[MS903218Z9x%2K!r#(T,8%!1(1]
Insert a test data, key is [persist.kvStaTest_277] data=[0"9"Y2/-7"9!o'Dd.m7#Ioh2hPV]
Insert a test data, key is [persist.kvStaTest_278] data=["!z4NPcvf2O!ucyA!/3#!B!656##]
Insert a test data, key is [persist.kvStaTest_279] data=[MY%NKCs28JE0Y,#A4wf5#eKx'Y5L"]
Insert a test data, key is [persist.kvStaTest_280] data=[a(d"06&'j3sw8dO/%SZw]
Insert a test data, key is [persist.kvStaTest_281] data=[V"#a)#7,1P(rYh2z03E#4]
Insert a test data, key is [persist.kvStaTest_282] data=[9"4"*!#X!rV7H-67"(13".]
Insert a test data, key is [persist.kvStaTest_283] data=[%2xf0t!o"0)V!!(G9u##9M#]
Insert a test data, key is [persist.kvStaTest_284] data=[7Nz26#2*####Ew&Dq2.&!.!/]
Insert a test data, key is [persist.kvStaTest_285] data=[.990*(/.E/"Er("8%nW"(A)EW]
Insert a test data, key is [persist.kvStaTest_286] data=[t9-H!4Yv"V"12#XU"h#)o##*8"]
Insert a test data, key is [persist.kvStaTest_287] data=[0rI/J2Sy"'t48'#j#L+#801bT#Q]
Insert a test data, key is [persist.kvStaTest_288] data=[hi!6,pn%2#WIS2'3#0G(!/!4)mBo]
Insert a test data, key is [persist.kvStaTest_289] data=[N//f+Bd!lP/*/"bZ#2,BckIl3Dr"4]
Insert a test data, key is [persist.kvStaTest_290] data=[Y4kn07'"8!!((##E8w#']
Insert a test data, key is [persist.kvStaTest_291] data=[1,#B&"6"N8-31&+yq.U!#]
Insert a test data, key is [persist.kvStaTest_292] data=["r#gyr(Z6%i5A"Z'2G0Gpa]
Insert a test data, key is [persist.kvStaTest_293] data=[0KLM0/!ou+L#e5O.K#r-V1"]
Insert a test data, key is [persist.kvStaTest_294] data=[#zm"-6!1d"05C'A"7k#%.ot5]
Insert a test data, key is [persist.kvStaTest_295] data=[n6e954y!%&xpuOE*.!4*r3C./]
Insert a test data, key is [persist.kvStaTest_296] data=[90XM+"8A+%"10xI8!P%dFa625/]
Insert a test data, key is [persist.kvStaTest_297] data=[6Wdoft7"p'8"aPy8n5,e%#%T2!"]
Insert a test data, key is [persist.kvStaTest_298] data=[#AFy"J+1-CG"#d0pQ%&&Pk!Gy*1"]
Insert a test data, key is [persist.kvStaTest_299] data=[""!#'l&opE##"au'"47lqmM&O6)V"]
Insert a test data, key is [persist.kvStaTest_300] data=[j2,,x,,)"!*1!S0#ec3#]
Insert a test data, key is [persist.kvStaTest_301] data=["z!(tA6!-Q'.!/SN3K&-W]
Insert a test data, key is [persist.kvStaTest_302] data=[(!8d+y75%)7lU4%Z!!064!]
Insert a test data, key is [persist.kvStaTest_303] data=[/#4!u!!V#"*&S4c"!9&V1!&]
Insert a test data, key is [persist.kvStaTest_304] data=[D"OC3v#9Dl6K,k##+Y"0#ok8]
Insert a test data, key is [persist.kvStaTest_305] data=[#"-b8-68!q2#'L54!a56I("k&]
Insert a test data, key is [persist.kvStaTest_306] data=[#J#8"S#V"Hq*H'rdQ)w!#s"8M)]
Insert a test data, key is [persist.kvStaTest_307] data=[B,9n!"R!/QVH'6,L5/,N9wT8B-"]
Insert a test data, key is [persist.kvStaTest_308] data=[-,ZV!k!4(!C&Y7!f#%'X/#7U43a#]
Insert a test data, key is [persist.kvStaTest_309] data=[s4#8pAA!g42bTVL87cJK!7#y9QNtP]
Insert a test data, key is [persist.kvStaTest_310] data=[8uW#/",o(Iwqe"G&R+B5]
Insert a test data, key is [persist.kvStaTest_311] data=[tEivkXH/yMCp1%-U'#I9#]
Insert a test data, key is [persist.kvStaTest_312] data=[kR%L7p3#"rQweek8*MS903]
Insert a test data, key is [persist.kvStaTest_313] data=[218Z9x%2K!r#(T,8%!1(10"]
Insert a test data, key is [persist.kvStaTest_314] data=[9"Y2/-7"9!o'Dd.m7#Ioh2hP]
Insert a test data, key is [persist.kvStaTest_315] data=[V"!z4NPcvf2O!ucyA!/3#!B!6]
Insert a test data, key is [persist.kvStaTest_316] data=[56##MY%NKCs28JE0Y,#A4wf5#e]
Insert a test data, key is [persist.kvStaTest_317] data=[Kx'Y5L"a(d"06&'j3sw8dO/%SZw]
Insert a test data, key is [persist.kvStaTest_318] data=[V"#a)#7,1P(rYh2z03E#49"4"*!#]
Insert a test data, key is [persist.kvStaTest_319] data=[X!rV7H-67"(13".%2xf0t!o"0)V!!]
Insert a test data, key is [persist.kvStaTest_320] data=[(G9u##9M#7Nz26#2*###]
Insert a test data, key is [persist.kvStaTest_321] data=[#Ew&Dq2.&!.!/.990*(/.]
Insert a test data, key is [persist.kvStaTest_322] data=[E/"Er("8%nW"(A)EWt9-H!]
Insert a test data, key is [persist.kvStaTest_323] data=[4Yv"V"12#XU"h#)o##*8"0r]
Insert a test data, key is [persist.kvStaTest_324] data=[I/J2Sy"'t48'#j#L+#801bT#]
Insert a test data, key is [persist.kvStaTest_325] data=[Qhi!6,pn%2#WIS2'3#0G(!/!4]
Insert a test data, key is [persist.kvStaTest_326] data=[)mBoN//f+Bd!lP/*/"bZ#2,Bck]
Insert a test data, key is [persist.kvStaTest_327] data=[Il3Dr"4Y4kn07'"8!!((##E8w#']
Insert a test data, key is [persist.kvStaTest_328] data=[1,#B&"6"N8-31&+yq.U!#"r#gyr(]
Insert a test data, key is [persist.kvStaTest_329] data=[Z6%i5A"Z'2G0Gpa0KLM0/!ou+L#e5]
Insert a test data, key is [persist.kvStaTest_330] data=[O.K#r-V1"#zm"-6!1d"0]
Insert a test data, key is [persist.kvStaTest_331] data=[5C'A"7k#%.ot5n6e954y!]
Insert a test data, key is [persist.kvStaTest_332] data=[%&xpuOE*.!4*r3C./90XM+]
Insert a test data, key is [persist.kvStaTest_333] data=["8A+%"10xI8!P%dFa625/6W]
Insert a test data, key is [persist.kvStaTest_334] data=[doft7"p'8"aPy8n5,e%#%T2!]
Insert a test data, key is [persist.kvStaTest_335] data=["#AFy"J+1-CG"#d0pQ%&&Pk!G]
Insert a test data, key is [persist.kvStaTest_336] data=[y*1"""!#'l&opE##"au'"47lqm]
Insert a test data, key is [persist.kvStaTest_337] data=[M&O6)V"j2,,x,,)"!*1!S0#ec3#]
Insert a test data, key is [persist.kvStaTest_338] data=["z!(tA6!-Q'.!/SN3K&-W(!8d+y7]
Insert a test data, key is [persist.kvStaTest_339] data=[5%)7lU4%Z!!064!/#4!u!!V#"*&S4]
Insert a test data, key is [persist.kvStaTest_340] data=[c"!9&V1!&D"OC3v#9Dl6]
Insert a test data, key is [persist.kvStaTest_341] data=[K,k##+Y"0#ok8#"-b8-68]
Insert a test data, key is [persist.kvStaTest_342] data=[!q2#'L54!a56I("k&#J#8"]
Insert a test data, key is [persist.kvStaTest_343] data=[S#V"Hq*H'rdQ)w!#s"8M)B,]
Insert a test data, key is [persist.kvStaTest_344] data=[9n!"R!/QVH'6,L5/,N9wT8B-]
Insert a test data, key is [persist.kvStaTest_345] data=["-,ZV!k!4(!C&Y7!f#%'X/#7U]
Insert a test data, key is [persist.kvStaTest_346] data=[43a#s4#8pAA!g42bTVL87cJK!7]
Insert a test data, key is [persist.kvStaTest_347] data=[#y9QNtP8uW#/",o(Iwqe"G&R+B5]
Insert a test data, key is [persist.kvStaTest_348] data=[tEivkXH/yMCp1%-U'#I9#kR%L7p3]
Insert a test data, key is [persist.kvStaTest_349] data=[#"rQweek8*MS903218Z9x%2K!r#(T]
Insert a test data, key is [persist.kvStaTest_350] data=[,8%!1(10"9"Y2/-7"9!o]
Insert a test data, key is [persist.kvStaTest_351] data=['Dd.m7#Ioh2hPV"!z4NPc]
Insert a test data, key is [persist.kvStaTest_352] data=[vf2O!ucyA!/3#!B!656##M]
Insert a test data, key is [persist.kvStaTest_353] data=[Y%NKCs28JE0Y,#A4wf5#eKx]
Insert a test data, key is [persist.kvStaTest_354] data=['Y5L"a(d"06&'j3sw8dO/%SZ]
Insert a test data, key is [persist.kvStaTest_355] data=[wV"#a)#7,1P(rYh2z03E#49"4]
Insert a test data, key is [persist.kvStaTest_356] data=["*!#X!rV7H-67"(13".%2xf0t!]
Insert a test data, key is [persist.kvStaTest_357] data=[o"0)V!!(G9u##9M#7Nz26#2*###]
Insert a test data, key is [persist.kvStaTest_358] data=[#Ew&Dq2.&!.!/.990*(/.E/"Er("]
Insert a test data, key is [persist.kvStaTest_359] data=[8%nW"(A)EWt9-H!4Yv"V"12#XU"h#]
Insert a test data, key is [persist.kvStaTest_360] data=[)o##*8"0rI/J2Sy"'t48]
Insert a test data, key is [persist.kvStaTest_361] data=['#j#L+#801bT#Qhi!6,pn]
Insert a test data, key is [persist.kvStaTest_362] data=[%2#WIS2'3#0G(!/!4)mBoN]
Insert a test data, key is [persist.kvStaTest_363] data=[//f+Bd!lP/*/"bZ#2,BckIl]
Insert a test data, key is [persist.kvStaTest_364] data=[3Dr"4Y4kn07'"8!!((##E8w#]
Insert a test data, key is [persist.kvStaTest_365] data=['1,#B&"6"N8-31&+yq.U!#"r#]
Insert a test data, key is [persist.kvStaTest_366] data=[gyr(Z6%i5A"Z'2G0Gpa0KLM0/!]
Insert a test data, key is [persist.kvStaTest_367] data=[ou+L#e5O.K#r-V1"#zm"-6!1d"0]
Insert a test data, key is [persist.kvStaTest_368] data=[5C'A"7k#%.ot5n6e954y!%&xpuOE]
Insert a test data, key is [persist.kvStaTest_369] data=[*.!4*r3C./90XM+"8A+%"10xI8!P%]
Insert a test data, key is [persist.kvStaTest_370] data=[dFa625/6Wdoft7"p'8"a]
Insert a test data, key is [persist.kvStaTest_371] data=[Py8n5,e%#%T2!"#AFy"J+]
Insert a test data, key is [persist.kvStaTest_372] data=[1-CG"#d0pQ%&&Pk!Gy*1""]
Insert a test data, key is [persist.kvStaTest_373] data=["!#'l&opE##"au'"47lqmM&]
Insert a test data, key is [persist.kvStaTest_374] data=[O6)V"j2,,x,,)"!*1!S0#ec3]
Insert a test data, key is [persist.kvStaTest_375] data=[#"z!(tA6!-Q'.!/SN3K&-W(!8]
Insert a test data, key is [persist.kvStaTest_376] data=[d+y75%)7lU4%Z!!064!/#4!u!!]
Insert a test data, key is [persist.kvStaTest_377] data=[V#"*&S4c"!9&V1!&D"OC3v#9Dl6]
Insert a test data, key is [persist.kvStaTest_378] data=[K,k##+Y"0#ok8#"-b8-68!q2#'L5]
Insert a test data, key is [persist.kvStaTest_379] data=[4!a56I("k&#J#8"S#V"Hq*H'rdQ)w]
Insert a test data, key is [persist.kvStaTest_380] data=[!#s"8M)B,9n!"R!/QVH']
Insert a test data, key is [persist.kvStaTest_381] data=[6,L5/,N9wT8B-"-,ZV!k!]
Insert a test data, key is [persist.kvStaTest_382] data=[4(!C&Y7!f#%'X/#7U43a#s]
Insert a test data, key is [persist.kvStaTest_383] data=[4#8pAA!g42bTVL87cJK!7#y]
Insert a test data, key is [persist.kvStaTest_384] data=[9QNtP8uW#/",o(Iwqe"G&R+B]
Insert a test data, key is [persist.kvStaTest_385] data=[5tEivkXH/yMCp1%-U'#I9#kR%]
Insert a test data, key is [persist.kvStaTest_386] data=[L7p3#"rQweek8*MS903218Z9x%]
Insert a test data, key is [persist.kvStaTest_387] data=[2K!r#(T,8%!1(10"9"Y2/-7"9!o]
Insert a test data, key is [persist.kvStaTest_388] data=['Dd.m7#Ioh2hPV"!z4NPcvf2O!uc]
Insert a test data, key is [persist.kvStaTest_389] data=[yA!/3#!B!656##MY%NKCs28JE0Y,#]
Insert a test data, key is [persist.kvStaTest_390] data=[A4wf5#eKx'Y5L"a(d"06]
Insert a test data, key is [persist.kvStaTest_391] data=[&'j3sw8dO/%SZwV"#a)#7]
Insert a test data, key is [persist.kvStaTest_392] data=[,1P(rYh2z03E#49"4"*!#X]
Insert a test data, key is [persist.kvStaTest_393] data=[!rV7H-67"(13".%2xf0t!o"]
Insert a test data, key is [persist.kvStaTest_394] data=[0)V!!(G9u##9M#7Nz26#2*##]
Insert a test data, key is [persist.kvStaTest_395] data=[##Ew&Dq2.&!.!/.990*(/.E/"]
Insert a test data, key is [persist.kvStaTest_396] data=[Er("8%nW"(A)EWt9-H!4Yv"V"1]
Insert a test data, key is [persist.kvStaTest_397] data=[2#XU"h#)o##*8"0rI/J2Sy"'t48]
Insert a test data, key is [persist.kvStaTest_398] data=['#j#L+#801bT#Qhi!6,pn%2#WIS2]
Insert a test data, key is [persist.kvStaTest_399] data=['3#0G(!/!4)mBoN//f+Bd!lP/*/"b]
Insert a test data, key is [persist.kvStaTest_400] data=[Z#2,BckIl3Dr"4Y4kn07]
Insert a test data, key is [persist.kvStaTest_401] data=['"8!!((##E8w#'1,#B&"6]
Insert a test data, key is [persist.kvStaTest_402] data=["N8-31&+yq.U!#"r#gyr(Z]
Insert a test data, key is [persist.kvStaTest_403] data=[6%i5A"Z'2G0Gpa0KLM0/!ou]
Insert a test data, key is [persist.kvStaTest_404] data=[+L#e5O.K#r-V1"#zm"-6!1d"]
Insert a test data, key is [persist.kvStaTest_405] data=[05C'A"7k#%.ot5n6e954y!%&x]
Insert a test data, key is [persist.kvStaTest_406] data=[puOE*.!4*r3C./90XM+"8A+%"1]
Insert a test data, key is [persist.kvStaTest_407] data=[0xI8!P%dFa625/6Wdoft7"p'8"a]
Insert a test data, key is [persist.kvStaTest_408] data=[Py8n5,e%#%T2!"#AFy"J+1-CG"#d]
Insert a test data, key is [persist.kvStaTest_409] data=[0pQ%&&Pk!Gy*1"""!#'l&opE##"au]
Insert a test data, key is [persist.kvStaTest_410] data=['"47lqmM&O6)V"j2,,x,]
Insert a test data, key is [persist.kvStaTest_411] data=[,)"!*1!S0#ec3#"z!(tA6]
Insert a test data, key is [persist.kvStaTest_412] data=[!-Q'.!/SN3K&-W(!8d+y75]
Insert a test data, key is [persist.kvStaTest_413] data=[%)7lU4%Z!!064!/#4!u!!V#]
Insert a test data, key is [persist.kvStaTest_414] data=["*&S4c"!9&V1!&D"OC3v#9Dl]
Insert a test data, key is [persist.kvStaTest_415] data=[6K,k##+Y"0#ok8#"-b8-68!q2]
Insert a test data, key is [persist.kvStaTest_416] data=[#'L54!a56I("k&#J#8"S#V"Hq*]
Insert a test data, key is [persist.kvStaTest_417] data=[H'rdQ)w!#s"8M)B,9n!"R!/QVH']
Insert a test data, key is [persist.kvStaTest_418] data=[6,L5/,N9wT8B-"-,ZV!k!4(!C&Y7]
Insert a test data, key is [persist.kvStaTest_419] data=[!f#%'X/#7U43a#s4#8pAA!g42bTVL]
Insert a test data, key is [persist.kvStaTest_420] data=[87cJK!7#y9QNtP8uW#/"]
Insert a test data, key is [persist.kvStaTest_421] data=[,o(Iwqe"G&R+B5tEivkXH]
Insert a test data, key is [persist.kvStaTest_422] data=[/yMCp1%-U'#I9#kR%L7p3#]
Insert a test data, key is [persist.kvStaTest_423] data=["rQweek8*MS903218Z9x%2K]
Insert a test data, key is [persist.kvStaTest_424] data=[!r#(T,8%!1(10"9"Y2/-7"9!]
Insert a test data, key is [persist.kvStaTest_425] data=[o'Dd.m7#Ioh2hPV"!z4NPcvf2]
Insert a test data, key is [persist.kvStaTest_426] data=[O!ucyA!/3#!B!656##MY%NKCs2]
Insert a test data, key is [persist.kvStaTest_427] data=[8JE0Y,#A4wf5#eKx'Y5L"a(d"06]
Insert a test data, key is [persist.kvStaTest_428] data=[&'j3sw8dO/%SZwV"#a)#7,1P(rYh]
Insert a test data, key is [persist.kvStaTest_429] data=[2z03E#49"4"*!#X!rV7H-67"(13".]
Insert a test data, key is [persist.kvStaTest_430] data=[%2xf0t!o"0)V!!(G9u##]
Insert a test data, key is [persist.kvStaTest_431] data=[9M#7Nz26#2*####Ew&Dq2]
Insert a test data, key is [persist.kvStaTest_432] data=[.&!.!/.990*(/.E/"Er("8]
Insert a test data, key is [persist.kvStaTest_433] data=[%nW"(A)EWt9-H!4Yv"V"12#]
Insert a test data, key is [persist.kvStaTest_434] data=[XU"h#)o##*8"0rI/J2Sy"'t4]
Insert a test data, key is [persist.kvStaTest_435] data=[8'#j#L+#801bT#Qhi!6,pn%2#]
Insert a test data, key is [persist.kvStaTest_436] data=[WIS2'3#0G(!/!4)mBoN//f+Bd!]
Insert a test data, key is [persist.kvStaTest_437] data=[lP/*/"bZ#2,BckIl3Dr"4Y4kn07]
Insert a test data, key is [persist.kvStaTest_438] data=['"8!!((##E8w#'1,#B&"6"N8-31&]
Insert a test data, key is [persist.kvStaTest_439] data=[+yq.U!#"r#gyr(Z6%i5A"Z'2G0Gpa]
Insert a test data, key is [persist.kvStaTest_440] data=[0KLM0/!ou+L#e5O.K#r-]
Insert a test data, key is [persist.kvStaTest_441] data=[V1"#zm"-6!1d"05C'A"7k]
Insert a test data, key is [persist.kvStaTest_442] data=[#%.ot5n6e954y!%&xpuOE*]
Insert a test data, key is [persist.kvStaTest_443] data=[.!4*r3C./90XM+"8A+%"10x]
Insert a test data, key is [persist.kvStaTest_444] data=[I8!P%dFa625/6Wdoft7"p'8"]
Insert a test data, key is [persist.kvStaTest_445] data=[aPy8n5,e%#%T2!"#AFy"J+1-C]
Insert a test data, key is [persist.kvStaTest_446] data=[G"#d0pQ%&&Pk!Gy*1"""!#'l&o]
Insert a test data, key is [persist.kvStaTest_447] data=[pE##"au'"47lqmM&O6)V"j2,,x,]
Insert a test data, key is [persist.kvStaTest_448] data=[,)"!*1!S0#ec3#"z!(tA6!-Q'.!/]
Insert a test data, key is [persist.kvStaTest_449] data=[SN3K&-W(!8d+y75%)7lU4%Z!!064!]
Insert a test data, key is [persist.kvStaTest_450] data=[/#4!u!!V#"*&S4c"!9&V]
Insert a test data, key is [persist.kvStaTest_451] data=[1!&D"OC3v#9Dl6K,k##+Y]
Insert a test data, key is [persist.kvStaTest_452] data=["0#ok8#"-b8-68!q2#'L54]
Insert a test data, key is [persist.kvStaTest_453] data=[!a56I("k&#J#8"S#V"Hq*H']
Insert a test data, key is [persist.kvStaTest_454] data=[rdQ)w!#s"8M)B,9n!"R!/QVH]
Insert a test data, key is [persist.kvStaTest_455] data=['6,L5/,N9wT8B-"-,ZV!k!4(!]
Insert a test data, key is [persist.kvStaTest_456] data=[C&Y7!f#%'X/#7U43a#s4#8pAA!]
Insert a test data, key is [persist.kvStaTest_457] data=[g42bTVL87cJK!7#y9QNtP8uW#/"]
Insert a test data, key is [persist.kvStaTest_458] data=[,o(Iwqe"G&R+B5tEivkXH/yMCp1%]
Insert a test data, key is [persist.kvStaTest_459] data=[-U'#I9#kR%L7p3#"rQweek8*MS903]
Insert a test data, key is [persist.kvStaTest_460] data=[218Z9x%2K!r#(T,8%!1(]
Insert a test data, key is [persist.kvStaTest_461] data=[10"9"Y2/-7"9!o'Dd.m7#]
Insert a test data, key is [persist.kvStaTest_462] data=[Ioh2hPV"!z4NPcvf2O!ucy]
Insert a test data, key is [persist.kvStaTest_463] data=[A!/3#!B!656##MY%NKCs28J]
Insert a test data, key is [persist.kvStaTest_464] data=[E0Y,#A4wf5#eKx'Y5L"a(d"0]
Insert a test data, key is [persist.kvStaTest_465] data=[6&'j3sw8dO/%SZwV"#a)#7,1P]
Insert a test data, key is [persist.kvStaTest_466] data=[(rYh2z03E#49"4"*!#X!rV7H-6]
Insert a test data, key is [persist.kvStaTest_467] data=[7"(13".%2xf0t!o"0)V!!(G9u##]
Insert a test data, key is [persist.kvStaTest_468] data=[9M#7Nz26#2*####Ew&Dq2.&!.!/.]
Insert a test data, key is [persist.kvStaTest_469] data=[990*(/.E/"Er("8%nW"(A)EWt9-H!]
Insert a test data, key is [persist.kvStaTest_470] data=[4Yv"V"12#XU"h#)o##*8]
Insert a test data, key is [persist.kvStaTest_471] data=["0rI/J2Sy"'t48'#j#L+#]
Insert a test data, key is [persist.kvStaTest_472] data=[801bT#Qhi!6,pn%2#WIS2']
Insert a test data, key is [persist.kvStaTest_473] data=[3#0G(!/!4)mBoN//f+Bd!lP]
Insert a test data, key is [persist.kvStaTest_474] data=[/*/"bZ#2,BckIl3Dr"4Y4kn0]
Insert a test data, key is [persist.kvStaTest_475] data=[7'"8!!((##E8w#'1,#B&"6"N8]
Insert a test data, key is [persist.kvStaTest_476] data=[-31&+yq.U!#"r#gyr(Z6%i5A"Z]
Insert a test data, key is [persist.kvStaTest_477] data=['2G0Gpa0KLM0/!ou+L#e5O.K#r-]
Insert a test data, key is [persist.kvStaTest_478] data=[V1"#zm"-6!1d"05C'A"7k#%.ot5n]
Insert a test data, key is [persist.kvStaTest_479] data=[6e954y!%&xpuOE*.!4*r3C./90XM+]
Insert a test data, key is [persist.kvStaTest_480] data=["8A+%"10xI8!P%dFa625]
Insert a test data, key is [persist.kvStaTest_481] data=[/6Wdoft7"p'8"aPy8n5,e]
Insert a test data, key is [persist.kvStaTest_482] data=[%#%T2!"#AFy"J+1-CG"#d0]
Insert a test data, key is [persist.kvStaTest_483] data=[pQ%&&Pk!Gy*1"""!#'l&opE]
Insert a test data, key is [persist.kvStaTest_484] data=[##"au'"47lqmM&O6)V"j2,,x]
Insert a test data, key is [persist.kvStaTest_485] data=[,,)"!*1!S0#ec3#"z!(tA6!-Q]
Insert a test data, key is [persist.kvStaTest_486] data=['.!/SN3K&-W(!8d+y75%)7lU4%]
Insert a test data, key is [persist.kvStaTest_487] data=[Z!!064!/#4!u!!V#"*&S4c"!9&V]
Insert a test data, key is [persist.kvStaTest_488] data=[1!&D"OC3v#9Dl6K,k##+Y"0#ok8#]
Insert a test data, key is [persist.kvStaTest_489] data=["-b8-68!q2#'L54!a56I("k&#J#8"]
Insert a test data, key is [persist.kvStaTest_490] data=[S#V"Hq*H'rdQ)w!#s"8M]
Insert a test data, key is [persist.kvStaTest_491] data=[)B,9n!"R!/QVH'6,L5/,N]
Insert a test data, key is [persist.kvStaTest_492] data=[9wT8B-"-,ZV!k!4(!C&Y7!]
Insert a test data, key is [persist.kvStaTest_493] data=[f#%'X/#7U43a#s4#8pAA!g4]
Insert a test data, key is [persist.kvStaTest_494] data=[2bTVL87cJK!7#y9QNtP8uW#/]
Insert a test data, key is [persist.kvStaTest_495] data=[",o(Iwqe"G&R+B5tEivkXH/yM]
Insert a test data, key is [persist.kvStaTest_496] data=[Cp1%-U'#I9#kR%L7p3#"rQweek]
Insert a test data, key is [persist.kvStaTest_497] data=[8*MS903218Z9x%2K!r#(T,8%!1(]
Insert a test data, key is [persist.kvStaTest_498] data=[10"9"Y2/-7"9!o'Dd.m7#Ioh2hPV]
Insert a test data, key is [persist.kvStaTest_499] data=["!z4NPcvf2O!ucyA!/3#!B!656##M]
Insert a test data, key is [persist.kvStaTest_500] data=[Y%NKCs28JE0Y,#A4wf5#]
Insert a test data, key is [persist.kvStaTest_501] data=[eKx'Y5L"a(d"06&'j3sw8]
Insert a test data, key is [persist.kvStaTest_502] data=[dO/%SZwV"#a)#7,1P(rYh2]
Insert a test data, key is [persist.kvStaTest_503] data=[z03E#49"4"*!#X!rV7H-67"]
Insert a test data, key is [persist.kvStaTest_504] data=[(13".%2xf0t!o"0)V!!(G9u#]
Insert a test data, key is [persist.kvStaTest_505] data=[#9M#7Nz26#2*####Ew&Dq2.&!]
Insert a test data, key is [persist.kvStaTest_506] data=[.!/.990*(/.E/"Er("8%nW"(A)]
Insert a test data, key is [persist.kvStaTest_507] data=[EWt9-H!4Yv"V"12#XU"h#)o##*8]
Insert a test data, key is [persist.kvStaTest_508] data=["0rI/J2Sy"'t48'#j#L+#801bT#Q]
Insert a test data, key is [persist.kvStaTest_509] data=[hi!6,pn%2#WIS2'3#0G(!/!4)mBoN]
Insert a test data, key is [persist.kvStaTest_510] data=[//f+Bd!lP/*/"bZ#2,Bc]
Insert a test data, key is [persist.kvStaTest_511] data=[kIl3Dr"4Y4kn07'"8!!((]
Insert a test data, key is [persist.kvStaTest_512] data=[##E8w#'1,#B&"6"N8-31&+]
Insert a test data, key is [persist.kvStaTest_513] data=[yq.U!#"r#gyr(Z6%i5A"Z'2]
Insert a test data, key is [persist.kvStaTest_514] data=[G0Gpa0KLM0/!ou+L#e5O.K#r]
Insert a test data, key is [persist.kvStaTest_515] data=[-V1"#zm"-6!1d"05C'A"7k#%.]
Insert a test data, key is [persist.kvStaTest_516] data=[ot5n6e954y!%&xpuOE*.!4*r3C]
Insert a test data, key is [persist.kvStaTest_517] data=[./90XM+"8A+%"10xI8!P%dFa625]
Insert a test data, key is [persist.kvStaTest_518] data=[/6Wdoft7"p'8"aPy8n5,e%#%T2!"]
Insert a test data, key is [persist.kvStaTest_519] data=[#AFy"J+1-CG"#d0pQ%&&Pk!Gy*1""]
Insert a test data, key is [persist.kvStaTest_520] data=["!#'l&opE##"au'"47lq]
Insert a test data, key is [persist.kvStaTest_521] data=[mM&O6)V"j2,,x,,)"!*1!]
Insert a test data, key is [persist.kvStaTest_522] data=[S0#ec3#"z!(tA6!-Q'.!/S]
Insert a test data, key is [persist.kvStaTest_523] data=[N3K&-W(!8d+y75%)7lU4%Z!]
Insert a test data, key is [persist.kvStaTest_524] data=[!064!/#4!u!!V#"*&S4c"!9&]
Insert a test data, key is [persist.kvStaTest_525] data=[V1!&D"OC3v#9Dl6K,k##+Y"0#]
Insert a test data, key is [persist.kvStaTest_526] data=[ok8#"-b8-68!q2#'L54!a56I("]
Insert a test data, key is [persist.kvStaTest_527] data=[k&#J#8"S#V"Hq*H'rdQ)w!#s"8M]
Insert a test data, key is [persist.kvStaTest_528] data=[)B,9n!"R!/QVH'6,L5/,N9wT8B-"]
Insert a test data, key is [persist.kvStaTest_529] data=[-,ZV!k!4(!C&Y7!f#%'X/#7U43a#s]
Insert a test data, key is [persist.kvStaTest_530] data=[4#8pAA!g42bTVL87cJK!]
Insert a test data, key is [persist.kvStaTest_531] data=[7#y9QNtP8uW#/",o(Iwqe]
Insert a test data, key is [persist.kvStaTest_532] data=["G&R+B5tEivkXH/yMCp1%-]
Insert a test data, key is [persist.kvStaTest_533] data=[U'#I9#kR%L7p3#"rQweek8*]
Insert a test data, key is [persist.kvStaTest_534] data=[MS903218Z9x%2K!r#(T,8%!1]
Insert a test data, key is [persist.kvStaTest_535] data=[(10"9"Y2/-7"9!o'Dd.m7#Ioh]
Insert a test data, key is [persist.kvStaTest_536] data=[2hPV"!z4NPcvf2O!ucyA!/3#!B]
Insert a test data, key is [persist.kvStaTest_537] data=[!656##MY%NKCs28JE0Y,#A4wf5#]
Insert a test data, key is [persist.kvStaTest_538] data=[eKx'Y5L"a(d"06&'j3sw8dO/%SZw]
Insert a test data, key is [persist.kvStaTest_539] data=[V"#a)#7,1P(rYh2z03E#49"4"*!#X]
Insert a test data, key is [persist.kvStaTest_540] data=[!rV7H-67"(13".%2xf0t]
Insert a test data, key is [persist.kvStaTest_541] data=[!o"0)V!!(G9u##9M#7Nz2]
Insert a test data, key is [persist.kvStaTest_542] data=[6#2*####Ew&Dq2.&!.!/.9]
Insert a test data, key is [persist.kvStaTest_543] data=[90*(/.E/"Er("8%nW"(A)EW]
Insert a test data, key is [persist.kvStaTest_544] data=[t9-H!4Yv"V"12#XU"h#)o##*]
Insert a test data, key is [persist.kvStaTest_545] data=[8"0rI/J2Sy"'t48'#j#L+#801]
Insert a test data, key is [persist.kvStaTest_546] data=[bT#Qhi!6,pn%2#WIS2'3#0G(!/]
Insert a test data, key is [persist.kvStaTest_547] data=[!4)mBoN//f+Bd!lP/*/"bZ#2,Bc]
Insert a test data, key is [persist.kvStaTest_548] data=[kIl3Dr"4Y4kn07'"8!!((##E8w#']
Insert a test data, key is [persist.kvStaTest_549] data=[1,#B&"6"N8-31&+yq.U!#"r#gyr(Z]
Insert a test data, key is [persist.kvStaTest_550] data=[6%i5A"Z'2G0Gpa0KLM0/]
Insert a test data, key is [persist.kvStaTest_551] data=[!ou+L#e5O.K#r-V1"#zm"]
Insert a test data, key is [persist.kvStaTest_552] data=[-6!1d"05C'A"7k#%.ot5n6]
Insert a test data, key is [persist.kvStaTest_553] data=[e954y!%&xpuOE*.!4*r3C./]
Insert a test data, key is [persist.kvStaTest_554] data=[90XM+"8A+%"10xI8!P%dFa62]
Insert a test data, key is [persist.kvStaTest_555] data=[5/6Wdoft7"p'8"aPy8n5,e%#%]
Insert a test data, key is [persist.kvStaTest_556] data=[T2!"#AFy"J+1-CG"#d0pQ%&&Pk]
Insert a test data, key is [persist.kvStaTest_557] data=[!Gy*1"""!#'l&opE##"au'"47lq]
Insert a test data, key is [persist.kvStaTest_558] data=[mM&O6)V"j2,,x,,)"!*1!S0#ec3#]
Insert a test data, key is [persist.kvStaTest_559] data=["z!(tA6!-Q'.!/SN3K&-W(!8d+y75]
Insert a test data, key is [persist.kvStaTest_560] data=[%)7lU4%Z!!064!/#4!u!]
Insert a test data, key is [persist.kvStaTest_561] data=[!V#"*&S4c"!9&V1!&D"OC]
Insert a test data, key is [persist.kvStaTest_562] data=[3v#9Dl6K,k##+Y"0#ok8#"]
Insert a test data, key is [persist.kvStaTest_563] data=[-b8-68!q2#'L54!a56I("k&]
Insert a test data, key is [persist.kvStaTest_564] data=[#J#8"S#V"Hq*H'rdQ)w!#s"8]
Insert a test data, key is [persist.kvStaTest_565] data=[M)B,9n!"R!/QVH'6,L5/,N9wT]
Insert a test data, key is [persist.kvStaTest_566] data=[8B-"-,ZV!k!4(!C&Y7!f#%'X/#]
Insert a test data, key is [persist.kvStaTest_567] data=[7U43a#s4#8pAA!g42bTVL87cJK!]
Insert a test data, key is [persist.kvStaTest_568] data=[7#y9QNtP8uW#/",o(Iwqe"G&R+B5]
Insert a test data, key is [persist.kvStaTest_569] data=[tEivkXH/yMCp1%-U'#I9#kR%L7p3#]
Insert a test data, key is [persist.kvStaTest_570] data=["rQweek8*MS903218Z9x]
Insert a test data, key is [persist.kvStaTest_571] data=[%2K!r#(T,8%!1(10"9"Y2]
Insert a test data, key is [persist.kvStaTest_572] data=[/-7"9!o'Dd.m7#Ioh2hPV"]
Insert a test data, key is [persist.kvStaTest_573] data=[!z4NPcvf2O!ucyA!/3#!B!6]
Insert a test data, key is [persist.kvStaTest_574] data=[56##MY%NKCs28JE0Y,#A4wf5]
Insert a test data, key is [persist.kvStaTest_575] data=[#eKx'Y5L"a(d"06&'j3sw8dO/]
Insert a test data, key is [persist.kvStaTest_576] data=[%SZwV"#a)#7,1P(rYh2z03E#49]
Insert a test data, key is [persist.kvStaTest_577] data=["4"*!#X!rV7H-67"(13".%2xf0t]
Insert a test data, key is [persist.kvStaTest_578] data=[!o"0)V!!(G9u##9M#7Nz26#2*###]
Insert a test data, key is [persist.kvStaTest_579] data=[#Ew&Dq2.&!.!/.990*(/.E/"Er("8]
Insert a test data, key is [persist.kvStaTest_580] data=[%nW"(A)EWt9-H!4Yv"V"]
Insert a test data, key is [persist.kvStaTest_581] data=[12#XU"h#)o##*8"0rI/J2]
Insert a test data, key is [persist.kvStaTest_582] data=[Sy"'t48'#j#L+#801bT#Qh]
Insert a test data, key is [persist.kvStaTest_583] data=[i!6,pn%2#WIS2'3#0G(!/!4]
Insert a test data, key is [persist.kvStaTest_584] data=[)mBoN//f+Bd!lP/*/"bZ#2,B]
Insert a test data, key is [persist.kvStaTest_585] data=[ckIl3Dr"4Y4kn07'"8!!((##E]
Insert a test data, key is [persist.kvStaTest_586] data=[8w#'1,#B&"6"N8-31&+yq.U!#"]
Insert a test data, key is [persist.kvStaTest_587] data=[r#gyr(Z6%i5A"Z'2G0Gpa0KLM0/]
Insert a test data, key is [persist.kvStaTest_588] data=[!ou+L#e5O.K#r-V1"#zm"-6!1d"0]
Insert a test data, key is [persist.kvStaTest_589] data=[5C'A"7k#%.ot5n6e954y!%&xpuOE*]
Insert a test data, key is [persist.kvStaTest_590] data=[.!4*r3C./90XM+"8A+%"]
Insert a test data, key is [persist.kvStaTest_591] data=[10xI8!P%dFa625/6Wdoft]
Insert a test data, key is [persist.kvStaTest_592] data=[7"p'8"aPy8n5,e%#%T2!"#]
Insert a test data, key is [persist.kvStaTest_593] data=[AFy"J+1-CG"#d0pQ%&&Pk!G]
Insert a test data, key is [persist.kvStaTest_594] data=[y*1"""!#'l&opE##"au'"47l]
Insert a test data, key is [persist.kvStaTest_595] data=[qmM&O6)V"j2,,x,,)"!*1!S0#]
Insert a test data, key is [persist.kvStaTest_596] data=[ec3#"z!(tA6!-Q'.!/SN3K&-W(]
Insert a test data, key is [persist.kvStaTest_597] data=[!8d+y75%)7lU4%Z!!064!/#4!u!]
Insert a test data, key is [persist.kvStaTest_598] data=[!V#"*&S4c"!9&V1!&D"OC3v#9Dl6]
Insert a test data, key is [persist.kvStaTest_599] data=[K,k##+Y"0#ok8#"-b8-68!q2#'L54]
Insert a test data, key is [persist.kvStaTest_600] data=[!a56I("k&#J#8"S#V"Hq]
Insert a test data, key is [persist.kvStaTest_601] data=[*H'rdQ)w!#s"8M)B,9n!"]
Insert a test data, key is [persist.kvStaTest_602] data=[R!/QVH'6,L5/,N9wT8B-"-]
Insert a test data, key is [persist.kvStaTest_603] data=[,ZV!k!4(!C&Y7!f#%'X/#7U]
Insert a test data, key is [persist.kvStaTest_604] data=[43a#s4#8pAA!g42bTVL87cJK]
Insert a test data, key is [persist.kvStaTest_605] data=[!7#y9QNtP8uW#/",o(Iwqe"G&]
Insert a test data, key is [persist.kvStaTest_606] data=[R+B5tEivkXH/yMCp1%-U'#I9#k]
Insert a test data, key is [persist.kvStaTest_607] data=[R%L7p3#"rQweek8*MS903218Z9x]
Insert a test data, key is [persist.kvStaTest_608] data=[%2K!r#(T,8%!1(10"9"Y2/-7"9!o]
Insert a test data, key is [persist.kvStaTest_609] data=['Dd.m7#Ioh2hPV"!z4NPcvf2O!ucy]
Insert a test data, key is [persist.kvStaTest_610] data=[A!/3#!B!656##MY%NKCs]
Insert a test data, key is [persist.kvStaTest_611] data=[28JE0Y,#A4wf5#eKx'Y5L]
Insert a test data, key is [persist.kvStaTest_612] data=["a(d"06&'j3sw8dO/%SZwV]
Insert a test data, key is [persist.kvStaTest_613] data=["#a)#7,1P(rYh2z03E#49"4]
Insert a test data, key is [persist.kvStaTest_614] data=["*!#X!rV7H-67"(13".%2xf0]
Insert a test data, key is [persist.kvStaTest_615] data=[t!o"0)V!!(G9u##9M#7Nz26#2]
Insert a test data, key is [persist.kvStaTest_616] data=[*####Ew&Dq2.&!.!/.990*(/.E]
Insert a test data, key is [persist.kvStaTest_617] data=[/"Er("8%nW"(A)EWt9-H!4Yv"V"]
Insert a test data, key is [persist.kvStaTest_618] data=[12#XU"h#)o##*8"0rI/J2Sy"'t48]
Insert a test data, key is [persist.kvStaTest_619] data=['#j#L+#801bT#Qhi!6,pn%2#WIS2']
Insert a test data, key is [persist.kvStaTest_620] data=[3#0G(!/!4)mBoN//f+Bd]
Insert a test data, key is [persist.kvStaTest_621] data=[!lP/*/"bZ#2,BckIl3Dr"]
Insert a test data, key is [persist.kvStaTest_622] data=[4Y4kn07'"8!!((##E8w#'1]
Insert a test data, key is [persist.kvStaTest_623] data=[,#B&"6"N8-31&+yq.U!#"r#]
Insert a test data, key is [persist.kvStaTest_624] data=[gyr(Z6%i5A"Z'2G0Gpa0KLM0]
Insert a test data, key is [persist.kvStaTest_625] data=[/!ou+L#e5O.K#r-V1"#zm"-6!]
Insert a test data, key is [persist.kvStaTest_626] data=[1d"05C'A"7k#%.ot5n6e954y!%]
Insert a test data, key is [persist.kvStaTest_627] data=[&xpuOE*.!4*r3C./90XM+"8A+%"]
Insert a test data, key is [persist.kvStaTest_628] data=[10xI8!P%dFa625/6Wdoft7"p'8"a]
Insert a test data, key is [persist.kvStaTest_629] data=[Py8n5,e%#%T2!"#AFy"J+1-CG"#d0]
Insert a test data, key is [persist.kvStaTest_630] data=[pQ%&&Pk!Gy*1"""!#'l&]
Insert a test data, key is [persist.kvStaTest_631] data=[opE##"au'"47lqmM&O6)V]
Insert a test data, key is [persist.kvStaTest_632] data=["j2,,x,,)"!*1!S0#ec3#"]
Insert a test data, key is [persist.kvStaTest_633] data=[z!(tA6!-Q'.!/SN3K&-W(!8]
Insert a test data, key is [persist.kvStaTest_634] data=[d+y75%)7lU4%Z!!064!/#4!u]
Insert a test data, key is [persist.kvStaTest_635] data=[!!V#"*&S4c"!9&V1!&D"OC3v#]
Insert a test data, key is [persist.kvStaTest_636] data=[9Dl6K,k##+Y"0#ok8#"-b8-68!]
Insert a test data, key is [persist.kvStaTest_637] data=[q2#'L54!a56I("k&#J#8"S#V"Hq]
Insert a test data, key is [persist.kvStaTest_638] data=[*H'rdQ)w!#s"8M)B,9n!"R!/QVH']
Insert a test data, key is [persist.kvStaTest_639] data=[6,L5/,N9wT8B-"-,ZV!k!4(!C&Y7!]
Insert a test data, key is [persist.kvStaTest_640] data=[f#%'X/#7U43a#s4#8pAA]
Insert a test data, key is [persist.kvStaTest_641] data=[!g42bTVL87cJK!7#y9QNt]
Insert a test data, key is [persist.kvStaTest_642] data=[P8uW#/",o(Iwqe"G&R+B5t]
Insert a test data, key is [persist.kvStaTest_643] data=[EivkXH/yMCp1%-U'#I9#kR%]
Insert a test data, key is [persist.kvStaTest_644] data=[L7p3#"rQweek8*MS903218Z9]
Insert a test data, key is [persist.kvStaTest_645] data=[x%2K!r#(T,8%!1(10"9"Y2/-7]
Insert a test data, key is [persist.kvStaTest_646] data=["9!o'Dd.m7#Ioh2hPV"!z4NPcv]
Insert a test data, key is [persist.kvStaTest_647] data=[f2O!ucyA!/3#!B!656##MY%NKCs]
Insert a test data, key is [persist.kvStaTest_648] data=[28JE0Y,#A4wf5#eKx'Y5L"a(d"06]
Insert a test data, key is [persist.kvStaTest_649] data=[&'j3sw8dO/%SZwV"#a)#7,1P(rYh2]
Insert a test data, key is [persist.kvStaTest_650] data=[z03E#49"4"*!#X!rV7H-]
Insert a test data, key is [persist.kvStaTest_651] data=[67"(13".%2xf0t!o"0)V!]
Insert a test data, key is [persist.kvStaTest_652] data=[!(G9u##9M#7Nz26#2*####]
Insert a test data, key is [persist.kvStaTest_653] data=[Ew&Dq2.&!.!/.990*(/.E/"]
Insert a test data, key is [persist.kvStaTest_654] data=[Er("8%nW"(A)EWt9-H!4Yv"V]
Insert a test data, key is [persist.kvStaTest_655] data=["12#XU"h#)o##*8"0rI/J2Sy"]
Insert a test data, key is [persist.kvStaTest_656] data=['t48'#j#L+#801bT#Qhi!6,pn%]
Insert a test data, key is [persist.kvStaTest_657] data=[2#WIS2'3#0G(!/!4)mBoN//f+Bd]
Insert a test data, key is [persist.kvStaTest_658] data=[!lP/*/"bZ#2,BckIl3Dr"4Y4kn07]
Insert a test data, key is [persist.kvStaTest_659] data=['"8!!((##E8w#'1,#B&"6"N8-31&+]
Insert a test data, key is [persist.kvStaTest_660] data=[yq.U!#"r#gyr(Z6%i5A"]
Insert a test data, key is [persist.kvStaTest_661] data=[Z'2G0Gpa0KLM0/!ou+L#e]
Insert a test data, key is [persist.kvStaTest_662] data=[5O.K#r-V1"#zm"-6!1d"05]
Insert a test data, key is [persist.kvStaTest_663] data=[C'A"7k#%.ot5n6e954y!%&x]
Insert a test data, key is [persist.kvStaTest_664] data=[puOE*.!4*r3C./90XM+"8A+%]
Insert a test data, key is [persist.kvStaTest_665] data=["10xI8!P%dFa625/6Wdoft7"p]
Insert a test data, key is [persist.kvStaTest_666] data=['8"aPy8n5,e%#%T2!"#AFy"J+1]
Insert a test data, key is [persist.kvStaTest_667] data=[-CG"#d0pQ%&&Pk!Gy*1"""!#'l&]
Insert a test data, key is [persist.kvStaTest_668] data=[opE##"au'"47lqmM&O6)V"j2,,x,]
Insert a test data, key is [persist.kvStaTest_669] data=[,)"!*1!S0#ec3#"z!(tA6!-Q'.!/S]
Insert a test data, key is [persist.kvStaTest_670] data=[N3K&-W(!8d+y75%)7lU4]
Insert a test data, key is [persist.kvStaTest_671] data=[%Z!!064!/#4!u!!V#"*&S]
Insert a test data, key is [persist.kvStaTest_672] data=[4c"!9&V1!&D"OC3v#9Dl6K]
Insert a test data, key is [persist.kvStaTest_673] data=[,k##+Y"0#ok8#"-b8-68!q2]
Insert a test data, key is [persist.kvStaTest_674] data=[#'L54!a56I("k&#J#8"S#V"H]
Insert a test data, key is [persist.kvStaTest_675] data=[q*H'rdQ)w!#s"8M)B,9n!"R!/]
Insert a test data, key is [persist.kvStaTest_676] data=[QVH'6,L5/,N9wT8B-"-,ZV!k!4]
Insert a test data, key is [persist.kvStaTest_677] data=[(!C&Y7!f#%'X/#7U43a#s4#8pAA]
Insert a test data, key is [persist.kvStaTest_678] data=[!g42bTVL87cJK!7#y9QNtP8uW#/"]
Insert a test data, key is [persist.kvStaTest_679] data=[,o(Iwqe"G&R+B5tEivkXH/yMCp1%-]
Insert a test data, key is [persist.kvStaTest_680] data=[U'#I9#kR%L7p3#"rQwee]
Insert a test data, key is [persist.kvStaTest_681] data=[k8*MS903218Z9x%2K!r#(]
Insert a test data, key is [persist.kvStaTest_682] data=[T,8%!1(10"9"Y2/-7"9!o']
Insert a test data, key is [persist.kvStaTest_683] data=[Dd.m7#Ioh2hPV"!z4NPcvf2]
Insert a test data, key is [persist.kvStaTest_684] data=[O!ucyA!/3#!B!656##MY%NKC]
Insert a test data, key is [persist.kvStaTest_685] data=[s28JE0Y,#A4wf5#eKx'Y5L"a(]
Insert a test data, key is [persist.kvStaTest_686] data=[d"06&'j3sw8dO/%SZwV"#a)#7,]
Insert a test data, key is [persist.kvStaTest_687] data=[1P(rYh2z03E#49"4"*!#X!rV7H-]
Insert a test data, key is [persist.kvStaTest_688] data=[67"(13".%2xf0t!o"0)V!!(G9u##]
Insert a test data, key is [persist.kvStaTest_689] data=[9M#7Nz26#2*####Ew&Dq2.&!.!/.9]
Insert a test data, key is [persist.kvStaTest_690] data=[90*(/.E/"Er("8%nW"(A]
Insert a test data, key is [persist.kvStaTest_691] data=[)EWt9-H!4Yv"V"12#XU"h]
Insert a test data, key is [persist.kvStaTest_692] data=[#)o##*8"0rI/J2Sy"'t48']
Insert a test data, key is [persist.kvStaTest_693] data=[#j#L+#801bT#Qhi!6,pn%2#]
Insert a test data, key is [persist.kvStaTest_694] data=[WIS2'3#0G(!/!4)mBoN//f+B]
Insert a test data, key is [persist.kvStaTest_695] data=[d!lP/*/"bZ#2,BckIl3Dr"4Y4]
Insert a test data, key is [persist.kvStaTest_696] data=[kn07'"8!!((##E8w#'1,#B&"6"]
Insert a test data, key is [persist.kvStaTest_697] data=[N8-31&+yq.U!#"r#gyr(Z6%i5A"]
Insert a test data, key is [persist.kvStaTest_698] data=[Z'2G0Gpa0KLM0/!ou+L#e5O.K#r-]
Insert a test data, key is [persist.kvStaTest_699] data=[V1"#zm"-6!1d"05C'A"7k#%.ot5n6]
Insert a test data, key is [persist.kvStaTest_700] data=[e954y!%&xpuOE*.!4*r3]
Insert a test data, key is [persist.kvStaTest_701] data=[C./90XM+"8A+%"10xI8!P]
Insert a test data, key is [persist.kvStaTest_702] data=[%dFa625/6Wdoft7"p'8"aP]
Insert a test data, key is [persist.kvStaTest_703] data=[y8n5,e%#%T2!"#AFy"J+1-C]
Insert a test data, key is [persist.kvStaTest_704] data=[G"#d0pQ%&&Pk!Gy*1"""!#'l]
Insert a test data, key is [persist.kvStaTest_705] data=[&opE##"au'"47lqmM&O6)V"j2]
Insert a test data, key is [persist.kvStaTest_706] data=[,,x,,)"!*1!S0#ec3#"z!(tA6!]
Insert a test data, key is [persist.kvStaTest_707] data=[-Q'.!/SN3K&-W(!8d+y75%)7lU4]
Insert a test data, key is [persist.kvStaTest_708] data=[%Z!!064!/#4!u!!V#"*&S4c"!9&V]
Insert a test data, key is [persist.kvStaTest_709] data=[1!&D"OC3v#9Dl6K,k##+Y"0#ok8#"]
Insert a test data, key is [persist.kvStaTest_710] data=[-b8-68!q2#'L54!a56I(]
Insert a test data, key is [persist.kvStaTest_711] data=["k&#J#8"S#V"Hq*H'rdQ)]
Insert a test data, key is [persist.kvStaTest_712] data=[w!#s"8M)B,9n!"R!/QVH'6]
Insert a test data, key is [persist.kvStaTest_713] data=[,L5/,N9wT8B-"-,ZV!k!4(!]
Insert a test data, key is [persist.kvStaTest_714] data=[C&Y7!f#%'X/#7U43a#s4#8pA]
Insert a test data, key is [persist.kvStaTest_715] data=[A!g42bTVL87cJK!7#y9QNtP8u]
Insert a test data, key is [persist.kvStaTest_716] data=[W#/",o(Iwqe"G&R+B5tEivkXH/]
Insert a test data, key is [persist.kvStaTest_717] data=[yMCp1%-U'#I9#kR%L7p3#"rQwee]
Insert a test data, key is [persist.kvStaTest_718] data=[k8*MS903218Z9x%2K!r#(T,8%!1(]
Insert a test data, key is [persist.kvStaTest_719] data=[10"9"Y2/-7"9!o'Dd.m7#Ioh2hPV"]
Insert a test data, key is [persist.kvStaTest_720] data=[!z4NPcvf2O!ucyA!/3#!]
Insert a test data, key is [persist.kvStaTest_721] data=[B!656##MY%NKCs28JE0Y,]
Insert a test data, key is [persist.kvStaTest_722] data=[#A4wf5#eKx'Y5L"a(d"06&]
Insert a test data, key is [persist.kvStaTest_723] data=['j3sw8dO/%SZwV"#a)#7,1P]
Insert a test data, key is [persist.kvStaTest_724] data=[(rYh2z03E#49"4"*!#X!rV7H]
Insert a test data, key is [persist.kvStaTest_725] data=[-67"(13".%2xf0t!o"0)V!!(G]
Insert a test data, key is [persist.kvStaTest_726] data=[9u##9M#7Nz26#2*####Ew&Dq2.]
Insert a test data, key is [persist.kvStaTest_727] data=[&!.!/.990*(/.E/"Er("8%nW"(A]
Insert a test data, key is [persist.kvStaTest_728] data=[)EWt9-H!4Yv"V"12#XU"h#)o##*8]
Insert a test data, key is [persist.kvStaTest_729] data=["0rI/J2Sy"'t48'#j#L+#801bT#Qh]
Insert a test data, key is [persist.kvStaTest_730] data=[i!6,pn%2#WIS2'3#0G(!]
Insert a test data, key is [persist.kvStaTest_731] data=[/!4)mBoN//f+Bd!lP/*/"]
Insert a test data, key is [persist.kvStaTest_732] data=[bZ#2,BckIl3Dr"4Y4kn07']
Insert a test data, key is [persist.kvStaTest_733] data=["8!!((##E8w#'1,#B&"6"N8]
Insert a test data, key is [persist.kvStaTest_734] data=[-31&+yq.U!#"r#gyr(Z6%i5A]
Insert a test data, key is [persist.kvStaTest_735] data=["Z'2G0Gpa0KLM0/!ou+L#e5O.]
Insert a test data, key is [persist.kvStaTest_736] data=[K#r-V1"#zm"-6!1d"05C'A"7k#]
Insert a test data, key is [persist.kvStaTest_737] data=[%.ot5n6e954y!%&xpuOE*.!4*r3]
Insert a test data, key is [persist.kvStaTest_738] data=[C./90XM+"8A+%"10xI8!P%dFa625]
Insert a test data, key is [persist.kvStaTest_739] data=[/6Wdoft7"p'8"aPy8n5,e%#%T2!"#]
Insert a test data, key is [persist.kvStaTest_740] data=[AFy"J+1-CG"#d0pQ%&&P]
Insert a test data, key is [persist.kvStaTest_741] data=[k!Gy*1"""!#'l&opE##"a]
Insert a test data, key is [persist.kvStaTest_742] data=[u'"47lqmM&O6)V"j2,,x,,]
Insert a test data, key is [persist.kvStaTest_743] data=[)"!*1!S0#ec3#"z!(tA6!-Q]
Insert a test data, key is [persist.kvStaTest_744] data=['.!/SN3K&-W(!8d+y75%)7lU]
Insert a test data, key is [persist.kvStaTest_745] data=[4%Z!!064!/#4!u!!V#"*&S4c"]
Insert a test data, key is [persist.kvStaTest_746] data=[!9&V1!&D"OC3v#9Dl6K,k##+Y"]
Insert a test data, key is [persist.kvStaTest_747] data=[0#ok8#"-b8-68!q2#'L54!a56I(]
Insert a test data, key is [persist.kvStaTest_748] data=["k&#J#8"S#V"Hq*H'rdQ)w!#s"8M]
Insert a test data, key is [persist.kvStaTest_749] data=[)B,9n!"R!/QVH'6,L5/,N9wT8B-"-]
Insert a test data, key is [persist.kvStaTest_750] data=[,ZV!k!4(!C&Y7!f#%'X/]
Insert a test data, key is [persist.kvStaTest_751] data=[#7U43a#s4#8pAA!g42bTV]
Insert a test data, key is [persist.kvStaTest_752] data=[L87cJK!7#y9QNtP8uW#/",]
Insert a test data, key is [persist.kvStaTest_753] data=[o(Iwqe"G&R+B5tEivkXH/yM]
Insert a test data, key is [persist.kvStaTest_754] data=[Cp1%-U'#I9#kR%L7p3#"rQwe]
Insert a test data, key is [persist.kvStaTest_755] data=[ek8*MS903218Z9x%2K!r#(T,8]
Insert a test data, key is [persist.kvStaTest_756] data=[%!1(10"9"Y2/-7"9!o'Dd.m7#I]
Insert a test data, key is [persist.kvStaTest_757] data=[oh2hPV"!z4NPcvf2O!ucyA!/3#!]
Insert a test data, key is [persist.kvStaTest_758] data=[B!656##MY%NKCs28JE0Y,#A4wf5#]
Insert a test data, key is [persist.kvStaTest_759] data=[eKx'Y5L"a(d"06&'j3sw8dO/%SZwV]
Insert a test data, key is [persist.kvStaTest_760] data=["#a)#7,1P(rYh2z03E#4]
Insert a test data, key is [persist.kvStaTest_761] data=[9"4"*!#X!rV7H-67"(13"]
Insert a test data, key is [persist.kvStaTest_762] data=[.%2xf0t!o"0)V!!(G9u##9]
Insert a test data, key is [persist.kvStaTest_763] data=[M#7Nz26#2*####Ew&Dq2.&!]
Insert a test data, key is [persist.kvStaTest_764] data=[.!/.990*(/.E/"Er("8%nW"(]
Insert a test data, key is [persist.kvStaTest_765] data=[A)EWt9-H!4Yv"V"12#XU"h#)o]
Insert a test data, key is [persist.kvStaTest_766] data=[##*8"0rI/J2Sy"'t48'#j#L+#8]
Insert a test data, key is [persist.kvStaTest_767] data=[01bT#Qhi!6,pn%2#WIS2'3#0G(!]
Insert a test data, key is [persist.kvStaTest_768] data=[/!4)mBoN//f+Bd!lP/*/"bZ#2,Bc]
Insert a test data, key is [persist.kvStaTest_769] data=[kIl3Dr"4Y4kn07'"8!!((##E8w#'1]
Insert a test data, key is [persist.kvStaTest_770] data=[,#B&"6"N8-31&+yq.U!#]
Insert a test data, key is [persist.kvStaTest_771] data=["r#gyr(Z6%i5A"Z'2G0Gp]
Insert a test data, key is [persist.kvStaTest_772] data=[a0KLM0/!ou+L#e5O.K#r-V]
Insert a test data, key is [persist.kvStaTest_773] data=[1"#zm"-6!1d"05C'A"7k#%.]
Insert a test data, key is [persist.kvStaTest_774] data=[ot5n6e954y!%&xpuOE*.!4*r]
Insert a test data, key is [persist.kvStaTest_775] data=[3C./90XM+"8A+%"10xI8!P%dF]
Insert a test data, key is [persist.kvStaTest_776] data=[a625/6Wdoft7"p'8"aPy8n5,e%]
Insert a test data, key is [persist.kvStaTest_777] data=[#%T2!"#AFy"J+1-CG"#d0pQ%&&P]
Insert a test data, key is [persist.kvStaTest_778] data=[k!Gy*1"""!#'l&opE##"au'"47lq]
Insert a test data, key is [persist.kvStaTest_779] data=[mM&O6)V"j2,,x,,)"!*1!S0#ec3#"]
Insert a test data, key is [persist.kvStaTest_780] data=[z!(tA6!-Q'.!/SN3K&-W]
Insert a test data, key is [persist.kvStaTest_781] data=[(!8d+y75%)7lU4%Z!!064]
Insert a test data, key is [persist.kvStaTest_782] data=[!/#4!u!!V#"*&S4c"!9&V1]
Insert a test data, key is [persist.kvStaTest_783] data=[!&D"OC3v#9Dl6K,k##+Y"0#]
Insert a test data, key is [persist.kvStaTest_784] data=[ok8#"-b8-68!q2#'L54!a56I]
Insert a test data, key is [persist.kvStaTest_785] data=[("k&#J#8"S#V"Hq*H'rdQ)w!#]
Insert a test data, key is [persist.kvStaTest_786] data=[s"8M)B,9n!"R!/QVH'6,L5/,N9]
Insert a test data, key is [persist.kvStaTest_787] data=[wT8B-"-,ZV!k!4(!C&Y7!f#%'X/]
Insert a test data, key is [persist.kvStaTest_788] data=[#7U43a#s4#8pAA!g42bTVL87cJK!]
Insert a test data, key is [persist.kvStaTest_789] data=[7#y9QNtP8uW#/",o(Iwqe"G&R+B5t]
Insert a test data, key is [persist.kvStaTest_790] data=[EivkXH/yMCp1%-U'#I9#]
Insert a test data, key is [persist.kvStaTest_791] data=[kR%L7p3#"rQweek8*MS90]
Insert a test data, key is [persist.kvStaTest_792] data=[3218Z9x%2K!r#(T,8%!1(1]
Insert a test data, key is [persist.kvStaTest_793] data=[0"9"Y2/-7"9!o'Dd.m7#Ioh]
Insert a test data, key is [persist.kvStaTest_794] data=[2hPV"!z4NPcvf2O!ucyA!/3#]
Insert a test data, key is [persist.kvStaTest_795] data=[!B!656##MY%NKCs28JE0Y,#A4]
Insert a test data, key is [persist.kvStaTest_796] data=[wf5#eKx'Y5L"a(d"06&'j3sw8d]
Insert a test data, key is [persist.kvStaTest_797] data=[O/%SZwV"#a)#7,1P(rYh2z03E#4]
Insert a test data, key is [persist.kvStaTest_798] data=[9"4"*!#X!rV7H-67"(13".%2xf0t]
Insert a test data, key is [persist.kvStaTest_799] data=[!o"0)V!!(G9u##9M#7Nz26#2*####]
Insert a test data, key is [persist.kvStaTest_800] data=[Ew&Dq2.&!.!/.990*(/.]
Insert a test data, key is [persist.kvStaTest_801] data=[E/"Er("8%nW"(A)EWt9-H]
Insert a test data, key is [persist.kvStaTest_802] data=[!4Yv"V"12#XU"h#)o##*8"]
Insert a test data, key is [persist.kvStaTest_803] data=[0rI/J2Sy"'t48'#j#L+#801]
Insert a test data, key is [persist.kvStaTest_804] data=[bT#Qhi!6,pn%2#WIS2'3#0G(]
Insert a test data, key is [persist.kvStaTest_805] data=[!/!4)mBoN//f+Bd!lP/*/"bZ#]
Insert a test data, key is [persist.kvStaTest_806] data=[2,BckIl3Dr"4Y4kn07'"8!!((#]
Insert a test data, key is [persist.kvStaTest_807] data=[#E8w#'1,#B&"6"N8-31&+yq.U!#]
Insert a test data, key is [persist.kvStaTest_808] data=["r#gyr(Z6%i5A"Z'2G0Gpa0KLM0/]
Insert a test data, key is [persist.kvStaTest_809] data=[!ou+L#e5O.K#r-V1"#zm"-6!1d"05]
Insert a test data, key is [persist.kvStaTest_810] data=[C'A"7k#%.ot5n6e954y!]
Insert a test data, key is [persist.kvStaTest_811] data=[%&xpuOE*.!4*r3C./90XM]
Insert a test data, key is [persist.kvStaTest_812] data=[+"8A+%"10xI8!P%dFa625/]
Insert a test data, key is [persist.kvStaTest_813] data=[6Wdoft7"p'8"aPy8n5,e%#%]
Insert a test data, key is [persist.kvStaTest_814] data=[T2!"#AFy"J+1-CG"#d0pQ%&&]
Insert a test data, key is [persist.kvStaTest_815] data=[Pk!Gy*1"""!#'l&opE##"au'"]
Insert a test data, key is [persist.kvStaTest_816] data=[47lqmM&O6)V"j2,,x,,)"!*1!S]
Insert a test data, key is [persist.kvStaTest_817] data=[0#ec3#"z!(tA6!-Q'.!/SN3K&-W]
Insert a test data, key is [persist.kvStaTest_818] data=[(!8d+y75%)7lU4%Z!!064!/#4!u!]
Insert a test data, key is [persist.kvStaTest_819] data=[!V#"*&S4c"!9&V1!&D"OC3v#9Dl6K]
Insert a test data, key is [persist.kvStaTest_820] data=[,k##+Y"0#ok8#"-b8-68]
Insert a test data, key is [persist.kvStaTest_821] data=[!q2#'L54!a56I("k&#J#8]
Insert a test data, key is [persist.kvStaTest_822] data=["S#V"Hq*H'rdQ)w!#s"8M)]
Insert a test data, key is [persist.kvStaTest_823] data=[B,9n!"R!/QVH'6,L5/,N9wT]
Insert a test data, key is [persist.kvStaTest_824] data=[8B-"-,ZV!k!4(!C&Y7!f#%'X]
Insert a test data, key is [persist.kvStaTest_825] data=[/#7U43a#s4#8pAA!g42bTVL87]
Insert a test data, key is [persist.kvStaTest_826] data=[cJK!7#y9QNtP8uW#/",o(Iwqe"]
Insert a test data, key is [persist.kvStaTest_827] data=[G&R+B5tEivkXH/yMCp1%-U'#I9#]
Insert a test data, key is [persist.kvStaTest_828] data=[kR%L7p3#"rQweek8*MS903218Z9x]
Insert a test data, key is [persist.kvStaTest_829] data=[%2K!r#(T,8%!1(10"9"Y2/-7"9!o']
Insert a test data, key is [persist.kvStaTest_830] data=[Dd.m7#Ioh2hPV"!z4NPc]
Insert a test data, key is [persist.kvStaTest_831] data=[vf2O!ucyA!/3#!B!656##]
Insert a test data, key is [persist.kvStaTest_832] data=[MY%NKCs28JE0Y,#A4wf5#e]
Insert a test data, key is [persist.kvStaTest_833] data=[Kx'Y5L"a(d"06&'j3sw8dO/]
Insert a test data, key is [persist.kvStaTest_834] data=[%SZwV"#a)#7,1P(rYh2z03E#]
Insert a test data, key is [persist.kvStaTest_835] data=[49"4"*!#X!rV7H-67"(13".%2]
Insert a test data, key is [persist.kvStaTest_836] data=[xf0t!o"0)V!!(G9u##9M#7Nz26]
Insert a test data, key is [persist.kvStaTest_837] data=[#2*####Ew&Dq2.&!.!/.990*(/.]
Insert a test data, key is [persist.kvStaTest_838] data=[E/"Er("8%nW"(A)EWt9-H!4Yv"V"]
Insert a test data, key is [persist.kvStaTest_839] data=[12#XU"h#)o##*8"0rI/J2Sy"'t48']
Insert a test data, key is [persist.kvStaTest_840] data=[#j#L+#801bT#Qhi!6,pn]
Insert a test data, key is [persist.kvStaTest_841] data=[%2#WIS2'3#0G(!/!4)mBo]
Insert a test data, key is [persist.kvStaTest_842] data=[N//f+Bd!lP/*/"bZ#2,Bck]
Insert a test data, key is [persist.kvStaTest_843] data=[Il3Dr"4Y4kn07'"8!!((##E]
Insert a test data, key is [persist.kvStaTest_844] data=[8w#'1,#B&"6"N8-31&+yq.U!]
Insert a test data, key is [persist.kvStaTest_845] data=[#"r#gyr(Z6%i5A"Z'2G0Gpa0K]
Insert a test data, key is [persist.kvStaTest_846] data=[LM0/!ou+L#e5O.K#r-V1"#zm"-]
Insert a test data, key is [persist.kvStaTest_847] data=[6!1d"05C'A"7k#%.ot5n6e954y!]
Insert a test data, key is [persist.kvStaTest_848] data=[%&xpuOE*.!4*r3C./90XM+"8A+%"]
Insert a test data, key is [persist.kvStaTest_849] data=[10xI8!P%dFa625/6Wdoft7"p'8"aP]
Insert a test data, key is [persist.kvStaTest_850] data=[y8n5,e%#%T2!"#AFy"J+]
Insert a test data, key is [persist.kvStaTest_851] data=[1-CG"#d0pQ%&&Pk!Gy*1"]
Insert a test data, key is [persist.kvStaTest_852] data=[""!#'l&opE##"au'"47lqm]
Insert a test data, key is [persist.kvStaTest_853] data=[M&O6)V"j2,,x,,)"!*1!S0#]
Insert a test data, key is [persist.kvStaTest_854] data=[ec3#"z!(tA6!-Q'.!/SN3K&-]
Insert a test data, key is [persist.kvStaTest_855] data=[W(!8d+y75%)7lU4%Z!!064!/#]
Insert a test data, key is [persist.kvStaTest_856] data=[4!u!!V#"*&S4c"!9&V1!&D"OC3]
Insert a test data, key is [persist.kvStaTest_857] data=[v#9Dl6K,k##+Y"0#ok8#"-b8-68]
Insert a test data, key is [persist.kvStaTest_858] data=[!q2#'L54!a56I("k&#J#8"S#V"Hq]
Insert a test data, key is [persist.kvStaTest_859] data=[*H'rdQ)w!#s"8M)B,9n!"R!/QVH'6]
Insert a test data, key is [persist.kvStaTest_860] data=[,L5/,N9wT8B-"-,ZV!k!]
Insert a test data, key is [persist.kvStaTest_861] data=[4(!C&Y7!f#%'X/#7U43a#]
Insert a test data, key is [persist.kvStaTest_862] data=[s4#8pAA!g42bTVL87cJK!7]
Insert a test data, key is [persist.kvStaTest_863] data=[#y9QNtP8uW#/",o(Iwqe"G&]
Insert a test data, key is [persist.kvStaTest_864] data=[R+B5tEivkXH/yMCp1%-U'#I9]
Insert a test data, key is [persist.kvStaTest_865] data=[#kR%L7p3#"rQweek8*MS90321]
Insert a test data, key is [persist.kvStaTest_866] data=[8Z9x%2K!r#(T,8%!1(10"9"Y2/]
Insert a test data, key is [persist.kvStaTest_867] data=[-7"9!o'Dd.m7#Ioh2hPV"!z4NPc]
Insert a test data, key is [persist.kvStaTest_868] data=[vf2O!ucyA!/3#!B!656##MY%NKCs]
Insert a test data, key is [persist.kvStaTest_869] data=[28JE0Y,#A4wf5#eKx'Y5L"a(d"06&]
Insert a test data, key is [persist.kvStaTest_870] data=['j3sw8dO/%SZwV"#a)#7]
Insert a test data, key is [persist.kvStaTest_871] data=[,1P(rYh2z03E#49"4"*!#]
Insert a test data, key is [persist.kvStaTest_872] data=[X!rV7H-67"(13".%2xf0t!]
Insert a test data, key is [persist.kvStaTest_873] data=[o"0)V!!(G9u##9M#7Nz26#2]
Insert a test data, key is [persist.kvStaTest_874] data=[*####Ew&Dq2.&!.!/.990*(/]
Insert a test data, key is [persist.kvStaTest_875] data=[.E/"Er("8%nW"(A)EWt9-H!4Y]
Insert a test data, key is [persist.kvStaTest_876] data=[v"V"12#XU"h#)o##*8"0rI/J2S]
Insert a test data, key is [persist.kvStaTest_877] data=[y"'t48'#j#L+#801bT#Qhi!6,pn]
Insert a test data, key is [persist.kvStaTest_878] data=[%2#WIS2'3#0G(!/!4)mBoN//f+Bd]
Insert a test data, key is [persist.kvStaTest_879] data=[!lP/*/"bZ#2,BckIl3Dr"4Y4kn07']
Insert a test data, key is [persist.kvStaTest_880] data=["8!!((##E8w#'1,#B&"6]
Insert a test data, key is [persist.kvStaTest_881] data=["N8-31&+yq.U!#"r#gyr(]
Insert a test data, key is [persist.kvStaTest_882] data=[Z6%i5A"Z'2G0Gpa0KLM0/!]
Insert a test data, key is [persist.kvStaTest_883] data=[ou+L#e5O.K#r-V1"#zm"-6!]
Insert a test data, key is [persist.kvStaTest_884] data=[1d"05C'A"7k#%.ot5n6e954y]
Insert a test data, key is [persist.kvStaTest_885] data=[!%&xpuOE*.!4*r3C./90XM+"8]
Insert a test data, key is [persist.kvStaTest_886] data=[A+%"10xI8!P%dFa625/6Wdoft7]
Insert a test data, key is [persist.kvStaTest_887] data=["p'8"aPy8n5,e%#%T2!"#AFy"J+]
Insert a test data, key is [persist.kvStaTest_888] data=[1-CG"#d0pQ%&&Pk!Gy*1"""!#'l&]
Insert a test data, key is [persist.kvStaTest_889] data=[opE##"au'"47lqmM&O6)V"j2,,x,,]
Insert a test data, key is [persist.kvStaTest_890] data=[)"!*1!S0#ec3#"z!(tA6]
Insert a test data, key is [persist.kvStaTest_891] data=[!-Q'.!/SN3K&-W(!8d+y7]
Insert a test data, key is [persist.kvStaTest_892] data=[5%)7lU4%Z!!064!/#4!u!!]
Insert a test data, key is [persist.kvStaTest_893] data=[V#"*&S4c"!9&V1!&D"OC3v#]
Insert a test data, key is [persist.kvStaTest_894] data=[9Dl6K,k##+Y"0#ok8#"-b8-6]
Insert a test data, key is [persist.kvStaTest_895] data=[8!q2#'L54!a56I("k&#J#8"S#]
Insert a test data, key is [persist.kvStaTest_896] data=[V"Hq*H'rdQ)w!#s"8M)B,9n!"R]
Insert a test data, key is [persist.kvStaTest_897] data=[!/QVH'6,L5/,N9wT8B-"-,ZV!k!]
Insert a test data, key is [persist.kvStaTest_898] data=[4(!C&Y7!f#%'X/#7U43a#s4#8pAA]
Insert a test data, key is [persist.kvStaTest_899] data=[!g42bTVL87cJK!7#y9QNtP8uW#/",]
Insert a test data, key is [persist.kvStaTest_900] data=[o(Iwqe"G&R+B5tEivkXH]
Insert a test data, key is [persist.kvStaTest_901] data=[/yMCp1%-U'#I9#kR%L7p3]
Insert a test data, key is [persist.kvStaTest_902] data=[#"rQweek8*MS903218Z9x%]
Insert a test data, key is [persist.kvStaTest_903] data=[2K!r#(T,8%!1(10"9"Y2/-7]
Insert a test data, key is [persist.kvStaTest_904] data=["9!o'Dd.m7#Ioh2hPV"!z4NP]
Insert a test data, key is [persist.kvStaTest_905] data=[cvf2O!ucyA!/3#!B!656##MY%]
Insert a test data, key is [persist.kvStaTest_906] data=[NKCs28JE0Y,#A4wf5#eKx'Y5L"]
Insert a test data, key is [persist.kvStaTest_907] data=[a(d"06&'j3sw8dO/%SZwV"#a)#7]
Insert a test data, key is [persist.kvStaTest_908] data=[,1P(rYh2z03E#49"4"*!#X!rV7H-]
Insert a test data, key is [persist.kvStaTest_909] data=[67"(13".%2xf0t!o"0)V!!(G9u##9]
Insert a test data, key is [persist.kvStaTest_910] data=[M#7Nz26#2*####Ew&Dq2]
Insert a test data, key is [persist.kvStaTest_911] data=[.&!.!/.990*(/.E/"Er("]
Insert a test data, key is [persist.kvStaTest_912] data=[8%nW"(A)EWt9-H!4Yv"V"1]
Insert a test data, key is [persist.kvStaTest_913] data=[2#XU"h#)o##*8"0rI/J2Sy"]
Insert a test data, key is [persist.kvStaTest_914] data=['t48'#j#L+#801bT#Qhi!6,p]
Insert a test data, key is [persist.kvStaTest_915] data=[n%2#WIS2'3#0G(!/!4)mBoN//]
Insert a test data, key is [persist.kvStaTest_916] data=[f+Bd!lP/*/"bZ#2,BckIl3Dr"4]
Insert a test data, key is [persist.kvStaTest_917] data=[Y4kn07'"8!!((##E8w#'1,#B&"6]
Insert a test data, key is [persist.kvStaTest_918] data=["N8-31&+yq.U!#"r#gyr(Z6%i5A"]
Insert a test data, key is [persist.kvStaTest_919] data=[Z'2G0Gpa0KLM0/!ou+L#e5O.K#r-V]
Insert a test data, key is [persist.kvStaTest_920] data=[1"#zm"-6!1d"05C'A"7k]
Insert a test data, key is [persist.kvStaTest_921] data=[#%.ot5n6e954y!%&xpuOE]
Insert a test data, key is [persist.kvStaTest_922] data=[*.!4*r3C./90XM+"8A+%"1]
Insert a test data, key is [persist.kvStaTest_923] data=[0xI8!P%dFa625/6Wdoft7"p]
Insert a test data, key is [persist.kvStaTest_924] data=['8"aPy8n5,e%#%T2!"#AFy"J]
Insert a test data, key is [persist.kvStaTest_925] data=[+1-CG"#d0pQ%&&Pk!Gy*1"""!]
Insert a test data, key is [persist.kvStaTest_926] data=[#'l&opE##"au'"47lqmM&O6)V"]
Insert a test data, key is [persist.kvStaTest_927] data=[j2,,x,,)"!*1!S0#ec3#"z!(tA6]
Insert a test data, key is [persist.kvStaTest_928] data=[!-Q'.!/SN3K&-W(!8d+y75%)7lU4]
Insert a test data, key is [persist.kvStaTest_929] data=[%Z!!064!/#4!u!!V#"*&S4c"!9&V1]
Insert a test data, key is [persist.kvStaTest_930] data=[!&D"OC3v#9Dl6K,k##+Y]
Insert a test data, key is [persist.kvStaTest_931] data=["0#ok8#"-b8-68!q2#'L5]
Insert a test data, key is [persist.kvStaTest_932] data=[4!a56I("k&#J#8"S#V"Hq*]
Insert a test data, key is [persist.kvStaTest_933] data=[H'rdQ)w!#s"8M)B,9n!"R!/]
Insert a test data, key is [persist.kvStaTest_934] data=[QVH'6,L5/,N9wT8B-"-,ZV!k]
Insert a test data, key is [persist.kvStaTest_935] data=[!4(!C&Y7!f#%'X/#7U43a#s4#]
Insert a test data, key is [persist.kvStaTest_936] data=[8pAA!g42bTVL87cJK!7#y9QNtP]
Insert a test data, key is [persist.kvStaTest_937] data=[8uW#/",o(Iwqe"G&R+B5tEivkXH]
Insert a test data, key is [persist.kvStaTest_938] data=[/yMCp1%-U'#I9#kR%L7p3#"rQwee]
Insert a test data, key is [persist.kvStaTest_939] data=[k8*MS903218Z9x%2K!r#(T,8%!1(1]
Insert a test data, key is [persist.kvStaTest_940] data=[0"9"Y2/-7"9!o'Dd.m7#]
Insert a test data, key is [persist.kvStaTest_941] data=[Ioh2hPV"!z4NPcvf2O!uc]
Insert a test data, key is [persist.kvStaTest_942] data=[yA!/3#!B!656##MY%NKCs2]
Insert a test data, key is [persist.kvStaTest_943] data=[8JE0Y,#A4wf5#eKx'Y5L"a(]
Insert a test data, key is [persist.kvStaTest_944] data=[d"06&'j3sw8dO/%SZwV"#a)#]
Insert a test data, key is [persist.kvStaTest_945] data=[7,1P(rYh2z03E#49"4"*!#X!r]
Insert a test data, key is [persist.kvStaTest_946] data=[V7H-67"(13".%2xf0t!o"0)V!!]
Insert a test data, key is [persist.kvStaTest_947] data=[(G9u##9M#7Nz26#2*####Ew&Dq2]
Insert a test data, key is [persist.kvStaTest_948] data=[.&!.!/.990*(/.E/"Er("8%nW"(A]
Insert a test data, key is [persist.kvStaTest_949] data=[)EWt9-H!4Yv"V"12#XU"h#)o##*8"]
Insert a test data, key is [persist.kvStaTest_950] data=[0rI/J2Sy"'t48'#j#L+#]
Insert a test data, key is [persist.kvStaTest_951] data=[801bT#Qhi!6,pn%2#WIS2]
Insert a test data, key is [persist.kvStaTest_952] data=['3#0G(!/!4)mBoN//f+Bd!]
Insert a test data, key is [persist.kvStaTest_953] data=[lP/*/"bZ#2,BckIl3Dr"4Y4]
Insert a test data, key is [persist.kvStaTest_954] data=[kn07'"8!!((##E8w#'1,#B&"]
Insert a test data, key is [persist.kvStaTest_955] data=[6"N8-31&+yq.U!#"r#gyr(Z6%]
Insert a test data, key is [persist.kvStaTest_956] data=[i5A"Z'2G0Gpa0KLM0/!ou+L#e5]
Insert a test data, key is [persist.kvStaTest_957] data=[O.K#r-V1"#zm"-6!1d"05C'A"7k]
Insert a test data, key is [persist.kvStaTest_958] data=[#%.ot5n6e954y!%&xpuOE*.!4*r3]
Insert a test data, key is [persist.kvStaTest_959] data=[C./90XM+"8A+%"10xI8!P%dFa625/]
Insert a test data, key is [persist.kvStaTest_960] data=[6Wdoft7"p'8"aPy8n5,e]
Insert a test data, key is [persist.kvStaTest_961] data=[%#%T2!"#AFy"J+1-CG"#d]
Insert a test data, key is [persist.kvStaTest_962] data=[0pQ%&&Pk!Gy*1"""!#'l&o]
Insert a test data, key is [persist.kvStaTest_963] data=[pE##"au'"47lqmM&O6)V"j2]
Insert a test data, key is [persist.kvStaTest_964] data=[,,x,,)"!*1!S0#ec3#"z!(tA]
Insert a test data, key is [persist.kvStaTest_965] data=[6!-Q'.!/SN3K&-W(!8d+y75%)]
Insert a test data, key is [persist.kvStaTest_966] data=[7lU4%Z!!064!/#4!u!!V#"*&S4]
Insert a test data, key is [persist.kvStaTest_967] data=[c"!9&V1!&D"OC3v#9Dl6K,k##+Y]
Insert a test data, key is [persist.kvStaTest_968] data=["0#ok8#"-b8-68!q2#'L54!a56I(]
Insert a test data, key is [persist.kvStaTest_969] data=["k&#J#8"S#V"Hq*H'rdQ)w!#s"8M)]
Insert a test data, key is [persist.kvStaTest_970] data=[B,9n!"R!/QVH'6,L5/,N]
Insert a test data, key is [persist.kvStaTest_971] data=[9wT8B-"-,ZV!k!4(!C&Y7]
Insert a test data, key is [persist.kvStaTest_972] data=[!f#%'X/#7U43a#s4#8pAA!]
Insert a test data, key is [persist.kvStaTest_973] data=[g42bTVL87cJK!7#y9QNtP8u]
Insert a test data, key is [persist.kvStaTest_974] data=[W#/",o(Iwqe"G&R+B5tEivkX]
Insert a test data, key is [persist.kvStaTest_975] data=[H/yMCp1%-U'#I9#kR%L7p3#"r]
Insert a test data, key is [persist.kvStaTest_976] data=[Qweek8*MS903218Z9x%2K!r#(T]
Insert a test data, key is [persist.kvStaTest_977] data=[,8%!1(10"9"Y2/-7"9!o'Dd.m7#]
Insert a test data, key is [persist.kvStaTest_978] data=[Ioh2hPV"!z4NPcvf2O!ucyA!/3#!]
Insert a test data, key is [persist.kvStaTest_979] data=[B!656##MY%NKCs28JE0Y,#A4wf5#e]
Insert a test data, key is [persist.kvStaTest_980] data=[Kx'Y5L"a(d"06&'j3sw8]
Insert a test data, key is [persist.kvStaTest_981] data=[dO/%SZwV"#a)#7,1P(rYh]
Insert a test data, key is [persist.kvStaTest_982] data=[2z03E#49"4"*!#X!rV7H-6]
Insert a test data, key is [persist.kvStaTest_983] data=[7"(13".%2xf0t!o"0)V!!(G]
Insert a test data, key is [persist.kvStaTest_984] data=[9u##9M#7Nz26#2*####Ew&Dq]
Insert a test data, key is [persist.kvStaTest_985] data=[2.&!.!/.990*(/.E/"Er("8%n]
Insert a test data, key is [persist.kvStaTest_986] data=[W"(A)EWt9-H!4Yv"V"12#XU"h#]
Insert a test data, key is [persist.kvStaTest_987] data=[)o##*8"0rI/J2Sy"'t48'#j#L+#]
Insert a test data, key is [persist.kvStaTest_988] data=[801bT#Qhi!6,pn%2#WIS2'3#0G(!]
Insert a test data, key is [persist.kvStaTest_989] data=[/!4)mBoN//f+Bd!lP/*/"bZ#2,Bck]
Insert a test data, key is [persist.kvStaTest_990] data=[Il3Dr"4Y4kn07'"8!!((]
Insert a test data, key is [persist.kvStaTest_991] data=[##E8w#'1,#B&"6"N8-31&]
Insert a test data, key is [persist.kvStaTest_992] data=[+yq.U!#"r#gyr(Z6%i5A"Z]
Insert a test data, key is [persist.kvStaTest_993] data=['2G0Gpa0KLM0/!ou+L#e5O.]
Insert a test data, key is [persist.kvStaTest_994] data=[K#r-V1"#zm"-6!1d"05C'A"7]
Insert a test data, key is [persist.kvStaTest_995] data=[k#%.ot5n6e954y!%&xpuOE*.!]
Insert a test data, key is [persist.kvStaTest_996] data=[4*r3C./90XM+"8A+%"10xI8!P%]
Insert a test data, key is [persist.kvStaTest_997] data=[dFa625/6Wdoft7"p'8"aPy8n5,e]
Insert a test data, key is [persist.kvStaTest_998] data=[%#%T2!"#AFy"J+1-CG"#d0pQ%&&P]
Insert a test data, key is [persist.kvStaTest_999] data=[k!Gy*1"""!#'l&opE##"au'"47lqm]
Insert a test data, key is [persist.kvStaTest_1000] data=[M&O6)V"j2,,x,,)"!*1!]
Insert a test data, key is [persist.kvStaTest_1001] data=[S0#ec3#"z!(tA6!-Q'.!/]
Insert a test data, key is [persist.kvStaTest_1002] data=[SN3K&-W(!8d+y75%)7lU4%]
Insert a test data, key is [persist.kvStaTest_1003] data=[Z!!064!/#4!u!!V#"*&S4c"]
Insert a test data, key is [persist.kvStaTest_1004] data=[!9&V1!&D"OC3v#9Dl6K,k##+]
Insert a test data, key is [persist.kvStaTest_1005] data=[Y"0#ok8#"-b8-68!q2#'L54!a]
Insert a test data, key is [persist.kvStaTest_1006] data=[56I("k&#J#8"S#V"Hq*H'rdQ)w]
Insert a test data, key is [persist.kvStaTest_1007] data=[!#s"8M)B,9n!"R!/QVH'6,L5/,N]
Insert a test data, key is [persist.kvStaTest_1008] data=[9wT8B-"-,ZV!k!4(!C&Y7!f#%'X/]
Insert a test data, key is [persist.kvStaTest_1009] data=[#7U43a#s4#8pAA!g42bTVL87cJK!7]
Insert a test data, key is [persist.kvStaTest_1010] data=[#y9QNtP8uW#/",o(Iwqe]
Insert a test data, key is [persist.kvStaTest_1011] data=["G&R+B5tEivkXH/yMCp1%]
Insert a test data, key is [persist.kvStaTest_1012] data=[-U'#I9#kR%L7p3#"rQweek]
Insert a test data, key is [persist.kvStaTest_0] data=[!#F*9!"Z/*2N#Up"3("k]
Insert a test data, key is [persist.kvStaTest_1] data=[nx.,!5B0fD3tSFe!*y5j!]
Insert a test data, key is [persist.kvStaTest_2] data=[RHDy#c*"i#()E0Nb-JF4!5]
Insert a test data, key is [persist.kvStaTest_3] data=[B'!rpZA4t(e5(S,th!(#%m0]
Insert a test data, key is [persist.kvStaTest_4] data=[7p##'f5(7qp*p!"1ZQ8CYmp!]
Insert a test data, key is [persist.kvStaTest_5] data=[p"+X2/7P!".""pBHQPRNs.B9V]
Insert a test data, key is [persist.kvStaTest_6] data=[OS3&08"9b#HzQ'RQ3lwIK4+-t#]
Insert a test data, key is [persist.kvStaTest_7] data=[M,)qL%Wu7"QJr(ftMO1%mG(cnb5]
Insert a test data, key is [persist.kvStaTest_8] data=[3Q#ZOe5O-)!#uzBr+Drq0+(&iq#+]
Insert a test data, key is [persist.kvStaTest_9] data=[!c#Z3!.#Y3.!",58"#"K"-A8qRZ3n]
Insert a test data, key is [persist.kvStaTest_10] data=[0wN"9Z2+0vt!K14!LzK"]
Insert a test data, key is [persist.kvStaTest_11] data=[V.0#d4'.b#4F8"4Kamn"4]
Insert a test data, key is [persist.kvStaTest_12] data=[D'"#I)'4#2%66w-.%bRo0V]
Insert a test data, key is [persist.kvStaTest_13] data=[+,-#/#QWw4ro%"+'GeQ*!5(]
Insert a test data, key is [persist.kvStaTest_14] data=[6'l&opE##"au'"47lqmM&O6)]
Insert a test data, key is [persist.kvStaTest_15] data=[V"j2,,x,,)"!*1!S0#ec3#"z!]
Insert a test data, key is [persist.kvStaTest_16] data=[(tA6!-Q'.!/SN3K&-W(!8d+y75]
Insert a test data, key is [persist.kvStaTest_17] data=[%)7lU4%Z!!064!/#4!u!!V#"*&S]
Insert a test data, key is [persist.kvStaTest_18] data=[4c"!9&V1!&D"OC3v#9Dl6K,k##+Y]
Insert a test data, key is [persist.kvStaTest_19] data=["0#ok8#"-b8-68!q2#'L54!a56I("]
Insert a test data, key is [persist.kvStaTest_20] data=[k&#J#8"S#V"Hq*H'rdQ)]
Insert a test data, key is [persist.kvStaTest_21] data=[w!#s"8M)B,9n!"R!/QVH']
Insert a test data, key is [persist.kvStaTest_22] data=[6,L5/,N9wT8B-"-,ZV!k!4]
Insert a test data, key is [persist.kvStaTest_23] data=[(!C&Y7!f#%'X/#7U43a#s4#]
Insert a test data, key is [persist.kvStaTest_24] data=[8pAA!g42bTVL87cJK!7#y9QN]
Insert a test data, key is [persist.kvStaTest_25] data=[tP8uW#/",o(Iwqe"G&R+B5tEi]
Insert a test data, key is [persist.kvStaTest_26] data=[vkXH/yMCp1%-U'#I9#kR%L7p3#]
Insert a test data, key is [persist.kvStaTest_27] data=["rQweek8*MS903218Z9x%2K!r#(]
Insert a test data, key is [persist.kvStaTest_28] data=[T,8%!1(10"9"Y2/-7"9!o'Dd.m7#]
Insert a test data, key is [persist.kvStaTest_29] data=[Ioh2hPV"!z4NPcvf2O!ucyA!/3#!B]
Insert a test data, key is [persist.kvStaTest_30] data=[!656##MY%NKCs28JE0Y,]
Insert a test data, key is [persist.kvStaTest_31] data=[#A4wf5#eKx'Y5L"a(d"06]
Insert a test data, key is [persist.kvStaTest_32] data=[&'j3sw8dO/%SZwV"#a)#7,]
Insert a test data, key is [persist.kvStaTest_33] data=[1P(rYh2z03E#49"4"*!#X!r]
Insert a test data, key is [persist.kvStaTest_34] data=[V7H-67"(13".%2xf0t!o"0)V]
Insert a test data, key is [persist.kvStaTest_35] data=[!!(G9u##9M#7Nz26#2*####Ew]
Insert a test data, key is [persist.kvStaTest_36] data=[&Dq2.&!.!/.990*(/.E/"Er("8]
Insert a test data, key is [persist.kvStaTest_37] data=[%nW"(A)EWt9-H!4Yv"V"12#XU"h]
Insert a test data, key is [persist.kvStaTest_38] data=[#)o##*8"0rI/J2Sy"'t48'#j#L+#]
Insert a test data, key is [persist.kvStaTest_39] data=[801bT#Qhi!6,pn%2#WIS2'3#0G(!/]
Insert a test data, key is [persist.kvStaTest_40] data=[!4)mBoN//f+Bd!lP/*/"]
Insert a test data, key is [persist.kvStaTest_41] data=[bZ#2,BckIl3Dr"4Y4kn07]
Insert a test data, key is [persist.kvStaTest_42] data=['"8!!((##E8w#'1,#B&"6"]
Insert a test data, key is [persist.kvStaTest_43] data=[N8-31&+yq.U!#"r#gyr(Z6%]
Insert a test data, key is [persist.kvStaTest_44] data=[i5A"Z'2G0Gpa0KLM0/!ou+L#]
Insert a test data, key is [persist.kvStaTest_45] data=[e5O.K#r-V1"#zm"-6!1d"05C']
Insert a test data, key is [persist.kvStaTest_46] data=[A"7k#%.ot5n6e954y!%&xpuOE*]
Insert a test data, key is [persist.kvStaTest_47] data=[.!4*r3C./90XM+"8A+%"10xI8!P]
Insert a test data, key is [persist.kvStaTest_48] data=[%dFa625/6Wdoft7"p'8"aPy8n5,e]
Insert a test data, key is [persist.kvStaTest_49] data=[%#%T2!"#AFy"J+1-CG"#d0pQ%&&Pk]
Insert a test data, key is [persist.kvStaTest_50] data=[!Gy*1"""!#'l&opE##"a]
Insert a test data, key is [persist.kvStaTest_51] data=[u'"47lqmM&O6)V"j2,,x,]
Insert a test data, key is [persist.kvStaTest_52] data=[,)"!*1!S0#ec3#"z!(tA6!]
Insert a test data, key is [persist.kvStaTest_53] data=[-Q'.!/SN3K&-W(!8d+y75%)]
Insert a test data, key is [persist.kvStaTest_54] data=[7lU4%Z!!064!/#4!u!!V#"*&]
Insert a test data, key is [persist.kvStaTest_55] data=[S4c"!9&V1!&D"OC3v#9Dl6K,k]
Insert a test data, key is [persist.kvStaTest_56] data=[##+Y"0#ok8#"-b8-68!q2#'L54]
Insert a test data, key is [persist.kvStaTest_57] data=[!a56I("k&#J#8"S#V"Hq*H'rdQ)]
Insert a test data, key is [persist.kvStaTest_58] data=[w!#s"8M)B,9n!"R!/QVH'6,L5/,N]
Insert a test data, key is [persist.kvStaTest_59] data=[9wT8B-"-,ZV!k!4(!C&Y7!f#%'X/#]
Insert a test data, key is [persist.kvStaTest_60] data=[7U43a#s4#8pAA!g42bTV]
Insert a test data, key is [persist.kvStaTest_61] data=[L87cJK!7#y9QNtP8uW#/"]
Insert a test data, key is [persist.kvStaTest_62] data=[,o(Iwqe"G&R+B5tEivkXH/]
Insert a test data, key is [persist.kvStaTest_63] data=[yMCp1%-U'#I9#kR%L7p3#"r]
Insert a test data, key is [persist.kvStaTest_64] data=[Qweek8*MS903218Z9x%2K!r#]
Insert a test data, key is [persist.kvStaTest_65] data=[(T,8%!1(10"9"Y2/-7"9!o'Dd]
Insert a test data, key is [persist.kvStaTest_66] data=[.m7#Ioh2hPV"!z4NPcvf2O!ucy]
Insert a test data, key is [persist.kvStaTest_67] data=[A!/3#!B!656##MY%NKCs28JE0Y,]
Insert a test data, key is [persist.kvStaTest_68] data=[#A4wf5#eKx'Y5L"a(d"06&'j3sw8]
Insert a test data, key is [persist.kvStaTest_69] data=[dO/%SZwV"#a)#7,1P(rYh2z03E#49]
Insert a test data, key is [persist.kvStaTest_70] data=["4"*!#X!rV7H-67"(13"]
Insert a test data, key is [persist.kvStaTest_71] data=[.%2xf0t!o"0)V!!(G9u##]
Insert a test data, key is [persist.kvStaTest_72] data=[9M#7Nz26#2*####Ew&Dq2.]
Insert a test data, key is [persist.kvStaTest_73] data=[&!.!/.990*(/.E/"Er("8%n]
Insert a test data, key is [persist.kvStaTest_74] data=[W"(A)EWt9-H!4Yv"V"12#XU"]
Insert a test data, key is [persist.kvStaTest_75] data=[h#)o##*8"0rI/J2Sy"'t48'#j]
Insert a test data, key is [persist.kvStaTest_76] data=[#L+#801bT#Qhi!6,pn%2#WIS2']
Insert a test data, key is [persist.kvStaTest_77] data=[3#0G(!/!4)mBoN//f+Bd!lP/*/"]
Insert a test data, key is [persist.kvStaTest_78] data=[bZ#2,BckIl3Dr"4Y4kn07'"8!!((]
Insert a test data, key is [persist.kvStaTest_79] data=[##E8w#'1,#B&"6"N8-31&+yq.U!#"]
Insert a test data, key is [persist.kvStaTest_80] data=[r#gyr(Z6%i5A"Z'2G0Gp]
Insert a test data, key is [persist.kvStaTest_81] data=[a0KLM0/!ou+L#e5O.K#r-]
Insert a test data, key is [persist.kvStaTest_82] data=[V1"#zm"-6!1d"05C'A"7k#]
Insert a test data, key is [persist.kvStaTest_83] data=[%.ot5n6e954y!%&xpuOE*.!]
Insert a test data, key is [persist.kvStaTest_84] data=[4*r3C./90XM+"8A+%"10xI8!]
Insert a test data, key is [persist.kvStaTest_85] data=[P%dFa625/6Wdoft7"p'8"aPy8]
Insert a test data, key is [persist.kvStaTest_86] data=[n5,e%#%T2!"#AFy"J+1-CG"#d0]
Insert a test data, key is [persist.kvStaTest_87] data=[pQ%&&Pk!Gy*1"""!#'l&opE##"a]
Insert a test data, key is [persist.kvStaTest_88] data=[u'"47lqmM&O6)V"j2,,x,,)"!*1!]
Insert a test data, key is [persist.kvStaTest_89] data=[S0#ec3#"z!(tA6!-Q'.!/SN3K&-W(]
Insert a test data, key is [persist.kvStaTest_90] data=[!8d+y75%)7lU4%Z!!064]
Insert a test data, key is [persist.kvStaTest_91] data=[!/#4!u!!V#"*&S4c"!9&V]
Insert a test data, key is [persist.kvStaTest_92] data=[1!&D"OC3v#9Dl6K,k##+Y"]
Insert a test data, key is [persist.kvStaTest_93] data=[0#ok8#"-b8-68!q2#'L54!a]
Insert a test data, key is [persist.kvStaTest_94] data=[56I("k&#J#8"S#V"Hq*H'rdQ]
Insert a test data, key is [persist.kvStaTest_95] data=[)w!#s"8M)B,9n!"R!/QVH'6,L]
Insert a test data, key is [persist.kvStaTest_96] data=[5/,N9wT8B-"-,ZV!k!4(!C&Y7!]
Insert a test data, key is [persist.kvStaTest_97] data=[f#%'X/#7U43a#s4#8pAA!g42bTV]
Insert a test data, key is [persist.kvStaTest_98] data=[L87cJK!7#y9QNtP8uW#/",o(Iwqe]
Insert a test data, key is [persist.kvStaTest_99] data=["G&R+B5tEivkXH/yMCp1%-U'#I9#k]
Insert a test data, key is [persist.kvStaTest_100] data=[R%L7p3#"rQweek8*MS90]
Insert a test data, key is [persist.kvStaTest_101] data=[3218Z9x%2K!r#(T,8%!1(]
Insert a test data, key is [persist.kvStaTest_102] data=[10"9"Y2/-7"9!o'Dd.m7#I]
Insert a test data, key is [persist.kvStaTest_103] data=[oh2hPV"!z4NPcvf2O!ucyA!]
Insert a test data, key is [persist.kvStaTest_104] data=[/3#!B!656##MY%NKCs28JE0Y]
Insert a test data, key is [persist.kvStaTest_105] data=[,#A4wf5#eKx'Y5L"a(d"06&'j]
Insert a test data, key is [persist.kvStaTest_106] data=[3sw8dO/%SZwV"#a)#7,1P(rYh2]
Insert a test data, key is [persist.kvStaTest_107] data=[z03E#49"4"*!#X!rV7H-67"(13"]
Insert a test data, key is [persist.kvStaTest_108] data=[.%2xf0t!o"0)V!!(G9u##9M#7Nz2]
Insert a test data, key is [persist.kvStaTest_109] data=[6#2*####Ew&Dq2.&!.!/.990*(/.E]
Insert a test data, key is [persist.kvStaTest_110] data=[/"Er("8%nW"(A)EWt9-H]
Insert a test data, key is [persist.kvStaTest_111] data=[!4Yv"V"12#XU"h#)o##*8]
Insert a test data, key is [persist.kvStaTest_112] data=["0rI/J2Sy"'t48'#j#L+#8]
Insert a test data, key is [persist.kvStaTest_113] data=[01bT#Qhi!6,pn%2#WIS2'3#]
Insert a test data, key is [persist.kvStaTest_114] data=[0G(!/!4)mBoN//f+Bd!lP/*/]
Insert a test data, key is [persist.kvStaTest_115] data=["bZ#2,BckIl3Dr"4Y4kn07'"8]
Insert a test data, key is [persist.kvStaTest_116] data=[!!((##E8w#'1,#B&"6"N8-31&+]
Insert a test data, key is [persist.kvStaTest_117] data=[yq.U!#"r#gyr(Z6%i5A"Z'2G0Gp]
Insert a test data, key is [persist.kvStaTest_118] data=[a0KLM0/!ou+L#e5O.K#r-V1"#zm"]
Insert a test data, key is [persist.kvStaTest_119] data=[-6!1d"05C'A"7k#%.ot5n6e954y!%]
Insert a test data, key is [persist.kvStaTest_120] data=[&xpuOE*.!4*r3C./90XM]
Insert a test data, key is [persist.kvStaTest_121] data=[+"8A+%"10xI8!P%dFa625]
Insert a test data, key is [persist.kvStaTest_122] data=[/6Wdoft7"p'8"aPy8n5,e%]
Insert a test data, key is [persist.kvStaTest_123] data=[#%T2!"#AFy"J+1-CG"#d0pQ]
Insert a test data, key is [persist.kvStaTest_124] data=[%&&Pk!Gy*1"""!#'l&opE##"]
Insert a test data, key is [persist.kvStaTest_125] data=[au'"47lqmM&O6)V"j2,,x,,)"]
Insert a test data, key is [persist.kvStaTest_126] data=[!*1!S0#ec3#"z!(tA6!-Q'.!/S]
Insert a test data, key is [persist.kvStaTest_127] data=[N3K&-W(!8d+y75%)7lU4%Z!!064]
Insert a test data, key is [persist.kvStaTest_128] data=[!/#4!u!!V#"*&S4c"!9&V1!&D"OC]
Insert a test data, key is [persist.kvStaTest_129] data=[3v#9Dl6K,k##+Y"0#ok8#"-b8-68!]
Insert a test data, key is [persist.kvStaTest_130] data=[q2#'L54!a56I("k&#J#8]
Insert a test data, key is [persist.kvStaTest_131] data=["S#V"Hq*H'rdQ)w!#s"8M]
Insert a test data, key is [persist.kvStaTest_132] data=[)B,9n!"R!/QVH'6,L5/,N9]
Insert a test data, key is [persist.kvStaTest_133] data=[wT8B-"-,ZV!k!4(!C&Y7!f#]
Insert a test data, key is [persist.kvStaTest_134] data=[%'X/#7U43a#s4#8pAA!g42bT]
Insert a test data, key is [persist.kvStaTest_135] data=[VL87cJK!7#y9QNtP8uW#/",o(]
Insert a test data, key is [persist.kvStaTest_136] data=[Iwqe"G&R+B5tEivkXH/yMCp1%-]
Insert a test data, key is [persist.kvStaTest_137] data=[U'#I9#kR%L7p3#"rQweek8*MS90]
Insert a test data, key is [persist.kvStaTest_138] data=[3218Z9x%2K!r#(T,8%!1(10"9"Y2]
Insert a test data, key is [persist.kvStaTest_139] data=[/-7"9!o'Dd.m7#Ioh2hPV"!z4NPcv]
Insert a test data, key is [persist.kvStaTest_140] data=[f2O!ucyA!/3#!B!656##]
Insert a test data, key is [persist.kvStaTest_141] data=[MY%NKCs28JE0Y,#A4wf5#]
Insert a test data, key is [persist.kvStaTest_142] data=[eKx'Y5L"a(d"06&'j3sw8d]
Insert a test data, key is [persist.kvStaTest_143] data=[O/%SZwV"#a)#7,1P(rYh2z0]
Insert a test data, key is [persist.kvStaTest_144] data=[3E#49"4"*!#X!rV7H-67"(13]
Insert a test data, key is [persist.kvStaTest_145] data=[".%2xf0t!o"0)V!!(G9u##9M#]
Insert a test data, key is [persist.kvStaTest_146] data=[7Nz26#2*####Ew&Dq2.&!.!/.9]
Insert a test data, key is [persist.kvStaTest_147] data=[90*(/.E/"Er("8%nW"(A)EWt9-H]
Insert a test data, key is [persist.kvStaTest_148] data=[!4Yv"V"12#XU"h#)o##*8"0rI/J2]
Insert a test data, key is [persist.kvStaTest_149] data=[Sy"'t48'#j#L+#801bT#Qhi!6,pn%]
Insert a test data, key is [persist.kvStaTest_150] data=[2#WIS2'3#0G(!/!4)mBo]
Insert a test data, key is [persist.kvStaTest_151] data=[N//f+Bd!lP/*/"bZ#2,Bc]
Insert a test data, key is [persist.kvStaTest_152] data=[kIl3Dr"4Y4kn07'"8!!((#]
Insert a test data, key is [persist.kvStaTest_153] data=[#E8w#'1,#B&"6"N8-31&+yq]
Insert a test data, key is [persist.kvStaTest_154] data=[.U!#"r#gyr(Z6%i5A"Z'2G0G]
Insert a test data, key is [persist.kvStaTest_155] data=[pa0KLM0/!ou+L#e5O.K#r-V1"]
Insert a test data, key is [persist.kvStaTest_156] data=[#zm"-6!1d"05C'A"7k#%.ot5n6]
Insert a test data, key is [persist.kvStaTest_157] data=[e954y!%&xpuOE*.!4*r3C./90XM]
Insert a test data, key is [persist.kvStaTest_158] data=[+"8A+%"10xI8!P%dFa625/6Wdoft]
Insert a test data, key is [persist.kvStaTest_159] data=[7"p'8"aPy8n5,e%#%T2!"#AFy"J+1]
Insert a test data, key is [persist.kvStaTest_160] data=[-CG"#d0pQ%&&Pk!Gy*1"]
Insert a test data, key is [persist.kvStaTest_161] data=[""!#'l&opE##"au'"47lq]
Insert a test data, key is [persist.kvStaTest_162] data=[mM&O6)V"j2,,x,,)"!*1!S]
Insert a test data, key is [persist.kvStaTest_163] data=[0#ec3#"z!(tA6!-Q'.!/SN3]
Insert a test data, key is [persist.kvStaTest_164] data=[K&-W(!8d+y75%)7lU4%Z!!06]
Insert a test data, key is [persist.kvStaTest_165] data=[4!/#4!u!!V#"*&S4c"!9&V1!&]
Insert a test data, key is [persist.kvStaTest_166] data=[D"OC3v#9Dl6K,k##+Y"0#ok8#"]
Insert a test data, key is [persist.kvStaTest_167] data=[-b8-68!q2#'L54!a56I("k&#J#8]
Insert a test data, key is [persist.kvStaTest_168] data=["S#V"Hq*H'rdQ)w!#s"8M)B,9n!"]
Insert a test data, key is [persist.kvStaTest_169] data=[R!/QVH'6,L5/,N9wT8B-"-,ZV!k!4]
Insert a test data, key is [persist.kvStaTest_170] data=[(!C&Y7!f#%'X/#7U43a#]
Insert a test data, key is [persist.kvStaTest_171] data=[s4#8pAA!g42bTVL87cJK!]
Insert a test data, key is [persist.kvStaTest_172] data=[7#y9QNtP8uW#/",o(Iwqe"]
Insert a test data, key is [persist.kvStaTest_173] data=[G&R+B5tEivkXH/yMCp1%-U']
Insert a test data, key is [persist.kvStaTest_174] data=[#I9#kR%L7p3#"rQweek8*MS9]
Insert a test data, key is [persist.kvStaTest_175] data=[03218Z9x%2K!r#(T,8%!1(10"]
Insert a test data, key is [persist.kvStaTest_176] data=[9"Y2/-7"9!o'Dd.m7#Ioh2hPV"]
Insert a test data, key is [persist.kvStaTest_177] data=[!z4NPcvf2O!ucyA!/3#!B!656##]
Insert a test data, key is [persist.kvStaTest_178] data=[MY%NKCs28JE0Y,#A4wf5#eKx'Y5L]
Insert a test data, key is [persist.kvStaTest_179] data=["a(d"06&'j3sw8dO/%SZwV"#a)#7,]
Insert a test data, key is [persist.kvStaTest_180] data=[1P(rYh2z03E#49"4"*!#]
Insert a test data, key is [persist.kvStaTest_181] data=[X!rV7H-67"(13".%2xf0t]
Insert a test data, key is [persist.kvStaTest_182] data=[!o"0)V!!(G9u##9M#7Nz26]
Insert a test data, key is [persist.kvStaTest_183] data=[#2*####Ew&Dq2.&!.!/.990]
Insert a test data, key is [persist.kvStaTest_184] data=[*(/.E/"Er("8%nW"(A)EWt9-]
Insert a test data, key is [persist.kvStaTest_185] data=[H!4Yv"V"12#XU"h#)o##*8"0r]
Insert a test data, key is [persist.kvStaTest_186] data=[I/J2Sy"'t48'#j#L+#801bT#Qh]
Insert a test data, key is [persist.kvStaTest_187] data=[i!6,pn%2#WIS2'3#0G(!/!4)mBo]
Insert a test data, key is [persist.kvStaTest_188] data=[N//f+Bd!lP/*/"bZ#2,BckIl3Dr"]
Insert a test data, key is [persist.kvStaTest_189] data=[4Y4kn07'"8!!((##E8w#'1,#B&"6"]
Insert a test data, key is [persist.kvStaTest_190] data=[N8-31&+yq.U!#"r#gyr(]
Insert a test data, key is [persist.kvStaTest_191] data=[Z6%i5A"Z'2G0Gpa0KLM0/]
Insert a test data, key is [persist.kvStaTest_192] data=[!ou+L#e5O.K#r-V1"#zm"-]
Insert a test data, key is [persist.kvStaTest_193] data=[6!1d"05C'A"7k#%.ot5n6e9]
Insert a test data, key is [persist.kvStaTest_194] data=[54y!%&xpuOE*.!4*r3C./90X]
Insert a test data, key is [persist.kvStaTest_195] data=[M+"8A+%"10xI8!P%dFa625/6W]
Insert a test data, key is [persist.kvStaTest_196] data=[doft7"p'8"aPy8n5,e%#%T2!"#]
Insert a test data, key is [persist.kvStaTest_197] data=[AFy"J+1-CG"#d0pQ%&&Pk!Gy*1"]
Insert a test data, key is [persist.kvStaTest_198] data=[""!#'l&opE##"au'"47lqmM&O6)V]
Insert a test data, key is [persist.kvStaTest_199] data=["j2,,x,,)"!*1!S0#ec3#"z!(tA6!]
Insert a test data, key is [persist.kvStaTest_200] data=[-Q'.!/SN3K&-W(!8d+y7]
Insert a test data, key is [persist.kvStaTest_201] data=[5%)7lU4%Z!!064!/#4!u!]
Insert a test data, key is [persist.kvStaTest_202] data=[!V#"*&S4c"!9&V1!&D"OC3]
Insert a test data, key is [persist.kvStaTest_203] data=[v#9Dl6K,k##+Y"0#ok8#"-b]
Insert a test data, key is [persist.kvStaTest_204] data=[8-68!q2#'L54!a56I("k&#J#]
Insert a test data, key is [persist.kvStaTest_205] data=[8"S#V"Hq*H'rdQ)w!#s"8M)B,]
Insert a test data, key is [persist.kvStaTest_206] data=[9n!"R!/QVH'6,L5/,N9wT8B-"-]
Insert a test data, key is [persist.kvStaTest_207] data=[,ZV!k!4(!C&Y7!f#%'X/#7U43a#]
Insert a test data, key is [persist.kvStaTest_208] data=[s4#8pAA!g42bTVL87cJK!7#y9QNt]
Insert a test data, key is [persist.kvStaTest_209] data=[P8uW#/",o(Iwqe"G&R+B5tEivkXH/]
Insert a test data, key is [persist.kvStaTest_210] data=[yMCp1%-U'#I9#kR%L7p3]
Insert a test data, key is [persist.kvStaTest_211] data=[#"rQweek8*MS903218Z9x]
Insert a test data, key is [persist.kvStaTest_212] data=[%2K!r#(T,8%!1(10"9"Y2/]
Insert a test data, key is [persist.kvStaTest_213] data=[-7"9!o'Dd.m7#Ioh2hPV"!z]
Insert a test data, key is [persist.kvStaTest_214] data=[4NPcvf2O!ucyA!/3#!B!656#]
Insert a test data, key is [persist.kvStaTest_215] data=[#MY%NKCs28JE0Y,#A4wf5#eKx]
Insert a test data, key is [persist.kvStaTest_216] data=['Y5L"a(d"06&'j3sw8dO/%SZwV]
Insert a test data, key is [persist.kvStaTest_217] data=["#a)#7,1P(rYh2z03E#49"4"*!#]
Insert a test data, key is [persist.kvStaTest_218] data=[X!rV7H-67"(13".%2xf0t!o"0)V!]
Insert a test data, key is [persist.kvStaTest_219] data=[!(G9u##9M#7Nz26#2*####Ew&Dq2.]
Insert a test data, key is [persist.kvStaTest_220] data=[&!.!/.990*(/.E/"Er("]
Insert a test data, key is [persist.kvStaTest_221] data=[8%nW"(A)EWt9-H!4Yv"V"]
Insert a test data, key is [persist.kvStaTest_222] data=[12#XU"h#)o##*8"0rI/J2S]
Insert a test data, key is [persist.kvStaTest_223] data=[y"'t48'#j#L+#801bT#Qhi!]
Insert a test data, key is [persist.kvStaTest_224] data=[6,pn%2#WIS2'3#0G(!/!4)mB]
Insert a test data, key is [persist.kvStaTest_225] data=[oN//f+Bd!lP/*/"bZ#2,BckIl]
Insert a test data, key is [persist.kvStaTest_226] data=[3Dr"4Y4kn07'"8!!((##E8w#'1]
Insert a test data, key is [persist.kvStaTest_227] data=[,#B&"6"N8-31&+yq.U!#"r#gyr(]
Insert a test data, key is [persist.kvStaTest_228] data=[Z6%i5A"Z'2G0Gpa0KLM0/!ou+L#e]
Insert a test data, key is [persist.kvStaTest_229] data=[5O.K#r-V1"#zm"-6!1d"05C'A"7k#]
Insert a test data, key is [persist.kvStaTest_230] data=[%.ot5n6e954y!%&xpuOE]
Insert a test data, key is [persist.kvStaTest_231] data=[*.!4*r3C./90XM+"8A+%"]
Insert a test data, key is [persist.kvStaTest_232] data=[10xI8!P%dFa625/6Wdoft7]
Insert a test data, key is [persist.kvStaTest_233] data=["p'8"aPy8n5,e%#%T2!"#AF]
Insert a test data, key is [persist.kvStaTest_234] data=[y"J+1-CG"#d0pQ%&&Pk!Gy*1]
Insert a test data, key is [persist.kvStaTest_235] data=["""!#'l&opE##"au'"47lqmM&]
Insert a test data, key is [persist.kvStaTest_236] data=[O6)V"j2,,x,,)"!*1!S0#ec3#"]
Insert a test data, key is [persist.kvStaTest_237] data=[z!(tA6!-Q'.!/SN3K&-W(!8d+y7]
Insert a test data, key is [persist.kvStaTest_238] data=[5%)7lU4%Z!!064!/#4!u!!V#"*&S]
Insert a test data, key is [persist.kvStaTest_239] data=[4c"!9&V1!&D"OC3v#9Dl6K,k##+Y"]
Insert a test data, key is [persist.kvStaTest_240] data=[0#ok8#"-b8-68!q2#'L5]
Insert a test data, key is [persist.kvStaTest_241] data=[4!a56I("k&#J#8"S#V"Hq]
Insert a test data, key is [persist.kvStaTest_242] data=[*H'rdQ)w!#s"8M)B,9n!"R]
Insert a test data, key is [persist.kvStaTest_243] data=[!/QVH'6,L5/,N9wT8B-"-,Z]
Insert a test data, key is [persist.kvStaTest_244] data=[V!k!4(!C&Y7!f#%'X/#7U43a]
Insert a test data, key is [persist.kvStaTest_245] data=[#s4#8pAA!g42bTVL87cJK!7#y]
Insert a test data, key is [persist.kvStaTest_246] data=[9QNtP8uW#/",o(Iwqe"G&R+B5t]
Insert a test data, key is [persist.kvStaTest_247] data=[EivkXH/yMCp1%-U'#I9#kR%L7p3]
Insert a test data, key is [persist.kvStaTest_248] data=[#"rQweek8*MS903218Z9x%2K!r#(]
Insert a test data, key is [persist.kvStaTest_249] data=[T,8%!1(10"9"Y2/-7"9!o'Dd.m7#I]
Insert a test data, key is [persist.kvStaTest_250] data=[oh2hPV"!z4NPcvf2O!uc]
Insert a test data, key is [persist.kvStaTest_251] data=[yA!/3#!B!656##MY%NKCs]
Insert a test data, key is [persist.kvStaTest_252] data=[28JE0Y,#A4wf5#eKx'Y5L"]
Insert a test data, key is [persist.kvStaTest_253] data=[a(d"06&'j3sw8dO/%SZwV"#]
Insert a test data, key is [persist.kvStaTest_254] data=[a)#7,1P(rYh2z03E#49"4"*!]
Insert a test data, key is [persist.kvStaTest_255] data=[#X!rV7H-67"(13".%2xf0t!o"]
Insert a test data, key is [persist.kvStaTest_256] data=[0)V!!(G9u##9M#7Nz26#2*####]
Insert a test data, key is [persist.kvStaTest_257] data=[Ew&Dq2.&!.!/.990*(/.E/"Er("]
Insert a test data, key is [persist.kvStaTest_258] data=[8%nW"(A)EWt9-H!4Yv"V"12#XU"h]
Insert a test data, key is [persist.kvStaTest_259] data=[#)o##*8"0rI/J2Sy"'t48'#j#L+#8]
Insert a test data, key is [persist.kvStaTest_260] data=[01bT#Qhi!6,pn%2#WIS2]
Insert a test data, key is [persist.kvStaTest_261] data=['3#0G(!/!4)mBoN//f+Bd]
Insert a test data, key is [persist.kvStaTest_262] data=[!lP/*/"bZ#2,BckIl3Dr"4]
Insert a test data, key is [persist.kvStaTest_263] data=[Y4kn07'"8!!((##E8w#'1,#]
Insert a test data, key is [persist.kvStaTest_264] data=[B&"6"N8-31&+yq.U!#"r#gyr]
Insert a test data, key is [persist.kvStaTest_265] data=[(Z6%i5A"Z'2G0Gpa0KLM0/!ou]
Insert a test data, key is [persist.kvStaTest_266] data=[+L#e5O.K#r-V1"#zm"-6!1d"05]
Insert a test data, key is [persist.kvStaTest_267] data=[C'A"7k#%.ot5n6e954y!%&xpuOE]
Insert a test data, key is [persist.kvStaTest_268] data=[*.!4*r3C./90XM+"8A+%"10xI8!P]
Insert a test data, key is [persist.kvStaTest_269] data=[%dFa625/6Wdoft7"p'8"aPy8n5,e%]
Insert a test data, key is [persist.kvStaTest_270] data=[#%T2!"#AFy"J+1-CG"#d]
Insert a test data, key is [persist.kvStaTest_271] data=[0pQ%&&Pk!Gy*1"""!#'l&]
Insert a test data, key is [persist.kvStaTest_272] data=[opE##"au'"47lqmM&O6)V"]
Insert a test data, key is [persist.kvStaTest_273] data=[j2,,x,,)"!*1!S0#ec3#"z!]
Insert a test data, key is [persist.kvStaTest_274] data=[(tA6!-Q'.!/SN3K&-W(!8d+y]
Insert a test data, key is [persist.kvStaTest_275] data=[75%)7lU4%Z!!064!/#4!u!!V#]
Insert a test data, key is [persist.kvStaTest_276] data=["*&S4c"!9&V1!&D"OC3v#9Dl6K]
Insert a test data, key is [persist.kvStaTest_277] data=[,k##+Y"0#ok8#"-b8-68!q2#'L5]
Insert a test data, key is [persist.kvStaTest_278] data=[4!a56I("k&#J#8"S#V"Hq*H'rdQ)]
Insert a test data, key is [persist.kvStaTest_279] data=[w!#s"8M)B,9n!"R!/QVH'6,L5/,N9]
Insert a test data, key is [persist.kvStaTest_280] data=[wT8B-"-,ZV!k!4(!C&Y7]
Insert a test data, key is [persist.kvStaTest_281] data=[!f#%'X/#7U43a#s4#8pAA]
Insert a test data, key is [persist.kvStaTest_282] data=[!g42bTVL87cJK!7#y9QNtP]
Insert a test data, key is [persist.kvStaTest_283] data=[8uW#/",o(Iwqe"G&R+B5tEi]
Insert a test data, key is [persist.kvStaTest_284] data=[vkXH/yMCp1%-U'#I9#kR%L7p]
Insert a test data, key is [persist.kvStaTest_285] data=[3#"rQweek8*MS903218Z9x%2K]
Insert a test data, key is [persist.kvStaTest_286] data=[!r#(T,8%!1(10"9"Y2/-7"9!o']
Insert a test data, key is [persist.kvStaTest_287] data=[Dd.m7#Ioh2hPV"!z4NPcvf2O!uc]
Insert a test data, key is [persist.kvStaTest_288] data=[yA!/3#!B!656##MY%NKCs28JE0Y,]
Insert a test data, key is [persist.kvStaTest_289] data=[#A4wf5#eKx'Y5L"a(d"06&'j3sw8d]
Insert a test data, key is [persist.kvStaTest_290] data=[O/%SZwV"#a)#7,1P(rYh]
Insert a test data, key is [persist.kvStaTest_291] data=[2z03E#49"4"*!#X!rV7H-]
Insert a test data, key is [persist.kvStaTest_292] data=[67"(13".%2xf0t!o"0)V!!]
Insert a test data, key is [persist.kvStaTest_293] data=[(G9u##9M#7Nz26#2*####Ew]
Insert a test data, key is [persist.kvStaTest_294] data=[&Dq2.&!.!/.990*(/.E/"Er(]
Insert a test data, key is [persist.kvStaTest_295] data=["8%nW"(A)EWt9-H!4Yv"V"12#]
Insert a test data, key is [persist.kvStaTest_296] data=[XU"h#)o##*8"0rI/J2Sy"'t48']
Insert a test data, key is [persist.kvStaTest_297] data=[#j#L+#801bT#Qhi!6,pn%2#WIS2]
Insert a test data, key is [persist.kvStaTest_298] data=['3#0G(!/!4)mBoN//f+Bd!lP/*/"]
Insert a test data, key is [persist.kvStaTest_299] data=[bZ#2,BckIl3Dr"4Y4kn07'"8!!((#]
Insert a test data, key is [persist.kvStaTest_300] data=[#E8w#'1,#B&"6"N8-31&]
Insert a test data, key is [persist.kvStaTest_301] data=[+yq.U!#"r#gyr(Z6%i5A"]
Insert a test data, key is [persist.kvStaTest_302] data=[Z'2G0Gpa0KLM0/!ou+L#e5]
Insert a test data, key is [persist.kvStaTest_303] data=[O.K#r-V1"#zm"-6!1d"05C']
Insert a test data, key is [persist.kvStaTest_304] data=[A"7k#%.ot5n6e954y!%&xpuO]
Insert a test data, key is [persist.kvStaTest_305] data=[E*.!4*r3C./90XM+"8A+%"10x]
Insert a test data, key is [persist.kvStaTest_306] data=[I8!P%dFa625/6Wdoft7"p'8"aP]
Insert a test data, key is [persist.kvStaTest_307] data=[y8n5,e%#%T2!"#AFy"J+1-CG"#d]
Insert a test data, key is [persist.kvStaTest_308] data=[0pQ%&&Pk!Gy*1"""!#'l&opE##"a]
Insert a test data, key is [persist.kvStaTest_309] data=[u'"47lqmM&O6)V"j2,,x,,)"!*1!S]
Insert a test data, key is [persist.kvStaTest_310] data=[0#ec3#"z!(tA6!-Q'.!/]
Insert a test data, key is [persist.kvStaTest_311] data=[SN3K&-W(!8d+y75%)7lU4]
Insert a test data, key is [persist.kvStaTest_312] data=[%Z!!064!/#4!u!!V#"*&S4]
Insert a test data, key is [persist.kvStaTest_313] data=[c"!9&V1!&D"OC3v#9Dl6K,k]
Insert a test data, key is [persist.kvStaTest_314] data=[##+Y"0#ok8#"-b8-68!q2#'L]
Insert a test data, key is [persist.kvStaTest_315] data=[54!a56I("k&#J#8"S#V"Hq*H']
Insert a test data, key is [persist.kvStaTest_316] data=[rdQ)w!#s"8M)B,9n!"R!/QVH'6]
Insert a test data, key is [persist.kvStaTest_317] data=[,L5/,N9wT8B-"-,ZV!k!4(!C&Y7]
Insert a test data, key is [persist.kvStaTest_318] data=[!f#%'X/#7U43a#s4#8pAA!g42bTV]
Insert a test data, key is [persist.kvStaTest_319] data=[L87cJK!7#y9QNtP8uW#/",o(Iwqe"]
Insert a test data, key is [persist.kvStaTest_320] data=[G&R+B5tEivkXH/yMCp1%]
Insert a test data, key is [persist.kvStaTest_321] data=[-U'#I9#kR%L7p3#"rQwee]
Insert a test data, key is [persist.kvStaTest_322] data=[k8*MS903218Z9x%2K!r#(T]
Insert a test data, key is [persist.kvStaTest_323] data=[,8%!1(10"9"Y2/-7"9!o'Dd]
Insert a test data, key is [persist.kvStaTest_324] data=[.m7#Ioh2hPV"!z4NPcvf2O!u]
Insert a test data, key is [persist.kvStaTest_325] data=[cyA!/3#!B!656##MY%NKCs28J]
Insert a test data, key is [persist.kvStaTest_326] data=[E0Y,#A4wf5#eKx'Y5L"a(d"06&]
Insert a test data, key is [persist.kvStaTest_327] data=['j3sw8dO/%SZwV"#a)#7,1P(rYh]
Insert a test data, key is [persist.kvStaTest_328] data=[2z03E#49"4"*!#X!rV7H-67"(13"]
Insert a test data, key is [persist.kvStaTest_329] data=[.%2xf0t!o"0)V!!(G9u##9M#7Nz26]
Insert a test data, key is [persist.kvStaTest_330] data=[#2*####Ew&Dq2.&!.!/.]
Insert a test data, key is [persist.kvStaTest_331] data=[990*(/.E/"Er("8%nW"(A]
Insert a test data, key is [persist.kvStaTest_332] data=[)EWt9-H!4Yv"V"12#XU"h#]
Insert a test data, key is [persist.kvStaTest_333] data=[)o##*8"0rI/J2Sy"'t48'#j]
Insert a test data, key is [persist.kvStaTest_334] data=[#L+#801bT#Qhi!6,pn%2#WIS]
Insert a test data, key is [persist.kvStaTest_335] data=[2'3#0G(!/!4)mBoN//f+Bd!lP]
Insert a test data, key is [persist.kvStaTest_336] data=[/*/"bZ#2,BckIl3Dr"4Y4kn07']
Insert a test data, key is [persist.kvStaTest_337] data=["8!!((##E8w#'1,#B&"6"N8-31&]
Insert a test data, key is [persist.kvStaTest_338] data=[+yq.U!#"r#gyr(Z6%i5A"Z'2G0Gp]
Insert a test data, key is [persist.kvStaTest_339] data=[a0KLM0/!ou+L#e5O.K#r-V1"#zm"-]
Insert a test data, key is [persist.kvStaTest_340] data=[6!1d"05C'A"7k#%.ot5n]
Insert a test data, key is [persist.kvStaTest_341] data=[6e954y!%&xpuOE*.!4*r3]
Insert a test data, key is [persist.kvStaTest_342] data=[C./90XM+"8A+%"10xI8!P%]
Insert a test data, key is [persist.kvStaTest_343] data=[dFa625/6Wdoft7"p'8"aPy8]
Insert a test data, key is [persist.kvStaTest_344] data=[n5,e%#%T2!"#AFy"J+1-CG"#]
Insert a test data, key is [persist.kvStaTest_345] data=[d0pQ%&&Pk!Gy*1"""!#'l&opE]
Insert a test data, key is [persist.kvStaTest_346] data=[##"au'"47lqmM&O6)V"j2,,x,,]
Insert a test data, key is [persist.kvStaTest_347] data=[)"!*1!S0#ec3#"z!(tA6!-Q'.!/]
Insert a test data, key is [persist.kvStaTest_348] data=[SN3K&-W(!8d+y75%)7lU4%Z!!064]
Insert a test data, key is [persist.kvStaTest_349] data=[!/#4!u!!V#"*&S4c"!9&V1!&D"OC3]
Insert a test data, key is [persist.kvStaTest_350] data=[v#9Dl6K,k##+Y"0#ok8#]
Insert a test data, key is [persist.kvStaTest_351] data=["-b8-68!q2#'L54!a56I(]
Insert a test data, key is [persist.kvStaTest_352] data=["k&#J#8"S#V"Hq*H'rdQ)w]
Insert a test data, key is [persist.kvStaTest_353] data=[!#s"8M)B,9n!"R!/QVH'6,L]
Insert a test data, key is [persist.kvStaTest_354] data=[5/,N9wT8B-"-,ZV!k!4(!C&Y]
Insert a test data, key is [persist.kvStaTest_355] data=[7!f#%'X/#7U43a#s4#8pAA!g4]
Insert a test data, key is [persist.kvStaTest_356] data=[2bTVL87cJK!7#y9QNtP8uW#/",]
Insert a test data, key is [persist.kvStaTest_357] data=[o(Iwqe"G&R+B5tEivkXH/yMCp1%]
Insert a test data, key is [persist.kvStaTest_358] data=[-U'#I9#kR%L7p3#"rQweek8*MS90]
Insert a test data, key is [persist.kvStaTest_359] data=[3218Z9x%2K!r#(T,8%!1(10"9"Y2/]
Insert a test data, key is [persist.kvStaTest_360] data=[-7"9!o'Dd.m7#Ioh2hPV]
Insert a test data, key is [persist.kvStaTest_361] data=["!z4NPcvf2O!ucyA!/3#!]
Insert a test data, key is [persist.kvStaTest_362] data=[B!656##MY%NKCs28JE0Y,#]
Insert a test data, key is [persist.kvStaTest_363] data=[A4wf5#eKx'Y5L"a(d"06&'j]
Insert a test data, key is [persist.kvStaTest_364] data=[3sw8dO/%SZwV"#a)#7,1P(rY]
Insert a test data, key is [persist.kvStaTest_365] data=[h2z03E#49"4"*!#X!rV7H-67"]
Insert a test data, key is [persist.kvStaTest_366] data=[(13".%2xf0t!o"0)V!!(G9u##9]
Insert a test data, key is [persist.kvStaTest_367] data=[M#7Nz26#2*####Ew&Dq2.&!.!/.]
Insert a test data, key is [persist.kvStaTest_368] data=[990*(/.E/"Er("8%nW"(A)EWt9-H]
Insert a test data, key is [persist.kvStaTest_369] data=[!4Yv"V"12#XU"h#)o##*8"0rI/J2S]
Insert a test data, key is [persist.kvStaTest_370] data=[y"'t48'#j#L+#801bT#Q]
Insert a test data, key is [persist.kvStaTest_371] data=[hi!6,pn%2#WIS2'3#0G(!]
Insert a test data, key is [persist.kvStaTest_372] data=[/!4)mBoN//f+Bd!lP/*/"b]
Insert a test data, key is [persist.kvStaTest_373] data=[Z#2,BckIl3Dr"4Y4kn07'"8]
Insert a test data, key is [persist.kvStaTest_374] data=[!!((##E8w#'1,#B&"6"N8-31]
Insert a test data, key is [persist.kvStaTest_375] data=[&+yq.U!#"r#gyr(Z6%i5A"Z'2]
Insert a test data, key is [persist.kvStaTest_376] data=[G0Gpa0KLM0/!ou+L#e5O.K#r-V]
Insert a test data, key is [persist.kvStaTest_377] data=[1"#zm"-6!1d"05C'A"7k#%.ot5n]
Insert a test data, key is [persist.kvStaTest_378] data=[6e954y!%&xpuOE*.!4*r3C./90XM]
Insert a test data, key is [persist.kvStaTest_379] data=[+"8A+%"10xI8!P%dFa625/6Wdoft7]
Insert a test data, key is [persist.kvStaTest_380] data=["p'8"aPy8n5,e%#%T2!"]
Insert a test data, key is [persist.kvStaTest_381] data=[#AFy"J+1-CG"#d0pQ%&&P]
Insert a test data, key is [persist.kvStaTest_382] data=[k!Gy*1"""!#'l&opE##"au]
Insert a test data, key is [persist.kvStaTest_383] data=['"47lqmM&O6)V"j2,,x,,)"]
Insert a test data, key is [persist.kvStaTest_384] data=[!*1!S0#ec3#"z!(tA6!-Q'.!]
Insert a test data, key is [persist.kvStaTest_385] data=[/SN3K&-W(!8d+y75%)7lU4%Z!]
Insert a test data, key is [persist.kvStaTest_386] data=[!064!/#4!u!!V#"*&S4c"!9&V1]
Insert a test data, key is [persist.kvStaTest_387] data=[!&D"OC3v#9Dl6K,k##+Y"0#ok8#]
Insert a test data, key is [persist.kvStaTest_388] data=["-b8-68!q2#'L54!a56I("k&#J#8]
Insert a test data, key is [persist.kvStaTest_389] data=["S#V"Hq*H'rdQ)w!#s"8M)B,9n!"R]
Insert a test data, key is [persist.kvStaTest_390] data=[!/QVH'6,L5/,N9wT8B-"]
Insert a test data, key is [persist.kvStaTest_391] data=[-,ZV!k!4(!C&Y7!f#%'X/]
Insert a test data, key is [persist.kvStaTest_392] data=[#7U43a#s4#8pAA!g42bTVL]
Insert a test data, key is [persist.kvStaTest_393] data=[87cJK!7#y9QNtP8uW#/",o(]
Insert a test data, key is [persist.kvStaTest_394] data=[Iwqe"G&R+B5tEivkXH/yMCp1]
Insert a test data, key is [persist.kvStaTest_395] data=[%-U'#I9#kR%L7p3#"rQweek8*]
Insert a test data, key is [persist.kvStaTest_396] data=[MS903218Z9x%2K!r#(T,8%!1(1]
Insert a test data, key is [persist.kvStaTest_397] data=[0"9"Y2/-7"9!o'Dd.m7#Ioh2hPV]
Insert a test data, key is [persist.kvStaTest_398] data=["!z4NPcvf2O!ucyA!/3#!B!656##]
Insert a test data, key is [persist.kvStaTest_399] data=[MY%NKCs28JE0Y,#A4wf5#eKx'Y5L"]
Insert a test data, key is [persist.kvStaTest_400] data=[a(d"06&'j3sw8dO/%SZw]
Insert a test data, key is [persist.kvStaTest_401] data=[V"#a)#7,1P(rYh2z03E#4]
Insert a test data, key is [persist.kvStaTest_402] data=[9"4"*!#X!rV7H-67"(13".]
Insert a test data, key is [persist.kvStaTest_403] data=[%2xf0t!o"0)V!!(G9u##9M#]
Insert a test data, key is [persist.kvStaTest_404] data=[7Nz26#2*####Ew&Dq2.&!.!/]
Insert a test data, key is [persist.kvStaTest_405] data=[.990*(/.E/"Er("8%nW"(A)EW]
Insert a test data, key is [persist.kvStaTest_406] data=[t9-H!4Yv"V"12#XU"h#)o##*8"]
Insert a test data, key is [persist.kvStaTest_407] data=[0rI/J2Sy"'t48'#j#L+#801bT#Q]
Insert a test data, key is [persist.kvStaTest_408] data=[hi!6,pn%2#WIS2'3#0G(!/!4)mBo]
Insert a test data, key is [persist.kvStaTest_409] data=[N//f+Bd!lP/*/"bZ#2,BckIl3Dr"4]
Insert a test data, key is [persist.kvStaTest_410] data=[Y4kn07'"8!!((##E8w#']
Insert a test data, key is [persist.kvStaTest_411] data=[1,#B&"6"N8-31&+yq.U!#]
Insert a test data, key is [persist.kvStaTest_412] data=["r#gyr(Z6%i5A"Z'2G0Gpa]
Insert a test data, key is [persist.kvStaTest_413] data=[0KLM0/!ou+L#e5O.K#r-V1"]
Insert a test data, key is [persist.kvStaTest_414] data=[#zm"-6!1d"05C'A"7k#%.ot5]
Insert a test data, key is [persist.kvStaTest_415] data=[n6e954y!%&xpuOE*.!4*r3C./]
Insert a test data, key is [persist.kvStaTest_416] data=[90XM+"8A+%"10xI8!P%dFa625/]
Insert a test data, key is [persist.kvStaTest_417] data=[6Wdoft7"p'8"aPy8n5,e%#%T2!"]
Insert a test data, key is [persist.kvStaTest_418] data=[#AFy"J+1-CG"#d0pQ%&&Pk!Gy*1"]
Insert a test data, key is [persist.kvStaTest_419] data=[""!#'l&opE##"au'"47lqmM&O6)V"]
Insert a test data, key is [persist.kvStaTest_420] data=[j2,,x,,)"!*1!S0#ec3#]
Insert a test data, key is [persist.kvStaTest_421] data=["z!(tA6!-Q'.!/SN3K&-W]
Insert a test data, key is [persist.kvStaTest_422] data=[(!8d+y75%)7lU4%Z!!064!]
Insert a test data, key is [persist.kvStaTest_423] data=[/#4!u!!V#"*&S4c"!9&V1!&]
Insert a test data, key is [persist.kvStaTest_424] data=[D"OC3v#9Dl6K,k##+Y"0#ok8]
Insert a test data, key is [persist.kvStaTest_425] data=[#"-b8-68!q2#'L54!a56I("k&]
Insert a test data, key is [persist.kvStaTest_426] data=[#J#8"S#V"Hq*H'rdQ)w!#s"8M)]
Insert a test data, key is [persist.kvStaTest_427] data=[B,9n!"R!/QVH'6,L5/,N9wT8B-"]
Insert a test data, key is [persist.kvStaTest_428] data=[-,ZV!k!4(!C&Y7!f#%'X/#7U43a#]
Insert a test data, key is [persist.kvStaTest_429] data=[s4#8pAA!g42bTVL87cJK!7#y9QNtP]
Insert a test data, key is [persist.kvStaTest_430] data=[8uW#/",o(Iwqe"G&R+B5]
Insert a test data, key is [persist.kvStaTest_431] data=[tEivkXH/yMCp1%-U'#I9#]
Insert a test data, key is [persist.kvStaTest_432] data=[kR%L7p3#"rQweek8*MS903]
Insert a test data, key is [persist.kvStaTest_433] data=[218Z9x%2K!r#(T,8%!1(10"]
Insert a test data, key is [persist.kvStaTest_434] data=[9"Y2/-7"9!o'Dd.m7#Ioh2hP]
Insert a test data, key is [persist.kvStaTest_435] data=[V"!z4NPcvf2O!ucyA!/3#!B!6]
Insert a test data, key is [persist.kvStaTest_436] data=[56##MY%NKCs28JE0Y,#A4wf5#e]
Insert a test data, key is [persist.kvStaTest_437] data=[Kx'Y5L"a(d"06&'j3sw8dO/%SZw]
Insert a test data, key is [persist.kvStaTest_438] data=[V"#a)#7,1P(rYh2z03E#49"4"*!#]
Insert a test data, key is [persist.kvStaTest_439] data=[X!rV7H-67"(13".%2xf0t!o"0)V!!]
Insert a test data, key is [persist.kvStaTest_440] data=[(G9u##9M#7Nz26#2*###]
Insert a test data, key is [persist.kvStaTest_441] data=[#Ew&Dq2.&!.!/.990*(/.]
Insert a test data, key is [persist.kvStaTest_442] data=[E/"Er("8%nW"(A)EWt9-H!]
Insert a test data, key is [persist.kvStaTest_443] data=[4Yv"V"12#XU"h#)o##*8"0r]
Insert a test data, key is [persist.kvStaTest_444] data=[I/J2Sy"'t48'#j#L+#801bT#]
Insert a test data, key is [persist.kvStaTest_445] data=[Qhi!6,pn%2#WIS2'3#0G(!/!4]
Insert a test data, key is [persist.kvStaTest_446] data=[)mBoN//f+Bd!lP/*/"bZ#2,Bck]
Insert a test data, key is [persist.kvStaTest_447] data=[Il3Dr"4Y4kn07'"8!!((##E8w#']
Insert a test data, key is [persist.kvStaTest_448] data=[1,#B&"6"N8-31&+yq.U!#"r#gyr(]
Insert a test data, key is [persist.kvStaTest_449] data=[Z6%i5A"Z'2G0Gpa0KLM0/!ou+L#e5]
Insert a test data, key is [persist.kvStaTest_450] data=[O.K#r-V1"#zm"-6!1d"0]
Insert a test data, key is [persist.kvStaTest_451] data=[5C'A"7k#%.ot5n6e954y!]
Insert a test data, key is [persist.kvStaTest_452] data=[%&xpuOE*.!4*r3C./90XM+]
Insert a test data, key is [persist.kvStaTest_453] data=["8A+%"10xI8!P%dFa625/6W]
Insert a test data, key is [persist.kvStaTest_454] data=[doft7"p'8"aPy8n5,e%#%T2!]
Insert a test data, key is [persist.kvStaTest_455] data=["#AFy"J+1-CG"#d0pQ%&&Pk!G]
Insert a test data, key is [persist.kvStaTest_456] data=[y*1"""!#'l&opE##"au'"47lqm]
Insert a test data, key is [persist.kvStaTest_457] data=[M&O6)V"j2,,x,,)"!*1!S0#ec3#]
Insert a test data, key is [persist.kvStaTest_458] data=["z!(tA6!-Q'.!/SN3K&-W(!8d+y7]
Insert a test data, key is [persist.kvStaTest_459] data=[5%)7lU4%Z!!064!/#4!u!!V#"*&S4]
Insert a test data, key is [persist.kvStaTest_460] data=[c"!9&V1!&D"OC3v#9Dl6]
Insert a test data, key is [persist.kvStaTest_461] data=[K,k##+Y"0#ok8#"-b8-68]
Insert a test data, key is [persist.kvStaTest_462] data=[!q2#'L54!a56I("k&#J#8"]
Insert a test data, key is [persist.kvStaTest_463] data=[S#V"Hq*H'rdQ)w!#s"8M)B,]
Insert a test data, key is [persist.kvStaTest_464] data=[9n!"R!/QVH'6,L5/,N9wT8B-]
Insert a test data, key is [persist.kvStaTest_465] data=["-,ZV!k!4(!C&Y7!f#%'X/#7U]
Insert a test data, key is [persist.kvStaTest_466] data=[43a#s4#8pAA!g42bTVL87cJK!7]
Insert a test data, key is [persist.kvStaTest_467] data=[#y9QNtP8uW#/",o(Iwqe"G&R+B5]
Insert a test data, key is [persist.kvStaTest_468] data=[tEivkXH/yMCp1%-U'#I9#kR%L7p3]
Insert a test data, key is [persist.kvStaTest_469] data=[#"rQweek8*MS903218Z9x%2K!r#(T]
Insert a test data, key is [persist.kvStaTest_470] data=[,8%!1(10"9"Y2/-7"9!o]
Insert a test data, key is [persist.kvStaTest_471] data=['Dd.m7#Ioh2hPV"!z4NPc]
Insert a test data, key is [persist.kvStaTest_472] data=[vf2O!ucyA!/3#!B!656##M]
Insert a test data, key is [persist.kvStaTest_473] data=[Y%NKCs28JE0Y,#A4wf5#eKx]
Insert a test data, key is [persist.kvStaTest_474] data=['Y5L"a(d"06&'j3sw8dO/%SZ]
Insert a test data, key is [persist.kvStaTest_475] data=[wV"#a)#7,1P(rYh2z03E#49"4]
Insert a test data, key is [persist.kvStaTest_476] data=["*!#X!rV7H-67"(13".%2xf0t!]
Insert a test data, key is [persist.kvStaTest_477] data=[o"0)V!!(G9u##9M#7Nz26#2*###]
Insert a test data, key is [persist.kvStaTest_478] data=[#Ew&Dq2.&!.!/.990*(/.E/"Er("]
Insert a test data, key is [persist.kvStaTest_479] data=[8%nW"(A)EWt9-H!4Yv"V"12#XU"h#]
Insert a test data, key is [persist.kvStaTest_480] data=[)o##*8"0rI/J2Sy"'t48]
Insert a test data, key is [persist.kvStaTest_481] data=['#j#L+#801bT#Qhi!6,pn]
Insert a test data, key is [persist.kvStaTest_482] data=[%2#WIS2'3#0G(!/!4)mBoN]
Insert a test data, key is [persist.kvStaTest_483] data=[//f+Bd!lP/*/"bZ#2,BckIl]
Insert a test data, key is [persist.kvStaTest_484] data=[3Dr"4Y4kn07'"8!!((##E8w#]
Insert a test data, key is [persist.kvStaTest_485] data=['1,#B&"6"N8-31&+yq.U!#"r#]
Insert a test data, key is [persist.kvStaTest_486] data=[gyr(Z6%i5A"Z'2G0Gpa0KLM0/!]
Insert a test data, key is [persist.kvStaTest_487] data=[ou+L#e5O.K#r-V1"#zm"-6!1d"0]
Insert a test data, key is [persist.kvStaTest_488] data=[5C'A"7k#%.ot5n6e954y!%&xpuOE]
Insert a test data, key is [persist.kvStaTest_489] data=[*.!4*r3C./90XM+"8A+%"10xI8!P%]
Insert a test data, key is [persist.kvStaTest_490] data=[dFa625/6Wdoft7"p'8"a]
Insert a test data, key is [persist.kvStaTest_491] data=[Py8n5,e%#%T2!"#AFy"J+]
Insert a test data, key is [persist.kvStaTest_492] data=[1-CG"#d0pQ%&&Pk!Gy*1""]
Insert a test data, key is [persist.kvStaTest_493] data=["!#'l&opE##"au'"47lqmM&]
Insert a test data, key is [persist.kvStaTest_494] data=[O6)V"j2,,x,,)"!*1!S0#ec3]
Insert a test data, key is [persist.kvStaTest_495] data=[#"z!(tA6!-Q'.!/SN3K&-W(!8]
Insert a test data, key is [persist.kvStaTest_496] data=[d+y75%)7lU4%Z!!064!/#4!u!!]
Insert a test data, key is [persist.kvStaTest_497] data=[V#"*&S4c"!9&V1!&D"OC3v#9Dl6]
Insert a test data, key is [persist.kvStaTest_498] data=[K,k##+Y"0#ok8#"-b8-68!q2#'L5]
Insert a test data, key is [persist.kvStaTest_499] data=[4!a56I("k&#J#8"S#V"Hq*H'rdQ)w]
Insert a test data, key is [persist.kvStaTest_500] data=[!#s"8M)B,9n!"R!/QVH']
Insert a test data, key is [persist.kvStaTest_501] data=[6,L5/,N9wT8B-"-,ZV!k!]
Insert a test data, key is [persist.kvStaTest_502] data=[4(!C&Y7!f#%'X/#7U43a#s]
Insert a test data, key is [persist.kvStaTest_503] data=[4#8pAA!g42bTVL87cJK!7#y]
Insert a test data, key is [persist.kvStaTest_504] data=[9QNtP8uW#/",o(Iwqe"G&R+B]
Insert a test data, key is [persist.kvStaTest_505] data=[5tEivkXH/yMCp1%-U'#I9#kR%]
Insert a test data, key is [persist.kvStaTest_506] data=[L7p3#"rQweek8*MS903218Z9x%]
Insert a test data, key is [persist.kvStaTest_507] data=[2K!r#(T,8%!1(10"9"Y2/-7"9!o]
Insert a test data, key is [persist.kvStaTest_508] data=['Dd.m7#Ioh2hPV"!z4NPcvf2O!uc]
Insert a test data, key is [persist.kvStaTest_509] data=[yA!/3#!B!656##MY%NKCs28JE0Y,#]
Insert a test data, key is [persist.kvStaTest_510] data=[A4wf5#eKx'Y5L"a(d"06]
Insert a test data, key is [persist.kvStaTest_511] data=[&'j3sw8dO/%SZwV"#a)#7]
Insert a test data, key is [persist.kvStaTest_512] data=[,1P(rYh2z03E#49"4"*!#X]
Insert a test data, key is [persist.kvStaTest_513] data=[!rV7H-67"(13".%2xf0t!o"]
Insert a test data, key is [persist.kvStaTest_514] data=[0)V!!(G9u##9M#7Nz26#2*##]
Insert a test data, key is [persist.kvStaTest_515] data=[##Ew&Dq2.&!.!/.990*(/.E/"]
Insert a test data, key is [persist.kvStaTest_516] data=[Er("8%nW"(A)EWt9-H!4Yv"V"1]
Insert a test data, key is [persist.kvStaTest_517] data=[2#XU"h#)o##*8"0rI/J2Sy"'t48]
Insert a test data, key is [persist.kvStaTest_518] data=['#j#L+#801bT#Qhi!6,pn%2#WIS2]
Insert a test data, key is [persist.kvStaTest_519] data=['3#0G(!/!4)mBoN//f+Bd!lP/*/"b]
Insert a test data, key is [persist.kvStaTest_520] data=[Z#2,BckIl3Dr"4Y4kn07]
Insert a test data, key is [persist.kvStaTest_521] data=['"8!!((##E8w#'1,#B&"6]
Insert a test data, key is [persist.kvStaTest_522] data=["N8-31&+yq.U!#"r#gyr(Z]
Insert a test data, key is [persist.kvStaTest_523] data=[6%i5A"Z'2G0Gpa0KLM0/!ou]
Insert a test data, key is [persist.kvStaTest_524] data=[+L#e5O.K#r-V1"#zm"-6!1d"]
Insert a test data, key is [persist.kvStaTest_525] data=[05C'A"7k#%.ot5n6e954y!%&x]
Insert a test data, key is [persist.kvStaTest_526] data=[puOE*.!4*r3C./90XM+"8A+%"1]
Insert a test data, key is [persist.kvStaTest_527] data=[0xI8!P%dFa625/6Wdoft7"p'8"a]
Insert a test data, key is [persist.kvStaTest_528] data=[Py8n5,e%#%T2!"#AFy"J+1-CG"#d]
Insert a test data, key is [persist.kvStaTest_529] data=[0pQ%&&Pk!Gy*1"""!#'l&opE##"au]
Insert a test data, key is [persist.kvStaTest_530] data=['"47lqmM&O6)V"j2,,x,]
Insert a test data, key is [persist.kvStaTest_531] data=[,)"!*1!S0#ec3#"z!(tA6]
Insert a test data, key is [persist.kvStaTest_532] data=[!-Q'.!/SN3K&-W(!8d+y75]
Insert a test data, key is [persist.kvStaTest_533] data=[%)7lU4%Z!!064!/#4!u!!V#]
Insert a test data, key is [persist.kvStaTest_534] data=["*&S4c"!9&V1!&D"OC3v#9Dl]
Insert a test data, key is [persist.kvStaTest_535] data=[6K,k##+Y"0#ok8#"-b8-68!q2]
Insert a test data, key is [persist.kvStaTest_536] data=[#'L54!a56I("k&#J#8"S#V"Hq*]
Insert a test data, key is [persist.kvStaTest_537] data=[H'rdQ)w!#s"8M)B,9n!"R!/QVH']
Insert a test data, key is [persist.kvStaTest_538] data=[6,L5/,N9wT8B-"-,ZV!k!4(!C&Y7]
Insert a test data, key is [persist.kvStaTest_539] data=[!f#%'X/#7U43a#s4#8pAA!g42bTVL]
Insert a test data, key is [persist.kvStaTest_540] data=[87cJK!7#y9QNtP8uW#/"]
Insert a test data, key is [persist.kvStaTest_541] data=[,o(Iwqe"G&R+B5tEivkXH]
Insert a test data, key is [persist.kvStaTest_542] data=[/yMCp1%-U'#I9#kR%L7p3#]
Insert a test data, key is [persist.kvStaTest_543] data=["rQweek8*MS903218Z9x%2K]
Insert a test data, key is [persist.kvStaTest_544] data=[!r#(T,8%!1(10"9"Y2/-7"9!]
Insert a test data, key is [persist.kvStaTest_545] data=[o'Dd.m7#Ioh2hPV"!z4NPcvf2]
Insert a test data, key is [persist.kvStaTest_546] data=[O!ucyA!/3#!B!656##MY%NKCs2]
Insert a test data, key is [persist.kvStaTest_547] data=[8JE0Y,#A4wf5#eKx'Y5L"a(d"06]
Insert a test data, key is [persist.kvStaTest_548] data=[&'j3sw8dO/%SZwV"#a)#7,1P(rYh]
Insert a test data, key is [persist.kvStaTest_549] data=[2z03E#49"4"*!#X!rV7H-67"(13".]
Insert a test data, key is [persist.kvStaTest_550] data=[%2xf0t!o"0)V!!(G9u##]
Insert a test data, key is [persist.kvStaTest_551] data=[9M#7Nz26#2*####Ew&Dq2]
Insert a test data, key is [persist.kvStaTest_552] data=[.&!.!/.990*(/.E/"Er("8]
Insert a test data, key is [persist.kvStaTest_553] data=[%nW"(A)EWt9-H!4Yv"V"12#]
Insert a test data, key is [persist.kvStaTest_554] data=[XU"h#)o##*8"0rI/J2Sy"'t4]
Insert a test data, key is [persist.kvStaTest_555] data=[8'#j#L+#801bT#Qhi!6,pn%2#]
Insert a test data, key is [persist.kvStaTest_556] data=[WIS2'3#0G(!/!4)mBoN//f+Bd!]
Insert a test data, key is [persist.kvStaTest_557] data=[lP/*/"bZ#2,BckIl3Dr"4Y4kn07]
Insert a test data, key is [persist.kvStaTest_558] data=['"8!!((##E8w#'1,#B&"6"N8-31&]
Insert a test data, key is [persist.kvStaTest_559] data=[+yq.U!#"r#gyr(Z6%i5A"Z'2G0Gpa]
Insert a test data, key is [persist.kvStaTest_560] data=[0KLM0/!ou+L#e5O.K#r-]
Insert a test data, key is [persist.kvStaTest_561] data=[V1"#zm"-6!1d"05C'A"7k]
Insert a test data, key is [persist.kvStaTest_562] data=[#%.ot5n6e954y!%&xpuOE*]
Insert a test data, key is [persist.kvStaTest_563] data=[.!4*r3C./90XM+"8A+%"10x]
Insert a test data, key is [persist.kvStaTest_564] data=[I8!P%dFa625/6Wdoft7"p'8"]
Insert a test data, key is [persist.kvStaTest_565] data=[aPy8n5,e%#%T2!"#AFy"J+1-C]
Insert a test data, key is [persist.kvStaTest_566] data=[G"#d0pQ%&&Pk!Gy*1"""!#'l&o]
Insert a test data, key is [persist.kvStaTest_567] data=[pE##"au'"47lqmM&O6)V"j2,,x,]
Insert a test data, key is [persist.kvStaTest_568] data=[,)"!*1!S0#ec3#"z!(tA6!-Q'.!/]
Insert a test data, key is [persist.kvStaTest_569] data=[SN3K&-W(!8d+y75%)7lU4%Z!!064!]
Insert a test data, key is [persist.kvStaTest_570] data=[/#4!u!!V#"*&S4c"!9&V]
Insert a test data, key is [persist.kvStaTest_571] data=[1!&D"OC3v#9Dl6K,k##+Y]
Insert a test data, key is [persist.kvStaTest_572] data=["0#ok8#"-b8-68!q2#'L54]
Insert a test data, key is [persist.kvStaTest_573] data=[!a56I("k&#J#8"S#V"Hq*H']
Insert a test data, key is [persist.kvStaTest_574] data=[rdQ)w!#s"8M)B,9n!"R!/QVH]
Insert a test data, key is [persist.kvStaTest_575] data=['6,L5/,N9wT8B-"-,ZV!k!4(!]
Insert a test data, key is [persist.kvStaTest_576] data=[C&Y7!f#%'X/#7U43a#s4#8pAA!]
Insert a test data, key is [persist.kvStaTest_577] data=[g42bTVL87cJK!7#y9QNtP8uW#/"]
Insert a test data, key is [persist.kvStaTest_578] data=[,o(Iwqe"G&R+B5tEivkXH/yMCp1%]
Insert a test data, key is [persist.kvStaTest_579] data=[-U'#I9#kR%L7p3#"rQweek8*MS903]
Insert a test data, key is [persist.kvStaTest_580] data=[218Z9x%2K!r#(T,8%!1(]
Insert a test data, key is [persist.kvStaTest_581] data=[10"9"Y2/-7"9!o'Dd.m7#]
Insert a test data, key is [persist.kvStaTest_582] data=[Ioh2hPV"!z4NPcvf2O!ucy]
Insert a test data, key is [persist.kvStaTest_583] data=[A!/3#!B!656##MY%NKCs28J]
Insert a test data, key is [persist.kvStaTest_584] data=[E0Y,#A4wf5#eKx'Y5L"a(d"0]
Insert a test data, key is [persist.kvStaTest_585] data=[6&'j3sw8dO/%SZwV"#a)#7,1P]
Insert a test data, key is [persist.kvStaTest_586] data=[(rYh2z03E#49"4"*!#X!rV7H-6]
Insert a test data, key is [persist.kvStaTest_587] data=[7"(13".%2xf0t!o"0)V!!(G9u##]
Insert a test data, key is [persist.kvStaTest_588] data=[9M#7Nz26#2*####Ew&Dq2.&!.!/.]
Insert a test data, key is [persist.kvStaTest_589] data=[990*(/.E/"Er("8%nW"(A)EWt9-H!]
Insert a test data, key is [persist.kvStaTest_590] data=[4Yv"V"12#XU"h#)o##*8]
Insert a test data, key is [persist.kvStaTest_591] data=["0rI/J2Sy"'t48'#j#L+#]
Insert a test data, key is [persist.kvStaTest_592] data=[801bT#Qhi!6,pn%2#WIS2']
Insert a test data, key is [persist.kvStaTest_593] data=[3#0G(!/!4)mBoN//f+Bd!lP]
Insert a test data, key is [persist.kvStaTest_594] data=[/*/"bZ#2,BckIl3Dr"4Y4kn0]
Insert a test data, key is [persist.kvStaTest_595] data=[7'"8!!((##E8w#'1,#B&"6"N8]
Insert a test data, key is [persist.kvStaTest_596] data=[-31&+yq.U!#"r#gyr(Z6%i5A"Z]
Insert a test data, key is [persist.kvStaTest_597] data=['2G0Gpa0KLM0/!ou+L#e5O.K#r-]
Insert a test data, key is [persist.kvStaTest_598] data=[V1"#zm"-6!1d"05C'A"7k#%.ot5n]
Insert a test data, key is [persist.kvStaTest_599] data=[6e954y!%&xpuOE*.!4*r3C./90XM+]
Insert a test data, key is [persist.kvStaTest_600] data=["8A+%"10xI8!P%dFa625]
Insert a test data, key is [persist.kvStaTest_601] data=[/6Wdoft7"p'8"aPy8n5,e]
Insert a test data, key is [persist.kvStaTest_602] data=[%#%T2!"#AFy"J+1-CG"#d0]
Insert a test data, key is [persist.kvStaTest_603] data=[pQ%&&Pk!Gy*1"""!#'l&opE]
Insert a test data, key is [persist.kvStaTest_604] data=[##"au'"47lqmM&O6)V"j2,,x]
Insert a test data, key is [persist.kvStaTest_605] data=[,,)"!*1!S0#ec3#"z!(tA6!-Q]
Insert a test data, key is [persist.kvStaTest_606] data=['.!/SN3K&-W(!8d+y75%)7lU4%]
Insert a test data, key is [persist.kvStaTest_607] data=[Z!!064!/#4!u!!V#"*&S4c"!9&V]
Insert a test data, key is [persist.kvStaTest_608] data=[1!&D"OC3v#9Dl6K,k##+Y"0#ok8#]
Insert a test data, key is [persist.kvStaTest_609] data=["-b8-68!q2#'L54!a56I("k&#J#8"]
Insert a test data, key is [persist.kvStaTest_610] data=[S#V"Hq*H'rdQ)w!#s"8M]
Insert a test data, key is [persist.kvStaTest_611] data=[)B,9n!"R!/QVH'6,L5/,N]
Insert a test data, key is [persist.kvStaTest_612] data=[9wT8B-"-,ZV!k!4(!C&Y7!]
Insert a test data, key is [persist.kvStaTest_613] data=[f#%'X/#7U43a#s4#8pAA!g4]
Insert a test data, key is [persist.kvStaTest_614] data=[2bTVL87cJK!7#y9QNtP8uW#/]
Insert a test data, key is [persist.kvStaTest_615] data=[",o(Iwqe"G&R+B5tEivkXH/yM]
Insert a test data, key is [persist.kvStaTest_616] data=[Cp1%-U'#I9#kR%L7p3#"rQweek]
Insert a test data, key is [persist.kvStaTest_617] data=[8*MS903218Z9x%2K!r#(T,8%!1(]
Insert a test data, key is [persist.kvStaTest_618] data=[10"9"Y2/-7"9!o'Dd.m7#Ioh2hPV]
Insert a test data, key is [persist.kvStaTest_619] data=["!z4NPcvf2O!ucyA!/3#!B!656##M]
Insert a test data, key is [persist.kvStaTest_620] data=[Y%NKCs28JE0Y,#A4wf5#]
Insert a test data, key is [persist.kvStaTest_621] data=[eKx'Y5L"a(d"06&'j3sw8]
Insert a test data, key is [persist.kvStaTest_622] data=[dO/%SZwV"#a)#7,1P(rYh2]
Insert a test data, key is [persist.kvStaTest_623] data=[z03E#49"4"*!#X!rV7H-67"]
Insert a test data, key is [persist.kvStaTest_624] data=[(13".%2xf0t!o"0)V!!(G9u#]
Insert a test data, key is [persist.kvStaTest_625] data=[#9M#7Nz26#2*####Ew&Dq2.&!]
Insert a test data, key is [persist.kvStaTest_626] data=[.!/.990*(/.E/"Er("8%nW"(A)]
Insert a test data, key is [persist.kvStaTest_627] data=[EWt9-H!4Yv"V"12#XU"h#)o##*8]
Insert a test data, key is [persist.kvStaTest_628] data=["0rI/J2Sy"'t48'#j#L+#801bT#Q]
Insert a test data, key is [persist.kvStaTest_629] data=[hi!6,pn%2#WIS2'3#0G(!/!4)mBoN]
Insert a test data, key is [persist.kvStaTest_630] data=[//f+Bd!lP/*/"bZ#2,Bc]
Insert a test data, key is [persist.kvStaTest_631] data=[kIl3Dr"4Y4kn07'"8!!((]
Insert a test data, key is [persist.kvStaTest_632] data=[##E8w#'1,#B&"6"N8-31&+]
Insert a test data, key is [persist.kvStaTest_633] data=[yq.U!#"r#gyr(Z6%i5A"Z'2]
Insert a test data, key is [persist.kvStaTest_634] data=[G0Gpa0KLM0/!ou+L#e5O.K#r]
Insert a test data, key is [persist.kvStaTest_635] data=[-V1"#zm"-6!1d"05C'A"7k#%.]
Insert a test data, key is [persist.kvStaTest_636] data=[ot5n6e954y!%&xpuOE*.!4*r3C]
Insert a test data, key is [persist.kvStaTest_637] data=[./90XM+"8A+%"10xI8!P%dFa625]
Insert a test data, key is [persist.kvStaTest_638] data=[/6Wdoft7"p'8"aPy8n5,e%#%T2!"]
Insert a test data, key is [persist.kvStaTest_639] data=[#AFy"J+1-CG"#d0pQ%&&Pk!Gy*1""]
Insert a test data, key is [persist.kvStaTest_640] data=["!#'l&opE##"au'"47lq]
Insert a test data, key is [persist.kvStaTest_641] data=[mM&O6)V"j2,,x,,)"!*1!]
Insert a test data, key is [persist.kvStaTest_642] data=[S0#ec3#"z!(tA6!-Q'.!/S]
Insert a test data, key is [persist.kvStaTest_643] data=[N3K&-W(!8d+y75%)7lU4%Z!]
Insert a test data, key is [persist.kvStaTest_644] data=[!064!/#4!u!!V#"*&S4c"!9&]
Insert a test data, key is [persist.kvStaTest_645] data=[V1!&D"OC3v#9Dl6K,k##+Y"0#]
Insert a test data, key is [persist.kvStaTest_646] data=[ok8#"-b8-68!q2#'L54!a56I("]
Insert a test data, key is [persist.kvStaTest_647] data=[k&#J#8"S#V"Hq*H'rdQ)w!#s"8M]
Insert a test data, key is [persist.kvStaTest_648] data=[)B,9n!"R!/QVH'6,L5/,N9wT8B-"]
Insert a test data, key is [persist.kvStaTest_649] data=[-,ZV!k!4(!C&Y7!f#%'X/#7U43a#s]
Insert a test data, key is [persist.kvStaTest_650] data=[4#8pAA!g42bTVL87cJK!]
Insert a test data, key is [persist.kvStaTest_651] data=[7#y9QNtP8uW#/",o(Iwqe]
Insert a test data, key is [persist.kvStaTest_652] data=["G&R+B5tEivkXH/yMCp1%-]
Insert a test data, key is [persist.kvStaTest_653] data=[U'#I9#kR%L7p3#"rQweek8*]
Insert a test data, key is [persist.kvStaTest_654] data=[MS903218Z9x%2K!r#(T,8%!1]
Insert a test data, key is [persist.kvStaTest_655] data=[(10"9"Y2/-7"9!o'Dd.m7#Ioh]
Insert a test data, key is [persist.kvStaTest_656] data=[2hPV"!z4NPcvf2O!ucyA!/3#!B]
Insert a test data, key is [persist.kvStaTest_657] data=[!656##MY%NKCs28JE0Y,#A4wf5#]
Insert a test data, key is [persist.kvStaTest_658] data=[eKx'Y5L"a(d"06&'j3sw8dO/%SZw]
Insert a test data, key is [persist.kvStaTest_659] data=[V"#a)#7,1P(rYh2z03E#49"4"*!#X]
Insert a test data, key is [persist.kvStaTest_660] data=[!rV7H-67"(13".%2xf0t]
Insert a test data, key is [persist.kvStaTest_661] data=[!o"0)V!!(G9u##9M#7Nz2]
Insert a test data, key is [persist.kvStaTest_662] data=[6#2*####Ew&Dq2.&!.!/.9]
Insert a test data, key is [persist.kvStaTest_663] data=[90*(/.E/"Er("8%nW"(A)EW]
Insert a test data, key is [persist.kvStaTest_664] data=[t9-H!4Yv"V"12#XU"h#)o##*]
Insert a test data, key is [persist.kvStaTest_665] data=[8"0rI/J2Sy"'t48'#j#L+#801]
Insert a test data, key is [persist.kvStaTest_666] data=[bT#Qhi!6,pn%2#WIS2'3#0G(!/]
Insert a test data, key is [persist.kvStaTest_667] data=[!4)mBoN//f+Bd!lP/*/"bZ#2,Bc]
Insert a test data, key is [persist.kvStaTest_668] data=[kIl3Dr"4Y4kn07'"8!!((##E8w#']
Insert a test data, key is [persist.kvStaTest_669] data=[1,#B&"6"N8-31&+yq.U!#"r#gyr(Z]
Insert a test data, key is [persist.kvStaTest_670] data=[6%i5A"Z'2G0Gpa0KLM0/]
Insert a test data, key is [persist.kvStaTest_671] data=[!ou+L#e5O.K#r-V1"#zm"]
Insert a test data, key is [persist.kvStaTest_672] data=[-6!1d"05C'A"7k#%.ot5n6]
Insert a test data, key is [persist.kvStaTest_673] data=[e954y!%&xpuOE*.!4*r3C./]
Insert a test data, key is [persist.kvStaTest_674] data=[90XM+"8A+%"10xI8!P%dFa62]
Insert a test data, key is [persist.kvStaTest_675] data=[5/6Wdoft7"p'8"aPy8n5,e%#%]
Insert a test data, key is [persist.kvStaTest_676] data=[T2!"#AFy"J+1-CG"#d0pQ%&&Pk]
Insert a test data, key is [persist.kvStaTest_677] data=[!Gy*1"""!#'l&opE##"au'"47lq]
Insert a test data, key is [persist.kvStaTest_678] data=[mM&O6)V"j2,,x,,)"!*1!S0#ec3#]
Insert a test data, key is [persist.kvStaTest_679] data=["z!(tA6!-Q'.!/SN3K&-W(!8d+y75]
Insert a test data, key is [persist.kvStaTest_680] data=[%)7lU4%Z!!064!/#4!u!]
Insert a test data, key is [persist.kvStaTest_681] data=[!V#"*&S4c"!9&V1!&D"OC]
Insert a test data, key is [persist.kvStaTest_682] data=[3v#9Dl6K,k##+Y"0#ok8#"]
Insert a test data, key is [persist.kvStaTest_683] data=[-b8-68!q2#'L54!a56I("k&]
Insert a test data, key is [persist.kvStaTest_684] data=[#J#8"S#V"Hq*H'rdQ)w!#s"8]
Insert a test data, key is [persist.kvStaTest_685] data=[M)B,9n!"R!/QVH'6,L5/,N9wT]
Insert a test data, key is [persist.kvStaTest_686] data=[8B-"-,ZV!k!4(!C&Y7!f#%'X/#]
Insert a test data, key is [persist.kvStaTest_687] data=[7U43a#s4#8pAA!g42bTVL87cJK!]
Insert a test data, key is [persist.kvStaTest_688] data=[7#y9QNtP8uW#/",o(Iwqe"G&R+B5]
Insert a test data, key is [persist.kvStaTest_689] data=[tEivkXH/yMCp1%-U'#I9#kR%L7p3#]
Insert a test data, key is [persist.kvStaTest_690] data=["rQweek8*MS903218Z9x]
Insert a test data, key is [persist.kvStaTest_691] data=[%2K!r#(T,8%!1(10"9"Y2]
Insert a test data, key is [persist.kvStaTest_692] data=[/-7"9!o'Dd.m7#Ioh2hPV"]
Insert a test data, key is [persist.kvStaTest_693] data=[!z4NPcvf2O!ucyA!/3#!B!6]
Insert a test data, key is [persist.kvStaTest_694] data=[56##MY%NKCs28JE0Y,#A4wf5]
Insert a test data, key is [persist.kvStaTest_695] data=[#eKx'Y5L"a(d"06&'j3sw8dO/]
Insert a test data, key is [persist.kvStaTest_696] data=[%SZwV"#a)#7,1P(rYh2z03E#49]
Insert a test data, key is [persist.kvStaTest_697] data=["4"*!#X!rV7H-67"(13".%2xf0t]
Insert a test data, key is [persist.kvStaTest_698] data=[!o"0)V!!(G9u##9M#7Nz26#2*###]
Insert a test data, key is [persist.kvStaTest_699] data=[#Ew&Dq2.&!.!/.990*(/.E/"Er("8]
Insert a test data, key is [persist.kvStaTest_700] data=[%nW"(A)EWt9-H!4Yv"V"]
Insert a test data, key is [persist.kvStaTest_701] data=[12#XU"h#)o##*8"0rI/J2]
Insert a test data, key is [persist.kvStaTest_702] data=[Sy"'t48'#j#L+#801bT#Qh]
Insert a test data, key is [persist.kvStaTest_703] data=[i!6,pn%2#WIS2'3#0G(!/!4]
Insert a test data, key is [persist.kvStaTest_704] data=[)mBoN//f+Bd!lP/*/"bZ#2,B]
Insert a test data, key is [persist.kvStaTest_705] data=[ckIl3Dr"4Y4kn07'"8!!((##E]
Insert a test data, key is [persist.kvStaTest_706] data=[8w#'1,#B&"6"N8-31&+yq.U!#"]
Insert a test data, key is [persist.kvStaTest_707] data=[r#gyr(Z6%i5A"Z'2G0Gpa0KLM0/]
Insert a test data, key is [persist.kvStaTest_708] data=[!ou+L#e5O.K#r-V1"#zm"-6!1d"0]
Insert a test data, key is [persist.kvStaTest_709] data=[5C'A"7k#%.ot5n6e954y!%&xpuOE*]
Insert a test data, key is [persist.kvStaTest_710] data=[.!4*r3C./90XM+"8A+%"]
Insert a test data, key is [persist.kvStaTest_711] data=[10xI8!P%dFa625/6Wdoft]
Insert a test data, key is [persist.kvStaTest_712] data=[7"p'8"aPy8n5,e%#%T2!"#]
Insert a test data, key is [persist.kvStaTest_713] data=[AFy"J+1-CG"#d0pQ%&&Pk!G]
Insert a test data, key is [persist.kvStaTest_714] data=[y*1"""!#'l&opE##"au'"47l]
Insert a test data, key is [persist.kvStaTest_715] data=[qmM&O6)V"j2,,x,,)"!*1!S0#]
Insert a test data, key is [persist.kvStaTest_716] data=[ec3#"z!(tA6!-Q'.!/SN3K&-W(]
Insert a test data, key is [persist.kvStaTest_717] data=[!8d+y75%)7lU4%Z!!064!/#4!u!]
Insert a test data, key is [persist.kvStaTest_718] data=[!V#"*&S4c"!9&V1!&D"OC3v#9Dl6]
Insert a test data, key is [persist.kvStaTest_719] data=[K,k##+Y"0#ok8#"-b8-68!q2#'L54]
Insert a test data, key is [persist.kvStaTest_720] data=[!a56I("k&#J#8"S#V"Hq]
Insert a test data, key is [persist.kvStaTest_721] data=[*H'rdQ)w!#s"8M)B,9n!"]
Insert a test data, key is [persist.kvStaTest_722] data=[R!/QVH'6,L5/,N9wT8B-"-]
Insert a test data, key is [persist.kvStaTest_723] data=[,ZV!k!4(!C&Y7!f#%'X/#7U]
Insert a test data, key is [persist.kvStaTest_724] data=[43a#s4#8pAA!g42bTVL87cJK]
Insert a test data, key is [persist.kvStaTest_725] data=[!7#y9QNtP8uW#/",o(Iwqe"G&]
Insert a test data, key is [persist.kvStaTest_726] data=[R+B5tEivkXH/yMCp1%-U'#I9#k]
Insert a test data, key is [persist.kvStaTest_727] data=[R%L7p3#"rQweek8*MS903218Z9x]
Insert a test data, key is [persist.kvStaTest_728] data=[%2K!r#(T,8%!1(10"9"Y2/-7"9!o]
Insert a test data, key is [persist.kvStaTest_729] data=['Dd.m7#Ioh2hPV"!z4NPcvf2O!ucy]
Insert a test data, key is [persist.kvStaTest_730] data=[A!/3#!B!656##MY%NKCs]
Insert a test data, key is [persist.kvStaTest_731] data=[28JE0Y,#A4wf5#eKx'Y5L]
Insert a test data, key is [persist.kvStaTest_732] data=["a(d"06&'j3sw8dO/%SZwV]
Insert a test data, key is [persist.kvStaTest_733] data=["#a)#7,1P(rYh2z03E#49"4]
Insert a test data, key is [persist.kvStaTest_734] data=["*!#X!rV7H-67"(13".%2xf0]
Insert a test data, key is [persist.kvStaTest_735] data=[t!o"0)V!!(G9u##9M#7Nz26#2]
Insert a test data, key is [persist.kvStaTest_736] data=[*####Ew&Dq2.&!.!/.990*(/.E]
Insert a test data, key is [persist.kvStaTest_737] data=[/"Er("8%nW"(A)EWt9-H!4Yv"V"]
Insert a test data, key is [persist.kvStaTest_738] data=[12#XU"h#)o##*8"0rI/J2Sy"'t48]
Insert a test data, key is [persist.kvStaTest_739] data=['#j#L+#801bT#Qhi!6,pn%2#WIS2']
Insert a test data, key is [persist.kvStaTest_740] data=[3#0G(!/!4)mBoN//f+Bd]
Insert a test data, key is [persist.kvStaTest_741] data=[!lP/*/"bZ#2,BckIl3Dr"]
Insert a test data, key is [persist.kvStaTest_742] data=[4Y4kn07'"8!!((##E8w#'1]
Insert a test data, key is [persist.kvStaTest_743] data=[,#B&"6"N8-31&+yq.U!#"r#]
Insert a test data, key is [persist.kvStaTest_744] data=[gyr(Z6%i5A"Z'2G0Gpa0KLM0]
Insert a test data, key is [persist.kvStaTest_745] data=[/!ou+L#e5O.K#r-V1"#zm"-6!]
Insert a test data, key is [persist.kvStaTest_746] data=[1d"05C'A"7k#%.ot5n6e954y!%]
Insert a test data, key is [persist.kvStaTest_747] data=[&xpuOE*.!4*r3C./90XM+"8A+%"]
Insert a test data, key is [persist.kvStaTest_748] data=[10xI8!P%dFa625/6Wdoft7"p'8"a]
Insert a test data, key is [persist.kvStaTest_749] data=[Py8n5,e%#%T2!"#AFy"J+1-CG"#d0]
Insert a test data, key is [persist.kvStaTest_750] data=[pQ%&&Pk!Gy*1"""!#'l&]
Insert a test data, key is [persist.kvStaTest_751] data=[opE##"au'"47lqmM&O6)V]
Insert a test data, key is [persist.kvStaTest_752] data=["j2,,x,,)"!*1!S0#ec3#"]
Insert a test data, key is [persist.kvStaTest_753] data=[z!(tA6!-Q'.!/SN3K&-W(!8]
Insert a test data, key is [persist.kvStaTest_754] data=[d+y75%)7lU4%Z!!064!/#4!u]
Insert a test data, key is [persist.kvStaTest_755] data=[!!V#"*&S4c"!9&V1!&D"OC3v#]
Insert a test data, key is [persist.kvStaTest_756] data=[9Dl6K,k##+Y"0#ok8#"-b8-68!]
Insert a test data, key is [persist.kvStaTest_757] data=[q2#'L54!a56I("k&#J#8"S#V"Hq]
Insert a test data, key is [persist.kvStaTest_758] data=[*H'rdQ)w!#s"8M)B,9n!"R!/QVH']
Insert a test data, key is [persist.kvStaTest_759] data=[6,L5/,N9wT8B-"-,ZV!k!4(!C&Y7!]
Insert a test data, key is [persist.kvStaTest_760] data=[f#%'X/#7U43a#s4#8pAA]
Insert a test data, key is [persist.kvStaTest_761] data=[!g42bTVL87cJK!7#y9QNt]
Insert a test data, key is [persist.kvStaTest_762] data=[P8uW#/",o(Iwqe"G&R+B5t]
Insert a test data, key is [persist.kvStaTest_763] data=[EivkXH/yMCp1%-U'#I9#kR%]
Insert a test data, key is [persist.kvStaTest_764] data=[L7p3#"rQweek8*MS903218Z9]
Insert a test data, key is [persist.kvStaTest_765] data=[x%2K!r#(T,8%!1(10"9"Y2/-7]
Insert a test data, key is [persist.kvStaTest_766] data=["9!o'Dd.m7#Ioh2hPV"!z4NPcv]
Insert a test data, key is [persist.kvStaTest_767] data=[f2O!ucyA!/3#!B!656##MY%NKCs]
Insert a test data, key is [persist.kvStaTest_768] data=[28JE0Y,#A4wf5#eKx'Y5L"a(d"06]
Insert a test data, key is [persist.kvStaTest_769] data=[&'j3sw8dO/%SZwV"#a)#7,1P(rYh2]
Insert a test data, key is [persist.kvStaTest_770] data=[z03E#49"4"*!#X!rV7H-]
Insert a test data, key is [persist.kvStaTest_771] data=[67"(13".%2xf0t!o"0)V!]
Insert a test data, key is [persist.kvStaTest_772] data=[!(G9u##9M#7Nz26#2*####]
Insert a test data, key is [persist.kvStaTest_773] data=[Ew&Dq2.&!.!/.990*(/.E/"]
Insert a test data, key is [persist.kvStaTest_774] data=[Er("8%nW"(A)EWt9-H!4Yv"V]
Insert a test data, key is [persist.kvStaTest_775] data=["12#XU"h#)o##*8"0rI/J2Sy"]
Insert a test data, key is [persist.kvStaTest_776] data=['t48'#j#L+#801bT#Qhi!6,pn%]
Insert a test data, key is [persist.kvStaTest_777] data=[2#WIS2'3#0G(!/!4)mBoN//f+Bd]
Insert a test data, key is [persist.kvStaTest_778] data=[!lP/*/"bZ#2,BckIl3Dr"4Y4kn07]
Insert a test data, key is [persist.kvStaTest_779] data=['"8!!((##E8w#'1,#B&"6"N8-31&+]
Insert a test data, key is [persist.kvStaTest_780] data=[yq.U!#"r#gyr(Z6%i5A"]
Insert a test data, key is [persist.kvStaTest_781] data=[Z'2G0Gpa0KLM0/!ou+L#e]
Insert a test data, key is [persist.kvStaTest_782] data=[5O.K#r-V1"#zm"-6!1d"05]
Insert a test data, key is [persist.kvStaTest_783] data=[C'A"7k#%.ot5n6e954y!%&x]
Insert a test data, key is [persist.kvStaTest_784] data=[puOE*.!4*r3C./90XM+"8A+%]
Insert a test data, key is [persist.kvStaTest_785] data=["10xI8!P%dFa625/6Wdoft7"p]
Insert a test data, key is [persist.kvStaTest_786] data=['8"aPy8n5,e%#%T2!"#AFy"J+1]
Insert a test data, key is [persist.kvStaTest_787] data=[-CG"#d0pQ%&&Pk!Gy*1"""!#'l&]
Insert a test data, key is [persist.kvStaTest_788] data=[opE##"au'"47lqmM&O6)V"j2,,x,]
Insert a test data, key is [persist.kvStaTest_789] data=[,)"!*1!S0#ec3#"z!(tA6!-Q'.!/S]
Insert a test data, key is [persist.kvStaTest_790] data=[N3K&-W(!8d+y75%)7lU4]
Insert a test data, key is [persist.kvStaTest_791] data=[%Z!!064!/#4!u!!V#"*&S]
Insert a test data, key is [persist.kvStaTest_792] data=[4c"!9&V1!&D"OC3v#9Dl6K]
Insert a test data, key is [persist.kvStaTest_793] data=[,k##+Y"0#ok8#"-b8-68!q2]
Insert a test data, key is [persist.kvStaTest_794] data=[#'L54!a56I("k&#J#8"S#V"H]
Insert a test data, key is [persist.kvStaTest_795] data=[q*H'rdQ)w!#s"8M)B,9n!"R!/]
Insert a test data, key is [persist.kvStaTest_796] data=[QVH'6,L5/,N9wT8B-"-,ZV!k!4]
Insert a test data, key is [persist.kvStaTest_797] data=[(!C&Y7!f#%'X/#7U43a#s4#8pAA]
Insert a test data, key is [persist.kvStaTest_798] data=[!g42bTVL87cJK!7#y9QNtP8uW#/"]
Insert a test data, key is [persist.kvStaTest_799] data=[,o(Iwqe"G&R+B5tEivkXH/yMCp1%-]
Insert a test data, key is [persist.kvStaTest_800] data=[U'#I9#kR%L7p3#"rQwee]
Insert a test data, key is [persist.kvStaTest_801] data=[k8*MS903218Z9x%2K!r#(]
Insert a test data, key is [persist.kvStaTest_802] data=[T,8%!1(10"9"Y2/-7"9!o']
Insert a test data, key is [persist.kvStaTest_803] data=[Dd.m7#Ioh2hPV"!z4NPcvf2]
Insert a test data, key is [persist.kvStaTest_804] data=[O!ucyA!/3#!B!656##MY%NKC]
Insert a test data, key is [persist.kvStaTest_805] data=[s28JE0Y,#A4wf5#eKx'Y5L"a(]
Insert a test data, key is [persist.kvStaTest_806] data=[d"06&'j3sw8dO/%SZwV"#a)#7,]
Insert a test data, key is [persist.kvStaTest_807] data=[1P(rYh2z03E#49"4"*!#X!rV7H-]
Insert a test data, key is [persist.kvStaTest_808] data=[67"(13".%2xf0t!o"0)V!!(G9u##]
Insert a test data, key is [persist.kvStaTest_809] data=[9M#7Nz26#2*####Ew&Dq2.&!.!/.9]
Insert a test data, key is [persist.kvStaTest_810] data=[90*(/.E/"Er("8%nW"(A]
Insert a test data, key is [persist.kvStaTest_811] data=[)EWt9-H!4Yv"V"12#XU"h]
Insert a test data, key is [persist.kvStaTest_812] data=[#)o##*8"0rI/J2Sy"'t48']
Insert a test data, key is [persist.kvStaTest_813] data=[#j#L+#801bT#Qhi!6,pn%2#]
Insert a test data, key is [persist.kvStaTest_814] data=[WIS2'3#0G(!/!4)mBoN//f+B]
Insert a test data, key is [persist.kvStaTest_815] data=[d!lP/*/"bZ#2,BckIl3Dr"4Y4]
Insert a test data, key is [persist.kvStaTest_816] data=[kn07'"8!!((##E8w#'1,#B&"6"]
Insert a test data, key is [persist.kvStaTest_817] data=[N8-31&+yq.U!#"r#gyr(Z6%i5A"]
Insert a test data, key is [persist.kvStaTest_818] data=[Z'2G0Gpa0KLM0/!ou+L#e5O.K#r-]
Insert a test data, key is [persist.kvStaTest_819] data=[V1"#zm"-6!1d"05C'A"7k#%.ot5n6]
Insert a test data, key is [persist.kvStaTest_820] data=[e954y!%&xpuOE*.!4*r3]
Insert a test data, key is [persist.kvStaTest_821] data=[C./90XM+"8A+%"10xI8!P]
Insert a test data, key is [persist.kvStaTest_822] data=[%dFa625/6Wdoft7"p'8"aP]
Insert a test data, key is [persist.kvStaTest_823] data=[y8n5,e%#%T2!"#AFy"J+1-C]
Insert a test data, key is [persist.kvStaTest_824] data=[G"#d0pQ%&&Pk!Gy*1"""!#'l]
Insert a test data, key is [persist.kvStaTest_825] data=[&opE##"au'"47lqmM&O6)V"j2]
Insert a test data, key is [persist.kvStaTest_826] data=[,,x,,)"!*1!S0#ec3#"z!(tA6!]
Insert a test data, key is [persist.kvStaTest_827] data=[-Q'.!/SN3K&-W(!8d+y75%)7lU4]
Insert a test data, key is [persist.kvStaTest_828] data=[%Z!!064!/#4!u!!V#"*&S4c"!9&V]
Insert a test data, key is [persist.kvStaTest_829] data=[1!&D"OC3v#9Dl6K,k##+Y"0#ok8#"]
Insert a test data, key is [persist.kvStaTest_830] data=[-b8-68!q2#'L54!a56I(]
Insert a test data, key is [persist.kvStaTest_831] data=["k&#J#8"S#V"Hq*H'rdQ)]
Insert a test data, key is [persist.kvStaTest_832] data=[w!#s"8M)B,9n!"R!/QVH'6]
Insert a test data, key is [persist.kvStaTest_833] data=[,L5/,N9wT8B-"-,ZV!k!4(!]
Insert a test data, key is [persist.kvStaTest_834] data=[C&Y7!f#%'X/#7U43a#s4#8pA]
Insert a test data, key is [persist.kvStaTest_835] data=[A!g42bTVL87cJK!7#y9QNtP8u]
Insert a test data, key is [persist.kvStaTest_836] data=[W#/",o(Iwqe"G&R+B5tEivkXH/]
Insert a test data, key is [persist.kvStaTest_837] data=[yMCp1%-U'#I9#kR%L7p3#"rQwee]
Insert a test data, key is [persist.kvStaTest_838] data=[k8*MS903218Z9x%2K!r#(T,8%!1(]
Insert a test data, key is [persist.kvStaTest_839] data=[10"9"Y2/-7"9!o'Dd.m7#Ioh2hPV"]
Insert a test data, key is [persist.kvStaTest_840] data=[!z4NPcvf2O!ucyA!/3#!]
Insert a test data, key is [persist.kvStaTest_841] data=[B!656##MY%NKCs28JE0Y,]
Insert a test data, key is [persist.kvStaTest_842] data=[#A4wf5#eKx'Y5L"a(d"06&]
Insert a test data, key is [persist.kvStaTest_843] data=['j3sw8dO/%SZwV"#a)#7,1P]
Insert a test data, key is [persist.kvStaTest_844] data=[(rYh2z03E#49"4"*!#X!rV7H]
Insert a test data, key is [persist.kvStaTest_845] data=[-67"(13".%2xf0t!o"0)V!!(G]
Insert a test data, key is [persist.kvStaTest_846] data=[9u##9M#7Nz26#2*####Ew&Dq2.]
Insert a test data, key is [persist.kvStaTest_847] data=[&!.!/.990*(/.E/"Er("8%nW"(A]
Insert a test data, key is [persist.kvStaTest_848] data=[)EWt9-H!4Yv"V"12#XU"h#)o##*8]
Insert a test data, key is [persist.kvStaTest_849] data=["0rI/J2Sy"'t48'#j#L+#801bT#Qh]
Insert a test data, key is [persist.kvStaTest_850] data=[i!6,pn%2#WIS2'3#0G(!]
Insert a test data, key is [persist.kvStaTest_851] data=[/!4)mBoN//f+Bd!lP/*/"]
Insert a test data, key is [persist.kvStaTest_852] data=[bZ#2,BckIl3Dr"4Y4kn07']
Insert a test data, key is [persist.kvStaTest_853] data=["8!!((##E8w#'1,#B&"6"N8]
Insert a test data, key is [persist.kvStaTest_854] data=[-31&+yq.U!#"r#gyr(Z6%i5A]
Insert a test data, key is [persist.kvStaTest_855] data=["Z'2G0Gpa0KLM0/!ou+L#e5O.]
Insert a test data, key is [persist.kvStaTest_856] data=[K#r-V1"#zm"-6!1d"05C'A"7k#]
Insert a test data, key is [persist.kvStaTest_857] data=[%.ot5n6e954y!%&xpuOE*.!4*r3]
Insert a test data, key is [persist.kvStaTest_858] data=[C./90XM+"8A+%"10xI8!P%dFa625]
Insert a test data, key is [persist.kvStaTest_859] data=[/6Wdoft7"p'8"aPy8n5,e%#%T2!"#]
Insert a test data, key is [persist.kvStaTest_860] data=[AFy"J+1-CG"#d0pQ%&&P]
Insert a test data, key is [persist.kvStaTest_861] data=[k!Gy*1"""!#'l&opE##"a]
Insert a test data, key is [persist.kvStaTest_862] data=[u'"47lqmM&O6)V"j2,,x,,]
Insert a test data, key is [persist.kvStaTest_863] data=[)"!*1!S0#ec3#"z!(tA6!-Q]
Insert a test data, key is [persist.kvStaTest_864] data=['.!/SN3K&-W(!8d+y75%)7lU]
Insert a test data, key is [persist.kvStaTest_865] data=[4%Z!!064!/#4!u!!V#"*&S4c"]
Insert a test data, key is [persist.kvStaTest_866] data=[!9&V1!&D"OC3v#9Dl6K,k##+Y"]
Insert a test data, key is [persist.kvStaTest_867] data=[0#ok8#"-b8-68!q2#'L54!a56I(]
Insert a test data, key is [persist.kvStaTest_868] data=["k&#J#8"S#V"Hq*H'rdQ)w!#s"8M]
Insert a test data, key is [persist.kvStaTest_869] data=[)B,9n!"R!/QVH'6,L5/,N9wT8B-"-]
Insert a test data, key is [persist.kvStaTest_870] data=[,ZV!k!4(!C&Y7!f#%'X/]
Insert a test data, key is [persist.kvStaTest_871] data=[#7U43a#s4#8pAA!g42bTV]
Insert a test data, key is [persist.kvStaTest_872] data=[L87cJK!7#y9QNtP8uW#/",]
Insert a test data, key is [persist.kvStaTest_873] data=[o(Iwqe"G&R+B5tEivkXH/yM]
Insert a test data, key is [persist.kvStaTest_874] data=[Cp1%-U'#I9#kR%L7p3#"rQwe]
Insert a test data, key is [persist.kvStaTest_875] data=[ek8*MS903218Z9x%2K!r#(T,8]
Insert a test data, key is [persist.kvStaTest_876] data=[%!1(10"9"Y2/-7"9!o'Dd.m7#I]
Insert a test data, key is [persist.kvStaTest_877] data=[oh2hPV"!z4NPcvf2O!ucyA!/3#!]
Insert a test data, key is [persist.kvStaTest_878] data=[B!656##MY%NKCs28JE0Y,#A4wf5#]
Insert a test data, key is [persist.kvStaTest_879] data=[eKx'Y5L"a(d"06&'j3sw8dO/%SZwV]
Insert a test data, key is [persist.kvStaTest_880] data=["#a)#7,1P(rYh2z03E#4]
Insert a test data, key is [persist.kvStaTest_881] data=[9"4"*!#X!rV7H-67"(13"]
Insert a test data, key is [persist.kvStaTest_882] data=[.%2xf0t!o"0)V!!(G9u##9]
Insert a test data, key is [persist.kvStaTest_883] data=[M#7Nz26#2*####Ew&Dq2.&!]
Insert a test data, key is [persist.kvStaTest_884] data=[.!/.990*(/.E/"Er("8%nW"(]
Insert a test data, key is [persist.kvStaTest_885] data=[A)EWt9-H!4Yv"V"12#XU"h#)o]
Insert a test data, key is [persist.kvStaTest_886] data=[##*8"0rI/J2Sy"'t48'#j#L+#8]
Insert a test data, key is [persist.kvStaTest_887] data=[01bT#Qhi!6,pn%2#WIS2'3#0G(!]
Insert a test data, key is [persist.kvStaTest_888] data=[/!4)mBoN//f+Bd!lP/*/"bZ#2,Bc]
Insert a test data, key is [persist.kvStaTest_889] data=[kIl3Dr"4Y4kn07'"8!!((##E8w#'1]
Insert a test data, key is [persist.kvStaTest_890] data=[,#B&"6"N8-31&+yq.U!#]
Insert a test data, key is [persist.kvStaTest_891] data=["r#gyr(Z6%i5A"Z'2G0Gp]
Insert a test data, key is [persist.kvStaTest_892] data=[a0KLM0/!ou+L#e5O.K#r-V]
Insert a test data, key is [persist.kvStaTest_893] data=[1"#zm"-6!1d"05C'A"7k#%.]
Insert a test data, key is [persist.kvStaTest_894] data=[ot5n6e954y!%&xpuOE*.!4*r]
Insert a test data, key is [persist.kvStaTest_895] data=[3C./90XM+"8A+%"10xI8!P%dF]
Insert a test data, key is [persist.kvStaTest_896] data=[a625/6Wdoft7"p'8"aPy8n5,e%]
Insert a test data, key is [persist.kvStaTest_897] data=[#%T2!"#AFy"J+1-CG"#d0pQ%&&P]
Insert a test data, key is [persist.kvStaTest_898] data=[k!Gy*1"""!#'l&opE##"au'"47lq]
Insert a test data, key is [persist.kvStaTest_899] data=[mM&O6)V"j2,,x,,)"!*1!S0#ec3#"]
Insert a test data, key is [persist.kvStaTest_900] data=[z!(tA6!-Q'.!/SN3K&-W]
Insert a test data, key is [persist.kvStaTest_901] data=[(!8d+y75%)7lU4%Z!!064]
Insert a test data, key is [persist.kvStaTest_902] data=[!/#4!u!!V#"*&S4c"!9&V1]
Insert a test data, key is [persist.kvStaTest_903] data=[!&D"OC3v#9Dl6K,k##+Y"0#]
Insert a test data, key is [persist.kvStaTest_904] data=[ok8#"-b8-68!q2#'L54!a56I]
Insert a test data, key is [persist.kvStaTest_905] data=[("k&#J#8"S#V"Hq*H'rdQ)w!#]
Insert a test data, key is [persist.kvStaTest_906] data=[s"8M)B,9n!"R!/QVH'6,L5/,N9]
Insert a test data, key is [persist.kvStaTest_907] data=[wT8B-"-,ZV!k!4(!C&Y7!f#%'X/]
Insert a test data, key is [persist.kvStaTest_908] data=[#7U43a#s4#8pAA!g42bTVL87cJK!]
Insert a test data, key is [persist.kvStaTest_909] data=[7#y9QNtP8uW#/",o(Iwqe"G&R+B5t]
Insert a test data, key is [persist.kvStaTest_910] data=[EivkXH/yMCp1%-U'#I9#]
Insert a test data, key is [persist.kvStaTest_911] data=[kR%L7p3#"rQweek8*MS90]
Insert a test data, key is [persist.kvStaTest_912] data=[3218Z9x%2K!r#(T,8%!1(1]
Insert a test data, key is [persist.kvStaTest_913] data=[0"9"Y2/-7"9!o'Dd.m7#Ioh]
Insert a test data, key is [persist.kvStaTest_914] data=[2hPV"!z4NPcvf2O!ucyA!/3#]
Insert a test data, key is [persist.kvStaTest_915] data=[!B!656##MY%NKCs28JE0Y,#A4]
Insert a test data, key is [persist.kvStaTest_916] data=[wf5#eKx'Y5L"a(d"06&'j3sw8d]
Insert a test data, key is [persist.kvStaTest_917] data=[O/%SZwV"#a)#7,1P(rYh2z03E#4]
Insert a test data, key is [persist.kvStaTest_918] data=[9"4"*!#X!rV7H-67"(13".%2xf0t]
Insert a test data, key is [persist.kvStaTest_919] data=[!o"0)V!!(G9u##9M#7Nz26#2*####]
Insert a test data, key is [persist.kvStaTest_920] data=[Ew&Dq2.&!.!/.990*(/.]
Insert a test data, key is [persist.kvStaTest_921] data=[E/"Er("8%nW"(A)EWt9-H]
Insert a test data, key is [persist.kvStaTest_922] data=[!4Yv"V"12#XU"h#)o##*8"]
Insert a test data, key is [persist.kvStaTest_923] data=[0rI/J2Sy"'t48'#j#L+#801]
Insert a test data, key is [persist.kvStaTest_924] data=[bT#Qhi!6,pn%2#WIS2'3#0G(]
Insert a test data, key is [persist.kvStaTest_925] data=[!/!4)mBoN//f+Bd!lP/*/"bZ#]
Insert a test data, key is [persist.kvStaTest_926] data=[2,BckIl3Dr"4Y4kn07'"8!!((#]
Insert a test data, key is [persist.kvStaTest_927] data=[#E8w#'1,#B&"6"N8-31&+yq.U!#]
Insert a test data, key is [persist.kvStaTest_928] data=["r#gyr(Z6%i5A"Z'2G0Gpa0KLM0/]
Insert a test data, key is [persist.kvStaTest_929] data=[!ou+L#e5O.K#r-V1"#zm"-6!1d"05]
Insert a test data, key is [persist.kvStaTest_930] data=[C'A"7k#%.ot5n6e954y!]
Insert a test data, key is [persist.kvStaTest_931] data=[%&xpuOE*.!4*r3C./90XM]
Insert a test data, key is [persist.kvStaTest_932] data=[+"8A+%"10xI8!P%dFa625/]
Insert a test data, key is [persist.kvStaTest_933] data=[6Wdoft7"p'8"aPy8n5,e%#%]
Insert a test data, key is [persist.kvStaTest_934] data=[T2!"#AFy"J+1-CG"#d0pQ%&&]
Insert a test data, key is [persist.kvStaTest_935] data=[Pk!Gy*1"""!#'l&opE##"au'"]
Insert a test data, key is [persist.kvStaTest_936] data=[47lqmM&O6)V"j2,,x,,)"!*1!S]
Insert a test data, key is [persist.kvStaTest_937] data=[0#ec3#"z!(tA6!-Q'.!/SN3K&-W]
Insert a test data, key is [persist.kvStaTest_938] data=[(!8d+y75%)7lU4%Z!!064!/#4!u!]
Insert a test data, key is [persist.kvStaTest_939] data=[!V#"*&S4c"!9&V1!&D"OC3v#9Dl6K]
Insert a test data, key is [persist.kvStaTest_940] data=[,k##+Y"0#ok8#"-b8-68]
Insert a test data, key is [persist.kvStaTest_941] data=[!q2#'L54!a56I("k&#J#8]
Insert a test data, key is [persist.kvStaTest_942] data=["S#V"Hq*H'rdQ)w!#s"8M)]
Insert a test data, key is [persist.kvStaTest_943] data=[B,9n!"R!/QVH'6,L5/,N9wT]
Insert a test data, key is [persist.kvStaTest_944] data=[8B-"-,ZV!k!4(!C&Y7!f#%'X]
Insert a test data, key is [persist.kvStaTest_945] data=[/#7U43a#s4#8pAA!g42bTVL87]
Insert a test data, key is [persist.kvStaTest_946] data=[cJK!7#y9QNtP8uW#/",o(Iwqe"]
Insert a test data, key is [persist.kvStaTest_947] data=[G&R+B5tEivkXH/yMCp1%-U'#I9#]
Insert a test data, key is [persist.kvStaTest_948] data=[kR%L7p3#"rQweek8*MS903218Z9x]
Insert a test data, key is [persist.kvStaTest_949] data=[%2K!r#(T,8%!1(10"9"Y2/-7"9!o']
Insert a test data, key is [persist.kvStaTest_950] data=[Dd.m7#Ioh2hPV"!z4NPc]
Insert a test data, key is [persist.kvStaTest_951] data=[vf2O!ucyA!/3#!B!656##]
Insert a test data, key is [persist.kvStaTest_952] data=[MY%NKCs28JE0Y,#A4wf5#e]
Insert a test data, key is [persist.kvStaTest_953] data=[Kx'Y5L"a(d"06&'j3sw8dO/]
Insert a test data, key is [persist.kvStaTest_954] data=[%SZwV"#a)#7,1P(rYh2z03E#]
Insert a test data, key is [persist.kvStaTest_955] data=[49"4"*!#X!rV7H-67"(13".%2]
Insert a test data, key is [persist.kvStaTest_956] data=[xf0t!o"0)V!!(G9u##9M#7Nz26]
Insert a test data, key is [persist.kvStaTest_957] data=[#2*####Ew&Dq2.&!.!/.990*(/.]
Insert a test data, key is [persist.kvStaTest_958] data=[E/"Er("8%nW"(A)EWt9-H!4Yv"V"]
Insert a test data, key is [persist.kvStaTest_959] data=[12#XU"h#)o##*8"0rI/J2Sy"'t48']
Insert a test data, key is [persist.kvStaTest_960] data=[#j#L+#801bT#Qhi!6,pn]
Insert a test data, key is [persist.kvStaTest_961] data=[%2#WIS2'3#0G(!/!4)mBo]
Insert a test data, key is [persist.kvStaTest_962] data=[N//f+Bd!lP/*/"bZ#2,Bck]
Insert a test data, key is [persist.kvStaTest_963] data=[Il3Dr"4Y4kn07'"8!!((##E]
Insert a test data, key is [persist.kvStaTest_964] data=[8w#'1,#B&"6"N8-31&+yq.U!]
Insert a test data, key is [persist.kvStaTest_965] data=[#"r#gyr(Z6%i5A"Z'2G0Gpa0K]
Insert a test data, key is [persist.kvStaTest_966] data=[LM0/!ou+L#e5O.K#r-V1"#zm"-]
Insert a test data, key is [persist.kvStaTest_967] data=[6!1d"05C'A"7k#%.ot5n6e954y!]
Insert a test data, key is [persist.kvStaTest_968] data=[%&xpuOE*.!4*r3C./90XM+"8A+%"]
Insert a test data, key is [persist.kvStaTest_969] data=[10xI8!P%dFa625/6Wdoft7"p'8"aP]
Insert a test data, key is [persist.kvStaTest_970] data=[y8n5,e%#%T2!"#AFy"J+]
Insert a test data, key is [persist.kvStaTest_971] data=[1-CG"#d0pQ%&&Pk!Gy*1"]
Insert a test data, key is [persist.kvStaTest_972] data=[""!#'l&opE##"au'"47lqm]
Insert a test data, key is [persist.kvStaTest_973] data=[M&O6)V"j2,,x,,)"!*1!S0#]
Insert a test data, key is [persist.kvStaTest_974] data=[ec3#"z!(tA6!-Q'.!/SN3K&-]
Insert a test data, key is [persist.kvStaTest_975] data=[W(!8d+y75%)7lU4%Z!!064!/#]
Insert a test data, key is [persist.kvStaTest_976] data=[4!u!!V#"*&S4c"!9&V1!&D"OC3]
Insert a test data, key is [persist.kvStaTest_977] data=[v#9Dl6K,k##+Y"0#ok8#"-b8-68]
Insert a test data, key is [persist.kvStaTest_978] data=[!q2#'L54!a56I("k&#J#8"S#V"Hq]
Insert a test data, key is [persist.kvStaTest_979] data=[*H'rdQ)w!#s"8M)B,9n!"R!/QVH'6]
Insert a test data, key is [persist.kvStaTest_980] data=[,L5/,N9wT8B-"-,ZV!k!]
Insert a test data, key is [persist.kvStaTest_981] data=[4(!C&Y7!f#%'X/#7U43a#]
Insert a test data, key is [persist.kvStaTest_982] data=[s4#8pAA!g42bTVL87cJK!7]
Insert a test data, key is [persist.kvStaTest_983] data=[#y9QNtP8uW#/",o(Iwqe"G&]
Insert a test data, key is [persist.kvStaTest_984] data=[R+B5tEivkXH/yMCp1%-U'#I9]
Insert a test data, key is [persist.kvStaTest_985] data=[#kR%L7p3#"rQweek8*MS90321]
Insert a test data, key is [persist.kvStaTest_986] data=[8Z9x%2K!r#(T,8%!1(10"9"Y2/]
Insert a test data, key is [persist.kvStaTest_987] data=[-7"9!o'Dd.m7#Ioh2hPV"!z4NPc]
Insert a test data, key is [persist.kvStaTest_988] data=[vf2O!ucyA!/3#!B!656##MY%NKCs]
Insert a test data, key is [persist.kvStaTest_989] data=[28JE0Y,#A4wf5#eKx'Y5L"a(d"06&]
Insert a test data, key is [persist.kvStaTest_990] data=['j3sw8dO/%SZwV"#a)#7]
Insert a test data, key is [persist.kvStaTest_991] data=[,1P(rYh2z03E#49"4"*!#]
Insert a test data, key is [persist.kvStaTest_992] data=[X!rV7H-67"(13".%2xf0t!]
Insert a test data, key is [persist.kvStaTest_993] data=[o"0)V!!(G9u##9M#7Nz26#2]
Insert a test data, key is [persist.kvStaTest_994] data=[*####Ew&Dq2.&!.!/.990*(/]
Insert a test data, key is [persist.kvStaTest_995] data=[.E/"Er("8%nW"(A)EWt9-H!4Y]
Insert a test data, key is [persist.kvStaTest_996] data=[v"V"12#XU"h#)o##*8"0rI/J2S]
Insert a test data, key is [persist.kvStaTest_997] data=[y"'t48'#j#L+#801bT#Qhi!6,pn]
Insert a test data, key is [persist.kvStaTest_998] data=[%2#WIS2'3#0G(!/!4)mBoN//f+Bd]
Insert a test data, key is [persist.kvStaTest_999] data=[!lP/*/"bZ#2,BckIl3Dr"4Y4kn07']
Insert a test data, key is [persist.kvStaTest_1000] data=["8!!((##E8w#'1,#B&"6]
Insert a test data, key is [persist.kvStaTest_1001] data=["N8-31&+yq.U!#"r#gyr(]
Insert a test data, key is [persist.kvStaTest_1002] data=[Z6%i5A"Z'2G0Gpa0KLM0/!]
Insert a test data, key is [persist.kvStaTest_1003] data=[ou+L#e5O.K#r-V1"#zm"-6!]
Insert a test data, key is [persist.kvStaTest_1004] data=[1d"05C'A"7k#%.ot5n6e954y]
Insert a test data, key is [persist.kvStaTest_1005] data=[!%&xpuOE*.!4*r3C./90XM+"8]
Insert a test data, key is [persist.kvStaTest_1006] data=[A+%"10xI8!P%dFa625/6Wdoft7]
Insert a test data, key is [persist.kvStaTest_1007] data=["p'8"aPy8n5,e%#%T2!"#AFy"J+]
Insert a test data, key is [persist.kvStaTest_1008] data=[1-CG"#d0pQ%&&Pk!Gy*1"""!#'l&]
Insert a test data, key is [persist.kvStaTest_1009] data=[opE##"au'"47lqmM&O6)V"j2,,x,,]
Insert a test data, key is [persist.kvStaTest_1010] data=[)"!*1!S0#ec3#"z!(tA6]
Insert a test data, key is [persist.kvStaTest_1011] data=[!-Q'.!/SN3K&-W(!8d+y7]
Insert a test data, key is [persist.kvStaTest_1012] data=[5%)7lU4%Z!!064!/#4!u!!]
Insert a test data, key is [persist.kvStaTest_1013] data=[V#"*&S4c"!9&V1!&D"OC3v#]
Insert a test data, key is [persist.kvStaTest_1014] data=[9Dl6K,k##+Y"0#ok8#"-b8-6]
Insert a test data, key is [persist.kvStaTest_1015] data=[8!q2#'L54!a56I("k&#J#8"S#]
Insert a test data, key is [persist.kvStaTest_1016] data=[V"Hq*H'rdQ)w!#s"8M)B,9n!"R]
Insert a test data, key is [persist.kvStaTest_1017] data=[!/QVH'6,L5/,N9wT8B-"-,ZV!k!]
Insert a test data, key is [persist.kvStaTest_1018] data=[4(!C&Y7!f#%'X/#7U43a#s4#8pAA]
Insert a test data, key is [persist.kvStaTest_1019] data=[!g42bTVL87cJK!7#y9QNtP8uW#/",]
Insert a test data, key is [persist.kvStaTest_1020] data=[o(Iwqe"G&R+B5tEivkXH]
Insert a test data, key is [persist.kvStaTest_1021] data=[/yMCp1%-U'#I9#kR%L7p3]
Insert a test data, key is [persist.kvStaTest_1022] data=[#"rQweek8*MS903218Z9x%]
Insert a test data, key is [persist.kvStaTest_1023] data=[2K!r#(T,8%!1(10"9"Y2/-7]
Insert a test data, key is [persist.kvStaTest_1024] data=["9!o'Dd.m7#Ioh2hPV"!z4NP]
Insert a test data, key is [persist.kvStaTest_1025] data=[cvf2O!ucyA!/3#!B!656##MY%]
Insert a test data, key is [persist.kvStaTest_1026] data=[NKCs28JE0Y,#A4wf5#eKx'Y5L"]
Insert a test data, key is [persist.kvStaTest_1027] data=[a(d"06&'j3sw8dO/%SZwV"#a)#7]
Insert a test data, key is [persist.kvStaTest_1028] data=[,1P(rYh2z03E#49"4"*!#X!rV7H-]
Insert a test data, key is [persist.kvStaTest_1029] data=[67"(13".%2xf0t!o"0)V!!(G9u##9]
Insert a test data, key is [persist.kvStaTest_1030] data=[M#7Nz26#2*####Ew&Dq2]
Insert a test data, key is [persist.kvStaTest_1031] data=[.&!.!/.990*(/.E/"Er("]
Insert a test data, key is [persist.kvStaTest_1032] data=[8%nW"(A)EWt9-H!4Yv"V"1]
Insert a test data, key is [persist.kvStaTest_1033] data=[2#XU"h#)o##*8"0rI/J2Sy"]
Insert a test data, key is [persist.kvStaTest_1034] data=['t48'#j#L+#801bT#Qhi!6,p]
Insert a test data, key is [persist.kvStaTest_1035] data=[n%2#WIS2'3#0G(!/!4)mBoN//]
Insert a test data, key is [persist.kvStaTest_1036] data=[f+Bd!lP/*/"bZ#2,BckIl3Dr"4]
Insert a test data, key is [persist.kvStaTest_1037] data=[Y4kn07'"8!!((##E8w#'1,#B&"6]
Insert a test data, key is [persist.kvStaTest_1038] data=["N8-31&+yq.U!#"r#gyr(Z6%i5A"]
Insert a test data, key is [persist.kvStaTest_1039] data=[Z'2G0Gpa0KLM0/!ou+L#e5O.K#r-V]
Insert a test data, key is [persist.kvStaTest_1040] data=[1"#zm"-6!1d"05C'A"7k]
Insert a test data, key is [persist.kvStaTest_1041] data=[#%.ot5n6e954y!%&xpuOE]
Insert a test data, key is [persist.kvStaTest_1042] data=[*.!4*r3C./90XM+"8A+%"1]
Insert a test data, key is [persist.kvStaTest_1043] data=[0xI8!P%dFa625/6Wdoft7"p]
Insert a test data, key is [persist.kvStaTest_1044] data=['8"aPy8n5,e%#%T2!"#AFy"J]
Insert a test data, key is [persist.kvStaTest_1045] data=[+1-CG"#d0pQ%&&Pk!Gy*1"""!]
Insert a test data, key is [persist.kvStaTest_1046] data=[#'l&opE##"au'"47lqmM&O6)V"]
Insert a test data, key is [persist.kvStaTest_1047] data=[j2,,x,,)"!*1!S0#ec3#"z!(tA6]
Insert a test data, key is [persist.kvStaTest_1048] data=[!-Q'.!/SN3K&-W(!8d+y75%)7lU4]
Insert a test data, key is [persist.kvStaTest_1049] data=[%Z!!064!/#4!u!!V#"*&S4c"!9&V1]
Insert a test data, key is [persist.kvStaTest_1050] data=[!&D"OC3v#9Dl6K,k##+Y]
Insert a test data, key is [persist.kvStaTest_1051] data=["0#ok8#"-b8-68!q2#'L5]
Insert a test data, key is [persist.kvStaTest_1052] data=[4!a56I("k&#J#8"S#V"Hq*]
Insert a test data, key is [persist.kvStaTest_1053] data=[H'rdQ)w!#s"8M)B,9n!"R!/]
Insert a test data, key is [persist.kvStaTest_1054] data=[QVH'6,L5/,N9wT8B-"-,ZV!k]
Insert a test data, key is [persist.kvStaTest_1055] data=[!4(!C&Y7!f#%'X/#7U43a#s4#]
Insert a test data, key is [persist.kvStaTest_1056] data=[8pAA!g42bTVL87cJK!7#y9QNtP]
Insert a test data, key is [persist.kvStaTest_1057] data=[8uW#/",o(Iwqe"G&R+B5tEivkXH]
Insert a test data, key is [persist.kvStaTest_1058] data=[/yMCp1%-U'#I9#kR%L7p3#"rQwee]
Insert a test data, key is [persist.kvStaTest_1059] data=[k8*MS903218Z9x%2K!r#(T,8%!1(1]
Insert a test data, key is [persist.kvStaTest_1060] data=[0"9"Y2/-7"9!o'Dd.m7#]
Insert a test data, key is [persist.kvStaTest_1061] data=[Ioh2hPV"!z4NPcvf2O!uc]
Insert a test data, key is [persist.kvStaTest_1062] data=[yA!/3#!B!656##MY%NKCs2]
Insert a test data, key is [persist.kvStaTest_1063] data=[8JE0Y,#A4wf5#eKx'Y5L"a(]
Insert a test data, key is [persist.kvStaTest_1064] data=[d"06&'j3sw8dO/%SZwV"#a)#]
Insert a test data, key is [persist.kvStaTest_1065] data=[7,1P(rYh2z03E#49"4"*!#X!r]
Insert a test data, key is [persist.kvStaTest_1066] data=[V7H-67"(13".%2xf0t!o"0)V!!]
Insert a test data, key is [persist.kvStaTest_1067] data=[(G9u##9M#7Nz26#2*####Ew&Dq2]
Insert a test data, key is [persist.kvStaTest_1068] data=[.&!.!/.990*(/.E/"Er("8%nW"(A]
Insert a test data, key is [persist.kvStaTest_1069] data=[)EWt9-H!4Yv"V"12#XU"h#)o##*8"]
Insert a test data, key is [persist.kvStaTest_1070] data=[0rI/J2Sy"'t48'#j#L+#]
Insert a test data, key is [persist.kvStaTest_1071] data=[801bT#Qhi!6,pn%2#WIS2]
Insert a test data, key is [persist.kvStaTest_1072] data=['3#0G(!/!4)mBoN//f+Bd!]
Insert a test data, key is [persist.kvStaTest_1073] data=[lP/*/"bZ#2,BckIl3Dr"4Y4]
Insert a test data, key is [persist.kvStaTest_1074] data=[kn07'"8!!((##E8w#'1,#B&"]
Insert a test data, key is [persist.kvStaTest_1075] data=[6"N8-31&+yq.U!#"r#gyr(Z6%]
Insert a test data, key is [persist.kvStaTest_1076] data=[i5A"Z'2G0Gpa0KLM0/!ou+L#e5]
Insert a test data, key is [persist.kvStaTest_1077] data=[O.K#r-V1"#zm"-6!1d"05C'A"7k]
Insert a test data, key is [persist.kvStaTest_1078] data=[#%.ot5n6e954y!%&xpuOE*.!4*r3]
Insert a test data, key is [persist.kvStaTest_1079] data=[C./90XM+"8A+%"10xI8!P%dFa625/]
Insert a test data, key is [persist.kvStaTest_1080] data=[6Wdoft7"p'8"aPy8n5,e]
Insert a test data, key is [persist.kvStaTest_1081] data=[%#%T2!"#AFy"J+1-CG"#d]
Insert a test data, key is [persist.kvStaTest_1082] data=[0pQ%&&Pk!Gy*1"""!#'l&o]
Insert a test data, key is [persist.kvStaTest_1083] data=[pE##"au'"47lqmM&O6)V"j2]
Insert a test data, key is [persist.kvStaTest_1084] data=[,,x,,)"!*1!S0#ec3#"z!(tA]
Insert a test data, key is [persist.kvStaTest_1085] data=[6!-Q'.!/SN3K&-W(!8d+y75%)]
Insert a test data, key is [persist.kvStaTest_1086] data=[7lU4%Z!!064!/#4!u!!V#"*&S4]
Insert a test data, key is [persist.kvStaTest_1087] data=[c"!9&V1!&D"OC3v#9Dl6K,k##+Y]
Insert a test data, key is [persist.kvStaTest_1088] data=["0#ok8#"-b8-68!q2#'L54!a56I(]
Insert a test data, key is [persist.kvStaTest_1089] data=["k&#J#8"S#V"Hq*H'rdQ)w!#s"8M)]
Insert a test data, key is [persist.kvStaTest_1090] data=[B,9n!"R!/QVH'6,L5/,N]
Insert a test data, key is [persist.kvStaTest_1091] data=[9wT8B-"-,ZV!k!4(!C&Y7]
Insert a test data, key is [persist.kvStaTest_1092] data=[!f#%'X/#7U43a#s4#8pAA!]
Insert a test data, key is [persist.kvStaTest_1093] data=[g42bTVL87cJK!7#y9QNtP8u]
Insert a test data, key is [persist.kvStaTest_1094] data=[W#/",o(Iwqe"G&R+B5tEivkX]
Insert a test data, key is [persist.kvStaTest_1095] data=[H/yMCp1%-U'#I9#kR%L7p3#"r]
Insert a test data, key is [persist.kvStaTest_1096] data=[Qweek8*MS903218Z9x%2K!r#(T]
Insert a test data, key is [persist.kvStaTest_1097] data=[,8%!1(10"9"Y2/-7"9!o'Dd.m7#]
Insert a test data, key is [persist.kvStaTest_1098] data=[Ioh2hPV"!z4NPcvf2O!ucyA!/3#!]
Insert a test data, key is [persist.kvStaTest_1099] data=[B!656##MY%NKCs28JE0Y,#A4wf5#e]
Insert a test data, key is [persist.kvStaTest_1100] data=[Kx'Y5L"a(d"06&'j3sw8]
Insert a test data, key is [persist.kvStaTest_1101] data=[dO/%SZwV"#a)#7,1P(rYh]
Insert a test data, key is [persist.kvStaTest_1102] data=[2z03E#49"4"*!#X!rV7H-6]
Insert a test data, key is [persist.kvStaTest_1103] data=[7"(13".%2xf0t!o"0)V!!(G]
Insert a test data, key is [persist.kvStaTest_1104] data=[9u##9M#7Nz26#2*####Ew&Dq]
Insert a test data, key is [persist.kvStaTest_1105] data=[2.&!.!/.990*(/.E/"Er("8%n]
Insert a test data, key is [persist.kvStaTest_1106] data=[W"(A)EWt9-H!4Yv"V"12#XU"h#]
Insert a test data, key is [persist.kvStaTest_1107] data=[)o##*8"0rI/J2Sy"'t48'#j#L+#]
Insert a test data, key is [persist.kvStaTest_1108] data=[801bT#Qhi!6,pn%2#WIS2'3#0G(!]
Insert a test data, key is [persist.kvStaTest_1109] data=[/!4)mBoN//f+Bd!lP/*/"bZ#2,Bck]
Insert a test data, key is [persist.kvStaTest_1110] data=[Il3Dr"4Y4kn07'"8!!((]
Insert a test data, key is [persist.kvStaTest_1111] data=[##E8w#'1,#B&"6"N8-31&]
Insert a test data, key is [persist.kvStaTest_1112] data=[+yq.U!#"r#gyr(Z6%i5A"Z]
Insert a test data, key is [persist.kvStaTest_1113] data=['2G0Gpa0KLM0/!ou+L#e5O.]
Insert a test data, key is [persist.kvStaTest_1114] data=[K#r-V1"#zm"-6!1d"05C'A"7]
Insert a test data, key is [persist.kvStaTest_1115] data=[k#%.ot5n6e954y!%&xpuOE*.!]
Insert a test data, key is [persist.kvStaTest_1116] data=[4*r3C./90XM+"8A+%"10xI8!P%]
Insert a test data, key is [persist.kvStaTest_1117] data=[dFa625/6Wdoft7"p'8"aPy8n5,e]
Insert a test data, key is [persist.kvStaTest_1118] data=[%#%T2!"#AFy"J+1-CG"#d0pQ%&&P]
Insert a test data, key is [persist.kvStaTest_1119] data=[k!Gy*1"""!#'l&opE##"au'"47lqm]
Insert a test data, key is [persist.kvStaTest_1120] data=[M&O6)V"j2,,x,,)"!*1!]
Insert a test data, key is [persist.kvStaTest_1121] data=[S0#ec3#"z!(tA6!-Q'.!/]
Insert a test data, key is [persist.kvStaTest_1122] data=[SN3K&-W(!8d+y75%)7lU4%]
Insert a test data, key is [persist.kvStaTest_1123] data=[Z!!064!/#4!u!!V#"*&S4c"]
Insert a test data, key is [persist.kvStaTest_1124] data=[!9&V1!&D"OC3v#9Dl6K,k##+]
Insert a test data, key is [persist.kvStaTest_1125] data=[Y"0#ok8#"-b8-68!q2#'L54!a]
Insert a test data, key is [persist.kvStaTest_1126] data=[56I("k&#J#8"S#V"Hq*H'rdQ)w]
Insert a test data, key is [persist.kvStaTest_1127] data=[!#s"8M)B,9n!"R!/QVH'6,L5/,N]
Insert a test data, key is [persist.kvStaTest_1128] data=[9wT8B-"-,ZV!k!4(!C&Y7!f#%'X/]
Insert a test data, key is [persist.kvStaTest_1129] data=[#7U43a#s4#8pAA!g42bTVL87cJK!7]
Insert a test data, key is [persist.kvStaTest_1130] data=[#y9QNtP8uW#/",o(Iwqe]
Insert a test data, key is [persist.kvStaTest_1131] data=["G&R+B5tEivkXH/yMCp1%]
Insert a test data, key is [persist.kvStaTest_1132] data=[-U'#I9#kR%L7p3#"rQweek]
Insert a test data, key is [persist.kvStaTest_1133] data=[8*MS903218Z9x%2K!r#(T,8]
Insert a test data, key is [persist.kvStaTest_1134] data=[%!1(10"9"Y2/-7"9!o'Dd.m7]
Insert a test data, key is [persist.kvStaTest_1135] data=[#Ioh2hPV"!z4NPcvf2O!ucyA!]
Insert a test data, key is [persist.kvStaTest_1136] data=[/3#!B!656##MY%NKCs28JE0Y,#]
Insert a test data, key is [persist.kvStaTest_1137] data=[A4wf5#eKx'Y5L"a(d"06&'j3sw8]
Insert a test data, key is [persist.kvStaTest_1138] data=[dO/%SZwV"#a)#7,1P(rYh2z03E#4]
Insert a test data, key is [persist.kvStaTest_1139] data=[9"4"*!#X!rV7H-67"(13".%2xf0t!]
Insert a test data, key is [persist.kvStaTest_1140] data=[o"0)V!!(G9u##9M#7Nz2]
Insert a test data, key is [persist.kvStaTest_1141] data=[6#2*####Ew&Dq2.&!.!/.]
Insert a test data, key is [persist.kvStaTest_1142] data=[990*(/.E/"Er("8%nW"(A)]
Insert a test data, key is [persist.kvStaTest_1143] data=[EWt9-H!4Yv"V"12#XU"h#)o]
Insert a test data, key is [persist.kvStaTest_1144] data=[##*8"0rI/J2Sy"'t48'#j#L+]
Insert a test data, key is [persist.kvStaTest_1145] data=[#801bT#Qhi!6,pn%2#WIS2'3#]
Insert a test data, key is [persist.kvStaTest_1146] data=[0G(!/!4)mBoN//f+Bd!lP/*/"b]
Insert a test data, key is [persist.kvStaTest_1147] data=[Z#2,BckIl3Dr"4Y4kn07'"8!!((]
Insert a test data, key is [persist.kvStaTest_1148] data=[##E8w#'1,#B&"6"N8-31&+yq.U!#]
Insert a test data, key is [persist.kvStaTest_1149] data=["r#gyr(Z6%i5A"Z'2G0Gpa0KLM0/!]
Insert a test data, key is [persist.kvStaTest_1150] data=[ou+L#e5O.K#r-V1"#zm"]
Insert a test data, key is [persist.kvStaTest_1151] data=[-6!1d"05C'A"7k#%.ot5n]
Insert a test data, key is [persist.kvStaTest_1152] data=[6e954y!%&xpuOE*.!4*r3C]
Insert a test data, key is [persist.kvStaTest_1153] data=[./90XM+"8A+%"10xI8!P%dF]
Insert a test data, key is [persist.kvStaTest_1154] data=[a625/6Wdoft7"p'8"aPy8n5,]
Insert a test data, key is [persist.kvStaTest_1155] data=[e%#%T2!"#AFy"J+1-CG"#d0pQ]
Insert a test data, key is [persist.kvStaTest_1156] data=[%&&Pk!Gy*1"""!#'l&opE##"au]
Insert a test data, key is [persist.kvStaTest_1157] data=['"47lqmM&O6)V"j2,,x,,)"!*1!]
Insert a test data, key is [persist.kvStaTest_1158] data=[S0#ec3#"z!(tA6!-Q'.!/SN3K&-W]
Insert a test data, key is [persist.kvStaTest_1159] data=[(!8d+y75%)7lU4%Z!!064!/#4!u!!]
Insert a test data, key is [persist.kvStaTest_1160] data=[V#"*&S4c"!9&V1!&D"OC]
Insert a test data, key is [persist.kvStaTest_1161] data=[3v#9Dl6K,k##+Y"0#ok8#]
Insert a test data, key is [persist.kvStaTest_1162] data=["-b8-68!q2#'L54!a56I("]
Insert a test data, key is [persist.kvStaTest_1163] data=[k&#J#8"S#V"Hq*H'rdQ)w!#]
Insert a test data, key is [persist.kvStaTest_1164] data=[s"8M)B,9n!"R!/QVH'6,L5/,]
Insert a test data, key is [persist.kvStaTest_1165] data=[N9wT8B-"-,ZV!k!4(!C&Y7!f#]
Insert a test data, key is [persist.kvStaTest_1166] data=[%'X/#7U43a#s4#8pAA!g42bTVL]
Insert a test data, key is [persist.kvStaTest_1167] data=[87cJK!7#y9QNtP8uW#/",o(Iwqe]
Insert a test data, key is [persist.kvStaTest_1168] data=["G&R+B5tEivkXH/yMCp1%-U'#I9#]
Insert a test data, key is [persist.kvStaTest_1169] data=[kR%L7p3#"rQweek8*MS903218Z9x%]
Insert a test data, key is [persist.kvStaTest_1170] data=[2K!r#(T,8%!1(10"9"Y2]
Insert a test data, key is [persist.kvStaTest_1171] data=[/-7"9!o'Dd.m7#Ioh2hPV]
Insert a test data, key is [persist.kvStaTest_1172] data=["!z4NPcvf2O!ucyA!/3#!B]
Insert a test data, key is [persist.kvStaTest_1173] data=[!656##MY%NKCs28JE0Y,#A4]
Insert a test data, key is [persist.kvStaTest_1174] data=[wf5#eKx'Y5L"a(d"06&'j3sw]
Insert a test data, key is [persist.kvStaTest_1175] data=[8dO/%SZwV"#a)#7,1P(rYh2z0]
Insert a test data, key is [persist.kvStaTest_1176] data=[3E#49"4"*!#X!rV7H-67"(13".]
Insert a test data, key is [persist.kvStaTest_1177] data=[%2xf0t!o"0)V!!(G9u##9M#7Nz2]
Insert a test data, key is [persist.kvStaTest_1178] data=[6#2*####Ew&Dq2.&!.!/.990*(/.]
Insert a test data, key is [persist.kvStaTest_1179] data=[E/"Er("8%nW"(A)EWt9-H!4Yv"V"1]
Insert a test data, key is [persist.kvStaTest_1180] data=[2#XU"h#)o##*8"0rI/J2]
Insert a test data, key is [persist.kvStaTest_1181] data=[Sy"'t48'#j#L+#801bT#Q]
Insert a test data, key is [persist.kvStaTest_1182] data=[hi!6,pn%2#WIS2'3#0G(!/]
Insert a test data, key is [persist.kvStaTest_1183] data=[!4)mBoN//f+Bd!lP/*/"bZ#]
Insert a test data, key is [persist.kvStaTest_1184] data=[2,BckIl3Dr"4Y4kn07'"8!!(]
Insert a test data, key is [persist.kvStaTest_1185] data=[(##E8w#'1,#B&"6"N8-31&+yq]
Insert a test data, key is [persist.kvStaTest_1186] data=[.U!#"r#gyr(Z6%i5A"Z'2G0Gpa]
Insert a test data, key is [persist.kvStaTest_1187] data=[0KLM0/!ou+L#e5O.K#r-V1"#zm"]
Insert a test data, key is [persist.kvStaTest_1188] data=[-6!1d"05C'A"7k#%.ot5n6e954y!]
Insert a test data, key is [persist.kvStaTest_1189] data=[%&xpuOE*.!4*r3C./90XM+"8A+%"1]
Insert a test data, key is [persist.kvStaTest_1190] data=[0xI8!P%dFa625/6Wdoft]
Insert a test data, key is [persist.kvStaTest_1191] data=[7"p'8"aPy8n5,e%#%T2!"]
Insert a test data, key is [persist.kvStaTest_1192] data=[#AFy"J+1-CG"#d0pQ%&&Pk]
Insert a test data, key is [persist.kvStaTest_1193] data=[!Gy*1"""!#'l&opE##"au'"]
Insert a test data, key is [persist.kvStaTest_1194] data=[47lqmM&O6)V"j2,,x,,)"!*1]
Insert a test data, key is [persist.kvStaTest_1195] data=[!S0#ec3#"z!(tA6!-Q'.!/SN3]
Insert a test data, key is [persist.kvStaTest_1196] data=[K&-W(!8d+y75%)7lU4%Z!!064!]
Insert a test data, key is [persist.kvStaTest_1197] data=[/#4!u!!V#"*&S4c"!9&V1!&D"OC]
Insert a test data, key is [persist.kvStaTest_1198] data=[3v#9Dl6K,k##+Y"0#ok8#"-b8-68]
Insert a test data, key is [persist.kvStaTest_1199] data=[!q2#'L54!a56I("k&#J#8"S#V"Hq*]
Insert a test data, key is [persist.kvStaTest_1200] data=[H'rdQ)w!#s"8M)B,9n!"]
Insert a test data, key is [persist.kvStaTest_1201] data=[R!/QVH'6,L5/,N9wT8B-"]
Insert a test data, key is [persist.kvStaTest_1202] data=[-,ZV!k!4(!C&Y7!f#%'X/#]
Insert a test data, key is [persist.kvStaTest_1203] data=[7U43a#s4#8pAA!g42bTVL87]
Insert a test data, key is [persist.kvStaTest_1204] data=[cJK!7#y9QNtP8uW#/",o(Iwq]
Insert a test data, key is [persist.kvStaTest_1205] data=[e"G&R+B5tEivkXH/yMCp1%-U']
Insert a test data, key is [persist.kvStaTest_1206] data=[#I9#kR%L7p3#"rQweek8*MS903]
Insert a test data, key is [persist.kvStaTest_1207] data=[218Z9x%2K!r#(T,8%!1(10"9"Y2]
Insert a test data, key is [persist.kvStaTest_1208] data=[/-7"9!o'Dd.m7#Ioh2hPV"!z4NPc]
Insert a test data, key is [persist.kvStaTest_1209] data=[vf2O!ucyA!/3#!B!656##MY%NKCs2]
Insert a test data, key is [persist.kvStaTest_1210] data=[8JE0Y,#A4wf5#eKx'Y5L]
Insert a test data, key is [persist.kvStaTest_1211] data=["a(d"06&'j3sw8dO/%SZw]
Insert a test data, key is [persist.kvStaTest_1212] data=[V"#a)#7,1P(rYh2z03E#49]
Insert a test data, key is [persist.kvStaTest_1213] data=["4"*!#X!rV7H-67"(13".%2]
Insert a test data, key is [persist.kvStaTest_1214] data=[xf0t!o"0)V!!(G9u##9M#7Nz]
Insert a test data, key is [persist.kvStaTest_1215] data=[26#2*####Ew&Dq2.&!.!/.990]
Insert a test data, key is [persist.kvStaTest_1216] data=[*(/.E/"Er("8%nW"(A)EWt9-H!]
Insert a test data, key is [persist.kvStaTest_1217] data=[4Yv"V"12#XU"h#)o##*8"0rI/J2]
Insert a test data, key is [persist.kvStaTest_1218] data=[Sy"'t48'#j#L+#801bT#Qhi!6,pn]
Insert a test data, key is [persist.kvStaTest_1219] data=[%2#WIS2'3#0G(!/!4)mBoN//f+Bd!]
Insert a test data, key is [persist.kvStaTest_1220] data=[lP/*/"bZ#2,BckIl3Dr"]
Insert a test data, key is [persist.kvStaTest_1221] data=[4Y4kn07'"8!!((##E8w#']
Insert a test data, key is [persist.kvStaTest_1222] data=[1,#B&"6"N8-31&+yq.U!#"]
Insert a test data, key is [persist.kvStaTest_1223] data=[r#gyr(Z6%i5A"Z'2G0Gpa0K]
Insert a test data, key is [persist.kvStaTest_1224] data=[LM0/!ou+L#e5O.K#r-V1"#zm]
Insert a test data, key is [persist.kvStaTest_1225] data=["-6!1d"05C'A"7k#%.ot5n6e9]
Insert a test data, key is [persist.kvStaTest_1226] data=[54y!%&xpuOE*.!4*r3C./90XM+]
Insert a test data, key is [persist.kvStaTest_1227] data=["8A+%"10xI8!P%dFa625/6Wdoft]
Insert a test data, key is [persist.kvStaTest_1228] data=[7"p'8"aPy8n5,e%#%T2!"#AFy"J+]
Insert a test data, key is [persist.kvStaTest_1229] data=[1-CG"#d0pQ%&&Pk!Gy*1"""!#'l&o]
Insert a test data, key is [persist.kvStaTest_1230] data=[pE##"au'"47lqmM&O6)V]
Insert a test data, key is [persist.kvStaTest_1231] data=["j2,,x,,)"!*1!S0#ec3#]
Insert a test data, key is [persist.kvStaTest_1232] data=["z!(tA6!-Q'.!/SN3K&-W(]
Insert a test data, key is [persist.kvStaTest_1233] data=[!8d+y75%)7lU4%Z!!064!/#]
Insert a test data, key is [persist.kvStaTest_1234] data=[4!u!!V#"*&S4c"!9&V1!&D"O]
Insert a test data, key is [persist.kvStaTest_1235] data=[C3v#9Dl6K,k##+Y"0#ok8#"-b]
Insert a test data, key is [persist.kvStaTest_1236] data=[8-68!q2#'L54!a56I("k&#J#8"]
Insert a test data, key is [persist.kvStaTest_1237] data=[S#V"Hq*H'rdQ)w!#s"8M)B,9n!"]
Insert a test data, key is [persist.kvStaTest_1238] data=[R!/QVH'6,L5/,N9wT8B-"-,ZV!k!]
Insert a test data, key is [persist.kvStaTest_1239] data=[4(!C&Y7!f#%'X/#7U43a#s4#8pAA!]
Insert a test data, key is [persist.kvStaTest_1240] data=[g42bTVL87cJK!7#y9QNt]
Insert a test data, key is [persist.kvStaTest_1241] data=[P8uW#/",o(Iwqe"G&R+B5]
Insert a test data, key is [persist.kvStaTest_1242] data=[tEivkXH/yMCp1%-U'#I9#k]
Insert a test data, key is [persist.kvStaTest_1243] data=[R%L7p3#"rQweek8*MS90321]
Insert a test data, key is [persist.kvStaTest_1244] data=[8Z9x%2K!r#(T,8%!1(10"9"Y]
Insert a test data, key is [persist.kvStaTest_1245] data=[2/-7"9!o'Dd.m7#Ioh2hPV"!z]
Insert a test data, key is [persist.kvStaTest_1246] data=[4NPcvf2O!ucyA!/3#!B!656##M]
Insert a test data, key is [persist.kvStaTest_1247] data=[Y%NKCs28JE0Y,#A4wf5#eKx'Y5L]
Insert a test data, key is [persist.kvStaTest_1248] data=["a(d"06&'j3sw8dO/%SZwV"#a)#7]
Insert a test data, key is [persist.kvStaTest_1249] data=[,1P(rYh2z03E#49"4"*!#X!rV7H-6]
Insert a test data, key is [persist.kvStaTest_1250] data=[7"(13".%2xf0t!o"0)V!]
Insert a test data, key is [persist.kvStaTest_1251] data=[!(G9u##9M#7Nz26#2*###]
Insert a test data, key is [persist.kvStaTest_1252] data=[#Ew&Dq2.&!.!/.990*(/.E]
Insert a test data, key is [persist.kvStaTest_1253] data=[/"Er("8%nW"(A)EWt9-H!4Y]
Insert a test data, key is [persist.kvStaTest_1254] data=[v"V"12#XU"h#)o##*8"0rI/J]
Insert a test data, key is [persist.kvStaTest_1255] data=[2Sy"'t48'#j#L+#801bT#Qhi!]
Insert a test data, key is [persist.kvStaTest_1256] data=[6,pn%2#WIS2'3#0G(!/!4)mBoN]
Insert a test data, key is [persist.kvStaTest_1257] data=[//f+Bd!lP/*/"bZ#2,BckIl3Dr"]
Insert a test data, key is [persist.kvStaTest_1258] data=[4Y4kn07'"8!!((##E8w#'1,#B&"6]
Insert a test data, key is [persist.kvStaTest_1259] data=["N8-31&+yq.U!#"r#gyr(Z6%i5A"Z]
Insert a test data, key is [persist.kvStaTest_1260] data=['2G0Gpa0KLM0/!ou+L#e]
Insert a test data, key is [persist.kvStaTest_1261] data=[5O.K#r-V1"#zm"-6!1d"0]
Insert a test data, key is [persist.kvStaTest_1262] data=[5C'A"7k#%.ot5n6e954y!%]
Insert a test data, key is [persist.kvStaTest_1263] data=[&xpuOE*.!4*r3C./90XM+"8]
Insert a test data, key is [persist.kvStaTest_1264] data=[A+%"10xI8!P%dFa625/6Wdof]
Insert a test data, key is [persist.kvStaTest_1265] data=[t7"p'8"aPy8n5,e%#%T2!"#AF]
Insert a test data, key is [persist.kvStaTest_1266] data=[y"J+1-CG"#d0pQ%&&Pk!Gy*1""]
Insert a test data, key is [persist.kvStaTest_1267] data=["!#'l&opE##"au'"47lqmM&O6)V]
Insert a test data, key is [persist.kvStaTest_1268] data=["j2,,x,,)"!*1!S0#ec3#"z!(tA6]
Insert a test data, key is [persist.kvStaTest_1269] data=[!-Q'.!/SN3K&-W(!8d+y75%)7lU4%]
Insert a test data, key is [persist.kvStaTest_1270] data=[Z!!064!/#4!u!!V#"*&S]
Insert a test data, key is [persist.kvStaTest_1271] data=[4c"!9&V1!&D"OC3v#9Dl6]
Insert a test data, key is [persist.kvStaTest_1272] data=[K,k##+Y"0#ok8#"-b8-68!]
Insert a test data, key is [persist.kvStaTest_1273] data=[q2#'L54!a56I("k&#J#8"S#]
Insert a test data, key is [persist.kvStaTest_1274] data=[V"Hq*H'rdQ)w!#s"8M)B,9n!]
Insert a test data, key is [persist.kvStaTest_1275] data=["R!/QVH'6,L5/,N9wT8B-"-,Z]
Insert a test data, key is [persist.kvStaTest_1276] data=[V!k!4(!C&Y7!f#%'X/#7U43a#s]
Insert a test data, key is [persist.kvStaTest_1277] data=[4#8pAA!g42bTVL87cJK!7#y9QNt]
Insert a test data, key is [persist.kvStaTest_1278] data=[P8uW#/",o(Iwqe"G&R+B5tEivkXH]
Insert a test data, key is [persist.kvStaTest_1279] data=[/yMCp1%-U'#I9#kR%L7p3#"rQweek]
Insert a test data, key is [persist.kvStaTest_1280] data=[8*MS903218Z9x%2K!r#(]
Insert a test data, key is [persist.kvStaTest_1281] data=[T,8%!1(10"9"Y2/-7"9!o]
Insert a test data, key is [persist.kvStaTest_1282] data=['Dd.m7#Ioh2hPV"!z4NPcv]
Insert a test data, key is [persist.kvStaTest_1283] data=[f2O!ucyA!/3#!B!656##MY%]
Insert a test data, key is [persist.kvStaTest_1284] data=[NKCs28JE0Y,#A4wf5#eKx'Y5]
Insert a test data, key is [persist.kvStaTest_1285] data=[L"a(d"06&'j3sw8dO/%SZwV"#]
Insert a test data, key is [persist.kvStaTest_1286] data=[a)#7,1P(rYh2z03E#49"4"*!#X]
Insert a test data, key is [persist.kvStaTest_1287] data=[!rV7H-67"(13".%2xf0t!o"0)V!]
Insert a test data, key is [persist.kvStaTest_1288] data=[!(G9u##9M#7Nz26#2*####Ew&Dq2]
Insert a test data, key is [persist.kvStaTest_1289] data=[.&!.!/.990*(/.E/"Er("8%nW"(A)]
Insert a test data, key is [persist.kvStaTest_1290] data=[EWt9-H!4Yv"V"12#XU"h]
Insert a test data, key is [persist.kvStaTest_1291] data=[#)o##*8"0rI/J2Sy"'t48]
Insert a test data, key is [persist.kvStaTest_1292] data=['#j#L+#801bT#Qhi!6,pn%]
Insert a test data, key is [persist.kvStaTest_1293] data=[2#WIS2'3#0G(!/!4)mBoN//]
Insert a test data, key is [persist.kvStaTest_1294] data=[f+Bd!lP/*/"bZ#2,BckIl3Dr]
Insert a test data, key is [persist.kvStaTest_1295] data=["4Y4kn07'"8!!((##E8w#'1,#]
Insert a test data, key is [persist.kvStaTest_1296] data=[B&"6"N8-31&+yq.U!#"r#gyr(Z]
Insert a test data, key is [persist.kvStaTest_1297] data=[6%i5A"Z'2G0Gpa0KLM0/!ou+L#e]
Insert a test data, key is [persist.kvStaTest_1298] data=[5O.K#r-V1"#zm"-6!1d"05C'A"7k]
Insert a test data, key is [persist.kvStaTest_1299] data=[#%.ot5n6e954y!%&xpuOE*.!4*r3C]
Insert a test data, key is [persist.kvStaTest_1300] data=[./90XM+"8A+%"10xI8!P]
Insert a test data, key is [persist.kvStaTest_1301] data=[%dFa625/6Wdoft7"p'8"a]
Insert a test data, key is [persist.kvStaTest_1302] data=[Py8n5,e%#%T2!"#AFy"J+1]
Insert a test data, key is [persist.kvStaTest_1303] data=[-CG"#d0pQ%&&Pk!Gy*1"""!]
Insert a test data, key is [persist.kvStaTest_1304] data=[#'l&opE##"au'"47lqmM&O6)]
Insert a test data, key is [persist.kvStaTest_1305] data=[V"j2,,x,,)"!*1!S0#ec3#"z!]
Insert a test data, key is [persist.kvStaTest_1306] data=[(tA6!-Q'.!/SN3K&-W(!8d+y75]
Insert a test data, key is [persist.kvStaTest_1307] data=[%)7lU4%Z!!064!/#4!u!!V#"*&S]
Insert a test data, key is [persist.kvStaTest_1308] data=[4c"!9&V1!&D"OC3v#9Dl6K,k##+Y]
Insert a test data, key is [persist.kvStaTest_1309] data=["0#ok8#"-b8-68!q2#'L54!a56I("]
Insert a test data, key is [persist.kvStaTest_1310] data=[k&#J#8"S#V"Hq*H'rdQ)]
Insert a test data, key is [persist.kvStaTest_1311] data=[w!#s"8M)B,9n!"R!/QVH']
Insert a test data, key is [persist.kvStaTest_1312] data=[6,L5/,N9wT8B-"-,ZV!k!4]
Insert a test data, key is [persist.kvStaTest_1313] data=[(!C&Y7!f#%'X/#7U43a#s4#]
Insert a test data, key is [persist.kvStaTest_1314] data=[8pAA!g42bTVL87cJK!7#y9QN]
Insert a test data, key is [persist.kvStaTest_1315] data=[tP8uW#/",o(Iwqe"G&R+B5tEi]
Insert a test data, key is [persist.kvStaTest_1316] data=[vkXH/yMCp1%-U'#I9#kR%L7p3#]
Insert a test data, key is [persist.kvStaTest_1317] data=["rQweek8*MS903218Z9x%2K!r#(]
Insert a test data, key is [persist.kvStaTest_1318] data=[T,8%!1(10"9"Y2/-7"9!o'Dd.m7#]
Insert a test data, key is [persist.kvStaTest_1319] data=[Ioh2hPV"!z4NPcvf2O!ucyA!/3#!B]
Insert a test data, key is [persist.kvStaTest_1320] data=[!656##MY%NKCs28JE0Y,]
Insert a test data, key is [persist.kvStaTest_1321] data=[#A4wf5#eKx'Y5L"a(d"06]
Insert a test data, key is [persist.kvStaTest_1322] data=[&'j3sw8dO/%SZwV"#a)#7,]
Insert a test data, key is [persist.kvStaTest_1323] data=[1P(rYh2z03E#49"4"*!#X!r]
Insert a test data, key is [persist.kvStaTest_1324] data=[V7H-67"(13".%2xf0t!o"0)V]
Insert a test data, key is [persist.kvStaTest_1325] data=[!!(G9u##9M#7Nz26#2*####Ew]
Insert a test data, key is [persist.kvStaTest_1326] data=[&Dq2.&!.!/.990*(/.E/"Er("8]
Insert a test data, key is [persist.kvStaTest_1327] data=[%nW"(A)EWt9-H!4Yv"V"12#XU"h]
Insert a test data, key is [persist.kvStaTest_1328] data=[#)o##*8"0rI/J2Sy"'t48'#j#L+#]
Insert a test data, key is [persist.kvStaTest_1329] data=[801bT#Qhi!6,pn%2#WIS2'3#0G(!/]
Insert a test data, key is [persist.kvStaTest_1330] data=[!4)mBoN//f+Bd!lP/*/"]
Insert a test data, key is [persist.kvStaTest_1331] data=[bZ#2,BckIl3Dr"4Y4kn07]
Insert a test data, key is [persist.kvStaTest_1332] data=['"8!!((##E8w#'1,#B&"6"]
Insert a test data, key is [persist.kvStaTest_1333] data=[N8-31&+yq.U!#"r#gyr(Z6%]
Insert a test data, key is [persist.kvStaTest_1334] data=[i5A"Z'2G0Gpa0KLM0/!ou+L#]
Insert a test data, key is [persist.kvStaTest_1335] data=[e5O.K#r-V1"#zm"-6!1d"05C']
Insert a test data, key is [persist.kvStaTest_1336] data=[A"7k#%.ot5n6e954y!%&xpuOE*]
Insert a test data, key is [persist.kvStaTest_1337] data=[.!4*r3C./90XM+"8A+%"10xI8!P]
Insert a test data, key is [persist.kvStaTest_1338] data=[%dFa625/6Wdoft7"p'8"aPy8n5,e]
Insert a test data, key is [persist.kvStaTest_1339] data=[%#%T2!"#AFy"J+1-CG"#d0pQ%&&Pk]
Insert a test data, key is [persist.kvStaTest_1340] data=[!Gy*1"""!#'l&opE##"a]
Insert a test data, key is [persist.kvStaTest_1341] data=[u'"47lqmM&O6)V"j2,,x,]
Insert a test data, key is [persist.kvStaTest_1342] data=[,)"!*1!S0#ec3#"z!(tA6!]
Insert a test data, key is [persist.kvStaTest_1343] data=[-Q'.!/SN3K&-W(!8d+y75%)]
Insert a test data, key is [persist.kvStaTest_1344] data=[7lU4%Z!!064!/#4!u!!V#"*&]
Insert a test data, key is [persist.kvStaTest_1345] data=[S4c"!9&V1!&D"OC3v#9Dl6K,k]
Insert a test data, key is [persist.kvStaTest_1346] data=[##+Y"0#ok8#"-b8-68!q2#'L54]
Insert a test data, key is [persist.kvStaTest_1347] data=[!a56I("k&#J#8"S#V"Hq*H'rdQ)]
Insert a test data, key is [persist.kvStaTest_1348] data=[w!#s"8M)B,9n!"R!/QVH'6,L5/,N]
Insert a test data, key is [persist.kvStaTest_1349] data=[9wT8B-"-,ZV!k!4(!C&Y7!f#%'X/#]
Insert a test data, key is [persist.kvStaTest_1350] data=[7U43a#s4#8pAA!g42bTV]
Insert a test data, key is [persist.kvStaTest_1351] data=[L87cJK!7#y9QNtP8uW#/"]
Insert a test data, key is [persist.kvStaTest_1352] data=[,o(Iwqe"G&R+B5tEivkXH/]
Insert a test data, key is [persist.kvStaTest_1353] data=[yMCp1%-U'#I9#kR%L7p3#"r]
Insert a test data, key is [persist.kvStaTest_1354] data=[Qweek8*MS903218Z9x%2K!r#]
Insert a test data, key is [persist.kvStaTest_1355] data=[(T,8%!1(10"9"Y2/-7"9!o'Dd]
Insert a test data, key is [persist.kvStaTest_1356] data=[.m7#Ioh2hPV"!z4NPcvf2O!ucy]
Insert a test data, key is [persist.kvStaTest_1357] data=[A!/3#!B!656##MY%NKCs28JE0Y,]
Insert a test data, key is [persist.kvStaTest_1358] data=[#A4wf5#eKx'Y5L"a(d"06&'j3sw8]
Insert a test data, key is [persist.kvStaTest_1359] data=[dO/%SZwV"#a)#7,1P(rYh2z03E#49]
Insert a test data, key is [persist.kvStaTest_1360] data=["4"*!#X!rV7H-67"(13"]
Insert a test data, key is [persist.kvStaTest_1361] data=[.%2xf0t!o"0)V!!(G9u##]
Insert a test data, key is [persist.kvStaTest_1362] data=[9M#7Nz26#2*####Ew&Dq2.]
Insert a test data, key is [persist.kvStaTest_1363] data=[&!.!/.990*(/.E/"Er("8%n]
Insert a test data, key is [persist.kvStaTest_1364] data=[W"(A)EWt9-H!4Yv"V"12#XU"]
Insert a test data, key is [persist.kvStaTest_1365] data=[h#)o##*8"0rI/J2Sy"'t48'#j]
Insert a test data, key is [persist.kvStaTest_1366] data=[#L+#801bT#Qhi!6,pn%2#WIS2']
Insert a test data, key is [persist.kvStaTest_1367] data=[3#0G(!/!4)mBoN//f+Bd!lP/*/"]
Insert a test data, key is [persist.kvStaTest_1368] data=[bZ#2,BckIl3Dr"4Y4kn07'"8!!((]
Insert a test data, key is [persist.kvStaTest_1369] data=[##E8w#'1,#B&"6"N8-31&+yq.U!#"]
Insert a test data, key is [persist.kvStaTest_1370] data=[r#gyr(Z6%i5A"Z'2G0Gp]
Insert a test data, key is [persist.kvStaTest_1371] data=[a0KLM0/!ou+L#e5O.K#r-]
Insert a test data, key is [persist.kvStaTest_1372] data=[V1"#zm"-6!1d"05C'A"7k#]
Insert a test data, key is [persist.kvStaTest_1373] data=[%.ot5n6e954y!%&xpuOE*.!]
Insert a test data, key is [persist.kvStaTest_1374] data=[4*r3C./90XM+"8A+%"10xI8!]
Insert a test data, key is [persist.kvStaTest_1375] data=[P%dFa625/6Wdoft7"p'8"aPy8]
Insert a test data, key is [persist.kvStaTest_1376] data=[n5,e%#%T2!"#AFy"J+1-CG"#d0]
Insert a test data, key is [persist.kvStaTest_1377] data=[pQ%&&Pk!Gy*1"""!#'l&opE##"a]
Insert a test data, key is [persist.kvStaTest_1378] data=[u'"47lqmM&O6)V"j2,,x,,)"!*1!]
Insert a test data, key is [persist.kvStaTest_1379] data=[S0#ec3#"z!(tA6!-Q'.!/SN3K&-W(]
Insert a test data, key is [persist.kvStaTest_1380] data=[!8d+y75%)7lU4%Z!!064]
Insert a test data, key is [persist.kvStaTest_1381] data=[!/#4!u!!V#"*&S4c"!9&V]
Insert a test data, key is [persist.kvStaTest_1382] data=[1!&D"OC3v#9Dl6K,k##+Y"]
Insert a test data, key is [persist.kvStaTest_1383] data=[0#ok8#"-b8-68!q2#'L54!a]
Insert a test data, key is [persist.kvStaTest_1384] data=[56I("k&#J#8"S#V"Hq*H'rdQ]
Insert a test data, key is [persist.kvStaTest_1385] data=[)w!#s"8M)B,9n!"R!/QVH'6,L]
Insert a test data, key is [persist.kvStaTest_1386] data=[5/,N9wT8B-"-,ZV!k!4(!C&Y7!]
Insert a test data, key is [persist.kvStaTest_1387] data=[f#%'X/#7U43a#s4#8pAA!g42bTV]
Insert a test data, key is [persist.kvStaTest_1388] data=[L87cJK!7#y9QNtP8uW#/",o(Iwqe]
Insert a test data, key is [persist.kvStaTest_1389] data=["G&R+B5tEivkXH/yMCp1%-U'#I9#k]
Insert a test data, key is [persist.kvStaTest_1390] data=[R%L7p3#"rQweek8*MS90]
Insert a test data, key is [persist.kvStaTest_1391] data=[3218Z9x%2K!r#(T,8%!1(]
Insert a test data, key is [persist.kvStaTest_1392] data=[10"9"Y2/-7"9!o'Dd.m7#I]
Insert a test data, key is [persist.kvStaTest_1393] data=[oh2hPV"!z4NPcvf2O!ucyA!]
Insert a test data, key is [persist.kvStaTest_1394] data=[/3#!B!656##MY%NKCs28JE0Y]
Insert a test data, key is [persist.kvStaTest_1395] data=[,#A4wf5#eKx'Y5L"a(d"06&'j]
Insert a test data, key is [persist.kvStaTest_1396] data=[3sw8dO/%SZwV"#a)#7,1P(rYh2]
Insert a test data, key is [persist.kvStaTest_1397] data=[z03E#49"4"*!#X!rV7H-67"(13"]
Insert a test data, key is [persist.kvStaTest_1398] data=[.%2xf0t!o"0)V!!(G9u##9M#7Nz2]
Insert a test data, key is [persist.kvStaTest_1399] data=[6#2*####Ew&Dq2.&!.!/.990*(/.E]
Insert a test data, key is [persist.kvStaTest_1400] data=[/"Er("8%nW"(A)EWt9-H]
Insert a test data, key is [persist.kvStaTest_1401] data=[!4Yv"V"12#XU"h#)o##*8]
Insert a test data, key is [persist.kvStaTest_1402] data=["0rI/J2Sy"'t48'#j#L+#8]
Insert a test data, key is [persist.kvStaTest_1403] data=[01bT#Qhi!6,pn%2#WIS2'3#]
Insert a test data, key is [persist.kvStaTest_1404] data=[0G(!/!4)mBoN//f+Bd!lP/*/]
Insert a test data, key is [persist.kvStaTest_1405] data=["bZ#2,BckIl3Dr"4Y4kn07'"8]
Insert a test data, key is [persist.kvStaTest_1406] data=[!!((##E8w#'1,#B&"6"N8-31&+]
Insert a test data, key is [persist.kvStaTest_1407] data=[yq.U!#"r#gyr(Z6%i5A"Z'2G0Gp]
Insert a test data, key is [persist.kvStaTest_1408] data=[a0KLM0/!ou+L#e5O.K#r-V1"#zm"]
Insert a test data, key is [persist.kvStaTest_1409] data=[-6!1d"05C'A"7k#%.ot5n6e954y!%]
Insert a test data, key is [persist.kvStaTest_1410] data=[&xpuOE*.!4*r3C./90XM]
Insert a test data, key is [persist.kvStaTest_1411] data=[+"8A+%"10xI8!P%dFa625]
Insert a test data, key is [persist.kvStaTest_1412] data=[/6Wdoft7"p'8"aPy8n5,e%]
Insert a test data, key is [persist.kvStaTest_1413] data=[#%T2!"#AFy"J+1-CG"#d0pQ]
Insert a test data, key is [persist.kvStaTest_1414] data=[%&&Pk!Gy*1"""!#'l&opE##"]
Insert a test data, key is [persist.kvStaTest_1415] data=[au'"47lqmM&O6)V"j2,,x,,)"]
Insert a test data, key is [persist.kvStaTest_1416] data=[!*1!S0#ec3#"z!(tA6!-Q'.!/S]
Insert a test data, key is [persist.kvStaTest_1417] data=[N3K&-W(!8d+y75%)7lU4%Z!!064]
Insert a test data, key is [persist.kvStaTest_1418] data=[!/#4!u!!V#"*&S4c"!9&V1!&D"OC]
Insert a test data, key is [persist.kvStaTest_1419] data=[3v#9Dl6K,k##+Y"0#ok8#"-b8-68!]
Insert a test data, key is [persist.kvStaTest_1420] data=[q2#'L54!a56I("k&#J#8]
Insert a test data, key is [persist.kvStaTest_1421] data=["S#V"Hq*H'rdQ)w!#s"8M]
Insert a test data, key is [persist.kvStaTest_1422] data=[)B,9n!"R!/QVH'6,L5/,N9]
Insert a test data, key is [persist.kvStaTest_1423] data=[wT8B-"-,ZV!k!4(!C&Y7!f#]
Insert a test data, key is [persist.kvStaTest_1424] data=[%'X/#7U43a#s4#8pAA!g42bT]
Insert a test data, key is [persist.kvStaTest_1425] data=[VL87cJK!7#y9QNtP8uW#/",o(]
Insert a test data, key is [persist.kvStaTest_1426] data=[Iwqe"G&R+B5tEivkXH/yMCp1%-]
Insert a test data, key is [persist.kvStaTest_1427] data=[U'#I9#kR%L7p3#"rQweek8*MS90]
Insert a test data, key is [persist.kvStaTest_1428] data=[3218Z9x%2K!r#(T,8%!1(10"9"Y2]
Insert a test data, key is [persist.kvStaTest_1429] data=[/-7"9!o'Dd.m7#Ioh2hPV"!z4NPcv]
Insert a test data, key is [persist.kvStaTest_1430] data=[f2O!ucyA!/3#!B!656##]
Insert a test data, key is [persist.kvStaTest_1431] data=[MY%NKCs28JE0Y,#A4wf5#]
Insert a test data, key is [persist.kvStaTest_1432] data=[eKx'Y5L"a(d"06&'j3sw8d]
Insert a test data, key is [persist.kvStaTest_1433] data=[O/%SZwV"#a)#7,1P(rYh2z0]
Insert a test data, key is [persist.kvStaTest_1434] data=[3E#49"4"*!#X!rV7H-67"(13]
Insert a test data, key is [persist.kvStaTest_1435] data=[".%2xf0t!o"0)V!!(G9u##9M#]
Insert a test data, key is [persist.kvStaTest_1436] data=[7Nz26#2*####Ew&Dq2.&!.!/.9]
Insert a test data, key is [persist.kvStaTest_1437] data=[90*(/.E/"Er("8%nW"(A)EWt9-H]
Insert a test data, key is [persist.kvStaTest_1438] data=[!4Yv"V"12#XU"h#)o##*8"0rI/J2]
Insert a test data, key is [persist.kvStaTest_1439] data=[Sy"'t48'#j#L+#801bT#Qhi!6,pn%]
Insert a test data, key is [persist.kvStaTest_1440] data=[2#WIS2'3#0G(!/!4)mBo]
Insert a test data, key is [persist.kvStaTest_1441] data=[N//f+Bd!lP/*/"bZ#2,Bc]
Insert a test data, key is [persist.kvStaTest_1442] data=[kIl3Dr"4Y4kn07'"8!!((#]
Insert a test data, key is [persist.kvStaTest_1443] data=[#E8w#'1,#B&"6"N8-31&+yq]
Insert a test data, key is [persist.kvStaTest_1444] data=[.U!#"r#gyr(Z6%i5A"Z'2G0G]
Insert a test data, key is [persist.kvStaTest_1445] data=[pa0KLM0/!ou+L#e5O.K#r-V1"]
Insert a test data, key is [persist.kvStaTest_1446] data=[#zm"-6!1d"05C'A"7k#%.ot5n6]
Insert a test data, key is [persist.kvStaTest_1447] data=[e954y!%&xpuOE*.!4*r3C./90XM]
Insert a test data, key is [persist.kvStaTest_1448] data=[+"8A+%"10xI8!P%dFa625/6Wdoft]
Insert a test data, key is [persist.kvStaTest_1449] data=[7"p'8"aPy8n5,e%#%T2!"#AFy"J+1]
Insert a test data, key is [persist.kvStaTest_1450] data=[-CG"#d0pQ%&&Pk!Gy*1"]
Insert a test data, key is [persist.kvStaTest_1451] data=[""!#'l&opE##"au'"47lq]
Insert a test data, key is [persist.kvStaTest_1452] data=[mM&O6)V"j2,,x,,)"!*1!S]
Insert a test data, key is [persist.kvStaTest_1453] data=[0#ec3#"z!(tA6!-Q'.!/SN3]
Insert a test data, key is [persist.kvStaTest_1454] data=[K&-W(!8d+y75%)7lU4%Z!!06]
Insert a test data, key is [persist.kvStaTest_1455] data=[4!/#4!u!!V#"*&S4c"!9&V1!&]
Insert a test data, key is [persist.kvStaTest_1456] data=[D"OC3v#9Dl6K,k##+Y"0#ok8#"]
Insert a test data, key is [persist.kvStaTest_1457] data=[-b8-68!q2#'L54!a56I("k&#J#8]
Insert a test data, key is [persist.kvStaTest_1458] data=["S#V"Hq*H'rdQ)w!#s"8M)B,9n!"]
Insert a test data, key is [persist.kvStaTest_1459] data=[R!/QVH'6,L5/,N9wT8B-"-,ZV!k!4]
Insert a test data, key is [persist.kvStaTest_1460] data=[(!C&Y7!f#%'X/#7U43a#]
Insert a test data, key is [persist.kvStaTest_1461] data=[s4#8pAA!g42bTVL87cJK!]
Insert a test data, key is [persist.kvStaTest_1462] data=[7#y9QNtP8uW#/",o(Iwqe"]
Insert a test data, key is [persist.kvStaTest_1463] data=[G&R+B5tEivkXH/yMCp1%-U']
Insert a test data, key is [persist.kvStaTest_1464] data=[#I9#kR%L7p3#"rQweek8*MS9]
Insert a test data, key is [persist.kvStaTest_1465] data=[03218Z9x%2K!r#(T,8%!1(10"]
Insert a test data, key is [persist.kvStaTest_1466] data=[9"Y2/-7"9!o'Dd.m7#Ioh2hPV"]
Insert a test data, key is [persist.kvStaTest_1467] data=[!z4NPcvf2O!ucyA!/3#!B!656##]
Insert a test data, key is [persist.kvStaTest_1468] data=[MY%NKCs28JE0Y,#A4wf5#eKx'Y5L]
Insert a test data, key is [persist.kvStaTest_1469] data=["a(d"06&'j3sw8dO/%SZwV"#a)#7,]
Insert a test data, key is [persist.kvStaTest_1470] data=[1P(rYh2z03E#49"4"*!#]
Insert a test data, key is [persist.kvStaTest_1471] data=[X!rV7H-67"(13".%2xf0t]
Insert a test data, key is [persist.kvStaTest_1472] data=[!o"0)V!!(G9u##9M#7Nz26]
Insert a test data, key is [persist.kvStaTest_1473] data=[#2*####Ew&Dq2.&!.!/.990]
Insert a test data, key is [persist.kvStaTest_1474] data=[*(/.E/"Er("8%nW"(A)EWt9-]
Insert a test data, key is [persist.kvStaTest_1475] data=[H!4Yv"V"12#XU"h#)o##*8"0r]
Insert a test data, key is [persist.kvStaTest_1476] data=[I/J2Sy"'t48'#j#L+#801bT#Qh]
Insert a test data, key is [persist.kvStaTest_1477] data=[i!6,pn%2#WIS2'3#0G(!/!4)mBo]
Insert a test data, key is [persist.kvStaTest_1478] data=[N//f+Bd!lP/*/"bZ#2,BckIl3Dr"]
Insert a test data, key is [persist.kvStaTest_1479] data=[4Y4kn07'"8!!((##E8w#'1,#B&"6"]
Insert a test data, key is [persist.kvStaTest_1480] data=[N8-31&+yq.U!#"r#gyr(]
Insert a test data, key is [persist.kvStaTest_1481] data=[Z6%i5A"Z'2G0Gpa0KLM0/]
Insert a test data, key is [persist.kvStaTest_1482] data=[!ou+L#e5O.K#r-V1"#zm"-]
Insert a test data, key is [persist.kvStaTest_1483] data=[6!1d"05C'A"7k#%.ot5n6e9]
Insert a test data, key is [persist.kvStaTest_1484] data=[54y!%&xpuOE*.!4*r3C./90X]
Insert a test data, key is [persist.kvStaTest_1485] data=[M+"8A+%"10xI8!P%dFa625/6W]
Insert a test data, key is [persist.kvStaTest_1486] data=[doft7"p'8"aPy8n5,e%#%T2!"#]
Insert a test data, key is [persist.kvStaTest_1487] data=[AFy"J+1-CG"#d0pQ%&&Pk!Gy*1"]
Insert a test data, key is [persist.kvStaTest_1488] data=[""!#'l&opE##"au'"47lqmM&O6)V]
Insert a test data, key is [persist.kvStaTest_1489] data=["j2,,x,,)"!*1!S0#ec3#"z!(tA6!]
Insert a test data, key is [persist.kvStaTest_1490] data=[-Q'.!/SN3K&-W(!8d+y7]
Insert a test data, key is [persist.kvStaTest_1491] data=[5%)7lU4%Z!!064!/#4!u!]
Insert a test data, key is [persist.kvStaTest_1492] data=[!V#"*&S4c"!9&V1!&D"OC3]
Insert a test data, key is [persist.kvStaTest_1493] data=[v#9Dl6K,k##+Y"0#ok8#"-b]
Insert a test data, key is [persist.kvStaTest_1494] data=[8-68!q2#'L54!a56I("k&#J#]
Insert a test data, key is [persist.kvStaTest_1495] data=[8"S#V"Hq*H'rdQ)w!#s"8M)B,]
Insert a test data, key is [persist.kvStaTest_1496] data=[9n!"R!/QVH'6,L5/,N9wT8B-"-]
Insert a test data, key is [persist.kvStaTest_1497] data=[,ZV!k!4(!C&Y7!f#%'X/#7U43a#]
Insert a test data, key is [persist.kvStaTest_1498] data=[s4#8pAA!g42bTVL87cJK!7#y9QNt]
Insert a test data, key is [persist.kvStaTest_1499] data=[P8uW#/",o(Iwqe"G&R+B5tEivkXH/]
Insert a test data, key is [persist.kvStaTest_1500] data=[yMCp1%-U'#I9#kR%L7p3]
Insert a test data, key is [persist.kvStaTest_1501] data=[#"rQweek8*MS903218Z9x]
Insert a test data, key is [persist.kvStaTest_1502] data=[%2K!r#(T,8%!1(10"9"Y2/]
Insert a test data, key is [persist.kvStaTest_1503] data=[-7"9!o'Dd.m7#Ioh2hPV"!z]
Insert a test data, key is [persist.kvStaTest_1504] data=[4NPcvf2O!ucyA!/3#!B!656#]
Insert a test data, key is [persist.kvStaTest_1505] data=[#MY%NKCs28JE0Y,#A4wf5#eKx]
Insert a test data, key is [persist.kvStaTest_1506] data=['Y5L"a(d"06&'j3sw8dO/%SZwV]
Insert a test data, key is [persist.kvStaTest_1507] data=["#a)#7,1P(rYh2z03E#49"4"*!#]
Insert a test data, key is [persist.kvStaTest_1508] data=[X!rV7H-67"(13".%2xf0t!o"0)V!]
Insert a test data, key is [persist.kvStaTest_1509] data=[!(G9u##9M#7Nz26#2*####Ew&Dq2.]
Insert a test data, key is [persist.kvStaTest_1510] data=[&!.!/.990*(/.E/"Er("]
Insert a test data, key is [persist.kvStaTest_1511] data=[8%nW"(A)EWt9-H!4Yv"V"]
Insert a test data, key is [persist.kvStaTest_1512] data=[12#XU"h#)o##*8"0rI/J2S]
Insert a test data, key is [persist.kvStaTest_1513] data=[y"'t48'#j#L+#801bT#Qhi!]
Insert a test data, key is [persist.kvStaTest_1514] data=[6,pn%2#WIS2'3#0G(!/!4)mB]
Insert a test data, key is [persist.kvStaTest_1515] data=[oN//f+Bd!lP/*/"bZ#2,BckIl]
Insert a test data, key is [persist.kvStaTest_1516] data=[3Dr"4Y4kn07'"8!!((##E8w#'1]
Insert a test data, key is [persist.kvStaTest_1517] data=[,#B&"6"N8-31&+yq.U!#"r#gyr(]
Insert a test data, key is [persist.kvStaTest_1518] data=[Z6%i5A"Z'2G0Gpa0KLM0/!ou+L#e]
Insert a test data, key is [persist.kvStaTest_1519] data=[5O.K#r-V1"#zm"-6!1d"05C'A"7k#]
Insert a test data, key is [persist.kvStaTest_1520] data=[%.ot5n6e954y!%&xpuOE]
Insert a test data, key is [persist.kvStaTest_1521] data=[*.!4*r3C./90XM+"8A+%"]
Insert a test data, key is [persist.kvStaTest_1522] data=[10xI8!P%dFa625/6Wdoft7]
Insert a test data, key is [persist.kvStaTest_1523] data=["p'8"aPy8n5,e%#%T2!"#AF]
Insert a test data, key is [persist.kvStaTest_1524] data=[y"J+1-CG"#d0pQ%&&Pk!Gy*1]
Insert a test data, key is [persist.kvStaTest_1525] data=["""!#'l&opE##"au'"47lqmM&]
Insert a test data, key is [persist.kvStaTest_1526] data=[O6)V"j2,,x,,)"!*1!S0#ec3#"]
Insert a test data, key is [persist.kvStaTest_1527] data=[z!(tA6!-Q'.!/SN3K&-W(!8d+y7]
Insert a test data, key is [persist.kvStaTest_1528] data=[5%)7lU4%Z!!064!/#4!u!!V#"*&S]
Insert a test data, key is [persist.kvStaTest_1529] data=[4c"!9&V1!&D"OC3v#9Dl6K,k##+Y"]
Insert a test data, key is [persist.kvStaTest_1530] data=[0#ok8#"-b8-68!q2#'L5]
Insert a test data, key is [persist.kvStaTest_1531] data=[4!a56I("k&#J#8"S#V"Hq]
Insert a test data, key is [persist.kvStaTest_1532] data=[*H'rdQ)w!#s"8M)B,9n!"R]
Insert a test data, key is [persist.kvStaTest_1533] data=[!/QVH'6,L5/,N9wT8B-"-,Z]
Insert a test data, key is [persist.kvStaTest_1534] data=[V!k!4(!C&Y7!f#%'X/#7U43a]
Insert a test data, key is [persist.kvStaTest_1535] data=[#s4#8pAA!g42bTVL87cJK!7#y]
Insert a test data, key is [persist.kvStaTest_1536] data=[9QNtP8uW#/",o(Iwqe"G&R+B5t]
Insert a test data, key is [persist.kvStaTest_1537] data=[EivkXH/yMCp1%-U'#I9#kR%L7p3]
Insert a test data, key is [persist.kvStaTest_1538] data=[#"rQweek8*MS903218Z9x%2K!r#(]
Insert a test data, key is [persist.kvStaTest_1539] data=[T,8%!1(10"9"Y2/-7"9!o'Dd.m7#I]
Insert a test data, key is [persist.kvStaTest_1540] data=[oh2hPV"!z4NPcvf2O!uc]
Insert a test data, key is [persist.kvStaTest_1541] data=[yA!/3#!B!656##MY%NKCs]
Insert a test data, key is [persist.kvStaTest_1542] data=[28JE0Y,#A4wf5#eKx'Y5L"]
Insert a test data, key is [persist.kvStaTest_1543] data=[a(d"06&'j3sw8dO/%SZwV"#]
Insert a test data, key is [persist.kvStaTest_1544] data=[a)#7,1P(rYh2z03E#49"4"*!]
Insert a test data, key is [persist.kvStaTest_1545] data=[#X!rV7H-67"(13".%2xf0t!o"]
Insert a test data, key is [persist.kvStaTest_1546] data=[0)V!!(G9u##9M#7Nz26#2*####]
Insert a test data, key is [persist.kvStaTest_1547] data=[Ew&Dq2.&!.!/.990*(/.E/"Er("]
Insert a test data, key is [persist.kvStaTest_1548] data=[8%nW"(A)EWt9-H!4Yv"V"12#XU"h]
Insert a test data, key is [persist.kvStaTest_1549] data=[#)o##*8"0rI/J2Sy"'t48'#j#L+#8]
Insert a test data, key is [persist.kvStaTest_1550] data=[01bT#Qhi!6,pn%2#WIS2]
Insert a test data, key is [persist.kvStaTest_1551] data=['3#0G(!/!4)mBoN//f+Bd]
Insert a test data, key is [persist.kvStaTest_1552] data=[!lP/*/"bZ#2,BckIl3Dr"4]
Insert a test data, key is [persist.kvStaTest_1553] data=[Y4kn07'"8!!((##E8w#'1,#]
Insert a test data, key is [persist.kvStaTest_1554] data=[B&"6"N8-31&+yq.U!#"r#gyr]
Insert a test data, key is [persist.kvStaTest_1555] data=[(Z6%i5A"Z'2G0Gpa0KLM0/!ou]
Insert a test data, key is [persist.kvStaTest_1556] data=[+L#e5O.K#r-V1"#zm"-6!1d"05]
Insert a test data, key is [persist.kvStaTest_1557] data=[C'A"7k#%.ot5n6e954y!%&xpuOE]
Insert a test data, key is [persist.kvStaTest_1558] data=[*.!4*r3C./90XM+"8A+%"10xI8!P]
Insert a test data, key is [persist.kvStaTest_1559] data=[%dFa625/6Wdoft7"p'8"aPy8n5,e%]
Insert a test data, key is [persist.kvStaTest_1560] data=[#%T2!"#AFy"J+1-CG"#d]
Insert a test data, key is [persist.kvStaTest_1561] data=[0pQ%&&Pk!Gy*1"""!#'l&]
Insert a test data, key is [persist.kvStaTest_1562] data=[opE##"au'"47lqmM&O6)V"]
Insert a test data, key is [persist.kvStaTest_1563] data=[j2,,x,,)"!*1!S0#ec3#"z!]
Insert a test data, key is [persist.kvStaTest_1564] data=[(tA6!-Q'.!/SN3K&-W(!8d+y]
Insert a test data, key is [persist.kvStaTest_1565] data=[75%)7lU4%Z!!064!/#4!u!!V#]
Insert a test data, key is [persist.kvStaTest_1566] data=["*&S4c"!9&V1!&D"OC3v#9Dl6K]
Insert a test data, key is [persist.kvStaTest_1567] data=[,k##+Y"0#ok8#"-b8-68!q2#'L5]
Insert a test data, key is [persist.kvStaTest_1568] data=[4!a56I("k&#J#8"S#V"Hq*H'rdQ)]
Insert a test data, key is [persist.kvStaTest_1569] data=[w!#s"8M)B,9n!"R!/QVH'6,L5/,N9]
Insert a test data, key is [persist.kvStaTest_1570] data=[wT8B-"-,ZV!k!4(!C&Y7]
Insert a test data, key is [persist.kvStaTest_1571] data=[!f#%'X/#7U43a#s4#8pAA]
Insert a test data, key is [persist.kvStaTest_1572] data=[!g42bTVL87cJK!7#y9QNtP]
Insert a test data, key is [persist.kvStaTest_1573] data=[8uW#/",o(Iwqe"G&R+B5tEi]
Insert a test data, key is [persist.kvStaTest_1574] data=[vkXH/yMCp1%-U'#I9#kR%L7p]
Insert a test data, key is [persist.kvStaTest_1575] data=[3#"rQweek8*MS903218Z9x%2K]
Insert a test data, key is [persist.kvStaTest_1576] data=[!r#(T,8%!1(10"9"Y2/-7"9!o']
Insert a test data, key is [persist.kvStaTest_1577] data=[Dd.m7#Ioh2hPV"!z4NPcvf2O!uc]
Insert a test data, key is [persist.kvStaTest_1578] data=[yA!/3#!B!656##MY%NKCs28JE0Y,]
Insert a test data, key is [persist.kvStaTest_1579] data=[#A4wf5#eKx'Y5L"a(d"06&'j3sw8d]
Insert a test data, key is [persist.kvStaTest_1580] data=[O/%SZwV"#a)#7,1P(rYh]
Insert a test data, key is [persist.kvStaTest_1581] data=[2z03E#49"4"*!#X!rV7H-]
Insert a test data, key is [persist.kvStaTest_1582] data=[67"(13".%2xf0t!o"0)V!!]
Insert a test data, key is [persist.kvStaTest_1583] data=[(G9u##9M#7Nz26#2*####Ew]
Insert a test data, key is [persist.kvStaTest_1584] data=[&Dq2.&!.!/.990*(/.E/"Er(]
Insert a test data, key is [persist.kvStaTest_1585] data=["8%nW"(A)EWt9-H!4Yv"V"12#]
Insert a test data, key is [persist.kvStaTest_1586] data=[XU"h#)o##*8"0rI/J2Sy"'t48']
Insert a test data, key is [persist.kvStaTest_1587] data=[#j#L+#801bT#Qhi!6,pn%2#WIS2]
Insert a test data, key is [persist.kvStaTest_1588] data=['3#0G(!/!4)mBoN//f+Bd!lP/*/"]
Insert a test data, key is [persist.kvStaTest_1589] data=[bZ#2,BckIl3Dr"4Y4kn07'"8!!((#]
Insert a test data, key is [persist.kvStaTest_1590] data=[#E8w#'1,#B&"6"N8-31&]
Insert a test data, key is [persist.kvStaTest_1591] data=[+yq.U!#"r#gyr(Z6%i5A"]
Insert a test data, key is [persist.kvStaTest_1592] data=[Z'2G0Gpa0KLM0/!ou+L#e5]
Insert a test data, key is [persist.kvStaTest_1593] data=[O.K#r-V1"#zm"-6!1d"05C']
Insert a test data, key is [persist.kvStaTest_1594] data=[A"7k#%.ot5n6e954y!%&xpuO]
Insert a test data, key is [persist.kvStaTest_1595] data=[E*.!4*r3C./90XM+"8A+%"10x]
Insert a test data, key is [persist.kvStaTest_1596] data=[I8!P%dFa625/6Wdoft7"p'8"aP]
Insert a test data, key is [persist.kvStaTest_1597] data=[y8n5,e%#%T2!"#AFy"J+1-CG"#d]
Insert a test data, key is [persist.kvStaTest_1598] data=[0pQ%&&Pk!Gy*1"""!#'l&opE##"a]
Insert a test data, key is [persist.kvStaTest_1599] data=[u'"47lqmM&O6)V"j2,,x,,)"!*1!S]
Insert a test data, key is [persist.kvStaTest_1600] data=[0#ec3#"z!(tA6!-Q'.!/]
Insert a test data, key is [persist.kvStaTest_1601] data=[SN3K&-W(!8d+y75%)7lU4]
Insert a test data, key is [persist.kvStaTest_1602] data=[%Z!!064!/#4!u!!V#"*&S4]
Insert a test data, key is [persist.kvStaTest_1603] data=[c"!9&V1!&D"OC3v#9Dl6K,k]
Insert a test data, key is [persist.kvStaTest_1604] data=[##+Y"0#ok8#"-b8-68!q2#'L]
Insert a test data, key is [persist.kvStaTest_1605] data=[54!a56I("k&#J#8"S#V"Hq*H']
Insert a test data, key is [persist.kvStaTest_1606] data=[rdQ)w!#s"8M)B,9n!"R!/QVH'6]
Insert a test data, key is [persist.kvStaTest_1607] data=[,L5/,N9wT8B-"-,ZV!k!4(!C&Y7]
Insert a test data, key is [persist.kvStaTest_1608] data=[!f#%'X/#7U43a#s4#8pAA!g42bTV]
Insert a test data, key is [persist.kvStaTest_1609] data=[L87cJK!7#y9QNtP8uW#/",o(Iwqe"]
Insert a test data, key is [persist.kvStaTest_1610] data=[G&R+B5tEivkXH/yMCp1%]
Insert a test data, key is [persist.kvStaTest_1611] data=[-U'#I9#kR%L7p3#"rQwee]
Insert a test data, key is [persist.kvStaTest_1612] data=[k8*MS903218Z9x%2K!r#(T]
Insert a test data, key is [persist.kvStaTest_1613] data=[,8%!1(10"9"Y2/-7"9!o'Dd]
Insert a test data, key is [persist.kvStaTest_1614] data=[.m7#Ioh2hPV"!z4NPcvf2O!u]
Insert a test data, key is [persist.kvStaTest_1615] data=[cyA!/3#!B!656##MY%NKCs28J]
Insert a test data, key is [persist.kvStaTest_1616] data=[E0Y,#A4wf5#eKx'Y5L"a(d"06&]
Insert a test data, key is [persist.kvStaTest_1617] data=['j3sw8dO/%SZwV"#a)#7,1P(rYh]
Insert a test data, key is [persist.kvStaTest_1618] data=[2z03E#49"4"*!#X!rV7H-67"(13"]
Insert a test data, key is [persist.kvStaTest_1619] data=[.%2xf0t!o"0)V!!(G9u##9M#7Nz26]
Insert a test data, key is [persist.kvStaTest_1620] data=[#2*####Ew&Dq2.&!.!/.]
Insert a test data, key is [persist.kvStaTest_1621] data=[990*(/.E/"Er("8%nW"(A]
Insert a test data, key is [persist.kvStaTest_1622] data=[)EWt9-H!4Yv"V"12#XU"h#]
Insert a test data, key is [persist.kvStaTest_1623] data=[)o##*8"0rI/J2Sy"'t48'#j]
Insert a test data, key is [persist.kvStaTest_1624] data=[#L+#801bT#Qhi!6,pn%2#WIS]
Insert a test data, key is [persist.kvStaTest_1625] data=[2'3#0G(!/!4)mBoN//f+Bd!lP]
Insert a test data, key is [persist.kvStaTest_1626] data=[/*/"bZ#2,BckIl3Dr"4Y4kn07']
Insert a test data, key is [persist.kvStaTest_1627] data=["8!!((##E8w#'1,#B&"6"N8-31&]
Insert a test data, key is [persist.kvStaTest_1628] data=[+yq.U!#"r#gyr(Z6%i5A"Z'2G0Gp]
Insert a test data, key is [persist.kvStaTest_1629] data=[a0KLM0/!ou+L#e5O.K#r-V1"#zm"-]
Insert a test data, key is [persist.kvStaTest_1630] data=[6!1d"05C'A"7k#%.ot5n]
Insert a test data, key is [persist.kvStaTest_1631] data=[6e954y!%&xpuOE*.!4*r3]
Insert a test data, key is [persist.kvStaTest_1632] data=[C./90XM+"8A+%"10xI8!P%]
Insert a test data, key is [persist.kvStaTest_1633] data=[dFa625/6Wdoft7"p'8"aPy8]
Insert a test data, key is [persist.kvStaTest_1634] data=[n5,e%#%T2!"#AFy"J+1-CG"#]
Insert a test data, key is [persist.kvStaTest_1635] data=[d0pQ%&&Pk!Gy*1"""!#'l&opE]
Insert a test data, key is [persist.kvStaTest_1636] data=[##"au'"47lqmM&O6)V"j2,,x,,]
Insert a test data, key is [persist.kvStaTest_1637] data=[)"!*1!S0#ec3#"z!(tA6!-Q'.!/]
Insert a test data, key is [persist.kvStaTest_1638] data=[SN3K&-W(!8d+y75%)7lU4%Z!!064]
Insert a test data, key is [persist.kvStaTest_1639] data=[!/#4!u!!V#"*&S4c"!9&V1!&D"OC3]
Insert a test data, key is [persist.kvStaTest_1640] data=[v#9Dl6K,k##+Y"0#ok8#]
Insert a test data, key is [persist.kvStaTest_1641] data=["-b8-68!q2#'L54!a56I(]
Insert a test data, key is [persist.kvStaTest_1642] data=["k&#J#8"S#V"Hq*H'rdQ)w]
Insert a test data, key is [persist.kvStaTest_1643] data=[!#s"8M)B,9n!"R!/QVH'6,L]
Insert a test data, key is [persist.kvStaTest_1644] data=[5/,N9wT8B-"-,ZV!k!4(!C&Y]
Insert a test data, key is [persist.kvStaTest_1645] data=[7!f#%'X/#7U43a#s4#8pAA!g4]
Insert a test data, key is [persist.kvStaTest_1646] data=[2bTVL87cJK!7#y9QNtP8uW#/",]
Insert a test data, key is [persist.kvStaTest_1647] data=[o(Iwqe"G&R+B5tEivkXH/yMCp1%]
Insert a test data, key is [persist.kvStaTest_1648] data=[-U'#I9#kR%L7p3#"rQweek8*MS90]
Insert a test data, key is [persist.kvStaTest_1649] data=[3218Z9x%2K!r#(T,8%!1(10"9"Y2/]
Insert a test data, key is [persist.kvStaTest_1650] data=[-7"9!o'Dd.m7#Ioh2hPV]
Insert a test data, key is [persist.kvStaTest_1651] data=["!z4NPcvf2O!ucyA!/3#!]
Insert a test data, key is [persist.kvStaTest_1652] data=[B!656##MY%NKCs28JE0Y,#]
Insert a test data, key is [persist.kvStaTest_1653] data=[A4wf5#eKx'Y5L"a(d"06&'j]
Insert a test data, key is [persist.kvStaTest_1654] data=[3sw8dO/%SZwV"#a)#7,1P(rY]
Insert a test data, key is [persist.kvStaTest_1655] data=[h2z03E#49"4"*!#X!rV7H-67"]
Insert a test data, key is [persist.kvStaTest_1656] data=[(13".%2xf0t!o"0)V!!(G9u##9]
Insert a test data, key is [persist.kvStaTest_1657] data=[M#7Nz26#2*####Ew&Dq2.&!.!/.]
Insert a test data, key is [persist.kvStaTest_1658] data=[990*(/.E/"Er("8%nW"(A)EWt9-H]
Insert a test data, key is [persist.kvStaTest_1659] data=[!4Yv"V"12#XU"h#)o##*8"0rI/J2S]
Insert a test data, key is [persist.kvStaTest_1660] data=[y"'t48'#j#L+#801bT#Q]
Insert a test data, key is [persist.kvStaTest_1661] data=[hi!6,pn%2#WIS2'3#0G(!]
Insert a test data, key is [persist.kvStaTest_1662] data=[/!4)mBoN//f+Bd!lP/*/"b]
Insert a test data, key is [persist.kvStaTest_1663] data=[Z#2,BckIl3Dr"4Y4kn07'"8]
Insert a test data, key is [persist.kvStaTest_1664] data=[!!((##E8w#'1,#B&"6"N8-31]
Insert a test data, key is [persist.kvStaTest_1665] data=[&+yq.U!#"r#gyr(Z6%i5A"Z'2]
Insert a test data, key is [persist.kvStaTest_1666] data=[G0Gpa0KLM0/!ou+L#e5O.K#r-V]
Insert a test data, key is [persist.kvStaTest_1667] data=[1"#zm"-6!1d"05C'A"7k#%.ot5n]
Insert a test data, key is [persist.kvStaTest_1668] data=[6e954y!%&xpuOE*.!4*r3C./90XM]
Insert a test data, key is [persist.kvStaTest_1669] data=[+"8A+%"10xI8!P%dFa625/6Wdoft7]
Insert a test data, key is [persist.kvStaTest_1670] data=["p'8"aPy8n5,e%#%T2!"]
Insert a test data, key is [persist.kvStaTest_1671] data=[#AFy"J+1-CG"#d0pQ%&&P]
Insert a test data, key is [persist.kvStaTest_1672] data=[k!Gy*1"""!#'l&opE##"au]
Insert a test data, key is [persist.kvStaTest_1673] data=['"47lqmM&O6)V"j2,,x,,)"]
Insert a test data, key is [persist.kvStaTest_1674] data=[!*1!S0#ec3#"z!(tA6!-Q'.!]
Insert a test data, key is [persist.kvStaTest_1675] data=[/SN3K&-W(!8d+y75%)7lU4%Z!]
Insert a test data, key is [persist.kvStaTest_1676] data=[!064!/#4!u!!V#"*&S4c"!9&V1]
Insert a test data, key is [persist.kvStaTest_1677] data=[!&D"OC3v#9Dl6K,k##+Y"0#ok8#]
Insert a test data, key is [persist.kvStaTest_1678] data=["-b8-68!q2#'L54!a56I("k&#J#8]
Insert a test data, key is [persist.kvStaTest_1679] data=["S#V"Hq*H'rdQ)w!#s"8M)B,9n!"R]
Insert a test data, key is [persist.kvStaTest_1680] data=[!/QVH'6,L5/,N9wT8B-"]
Insert a test data, key is [persist.kvStaTest_1681] data=[-,ZV!k!4(!C&Y7!f#%'X/]
Insert a test data, key is [persist.kvStaTest_1682] data=[#7U43a#s4#8pAA!g42bTVL]
Insert a test data, key is [persist.kvStaTest_1683] data=[87cJK!7#y9QNtP8uW#/",o(]
Insert a test data, key is [persist.kvStaTest_1684] data=[Iwqe"G&R+B5tEivkXH/yMCp1]
Insert a test data, key is [persist.kvStaTest_1685] data=[%-U'#I9#kR%L7p3#"rQweek8*]
Insert a test data, key is [persist.kvStaTest_1686] data=[MS903218Z9x%2K!r#(T,8%!1(1]
Insert a test data, key is [persist.kvStaTest_1687] data=[0"9"Y2/-7"9!o'Dd.m7#Ioh2hPV]
Insert a test data, key is [persist.kvStaTest_1688] data=["!z4NPcvf2O!ucyA!/3#!B!656##]
Insert a test data, key is [persist.kvStaTest_1689] data=[MY%NKCs28JE0Y,#A4wf5#eKx'Y5L"]
Insert a test data, key is [persist.kvStaTest_1690] data=[a(d"06&'j3sw8dO/%SZw]
Insert a test data, key is [persist.kvStaTest_1691] data=[V"#a)#7,1P(rYh2z03E#4]
Insert a test data, key is [persist.kvStaTest_1692] data=[9"4"*!#X!rV7H-67"(13".]
Insert a test data, key is [persist.kvStaTest_1693] data=[%2xf0t!o"0)V!!(G9u##9M#]
Insert a test data, key is [persist.kvStaTest_1694] data=[7Nz26#2*####Ew&Dq2.&!.!/]
Insert a test data, key is [persist.kvStaTest_1695] data=[.990*(/.E/"Er("8%nW"(A)EW]
Insert a test data, key is [persist.kvStaTest_1696] data=[t9-H!4Yv"V"12#XU"h#)o##*8"]
Insert a test data, key is [persist.kvStaTest_1697] data=[0rI/J2Sy"'t48'#j#L+#801bT#Q]
Insert a test data, key is [persist.kvStaTest_1698] data=[hi!6,pn%2#WIS2'3#0G(!/!4)mBo]
Insert a test data, key is [persist.kvStaTest_1699] data=[N//f+Bd!lP/*/"bZ#2,BckIl3Dr"4]
Insert a test data, key is [persist.kvStaTest_1700] data=[Y4kn07'"8!!((##E8w#']
Insert a test data, key is [persist.kvStaTest_1701] data=[1,#B&"6"N8-31&+yq.U!#]
Insert a test data, key is [persist.kvStaTest_1702] data=["r#gyr(Z6%i5A"Z'2G0Gpa]
Insert a test data, key is [persist.kvStaTest_1703] data=[0KLM0/!ou+L#e5O.K#r-V1"]
Insert a test data, key is [persist.kvStaTest_1704] data=[#zm"-6!1d"05C'A"7k#%.ot5]
Insert a test data, key is [persist.kvStaTest_1705] data=[n6e954y!%&xpuOE*.!4*r3C./]
Insert a test data, key is [persist.kvStaTest_1706] data=[90XM+"8A+%"10xI8!P%dFa625/]
Insert a test data, key is [persist.kvStaTest_1707] data=[6Wdoft7"p'8"aPy8n5,e%#%T2!"]
Insert a test data, key is [persist.kvStaTest_1708] data=[#AFy"J+1-CG"#d0pQ%&&Pk!Gy*1"]
Insert a test data, key is [persist.kvStaTest_1709] data=[""!#'l&opE##"au'"47lqmM&O6)V"]
Insert a test data, key is [persist.kvStaTest_1710] data=[j2,,x,,)"!*1!S0#ec3#]
Insert a test data, key is [persist.kvStaTest_1711] data=["z!(tA6!-Q'.!/SN3K&-W]
Insert a test data, key is [persist.kvStaTest_1712] data=[(!8d+y75%)7lU4%Z!!064!]
Insert a test data, key is [persist.kvStaTest_1713] data=[/#4!u!!V#"*&S4c"!9&V1!&]
Insert a test data, key is [persist.kvStaTest_1714] data=[D"OC3v#9Dl6K,k##+Y"0#ok8]
Insert a test data, key is [persist.kvStaTest_1715] data=[#"-b8-68!q2#'L54!a56I("k&]
Insert a test data, key is [persist.kvStaTest_1716] data=[#J#8"S#V"Hq*H'rdQ)w!#s"8M)]
Insert a test data, key is [persist.kvStaTest_1717] data=[B,9n!"R!/QVH'6,L5/,N9wT8B-"]
Insert a test data, key is [persist.kvStaTest_1718] data=[-,ZV!k!4(!C&Y7!f#%'X/#7U43a#]
Insert a test data, key is [persist.kvStaTest_1719] data=[s4#8pAA!g42bTVL87cJK!7#y9QNtP]
Insert a test data, key is [persist.kvStaTest_1720] data=[8uW#/",o(Iwqe"G&R+B5]
Insert a test data, key is [persist.kvStaTest_1721] data=[tEivkXH/yMCp1%-U'#I9#]
Insert a test data, key is [persist.kvStaTest_1722] data=[kR%L7p3#"rQweek8*MS903]
Insert a test data, key is [persist.kvStaTest_1723] data=[218Z9x%2K!r#(T,8%!1(10"]
Insert a test data, key is [persist.kvStaTest_1724] data=[9"Y2/-7"9!o'Dd.m7#Ioh2hP]
Insert a test data, key is [persist.kvStaTest_1725] data=[V"!z4NPcvf2O!ucyA!/3#!B!6]
Insert a test data, key is [persist.kvStaTest_1726] data=[56##MY%NKCs28JE0Y,#A4wf5#e]
Insert a test data, key is [persist.kvStaTest_1727] data=[Kx'Y5L"a(d"06&'j3sw8dO/%SZw]
Insert a test data, key is [persist.kvStaTest_1728] data=[V"#a)#7,1P(rYh2z03E#49"4"*!#]
Insert a test data, key is [persist.kvStaTest_1729] data=[X!rV7H-67"(13".%2xf0t!o"0)V!!]
Insert a test data, key is [persist.kvStaTest_1730] data=[(G9u##9M#7Nz26#2*###]
Insert a test data, key is [persist.kvStaTest_1731] data=[#Ew&Dq2.&!.!/.990*(/.]
Insert a test data, key is [persist.kvStaTest_1732] data=[E/"Er("8%nW"(A)EWt9-H!]
Insert a test data, key is [persist.kvStaTest_1733] data=[4Yv"V"12#XU"h#)o##*8"0r]
Insert a test data, key is [persist.kvStaTest_1734] data=[I/J2Sy"'t48'#j#L+#801bT#]
Insert a test data, key is [persist.kvStaTest_1735] data=[Qhi!6,pn%2#WIS2'3#0G(!/!4]
Insert a test data, key is [persist.kvStaTest_1736] data=[)mBoN//f+Bd!lP/*/"bZ#2,Bck]
Insert a test data, key is [persist.kvStaTest_1737] data=[Il3Dr"4Y4kn07'"8!!((##E8w#']
Insert a test data, key is [persist.kvStaTest_1738] data=[1,#B&"6"N8-31&+yq.U!#"r#gyr(]
Insert a test data, key is [persist.kvStaTest_1739] data=[Z6%i5A"Z'2G0Gpa0KLM0/!ou+L#e5]
Insert a test data, key is [persist.kvStaTest_1740] data=[O.K#r-V1"#zm"-6!1d"0]
Insert a test data, key is [persist.kvStaTest_1741] data=[5C'A"7k#%.ot5n6e954y!]
Insert a test data, key is [persist.kvStaTest_1742] data=[%&xpuOE*.!4*r3C./90XM+]
Insert a test data, key is [persist.kvStaTest_1743] data=["8A+%"10xI8!P%dFa625/6W]
Insert a test data, key is [persist.kvStaTest_1744] data=[doft7"p'8"aPy8n5,e%#%T2!]
Insert a test data, key is [persist.kvStaTest_1745] data=["#AFy"J+1-CG"#d0pQ%&&Pk!G]
Insert a test data, key is [persist.kvStaTest_1746] data=[y*1"""!#'l&opE##"au'"47lqm]
Insert a test data, key is [persist.kvStaTest_1747] data=[M&O6)V"j2,,x,,)"!*1!S0#ec3#]
Insert a test data, key is [persist.kvStaTest_1748] data=["z!(tA6!-Q'.!/SN3K&-W(!8d+y7]
Insert a test data, key is [persist.kvStaTest_1749] data=[5%)7lU4%Z!!064!/#4!u!!V#"*&S4]
Insert a test data, key is [persist.kvStaTest_1750] data=[c"!9&V1!&D"OC3v#9Dl6]
Insert a test data, key is [persist.kvStaTest_1751] data=[K,k##+Y"0#ok8#"-b8-68]
Insert a test data, key is [persist.kvStaTest_1752] data=[!q2#'L54!a56I("k&#J#8"]
Insert a test data, key is [persist.kvStaTest_1753] data=[S#V"Hq*H'rdQ)w!#s"8M)B,]
Insert a test data, key is [persist.kvStaTest_1754] data=[9n!"R!/QVH'6,L5/,N9wT8B-]
Insert a test data, key is [persist.kvStaTest_1755] data=["-,ZV!k!4(!C&Y7!f#%'X/#7U]
Insert a test data, key is [persist.kvStaTest_1756] data=[43a#s4#8pAA!g42bTVL87cJK!7]
Insert a test data, key is [persist.kvStaTest_1757] data=[#y9QNtP8uW#/",o(Iwqe"G&R+B5]
Insert a test data, key is [persist.kvStaTest_1758] data=[tEivkXH/yMCp1%-U'#I9#kR%L7p3]
Insert a test data, key is [persist.kvStaTest_1759] data=[#"rQweek8*MS903218Z9x%2K!r#(T]
Insert a test data, key is [persist.kvStaTest_1760] data=[,8%!1(10"9"Y2/-7"9!o]
Insert a test data, key is [persist.kvStaTest_1761] data=['Dd.m7#Ioh2hPV"!z4NPc]
Insert a test data, key is [persist.kvStaTest_1762] data=[vf2O!ucyA!/3#!B!656##M]
Insert a test data, key is [persist.kvStaTest_1763] data=[Y%NKCs28JE0Y,#A4wf5#eKx]
Insert a test data, key is [persist.kvStaTest_1764] data=['Y5L"a(d"06&'j3sw8dO/%SZ]
Insert a test data, key is [persist.kvStaTest_1765] data=[wV"#a)#7,1P(rYh2z03E#49"4]
Insert a test data, key is [persist.kvStaTest_1766] data=["*!#X!rV7H-67"(13".%2xf0t!]
Insert a test data, key is [persist.kvStaTest_1767] data=[o"0)V!!(G9u##9M#7Nz26#2*###]
Insert a test data, key is [persist.kvStaTest_1768] data=[#Ew&Dq2.&!.!/.990*(/.E/"Er("]
Insert a test data, key is [persist.kvStaTest_1769] data=[8%nW"(A)EWt9-H!4Yv"V"12#XU"h#]
Insert a test data, key is [persist.kvStaTest_1770] data=[)o##*8"0rI/J2Sy"'t48]
Insert a test data, key is [persist.kvStaTest_1771] data=['#j#L+#801bT#Qhi!6,pn]
Insert a test data, key is [persist.kvStaTest_1772] data=[%2#WIS2'3#0G(!/!4)mBoN]
Insert a test data, key is [persist.kvStaTest_1773] data=[//f+Bd!lP/*/"bZ#2,BckIl]
Insert a test data, key is [persist.kvStaTest_1774] data=[3Dr"4Y4kn07'"8!!((##E8w#]
Insert a test data, key is [persist.kvStaTest_1775] data=['1,#B&"6"N8-31&+yq.U!#"r#]
Insert a test data, key is [persist.kvStaTest_1776] data=[gyr(Z6%i5A"Z'2G0Gpa0KLM0/!]
Insert a test data, key is [persist.kvStaTest_1777] data=[ou+L#e5O.K#r-V1"#zm"-6!1d"0]
Insert a test data, key is [persist.kvStaTest_1778] data=[5C'A"7k#%.ot5n6e954y!%&xpuOE]
Insert a test data, key is [persist.kvStaTest_1779] data=[*.!4*r3C./90XM+"8A+%"10xI8!P%]
Insert a test data, key is [persist.kvStaTest_1780] data=[dFa625/6Wdoft7"p'8"a]
Insert a test data, key is [persist.kvStaTest_1781] data=[Py8n5,e%#%T2!"#AFy"J+]
Insert a test data, key is [persist.kvStaTest_1782] data=[1-CG"#d0pQ%&&Pk!Gy*1""]
Insert a test data, key is [persist.kvStaTest_1783] data=["!#'l&opE##"au'"47lqmM&]
Insert a test data, key is [persist.kvStaTest_1784] data=[O6)V"j2,,x,,)"!*1!S0#ec3]
Insert a test data, key is [persist.kvStaTest_1785] data=[#"z!(tA6!-Q'.!/SN3K&-W(!8]
Insert a test data, key is [persist.kvStaTest_1786] data=[d+y75%)7lU4%Z!!064!/#4!u!!]
Insert a test data, key is [persist.kvStaTest_1787] data=[V#"*&S4c"!9&V1!&D"OC3v#9Dl6]
Insert a test data, key is [persist.kvStaTest_1788] data=[K,k##+Y"0#ok8#"-b8-68!q2#'L5]
Insert a test data, key is [persist.kvStaTest_1789] data=[4!a56I("k&#J#8"S#V"Hq*H'rdQ)w]
Insert a test data, key is [persist.kvStaTest_1790] data=[!#s"8M)B,9n!"R!/QVH']
Insert a test data, key is [persist.kvStaTest_1791] data=[6,L5/,N9wT8B-"-,ZV!k!]
Insert a test data, key is [persist.kvStaTest_1792] data=[4(!C&Y7!f#%'X/#7U43a#s]
Insert a test data, key is [persist.kvStaTest_1793] data=[4#8pAA!g42bTVL87cJK!7#y]
Insert a test data, key is [persist.kvStaTest_1794] data=[9QNtP8uW#/",o(Iwqe"G&R+B]
Insert a test data, key is [persist.kvStaTest_1795] data=[5tEivkXH/yMCp1%-U'#I9#kR%]
Insert a test data, key is [persist.kvStaTest_1796] data=[L7p3#"rQweek8*MS903218Z9x%]
Insert a test data, key is [persist.kvStaTest_1797] data=[2K!r#(T,8%!1(10"9"Y2/-7"9!o]
Insert a test data, key is [persist.kvStaTest_1798] data=['Dd.m7#Ioh2hPV"!z4NPcvf2O!uc]
Insert a test data, key is [persist.kvStaTest_1799] data=[yA!/3#!B!656##MY%NKCs28JE0Y,#]
Insert a test data, key is [persist.kvStaTest_1800] data=[A4wf5#eKx'Y5L"a(d"06]
Insert a test data, key is [persist.kvStaTest_1801] data=[&'j3sw8dO/%SZwV"#a)#7]
Insert a test data, key is [persist.kvStaTest_1802] data=[,1P(rYh2z03E#49"4"*!#X]
Insert a test data, key is [persist.kvStaTest_1803] data=[!rV7H-67"(13".%2xf0t!o"]
Insert a test data, key is [persist.kvStaTest_1804] data=[0)V!!(G9u##9M#7Nz26#2*##]
Insert a test data, key is [persist.kvStaTest_1805] data=[##Ew&Dq2.&!.!/.990*(/.E/"]
Insert a test data, key is [persist.kvStaTest_1806] data=[Er("8%nW"(A)EWt9-H!4Yv"V"1]
Insert a test data, key is [persist.kvStaTest_1807] data=[2#XU"h#)o##*8"0rI/J2Sy"'t48]
Insert a test data, key is [persist.kvStaTest_1808] data=['#j#L+#801bT#Qhi!6,pn%2#WIS2]
Insert a test data, key is [persist.kvStaTest_1809] data=['3#0G(!/!4)mBoN//f+Bd!lP/*/"b]
Insert a test data, key is [persist.kvStaTest_1810] data=[Z#2,BckIl3Dr"4Y4kn07]
Insert a test data, key is [persist.kvStaTest_1811] data=['"8!!((##E8w#'1,#B&"6]
Insert a test data, key is [persist.kvStaTest_1812] data=["N8-31&+yq.U!#"r#gyr(Z]
Insert a test data, key is [persist.kvStaTest_1813] data=[6%i5A"Z'2G0Gpa0KLM0/!ou]
Insert a test data, key is [persist.kvStaTest_1814] data=[+L#e5O.K#r-V1"#zm"-6!1d"]
Insert a test data, key is [persist.kvStaTest_1815] data=[05C'A"7k#%.ot5n6e954y!%&x]
Insert a test data, key is [persist.kvStaTest_1816] data=[puOE*.!4*r3C./90XM+"8A+%"1]
Insert a test data, key is [persist.kvStaTest_1817] data=[0xI8!P%dFa625/6Wdoft7"p'8"a]
Insert a test data, key is [persist.kvStaTest_1818] data=[Py8n5,e%#%T2!"#AFy"J+1-CG"#d]
Insert a test data, key is [persist.kvStaTest_1819] data=[0pQ%&&Pk!Gy*1"""!#'l&opE##"au]
Insert a test data, key is [persist.kvStaTest_1820] data=['"47lqmM&O6)V"j2,,x,]
Insert a test data, key is [persist.kvStaTest_1821] data=[,)"!*1!S0#ec3#"z!(tA6]
Insert a test data, key is [persist.kvStaTest_1822] data=[!-Q'.!/SN3K&-W(!8d+y75]
Insert a test data, key is [persist.kvStaTest_1823] data=[%)7lU4%Z!!064!/#4!u!!V#]
Insert a test data, key is [persist.kvStaTest_1824] data=["*&S4c"!9&V1!&D"OC3v#9Dl]
Insert a test data, key is [persist.kvStaTest_1825] data=[6K,k##+Y"0#ok8#"-b8-68!q2]
Insert a test data, key is [persist.kvStaTest_1826] data=[#'L54!a56I("k&#J#8"S#V"Hq*]
Insert a test data, key is [persist.kvStaTest_1827] data=[H'rdQ)w!#s"8M)B,9n!"R!/QVH']
Insert a test data, key is [persist.kvStaTest_1828] data=[6,L5/,N9wT8B-"-,ZV!k!4(!C&Y7]
Insert a test data, key is [persist.kvStaTest_1829] data=[!f#%'X/#7U43a#s4#8pAA!g42bTVL]
Insert a test data, key is [persist.kvStaTest_1830] data=[87cJK!7#y9QNtP8uW#/"]
Insert a test data, key is [persist.kvStaTest_1831] data=[,o(Iwqe"G&R+B5tEivkXH]
Insert a test data, key is [persist.kvStaTest_1832] data=[/yMCp1%-U'#I9#kR%L7p3#]
Insert a test data, key is [persist.kvStaTest_1833] data=["rQweek8*MS903218Z9x%2K]
Insert a test data, key is [persist.kvStaTest_1834] data=[!r#(T,8%!1(10"9"Y2/-7"9!]
Insert a test data, key is [persist.kvStaTest_1835] data=[o'Dd.m7#Ioh2hPV"!z4NPcvf2]
Insert a test data, key is [persist.kvStaTest_1836] data=[O!ucyA!/3#!B!656##MY%NKCs2]
Insert a test data, key is [persist.kvStaTest_1837] data=[8JE0Y,#A4wf5#eKx'Y5L"a(d"06]
Insert a test data, key is [persist.kvStaTest_1838] data=[&'j3sw8dO/%SZwV"#a)#7,1P(rYh]
Insert a test data, key is [persist.kvStaTest_1839] data=[2z03E#49"4"*!#X!rV7H-67"(13".]
Insert a test data, key is [persist.kvStaTest_1840] data=[%2xf0t!o"0)V!!(G9u##]
Insert a test data, key is [persist.kvStaTest_1841] data=[9M#7Nz26#2*####Ew&Dq2]
Insert a test data, key is [persist.kvStaTest_1842] data=[.&!.!/.990*(/.E/"Er("8]
Insert a test data, key is [persist.kvStaTest_1843] data=[%nW"(A)EWt9-H!4Yv"V"12#]
Insert a test data, key is [persist.kvStaTest_1844] data=[XU"h#)o##*8"0rI/J2Sy"'t4]
Insert a test data, key is [persist.kvStaTest_1845] data=[8'#j#L+#801bT#Qhi!6,pn%2#]
Insert a test data, key is [persist.kvStaTest_1846] data=[WIS2'3#0G(!/!4)mBoN//f+Bd!]
Insert a test data, key is [persist.kvStaTest_1847] data=[lP/*/"bZ#2,BckIl3Dr"4Y4kn07]
Insert a test data, key is [persist.kvStaTest_1848] data=['"8!!((##E8w#'1,#B&"6"N8-31&]
Insert a test data, key is [persist.kvStaTest_1849] data=[+yq.U!#"r#gyr(Z6%i5A"Z'2G0Gpa]
Insert a test data, key is [persist.kvStaTest_1850] data=[0KLM0/!ou+L#e5O.K#r-]
Insert a test data, key is [persist.kvStaTest_1851] data=[V1"#zm"-6!1d"05C'A"7k]
Insert a test data, key is [persist.kvStaTest_1852] data=[#%.ot5n6e954y!%&xpuOE*]
Insert a test data, key is [persist.kvStaTest_1853] data=[.!4*r3C./90XM+"8A+%"10x]
Insert a test data, key is [persist.kvStaTest_1854] data=[I8!P%dFa625/6Wdoft7"p'8"]
Insert a test data, key is [persist.kvStaTest_1855] data=[aPy8n5,e%#%T2!"#AFy"J+1-C]
Insert a test data, key is [persist.kvStaTest_1856] data=[G"#d0pQ%&&Pk!Gy*1"""!#'l&o]
Insert a test data, key is [persist.kvStaTest_1857] data=[pE##"au'"47lqmM&O6)V"j2,,x,]
Insert a test data, key is [persist.kvStaTest_1858] data=[,)"!*1!S0#ec3#"z!(tA6!-Q'.!/]
Insert a test data, key is [persist.kvStaTest_1859] data=[SN3K&-W(!8d+y75%)7lU4%Z!!064!]
Insert a test data, key is [persist.kvStaTest_1860] data=[/#4!u!!V#"*&S4c"!9&V]
Insert a test data, key is [persist.kvStaTest_0] data=[Vi%,"QT74W%-Eg!DMjW2]
Insert a test data, key is [persist.kvStaTest_1] data=[R'1G#12'9fN4C!b%"-3P"]
Insert a test data, key is [persist.kvStaTest_2] data=[QSBaz.x+"TaQ*&'P/#Lz#D]
Insert a test data, key is [persist.kvStaTest_3] data=[i'!E1#)Qn*d7ki-""E8C71j]
Insert a test data, key is [persist.kvStaTest_4] data=[27Z5#t,V%zb"77PI7Ol6GK,(]
Insert a test data, key is [persist.kvStaTest_5] data=[X3QgI0m6v!#V8#R8-Ou9*-#0R]
Insert a test data, key is [persist.kvStaTest_6] data=[BF33!uEe!,q1*MG*tT%6Ol(Wqr]
Insert a test data, key is [persist.kvStaTest_7] data=['&n!uCj+u4&x.,7%t!9"nd.1uY#]
Insert a test data, key is [persist.kvStaTest_8] data=[HehA/n""!i##,!'N!11OD!u0)Q"!]
Insert a test data, key is [persist.kvStaTest_9] data=[A(e9!K5"4-"s0Gv%.8Es6G9"cs!#N]
Insert a test data, key is [persist.kvStaTest_10] data=[G1"xQGx#-+#!/!%Q!W,"]
Insert a test data, key is [persist.kvStaTest_11] data=[ta-!f092"wM6(5I23u6O*]
Insert a test data, key is [persist.kvStaTest_12] data=[0-+x-j933(0WKz"3k8'1#&]
Insert a test data, key is [persist.kvStaTest_13] data=[4d5!eyL+i&Tv*M3"#L#N2DU]
Insert a test data, key is [persist.kvStaTest_14] data=[f.w)!63&.!5x5gX&!M%l/"p!]
Insert a test data, key is [persist.kvStaTest_15] data=[#/"n3!!1(x(/U#9!*8.7#61!M]
Insert a test data, key is [persist.kvStaTest_16] data=[#f#!#m/c!7AP#)(543*DO0"av8]
Insert a test data, key is [persist.kvStaTest_17] data=[71"2,YDV/4M"a!("A%l#"5"44N#]
Insert a test data, key is [persist.kvStaTest_18] data=[L33.p!)355(gV6PRM#epnB3!z*+3]
Insert a test data, key is [persist.kvStaTest_19] data=["riE7L/lfe0h/8T%#J#B"VqQ-i/"*]
Insert a test data, key is [persist.kvStaTest_20] data=[UqiL4u'S!"!Xa&!"!+y+]
Insert a test data, key is [persist.kvStaTest_21] data=[#6"qH(iW19,!Vs0k6"#0p]
Insert a test data, key is [persist.kvStaTest_22] data=[!Ar/439Tt#"1*ju1823X56]
Insert a test data, key is [persist.kvStaTest_23] data=["8.dXa7M1zY%/Nv.7q.uyV#]
Insert a test data, key is [persist.kvStaTest_24] data=[!/2b/!4Yv"V"12#XU"h#)o##]
Insert a test data, key is [persist.kvStaTest_25] data=[*8"0rI/J2Sy"'t48'#j#L+#80]
Insert a test data, key is [persist.kvStaTest_26] data=[1bT#Qhi!6,pn%2#WIS2'3#0G(!]
Insert a test data, key is [persist.kvStaTest_27] data=[/!4)mBoN//f+Bd!lP/*/"bZ#2,B]
Insert a test data, key is [persist.kvStaTest_28] data=[ckIl3Dr"4Y4kn07'"8!!((##E8w#]
Insert a test data, key is [persist.kvStaTest_29] data=['1,#B&"6"N8-31&+yq.U!#"r#gyr(]
Insert a test data, key is [persist.kvStaTest_30] data=[Z6%i5A"Z'2G0Gpa0KLM0]
Insert a test data, key is [persist.kvStaTest_31] data=[/!ou+L#e5O.K#r-V1"#zm]
Insert a test data, key is [persist.kvStaTest_32] data=["-6!1d"05C'A"7k#%.ot5n]
Insert a test data, key is [persist.kvStaTest_33] data=[6e954y!%&xpuOE*.!4*r3C.]
Insert a test data, key is [persist.kvStaTest_34] data=[/90XM+"8A+%"10xI8!P%dFa6]
Insert a test data, key is [persist.kvStaTest_35] data=[25/6Wdoft7"p'8"aPy8n5,e%#]
Insert a test data, key is [persist.kvStaTest_36] data=[%T2!"#AFy"J+1-CG"#d0pQ%&&P]
Insert a test data, key is [persist.kvStaTest_37] data=[k!Gy*1"""!#'l&opE##"au'"47l]
Insert a test data, key is [persist.kvStaTest_38] data=[qmM&O6)V"j2,,x,,)"!*1!S0#ec3]
Insert a test data, key is [persist.kvStaTest_39] data=[#"z!(tA6!-Q'.!/SN3K&-W(!8d+y7]
Insert a test data, key is [persist.kvStaTest_40] data=[5%)7lU4%Z!!064!/#4!u]
Insert a test data, key is [persist.kvStaTest_41] data=[!!V#"*&S4c"!9&V1!&D"O]
Insert a test data, key is [persist.kvStaTest_42] data=[C3v#9Dl6K,k##+Y"0#ok8#]
Insert a test data, key is [persist.kvStaTest_43] data=["-b8-68!q2#'L54!a56I("k]
Insert a test data, key is [persist.kvStaTest_44] data=[&#J#8"S#V"Hq*H'rdQ)w!#s"]
Insert a test data, key is [persist.kvStaTest_45] data=[8M)B,9n!"R!/QVH'6,L5/,N9w]
Insert a test data, key is [persist.kvStaTest_46] data=[T8B-"-,ZV!k!4(!C&Y7!f#%'X/]
Insert a test data, key is [persist.kvStaTest_47] data=[#7U43a#s4#8pAA!g42bTVL87cJK]
Insert a test data, key is [persist.kvStaTest_48] data=[!7#y9QNtP8uW#/",o(Iwqe"G&R+B]
Insert a test data, key is [persist.kvStaTest_49] data=[5tEivkXH/yMCp1%-U'#I9#kR%L7p3]
Insert a test data, key is [persist.kvStaTest_50] data=[#"rQweek8*MS903218Z9]
Insert a test data, key is [persist.kvStaTest_51] data=[x%2K!r#(T,8%!1(10"9"Y]
Insert a test data, key is [persist.kvStaTest_52] data=[2/-7"9!o'Dd.m7#Ioh2hPV]
Insert a test data, key is [persist.kvStaTest_53] data=["!z4NPcvf2O!ucyA!/3#!B!]
Insert a test data, key is [persist.kvStaTest_54] data=[656##MY%NKCs28JE0Y,#A4wf]
Insert a test data, key is [persist.kvStaTest_55] data=[5#eKx'Y5L"a(d"06&'j3sw8dO]
Insert a test data, key is [persist.kvStaTest_56] data=[/%SZwV"#a)#7,1P(rYh2z03E#4]
Insert a test data, key is [persist.kvStaTest_57] data=[9"4"*!#X!rV7H-67"(13".%2xf0]
Insert a test data, key is [persist.kvStaTest_58] data=[t!o"0)V!!(G9u##9M#7Nz26#2*##]
Insert a test data, key is [persist.kvStaTest_59] data=[##Ew&Dq2.&!.!/.990*(/.E/"Er("]
Insert a test data, key is [persist.kvStaTest_60] data=[8%nW"(A)EWt9-H!4Yv"V]
Insert a test data, key is [persist.kvStaTest_61] data=["12#XU"h#)o##*8"0rI/J]
Insert a test data, key is [persist.kvStaTest_62] data=[2Sy"'t48'#j#L+#801bT#Q]
Insert a test data, key is [persist.kvStaTest_63] data=[hi!6,pn%2#WIS2'3#0G(!/!]
Insert a test data, key is [persist.kvStaTest_64] data=[4)mBoN//f+Bd!lP/*/"bZ#2,]
Insert a test data, key is [persist.kvStaTest_65] data=[BckIl3Dr"4Y4kn07'"8!!((##]
Insert a test data, key is [persist.kvStaTest_66] data=[E8w#'1,#B&"6"N8-31&+yq.U!#]
Insert a test data, key is [persist.kvStaTest_67] data=["r#gyr(Z6%i5A"Z'2G0Gpa0KLM0]
Insert a test data, key is [persist.kvStaTest_68] data=[/!ou+L#e5O.K#r-V1"#zm"-6!1d"]
Insert a test data, key is [persist.kvStaTest_69] data=[05C'A"7k#%.ot5n6e954y!%&xpuOE]
Insert a test data, key is [persist.kvStaTest_70] data=[*.!4*r3C./90XM+"8A+%]
Insert a test data, key is [persist.kvStaTest_71] data=["10xI8!P%dFa625/6Wdof]
Insert a test data, key is [persist.kvStaTest_72] data=[t7"p'8"aPy8n5,e%#%T2!"]
Insert a test data, key is [persist.kvStaTest_73] data=[#AFy"J+1-CG"#d0pQ%&&Pk!]
Insert a test data, key is [persist.kvStaTest_74] data=[Gy*1"""!#'l&opE##"au'"47]
Insert a test data, key is [persist.kvStaTest_75] data=[lqmM&O6)V"j2,,x,,)"!*1!S0]
Insert a test data, key is [persist.kvStaTest_76] data=[#ec3#"z!(tA6!-Q'.!/SN3K&-W]
Insert a test data, key is [persist.kvStaTest_77] data=[(!8d+y75%)7lU4%Z!!064!/#4!u]
Insert a test data, key is [persist.kvStaTest_78] data=[!!V#"*&S4c"!9&V1!&D"OC3v#9Dl]
Insert a test data, key is [persist.kvStaTest_79] data=[6K,k##+Y"0#ok8#"-b8-68!q2#'L5]
Insert a test data, key is [persist.kvStaTest_80] data=[4!a56I("k&#J#8"S#V"H]
Insert a test data, key is [persist.kvStaTest_81] data=[q*H'rdQ)w!#s"8M)B,9n!]
Insert a test data, key is [persist.kvStaTest_82] data=["R!/QVH'6,L5/,N9wT8B-"]
Insert a test data, key is [persist.kvStaTest_83] data=[-,ZV!k!4(!C&Y7!f#%'X/#7]
Insert a test data, key is [persist.kvStaTest_84] data=[U43a#s4#8pAA!g42bTVL87cJ]
Insert a test data, key is [persist.kvStaTest_85] data=[K!7#y9QNtP8uW#/",o(Iwqe"G]
Insert a test data, key is [persist.kvStaTest_86] data=[&R+B5tEivkXH/yMCp1%-U'#I9#]
Insert a test data, key is [persist.kvStaTest_87] data=[kR%L7p3#"rQweek8*MS903218Z9]
Insert a test data, key is [persist.kvStaTest_88] data=[x%2K!r#(T,8%!1(10"9"Y2/-7"9!]
Insert a test data, key is [persist.kvStaTest_89] data=[o'Dd.m7#Ioh2hPV"!z4NPcvf2O!uc]
Insert a test data, key is [persist.kvStaTest_90] data=[yA!/3#!B!656##MY%NKC]
Insert a test data, key is [persist.kvStaTest_91] data=[s28JE0Y,#A4wf5#eKx'Y5]
Insert a test data, key is [persist.kvStaTest_92] data=[L"a(d"06&'j3sw8dO/%SZw]
Insert a test data, key is [persist.kvStaTest_93] data=[V"#a)#7,1P(rYh2z03E#49"]
Insert a test data, key is [persist.kvStaTest_94] data=[4"*!#X!rV7H-67"(13".%2xf]
Insert a test data, key is [persist.kvStaTest_95] data=[0t!o"0)V!!(G9u##9M#7Nz26#]
Insert a test data, key is [persist.kvStaTest_96] data=[2*####Ew&Dq2.&!.!/.990*(/.]
Insert a test data, key is [persist.kvStaTest_97] data=[E/"Er("8%nW"(A)EWt9-H!4Yv"V]
Insert a test data, key is [persist.kvStaTest_98] data=["12#XU"h#)o##*8"0rI/J2Sy"'t4]
Insert a test data, key is [persist.kvStaTest_99] data=[8'#j#L+#801bT#Qhi!6,pn%2#WIS2]
Insert a test data, key is [persist.kvStaTest_100] data=['3#0G(!/!4)mBoN//f+B]
Insert a test data, key is [persist.kvStaTest_101] data=[d!lP/*/"bZ#2,BckIl3Dr]
Insert a test data, key is [persist.kvStaTest_102] data=["4Y4kn07'"8!!((##E8w#']
Insert a test data, key is [persist.kvStaTest_103] data=[1,#B&"6"N8-31&+yq.U!#"r]
Insert a test data, key is [persist.kvStaTest_104] data=[#gyr(Z6%i5A"Z'2G0Gpa0KLM]
Insert a test data, key is [persist.kvStaTest_105] data=[0/!ou+L#e5O.K#r-V1"#zm"-6]
Insert a test data, key is [persist.kvStaTest_106] data=[!1d"05C'A"7k#%.ot5n6e954y!]
Insert a test data, key is [persist.kvStaTest_107] data=[%&xpuOE*.!4*r3C./90XM+"8A+%]
Insert a test data, key is [persist.kvStaTest_108] data=["10xI8!P%dFa625/6Wdoft7"p'8"]
Insert a test data, key is [persist.kvStaTest_109] data=[aPy8n5,e%#%T2!"#AFy"J+1-CG"#d]
Insert a test data, key is [persist.kvStaTest_110] data=[0pQ%&&Pk!Gy*1"""!#'l]
Insert a test data, key is [persist.kvStaTest_111] data=[&opE##"au'"47lqmM&O6)]
Insert a test data, key is [persist.kvStaTest_112] data=[V"j2,,x,,)"!*1!S0#ec3#]
Insert a test data, key is [persist.kvStaTest_113] data=["z!(tA6!-Q'.!/SN3K&-W(!]
Insert a test data, key is [persist.kvStaTest_114] data=[8d+y75%)7lU4%Z!!064!/#4!]
Insert a test data, key is [persist.kvStaTest_115] data=[u!!V#"*&S4c"!9&V1!&D"OC3v]
Insert a test data, key is [persist.kvStaTest_116] data=[#9Dl6K,k##+Y"0#ok8#"-b8-68]
Insert a test data, key is [persist.kvStaTest_117] data=[!q2#'L54!a56I("k&#J#8"S#V"H]
Insert a test data, key is [persist.kvStaTest_118] data=[q*H'rdQ)w!#s"8M)B,9n!"R!/QVH]
Insert a test data, key is [persist.kvStaTest_119] data=['6,L5/,N9wT8B-"-,ZV!k!4(!C&Y7]
Insert a test data, key is [persist.kvStaTest_120] data=[!f#%'X/#7U43a#s4#8pA]
Insert a test data, key is [persist.kvStaTest_121] data=[A!g42bTVL87cJK!7#y9QN]
Insert a test data, key is [persist.kvStaTest_122] data=[tP8uW#/",o(Iwqe"G&R+B5]
Insert a test data, key is [persist.kvStaTest_123] data=[tEivkXH/yMCp1%-U'#I9#kR]
Insert a test data, key is [persist.kvStaTest_124] data=[%L7p3#"rQweek8*MS903218Z]
Insert a test data, key is [persist.kvStaTest_125] data=[9x%2K!r#(T,8%!1(10"9"Y2/-]
Insert a test data, key is [persist.kvStaTest_126] data=[7"9!o'Dd.m7#Ioh2hPV"!z4NPc]
Insert a test data, key is [persist.kvStaTest_127] data=[vf2O!ucyA!/3#!B!656##MY%NKC]
Insert a test data, key is [persist.kvStaTest_128] data=[s28JE0Y,#A4wf5#eKx'Y5L"a(d"0]
Insert a test data, key is [persist.kvStaTest_129] data=[6&'j3sw8dO/%SZwV"#a)#7,1P(rYh]
Insert a test data, key is [persist.kvStaTest_130] data=[2z03E#49"4"*!#X!rV7H]
Insert a test data, key is [persist.kvStaTest_131] data=[-67"(13".%2xf0t!o"0)V]
Insert a test data, key is [persist.kvStaTest_132] data=[!!(G9u##9M#7Nz26#2*###]
Insert a test data, key is [persist.kvStaTest_133] data=[#Ew&Dq2.&!.!/.990*(/.E/]
Insert a test data, key is [persist.kvStaTest_134] data=["Er("8%nW"(A)EWt9-H!4Yv"]
Insert a test data, key is [persist.kvStaTest_135] data=[V"12#XU"h#)o##*8"0rI/J2Sy]
Insert a test data, key is [persist.kvStaTest_136] data=["'t48'#j#L+#801bT#Qhi!6,pn]
Insert a test data, key is [persist.kvStaTest_137] data=[%2#WIS2'3#0G(!/!4)mBoN//f+B]
Insert a test data, key is [persist.kvStaTest_138] data=[d!lP/*/"bZ#2,BckIl3Dr"4Y4kn0]
Insert a test data, key is [persist.kvStaTest_139] data=[7'"8!!((##E8w#'1,#B&"6"N8-31&]
Insert a test data, key is [persist.kvStaTest_140] data=[+yq.U!#"r#gyr(Z6%i5A]
Insert a test data, key is [persist.kvStaTest_141] data=["Z'2G0Gpa0KLM0/!ou+L#]
Insert a test data, key is [persist.kvStaTest_142] data=[e5O.K#r-V1"#zm"-6!1d"0]
Insert a test data, key is [persist.kvStaTest_143] data=[5C'A"7k#%.ot5n6e954y!%&]
Insert a test data, key is [persist.kvStaTest_144] data=[xpuOE*.!4*r3C./90XM+"8A+]
Insert a test data, key is [persist.kvStaTest_145] data=[%"10xI8!P%dFa625/6Wdoft7"]
Insert a test data, key is [persist.kvStaTest_146] data=[p'8"aPy8n5,e%#%T2!"#AFy"J+]
Insert a test data, key is [persist.kvStaTest_147] data=[1-CG"#d0pQ%&&Pk!Gy*1"""!#'l]
Insert a test data, key is [persist.kvStaTest_148] data=[&opE##"au'"47lqmM&O6)V"j2,,x]
Insert a test data, key is [persist.kvStaTest_149] data=[,,)"!*1!S0#ec3#"z!(tA6!-Q'.!/]
Insert a test data, key is [persist.kvStaTest_150] data=[SN3K&-W(!8d+y75%)7lU]
Insert a test data, key is [persist.kvStaTest_151] data=[4%Z!!064!/#4!u!!V#"*&]
Insert a test data, key is [persist.kvStaTest_152] data=[S4c"!9&V1!&D"OC3v#9Dl6]
Insert a test data, key is [persist.kvStaTest_153] data=[K,k##+Y"0#ok8#"-b8-68!q]
Insert a test data, key is [persist.kvStaTest_154] data=[2#'L54!a56I("k&#J#8"S#V"]
Insert a test data, key is [persist.kvStaTest_155] data=[Hq*H'rdQ)w!#s"8M)B,9n!"R!]
Insert a test data, key is [persist.kvStaTest_156] data=[/QVH'6,L5/,N9wT8B-"-,ZV!k!]
Insert a test data, key is [persist.kvStaTest_157] data=[4(!C&Y7!f#%'X/#7U43a#s4#8pA]
Insert a test data, key is [persist.kvStaTest_158] data=[A!g42bTVL87cJK!7#y9QNtP8uW#/]
Insert a test data, key is [persist.kvStaTest_159] data=[",o(Iwqe"G&R+B5tEivkXH/yMCp1%]
Insert a test data, key is [persist.kvStaTest_160] data=[-U'#I9#kR%L7p3#"rQwe]
Insert a test data, key is [persist.kvStaTest_161] data=[ek8*MS903218Z9x%2K!r#]
Insert a test data, key is [persist.kvStaTest_162] data=[(T,8%!1(10"9"Y2/-7"9!o]
Insert a test data, key is [persist.kvStaTest_163] data=['Dd.m7#Ioh2hPV"!z4NPcvf]
Insert a test data, key is [persist.kvStaTest_164] data=[2O!ucyA!/3#!B!656##MY%NK]
Insert a test data, key is [persist.kvStaTest_165] data=[Cs28JE0Y,#A4wf5#eKx'Y5L"a]
Insert a test data, key is [persist.kvStaTest_166] data=[(d"06&'j3sw8dO/%SZwV"#a)#7]
Insert a test data, key is [persist.kvStaTest_167] data=[,1P(rYh2z03E#49"4"*!#X!rV7H]
Insert a test data, key is [persist.kvStaTest_168] data=[-67"(13".%2xf0t!o"0)V!!(G9u#]
Insert a test data, key is [persist.kvStaTest_169] data=[#9M#7Nz26#2*####Ew&Dq2.&!.!/.]
Insert a test data, key is [persist.kvStaTest_170] data=[990*(/.E/"Er("8%nW"(]
Insert a test data, key is [persist.kvStaTest_171] data=[A)EWt9-H!4Yv"V"12#XU"]
Insert a test data, key is [persist.kvStaTest_172] data=[h#)o##*8"0rI/J2Sy"'t48]
Insert a test data, key is [persist.kvStaTest_173] data=['#j#L+#801bT#Qhi!6,pn%2]
Insert a test data, key is [persist.kvStaTest_174] data=[#WIS2'3#0G(!/!4)mBoN//f+]
Insert a test data, key is [persist.kvStaTest_175] data=[Bd!lP/*/"bZ#2,BckIl3Dr"4Y]
Insert a test data, key is [persist.kvStaTest_176] data=[4kn07'"8!!((##E8w#'1,#B&"6]
Insert a test data, key is [persist.kvStaTest_177] data=["N8-31&+yq.U!#"r#gyr(Z6%i5A]
Insert a test data, key is [persist.kvStaTest_178] data=["Z'2G0Gpa0KLM0/!ou+L#e5O.K#r]
Insert a test data, key is [persist.kvStaTest_179] data=[-V1"#zm"-6!1d"05C'A"7k#%.ot5n]
Insert a test data, key is [persist.kvStaTest_180] data=[6e954y!%&xpuOE*.!4*r]
Insert a test data, key is [persist.kvStaTest_181] data=[3C./90XM+"8A+%"10xI8!]
Insert a test data, key is [persist.kvStaTest_182] data=[P%dFa625/6Wdoft7"p'8"a]
Insert a test data, key is [persist.kvStaTest_183] data=[Py8n5,e%#%T2!"#AFy"J+1-]
Insert a test data, key is [persist.kvStaTest_184] data=[CG"#d0pQ%&&Pk!Gy*1"""!#']
Insert a test data, key is [persist.kvStaTest_185] data=[l&opE##"au'"47lqmM&O6)V"j]
Insert a test data, key is [persist.kvStaTest_186] data=[2,,x,,)"!*1!S0#ec3#"z!(tA6]
Insert a test data, key is [persist.kvStaTest_187] data=[!-Q'.!/SN3K&-W(!8d+y75%)7lU]
Insert a test data, key is [persist.kvStaTest_188] data=[4%Z!!064!/#4!u!!V#"*&S4c"!9&]
Insert a test data, key is [persist.kvStaTest_189] data=[V1!&D"OC3v#9Dl6K,k##+Y"0#ok8#]
Insert a test data, key is [persist.kvStaTest_190] data=["-b8-68!q2#'L54!a56I]
Insert a test data, key is [persist.kvStaTest_191] data=[("k&#J#8"S#V"Hq*H'rdQ]
Insert a test data, key is [persist.kvStaTest_192] data=[)w!#s"8M)B,9n!"R!/QVH']
Insert a test data, key is [persist.kvStaTest_193] data=[6,L5/,N9wT8B-"-,ZV!k!4(]
Insert a test data, key is [persist.kvStaTest_194] data=[!C&Y7!f#%'X/#7U43a#s4#8p]
Insert a test data, key is [persist.kvStaTest_195] data=[AA!g42bTVL87cJK!7#y9QNtP8]
Insert a test data, key is [persist.kvStaTest_196] data=[uW#/",o(Iwqe"G&R+B5tEivkXH]
Insert a test data, key is [persist.kvStaTest_197] data=[/yMCp1%-U'#I9#kR%L7p3#"rQwe]
Insert a test data, key is [persist.kvStaTest_198] data=[ek8*MS903218Z9x%2K!r#(T,8%!1]
Insert a test data, key is [persist.kvStaTest_199] data=[(10"9"Y2/-7"9!o'Dd.m7#Ioh2hPV]
Insert a test data, key is [persist.kvStaTest_200] data=["!z4NPcvf2O!ucyA!/3#]
Insert a test data, key is [persist.kvStaTest_201] data=[!B!656##MY%NKCs28JE0Y]
Insert a test data, key is [persist.kvStaTest_202] data=[,#A4wf5#eKx'Y5L"a(d"06]
Insert a test data, key is [persist.kvStaTest_203] data=[&'j3sw8dO/%SZwV"#a)#7,1]
Insert a test data, key is [persist.kvStaTest_204] data=[P(rYh2z03E#49"4"*!#X!rV7]
Insert a test data, key is [persist.kvStaTest_205] data=[H-67"(13".%2xf0t!o"0)V!!(]
Insert a test data, key is [persist.kvStaTest_206] data=[G9u##9M#7Nz26#2*####Ew&Dq2]
Insert a test data, key is [persist.kvStaTest_207] data=[.&!.!/.990*(/.E/"Er("8%nW"(]
Insert a test data, key is [persist.kvStaTest_208] data=[A)EWt9-H!4Yv"V"12#XU"h#)o##*]
Insert a test data, key is [persist.kvStaTest_209] data=[8"0rI/J2Sy"'t48'#j#L+#801bT#Q]
Insert a test data, key is [persist.kvStaTest_210] data=[hi!6,pn%2#WIS2'3#0G(]
Insert a test data, key is [persist.kvStaTest_211] data=[!/!4)mBoN//f+Bd!lP/*/]
Insert a test data, key is [persist.kvStaTest_212] data=["bZ#2,BckIl3Dr"4Y4kn07]
Insert a test data, key is [persist.kvStaTest_213] data=['"8!!((##E8w#'1,#B&"6"N]
Insert a test data, key is [persist.kvStaTest_214] data=[8-31&+yq.U!#"r#gyr(Z6%i5]
Insert a test data, key is [persist.kvStaTest_215] data=[A"Z'2G0Gpa0KLM0/!ou+L#e5O]
Insert a test data, key is [persist.kvStaTest_216] data=[.K#r-V1"#zm"-6!1d"05C'A"7k]
Insert a test data, key is [persist.kvStaTest_217] data=[#%.ot5n6e954y!%&xpuOE*.!4*r]
Insert a test data, key is [persist.kvStaTest_218] data=[3C./90XM+"8A+%"10xI8!P%dFa62]
Insert a test data, key is [persist.kvStaTest_219] data=[5/6Wdoft7"p'8"aPy8n5,e%#%T2!"]
Insert a test data, key is [persist.kvStaTest_220] data=[#AFy"J+1-CG"#d0pQ%&&]
Insert a test data, key is [persist.kvStaTest_221] data=[Pk!Gy*1"""!#'l&opE##"]
Insert a test data, key is [persist.kvStaTest_222] data=[au'"47lqmM&O6)V"j2,,x,]
Insert a test data, key is [persist.kvStaTest_223] data=[,)"!*1!S0#ec3#"z!(tA6!-]
Insert a test data, key is [persist.kvStaTest_224] data=[Q'.!/SN3K&-W(!8d+y75%)7l]
Insert a test data, key is [persist.kvStaTest_225] data=[U4%Z!!064!/#4!u!!V#"*&S4c]
Insert a test data, key is [persist.kvStaTest_226] data=["!9&V1!&D"OC3v#9Dl6K,k##+Y]
Insert a test data, key is [persist.kvStaTest_227] data=["0#ok8#"-b8-68!q2#'L54!a56I]
Insert a test data, key is [persist.kvStaTest_228] data=[("k&#J#8"S#V"Hq*H'rdQ)w!#s"8]
Insert a test data, key is [persist.kvStaTest_229] data=[M)B,9n!"R!/QVH'6,L5/,N9wT8B-"]
Insert a test data, key is [persist.kvStaTest_230] data=[-,ZV!k!4(!C&Y7!f#%'X]
Insert a test data, key is [persist.kvStaTest_231] data=[/#7U43a#s4#8pAA!g42bT]
Insert a test data, key is [persist.kvStaTest_232] data=[VL87cJK!7#y9QNtP8uW#/"]
Insert a test data, key is [persist.kvStaTest_233] data=[,o(Iwqe"G&R+B5tEivkXH/y]
Insert a test data, key is [persist.kvStaTest_234] data=[MCp1%-U'#I9#kR%L7p3#"rQw]
Insert a test data, key is [persist.kvStaTest_235] data=[eek8*MS903218Z9x%2K!r#(T,]
Insert a test data, key is [persist.kvStaTest_236] data=[8%!1(10"9"Y2/-7"9!o'Dd.m7#]
Insert a test data, key is [persist.kvStaTest_237] data=[Ioh2hPV"!z4NPcvf2O!ucyA!/3#]
Insert a test data, key is [persist.kvStaTest_238] data=[!B!656##MY%NKCs28JE0Y,#A4wf5]
Insert a test data, key is [persist.kvStaTest_239] data=[#eKx'Y5L"a(d"06&'j3sw8dO/%SZw]
Insert a test data, key is [persist.kvStaTest_240] data=[V"#a)#7,1P(rYh2z03E#]
Insert a test data, key is [persist.kvStaTest_241] data=[49"4"*!#X!rV7H-67"(13]
Insert a test data, key is [persist.kvStaTest_242] data=[".%2xf0t!o"0)V!!(G9u##]
Insert a test data, key is [persist.kvStaTest_243] data=[9M#7Nz26#2*####Ew&Dq2.&]
Insert a test data, key is [persist.kvStaTest_244] data=[!.!/.990*(/.E/"Er("8%nW"]
Insert a test data, key is [persist.kvStaTest_245] data=[(A)EWt9-H!4Yv"V"12#XU"h#)]
Insert a test data, key is [persist.kvStaTest_246] data=[o##*8"0rI/J2Sy"'t48'#j#L+#]
Insert a test data, key is [persist.kvStaTest_247] data=[801bT#Qhi!6,pn%2#WIS2'3#0G(]
Insert a test data, key is [persist.kvStaTest_248] data=[!/!4)mBoN//f+Bd!lP/*/"bZ#2,B]
Insert a test data, key is [persist.kvStaTest_249] data=[ckIl3Dr"4Y4kn07'"8!!((##E8w#']
Insert a test data, key is [persist.kvStaTest_250] data=[1,#B&"6"N8-31&+yq.U!]
Insert a test data, key is [persist.kvStaTest_251] data=[#"r#gyr(Z6%i5A"Z'2G0G]
Insert a test data, key is [persist.kvStaTest_252] data=[pa0KLM0/!ou+L#e5O.K#r-]
Insert a test data, key is [persist.kvStaTest_253] data=[V1"#zm"-6!1d"05C'A"7k#%]
Insert a test data, key is [persist.kvStaTest_254] data=[.ot5n6e954y!%&xpuOE*.!4*]
Insert a test data, key is [persist.kvStaTest_255] data=[r3C./90XM+"8A+%"10xI8!P%d]
Insert a test data, key is [persist.kvStaTest_256] data=[Fa625/6Wdoft7"p'8"aPy8n5,e]
Insert a test data, key is [persist.kvStaTest_257] data=[%#%T2!"#AFy"J+1-CG"#d0pQ%&&]
Insert a test data, key is [persist.kvStaTest_258] data=[Pk!Gy*1"""!#'l&opE##"au'"47l]
Insert a test data, key is [persist.kvStaTest_259] data=[qmM&O6)V"j2,,x,,)"!*1!S0#ec3#]
Insert a test data, key is [persist.kvStaTest_260] data=["z!(tA6!-Q'.!/SN3K&-]
Insert a test data, key is [persist.kvStaTest_261] data=[W(!8d+y75%)7lU4%Z!!06]
Insert a test data, key is [persist.kvStaTest_262] data=[4!/#4!u!!V#"*&S4c"!9&V]
Insert a test data, key is [persist.kvStaTest_263] data=[1!&D"OC3v#9Dl6K,k##+Y"0]
Insert a test data, key is [persist.kvStaTest_264] data=[#ok8#"-b8-68!q2#'L54!a56]
Insert a test data, key is [persist.kvStaTest_265] data=[I("k&#J#8"S#V"Hq*H'rdQ)w!]
Insert a test data, key is [persist.kvStaTest_266] data=[#s"8M)B,9n!"R!/QVH'6,L5/,N]
Insert a test data, key is [persist.kvStaTest_267] data=[9wT8B-"-,ZV!k!4(!C&Y7!f#%'X]
Insert a test data, key is [persist.kvStaTest_268] data=[/#7U43a#s4#8pAA!g42bTVL87cJK]
Insert a test data, key is [persist.kvStaTest_269] data=[!7#y9QNtP8uW#/",o(Iwqe"G&R+B5]
Insert a test data, key is [persist.kvStaTest_270] data=[tEivkXH/yMCp1%-U'#I9]
Insert a test data, key is [persist.kvStaTest_271] data=[#kR%L7p3#"rQweek8*MS9]
Insert a test data, key is [persist.kvStaTest_272] data=[03218Z9x%2K!r#(T,8%!1(]
Insert a test data, key is [persist.kvStaTest_273] data=[10"9"Y2/-7"9!o'Dd.m7#Io]
Insert a test data, key is [persist.kvStaTest_274] data=[h2hPV"!z4NPcvf2O!ucyA!/3]
Insert a test data, key is [persist.kvStaTest_275] data=[#!B!656##MY%NKCs28JE0Y,#A]
Insert a test data, key is [persist.kvStaTest_276] data=[4wf5#eKx'Y5L"a(d"06&'j3sw8]
Insert a test data, key is [persist.kvStaTest_277] data=[dO/%SZwV"#a)#7,1P(rYh2z03E#]
Insert a test data, key is [persist.kvStaTest_278] data=[49"4"*!#X!rV7H-67"(13".%2xf0]
Insert a test data, key is [persist.kvStaTest_279] data=[t!o"0)V!!(G9u##9M#7Nz26#2*###]
Insert a test data, key is [persist.kvStaTest_280] data=[#Ew&Dq2.&!.!/.990*(/]
Insert a test data, key is [persist.kvStaTest_281] data=[.E/"Er("8%nW"(A)EWt9-]
Insert a test data, key is [persist.kvStaTest_282] data=[H!4Yv"V"12#XU"h#)o##*8]
Insert a test data, key is [persist.kvStaTest_283] data=["0rI/J2Sy"'t48'#j#L+#80]
Insert a test data, key is [persist.kvStaTest_284] data=[1bT#Qhi!6,pn%2#WIS2'3#0G]
Insert a test data, key is [persist.kvStaTest_285] data=[(!/!4)mBoN//f+Bd!lP/*/"bZ]
Insert a test data, key is [persist.kvStaTest_286] data=[#2,BckIl3Dr"4Y4kn07'"8!!((]
Insert a test data, key is [persist.kvStaTest_287] data=[##E8w#'1,#B&"6"N8-31&+yq.U!]
Insert a test data, key is [persist.kvStaTest_288] data=[#"r#gyr(Z6%i5A"Z'2G0Gpa0KLM0]
Insert a test data, key is [persist.kvStaTest_289] data=[/!ou+L#e5O.K#r-V1"#zm"-6!1d"0]
Insert a test data, key is [persist.kvStaTest_290] data=[5C'A"7k#%.ot5n6e954y]
Insert a test data, key is [persist.kvStaTest_291] data=[!%&xpuOE*.!4*r3C./90X]
Insert a test data, key is [persist.kvStaTest_292] data=[M+"8A+%"10xI8!P%dFa625]
Insert a test data, key is [persist.kvStaTest_293] data=[/6Wdoft7"p'8"aPy8n5,e%#]
Insert a test data, key is [persist.kvStaTest_294] data=[%T2!"#AFy"J+1-CG"#d0pQ%&]
Insert a test data, key is [persist.kvStaTest_295] data=[&Pk!Gy*1"""!#'l&opE##"au']
Insert a test data, key is [persist.kvStaTest_296] data=["47lqmM&O6)V"j2,,x,,)"!*1!]
Insert a test data, key is [persist.kvStaTest_297] data=[S0#ec3#"z!(tA6!-Q'.!/SN3K&-]
Insert a test data, key is [persist.kvStaTest_298] data=[W(!8d+y75%)7lU4%Z!!064!/#4!u]
Insert a test data, key is [persist.kvStaTest_299] data=[!!V#"*&S4c"!9&V1!&D"OC3v#9Dl6]
Insert a test data, key is [persist.kvStaTest_300] data=[K,k##+Y"0#ok8#"-b8-6]
Insert a test data, key is [persist.kvStaTest_301] data=[8!q2#'L54!a56I("k&#J#]
Insert a test data, key is [persist.kvStaTest_302] data=[8"S#V"Hq*H'rdQ)w!#s"8M]
Insert a test data, key is [persist.kvStaTest_303] data=[)B,9n!"R!/QVH'6,L5/,N9w]
Insert a test data, key is [persist.kvStaTest_304] data=[T8B-"-,ZV!k!4(!C&Y7!f#%']
Insert a test data, key is [persist.kvStaTest_305] data=[X/#7U43a#s4#8pAA!g42bTVL8]
Insert a test data, key is [persist.kvStaTest_306] data=[7cJK!7#y9QNtP8uW#/",o(Iwqe]
Insert a test data, key is [persist.kvStaTest_307] data=["G&R+B5tEivkXH/yMCp1%-U'#I9]
Insert a test data, key is [persist.kvStaTest_308] data=[#kR%L7p3#"rQweek8*MS903218Z9]
Insert a test data, key is [persist.kvStaTest_309] data=[x%2K!r#(T,8%!1(10"9"Y2/-7"9!o]
Insert a test data, key is [persist.kvStaTest_310] data=['Dd.m7#Ioh2hPV"!z4NP]
Insert a test data, key is [persist.kvStaTest_311] data=[cvf2O!ucyA!/3#!B!656#]
Insert a test data, key is [persist.kvStaTest_312] data=[#MY%NKCs28JE0Y,#A4wf5#]
Insert a test data, key is [persist.kvStaTest_313] data=[eKx'Y5L"a(d"06&'j3sw8dO]
Insert a test data, key is [persist.kvStaTest_314] data=[/%SZwV"#a)#7,1P(rYh2z03E]
Insert a test data, key is [persist.kvStaTest_315] data=[#49"4"*!#X!rV7H-67"(13".%]
Insert a test data, key is [persist.kvStaTest_316] data=[2xf0t!o"0)V!!(G9u##9M#7Nz2]
Insert a test data, key is [persist.kvStaTest_317] data=[6#2*####Ew&Dq2.&!.!/.990*(/]
Insert a test data, key is [persist.kvStaTest_318] data=[.E/"Er("8%nW"(A)EWt9-H!4Yv"V]
Insert a test data, key is [persist.kvStaTest_319] data=["12#XU"h#)o##*8"0rI/J2Sy"'t48]
Insert a test data, key is [persist.kvStaTest_320] data=['#j#L+#801bT#Qhi!6,p]
Insert a test data, key is [persist.kvStaTest_321] data=[n%2#WIS2'3#0G(!/!4)mB]
Insert a test data, key is [persist.kvStaTest_322] data=[oN//f+Bd!lP/*/"bZ#2,Bc]
Insert a test data, key is [persist.kvStaTest_323] data=[kIl3Dr"4Y4kn07'"8!!((##]
Insert a test data, key is [persist.kvStaTest_324] data=[E8w#'1,#B&"6"N8-31&+yq.U]
Insert a test data, key is [persist.kvStaTest_325] data=[!#"r#gyr(Z6%i5A"Z'2G0Gpa0]
Insert a test data, key is [persist.kvStaTest_326] data=[KLM0/!ou+L#e5O.K#r-V1"#zm"]
Insert a test data, key is [persist.kvStaTest_327] data=[-6!1d"05C'A"7k#%.ot5n6e954y]
Insert a test data, key is [persist.kvStaTest_328] data=[!%&xpuOE*.!4*r3C./90XM+"8A+%]
Insert a test data, key is [persist.kvStaTest_329] data=["10xI8!P%dFa625/6Wdoft7"p'8"a]
Insert a test data, key is [persist.kvStaTest_330] data=[Py8n5,e%#%T2!"#AFy"J]
Insert a test data, key is [persist.kvStaTest_331] data=[+1-CG"#d0pQ%&&Pk!Gy*1]
Insert a test data, key is [persist.kvStaTest_332] data=["""!#'l&opE##"au'"47lq]
Insert a test data, key is [persist.kvStaTest_333] data=[mM&O6)V"j2,,x,,)"!*1!S0]
Insert a test data, key is [persist.kvStaTest_334] data=[#ec3#"z!(tA6!-Q'.!/SN3K&]
Insert a test data, key is [persist.kvStaTest_335] data=[-W(!8d+y75%)7lU4%Z!!064!/]
Insert a test data, key is [persist.kvStaTest_336] data=[#4!u!!V#"*&S4c"!9&V1!&D"OC]
Insert a test data, key is [persist.kvStaTest_337] data=[3v#9Dl6K,k##+Y"0#ok8#"-b8-6]
Insert a test data, key is [persist.kvStaTest_338] data=[8!q2#'L54!a56I("k&#J#8"S#V"H]
Insert a test data, key is [persist.kvStaTest_339] data=[q*H'rdQ)w!#s"8M)B,9n!"R!/QVH']
Insert a test data, key is [persist.kvStaTest_340] data=[6,L5/,N9wT8B-"-,ZV!k]
Insert a test data, key is [persist.kvStaTest_341] data=[!4(!C&Y7!f#%'X/#7U43a]
Insert a test data, key is [persist.kvStaTest_342] data=[#s4#8pAA!g42bTVL87cJK!]
Insert a test data, key is [persist.kvStaTest_343] data=[7#y9QNtP8uW#/",o(Iwqe"G]
Insert a test data, key is [persist.kvStaTest_344] data=[&R+B5tEivkXH/yMCp1%-U'#I]
Insert a test data, key is [persist.kvStaTest_345] data=[9#kR%L7p3#"rQweek8*MS9032]
Insert a test data, key is [persist.kvStaTest_346] data=[18Z9x%2K!r#(T,8%!1(10"9"Y2]
Insert a test data, key is [persist.kvStaTest_347] data=[/-7"9!o'Dd.m7#Ioh2hPV"!z4NP]
Insert a test data, key is [persist.kvStaTest_348] data=[cvf2O!ucyA!/3#!B!656##MY%NKC]
Insert a test data, key is [persist.kvStaTest_349] data=[s28JE0Y,#A4wf5#eKx'Y5L"a(d"06]
Insert a test data, key is [persist.kvStaTest_350] data=[&'j3sw8dO/%SZwV"#a)#]
Insert a test data, key is [persist.kvStaTest_351] data=[7,1P(rYh2z03E#49"4"*!]
Insert a test data, key is [persist.kvStaTest_352] data=[#X!rV7H-67"(13".%2xf0t]
Insert a test data, key is [persist.kvStaTest_353] data=[!o"0)V!!(G9u##9M#7Nz26#]
Insert a test data, key is [persist.kvStaTest_354] data=[2*####Ew&Dq2.&!.!/.990*(]
Insert a test data, key is [persist.kvStaTest_355] data=[/.E/"Er("8%nW"(A)EWt9-H!4]
Insert a test data, key is [persist.kvStaTest_356] data=[Yv"V"12#XU"h#)o##*8"0rI/J2]
Insert a test data, key is [persist.kvStaTest_357] data=[Sy"'t48'#j#L+#801bT#Qhi!6,p]
Insert a test data, key is [persist.kvStaTest_358] data=[n%2#WIS2'3#0G(!/!4)mBoN//f+B]
Insert a test data, key is [persist.kvStaTest_359] data=[d!lP/*/"bZ#2,BckIl3Dr"4Y4kn07]
Insert a test data, key is [persist.kvStaTest_360] data=['"8!!((##E8w#'1,#B&"]
Insert a test data, key is [persist.kvStaTest_361] data=[6"N8-31&+yq.U!#"r#gyr]
Insert a test data, key is [persist.kvStaTest_362] data=[(Z6%i5A"Z'2G0Gpa0KLM0/]
Insert a test data, key is [persist.kvStaTest_363] data=[!ou+L#e5O.K#r-V1"#zm"-6]
Insert a test data, key is [persist.kvStaTest_364] data=[!1d"05C'A"7k#%.ot5n6e954]
Insert a test data, key is [persist.kvStaTest_365] data=[y!%&xpuOE*.!4*r3C./90XM+"]
Insert a test data, key is [persist.kvStaTest_366] data=[8A+%"10xI8!P%dFa625/6Wdoft]
Insert a test data, key is [persist.kvStaTest_367] data=[7"p'8"aPy8n5,e%#%T2!"#AFy"J]
Insert a test data, key is [persist.kvStaTest_368] data=[+1-CG"#d0pQ%&&Pk!Gy*1"""!#'l]
Insert a test data, key is [persist.kvStaTest_369] data=[&opE##"au'"47lqmM&O6)V"j2,,x,]
Insert a test data, key is [persist.kvStaTest_370] data=[,)"!*1!S0#ec3#"z!(tA]
Insert a test data, key is [persist.kvStaTest_371] data=[6!-Q'.!/SN3K&-W(!8d+y]
Insert a test data, key is [persist.kvStaTest_372] data=[75%)7lU4%Z!!064!/#4!u!]
Insert a test data, key is [persist.kvStaTest_373] data=[!V#"*&S4c"!9&V1!&D"OC3v]
Insert a test data, key is [persist.kvStaTest_374] data=[#9Dl6K,k##+Y"0#ok8#"-b8-]
Insert a test data, key is [persist.kvStaTest_375] data=[68!q2#'L54!a56I("k&#J#8"S]
Insert a test data, key is [persist.kvStaTest_376] data=[#V"Hq*H'rdQ)w!#s"8M)B,9n!"]
Insert a test data, key is [persist.kvStaTest_377] data=[R!/QVH'6,L5/,N9wT8B-"-,ZV!k]
Insert a test data, key is [persist.kvStaTest_378] data=[!4(!C&Y7!f#%'X/#7U43a#s4#8pA]
Insert a test data, key is [persist.kvStaTest_379] data=[A!g42bTVL87cJK!7#y9QNtP8uW#/"]
Insert a test data, key is [persist.kvStaTest_380] data=[,o(Iwqe"G&R+B5tEivkX]
Insert a test data, key is [persist.kvStaTest_381] data=[H/yMCp1%-U'#I9#kR%L7p]
Insert a test data, key is [persist.kvStaTest_382] data=[3#"rQweek8*MS903218Z9x]
Insert a test data, key is [persist.kvStaTest_383] data=[%2K!r#(T,8%!1(10"9"Y2/-]
Insert a test data, key is [persist.kvStaTest_384] data=[7"9!o'Dd.m7#Ioh2hPV"!z4N]
Insert a test data, key is [persist.kvStaTest_385] data=[Pcvf2O!ucyA!/3#!B!656##MY]
Insert a test data, key is [persist.kvStaTest_386] data=[%NKCs28JE0Y,#A4wf5#eKx'Y5L]
Insert a test data, key is [persist.kvStaTest_387] data=["a(d"06&'j3sw8dO/%SZwV"#a)#]
Insert a test data, key is [persist.kvStaTest_388] data=[7,1P(rYh2z03E#49"4"*!#X!rV7H]
Insert a test data, key is [persist.kvStaTest_389] data=[-67"(13".%2xf0t!o"0)V!!(G9u##]
Insert a test data, key is [persist.kvStaTest_390] data=[9M#7Nz26#2*####Ew&Dq]
Insert a test data, key is [persist.kvStaTest_391] data=[2.&!.!/.990*(/.E/"Er(]
Insert a test data, key is [persist.kvStaTest_392] data=["8%nW"(A)EWt9-H!4Yv"V"]
Insert a test data, key is [persist.kvStaTest_393] data=[12#XU"h#)o##*8"0rI/J2Sy]
Insert a test data, key is [persist.kvStaTest_394] data=["'t48'#j#L+#801bT#Qhi!6,]
Insert a test data, key is [persist.kvStaTest_395] data=[pn%2#WIS2'3#0G(!/!4)mBoN/]
Insert a test data, key is [persist.kvStaTest_396] data=[/f+Bd!lP/*/"bZ#2,BckIl3Dr"]
Insert a test data, key is [persist.kvStaTest_397] data=[4Y4kn07'"8!!((##E8w#'1,#B&"]
Insert a test data, key is [persist.kvStaTest_398] data=[6"N8-31&+yq.U!#"r#gyr(Z6%i5A]
Insert a test data, key is [persist.kvStaTest_399] data=["Z'2G0Gpa0KLM0/!ou+L#e5O.K#r-]
Insert a test data, key is [persist.kvStaTest_400] data=[V1"#zm"-6!1d"05C'A"7]
Insert a test data, key is [persist.kvStaTest_401] data=[k#%.ot5n6e954y!%&xpuO]
Insert a test data, key is [persist.kvStaTest_402] data=[E*.!4*r3C./90XM+"8A+%"]
Insert a test data, key is [persist.kvStaTest_403] data=[10xI8!P%dFa625/6Wdoft7"]
Insert a test data, key is [persist.kvStaTest_404] data=[p'8"aPy8n5,e%#%T2!"#AFy"]
Insert a test data, key is [persist.kvStaTest_405] data=[J+1-CG"#d0pQ%&&Pk!Gy*1"""]
Insert a test data, key is [persist.kvStaTest_406] data=[!#'l&opE##"au'"47lqmM&O6)V]
Insert a test data, key is [persist.kvStaTest_407] data=["j2,,x,,)"!*1!S0#ec3#"z!(tA]
Insert a test data, key is [persist.kvStaTest_408] data=[6!-Q'.!/SN3K&-W(!8d+y75%)7lU]
Insert a test data, key is [persist.kvStaTest_409] data=[4%Z!!064!/#4!u!!V#"*&S4c"!9&V]
Insert a test data, key is [persist.kvStaTest_410] data=[1!&D"OC3v#9Dl6K,k##+]
Insert a test data, key is [persist.kvStaTest_411] data=[Y"0#ok8#"-b8-68!q2#'L]
Insert a test data, key is [persist.kvStaTest_412] data=[54!a56I("k&#J#8"S#V"Hq]
Insert a test data, key is [persist.kvStaTest_413] data=[*H'rdQ)w!#s"8M)B,9n!"R!]
Insert a test data, key is [persist.kvStaTest_414] data=[/QVH'6,L5/,N9wT8B-"-,ZV!]
Insert a test data, key is [persist.kvStaTest_415] data=[k!4(!C&Y7!f#%'X/#7U43a#s4]
Insert a test data, key is [persist.kvStaTest_416] data=[#8pAA!g42bTVL87cJK!7#y9QNt]
Insert a test data, key is [persist.kvStaTest_417] data=[P8uW#/",o(Iwqe"G&R+B5tEivkX]
Insert a test data, key is [persist.kvStaTest_418] data=[H/yMCp1%-U'#I9#kR%L7p3#"rQwe]
Insert a test data, key is [persist.kvStaTest_419] data=[ek8*MS903218Z9x%2K!r#(T,8%!1(]
Insert a test data, key is [persist.kvStaTest_420] data=[10"9"Y2/-7"9!o'Dd.m7]
Insert a test data, key is [persist.kvStaTest_421] data=[#Ioh2hPV"!z4NPcvf2O!u]
Insert a test data, key is [persist.kvStaTest_422] data=[cyA!/3#!B!656##MY%NKCs]
Insert a test data, key is [persist.kvStaTest_423] data=[28JE0Y,#A4wf5#eKx'Y5L"a]
Insert a test data, key is [persist.kvStaTest_424] data=[(d"06&'j3sw8dO/%SZwV"#a)]
Insert a test data, key is [persist.kvStaTest_425] data=[#7,1P(rYh2z03E#49"4"*!#X!]
Insert a test data, key is [persist.kvStaTest_426] data=[rV7H-67"(13".%2xf0t!o"0)V!]
Insert a test data, key is [persist.kvStaTest_427] data=[!(G9u##9M#7Nz26#2*####Ew&Dq]
Insert a test data, key is [persist.kvStaTest_428] data=[2.&!.!/.990*(/.E/"Er("8%nW"(]
Insert a test data, key is [persist.kvStaTest_429] data=[A)EWt9-H!4Yv"V"12#XU"h#)o##*8]
Insert a test data, key is [persist.kvStaTest_430] data=["0rI/J2Sy"'t48'#j#L+]
Insert a test data, key is [persist.kvStaTest_431] data=[#801bT#Qhi!6,pn%2#WIS]
Insert a test data, key is [persist.kvStaTest_432] data=[2'3#0G(!/!4)mBoN//f+Bd]
Insert a test data, key is [persist.kvStaTest_433] data=[!lP/*/"bZ#2,BckIl3Dr"4Y]
Insert a test data, key is [persist.kvStaTest_434] data=[4kn07'"8!!((##E8w#'1,#B&]
Insert a test data, key is [persist.kvStaTest_435] data=["6"N8-31&+yq.U!#"r#gyr(Z6]
Insert a test data, key is [persist.kvStaTest_436] data=[%i5A"Z'2G0Gpa0KLM0/!ou+L#e]
Insert a test data, key is [persist.kvStaTest_437] data=[5O.K#r-V1"#zm"-6!1d"05C'A"7]
Insert a test data, key is [persist.kvStaTest_438] data=[k#%.ot5n6e954y!%&xpuOE*.!4*r]
Insert a test data, key is [persist.kvStaTest_439] data=[3C./90XM+"8A+%"10xI8!P%dFa625]
Insert a test data, key is [persist.kvStaTest_440] data=[/6Wdoft7"p'8"aPy8n5,]
Insert a test data, key is [persist.kvStaTest_441] data=[e%#%T2!"#AFy"J+1-CG"#]
Insert a test data, key is [persist.kvStaTest_442] data=[d0pQ%&&Pk!Gy*1"""!#'l&]
Insert a test data, key is [persist.kvStaTest_443] data=[opE##"au'"47lqmM&O6)V"j]
Insert a test data, key is [persist.kvStaTest_444] data=[2,,x,,)"!*1!S0#ec3#"z!(t]
Insert a test data, key is [persist.kvStaTest_445] data=[A6!-Q'.!/SN3K&-W(!8d+y75%]
Insert a test data, key is [persist.kvStaTest_446] data=[)7lU4%Z!!064!/#4!u!!V#"*&S]
Insert a test data, key is [persist.kvStaTest_447] data=[4c"!9&V1!&D"OC3v#9Dl6K,k##+]
Insert a test data, key is [persist.kvStaTest_448] data=[Y"0#ok8#"-b8-68!q2#'L54!a56I]
Insert a test data, key is [persist.kvStaTest_449] data=[("k&#J#8"S#V"Hq*H'rdQ)w!#s"8M]
Insert a test data, key is [persist.kvStaTest_450] data=[)B,9n!"R!/QVH'6,L5/,]
Insert a test data, key is [persist.kvStaTest_451] data=[N9wT8B-"-,ZV!k!4(!C&Y]
Insert a test data, key is [persist.kvStaTest_452] data=[7!f#%'X/#7U43a#s4#8pAA]
Insert a test data, key is [persist.kvStaTest_453] data=[!g42bTVL87cJK!7#y9QNtP8]
Insert a test data, key is [persist.kvStaTest_454] data=[uW#/",o(Iwqe"G&R+B5tEivk]
Insert a test data, key is [persist.kvStaTest_455] data=[XH/yMCp1%-U'#I9#kR%L7p3#"]
Insert a test data, key is [persist.kvStaTest_456] data=[rQweek8*MS903218Z9x%2K!r#(]
Insert a test data, key is [persist.kvStaTest_457] data=[T,8%!1(10"9"Y2/-7"9!o'Dd.m7]
Insert a test data, key is [persist.kvStaTest_458] data=[#Ioh2hPV"!z4NPcvf2O!ucyA!/3#]
Insert a test data, key is [persist.kvStaTest_459] data=[!B!656##MY%NKCs28JE0Y,#A4wf5#]
Insert a test data, key is [persist.kvStaTest_460] data=[eKx'Y5L"a(d"06&'j3sw]
Insert a test data, key is [persist.kvStaTest_461] data=[8dO/%SZwV"#a)#7,1P(rY]
Insert a test data, key is [persist.kvStaTest_462] data=[h2z03E#49"4"*!#X!rV7H-]
Insert a test data, key is [persist.kvStaTest_463] data=[67"(13".%2xf0t!o"0)V!!(]
Insert a test data, key is [persist.kvStaTest_464] data=[G9u##9M#7Nz26#2*####Ew&D]
Insert a test data, key is [persist.kvStaTest_465] data=[q2.&!.!/.990*(/.E/"Er("8%]
Insert a test data, key is [persist.kvStaTest_466] data=[nW"(A)EWt9-H!4Yv"V"12#XU"h]
Insert a test data, key is [persist.kvStaTest_467] data=[#)o##*8"0rI/J2Sy"'t48'#j#L+]
Insert a test data, key is [persist.kvStaTest_468] data=[#801bT#Qhi!6,pn%2#WIS2'3#0G(]
Insert a test data, key is [persist.kvStaTest_469] data=[!/!4)mBoN//f+Bd!lP/*/"bZ#2,Bc]
Insert a test data, key is [persist.kvStaTest_470] data=[kIl3Dr"4Y4kn07'"8!!(]
Insert a test data, key is [persist.kvStaTest_471] data=[(##E8w#'1,#B&"6"N8-31]
Insert a test data, key is [persist.kvStaTest_472] data=[&+yq.U!#"r#gyr(Z6%i5A"]
Insert a test data, key is [persist.kvStaTest_473] data=[Z'2G0Gpa0KLM0/!ou+L#e5O]
Insert a test data, key is [persist.kvStaTest_474] data=[.K#r-V1"#zm"-6!1d"05C'A"]
Insert a test data, key is [persist.kvStaTest_475] data=[7k#%.ot5n6e954y!%&xpuOE*.]
Insert a test data, key is [persist.kvStaTest_476] data=[!4*r3C./90XM+"8A+%"10xI8!P]
Insert a test data, key is [persist.kvStaTest_477] data=[%dFa625/6Wdoft7"p'8"aPy8n5,]
Insert a test data, key is [persist.kvStaTest_478] data=[e%#%T2!"#AFy"J+1-CG"#d0pQ%&&]
Insert a test data, key is [persist.kvStaTest_479] data=[Pk!Gy*1"""!#'l&opE##"au'"47lq]
Insert a test data, key is [persist.kvStaTest_480] data=[mM&O6)V"j2,,x,,)"!*1]
Insert a test data, key is [persist.kvStaTest_481] data=[!S0#ec3#"z!(tA6!-Q'.!]
Insert a test data, key is [persist.kvStaTest_482] data=[/SN3K&-W(!8d+y75%)7lU4]
Insert a test data, key is [persist.kvStaTest_483] data=[%Z!!064!/#4!u!!V#"*&S4c]
Insert a test data, key is [persist.kvStaTest_484] data=["!9&V1!&D"OC3v#9Dl6K,k##]
Insert a test data, key is [persist.kvStaTest_485] data=[+Y"0#ok8#"-b8-68!q2#'L54!]
Insert a test data, key is [persist.kvStaTest_486] data=[a56I("k&#J#8"S#V"Hq*H'rdQ)]
Insert a test data, key is [persist.kvStaTest_487] data=[w!#s"8M)B,9n!"R!/QVH'6,L5/,]
Insert a test data, key is [persist.kvStaTest_488] data=[N9wT8B-"-,ZV!k!4(!C&Y7!f#%'X]
Insert a test data, key is [persist.kvStaTest_489] data=[/#7U43a#s4#8pAA!g42bTVL87cJK!]
Insert a test data, key is [persist.kvStaTest_490] data=[7#y9QNtP8uW#/",o(Iwq]
Insert a test data, key is [persist.kvStaTest_491] data=[e"G&R+B5tEivkXH/yMCp1]
Insert a test data, key is [persist.kvStaTest_492] data=[%-U'#I9#kR%L7p3#"rQwee]
Insert a test data, key is [persist.kvStaTest_493] data=[k8*MS903218Z9x%2K!r#(T,]
Insert a test data, key is [persist.kvStaTest_494] data=[8%!1(10"9"Y2/-7"9!o'Dd.m]
Insert a test data, key is [persist.kvStaTest_495] data=[7#Ioh2hPV"!z4NPcvf2O!ucyA]
Insert a test data, key is [persist.kvStaTest_496] data=[!/3#!B!656##MY%NKCs28JE0Y,]
Insert a test data, key is [persist.kvStaTest_497] data=[#A4wf5#eKx'Y5L"a(d"06&'j3sw]
Insert a test data, key is [persist.kvStaTest_498] data=[8dO/%SZwV"#a)#7,1P(rYh2z03E#]
Insert a test data, key is [persist.kvStaTest_499] data=[49"4"*!#X!rV7H-67"(13".%2xf0t]
Insert a test data, key is [persist.kvStaTest_500] data=[!o"0)V!!(G9u##9M#7Nz]
Insert a test data, key is [persist.kvStaTest_501] data=[26#2*####Ew&Dq2.&!.!/]
Insert a test data, key is [persist.kvStaTest_502] data=[.990*(/.E/"Er("8%nW"(A]
Insert a test data, key is [persist.kvStaTest_503] data=[)EWt9-H!4Yv"V"12#XU"h#)]
Insert a test data, key is [persist.kvStaTest_504] data=[o##*8"0rI/J2Sy"'t48'#j#L]
Insert a test data, key is [persist.kvStaTest_505] data=[+#801bT#Qhi!6,pn%2#WIS2'3]
Insert a test data, key is [persist.kvStaTest_506] data=[#0G(!/!4)mBoN//f+Bd!lP/*/"]
Insert a test data, key is [persist.kvStaTest_507] data=[bZ#2,BckIl3Dr"4Y4kn07'"8!!(]
Insert a test data, key is [persist.kvStaTest_508] data=[(##E8w#'1,#B&"6"N8-31&+yq.U!]
Insert a test data, key is [persist.kvStaTest_509] data=[#"r#gyr(Z6%i5A"Z'2G0Gpa0KLM0/]
Insert a test data, key is [persist.kvStaTest_510] data=[!ou+L#e5O.K#r-V1"#zm]
Insert a test data, key is [persist.kvStaTest_511] data=["-6!1d"05C'A"7k#%.ot5]
Insert a test data, key is [persist.kvStaTest_512] data=[n6e954y!%&xpuOE*.!4*r3]
Insert a test data, key is [persist.kvStaTest_513] data=[C./90XM+"8A+%"10xI8!P%d]
Insert a test data, key is [persist.kvStaTest_514] data=[Fa625/6Wdoft7"p'8"aPy8n5]
Insert a test data, key is [persist.kvStaTest_515] data=[,e%#%T2!"#AFy"J+1-CG"#d0p]
Insert a test data, key is [persist.kvStaTest_516] data=[Q%&&Pk!Gy*1"""!#'l&opE##"a]
Insert a test data, key is [persist.kvStaTest_517] data=[u'"47lqmM&O6)V"j2,,x,,)"!*1]
Insert a test data, key is [persist.kvStaTest_518] data=[!S0#ec3#"z!(tA6!-Q'.!/SN3K&-]
Insert a test data, key is [persist.kvStaTest_519] data=[W(!8d+y75%)7lU4%Z!!064!/#4!u!]
Insert a test data, key is [persist.kvStaTest_520] data=[!V#"*&S4c"!9&V1!&D"O]
Insert a test data, key is [persist.kvStaTest_521] data=[C3v#9Dl6K,k##+Y"0#ok8]
Insert a test data, key is [persist.kvStaTest_522] data=[#"-b8-68!q2#'L54!a56I(]
Insert a test data, key is [persist.kvStaTest_523] data=["k&#J#8"S#V"Hq*H'rdQ)w!]
Insert a test data, key is [persist.kvStaTest_524] data=[#s"8M)B,9n!"R!/QVH'6,L5/]
Insert a test data, key is [persist.kvStaTest_525] data=[,N9wT8B-"-,ZV!k!4(!C&Y7!f]
Insert a test data, key is [persist.kvStaTest_526] data=[#%'X/#7U43a#s4#8pAA!g42bTV]
Insert a test data, key is [persist.kvStaTest_527] data=[L87cJK!7#y9QNtP8uW#/",o(Iwq]
Insert a test data, key is [persist.kvStaTest_528] data=[e"G&R+B5tEivkXH/yMCp1%-U'#I9]
Insert a test data, key is [persist.kvStaTest_529] data=[#kR%L7p3#"rQweek8*MS903218Z9x]
Insert a test data, key is [persist.kvStaTest_530] data=[%2K!r#(T,8%!1(10"9"Y]
Insert a test data, key is [persist.kvStaTest_531] data=[2/-7"9!o'Dd.m7#Ioh2hP]
Insert a test data, key is [persist.kvStaTest_532] data=[V"!z4NPcvf2O!ucyA!/3#!]
Insert a test data, key is [persist.kvStaTest_533] data=[B!656##MY%NKCs28JE0Y,#A]
Insert a test data, key is [persist.kvStaTest_534] data=[4wf5#eKx'Y5L"a(d"06&'j3s]
Insert a test data, key is [persist.kvStaTest_535] data=[w8dO/%SZwV"#a)#7,1P(rYh2z]
Insert a test data, key is [persist.kvStaTest_536] data=[03E#49"4"*!#X!rV7H-67"(13"]
Insert a test data, key is [persist.kvStaTest_537] data=[.%2xf0t!o"0)V!!(G9u##9M#7Nz]
Insert a test data, key is [persist.kvStaTest_538] data=[26#2*####Ew&Dq2.&!.!/.990*(/]
Insert a test data, key is [persist.kvStaTest_539] data=[.E/"Er("8%nW"(A)EWt9-H!4Yv"V"]
Insert a test data, key is [persist.kvStaTest_540] data=[12#XU"h#)o##*8"0rI/J]
Insert a test data, key is [persist.kvStaTest_541] data=[2Sy"'t48'#j#L+#801bT#]
Insert a test data, key is [persist.kvStaTest_542] data=[Qhi!6,pn%2#WIS2'3#0G(!]
Insert a test data, key is [persist.kvStaTest_543] data=[/!4)mBoN//f+Bd!lP/*/"bZ]
Insert a test data, key is [persist.kvStaTest_544] data=[#2,BckIl3Dr"4Y4kn07'"8!!]
Insert a test data, key is [persist.kvStaTest_545] data=[((##E8w#'1,#B&"6"N8-31&+y]
Insert a test data, key is [persist.kvStaTest_546] data=[q.U!#"r#gyr(Z6%i5A"Z'2G0Gp]
Insert a test data, key is [persist.kvStaTest_547] data=[a0KLM0/!ou+L#e5O.K#r-V1"#zm]
Insert a test data, key is [persist.kvStaTest_548] data=["-6!1d"05C'A"7k#%.ot5n6e954y]
Insert a test data, key is [persist.kvStaTest_549] data=[!%&xpuOE*.!4*r3C./90XM+"8A+%"]
Insert a test data, key is [persist.kvStaTest_550] data=[10xI8!P%dFa625/6Wdof]
Insert a test data, key is [persist.kvStaTest_551] data=[t7"p'8"aPy8n5,e%#%T2!]
Insert a test data, key is [persist.kvStaTest_552] data=["#AFy"J+1-CG"#d0pQ%&&P]
Insert a test data, key is [persist.kvStaTest_553] data=[k!Gy*1"""!#'l&opE##"au']
Insert a test data, key is [persist.kvStaTest_554] data=["47lqmM&O6)V"j2,,x,,)"!*]
Insert a test data, key is [persist.kvStaTest_555] data=[1!S0#ec3#"z!(tA6!-Q'.!/SN]
Insert a test data, key is [persist.kvStaTest_556] data=[3K&-W(!8d+y75%)7lU4%Z!!064]
Insert a test data, key is [persist.kvStaTest_557] data=[!/#4!u!!V#"*&S4c"!9&V1!&D"O]
Insert a test data, key is [persist.kvStaTest_558] data=[C3v#9Dl6K,k##+Y"0#ok8#"-b8-6]
Insert a test data, key is [persist.kvStaTest_559] data=[8!q2#'L54!a56I("k&#J#8"S#V"Hq]
Insert a test data, key is [persist.kvStaTest_560] data=[*H'rdQ)w!#s"8M)B,9n!]
Insert a test data, key is [persist.kvStaTest_561] data=["R!/QVH'6,L5/,N9wT8B-]
Insert a test data, key is [persist.kvStaTest_562] data=["-,ZV!k!4(!C&Y7!f#%'X/]
Insert a test data, key is [persist.kvStaTest_563] data=[#7U43a#s4#8pAA!g42bTVL8]
Insert a test data, key is [persist.kvStaTest_564] data=[7cJK!7#y9QNtP8uW#/",o(Iw]
Insert a test data, key is [persist.kvStaTest_565] data=[qe"G&R+B5tEivkXH/yMCp1%-U]
Insert a test data, key is [persist.kvStaTest_566] data=['#I9#kR%L7p3#"rQweek8*MS90]
Insert a test data, key is [persist.kvStaTest_567] data=[3218Z9x%2K!r#(T,8%!1(10"9"Y]
Insert a test data, key is [persist.kvStaTest_568] data=[2/-7"9!o'Dd.m7#Ioh2hPV"!z4NP]
Insert a test data, key is [persist.kvStaTest_569] data=[cvf2O!ucyA!/3#!B!656##MY%NKCs]
Insert a test data, key is [persist.kvStaTest_570] data=[28JE0Y,#A4wf5#eKx'Y5]
Insert a test data, key is [persist.kvStaTest_571] data=[L"a(d"06&'j3sw8dO/%SZ]
Insert a test data, key is [persist.kvStaTest_572] data=[wV"#a)#7,1P(rYh2z03E#4]
Insert a test data, key is [persist.kvStaTest_573] data=[9"4"*!#X!rV7H-67"(13".%]
Insert a test data, key is [persist.kvStaTest_574] data=[2xf0t!o"0)V!!(G9u##9M#7N]
Insert a test data, key is [persist.kvStaTest_575] data=[z26#2*####Ew&Dq2.&!.!/.99]
Insert a test data, key is [persist.kvStaTest_576] data=[0*(/.E/"Er("8%nW"(A)EWt9-H]
Insert a test data, key is [persist.kvStaTest_577] data=[!4Yv"V"12#XU"h#)o##*8"0rI/J]
Insert a test data, key is [persist.kvStaTest_578] data=[2Sy"'t48'#j#L+#801bT#Qhi!6,p]
Insert a test data, key is [persist.kvStaTest_579] data=[n%2#WIS2'3#0G(!/!4)mBoN//f+Bd]
Insert a test data, key is [persist.kvStaTest_580] data=[!lP/*/"bZ#2,BckIl3Dr]
Insert a test data, key is [persist.kvStaTest_581] data=["4Y4kn07'"8!!((##E8w#]
Insert a test data, key is [persist.kvStaTest_582] data=['1,#B&"6"N8-31&+yq.U!#]
Insert a test data, key is [persist.kvStaTest_583] data=["r#gyr(Z6%i5A"Z'2G0Gpa0]
Insert a test data, key is [persist.kvStaTest_584] data=[KLM0/!ou+L#e5O.K#r-V1"#z]
Insert a test data, key is [persist.kvStaTest_585] data=[m"-6!1d"05C'A"7k#%.ot5n6e]
Insert a test data, key is [persist.kvStaTest_586] data=[954y!%&xpuOE*.!4*r3C./90XM]
Insert a test data, key is [persist.kvStaTest_587] data=[+"8A+%"10xI8!P%dFa625/6Wdof]
Insert a test data, key is [persist.kvStaTest_588] data=[t7"p'8"aPy8n5,e%#%T2!"#AFy"J]
Insert a test data, key is [persist.kvStaTest_589] data=[+1-CG"#d0pQ%&&Pk!Gy*1"""!#'l&]
Insert a test data, key is [persist.kvStaTest_590] data=[opE##"au'"47lqmM&O6)]
Insert a test data, key is [persist.kvStaTest_591] data=[V"j2,,x,,)"!*1!S0#ec3]
Insert a test data, key is [persist.kvStaTest_592] data=[#"z!(tA6!-Q'.!/SN3K&-W]
Insert a test data, key is [persist.kvStaTest_593] data=[(!8d+y75%)7lU4%Z!!064!/]
Insert a test data, key is [persist.kvStaTest_594] data=[#4!u!!V#"*&S4c"!9&V1!&D"]
Insert a test data, key is [persist.kvStaTest_595] data=[OC3v#9Dl6K,k##+Y"0#ok8#"-]
Insert a test data, key is [persist.kvStaTest_596] data=[b8-68!q2#'L54!a56I("k&#J#8]
Insert a test data, key is [persist.kvStaTest_597] data=["S#V"Hq*H'rdQ)w!#s"8M)B,9n!]
Insert a test data, key is [persist.kvStaTest_598] data=["R!/QVH'6,L5/,N9wT8B-"-,ZV!k]
Insert a test data, key is [persist.kvStaTest_599] data=[!4(!C&Y7!f#%'X/#7U43a#s4#8pAA]
Insert a test data, key is [persist.kvStaTest_600] data=[!g42bTVL87cJK!7#y9QN]
Insert a test data, key is [persist.kvStaTest_601] data=[tP8uW#/",o(Iwqe"G&R+B]
Insert a test data, key is [persist.kvStaTest_602] data=[5tEivkXH/yMCp1%-U'#I9#]
Insert a test data, key is [persist.kvStaTest_603] data=[kR%L7p3#"rQweek8*MS9032]
Insert a test data, key is [persist.kvStaTest_604] data=[18Z9x%2K!r#(T,8%!1(10"9"]
Insert a test data, key is [persist.kvStaTest_605] data=[Y2/-7"9!o'Dd.m7#Ioh2hPV"!]
Insert a test data, key is [persist.kvStaTest_606] data=[z4NPcvf2O!ucyA!/3#!B!656##]
Insert a test data, key is [persist.kvStaTest_607] data=[MY%NKCs28JE0Y,#A4wf5#eKx'Y5]
Insert a test data, key is [persist.kvStaTest_608] data=[L"a(d"06&'j3sw8dO/%SZwV"#a)#]
Insert a test data, key is [persist.kvStaTest_609] data=[7,1P(rYh2z03E#49"4"*!#X!rV7H-]
Insert a test data, key is [persist.kvStaTest_610] data=[67"(13".%2xf0t!o"0)V]
Insert a test data, key is [persist.kvStaTest_611] data=[!!(G9u##9M#7Nz26#2*##]
Insert a test data, key is [persist.kvStaTest_612] data=[##Ew&Dq2.&!.!/.990*(/.]
Insert a test data, key is [persist.kvStaTest_613] data=[E/"Er("8%nW"(A)EWt9-H!4]
Insert a test data, key is [persist.kvStaTest_614] data=[Yv"V"12#XU"h#)o##*8"0rI/]
Insert a test data, key is [persist.kvStaTest_615] data=[J2Sy"'t48'#j#L+#801bT#Qhi]
Insert a test data, key is [persist.kvStaTest_616] data=[!6,pn%2#WIS2'3#0G(!/!4)mBo]
Insert a test data, key is [persist.kvStaTest_617] data=[N//f+Bd!lP/*/"bZ#2,BckIl3Dr]
Insert a test data, key is [persist.kvStaTest_618] data=["4Y4kn07'"8!!((##E8w#'1,#B&"]
Insert a test data, key is [persist.kvStaTest_619] data=[6"N8-31&+yq.U!#"r#gyr(Z6%i5A"]
Insert a test data, key is [persist.kvStaTest_620] data=[Z'2G0Gpa0KLM0/!ou+L#]
Insert a test data, key is [persist.kvStaTest_621] data=[e5O.K#r-V1"#zm"-6!1d"]
Insert a test data, key is [persist.kvStaTest_622] data=[05C'A"7k#%.ot5n6e954y!]
Insert a test data, key is [persist.kvStaTest_623] data=[%&xpuOE*.!4*r3C./90XM+"]
Insert a test data, key is [persist.kvStaTest_624] data=[8A+%"10xI8!P%dFa625/6Wdo]
Insert a test data, key is [persist.kvStaTest_625] data=[ft7"p'8"aPy8n5,e%#%T2!"#A]
Insert a test data, key is [persist.kvStaTest_626] data=[Fy"J+1-CG"#d0pQ%&&Pk!Gy*1"]
Insert a test data, key is [persist.kvStaTest_627] data=[""!#'l&opE##"au'"47lqmM&O6)]
Insert a test data, key is [persist.kvStaTest_628] data=[V"j2,,x,,)"!*1!S0#ec3#"z!(tA]
Insert a test data, key is [persist.kvStaTest_629] data=[6!-Q'.!/SN3K&-W(!8d+y75%)7lU4]
Insert a test data, key is [persist.kvStaTest_630] data=[%Z!!064!/#4!u!!V#"*&]
Insert a test data, key is [persist.kvStaTest_631] data=[S4c"!9&V1!&D"OC3v#9Dl]
Insert a test data, key is [persist.kvStaTest_632] data=[6K,k##+Y"0#ok8#"-b8-68]
Insert a test data, key is [persist.kvStaTest_633] data=[!q2#'L54!a56I("k&#J#8"S]
Insert a test data, key is [persist.kvStaTest_634] data=[#V"Hq*H'rdQ)w!#s"8M)B,9n]
Insert a test data, key is [persist.kvStaTest_635] data=[!"R!/QVH'6,L5/,N9wT8B-"-,]
Insert a test data, key is [persist.kvStaTest_636] data=[ZV!k!4(!C&Y7!f#%'X/#7U43a#]
Insert a test data, key is [persist.kvStaTest_637] data=[s4#8pAA!g42bTVL87cJK!7#y9QN]
Insert a test data, key is [persist.kvStaTest_638] data=[tP8uW#/",o(Iwqe"G&R+B5tEivkX]
Insert a test data, key is [persist.kvStaTest_639] data=[H/yMCp1%-U'#I9#kR%L7p3#"rQwee]
Insert a test data, key is [persist.kvStaTest_640] data=[k8*MS903218Z9x%2K!r#]
Insert a test data, key is [persist.kvStaTest_641] data=[(T,8%!1(10"9"Y2/-7"9!]
Insert a test data, key is [persist.kvStaTest_642] data=[o'Dd.m7#Ioh2hPV"!z4NPc]
Insert a test data, key is [persist.kvStaTest_643] data=[vf2O!ucyA!/3#!B!656##MY]
Insert a test data, key is [persist.kvStaTest_644] data=[%NKCs28JE0Y,#A4wf5#eKx'Y]
Insert a test data, key is [persist.kvStaTest_645] data=[5L"a(d"06&'j3sw8dO/%SZwV"]
Insert a test data, key is [persist.kvStaTest_646] data=[#a)#7,1P(rYh2z03E#49"4"*!#]
Insert a test data, key is [persist.kvStaTest_647] data=[X!rV7H-67"(13".%2xf0t!o"0)V]
Insert a test data, key is [persist.kvStaTest_648] data=[!!(G9u##9M#7Nz26#2*####Ew&Dq]
Insert a test data, key is [persist.kvStaTest_649] data=[2.&!.!/.990*(/.E/"Er("8%nW"(A]
Insert a test data, key is [persist.kvStaTest_650] data=[)EWt9-H!4Yv"V"12#XU"]
Insert a test data, key is [persist.kvStaTest_651] data=[h#)o##*8"0rI/J2Sy"'t4]
Insert a test data, key is [persist.kvStaTest_652] data=[8'#j#L+#801bT#Qhi!6,pn]
Insert a test data, key is [persist.kvStaTest_653] data=[%2#WIS2'3#0G(!/!4)mBoN/]
Insert a test data, key is [persist.kvStaTest_654] data=[/f+Bd!lP/*/"bZ#2,BckIl3D]
Insert a test data, key is [persist.kvStaTest_655] data=[r"4Y4kn07'"8!!((##E8w#'1,]
Insert a test data, key is [persist.kvStaTest_656] data=[#B&"6"N8-31&+yq.U!#"r#gyr(]
Insert a test data, key is [persist.kvStaTest_657] data=[Z6%i5A"Z'2G0Gpa0KLM0/!ou+L#]
Insert a test data, key is [persist.kvStaTest_658] data=[e5O.K#r-V1"#zm"-6!1d"05C'A"7]
Insert a test data, key is [persist.kvStaTest_659] data=[k#%.ot5n6e954y!%&xpuOE*.!4*r3]
Insert a test data, key is [persist.kvStaTest_660] data=[C./90XM+"8A+%"10xI8!]
Insert a test data, key is [persist.kvStaTest_661] data=[P%dFa625/6Wdoft7"p'8"]
Insert a test data, key is [persist.kvStaTest_662] data=[aPy8n5,e%#%T2!"#AFy"J+]
Insert a test data, key is [persist.kvStaTest_663] data=[1-CG"#d0pQ%&&Pk!Gy*1"""]
Insert a test data, key is [persist.kvStaTest_664] data=[!#'l&opE##"au'"47lqmM&O6]
Insert a test data, key is [persist.kvStaTest_665] data=[)V"j2,,x,,)"!*1!S0#ec3#"z]
Insert a test data, key is [persist.kvStaTest_666] data=[!(tA6!-Q'.!/SN3K&-W(!8d+y7]
Insert a test data, key is [persist.kvStaTest_667] data=[5%)7lU4%Z!!064!/#4!u!!V#"*&]
Insert a test data, key is [persist.kvStaTest_668] data=[S4c"!9&V1!&D"OC3v#9Dl6K,k##+]
Insert a test data, key is [persist.kvStaTest_669] data=[Y"0#ok8#"-b8-68!q2#'L54!a56I(]
Insert a test data, key is [persist.kvStaTest_670] data=["k&#J#8"S#V"Hq*H'rdQ]
Insert a test data, key is [persist.kvStaTest_671] data=[)w!#s"8M)B,9n!"R!/QVH]
Insert a test data, key is [persist.kvStaTest_672] data=['6,L5/,N9wT8B-"-,ZV!k!]
Insert a test data, key is [persist.kvStaTest_673] data=[4(!C&Y7!f#%'X/#7U43a#s4]
Insert a test data, key is [persist.kvStaTest_674] data=[#8pAA!g42bTVL87cJK!7#y9Q]
Insert a test data, key is [persist.kvStaTest_675] data=[NtP8uW#/",o(Iwqe"G&R+B5tE]
Insert a test data, key is [persist.kvStaTest_676] data=[ivkXH/yMCp1%-U'#I9#kR%L7p3]
Insert a test data, key is [persist.kvStaTest_677] data=[#"rQweek8*MS903218Z9x%2K!r#]
Insert a test data, key is [persist.kvStaTest_678] data=[(T,8%!1(10"9"Y2/-7"9!o'Dd.m7]
Insert a test data, key is [persist.kvStaTest_679] data=[#Ioh2hPV"!z4NPcvf2O!ucyA!/3#!]
Insert a test data, key is [persist.kvStaTest_680] data=[B!656##MY%NKCs28JE0Y]
Insert a test data, key is [persist.kvStaTest_681] data=[,#A4wf5#eKx'Y5L"a(d"0]
Insert a test data, key is [persist.kvStaTest_682] data=[6&'j3sw8dO/%SZwV"#a)#7]
Insert a test data, key is [persist.kvStaTest_683] data=[,1P(rYh2z03E#49"4"*!#X!]
Insert a test data, key is [persist.kvStaTest_684] data=[rV7H-67"(13".%2xf0t!o"0)]
Insert a test data, key is [persist.kvStaTest_685] data=[V!!(G9u##9M#7Nz26#2*####E]
Insert a test data, key is [persist.kvStaTest_686] data=[w&Dq2.&!.!/.990*(/.E/"Er("]
Insert a test data, key is [persist.kvStaTest_687] data=[8%nW"(A)EWt9-H!4Yv"V"12#XU"]
Insert a test data, key is [persist.kvStaTest_688] data=[h#)o##*8"0rI/J2Sy"'t48'#j#L+]
Insert a test data, key is [persist.kvStaTest_689] data=[#801bT#Qhi!6,pn%2#WIS2'3#0G(!]
Insert a test data, key is [persist.kvStaTest_690] data=[/!4)mBoN//f+Bd!lP/*/]
Insert a test data, key is [persist.kvStaTest_691] data=["bZ#2,BckIl3Dr"4Y4kn0]
Insert a test data, key is [persist.kvStaTest_692] data=[7'"8!!((##E8w#'1,#B&"6]
Insert a test data, key is [persist.kvStaTest_693] data=["N8-31&+yq.U!#"r#gyr(Z6]
Insert a test data, key is [persist.kvStaTest_694] data=[%i5A"Z'2G0Gpa0KLM0/!ou+L]
Insert a test data, key is [persist.kvStaTest_695] data=[#e5O.K#r-V1"#zm"-6!1d"05C]
Insert a test data, key is [persist.kvStaTest_696] data=['A"7k#%.ot5n6e954y!%&xpuOE]
Insert a test data, key is [persist.kvStaTest_697] data=[*.!4*r3C./90XM+"8A+%"10xI8!]
Insert a test data, key is [persist.kvStaTest_698] data=[P%dFa625/6Wdoft7"p'8"aPy8n5,]
Insert a test data, key is [persist.kvStaTest_699] data=[e%#%T2!"#AFy"J+1-CG"#d0pQ%&&P]
Insert a test data, key is [persist.kvStaTest_700] data=[k!Gy*1"""!#'l&opE##"]
Insert a test data, key is [persist.kvStaTest_701] data=[au'"47lqmM&O6)V"j2,,x]
Insert a test data, key is [persist.kvStaTest_702] data=[,,)"!*1!S0#ec3#"z!(tA6]
Insert a test data, key is [persist.kvStaTest_703] data=[!-Q'.!/SN3K&-W(!8d+y75%]
Insert a test data, key is [persist.kvStaTest_704] data=[)7lU4%Z!!064!/#4!u!!V#"*]
Insert a test data, key is [persist.kvStaTest_705] data=[&S4c"!9&V1!&D"OC3v#9Dl6K,]
Insert a test data, key is [persist.kvStaTest_706] data=[k##+Y"0#ok8#"-b8-68!q2#'L5]
Insert a test data, key is [persist.kvStaTest_707] data=[4!a56I("k&#J#8"S#V"Hq*H'rdQ]
Insert a test data, key is [persist.kvStaTest_708] data=[)w!#s"8M)B,9n!"R!/QVH'6,L5/,]
Insert a test data, key is [persist.kvStaTest_709] data=[N9wT8B-"-,ZV!k!4(!C&Y7!f#%'X/]
Insert a test data, key is [persist.kvStaTest_710] data=[#7U43a#s4#8pAA!g42bT]
Insert a test data, key is [persist.kvStaTest_711] data=[VL87cJK!7#y9QNtP8uW#/]
Insert a test data, key is [persist.kvStaTest_712] data=[",o(Iwqe"G&R+B5tEivkXH]
Insert a test data, key is [persist.kvStaTest_713] data=[/yMCp1%-U'#I9#kR%L7p3#"]
Insert a test data, key is [persist.kvStaTest_714] data=[rQweek8*MS903218Z9x%2K!r]
Insert a test data, key is [persist.kvStaTest_715] data=[#(T,8%!1(10"9"Y2/-7"9!o'D]
Insert a test data, key is [persist.kvStaTest_716] data=[d.m7#Ioh2hPV"!z4NPcvf2O!uc]
Insert a test data, key is [persist.kvStaTest_717] data=[yA!/3#!B!656##MY%NKCs28JE0Y]
Insert a test data, key is [persist.kvStaTest_718] data=[,#A4wf5#eKx'Y5L"a(d"06&'j3sw]
Insert a test data, key is [persist.kvStaTest_719] data=[8dO/%SZwV"#a)#7,1P(rYh2z03E#4]
Insert a test data, key is [persist.kvStaTest_720] data=[9"4"*!#X!rV7H-67"(13]
Insert a test data, key is [persist.kvStaTest_721] data=[".%2xf0t!o"0)V!!(G9u#]
Insert a test data, key is [persist.kvStaTest_722] data=[#9M#7Nz26#2*####Ew&Dq2]
Insert a test data, key is [persist.kvStaTest_723] data=[.&!.!/.990*(/.E/"Er("8%]
Insert a test data, key is [persist.kvStaTest_724] data=[nW"(A)EWt9-H!4Yv"V"12#XU]
Insert a test data, key is [persist.kvStaTest_725] data=["h#)o##*8"0rI/J2Sy"'t48'#]
Insert a test data, key is [persist.kvStaTest_726] data=[j#L+#801bT#Qhi!6,pn%2#WIS2]
Insert a test data, key is [persist.kvStaTest_727] data=['3#0G(!/!4)mBoN//f+Bd!lP/*/]
Insert a test data, key is [persist.kvStaTest_728] data=["bZ#2,BckIl3Dr"4Y4kn07'"8!!(]
Insert a test data, key is [persist.kvStaTest_729] data=[(##E8w#'1,#B&"6"N8-31&+yq.U!#]
Insert a test data, key is [persist.kvStaTest_730] data=["r#gyr(Z6%i5A"Z'2G0G]
Insert a test data, key is [persist.kvStaTest_731] data=[pa0KLM0/!ou+L#e5O.K#r]
Insert a test data, key is [persist.kvStaTest_732] data=[-V1"#zm"-6!1d"05C'A"7k]
Insert a test data, key is [persist.kvStaTest_733] data=[#%.ot5n6e954y!%&xpuOE*.]
Insert a test data, key is [persist.kvStaTest_734] data=[!4*r3C./90XM+"8A+%"10xI8]
Insert a test data, key is [persist.kvStaTest_735] data=[!P%dFa625/6Wdoft7"p'8"aPy]
Insert a test data, key is [persist.kvStaTest_736] data=[8n5,e%#%T2!"#AFy"J+1-CG"#d]
Insert a test data, key is [persist.kvStaTest_737] data=[0pQ%&&Pk!Gy*1"""!#'l&opE##"]
Insert a test data, key is [persist.kvStaTest_738] data=[au'"47lqmM&O6)V"j2,,x,,)"!*1]
Insert a test data, key is [persist.kvStaTest_739] data=[!S0#ec3#"z!(tA6!-Q'.!/SN3K&-W]
Insert a test data, key is [persist.kvStaTest_740] data=[(!8d+y75%)7lU4%Z!!06]
Insert a test data, key is [persist.kvStaTest_741] data=[4!/#4!u!!V#"*&S4c"!9&]
Insert a test data, key is [persist.kvStaTest_742] data=[V1!&D"OC3v#9Dl6K,k##+Y]
Insert a test data, key is [persist.kvStaTest_743] data=["0#ok8#"-b8-68!q2#'L54!]
Insert a test data, key is [persist.kvStaTest_744] data=[a56I("k&#J#8"S#V"Hq*H'rd]
Insert a test data, key is [persist.kvStaTest_745] data=[Q)w!#s"8M)B,9n!"R!/QVH'6,]
Insert a test data, key is [persist.kvStaTest_746] data=[L5/,N9wT8B-"-,ZV!k!4(!C&Y7]
Insert a test data, key is [persist.kvStaTest_747] data=[!f#%'X/#7U43a#s4#8pAA!g42bT]
Insert a test data, key is [persist.kvStaTest_748] data=[VL87cJK!7#y9QNtP8uW#/",o(Iwq]
Insert a test data, key is [persist.kvStaTest_749] data=[e"G&R+B5tEivkXH/yMCp1%-U'#I9#]
Insert a test data, key is [persist.kvStaTest_750] data=[kR%L7p3#"rQweek8*MS9]
Insert a test data, key is [persist.kvStaTest_751] data=[03218Z9x%2K!r#(T,8%!1]
Insert a test data, key is [persist.kvStaTest_752] data=[(10"9"Y2/-7"9!o'Dd.m7#]
Insert a test data, key is [persist.kvStaTest_753] data=[Ioh2hPV"!z4NPcvf2O!ucyA]
Insert a test data, key is [persist.kvStaTest_754] data=[!/3#!B!656##MY%NKCs28JE0]
Insert a test data, key is [persist.kvStaTest_755] data=[Y,#A4wf5#eKx'Y5L"a(d"06&']
Insert a test data, key is [persist.kvStaTest_756] data=[j3sw8dO/%SZwV"#a)#7,1P(rYh]
Insert a test data, key is [persist.kvStaTest_757] data=[2z03E#49"4"*!#X!rV7H-67"(13]
Insert a test data, key is [persist.kvStaTest_758] data=[".%2xf0t!o"0)V!!(G9u##9M#7Nz]
Insert a test data, key is [persist.kvStaTest_759] data=[26#2*####Ew&Dq2.&!.!/.990*(/.]
Insert a test data, key is [persist.kvStaTest_760] data=[E/"Er("8%nW"(A)EWt9-]
Insert a test data, key is [persist.kvStaTest_761] data=[H!4Yv"V"12#XU"h#)o##*]
Insert a test data, key is [persist.kvStaTest_762] data=[8"0rI/J2Sy"'t48'#j#L+#]
Insert a test data, key is [persist.kvStaTest_763] data=[801bT#Qhi!6,pn%2#WIS2'3]
Insert a test data, key is [persist.kvStaTest_764] data=[#0G(!/!4)mBoN//f+Bd!lP/*]
Insert a test data, key is [persist.kvStaTest_765] data=[/"bZ#2,BckIl3Dr"4Y4kn07'"]
Insert a test data, key is [persist.kvStaTest_766] data=[8!!((##E8w#'1,#B&"6"N8-31&]
Insert a test data, key is [persist.kvStaTest_767] data=[+yq.U!#"r#gyr(Z6%i5A"Z'2G0G]
Insert a test data, key is [persist.kvStaTest_768] data=[pa0KLM0/!ou+L#e5O.K#r-V1"#zm]
Insert a test data, key is [persist.kvStaTest_769] data=["-6!1d"05C'A"7k#%.ot5n6e954y!]
Insert a test data, key is [persist.kvStaTest_770] data=[%&xpuOE*.!4*r3C./90X]
Insert a test data, key is [persist.kvStaTest_771] data=[M+"8A+%"10xI8!P%dFa62]
Insert a test data, key is [persist.kvStaTest_772] data=[5/6Wdoft7"p'8"aPy8n5,e]
Insert a test data, key is [persist.kvStaTest_773] data=[%#%T2!"#AFy"J+1-CG"#d0p]
Insert a test data, key is [persist.kvStaTest_774] data=[Q%&&Pk!Gy*1"""!#'l&opE##]
Insert a test data, key is [persist.kvStaTest_775] data=["au'"47lqmM&O6)V"j2,,x,,)]
Insert a test data, key is [persist.kvStaTest_776] data=["!*1!S0#ec3#"z!(tA6!-Q'.!/]
Insert a test data, key is [persist.kvStaTest_777] data=[SN3K&-W(!8d+y75%)7lU4%Z!!06]
Insert a test data, key is [persist.kvStaTest_778] data=[4!/#4!u!!V#"*&S4c"!9&V1!&D"O]
Insert a test data, key is [persist.kvStaTest_779] data=[C3v#9Dl6K,k##+Y"0#ok8#"-b8-68]
Insert a test data, key is [persist.kvStaTest_780] data=[!q2#'L54!a56I("k&#J#]
Insert a test data, key is [persist.kvStaTest_781] data=[8"S#V"Hq*H'rdQ)w!#s"8]
Insert a test data, key is [persist.kvStaTest_782] data=[M)B,9n!"R!/QVH'6,L5/,N]
Insert a test data, key is [persist.kvStaTest_783] data=[9wT8B-"-,ZV!k!4(!C&Y7!f]
Insert a test data, key is [persist.kvStaTest_784] data=[#%'X/#7U43a#s4#8pAA!g42b]
Insert a test data, key is [persist.kvStaTest_785] data=[TVL87cJK!7#y9QNtP8uW#/",o]
Insert a test data, key is [persist.kvStaTest_786] data=[(Iwqe"G&R+B5tEivkXH/yMCp1%]
Insert a test data, key is [persist.kvStaTest_787] data=[-U'#I9#kR%L7p3#"rQweek8*MS9]
Insert a test data, key is [persist.kvStaTest_788] data=[03218Z9x%2K!r#(T,8%!1(10"9"Y]
Insert a test data, key is [persist.kvStaTest_789] data=[2/-7"9!o'Dd.m7#Ioh2hPV"!z4NPc]
Insert a test data, key is [persist.kvStaTest_790] data=[vf2O!ucyA!/3#!B!656#]
Insert a test data, key is [persist.kvStaTest_791] data=[#MY%NKCs28JE0Y,#A4wf5]
Insert a test data, key is [persist.kvStaTest_792] data=[#eKx'Y5L"a(d"06&'j3sw8]
Insert a test data, key is [persist.kvStaTest_793] data=[dO/%SZwV"#a)#7,1P(rYh2z]
Insert a test data, key is [persist.kvStaTest_794] data=[03E#49"4"*!#X!rV7H-67"(1]
Insert a test data, key is [persist.kvStaTest_795] data=[3".%2xf0t!o"0)V!!(G9u##9M]
Insert a test data, key is [persist.kvStaTest_796] data=[#7Nz26#2*####Ew&Dq2.&!.!/.]
Insert a test data, key is [persist.kvStaTest_797] data=[990*(/.E/"Er("8%nW"(A)EWt9-]
Insert a test data, key is [persist.kvStaTest_798] data=[H!4Yv"V"12#XU"h#)o##*8"0rI/J]
Insert a test data, key is [persist.kvStaTest_799] data=[2Sy"'t48'#j#L+#801bT#Qhi!6,pn]
Insert a test data, key is [persist.kvStaTest_800] data=[%2#WIS2'3#0G(!/!4)mB]
Insert a test data, key is [persist.kvStaTest_801] data=[oN//f+Bd!lP/*/"bZ#2,B]
Insert a test data, key is [persist.kvStaTest_802] data=[ckIl3Dr"4Y4kn07'"8!!((]
Insert a test data, key is [persist.kvStaTest_803] data=[##E8w#'1,#B&"6"N8-31&+y]
Insert a test data, key is [persist.kvStaTest_804] data=[q.U!#"r#gyr(Z6%i5A"Z'2G0]
Insert a test data, key is [persist.kvStaTest_805] data=[Gpa0KLM0/!ou+L#e5O.K#r-V1]
Insert a test data, key is [persist.kvStaTest_806] data=["#zm"-6!1d"05C'A"7k#%.ot5n]
Insert a test data, key is [persist.kvStaTest_807] data=[6e954y!%&xpuOE*.!4*r3C./90X]
Insert a test data, key is [persist.kvStaTest_808] data=[M+"8A+%"10xI8!P%dFa625/6Wdof]
Insert a test data, key is [persist.kvStaTest_809] data=[t7"p'8"aPy8n5,e%#%T2!"#AFy"J+]
Insert a test data, key is [persist.kvStaTest_810] data=[1-CG"#d0pQ%&&Pk!Gy*1]
Insert a test data, key is [persist.kvStaTest_811] data=["""!#'l&opE##"au'"47l]
Insert a test data, key is [persist.kvStaTest_812] data=[qmM&O6)V"j2,,x,,)"!*1!]
Insert a test data, key is [persist.kvStaTest_813] data=[S0#ec3#"z!(tA6!-Q'.!/SN]
Insert a test data, key is [persist.kvStaTest_814] data=[3K&-W(!8d+y75%)7lU4%Z!!0]
Insert a test data, key is [persist.kvStaTest_815] data=[64!/#4!u!!V#"*&S4c"!9&V1!]
Insert a test data, key is [persist.kvStaTest_816] data=[&D"OC3v#9Dl6K,k##+Y"0#ok8#]
Insert a test data, key is [persist.kvStaTest_817] data=["-b8-68!q2#'L54!a56I("k&#J#]
Insert a test data, key is [persist.kvStaTest_818] data=[8"S#V"Hq*H'rdQ)w!#s"8M)B,9n!]
Insert a test data, key is [persist.kvStaTest_819] data=["R!/QVH'6,L5/,N9wT8B-"-,ZV!k!]
Insert a test data, key is [persist.kvStaTest_820] data=[4(!C&Y7!f#%'X/#7U43a]
Insert a test data, key is [persist.kvStaTest_821] data=[#s4#8pAA!g42bTVL87cJK]
Insert a test data, key is [persist.kvStaTest_822] data=[!7#y9QNtP8uW#/",o(Iwqe]
Insert a test data, key is [persist.kvStaTest_823] data=["G&R+B5tEivkXH/yMCp1%-U]
Insert a test data, key is [persist.kvStaTest_824] data=['#I9#kR%L7p3#"rQweek8*MS]
Insert a test data, key is [persist.kvStaTest_825] data=[903218Z9x%2K!r#(T,8%!1(10]
Insert a test data, key is [persist.kvStaTest_826] data=["9"Y2/-7"9!o'Dd.m7#Ioh2hPV]
Insert a test data, key is [persist.kvStaTest_827] data=["!z4NPcvf2O!ucyA!/3#!B!656#]
Insert a test data, key is [persist.kvStaTest_828] data=[#MY%NKCs28JE0Y,#A4wf5#eKx'Y5]
Insert a test data, key is [persist.kvStaTest_829] data=[L"a(d"06&'j3sw8dO/%SZwV"#a)#7]
Insert a test data, key is [persist.kvStaTest_830] data=[,1P(rYh2z03E#49"4"*!]
Insert a test data, key is [persist.kvStaTest_831] data=[#X!rV7H-67"(13".%2xf0]
Insert a test data, key is [persist.kvStaTest_832] data=[t!o"0)V!!(G9u##9M#7Nz2]
Insert a test data, key is [persist.kvStaTest_833] data=[6#2*####Ew&Dq2.&!.!/.99]
Insert a test data, key is [persist.kvStaTest_834] data=[0*(/.E/"Er("8%nW"(A)EWt9]
Insert a test data, key is [persist.kvStaTest_835] data=[-H!4Yv"V"12#XU"h#)o##*8"0]
Insert a test data, key is [persist.kvStaTest_836] data=[rI/J2Sy"'t48'#j#L+#801bT#Q]
Insert a test data, key is [persist.kvStaTest_837] data=[hi!6,pn%2#WIS2'3#0G(!/!4)mB]
Insert a test data, key is [persist.kvStaTest_838] data=[oN//f+Bd!lP/*/"bZ#2,BckIl3Dr]
Insert a test data, key is [persist.kvStaTest_839] data=["4Y4kn07'"8!!((##E8w#'1,#B&"6]
Insert a test data, key is [persist.kvStaTest_840] data=["N8-31&+yq.U!#"r#gyr]
Insert a test data, key is [persist.kvStaTest_841] data=[(Z6%i5A"Z'2G0Gpa0KLM0]
Insert a test data, key is [persist.kvStaTest_842] data=[/!ou+L#e5O.K#r-V1"#zm"]
Insert a test data, key is [persist.kvStaTest_843] data=[-6!1d"05C'A"7k#%.ot5n6e]
Insert a test data, key is [persist.kvStaTest_844] data=[954y!%&xpuOE*.!4*r3C./90]
Insert a test data, key is [persist.kvStaTest_845] data=[XM+"8A+%"10xI8!P%dFa625/6]
Insert a test data, key is [persist.kvStaTest_846] data=[Wdoft7"p'8"aPy8n5,e%#%T2!"]
Insert a test data, key is [persist.kvStaTest_847] data=[#AFy"J+1-CG"#d0pQ%&&Pk!Gy*1]
Insert a test data, key is [persist.kvStaTest_848] data=["""!#'l&opE##"au'"47lqmM&O6)]
Insert a test data, key is [persist.kvStaTest_849] data=[V"j2,,x,,)"!*1!S0#ec3#"z!(tA6]
Insert a test data, key is [persist.kvStaTest_850] data=[!-Q'.!/SN3K&-W(!8d+y]
Insert a test data, key is [persist.kvStaTest_851] data=[75%)7lU4%Z!!064!/#4!u]
Insert a test data, key is [persist.kvStaTest_852] data=[!!V#"*&S4c"!9&V1!&D"OC]
Insert a test data, key is [persist.kvStaTest_853] data=[3v#9Dl6K,k##+Y"0#ok8#"-]
Insert a test data, key is [persist.kvStaTest_854] data=[b8-68!q2#'L54!a56I("k&#J]
Insert a test data, key is [persist.kvStaTest_855] data=[#8"S#V"Hq*H'rdQ)w!#s"8M)B]
Insert a test data, key is [persist.kvStaTest_856] data=[,9n!"R!/QVH'6,L5/,N9wT8B-"]
Insert a test data, key is [persist.kvStaTest_857] data=[-,ZV!k!4(!C&Y7!f#%'X/#7U43a]
Insert a test data, key is [persist.kvStaTest_858] data=[#s4#8pAA!g42bTVL87cJK!7#y9QN]
Insert a test data, key is [persist.kvStaTest_859] data=[tP8uW#/",o(Iwqe"G&R+B5tEivkXH]
Insert a test data, key is [persist.kvStaTest_860] data=[/yMCp1%-U'#I9#kR%L7p]
Insert a test data, key is [persist.kvStaTest_861] data=[3#"rQweek8*MS903218Z9]
Insert a test data, key is [persist.kvStaTest_862] data=[x%2K!r#(T,8%!1(10"9"Y2]
Insert a test data, key is [persist.kvStaTest_863] data=[/-7"9!o'Dd.m7#Ioh2hPV"!]
Insert a test data, key is [persist.kvStaTest_864] data=[z4NPcvf2O!ucyA!/3#!B!656]
Insert a test data, key is [persist.kvStaTest_865] data=[##MY%NKCs28JE0Y,#A4wf5#eK]
Insert a test data, key is [persist.kvStaTest_866] data=[x'Y5L"a(d"06&'j3sw8dO/%SZw]
Insert a test data, key is [persist.kvStaTest_867] data=[V"#a)#7,1P(rYh2z03E#49"4"*!]
Insert a test data, key is [persist.kvStaTest_868] data=[#X!rV7H-67"(13".%2xf0t!o"0)V]
Insert a test data, key is [persist.kvStaTest_869] data=[!!(G9u##9M#7Nz26#2*####Ew&Dq2]
Insert a test data, key is [persist.kvStaTest_870] data=[.&!.!/.990*(/.E/"Er(]
Insert a test data, key is [persist.kvStaTest_871] data=["8%nW"(A)EWt9-H!4Yv"V]
Insert a test data, key is [persist.kvStaTest_872] data=["12#XU"h#)o##*8"0rI/J2]
Insert a test data, key is [persist.kvStaTest_873] data=[Sy"'t48'#j#L+#801bT#Qhi]
Insert a test data, key is [persist.kvStaTest_874] data=[!6,pn%2#WIS2'3#0G(!/!4)m]
Insert a test data, key is [persist.kvStaTest_875] data=[BoN//f+Bd!lP/*/"bZ#2,BckI]
Insert a test data, key is [persist.kvStaTest_876] data=[l3Dr"4Y4kn07'"8!!((##E8w#']
Insert a test data, key is [persist.kvStaTest_877] data=[1,#B&"6"N8-31&+yq.U!#"r#gyr]
Insert a test data, key is [persist.kvStaTest_878] data=[(Z6%i5A"Z'2G0Gpa0KLM0/!ou+L#]
Insert a test data, key is [persist.kvStaTest_879] data=[e5O.K#r-V1"#zm"-6!1d"05C'A"7k]
Insert a test data, key is [persist.kvStaTest_880] data=[#%.ot5n6e954y!%&xpuO]
Insert a test data, key is [persist.kvStaTest_881] data=[E*.!4*r3C./90XM+"8A+%]
Insert a test data, key is [persist.kvStaTest_882] data=["10xI8!P%dFa625/6Wdoft]
Insert a test data, key is [persist.kvStaTest_883] data=[7"p'8"aPy8n5,e%#%T2!"#A]
Insert a test data, key is [persist.kvStaTest_884] data=[Fy"J+1-CG"#d0pQ%&&Pk!Gy*]
Insert a test data, key is [persist.kvStaTest_885] data=[1"""!#'l&opE##"au'"47lqmM]
Insert a test data, key is [persist.kvStaTest_886] data=[&O6)V"j2,,x,,)"!*1!S0#ec3#]
Insert a test data, key is [persist.kvStaTest_887] data=["z!(tA6!-Q'.!/SN3K&-W(!8d+y]
Insert a test data, key is [persist.kvStaTest_888] data=[75%)7lU4%Z!!064!/#4!u!!V#"*&]
Insert a test data, key is [persist.kvStaTest_889] data=[S4c"!9&V1!&D"OC3v#9Dl6K,k##+Y]
Insert a test data, key is [persist.kvStaTest_890] data=["0#ok8#"-b8-68!q2#'L]
Insert a test data, key is [persist.kvStaTest_891] data=[54!a56I("k&#J#8"S#V"H]
Insert a test data, key is [persist.kvStaTest_892] data=[q*H'rdQ)w!#s"8M)B,9n!"]
Insert a test data, key is [persist.kvStaTest_893] data=[R!/QVH'6,L5/,N9wT8B-"-,]
Insert a test data, key is [persist.kvStaTest_894] data=[ZV!k!4(!C&Y7!f#%'X/#7U43]
Insert a test data, key is [persist.kvStaTest_895] data=[a#s4#8pAA!g42bTVL87cJK!7#]
Insert a test data, key is [persist.kvStaTest_896] data=[y9QNtP8uW#/",o(Iwqe"G&R+B5]
Insert a test data, key is [persist.kvStaTest_897] data=[tEivkXH/yMCp1%-U'#I9#kR%L7p]
Insert a test data, key is [persist.kvStaTest_898] data=[3#"rQweek8*MS903218Z9x%2K!r#]
Insert a test data, key is [persist.kvStaTest_899] data=[(T,8%!1(10"9"Y2/-7"9!o'Dd.m7#]
Insert a test data, key is [persist.kvStaTest_900] data=[Ioh2hPV"!z4NPcvf2O!u]
Insert a test data, key is [persist.kvStaTest_901] data=[cyA!/3#!B!656##MY%NKC]
Insert a test data, key is [persist.kvStaTest_902] data=[s28JE0Y,#A4wf5#eKx'Y5L]
Insert a test data, key is [persist.kvStaTest_903] data=["a(d"06&'j3sw8dO/%SZwV"]
Insert a test data, key is [persist.kvStaTest_904] data=[#a)#7,1P(rYh2z03E#49"4"*]
Insert a test data, key is [persist.kvStaTest_905] data=[!#X!rV7H-67"(13".%2xf0t!o]
Insert a test data, key is [persist.kvStaTest_906] data=["0)V!!(G9u##9M#7Nz26#2*###]
Insert a test data, key is [persist.kvStaTest_907] data=[#Ew&Dq2.&!.!/.990*(/.E/"Er(]
Insert a test data, key is [persist.kvStaTest_908] data=["8%nW"(A)EWt9-H!4Yv"V"12#XU"]
Insert a test data, key is [persist.kvStaTest_909] data=[h#)o##*8"0rI/J2Sy"'t48'#j#L+#]
Insert a test data, key is [persist.kvStaTest_910] data=[801bT#Qhi!6,pn%2#WIS]
Insert a test data, key is [persist.kvStaTest_911] data=[2'3#0G(!/!4)mBoN//f+B]
Insert a test data, key is [persist.kvStaTest_912] data=[d!lP/*/"bZ#2,BckIl3Dr"]
Insert a test data, key is [persist.kvStaTest_913] data=[4Y4kn07'"8!!((##E8w#'1,]
Insert a test data, key is [persist.kvStaTest_914] data=[#B&"6"N8-31&+yq.U!#"r#gy]
Insert a test data, key is [persist.kvStaTest_915] data=[r(Z6%i5A"Z'2G0Gpa0KLM0/!o]
Insert a test data, key is [persist.kvStaTest_916] data=[u+L#e5O.K#r-V1"#zm"-6!1d"0]
Insert a test data, key is [persist.kvStaTest_917] data=[5C'A"7k#%.ot5n6e954y!%&xpuO]
Insert a test data, key is [persist.kvStaTest_918] data=[E*.!4*r3C./90XM+"8A+%"10xI8!]
Insert a test data, key is [persist.kvStaTest_919] data=[P%dFa625/6Wdoft7"p'8"aPy8n5,e]
Insert a test data, key is [persist.kvStaTest_920] data=[%#%T2!"#AFy"J+1-CG"#]
Insert a test data, key is [persist.kvStaTest_921] data=[d0pQ%&&Pk!Gy*1"""!#'l]
Insert a test data, key is [persist.kvStaTest_922] data=[&opE##"au'"47lqmM&O6)V]
Insert a test data, key is [persist.kvStaTest_923] data=["j2,,x,,)"!*1!S0#ec3#"z]
Insert a test data, key is [persist.kvStaTest_924] data=[!(tA6!-Q'.!/SN3K&-W(!8d+]
Insert a test data, key is [persist.kvStaTest_925] data=[y75%)7lU4%Z!!064!/#4!u!!V]
Insert a test data, key is [persist.kvStaTest_926] data=[#"*&S4c"!9&V1!&D"OC3v#9Dl6]
Insert a test data, key is [persist.kvStaTest_927] data=[K,k##+Y"0#ok8#"-b8-68!q2#'L]
Insert a test data, key is [persist.kvStaTest_928] data=[54!a56I("k&#J#8"S#V"Hq*H'rdQ]
Insert a test data, key is [persist.kvStaTest_929] data=[)w!#s"8M)B,9n!"R!/QVH'6,L5/,N]
Insert a test data, key is [persist.kvStaTest_930] data=[9wT8B-"-,ZV!k!4(!C&Y]
Insert a test data, key is [persist.kvStaTest_931] data=[7!f#%'X/#7U43a#s4#8pA]
Insert a test data, key is [persist.kvStaTest_932] data=[A!g42bTVL87cJK!7#y9QNt]
Insert a test data, key is [persist.kvStaTest_933] data=[P8uW#/",o(Iwqe"G&R+B5tE]
Insert a test data, key is [persist.kvStaTest_934] data=[ivkXH/yMCp1%-U'#I9#kR%L7]
Insert a test data, key is [persist.kvStaTest_935] data=[p3#"rQweek8*MS903218Z9x%2]
Insert a test data, key is [persist.kvStaTest_936] data=[K!r#(T,8%!1(10"9"Y2/-7"9!o]
Insert a test data, key is [persist.kvStaTest_937] data=['Dd.m7#Ioh2hPV"!z4NPcvf2O!u]
Insert a test data, key is [persist.kvStaTest_938] data=[cyA!/3#!B!656##MY%NKCs28JE0Y]
Insert a test data, key is [persist.kvStaTest_939] data=[,#A4wf5#eKx'Y5L"a(d"06&'j3sw8]
Insert a test data, key is [persist.kvStaTest_940] data=[dO/%SZwV"#a)#7,1P(rY]
Insert a test data, key is [persist.kvStaTest_941] data=[h2z03E#49"4"*!#X!rV7H]
Insert a test data, key is [persist.kvStaTest_942] data=[-67"(13".%2xf0t!o"0)V!]
Insert a test data, key is [persist.kvStaTest_943] data=[!(G9u##9M#7Nz26#2*####E]
Insert a test data, key is [persist.kvStaTest_944] data=[w&Dq2.&!.!/.990*(/.E/"Er]
Insert a test data, key is [persist.kvStaTest_945] data=[("8%nW"(A)EWt9-H!4Yv"V"12]
Insert a test data, key is [persist.kvStaTest_946] data=[#XU"h#)o##*8"0rI/J2Sy"'t48]
Insert a test data, key is [persist.kvStaTest_947] data=['#j#L+#801bT#Qhi!6,pn%2#WIS]
Insert a test data, key is [persist.kvStaTest_948] data=[2'3#0G(!/!4)mBoN//f+Bd!lP/*/]
Insert a test data, key is [persist.kvStaTest_949] data=["bZ#2,BckIl3Dr"4Y4kn07'"8!!((]
Insert a test data, key is [persist.kvStaTest_950] data=[##E8w#'1,#B&"6"N8-31]
Insert a test data, key is [persist.kvStaTest_951] data=[&+yq.U!#"r#gyr(Z6%i5A]
Insert a test data, key is [persist.kvStaTest_952] data=["Z'2G0Gpa0KLM0/!ou+L#e]
Insert a test data, key is [persist.kvStaTest_953] data=[5O.K#r-V1"#zm"-6!1d"05C]
Insert a test data, key is [persist.kvStaTest_954] data=['A"7k#%.ot5n6e954y!%&xpu]
Insert a test data, key is [persist.kvStaTest_955] data=[OE*.!4*r3C./90XM+"8A+%"10]
Insert a test data, key is [persist.kvStaTest_956] data=[xI8!P%dFa625/6Wdoft7"p'8"a]
Insert a test data, key is [persist.kvStaTest_957] data=[Py8n5,e%#%T2!"#AFy"J+1-CG"#]
Insert a test data, key is [persist.kvStaTest_958] data=[d0pQ%&&Pk!Gy*1"""!#'l&opE##"]
Insert a test data, key is [persist.kvStaTest_959] data=[au'"47lqmM&O6)V"j2,,x,,)"!*1!]
Insert a test data, key is [persist.kvStaTest_960] data=[S0#ec3#"z!(tA6!-Q'.!]
Insert a test data, key is [persist.kvStaTest_961] data=[/SN3K&-W(!8d+y75%)7lU]
Insert a test data, key is [persist.kvStaTest_962] data=[4%Z!!064!/#4!u!!V#"*&S]
Insert a test data, key is [persist.kvStaTest_963] data=[4c"!9&V1!&D"OC3v#9Dl6K,]
Insert a test data, key is [persist.kvStaTest_964] data=[k##+Y"0#ok8#"-b8-68!q2#']
Insert a test data, key is [persist.kvStaTest_965] data=[L54!a56I("k&#J#8"S#V"Hq*H]
Insert a test data, key is [persist.kvStaTest_966] data=['rdQ)w!#s"8M)B,9n!"R!/QVH']
Insert a test data, key is [persist.kvStaTest_967] data=[6,L5/,N9wT8B-"-,ZV!k!4(!C&Y]
Insert a test data, key is [persist.kvStaTest_968] data=[7!f#%'X/#7U43a#s4#8pAA!g42bT]
Insert a test data, key is [persist.kvStaTest_969] data=[VL87cJK!7#y9QNtP8uW#/",o(Iwqe]
Insert a test data, key is [persist.kvStaTest_970] data=["G&R+B5tEivkXH/yMCp1]
Insert a test data, key is [persist.kvStaTest_971] data=[%-U'#I9#kR%L7p3#"rQwe]
Insert a test data, key is [persist.kvStaTest_972] data=[ek8*MS903218Z9x%2K!r#(]
Insert a test data, key is [persist.kvStaTest_973] data=[T,8%!1(10"9"Y2/-7"9!o'D]
Insert a test data, key is [persist.kvStaTest_974] data=[d.m7#Ioh2hPV"!z4NPcvf2O!]
Insert a test data, key is [persist.kvStaTest_975] data=[ucyA!/3#!B!656##MY%NKCs28]
Insert a test data, key is [persist.kvStaTest_976] data=[JE0Y,#A4wf5#eKx'Y5L"a(d"06]
Insert a test data, key is [persist.kvStaTest_977] data=[&'j3sw8dO/%SZwV"#a)#7,1P(rY]
Insert a test data, key is [persist.kvStaTest_978] data=[h2z03E#49"4"*!#X!rV7H-67"(13]
Insert a test data, key is [persist.kvStaTest_979] data=[".%2xf0t!o"0)V!!(G9u##9M#7Nz2]
Insert a test data, key is [persist.kvStaTest_980] data=[6#2*####Ew&Dq2.&!.!/]
Insert a test data, key is [persist.kvStaTest_981] data=[.990*(/.E/"Er("8%nW"(]
Insert a test data, key is [persist.kvStaTest_982] data=[A)EWt9-H!4Yv"V"12#XU"h]
Insert a test data, key is [persist.kvStaTest_983] data=[#)o##*8"0rI/J2Sy"'t48'#]
Insert a test data, key is [persist.kvStaTest_984] data=[j#L+#801bT#Qhi!6,pn%2#WI]
Insert a test data, key is [persist.kvStaTest_985] data=[S2'3#0G(!/!4)mBoN//f+Bd!l]
Insert a test data, key is [persist.kvStaTest_986] data=[P/*/"bZ#2,BckIl3Dr"4Y4kn07]
Insert a test data, key is [persist.kvStaTest_987] data=['"8!!((##E8w#'1,#B&"6"N8-31]
Insert a test data, key is [persist.kvStaTest_988] data=[&+yq.U!#"r#gyr(Z6%i5A"Z'2G0G]
Insert a test data, key is [persist.kvStaTest_989] data=[pa0KLM0/!ou+L#e5O.K#r-V1"#zm"]
Insert a test data, key is [persist.kvStaTest_990] data=[-6!1d"05C'A"7k#%.ot5]
Insert a test data, key is [persist.kvStaTest_991] data=[n6e954y!%&xpuOE*.!4*r]
Insert a test data, key is [persist.kvStaTest_992] data=[3C./90XM+"8A+%"10xI8!P]
Insert a test data, key is [persist.kvStaTest_993] data=[%dFa625/6Wdoft7"p'8"aPy]
Insert a test data, key is [persist.kvStaTest_994] data=[8n5,e%#%T2!"#AFy"J+1-CG"]
Insert a test data, key is [persist.kvStaTest_995] data=[#d0pQ%&&Pk!Gy*1"""!#'l&op]
Insert a test data, key is [persist.kvStaTest_996] data=[E##"au'"47lqmM&O6)V"j2,,x,]
Insert a test data, key is [persist.kvStaTest_997] data=[,)"!*1!S0#ec3#"z!(tA6!-Q'.!]
Insert a test data, key is [persist.kvStaTest_998] data=[/SN3K&-W(!8d+y75%)7lU4%Z!!06]
Insert a test data, key is [persist.kvStaTest_999] data=[4!/#4!u!!V#"*&S4c"!9&V1!&D"OC]
Insert a test data, key is [persist.kvStaTest_1000] data=[3v#9Dl6K,k##+Y"0#ok8]
Insert a test data, key is [persist.kvStaTest_1001] data=[#"-b8-68!q2#'L54!a56I]
Insert a test data, key is [persist.kvStaTest_1002] data=[("k&#J#8"S#V"Hq*H'rdQ)]
Insert a test data, key is [persist.kvStaTest_1003] data=[w!#s"8M)B,9n!"R!/QVH'6,]
Insert a test data, key is [persist.kvStaTest_1004] data=[L5/,N9wT8B-"-,ZV!k!4(!C&]
Insert a test data, key is [persist.kvStaTest_1005] data=[Y7!f#%'X/#7U43a#s4#8pAA!g]
Insert a test data, key is [persist.kvStaTest_1006] data=[42bTVL87cJK!7#y9QNtP8uW#/"]
Insert a test data, key is [persist.kvStaTest_1007] data=[,o(Iwqe"G&R+B5tEivkXH/yMCp1]
Insert a test data, key is [persist.kvStaTest_1008] data=[%-U'#I9#kR%L7p3#"rQweek8*MS9]
Insert a test data, key is [persist.kvStaTest_1009] data=[03218Z9x%2K!r#(T,8%!1(10"9"Y2]
Insert a test data, key is [persist.kvStaTest_1010] data=[/-7"9!o'Dd.m7#Ioh2hP]
Insert a test data, key is [persist.kvStaTest_1011] data=[V"!z4NPcvf2O!ucyA!/3#]
Insert a test data, key is [persist.kvStaTest_1012] data=[!B!656##MY%NKCs28JE0Y,]
Insert a test data, key is [persist.kvStaTest_1013] data=[#A4wf5#eKx'Y5L"a(d"06&']
Insert a test data, key is [persist.kvStaTest_1014] data=[j3sw8dO/%SZwV"#a)#7,1P(r]
Insert a test data, key is [persist.kvStaTest_1015] data=[Yh2z03E#49"4"*!#X!rV7H-67]
Insert a test data, key is [persist.kvStaTest_1016] data=["(13".%2xf0t!o"0)V!!(G9u##]
Insert a test data, key is [persist.kvStaTest_1017] data=[9M#7Nz26#2*####Ew&Dq2.&!.!/]
Insert a test data, key is [persist.kvStaTest_1018] data=[.990*(/.E/"Er("8%nW"(A)EWt9-]
Insert a test data, key is [persist.kvStaTest_1019] data=[H!4Yv"V"12#XU"h#)o##*8"0rI/J2]
Insert a test data, key is [persist.kvStaTest_1020] data=[Sy"'t48'#j#L+#801bT#]
Insert a test data, key is [persist.kvStaTest_1021] data=[Qhi!6,pn%2#WIS2'3#0G(]
Insert a test data, key is [persist.kvStaTest_1022] data=[!/!4)mBoN//f+Bd!lP/*/"]
Insert a test data, key is [persist.kvStaTest_1023] data=[bZ#2,BckIl3Dr"4Y4kn07'"]
Insert a test data, key is [persist.kvStaTest_1024] data=[8!!((##E8w#'1,#B&"6"N8-3]
Insert a test data, key is [persist.kvStaTest_1025] data=[1&+yq.U!#"r#gyr(Z6%i5A"Z']
Insert a test data, key is [persist.kvStaTest_1026] data=[2G0Gpa0KLM0/!ou+L#e5O.K#r-]
Insert a test data, key is [persist.kvStaTest_1027] data=[V1"#zm"-6!1d"05C'A"7k#%.ot5]
Insert a test data, key is [persist.kvStaTest_1028] data=[n6e954y!%&xpuOE*.!4*r3C./90X]
Insert a test data, key is [persist.kvStaTest_1029] data=[M+"8A+%"10xI8!P%dFa625/6Wdoft]
Insert a test data, key is [persist.kvStaTest_1030] data=[7"p'8"aPy8n5,e%#%T2!]
Insert a test data, key is [persist.kvStaTest_1031] data=["#AFy"J+1-CG"#d0pQ%&&]
Insert a test data, key is [persist.kvStaTest_1032] data=[Pk!Gy*1"""!#'l&opE##"a]
Insert a test data, key is [persist.kvStaTest_1033] data=[u'"47lqmM&O6)V"j2,,x,,)]
Insert a test data, key is [persist.kvStaTest_1034] data=["!*1!S0#ec3#"z!(tA6!-Q'.]
Insert a test data, key is [persist.kvStaTest_1035] data=[!/SN3K&-W(!8d+y75%)7lU4%Z]
Insert a test data, key is [persist.kvStaTest_1036] data=[!!064!/#4!u!!V#"*&S4c"!9&V]
Insert a test data, key is [persist.kvStaTest_1037] data=[1!&D"OC3v#9Dl6K,k##+Y"0#ok8]
Insert a test data, key is [persist.kvStaTest_1038] data=[#"-b8-68!q2#'L54!a56I("k&#J#]
Insert a test data, key is [persist.kvStaTest_1039] data=[8"S#V"Hq*H'rdQ)w!#s"8M)B,9n!"]
Insert a test data, key is [persist.kvStaTest_1040] data=[R!/QVH'6,L5/,N9wT8B-]
Insert a test data, key is [persist.kvStaTest_1041] data=["-,ZV!k!4(!C&Y7!f#%'X]
Insert a test data, key is [persist.kvStaTest_1042] data=[/#7U43a#s4#8pAA!g42bTV]
Insert a test data, key is [persist.kvStaTest_1043] data=[L87cJK!7#y9QNtP8uW#/",o]
Insert a test data, key is [persist.kvStaTest_1044] data=[(Iwqe"G&R+B5tEivkXH/yMCp]
Insert a test data, key is [persist.kvStaTest_1045] data=[1%-U'#I9#kR%L7p3#"rQweek8]
Insert a test data, key is [persist.kvStaTest_1046] data=[*MS903218Z9x%2K!r#(T,8%!1(]
Insert a test data, key is [persist.kvStaTest_1047] data=[10"9"Y2/-7"9!o'Dd.m7#Ioh2hP]
Insert a test data, key is [persist.kvStaTest_1048] data=[V"!z4NPcvf2O!ucyA!/3#!B!656#]
Insert a test data, key is [persist.kvStaTest_1049] data=[#MY%NKCs28JE0Y,#A4wf5#eKx'Y5L]
Insert a test data, key is [persist.kvStaTest_1050] data=["a(d"06&'j3sw8dO/%SZ]
Insert a test data, key is [persist.kvStaTest_1051] data=[wV"#a)#7,1P(rYh2z03E#]
Insert a test data, key is [persist.kvStaTest_1052] data=[49"4"*!#X!rV7H-67"(13"]
Insert a test data, key is [persist.kvStaTest_1053] data=[.%2xf0t!o"0)V!!(G9u##9M]
Insert a test data, key is [persist.kvStaTest_1054] data=[#7Nz26#2*####Ew&Dq2.&!.!]
Insert a test data, key is [persist.kvStaTest_1055] data=[/.990*(/.E/"Er("8%nW"(A)E]
Insert a test data, key is [persist.kvStaTest_1056] data=[Wt9-H!4Yv"V"12#XU"h#)o##*8]
Insert a test data, key is [persist.kvStaTest_1057] data=["0rI/J2Sy"'t48'#j#L+#801bT#]
Insert a test data, key is [persist.kvStaTest_1058] data=[Qhi!6,pn%2#WIS2'3#0G(!/!4)mB]
Insert a test data, key is [persist.kvStaTest_1059] data=[oN//f+Bd!lP/*/"bZ#2,BckIl3Dr"]
Insert a test data, key is [persist.kvStaTest_1060] data=[4Y4kn07'"8!!((##E8w#]
Insert a test data, key is [persist.kvStaTest_1061] data=['1,#B&"6"N8-31&+yq.U!]
Insert a test data, key is [persist.kvStaTest_1062] data=[#"r#gyr(Z6%i5A"Z'2G0Gp]
Insert a test data, key is [persist.kvStaTest_1063] data=[a0KLM0/!ou+L#e5O.K#r-V1]
Insert a test data, key is [persist.kvStaTest_1064] data=["#zm"-6!1d"05C'A"7k#%.ot]
Insert a test data, key is [persist.kvStaTest_1065] data=[5n6e954y!%&xpuOE*.!4*r3C.]
Insert a test data, key is [persist.kvStaTest_1066] data=[/90XM+"8A+%"10xI8!P%dFa625]
Insert a test data, key is [persist.kvStaTest_1067] data=[/6Wdoft7"p'8"aPy8n5,e%#%T2!]
Insert a test data, key is [persist.kvStaTest_1068] data=["#AFy"J+1-CG"#d0pQ%&&Pk!Gy*1]
Insert a test data, key is [persist.kvStaTest_1069] data=["""!#'l&opE##"au'"47lqmM&O6)V]
Insert a test data, key is [persist.kvStaTest_1070] data=["j2,,x,,)"!*1!S0#ec3]
Insert a test data, key is [persist.kvStaTest_1071] data=[#"z!(tA6!-Q'.!/SN3K&-]
Insert a test data, key is [persist.kvStaTest_1072] data=[W(!8d+y75%)7lU4%Z!!064]
Insert a test data, key is [persist.kvStaTest_1073] data=[!/#4!u!!V#"*&S4c"!9&V1!]
Insert a test data, key is [persist.kvStaTest_1074] data=[&D"OC3v#9Dl6K,k##+Y"0#ok]
Insert a test data, key is [persist.kvStaTest_1075] data=[8#"-b8-68!q2#'L54!a56I("k]
Insert a test data, key is [persist.kvStaTest_1076] data=[&#J#8"S#V"Hq*H'rdQ)w!#s"8M]
Insert a test data, key is [persist.kvStaTest_1077] data=[)B,9n!"R!/QVH'6,L5/,N9wT8B-]
Insert a test data, key is [persist.kvStaTest_1078] data=["-,ZV!k!4(!C&Y7!f#%'X/#7U43a]
Insert a test data, key is [persist.kvStaTest_1079] data=[#s4#8pAA!g42bTVL87cJK!7#y9QNt]
Insert a test data, key is [persist.kvStaTest_1080] data=[P8uW#/",o(Iwqe"G&R+B]
Insert a test data, key is [persist.kvStaTest_1081] data=[5tEivkXH/yMCp1%-U'#I9]
Insert a test data, key is [persist.kvStaTest_1082] data=[#kR%L7p3#"rQweek8*MS90]
Insert a test data, key is [persist.kvStaTest_1083] data=[3218Z9x%2K!r#(T,8%!1(10]
Insert a test data, key is [persist.kvStaTest_1084] data=["9"Y2/-7"9!o'Dd.m7#Ioh2h]
Insert a test data, key is [persist.kvStaTest_1085] data=[PV"!z4NPcvf2O!ucyA!/3#!B!]
Insert a test data, key is [persist.kvStaTest_1086] data=[656##MY%NKCs28JE0Y,#A4wf5#]
Insert a test data, key is [persist.kvStaTest_1087] data=[eKx'Y5L"a(d"06&'j3sw8dO/%SZ]
Insert a test data, key is [persist.kvStaTest_1088] data=[wV"#a)#7,1P(rYh2z03E#49"4"*!]
Insert a test data, key is [persist.kvStaTest_1089] data=[#X!rV7H-67"(13".%2xf0t!o"0)V!]
Insert a test data, key is [persist.kvStaTest_1090] data=[!(G9u##9M#7Nz26#2*##]
Insert a test data, key is [persist.kvStaTest_1091] data=[##Ew&Dq2.&!.!/.990*(/]
Insert a test data, key is [persist.kvStaTest_1092] data=[.E/"Er("8%nW"(A)EWt9-H]
Insert a test data, key is [persist.kvStaTest_1093] data=[!4Yv"V"12#XU"h#)o##*8"0]
Insert a test data, key is [persist.kvStaTest_1094] data=[rI/J2Sy"'t48'#j#L+#801bT]
Insert a test data, key is [persist.kvStaTest_1095] data=[#Qhi!6,pn%2#WIS2'3#0G(!/!]
Insert a test data, key is [persist.kvStaTest_1096] data=[4)mBoN//f+Bd!lP/*/"bZ#2,Bc]
Insert a test data, key is [persist.kvStaTest_1097] data=[kIl3Dr"4Y4kn07'"8!!((##E8w#]
Insert a test data, key is [persist.kvStaTest_1098] data=['1,#B&"6"N8-31&+yq.U!#"r#gyr]
Insert a test data, key is [persist.kvStaTest_1099] data=[(Z6%i5A"Z'2G0Gpa0KLM0/!ou+L#e]
Insert a test data, key is [persist.kvStaTest_1100] data=[5O.K#r-V1"#zm"-6!1d"]
Insert a test data, key is [persist.kvStaTest_1101] data=[05C'A"7k#%.ot5n6e954y]
Insert a test data, key is [persist.kvStaTest_1102] data=[!%&xpuOE*.!4*r3C./90XM]
Insert a test data, key is [persist.kvStaTest_1103] data=[+"8A+%"10xI8!P%dFa625/6]
Insert a test data, key is [persist.kvStaTest_1104] data=[Wdoft7"p'8"aPy8n5,e%#%T2]
Insert a test data, key is [persist.kvStaTest_1105] data=[!"#AFy"J+1-CG"#d0pQ%&&Pk!]
Insert a test data, key is [persist.kvStaTest_1106] data=[Gy*1"""!#'l&opE##"au'"47lq]
Insert a test data, key is [persist.kvStaTest_1107] data=[mM&O6)V"j2,,x,,)"!*1!S0#ec3]
Insert a test data, key is [persist.kvStaTest_1108] data=[#"z!(tA6!-Q'.!/SN3K&-W(!8d+y]
Insert a test data, key is [persist.kvStaTest_1109] data=[75%)7lU4%Z!!064!/#4!u!!V#"*&S]
Insert a test data, key is [persist.kvStaTest_1110] data=[4c"!9&V1!&D"OC3v#9Dl]
Insert a test data, key is [persist.kvStaTest_1111] data=[6K,k##+Y"0#ok8#"-b8-6]
Insert a test data, key is [persist.kvStaTest_1112] data=[8!q2#'L54!a56I("k&#J#8]
Insert a test data, key is [persist.kvStaTest_1113] data=["S#V"Hq*H'rdQ)w!#s"8M)B]
Insert a test data, key is [persist.kvStaTest_1114] data=[,9n!"R!/QVH'6,L5/,N9wT8B]
Insert a test data, key is [persist.kvStaTest_1115] data=[-"-,ZV!k!4(!C&Y7!f#%'X/#7]
Insert a test data, key is [persist.kvStaTest_1116] data=[U43a#s4#8pAA!g42bTVL87cJK!]
Insert a test data, key is [persist.kvStaTest_1117] data=[7#y9QNtP8uW#/",o(Iwqe"G&R+B]
Insert a test data, key is [persist.kvStaTest_1118] data=[5tEivkXH/yMCp1%-U'#I9#kR%L7p]
Insert a test data, key is [persist.kvStaTest_1119] data=[3#"rQweek8*MS903218Z9x%2K!r#(]
Insert a test data, key is [persist.kvStaTest_1120] data=[T,8%!1(10"9"Y2/-7"9!]
Insert a test data, key is [persist.kvStaTest_1121] data=[o'Dd.m7#Ioh2hPV"!z4NP]
Insert a test data, key is [persist.kvStaTest_1122] data=[cvf2O!ucyA!/3#!B!656##]
Insert a test data, key is [persist.kvStaTest_1123] data=[MY%NKCs28JE0Y,#A4wf5#eK]
Insert a test data, key is [persist.kvStaTest_1124] data=[x'Y5L"a(d"06&'j3sw8dO/%S]
Insert a test data, key is [persist.kvStaTest_1125] data=[ZwV"#a)#7,1P(rYh2z03E#49"]
Insert a test data, key is [persist.kvStaTest_1126] data=[4"*!#X!rV7H-67"(13".%2xf0t]
Insert a test data, key is [persist.kvStaTest_1127] data=[!o"0)V!!(G9u##9M#7Nz26#2*##]
Insert a test data, key is [persist.kvStaTest_1128] data=[##Ew&Dq2.&!.!/.990*(/.E/"Er(]
Insert a test data, key is [persist.kvStaTest_1129] data=["8%nW"(A)EWt9-H!4Yv"V"12#XU"h]
Insert a test data, key is [persist.kvStaTest_1130] data=[#)o##*8"0rI/J2Sy"'t4]
Insert a test data, key is [persist.kvStaTest_1131] data=[8'#j#L+#801bT#Qhi!6,p]
Insert a test data, key is [persist.kvStaTest_1132] data=[n%2#WIS2'3#0G(!/!4)mBo]
Insert a test data, key is [persist.kvStaTest_1133] data=[N//f+Bd!lP/*/"bZ#2,BckI]
Insert a test data, key is [persist.kvStaTest_1134] data=[l3Dr"4Y4kn07'"8!!((##E8w]
Insert a test data, key is [persist.kvStaTest_1135] data=[#'1,#B&"6"N8-31&+yq.U!#"r]
Insert a test data, key is [persist.kvStaTest_1136] data=[#gyr(Z6%i5A"Z'2G0Gpa0KLM0/]
Insert a test data, key is [persist.kvStaTest_1137] data=[!ou+L#e5O.K#r-V1"#zm"-6!1d"]
Insert a test data, key is [persist.kvStaTest_1138] data=[05C'A"7k#%.ot5n6e954y!%&xpuO]
Insert a test data, key is [persist.kvStaTest_1139] data=[E*.!4*r3C./90XM+"8A+%"10xI8!P]
Insert a test data, key is [persist.kvStaTest_1140] data=[%dFa625/6Wdoft7"p'8"]
Insert a test data, key is [persist.kvStaTest_1141] data=[aPy8n5,e%#%T2!"#AFy"J]
Insert a test data, key is [persist.kvStaTest_1142] data=[+1-CG"#d0pQ%&&Pk!Gy*1"]
Insert a test data, key is [persist.kvStaTest_1143] data=[""!#'l&opE##"au'"47lqmM]
Insert a test data, key is [persist.kvStaTest_1144] data=[&O6)V"j2,,x,,)"!*1!S0#ec]
Insert a test data, key is [persist.kvStaTest_1145] data=[3#"z!(tA6!-Q'.!/SN3K&-W(!]
Insert a test data, key is [persist.kvStaTest_1146] data=[8d+y75%)7lU4%Z!!064!/#4!u!]
Insert a test data, key is [persist.kvStaTest_1147] data=[!V#"*&S4c"!9&V1!&D"OC3v#9Dl]
Insert a test data, key is [persist.kvStaTest_1148] data=[6K,k##+Y"0#ok8#"-b8-68!q2#'L]
Insert a test data, key is [persist.kvStaTest_1149] data=[54!a56I("k&#J#8"S#V"Hq*H'rdQ)]
Insert a test data, key is [persist.kvStaTest_1150] data=[w!#s"8M)B,9n!"R!/QVH]
Insert a test data, key is [persist.kvStaTest_1151] data=['6,L5/,N9wT8B-"-,ZV!k]
Insert a test data, key is [persist.kvStaTest_1152] data=[!4(!C&Y7!f#%'X/#7U43a#]
Insert a test data, key is [persist.kvStaTest_1153] data=[s4#8pAA!g42bTVL87cJK!7#]
Insert a test data, key is [persist.kvStaTest_1154] data=[y9QNtP8uW#/",o(Iwqe"G&R+]
Insert a test data, key is [persist.kvStaTest_1155] data=[B5tEivkXH/yMCp1%-U'#I9#kR]
Insert a test data, key is [persist.kvStaTest_1156] data=[%L7p3#"rQweek8*MS903218Z9x]
Insert a test data, key is [persist.kvStaTest_1157] data=[%2K!r#(T,8%!1(10"9"Y2/-7"9!]
Insert a test data, key is [persist.kvStaTest_1158] data=[o'Dd.m7#Ioh2hPV"!z4NPcvf2O!u]
Insert a test data, key is [persist.kvStaTest_1159] data=[cyA!/3#!B!656##MY%NKCs28JE0Y,]
Insert a test data, key is [persist.kvStaTest_1160] data=[#A4wf5#eKx'Y5L"a(d"0]
Insert a test data, key is [persist.kvStaTest_1161] data=[6&'j3sw8dO/%SZwV"#a)#]
Insert a test data, key is [persist.kvStaTest_1162] data=[7,1P(rYh2z03E#49"4"*!#]
Insert a test data, key is [persist.kvStaTest_1163] data=[X!rV7H-67"(13".%2xf0t!o]
Insert a test data, key is [persist.kvStaTest_1164] data=["0)V!!(G9u##9M#7Nz26#2*#]
Insert a test data, key is [persist.kvStaTest_1165] data=[###Ew&Dq2.&!.!/.990*(/.E/]
Insert a test data, key is [persist.kvStaTest_1166] data=["Er("8%nW"(A)EWt9-H!4Yv"V"]
Insert a test data, key is [persist.kvStaTest_1167] data=[12#XU"h#)o##*8"0rI/J2Sy"'t4]
Insert a test data, key is [persist.kvStaTest_1168] data=[8'#j#L+#801bT#Qhi!6,pn%2#WIS]
Insert a test data, key is [persist.kvStaTest_1169] data=[2'3#0G(!/!4)mBoN//f+Bd!lP/*/"]
Insert a test data, key is [persist.kvStaTest_1170] data=[bZ#2,BckIl3Dr"4Y4kn0]
Insert a test data, key is [persist.kvStaTest_1171] data=[7'"8!!((##E8w#'1,#B&"]
Insert a test data, key is [persist.kvStaTest_1172] data=[6"N8-31&+yq.U!#"r#gyr(]
Insert a test data, key is [persist.kvStaTest_1173] data=[Z6%i5A"Z'2G0Gpa0KLM0/!o]
Insert a test data, key is [persist.kvStaTest_1174] data=[u+L#e5O.K#r-V1"#zm"-6!1d]
Insert a test data, key is [persist.kvStaTest_1175] data=["05C'A"7k#%.ot5n6e954y!%&]
Insert a test data, key is [persist.kvStaTest_1176] data=[xpuOE*.!4*r3C./90XM+"8A+%"]
Insert a test data, key is [persist.kvStaTest_1177] data=[10xI8!P%dFa625/6Wdoft7"p'8"]
Insert a test data, key is [persist.kvStaTest_1178] data=[aPy8n5,e%#%T2!"#AFy"J+1-CG"#]
Insert a test data, key is [persist.kvStaTest_1179] data=[d0pQ%&&Pk!Gy*1"""!#'l&opE##"a]
Insert a test data, key is [persist.kvStaTest_1180] data=[u'"47lqmM&O6)V"j2,,x]
Insert a test data, key is [persist.kvStaTest_1181] data=[,,)"!*1!S0#ec3#"z!(tA]
Insert a test data, key is [persist.kvStaTest_1182] data=[6!-Q'.!/SN3K&-W(!8d+y7]
Insert a test data, key is [persist.kvStaTest_1183] data=[5%)7lU4%Z!!064!/#4!u!!V]
Insert a test data, key is [persist.kvStaTest_1184] data=[#"*&S4c"!9&V1!&D"OC3v#9D]
Insert a test data, key is [persist.kvStaTest_1185] data=[l6K,k##+Y"0#ok8#"-b8-68!q]
Insert a test data, key is [persist.kvStaTest_1186] data=[2#'L54!a56I("k&#J#8"S#V"Hq]
Insert a test data, key is [persist.kvStaTest_1187] data=[*H'rdQ)w!#s"8M)B,9n!"R!/QVH]
Insert a test data, key is [persist.kvStaTest_1188] data=['6,L5/,N9wT8B-"-,ZV!k!4(!C&Y]
Insert a test data, key is [persist.kvStaTest_1189] data=[7!f#%'X/#7U43a#s4#8pAA!g42bTV]
Insert a test data, key is [persist.kvStaTest_1190] data=[L87cJK!7#y9QNtP8uW#/]
Insert a test data, key is [persist.kvStaTest_1191] data=[",o(Iwqe"G&R+B5tEivkX]
Insert a test data, key is [persist.kvStaTest_1192] data=[H/yMCp1%-U'#I9#kR%L7p3]
Insert a test data, key is [persist.kvStaTest_1193] data=[#"rQweek8*MS903218Z9x%2]
Insert a test data, key is [persist.kvStaTest_1194] data=[K!r#(T,8%!1(10"9"Y2/-7"9]
Insert a test data, key is [persist.kvStaTest_1195] data=[!o'Dd.m7#Ioh2hPV"!z4NPcvf]
Insert a test data, key is [persist.kvStaTest_1196] data=[2O!ucyA!/3#!B!656##MY%NKCs]
Insert a test data, key is [persist.kvStaTest_1197] data=[28JE0Y,#A4wf5#eKx'Y5L"a(d"0]
Insert a test data, key is [persist.kvStaTest_1198] data=[6&'j3sw8dO/%SZwV"#a)#7,1P(rY]
Insert a test data, key is [persist.kvStaTest_1199] data=[h2z03E#49"4"*!#X!rV7H-67"(13"]
Insert a test data, key is [persist.kvStaTest_1200] data=[.%2xf0t!o"0)V!!(G9u#]
Insert a test data, key is [persist.kvStaTest_1201] data=[#9M#7Nz26#2*####Ew&Dq]
Insert a test data, key is [persist.kvStaTest_1202] data=[2.&!.!/.990*(/.E/"Er("]
Insert a test data, key is [persist.kvStaTest_1203] data=[8%nW"(A)EWt9-H!4Yv"V"12]
Insert a test data, key is [persist.kvStaTest_1204] data=[#XU"h#)o##*8"0rI/J2Sy"'t]
Insert a test data, key is [persist.kvStaTest_1205] data=[48'#j#L+#801bT#Qhi!6,pn%2]
Insert a test data, key is [persist.kvStaTest_1206] data=[#WIS2'3#0G(!/!4)mBoN//f+Bd]
Insert a test data, key is [persist.kvStaTest_1207] data=[!lP/*/"bZ#2,BckIl3Dr"4Y4kn0]
Insert a test data, key is [persist.kvStaTest_1208] data=[7'"8!!((##E8w#'1,#B&"6"N8-31]
Insert a test data, key is [persist.kvStaTest_1209] data=[&+yq.U!#"r#gyr(Z6%i5A"Z'2G0Gp]
Insert a test data, key is [persist.kvStaTest_1210] data=[a0KLM0/!ou+L#e5O.K#r]
Insert a test data, key is [persist.kvStaTest_1211] data=[-V1"#zm"-6!1d"05C'A"7]
Insert a test data, key is [persist.kvStaTest_1212] data=[k#%.ot5n6e954y!%&xpuOE]
Insert a test data, key is [persist.kvStaTest_1213] data=[*.!4*r3C./90XM+"8A+%"10]
Insert a test data, key is [persist.kvStaTest_1214] data=[xI8!P%dFa625/6Wdoft7"p'8]
Insert a test data, key is [persist.kvStaTest_1215] data=["aPy8n5,e%#%T2!"#AFy"J+1-]
Insert a test data, key is [persist.kvStaTest_1216] data=[CG"#d0pQ%&&Pk!Gy*1"""!#'l&]
Insert a test data, key is [persist.kvStaTest_1217] data=[opE##"au'"47lqmM&O6)V"j2,,x]
Insert a test data, key is [persist.kvStaTest_1218] data=[,,)"!*1!S0#ec3#"z!(tA6!-Q'.!]
Insert a test data, key is [persist.kvStaTest_1219] data=[/SN3K&-W(!8d+y75%)7lU4%Z!!064]
Insert a test data, key is [persist.kvStaTest_1220] data=[!/#4!u!!V#"*&S4c"!9&]
Insert a test data, key is [persist.kvStaTest_1221] data=[V1!&D"OC3v#9Dl6K,k##+]
Insert a test data, key is [persist.kvStaTest_1222] data=[Y"0#ok8#"-b8-68!q2#'L5]
Insert a test data, key is [persist.kvStaTest_1223] data=[4!a56I("k&#J#8"S#V"Hq*H]
Insert a test data, key is [persist.kvStaTest_1224] data=['rdQ)w!#s"8M)B,9n!"R!/QV]
Insert a test data, key is [persist.kvStaTest_1225] data=[H'6,L5/,N9wT8B-"-,ZV!k!4(]
Insert a test data, key is [persist.kvStaTest_1226] data=[!C&Y7!f#%'X/#7U43a#s4#8pAA]
Insert a test data, key is [persist.kvStaTest_1227] data=[!g42bTVL87cJK!7#y9QNtP8uW#/]
Insert a test data, key is [persist.kvStaTest_1228] data=[",o(Iwqe"G&R+B5tEivkXH/yMCp1]
Insert a test data, key is [persist.kvStaTest_1229] data=[%-U'#I9#kR%L7p3#"rQweek8*MS90]
Insert a test data, key is [persist.kvStaTest_1230] data=[3218Z9x%2K!r#(T,8%!1]
Insert a test data, key is [persist.kvStaTest_1231] data=[(10"9"Y2/-7"9!o'Dd.m7]
Insert a test data, key is [persist.kvStaTest_1232] data=[#Ioh2hPV"!z4NPcvf2O!uc]
Insert a test data, key is [persist.kvStaTest_1233] data=[yA!/3#!B!656##MY%NKCs28]
Insert a test data, key is [persist.kvStaTest_1234] data=[JE0Y,#A4wf5#eKx'Y5L"a(d"]
Insert a test data, key is [persist.kvStaTest_1235] data=[06&'j3sw8dO/%SZwV"#a)#7,1]
Insert a test data, key is [persist.kvStaTest_1236] data=[P(rYh2z03E#49"4"*!#X!rV7H-]
Insert a test data, key is [persist.kvStaTest_1237] data=[67"(13".%2xf0t!o"0)V!!(G9u#]
Insert a test data, key is [persist.kvStaTest_1238] data=[#9M#7Nz26#2*####Ew&Dq2.&!.!/]
Insert a test data, key is [persist.kvStaTest_1239] data=[.990*(/.E/"Er("8%nW"(A)EWt9-H]
Insert a test data, key is [persist.kvStaTest_1240] data=[!4Yv"V"12#XU"h#)o##*]
Insert a test data, key is [persist.kvStaTest_1241] data=[8"0rI/J2Sy"'t48'#j#L+]
Insert a test data, key is [persist.kvStaTest_1242] data=[#801bT#Qhi!6,pn%2#WIS2]
Insert a test data, key is [persist.kvStaTest_1243] data=['3#0G(!/!4)mBoN//f+Bd!l]
Insert a test data, key is [persist.kvStaTest_1244] data=[P/*/"bZ#2,BckIl3Dr"4Y4kn]
Insert a test data, key is [persist.kvStaTest_1245] data=[07'"8!!((##E8w#'1,#B&"6"N]
Insert a test data, key is [persist.kvStaTest_1246] data=[8-31&+yq.U!#"r#gyr(Z6%i5A"]
Insert a test data, key is [persist.kvStaTest_1247] data=[Z'2G0Gpa0KLM0/!ou+L#e5O.K#r]
Insert a test data, key is [persist.kvStaTest_1248] data=[-V1"#zm"-6!1d"05C'A"7k#%.ot5]
Insert a test data, key is [persist.kvStaTest_1249] data=[n6e954y!%&xpuOE*.!4*r3C./90XM]
Insert a test data, key is [persist.kvStaTest_1250] data=[+"8A+%"10xI8!P%dFa62]
Insert a test data, key is [persist.kvStaTest_1251] data=[5/6Wdoft7"p'8"aPy8n5,]
Insert a test data, key is [persist.kvStaTest_1252] data=[e%#%T2!"#AFy"J+1-CG"#d]
Insert a test data, key is [persist.kvStaTest_1253] data=[0pQ%&&Pk!Gy*1"""!#'l&op]
Insert a test data, key is [persist.kvStaTest_1254] data=[E##"au'"47lqmM&O6)V"j2,,]
Insert a test data, key is [persist.kvStaTest_1255] data=[x,,)"!*1!S0#ec3#"z!(tA6!-]
Insert a test data, key is [persist.kvStaTest_1256] data=[Q'.!/SN3K&-W(!8d+y75%)7lU4]
Insert a test data, key is [persist.kvStaTest_1257] data=[%Z!!064!/#4!u!!V#"*&S4c"!9&]
Insert a test data, key is [persist.kvStaTest_1258] data=[V1!&D"OC3v#9Dl6K,k##+Y"0#ok8]
Insert a test data, key is [persist.kvStaTest_1259] data=[#"-b8-68!q2#'L54!a56I("k&#J#8]
Insert a test data, key is [persist.kvStaTest_1260] data=["S#V"Hq*H'rdQ)w!#s"8]
Insert a test data, key is [persist.kvStaTest_1261] data=[M)B,9n!"R!/QVH'6,L5/,]
Insert a test data, key is [persist.kvStaTest_1262] data=[N9wT8B-"-,ZV!k!4(!C&Y7]
Insert a test data, key is [persist.kvStaTest_1263] data=[!f#%'X/#7U43a#s4#8pAA!g]
Insert a test data, key is [persist.kvStaTest_1264] data=[42bTVL87cJK!7#y9QNtP8uW#]
Insert a test data, key is [persist.kvStaTest_1265] data=[/",o(Iwqe"G&R+B5tEivkXH/y]
Insert a test data, key is [persist.kvStaTest_1266] data=[MCp1%-U'#I9#kR%L7p3#"rQwee]
Insert a test data, key is [persist.kvStaTest_1267] data=[k8*MS903218Z9x%2K!r#(T,8%!1]
Insert a test data, key is [persist.kvStaTest_1268] data=[(10"9"Y2/-7"9!o'Dd.m7#Ioh2hP]
Insert a test data, key is [persist.kvStaTest_1269] data=[V"!z4NPcvf2O!ucyA!/3#!B!656##]
Insert a test data, key is [persist.kvStaTest_1270] data=[MY%NKCs28JE0Y,#A4wf5]
Insert a test data, key is [persist.kvStaTest_1271] data=[#eKx'Y5L"a(d"06&'j3sw]
Insert a test data, key is [persist.kvStaTest_1272] data=[8dO/%SZwV"#a)#7,1P(rYh]
Insert a test data, key is [persist.kvStaTest_1273] data=[2z03E#49"4"*!#X!rV7H-67]
Insert a test data, key is [persist.kvStaTest_1274] data=["(13".%2xf0t!o"0)V!!(G9u]
Insert a test data, key is [persist.kvStaTest_1275] data=[##9M#7Nz26#2*####Ew&Dq2.&]
Insert a test data, key is [persist.kvStaTest_1276] data=[!.!/.990*(/.E/"Er("8%nW"(A]
Insert a test data, key is [persist.kvStaTest_1277] data=[)EWt9-H!4Yv"V"12#XU"h#)o##*]
Insert a test data, key is [persist.kvStaTest_1278] data=[8"0rI/J2Sy"'t48'#j#L+#801bT#]
Insert a test data, key is [persist.kvStaTest_1279] data=[Qhi!6,pn%2#WIS2'3#0G(!/!4)mBo]
Insert a test data, key is [persist.kvStaTest_1280] data=[N//f+Bd!lP/*/"bZ#2,B]
Insert a test data, key is [persist.kvStaTest_1281] data=[ckIl3Dr"4Y4kn07'"8!!(]
Insert a test data, key is [persist.kvStaTest_1282] data=[(##E8w#'1,#B&"6"N8-31&]
Insert a test data, key is [persist.kvStaTest_1283] data=[+yq.U!#"r#gyr(Z6%i5A"Z']
Insert a test data, key is [persist.kvStaTest_1284] data=[2G0Gpa0KLM0/!ou+L#e5O.K#]
Insert a test data, key is [persist.kvStaTest_1285] data=[r-V1"#zm"-6!1d"05C'A"7k#%]
Insert a test data, key is [persist.kvStaTest_1286] data=[.ot5n6e954y!%&xpuOE*.!4*r3]
Insert a test data, key is [persist.kvStaTest_1287] data=[C./90XM+"8A+%"10xI8!P%dFa62]
Insert a test data, key is [persist.kvStaTest_1288] data=[5/6Wdoft7"p'8"aPy8n5,e%#%T2!]
Insert a test data, key is [persist.kvStaTest_1289] data=["#AFy"J+1-CG"#d0pQ%&&Pk!Gy*1"]
Insert a test data, key is [persist.kvStaTest_1290] data=[""!#'l&opE##"au'"47l]
Insert a test data, key is [persist.kvStaTest_1291] data=[qmM&O6)V"j2,,x,,)"!*1]
Insert a test data, key is [persist.kvStaTest_1292] data=[!S0#ec3#"z!(tA6!-Q'.!/]
Insert a test data, key is [persist.kvStaTest_1293] data=[SN3K&-W(!8d+y75%)7lU4%Z]
Insert a test data, key is [persist.kvStaTest_1294] data=[!!064!/#4!u!!V#"*&S4c"!9]
Insert a test data, key is [persist.kvStaTest_1295] data=[&V1!&D"OC3v#9Dl6K,k##+Y"0]
Insert a test data, key is [persist.kvStaTest_1296] data=[#ok8#"-b8-68!q2#'L54!a56I(]
Insert a test data, key is [persist.kvStaTest_1297] data=["k&#J#8"S#V"Hq*H'rdQ)w!#s"8]
Insert a test data, key is [persist.kvStaTest_1298] data=[M)B,9n!"R!/QVH'6,L5/,N9wT8B-]
Insert a test data, key is [persist.kvStaTest_1299] data=["-,ZV!k!4(!C&Y7!f#%'X/#7U43a#]
Insert a test data, key is [persist.kvStaTest_1300] data=[s4#8pAA!g42bTVL87cJK]
Insert a test data, key is [persist.kvStaTest_1301] data=[!7#y9QNtP8uW#/",o(Iwq]
Insert a test data, key is [persist.kvStaTest_1302] data=[e"G&R+B5tEivkXH/yMCp1%]
Insert a test data, key is [persist.kvStaTest_1303] data=[-U'#I9#kR%L7p3#"rQweek8]
Insert a test data, key is [persist.kvStaTest_1304] data=[*MS903218Z9x%2K!r#(T,8%!]
Insert a test data, key is [persist.kvStaTest_1305] data=[1(10"9"Y2/-7"9!o'Dd.m7#Io]
Insert a test data, key is [persist.kvStaTest_1306] data=[h2hPV"!z4NPcvf2O!ucyA!/3#!]
Insert a test data, key is [persist.kvStaTest_1307] data=[B!656##MY%NKCs28JE0Y,#A4wf5]
Insert a test data, key is [persist.kvStaTest_1308] data=[#eKx'Y5L"a(d"06&'j3sw8dO/%SZ]
Insert a test data, key is [persist.kvStaTest_1309] data=[wV"#a)#7,1P(rYh2z03E#49"4"*!#]
Insert a test data, key is [persist.kvStaTest_1310] data=[X!rV7H-67"(13".%2xf0]
Insert a test data, key is [persist.kvStaTest_1311] data=[t!o"0)V!!(G9u##9M#7Nz]
Insert a test data, key is [persist.kvStaTest_1312] data=[26#2*####Ew&Dq2.&!.!/.]
Insert a test data, key is [persist.kvStaTest_1313] data=[990*(/.E/"Er("8%nW"(A)E]
Insert a test data, key is [persist.kvStaTest_1314] data=[Wt9-H!4Yv"V"12#XU"h#)o##]
Insert a test data, key is [persist.kvStaTest_1315] data=[*8"0rI/J2Sy"'t48'#j#L+#80]
Insert a test data, key is [persist.kvStaTest_1316] data=[1bT#Qhi!6,pn%2#WIS2'3#0G(!]
Insert a test data, key is [persist.kvStaTest_1317] data=[/!4)mBoN//f+Bd!lP/*/"bZ#2,B]
Insert a test data, key is [persist.kvStaTest_1318] data=[ckIl3Dr"4Y4kn07'"8!!((##E8w#]
Insert a test data, key is [persist.kvStaTest_1319] data=['1,#B&"6"N8-31&+yq.U!#"r#gyr(]
Insert a test data, key is [persist.kvStaTest_1320] data=[Z6%i5A"Z'2G0Gpa0KLM0]
Insert a test data, key is [persist.kvStaTest_1321] data=[/!ou+L#e5O.K#r-V1"#zm]
Insert a test data, key is [persist.kvStaTest_1322] data=["-6!1d"05C'A"7k#%.ot5n]
Insert a test data, key is [persist.kvStaTest_1323] data=[6e954y!%&xpuOE*.!4*r3C.]
Insert a test data, key is [persist.kvStaTest_1324] data=[/90XM+"8A+%"10xI8!P%dFa6]
Insert a test data, key is [persist.kvStaTest_1325] data=[25/6Wdoft7"p'8"aPy8n5,e%#]
Insert a test data, key is [persist.kvStaTest_1326] data=[%T2!"#AFy"J+1-CG"#d0pQ%&&P]
Insert a test data, key is [persist.kvStaTest_1327] data=[k!Gy*1"""!#'l&opE##"au'"47l]
Insert a test data, key is [persist.kvStaTest_1328] data=[qmM&O6)V"j2,,x,,)"!*1!S0#ec3]
Insert a test data, key is [persist.kvStaTest_1329] data=[#"z!(tA6!-Q'.!/SN3K&-W(!8d+y7]
Insert a test data, key is [persist.kvStaTest_1330] data=[5%)7lU4%Z!!064!/#4!u]
Insert a test data, key is [persist.kvStaTest_1331] data=[!!V#"*&S4c"!9&V1!&D"O]
Insert a test data, key is [persist.kvStaTest_1332] data=[C3v#9Dl6K,k##+Y"0#ok8#]
Insert a test data, key is [persist.kvStaTest_1333] data=["-b8-68!q2#'L54!a56I("k]
Insert a test data, key is [persist.kvStaTest_1334] data=[&#J#8"S#V"Hq*H'rdQ)w!#s"]
Insert a test data, key is [persist.kvStaTest_1335] data=[8M)B,9n!"R!/QVH'6,L5/,N9w]
Insert a test data, key is [persist.kvStaTest_1336] data=[T8B-"-,ZV!k!4(!C&Y7!f#%'X/]
Insert a test data, key is [persist.kvStaTest_1337] data=[#7U43a#s4#8pAA!g42bTVL87cJK]
Insert a test data, key is [persist.kvStaTest_1338] data=[!7#y9QNtP8uW#/",o(Iwqe"G&R+B]
Insert a test data, key is [persist.kvStaTest_1339] data=[5tEivkXH/yMCp1%-U'#I9#kR%L7p3]
Insert a test data, key is [persist.kvStaTest_1340] data=[#"rQweek8*MS903218Z9]
Insert a test data, key is [persist.kvStaTest_1341] data=[x%2K!r#(T,8%!1(10"9"Y]
Insert a test data, key is [persist.kvStaTest_1342] data=[2/-7"9!o'Dd.m7#Ioh2hPV]
Insert a test data, key is [persist.kvStaTest_1343] data=["!z4NPcvf2O!ucyA!/3#!B!]
Insert a test data, key is [persist.kvStaTest_1344] data=[656##MY%NKCs28JE0Y,#A4wf]
Insert a test data, key is [persist.kvStaTest_1345] data=[5#eKx'Y5L"a(d"06&'j3sw8dO]
Insert a test data, key is [persist.kvStaTest_1346] data=[/%SZwV"#a)#7,1P(rYh2z03E#4]
Insert a test data, key is [persist.kvStaTest_1347] data=[9"4"*!#X!rV7H-67"(13".%2xf0]
Insert a test data, key is [persist.kvStaTest_1348] data=[t!o"0)V!!(G9u##9M#7Nz26#2*##]
Insert a test data, key is [persist.kvStaTest_1349] data=[##Ew&Dq2.&!.!/.990*(/.E/"Er("]
Insert a test data, key is [persist.kvStaTest_1350] data=[8%nW"(A)EWt9-H!4Yv"V]
Insert a test data, key is [persist.kvStaTest_1351] data=["12#XU"h#)o##*8"0rI/J]
Insert a test data, key is [persist.kvStaTest_1352] data=[2Sy"'t48'#j#L+#801bT#Q]
Insert a test data, key is [persist.kvStaTest_1353] data=[hi!6,pn%2#WIS2'3#0G(!/!]
Insert a test data, key is [persist.kvStaTest_1354] data=[4)mBoN//f+Bd!lP/*/"bZ#2,]
Insert a test data, key is [persist.kvStaTest_1355] data=[BckIl3Dr"4Y4kn07'"8!!((##]
Insert a test data, key is [persist.kvStaTest_1356] data=[E8w#'1,#B&"6"N8-31&+yq.U!#]
Insert a test data, key is [persist.kvStaTest_1357] data=["r#gyr(Z6%i5A"Z'2G0Gpa0KLM0]
Insert a test data, key is [persist.kvStaTest_1358] data=[/!ou+L#e5O.K#r-V1"#zm"-6!1d"]
Insert a test data, key is [persist.kvStaTest_1359] data=[05C'A"7k#%.ot5n6e954y!%&xpuOE]
Insert a test data, key is [persist.kvStaTest_1360] data=[*.!4*r3C./90XM+"8A+%]
Insert a test data, key is [persist.kvStaTest_1361] data=["10xI8!P%dFa625/6Wdof]
Insert a test data, key is [persist.kvStaTest_1362] data=[t7"p'8"aPy8n5,e%#%T2!"]
Insert a test data, key is [persist.kvStaTest_1363] data=[#AFy"J+1-CG"#d0pQ%&&Pk!]
Insert a test data, key is [persist.kvStaTest_1364] data=[Gy*1"""!#'l&opE##"au'"47]
Insert a test data, key is [persist.kvStaTest_1365] data=[lqmM&O6)V"j2,,x,,)"!*1!S0]
Insert a test data, key is [persist.kvStaTest_1366] data=[#ec3#"z!(tA6!-Q'.!/SN3K&-W]
Insert a test data, key is [persist.kvStaTest_1367] data=[(!8d+y75%)7lU4%Z!!064!/#4!u]
Insert a test data, key is [persist.kvStaTest_1368] data=[!!V#"*&S4c"!9&V1!&D"OC3v#9Dl]
Insert a test data, key is [persist.kvStaTest_1369] data=[6K,k##+Y"0#ok8#"-b8-68!q2#'L5]
Insert a test data, key is [persist.kvStaTest_1370] data=[4!a56I("k&#J#8"S#V"H]
Insert a test data, key is [persist.kvStaTest_1371] data=[q*H'rdQ)w!#s"8M)B,9n!]
Insert a test data, key is [persist.kvStaTest_1372] data=["R!/QVH'6,L5/,N9wT8B-"]
Insert a test data, key is [persist.kvStaTest_1373] data=[-,ZV!k!4(!C&Y7!f#%'X/#7]
Insert a test data, key is [persist.kvStaTest_1374] data=[U43a#s4#8pAA!g42bTVL87cJ]
Insert a test data, key is [persist.kvStaTest_1375] data=[K!7#y9QNtP8uW#/",o(Iwqe"G]
Insert a test data, key is [persist.kvStaTest_1376] data=[&R+B5tEivkXH/yMCp1%-U'#I9#]
Insert a test data, key is [persist.kvStaTest_1377] data=[kR%L7p3#"rQweek8*MS903218Z9]
Insert a test data, key is [persist.kvStaTest_1378] data=[x%2K!r#(T,8%!1(10"9"Y2/-7"9!]
Insert a test data, key is [persist.kvStaTest_1379] data=[o'Dd.m7#Ioh2hPV"!z4NPcvf2O!uc]
Insert a test data, key is [persist.kvStaTest_1380] data=[yA!/3#!B!656##MY%NKC]
Insert a test data, key is [persist.kvStaTest_1381] data=[s28JE0Y,#A4wf5#eKx'Y5]
Insert a test data, key is [persist.kvStaTest_1382] data=[L"a(d"06&'j3sw8dO/%SZw]
Insert a test data, key is [persist.kvStaTest_1383] data=[V"#a)#7,1P(rYh2z03E#49"]
Insert a test data, key is [persist.kvStaTest_1384] data=[4"*!#X!rV7H-67"(13".%2xf]
Insert a test data, key is [persist.kvStaTest_1385] data=[0t!o"0)V!!(G9u##9M#7Nz26#]
Insert a test data, key is [persist.kvStaTest_1386] data=[2*####Ew&Dq2.&!.!/.990*(/.]
Insert a test data, key is [persist.kvStaTest_1387] data=[E/"Er("8%nW"(A)EWt9-H!4Yv"V]
Insert a test data, key is [persist.kvStaTest_1388] data=["12#XU"h#)o##*8"0rI/J2Sy"'t4]
Insert a test data, key is [persist.kvStaTest_1389] data=[8'#j#L+#801bT#Qhi!6,pn%2#WIS2]
Insert a test data, key is [persist.kvStaTest_1390] data=['3#0G(!/!4)mBoN//f+B]
Insert a test data, key is [persist.kvStaTest_1391] data=[d!lP/*/"bZ#2,BckIl3Dr]
Insert a test data, key is [persist.kvStaTest_1392] data=["4Y4kn07'"8!!((##E8w#']
Insert a test data, key is [persist.kvStaTest_1393] data=[1,#B&"6"N8-31&+yq.U!#"r]
Insert a test data, key is [persist.kvStaTest_1394] data=[#gyr(Z6%i5A"Z'2G0Gpa0KLM]
Insert a test data, key is [persist.kvStaTest_1395] data=[0/!ou+L#e5O.K#r-V1"#zm"-6]
Insert a test data, key is [persist.kvStaTest_1396] data=[!1d"05C'A"7k#%.ot5n6e954y!]
Insert a test data, key is [persist.kvStaTest_1397] data=[%&xpuOE*.!4*r3C./90XM+"8A+%]
Insert a test data, key is [persist.kvStaTest_1398] data=["10xI8!P%dFa625/6Wdoft7"p'8"]
Insert a test data, key is [persist.kvStaTest_1399] data=[aPy8n5,e%#%T2!"#AFy"J+1-CG"#d]
Insert a test data, key is [persist.kvStaTest_1400] data=[0pQ%&&Pk!Gy*1"""!#'l]
Insert a test data, key is [persist.kvStaTest_1401] data=[&opE##"au'"47lqmM&O6)]
Insert a test data, key is [persist.kvStaTest_1402] data=[V"j2,,x,,)"!*1!S0#ec3#]
Insert a test data, key is [persist.kvStaTest_1403] data=["z!(tA6!-Q'.!/SN3K&-W(!]
Insert a test data, key is [persist.kvStaTest_1404] data=[8d+y75%)7lU4%Z!!064!/#4!]
Insert a test data, key is [persist.kvStaTest_1405] data=[u!!V#"*&S4c"!9&V1!&D"OC3v]
Insert a test data, key is [persist.kvStaTest_1406] data=[#9Dl6K,k##+Y"0#ok8#"-b8-68]
Insert a test data, key is [persist.kvStaTest_1407] data=[!q2#'L54!a56I("k&#J#8"S#V"H]
Insert a test data, key is [persist.kvStaTest_1408] data=[q*H'rdQ)w!#s"8M)B,9n!"R!/QVH]
Insert a test data, key is [persist.kvStaTest_1409] data=['6,L5/,N9wT8B-"-,ZV!k!4(!C&Y7]
Insert a test data, key is [persist.kvStaTest_1410] data=[!f#%'X/#7U43a#s4#8pA]
Insert a test data, key is [persist.kvStaTest_1411] data=[A!g42bTVL87cJK!7#y9QN]
Insert a test data, key is [persist.kvStaTest_1412] data=[tP8uW#/",o(Iwqe"G&R+B5]
Insert a test data, key is [persist.kvStaTest_1413] data=[tEivkXH/yMCp1%-U'#I9#kR]
Insert a test data, key is [persist.kvStaTest_1414] data=[%L7p3#"rQweek8*MS903218Z]
Insert a test data, key is [persist.kvStaTest_1415] data=[9x%2K!r#(T,8%!1(10"9"Y2/-]
Insert a test data, key is [persist.kvStaTest_1416] data=[7"9!o'Dd.m7#Ioh2hPV"!z4NPc]
Insert a test data, key is [persist.kvStaTest_1417] data=[vf2O!ucyA!/3#!B!656##MY%NKC]
Insert a test data, key is [persist.kvStaTest_1418] data=[s28JE0Y,#A4wf5#eKx'Y5L"a(d"0]
Insert a test data, key is [persist.kvStaTest_1419] data=[6&'j3sw8dO/%SZwV"#a)#7,1P(rYh]
Insert a test data, key is [persist.kvStaTest_1420] data=[2z03E#49"4"*!#X!rV7H]
Insert a test data, key is [persist.kvStaTest_1421] data=[-67"(13".%2xf0t!o"0)V]
Insert a test data, key is [persist.kvStaTest_1422] data=[!!(G9u##9M#7Nz26#2*###]
Insert a test data, key is [persist.kvStaTest_1423] data=[#Ew&Dq2.&!.!/.990*(/.E/]
Insert a test data, key is [persist.kvStaTest_1424] data=["Er("8%nW"(A)EWt9-H!4Yv"]
Insert a test data, key is [persist.kvStaTest_1425] data=[V"12#XU"h#)o##*8"0rI/J2Sy]
Insert a test data, key is [persist.kvStaTest_1426] data=["'t48'#j#L+#801bT#Qhi!6,pn]
Insert a test data, key is [persist.kvStaTest_1427] data=[%2#WIS2'3#0G(!/!4)mBoN//f+B]
Insert a test data, key is [persist.kvStaTest_1428] data=[d!lP/*/"bZ#2,BckIl3Dr"4Y4kn0]
Insert a test data, key is [persist.kvStaTest_1429] data=[7'"8!!((##E8w#'1,#B&"6"N8-31&]
Insert a test data, key is [persist.kvStaTest_1430] data=[+yq.U!#"r#gyr(Z6%i5A]
Insert a test data, key is [persist.kvStaTest_1431] data=["Z'2G0Gpa0KLM0/!ou+L#]
Insert a test data, key is [persist.kvStaTest_1432] data=[e5O.K#r-V1"#zm"-6!1d"0]
Insert a test data, key is [persist.kvStaTest_1433] data=[5C'A"7k#%.ot5n6e954y!%&]
Insert a test data, key is [persist.kvStaTest_1434] data=[xpuOE*.!4*r3C./90XM+"8A+]
Insert a test data, key is [persist.kvStaTest_1435] data=[%"10xI8!P%dFa625/6Wdoft7"]
Insert a test data, key is [persist.kvStaTest_1436] data=[p'8"aPy8n5,e%#%T2!"#AFy"J+]
Insert a test data, key is [persist.kvStaTest_1437] data=[1-CG"#d0pQ%&&Pk!Gy*1"""!#'l]
Insert a test data, key is [persist.kvStaTest_1438] data=[&opE##"au'"47lqmM&O6)V"j2,,x]
Insert a test data, key is [persist.kvStaTest_1439] data=[,,)"!*1!S0#ec3#"z!(tA6!-Q'.!/]
Insert a test data, key is [persist.kvStaTest_1440] data=[SN3K&-W(!8d+y75%)7lU]
Insert a test data, key is [persist.kvStaTest_1441] data=[4%Z!!064!/#4!u!!V#"*&]
Insert a test data, key is [persist.kvStaTest_1442] data=[S4c"!9&V1!&D"OC3v#9Dl6]
Insert a test data, key is [persist.kvStaTest_1443] data=[K,k##+Y"0#ok8#"-b8-68!q]
Insert a test data, key is [persist.kvStaTest_1444] data=[2#'L54!a56I("k&#J#8"S#V"]
Insert a test data, key is [persist.kvStaTest_1445] data=[Hq*H'rdQ)w!#s"8M)B,9n!"R!]
Insert a test data, key is [persist.kvStaTest_1446] data=[/QVH'6,L5/,N9wT8B-"-,ZV!k!]
Insert a test data, key is [persist.kvStaTest_1447] data=[4(!C&Y7!f#%'X/#7U43a#s4#8pA]
Insert a test data, key is [persist.kvStaTest_1448] data=[A!g42bTVL87cJK!7#y9QNtP8uW#/]
Insert a test data, key is [persist.kvStaTest_1449] data=[",o(Iwqe"G&R+B5tEivkXH/yMCp1%]
Insert a test data, key is [persist.kvStaTest_1450] data=[-U'#I9#kR%L7p3#"rQwe]
Insert a test data, key is [persist.kvStaTest_1451] data=[ek8*MS903218Z9x%2K!r#]
Insert a test data, key is [persist.kvStaTest_1452] data=[(T,8%!1(10"9"Y2/-7"9!o]
Insert a test data, key is [persist.kvStaTest_1453] data=['Dd.m7#Ioh2hPV"!z4NPcvf]
Insert a test data, key is [persist.kvStaTest_1454] data=[2O!ucyA!/3#!B!656##MY%NK]
Insert a test data, key is [persist.kvStaTest_1455] data=[Cs28JE0Y,#A4wf5#eKx'Y5L"a]
Insert a test data, key is [persist.kvStaTest_1456] data=[(d"06&'j3sw8dO/%SZwV"#a)#7]
Insert a test data, key is [persist.kvStaTest_1457] data=[,1P(rYh2z03E#49"4"*!#X!rV7H]
Insert a test data, key is [persist.kvStaTest_1458] data=[-67"(13".%2xf0t!o"0)V!!(G9u#]
Insert a test data, key is [persist.kvStaTest_1459] data=[#9M#7Nz26#2*####Ew&Dq2.&!.!/.]
Insert a test data, key is [persist.kvStaTest_1460] data=[990*(/.E/"Er("8%nW"(]
Insert a test data, key is [persist.kvStaTest_1461] data=[A)EWt9-H!4Yv"V"12#XU"]
Insert a test data, key is [persist.kvStaTest_1462] data=[h#)o##*8"0rI/J2Sy"'t48]
Insert a test data, key is [persist.kvStaTest_1463] data=['#j#L+#801bT#Qhi!6,pn%2]
Insert a test data, key is [persist.kvStaTest_1464] data=[#WIS2'3#0G(!/!4)mBoN//f+]
Insert a test data, key is [persist.kvStaTest_1465] data=[Bd!lP/*/"bZ#2,BckIl3Dr"4Y]
Insert a test data, key is [persist.kvStaTest_1466] data=[4kn07'"8!!((##E8w#'1,#B&"6]
Insert a test data, key is [persist.kvStaTest_1467] data=["N8-31&+yq.U!#"r#gyr(Z6%i5A]
Insert a test data, key is [persist.kvStaTest_1468] data=["Z'2G0Gpa0KLM0/!ou+L#e5O.K#r]
Insert a test data, key is [persist.kvStaTest_1469] data=[-V1"#zm"-6!1d"05C'A"7k#%.ot5n]
Insert a test data, key is [persist.kvStaTest_1470] data=[6e954y!%&xpuOE*.!4*r]
Insert a test data, key is [persist.kvStaTest_1471] data=[3C./90XM+"8A+%"10xI8!]
Insert a test data, key is [persist.kvStaTest_1472] data=[P%dFa625/6Wdoft7"p'8"a]
Insert a test data, key is [persist.kvStaTest_1473] data=[Py8n5,e%#%T2!"#AFy"J+1-]
Insert a test data, key is [persist.kvStaTest_1474] data=[CG"#d0pQ%&&Pk!Gy*1"""!#']
Insert a test data, key is [persist.kvStaTest_1475] data=[l&opE##"au'"47lqmM&O6)V"j]
Insert a test data, key is [persist.kvStaTest_1476] data=[2,,x,,)"!*1!S0#ec3#"z!(tA6]
Insert a test data, key is [persist.kvStaTest_1477] data=[!-Q'.!/SN3K&-W(!8d+y75%)7lU]
Insert a test data, key is [persist.kvStaTest_1478] data=[4%Z!!064!/#4!u!!V#"*&S4c"!9&]
Insert a test data, key is [persist.kvStaTest_1479] data=[V1!&D"OC3v#9Dl6K,k##+Y"0#ok8#]
Insert a test data, key is [persist.kvStaTest_1480] data=["-b8-68!q2#'L54!a56I]
Insert a test data, key is [persist.kvStaTest_1481] data=[("k&#J#8"S#V"Hq*H'rdQ]
Insert a test data, key is [persist.kvStaTest_1482] data=[)w!#s"8M)B,9n!"R!/QVH']
Insert a test data, key is [persist.kvStaTest_1483] data=[6,L5/,N9wT8B-"-,ZV!k!4(]
Insert a test data, key is [persist.kvStaTest_1484] data=[!C&Y7!f#%'X/#7U43a#s4#8p]
Insert a test data, key is [persist.kvStaTest_1485] data=[AA!g42bTVL87cJK!7#y9QNtP8]
Insert a test data, key is [persist.kvStaTest_1486] data=[uW#/",o(Iwqe"G&R+B5tEivkXH]
Insert a test data, key is [persist.kvStaTest_1487] data=[/yMCp1%-U'#I9#kR%L7p3#"rQwe]
Insert a test data, key is [persist.kvStaTest_1488] data=[ek8*MS903218Z9x%2K!r#(T,8%!1]
Insert a test data, key is [persist.kvStaTest_1489] data=[(10"9"Y2/-7"9!o'Dd.m7#Ioh2hPV]
Insert a test data, key is [persist.kvStaTest_1490] data=["!z4NPcvf2O!ucyA!/3#]
Insert a test data, key is [persist.kvStaTest_1491] data=[!B!656##MY%NKCs28JE0Y]
Insert a test data, key is [persist.kvStaTest_1492] data=[,#A4wf5#eKx'Y5L"a(d"06]
Insert a test data, key is [persist.kvStaTest_1493] data=[&'j3sw8dO/%SZwV"#a)#7,1]
Insert a test data, key is [persist.kvStaTest_1494] data=[P(rYh2z03E#49"4"*!#X!rV7]
Insert a test data, key is [persist.kvStaTest_1495] data=[H-67"(13".%2xf0t!o"0)V!!(]
Insert a test data, key is [persist.kvStaTest_1496] data=[G9u##9M#7Nz26#2*####Ew&Dq2]
Insert a test data, key is [persist.kvStaTest_1497] data=[.&!.!/.990*(/.E/"Er("8%nW"(]
Insert a test data, key is [persist.kvStaTest_1498] data=[A)EWt9-H!4Yv"V"12#XU"h#)o##*]
Insert a test data, key is [persist.kvStaTest_1499] data=[8"0rI/J2Sy"'t48'#j#L+#801bT#Q]
Insert a test data, key is [persist.kvStaTest_1500] data=[hi!6,pn%2#WIS2'3#0G(]
Insert a test data, key is [persist.kvStaTest_1501] data=[!/!4)mBoN//f+Bd!lP/*/]
Insert a test data, key is [persist.kvStaTest_1502] data=["bZ#2,BckIl3Dr"4Y4kn07]
Insert a test data, key is [persist.kvStaTest_1503] data=['"8!!((##E8w#'1,#B&"6"N]
Insert a test data, key is [persist.kvStaTest_1504] data=[8-31&+yq.U!#"r#gyr(Z6%i5]
Insert a test data, key is [persist.kvStaTest_1505] data=[A"Z'2G0Gpa0KLM0/!ou+L#e5O]
Insert a test data, key is [persist.kvStaTest_1506] data=[.K#r-V1"#zm"-6!1d"05C'A"7k]
Insert a test data, key is [persist.kvStaTest_1507] data=[#%.ot5n6e954y!%&xpuOE*.!4*r]
Insert a test data, key is [persist.kvStaTest_1508] data=[3C./90XM+"8A+%"10xI8!P%dFa62]
Insert a test data, key is [persist.kvStaTest_1509] data=[5/6Wdoft7"p'8"aPy8n5,e%#%T2!"]
Insert a test data, key is [persist.kvStaTest_1510] data=[#AFy"J+1-CG"#d0pQ%&&]
Insert a test data, key is [persist.kvStaTest_1511] data=[Pk!Gy*1"""!#'l&opE##"]
Insert a test data, key is [persist.kvStaTest_1512] data=[au'"47lqmM&O6)V"j2,,x,]
Insert a test data, key is [persist.kvStaTest_1513] data=[,)"!*1!S0#ec3#"z!(tA6!-]
Insert a test data, key is [persist.kvStaTest_1514] data=[Q'.!/SN3K&-W(!8d+y75%)7l]
Insert a test data, key is [persist.kvStaTest_1515] data=[U4%Z!!064!/#4!u!!V#"*&S4c]
Insert a test data, key is [persist.kvStaTest_1516] data=["!9&V1!&D"OC3v#9Dl6K,k##+Y]
Insert a test data, key is [persist.kvStaTest_1517] data=["0#ok8#"-b8-68!q2#'L54!a56I]
Insert a test data, key is [persist.kvStaTest_1518] data=[("k&#J#8"S#V"Hq*H'rdQ)w!#s"8]
Insert a test data, key is [persist.kvStaTest_1519] data=[M)B,9n!"R!/QVH'6,L5/,N9wT8B-"]
Insert a test data, key is [persist.kvStaTest_1520] data=[-,ZV!k!4(!C&Y7!f#%'X]
Insert a test data, key is [persist.kvStaTest_1521] data=[/#7U43a#s4#8pAA!g42bT]
Insert a test data, key is [persist.kvStaTest_1522] data=[VL87cJK!7#y9QNtP8uW#/"]
Insert a test data, key is [persist.kvStaTest_1523] data=[,o(Iwqe"G&R+B5tEivkXH/y]
Insert a test data, key is [persist.kvStaTest_1524] data=[MCp1%-U'#I9#kR%L7p3#"rQw]
Insert a test data, key is [persist.kvStaTest_1525] data=[eek8*MS903218Z9x%2K!r#(T,]
Insert a test data, key is [persist.kvStaTest_1526] data=[8%!1(10"9"Y2/-7"9!o'Dd.m7#]
Insert a test data, key is [persist.kvStaTest_1527] data=[Ioh2hPV"!z4NPcvf2O!ucyA!/3#]
Insert a test data, key is [persist.kvStaTest_1528] data=[!B!656##MY%NKCs28JE0Y,#A4wf5]
Insert a test data, key is [persist.kvStaTest_1529] data=[#eKx'Y5L"a(d"06&'j3sw8dO/%SZw]
Insert a test data, key is [persist.kvStaTest_1530] data=[V"#a)#7,1P(rYh2z03E#]
Insert a test data, key is [persist.kvStaTest_1531] data=[49"4"*!#X!rV7H-67"(13]
Insert a test data, key is [persist.kvStaTest_1532] data=[".%2xf0t!o"0)V!!(G9u##]
Insert a test data, key is [persist.kvStaTest_1533] data=[9M#7Nz26#2*####Ew&Dq2.&]
Insert a test data, key is [persist.kvStaTest_1534] data=[!.!/.990*(/.E/"Er("8%nW"]
Insert a test data, key is [persist.kvStaTest_1535] data=[(A)EWt9-H!4Yv"V"12#XU"h#)]
Insert a test data, key is [persist.kvStaTest_1536] data=[o##*8"0rI/J2Sy"'t48'#j#L+#]
Insert a test data, key is [persist.kvStaTest_1537] data=[801bT#Qhi!6,pn%2#WIS2'3#0G(]
Insert a test data, key is [persist.kvStaTest_1538] data=[!/!4)mBoN//f+Bd!lP/*/"bZ#2,B]
Insert a test data, key is [persist.kvStaTest_1539] data=[ckIl3Dr"4Y4kn07'"8!!((##E8w#']
Insert a test data, key is [persist.kvStaTest_1540] data=[1,#B&"6"N8-31&+yq.U!]
Insert a test data, key is [persist.kvStaTest_1541] data=[#"r#gyr(Z6%i5A"Z'2G0G]
Insert a test data, key is [persist.kvStaTest_1542] data=[pa0KLM0/!ou+L#e5O.K#r-]
Insert a test data, key is [persist.kvStaTest_1543] data=[V1"#zm"-6!1d"05C'A"7k#%]
Insert a test data, key is [persist.kvStaTest_1544] data=[.ot5n6e954y!%&xpuOE*.!4*]
Insert a test data, key is [persist.kvStaTest_1545] data=[r3C./90XM+"8A+%"10xI8!P%d]
Insert a test data, key is [persist.kvStaTest_1546] data=[Fa625/6Wdoft7"p'8"aPy8n5,e]
Insert a test data, key is [persist.kvStaTest_1547] data=[%#%T2!"#AFy"J+1-CG"#d0pQ%&&]
Insert a test data, key is [persist.kvStaTest_1548] data=[Pk!Gy*1"""!#'l&opE##"au'"47l]
Insert a test data, key is [persist.kvStaTest_1549] data=[qmM&O6)V"j2,,x,,)"!*1!S0#ec3#]
Insert a test data, key is [persist.kvStaTest_1550] data=["z!(tA6!-Q'.!/SN3K&-]
Insert a test data, key is [persist.kvStaTest_1551] data=[W(!8d+y75%)7lU4%Z!!06]
Insert a test data, key is [persist.kvStaTest_1552] data=[4!/#4!u!!V#"*&S4c"!9&V]
Insert a test data, key is [persist.kvStaTest_1553] data=[1!&D"OC3v#9Dl6K,k##+Y"0]
Insert a test data, key is [persist.kvStaTest_1554] data=[#ok8#"-b8-68!q2#'L54!a56]
Insert a test data, key is [persist.kvStaTest_1555] data=[I("k&#J#8"S#V"Hq*H'rdQ)w!]
Insert a test data, key is [persist.kvStaTest_1556] data=[#s"8M)B,9n!"R!/QVH'6,L5/,N]
Insert a test data, key is [persist.kvStaTest_1557] data=[9wT8B-"-,ZV!k!4(!C&Y7!f#%'X]
Insert a test data, key is [persist.kvStaTest_1558] data=[/#7U43a#s4#8pAA!g42bTVL87cJK]
Insert a test data, key is [persist.kvStaTest_1559] data=[!7#y9QNtP8uW#/",o(Iwqe"G&R+B5]
Insert a test data, key is [persist.kvStaTest_1560] data=[tEivkXH/yMCp1%-U'#I9]
Insert a test data, key is [persist.kvStaTest_1561] data=[#kR%L7p3#"rQweek8*MS9]
Insert a test data, key is [persist.kvStaTest_1562] data=[03218Z9x%2K!r#(T,8%!1(]
Insert a test data, key is [persist.kvStaTest_1563] data=[10"9"Y2/-7"9!o'Dd.m7#Io]
Insert a test data, key is [persist.kvStaTest_1564] data=[h2hPV"!z4NPcvf2O!ucyA!/3]
Insert a test data, key is [persist.kvStaTest_1565] data=[#!B!656##MY%NKCs28JE0Y,#A]
Insert a test data, key is [persist.kvStaTest_1566] data=[4wf5#eKx'Y5L"a(d"06&'j3sw8]
Insert a test data, key is [persist.kvStaTest_1567] data=[dO/%SZwV"#a)#7,1P(rYh2z03E#]
Insert a test data, key is [persist.kvStaTest_1568] data=[49"4"*!#X!rV7H-67"(13".%2xf0]
Insert a test data, key is [persist.kvStaTest_1569] data=[t!o"0)V!!(G9u##9M#7Nz26#2*###]
Insert a test data, key is [persist.kvStaTest_1570] data=[#Ew&Dq2.&!.!/.990*(/]
Insert a test data, key is [persist.kvStaTest_1571] data=[.E/"Er("8%nW"(A)EWt9-]
Insert a test data, key is [persist.kvStaTest_1572] data=[H!4Yv"V"12#XU"h#)o##*8]
Insert a test data, key is [persist.kvStaTest_1573] data=["0rI/J2Sy"'t48'#j#L+#80]
Insert a test data, key is [persist.kvStaTest_1574] data=[1bT#Qhi!6,pn%2#WIS2'3#0G]
Insert a test data, key is [persist.kvStaTest_1575] data=[(!/!4)mBoN//f+Bd!lP/*/"bZ]
Insert a test data, key is [persist.kvStaTest_1576] data=[#2,BckIl3Dr"4Y4kn07'"8!!((]
Insert a test data, key is [persist.kvStaTest_1577] data=[##E8w#'1,#B&"6"N8-31&+yq.U!]
Insert a test data, key is [persist.kvStaTest_1578] data=[#"r#gyr(Z6%i5A"Z'2G0Gpa0KLM0]
Insert a test data, key is [persist.kvStaTest_1579] data=[/!ou+L#e5O.K#r-V1"#zm"-6!1d"0]
Insert a test data, key is [persist.kvStaTest_1580] data=[5C'A"7k#%.ot5n6e954y]
Insert a test data, key is [persist.kvStaTest_1581] data=[!%&xpuOE*.!4*r3C./90X]
Insert a test data, key is [persist.kvStaTest_1582] data=[M+"8A+%"10xI8!P%dFa625]
Insert a test data, key is [persist.kvStaTest_1583] data=[/6Wdoft7"p'8"aPy8n5,e%#]
Insert a test data, key is [persist.kvStaTest_1584] data=[%T2!"#AFy"J+1-CG"#d0pQ%&]
Insert a test data, key is [persist.kvStaTest_1585] data=[&Pk!Gy*1"""!#'l&opE##"au']
Insert a test data, key is [persist.kvStaTest_1586] data=["47lqmM&O6)V"j2,,x,,)"!*1!]
Insert a test data, key is [persist.kvStaTest_1587] data=[S0#ec3#"z!(tA6!-Q'.!/SN3K&-]
Insert a test data, key is [persist.kvStaTest_1588] data=[W(!8d+y75%)7lU4%Z!!064!/#4!u]
Insert a test data, key is [persist.kvStaTest_1589] data=[!!V#"*&S4c"!9&V1!&D"OC3v#9Dl6]
Insert a test data, key is [persist.kvStaTest_1590] data=[K,k##+Y"0#ok8#"-b8-6]
Insert a test data, key is [persist.kvStaTest_1591] data=[8!q2#'L54!a56I("k&#J#]
Insert a test data, key is [persist.kvStaTest_1592] data=[8"S#V"Hq*H'rdQ)w!#s"8M]
Insert a test data, key is [persist.kvStaTest_1593] data=[)B,9n!"R!/QVH'6,L5/,N9w]
Insert a test data, key is [persist.kvStaTest_1594] data=[T8B-"-,ZV!k!4(!C&Y7!f#%']
Insert a test data, key is [persist.kvStaTest_1595] data=[X/#7U43a#s4#8pAA!g42bTVL8]
Insert a test data, key is [persist.kvStaTest_1596] data=[7cJK!7#y9QNtP8uW#/",o(Iwqe]
Insert a test data, key is [persist.kvStaTest_1597] data=["G&R+B5tEivkXH/yMCp1%-U'#I9]
Insert a test data, key is [persist.kvStaTest_1598] data=[#kR%L7p3#"rQweek8*MS903218Z9]
Insert a test data, key is [persist.kvStaTest_1599] data=[x%2K!r#(T,8%!1(10"9"Y2/-7"9!o]
Insert a test data, key is [persist.kvStaTest_1600] data=['Dd.m7#Ioh2hPV"!z4NP]
Insert a test data, key is [persist.kvStaTest_1601] data=[cvf2O!ucyA!/3#!B!656#]
Insert a test data, key is [persist.kvStaTest_1602] data=[#MY%NKCs28JE0Y,#A4wf5#]
Insert a test data, key is [persist.kvStaTest_1603] data=[eKx'Y5L"a(d"06&'j3sw8dO]
Insert a test data, key is [persist.kvStaTest_1604] data=[/%SZwV"#a)#7,1P(rYh2z03E]
Insert a test data, key is [persist.kvStaTest_1605] data=[#49"4"*!#X!rV7H-67"(13".%]
Insert a test data, key is [persist.kvStaTest_1606] data=[2xf0t!o"0)V!!(G9u##9M#7Nz2]
Insert a test data, key is [persist.kvStaTest_1607] data=[6#2*####Ew&Dq2.&!.!/.990*(/]
Insert a test data, key is [persist.kvStaTest_1608] data=[.E/"Er("8%nW"(A)EWt9-H!4Yv"V]
Insert a test data, key is [persist.kvStaTest_1609] data=["12#XU"h#)o##*8"0rI/J2Sy"'t48]
Insert a test data, key is [persist.kvStaTest_1610] data=['#j#L+#801bT#Qhi!6,p]
Insert a test data, key is [persist.kvStaTest_1611] data=[n%2#WIS2'3#0G(!/!4)mB]
Insert a test data, key is [persist.kvStaTest_1612] data=[oN//f+Bd!lP/*/"bZ#2,Bc]
Insert a test data, key is [persist.kvStaTest_1613] data=[kIl3Dr"4Y4kn07'"8!!((##]
Insert a test data, key is [persist.kvStaTest_1614] data=[E8w#'1,#B&"6"N8-31&+yq.U]
Insert a test data, key is [persist.kvStaTest_1615] data=[!#"r#gyr(Z6%i5A"Z'2G0Gpa0]
Insert a test data, key is [persist.kvStaTest_1616] data=[KLM0/!ou+L#e5O.K#r-V1"#zm"]
Insert a test data, key is [persist.kvStaTest_1617] data=[-6!1d"05C'A"7k#%.ot5n6e954y]
Insert a test data, key is [persist.kvStaTest_1618] data=[!%&xpuOE*.!4*r3C./90XM+"8A+%]
Insert a test data, key is [persist.kvStaTest_1619] data=["10xI8!P%dFa625/6Wdoft7"p'8"a]
Insert a test data, key is [persist.kvStaTest_1620] data=[Py8n5,e%#%T2!"#AFy"J]
Insert a test data, key is [persist.kvStaTest_1621] data=[+1-CG"#d0pQ%&&Pk!Gy*1]
Insert a test data, key is [persist.kvStaTest_1622] data=["""!#'l&opE##"au'"47lq]
Insert a test data, key is [persist.kvStaTest_1623] data=[mM&O6)V"j2,,x,,)"!*1!S0]
Insert a test data, key is [persist.kvStaTest_1624] data=[#ec3#"z!(tA6!-Q'.!/SN3K&]
Insert a test data, key is [persist.kvStaTest_1625] data=[-W(!8d+y75%)7lU4%Z!!064!/]
Insert a test data, key is [persist.kvStaTest_1626] data=[#4!u!!V#"*&S4c"!9&V1!&D"OC]
Insert a test data, key is [persist.kvStaTest_1627] data=[3v#9Dl6K,k##+Y"0#ok8#"-b8-6]
Insert a test data, key is [persist.kvStaTest_1628] data=[8!q2#'L54!a56I("k&#J#8"S#V"H]
Insert a test data, key is [persist.kvStaTest_1629] data=[q*H'rdQ)w!#s"8M)B,9n!"R!/QVH']
Insert a test data, key is [persist.kvStaTest_1630] data=[6,L5/,N9wT8B-"-,ZV!k]
Insert a test data, key is [persist.kvStaTest_1631] data=[!4(!C&Y7!f#%'X/#7U43a]
Insert a test data, key is [persist.kvStaTest_1632] data=[#s4#8pAA!g42bTVL87cJK!]
Insert a test data, key is [persist.kvStaTest_1633] data=[7#y9QNtP8uW#/",o(Iwqe"G]
Insert a test data, key is [persist.kvStaTest_1634] data=[&R+B5tEivkXH/yMCp1%-U'#I]
Insert a test data, key is [persist.kvStaTest_1635] data=[9#kR%L7p3#"rQweek8*MS9032]
Insert a test data, key is [persist.kvStaTest_1636] data=[18Z9x%2K!r#(T,8%!1(10"9"Y2]
Insert a test data, key is [persist.kvStaTest_1637] data=[/-7"9!o'Dd.m7#Ioh2hPV"!z4NP]
Insert a test data, key is [persist.kvStaTest_1638] data=[cvf2O!ucyA!/3#!B!656##MY%NKC]
Insert a test data, key is [persist.kvStaTest_1639] data=[s28JE0Y,#A4wf5#eKx'Y5L"a(d"06]
Insert a test data, key is [persist.kvStaTest_1640] data=[&'j3sw8dO/%SZwV"#a)#]
Insert a test data, key is [persist.kvStaTest_1641] data=[7,1P(rYh2z03E#49"4"*!]
Insert a test data, key is [persist.kvStaTest_1642] data=[#X!rV7H-67"(13".%2xf0t]
Insert a test data, key is [persist.kvStaTest_1643] data=[!o"0)V!!(G9u##9M#7Nz26#]
Insert a test data, key is [persist.kvStaTest_1644] data=[2*####Ew&Dq2.&!.!/.990*(]
Insert a test data, key is [persist.kvStaTest_1645] data=[/.E/"Er("8%nW"(A)EWt9-H!4]
Insert a test data, key is [persist.kvStaTest_1646] data=[Yv"V"12#XU"h#)o##*8"0rI/J2]
Insert a test data, key is [persist.kvStaTest_1647] data=[Sy"'t48'#j#L+#801bT#Qhi!6,p]
Insert a test data, key is [persist.kvStaTest_1648] data=[n%2#WIS2'3#0G(!/!4)mBoN//f+B]
Insert a test data, key is [persist.kvStaTest_1649] data=[d!lP/*/"bZ#2,BckIl3Dr"4Y4kn07]
Insert a test data, key is [persist.kvStaTest_1650] data=['"8!!((##E8w#'1,#B&"]
Insert a test data, key is [persist.kvStaTest_1651] data=[6"N8-31&+yq.U!#"r#gyr]
Insert a test data, key is [persist.kvStaTest_1652] data=[(Z6%i5A"Z'2G0Gpa0KLM0/]
Insert a test data, key is [persist.kvStaTest_1653] data=[!ou+L#e5O.K#r-V1"#zm"-6]
Insert a test data, key is [persist.kvStaTest_1654] data=[!1d"05C'A"7k#%.ot5n6e954]
Insert a test data, key is [persist.kvStaTest_1655] data=[y!%&xpuOE*.!4*r3C./90XM+"]
Insert a test data, key is [persist.kvStaTest_1656] data=[8A+%"10xI8!P%dFa625/6Wdoft]
Insert a test data, key is [persist.kvStaTest_1657] data=[7"p'8"aPy8n5,e%#%T2!"#AFy"J]
Insert a test data, key is [persist.kvStaTest_1658] data=[+1-CG"#d0pQ%&&Pk!Gy*1"""!#'l]
Insert a test data, key is [persist.kvStaTest_1659] data=[&opE##"au'"47lqmM&O6)V"j2,,x,]
Insert a test data, key is [persist.kvStaTest_1660] data=[,)"!*1!S0#ec3#"z!(tA]
Insert a test data, key is [persist.kvStaTest_1661] data=[6!-Q'.!/SN3K&-W(!8d+y]
Insert a test data, key is [persist.kvStaTest_1662] data=[75%)7lU4%Z!!064!/#4!u!]
Insert a test data, key is [persist.kvStaTest_1663] data=[!V#"*&S4c"!9&V1!&D"OC3v]
Insert a test data, key is [persist.kvStaTest_1664] data=[#9Dl6K,k##+Y"0#ok8#"-b8-]
Insert a test data, key is [persist.kvStaTest_1665] data=[68!q2#'L54!a56I("k&#J#8"S]
Insert a test data, key is [persist.kvStaTest_1666] data=[#V"Hq*H'rdQ)w!#s"8M)B,9n!"]
Insert a test data, key is [persist.kvStaTest_1667] data=[R!/QVH'6,L5/,N9wT8B-"-,ZV!k]
Insert a test data, key is [persist.kvStaTest_1668] data=[!4(!C&Y7!f#%'X/#7U43a#s4#8pA]
Insert a test data, key is [persist.kvStaTest_1669] data=[A!g42bTVL87cJK!7#y9QNtP8uW#/"]
Insert a test data, key is [persist.kvStaTest_1670] data=[,o(Iwqe"G&R+B5tEivkX]
Insert a test data, key is [persist.kvStaTest_1671] data=[H/yMCp1%-U'#I9#kR%L7p]
Insert a test data, key is [persist.kvStaTest_1672] data=[3#"rQweek8*MS903218Z9x]
Insert a test data, key is [persist.kvStaTest_1673] data=[%2K!r#(T,8%!1(10"9"Y2/-]
Insert a test data, key is [persist.kvStaTest_1674] data=[7"9!o'Dd.m7#Ioh2hPV"!z4N]
Insert a test data, key is [persist.kvStaTest_1675] data=[Pcvf2O!ucyA!/3#!B!656##MY]
Insert a test data, key is [persist.kvStaTest_1676] data=[%NKCs28JE0Y,#A4wf5#eKx'Y5L]
Insert a test data, key is [persist.kvStaTest_1677] data=["a(d"06&'j3sw8dO/%SZwV"#a)#]
Insert a test data, key is [persist.kvStaTest_1678] data=[7,1P(rYh2z03E#49"4"*!#X!rV7H]
Insert a test data, key is [persist.kvStaTest_1679] data=[-67"(13".%2xf0t!o"0)V!!(G9u##]
Insert a test data, key is [persist.kvStaTest_1680] data=[9M#7Nz26#2*####Ew&Dq]
Insert a test data, key is [persist.kvStaTest_1681] data=[2.&!.!/.990*(/.E/"Er(]
Insert a test data, key is [persist.kvStaTest_1682] data=["8%nW"(A)EWt9-H!4Yv"V"]
Insert a test data, key is [persist.kvStaTest_1683] data=[12#XU"h#)o##*8"0rI/J2Sy]
Insert a test data, key is [persist.kvStaTest_1684] data=["'t48'#j#L+#801bT#Qhi!6,]
Insert a test data, key is [persist.kvStaTest_1685] data=[pn%2#WIS2'3#0G(!/!4)mBoN/]
Insert a test data, key is [persist.kvStaTest_1686] data=[/f+Bd!lP/*/"bZ#2,BckIl3Dr"]
Insert a test data, key is [persist.kvStaTest_1687] data=[4Y4kn07'"8!!((##E8w#'1,#B&"]
Insert a test data, key is [persist.kvStaTest_1688] data=[6"N8-31&+yq.U!#"r#gyr(Z6%i5A]
Insert a test data, key is [persist.kvStaTest_1689] data=["Z'2G0Gpa0KLM0/!ou+L#e5O.K#r-]
Insert a test data, key is [persist.kvStaTest_1690] data=[V1"#zm"-6!1d"05C'A"7]
Insert a test data, key is [persist.kvStaTest_1691] data=[k#%.ot5n6e954y!%&xpuO]
Insert a test data, key is [persist.kvStaTest_1692] data=[E*.!4*r3C./90XM+"8A+%"]
Insert a test data, key is [persist.kvStaTest_1693] data=[10xI8!P%dFa625/6Wdoft7"]
Insert a test data, key is [persist.kvStaTest_1694] data=[p'8"aPy8n5,e%#%T2!"#AFy"]
Insert a test data, key is [persist.kvStaTest_1695] data=[J+1-CG"#d0pQ%&&Pk!Gy*1"""]
Insert a test data, key is [persist.kvStaTest_1696] data=[!#'l&opE##"au'"47lqmM&O6)V]
Insert a test data, key is [persist.kvStaTest_1697] data=["j2,,x,,)"!*1!S0#ec3#"z!(tA]
Insert a test data, key is [persist.kvStaTest_1698] data=[6!-Q'.!/SN3K&-W(!8d+y75%)7lU]
Insert a test data, key is [persist.kvStaTest_1699] data=[4%Z!!064!/#4!u!!V#"*&S4c"!9&V]
Insert a test data, key is [persist.kvStaTest_1700] data=[1!&D"OC3v#9Dl6K,k##+]
Insert a test data, key is [persist.kvStaTest_1701] data=[Y"0#ok8#"-b8-68!q2#'L]
Insert a test data, key is [persist.kvStaTest_1702] data=[54!a56I("k&#J#8"S#V"Hq]
Insert a test data, key is [persist.kvStaTest_1703] data=[*H'rdQ)w!#s"8M)B,9n!"R!]
Insert a test data, key is [persist.kvStaTest_1704] data=[/QVH'6,L5/,N9wT8B-"-,ZV!]
Insert a test data, key is [persist.kvStaTest_1705] data=[k!4(!C&Y7!f#%'X/#7U43a#s4]
Insert a test data, key is [persist.kvStaTest_1706] data=[#8pAA!g42bTVL87cJK!7#y9QNt]
Insert a test data, key is [persist.kvStaTest_1707] data=[P8uW#/",o(Iwqe"G&R+B5tEivkX]
Insert a test data, key is [persist.kvStaTest_1708] data=[H/yMCp1%-U'#I9#kR%L7p3#"rQwe]
Insert a test data, key is [persist.kvStaTest_1709] data=[ek8*MS903218Z9x%2K!r#(T,8%!1(]
Insert a test data, key is [persist.kvStaTest_1710] data=[10"9"Y2/-7"9!o'Dd.m7]
Insert a test data, key is [persist.kvStaTest_1711] data=[#Ioh2hPV"!z4NPcvf2O!u]
Insert a test data, key is [persist.kvStaTest_1712] data=[cyA!/3#!B!656##MY%NKCs]
Insert a test data, key is [persist.kvStaTest_1713] data=[28JE0Y,#A4wf5#eKx'Y5L"a]
Insert a test data, key is [persist.kvStaTest_1714] data=[(d"06&'j3sw8dO/%SZwV"#a)]
Insert a test data, key is [persist.kvStaTest_1715] data=[#7,1P(rYh2z03E#49"4"*!#X!]
Insert a test data, key is [persist.kvStaTest_1716] data=[rV7H-67"(13".%2xf0t!o"0)V!]
Insert a test data, key is [persist.kvStaTest_1717] data=[!(G9u##9M#7Nz26#2*####Ew&Dq]
Insert a test data, key is [persist.kvStaTest_1718] data=[2.&!.!/.990*(/.E/"Er("8%nW"(]
Insert a test data, key is [persist.kvStaTest_1719] data=[A)EWt9-H!4Yv"V"12#XU"h#)o##*8]
Insert a test data, key is [persist.kvStaTest_1720] data=["0rI/J2Sy"'t48'#j#L+]
Insert a test data, key is [persist.kvStaTest_1721] data=[#801bT#Qhi!6,pn%2#WIS]
Insert a test data, key is [persist.kvStaTest_1722] data=[2'3#0G(!/!4)mBoN//f+Bd]
Insert a test data, key is [persist.kvStaTest_1723] data=[!lP/*/"bZ#2,BckIl3Dr"4Y]
Insert a test data, key is [persist.kvStaTest_1724] data=[4kn07'"8!!((##E8w#'1,#B&]
Insert a test data, key is [persist.kvStaTest_1725] data=["6"N8-31&+yq.U!#"r#gyr(Z6]
Insert a test data, key is [persist.kvStaTest_1726] data=[%i5A"Z'2G0Gpa0KLM0/!ou+L#e]
Insert a test data, key is [persist.kvStaTest_1727] data=[5O.K#r-V1"#zm"-6!1d"05C'A"7]
Insert a test data, key is [persist.kvStaTest_1728] data=[k#%.ot5n6e954y!%&xpuOE*.!4*r]
Insert a test data, key is [persist.kvStaTest_1729] data=[3C./90XM+"8A+%"10xI8!P%dFa625]
Insert a test data, key is [persist.kvStaTest_1730] data=[/6Wdoft7"p'8"aPy8n5,]
Insert a test data, key is [persist.kvStaTest_1731] data=[e%#%T2!"#AFy"J+1-CG"#]
Insert a test data, key is [persist.kvStaTest_1732] data=[d0pQ%&&Pk!Gy*1"""!#'l&]
Insert a test data, key is [persist.kvStaTest_1733] data=[opE##"au'"47lqmM&O6)V"j]
Insert a test data, key is [persist.kvStaTest_1734] data=[2,,x,,)"!*1!S0#ec3#"z!(t]
Insert a test data, key is [persist.kvStaTest_1735] data=[A6!-Q'.!/SN3K&-W(!8d+y75%]
Insert a test data, key is [persist.kvStaTest_1736] data=[)7lU4%Z!!064!/#4!u!!V#"*&S]
Insert a test data, key is [persist.kvStaTest_1737] data=[4c"!9&V1!&D"OC3v#9Dl6K,k##+]
Insert a test data, key is [persist.kvStaTest_1738] data=[Y"0#ok8#"-b8-68!q2#'L54!a56I]
Insert a test data, key is [persist.kvStaTest_1739] data=[("k&#J#8"S#V"Hq*H'rdQ)w!#s"8M]
Insert a test data, key is [persist.kvStaTest_1740] data=[)B,9n!"R!/QVH'6,L5/,]
Insert a test data, key is [persist.kvStaTest_1741] data=[N9wT8B-"-,ZV!k!4(!C&Y]
Insert a test data, key is [persist.kvStaTest_1742] data=[7!f#%'X/#7U43a#s4#8pAA]
Insert a test data, key is [persist.kvStaTest_1743] data=[!g42bTVL87cJK!7#y9QNtP8]
Insert a test data, key is [persist.kvStaTest_1744] data=[uW#/",o(Iwqe"G&R+B5tEivk]
Insert a test data, key is [persist.kvStaTest_1745] data=[XH/yMCp1%-U'#I9#kR%L7p3#"]
Insert a test data, key is [persist.kvStaTest_1746] data=[rQweek8*MS903218Z9x%2K!r#(]
Insert a test data, key is [persist.kvStaTest_1747] data=[T,8%!1(10"9"Y2/-7"9!o'Dd.m7]
Insert a test data, key is [persist.kvStaTest_1748] data=[#Ioh2hPV"!z4NPcvf2O!ucyA!/3#]
Insert a test data, key is [persist.kvStaTest_1749] data=[!B!656##MY%NKCs28JE0Y,#A4wf5#]
Insert a test data, key is [persist.kvStaTest_1750] data=[eKx'Y5L"a(d"06&'j3sw]
Insert a test data, key is [persist.kvStaTest_1751] data=[8dO/%SZwV"#a)#7,1P(rY]
Insert a test data, key is [persist.kvStaTest_1752] data=[h2z03E#49"4"*!#X!rV7H-]
Insert a test data, key is [persist.kvStaTest_1753] data=[67"(13".%2xf0t!o"0)V!!(]
Insert a test data, key is [persist.kvStaTest_1754] data=[G9u##9M#7Nz26#2*####Ew&D]
Insert a test data, key is [persist.kvStaTest_1755] data=[q2.&!.!/.990*(/.E/"Er("8%]
Insert a test data, key is [persist.kvStaTest_1756] data=[nW"(A)EWt9-H!4Yv"V"12#XU"h]
Insert a test data, key is [persist.kvStaTest_1757] data=[#)o##*8"0rI/J2Sy"'t48'#j#L+]
Insert a test data, key is [persist.kvStaTest_1758] data=[#801bT#Qhi!6,pn%2#WIS2'3#0G(]
Insert a test data, key is [persist.kvStaTest_1759] data=[!/!4)mBoN//f+Bd!lP/*/"bZ#2,Bc]
Insert a test data, key is [persist.kvStaTest_1760] data=[kIl3Dr"4Y4kn07'"8!!(]
Insert a test data, key is [persist.kvStaTest_1761] data=[(##E8w#'1,#B&"6"N8-31]
Insert a test data, key is [persist.kvStaTest_1762] data=[&+yq.U!#"r#gyr(Z6%i5A"]
Insert a test data, key is [persist.kvStaTest_1763] data=[Z'2G0Gpa0KLM0/!ou+L#e5O]
Insert a test data, key is [persist.kvStaTest_1764] data=[.K#r-V1"#zm"-6!1d"05C'A"]
Insert a test data, key is [persist.kvStaTest_1765] data=[7k#%.ot5n6e954y!%&xpuOE*.]
Insert a test data, key is [persist.kvStaTest_1766] data=[!4*r3C./90XM+"8A+%"10xI8!P]
Insert a test data, key is [persist.kvStaTest_1767] data=[%dFa625/6Wdoft7"p'8"aPy8n5,]
Insert a test data, key is [persist.kvStaTest_1768] data=[e%#%T2!"#AFy"J+1-CG"#d0pQ%&&]
Insert a test data, key is [persist.kvStaTest_1769] data=[Pk!Gy*1"""!#'l&opE##"au'"47lq]
Insert a test data, key is [persist.kvStaTest_1770] data=[mM&O6)V"j2,,x,,)"!*1]
Insert a test data, key is [persist.kvStaTest_1771] data=[!S0#ec3#"z!(tA6!-Q'.!]
Insert a test data, key is [persist.kvStaTest_1772] data=[/SN3K&-W(!8d+y75%)7lU4]
Insert a test data, key is [persist.kvStaTest_1773] data=[%Z!!064!/#4!u!!V#"*&S4c]
Insert a test data, key is [persist.kvStaTest_1774] data=["!9&V1!&D"OC3v#9Dl6K,k##]
Insert a test data, key is [persist.kvStaTest_1775] data=[+Y"0#ok8#"-b8-68!q2#'L54!]
Insert a test data, key is [persist.kvStaTest_1776] data=[a56I("k&#J#8"S#V"Hq*H'rdQ)]
Insert a test data, key is [persist.kvStaTest_1777] data=[w!#s"8M)B,9n!"R!/QVH'6,L5/,]
Insert a test data, key is [persist.kvStaTest_1778] data=[N9wT8B-"-,ZV!k!4(!C&Y7!f#%'X]
Insert a test data, key is [persist.kvStaTest_1779] data=[/#7U43a#s4#8pAA!g42bTVL87cJK!]
Insert a test data, key is [persist.kvStaTest_1780] data=[7#y9QNtP8uW#/",o(Iwq]
Insert a test data, key is [persist.kvStaTest_1781] data=[e"G&R+B5tEivkXH/yMCp1]
Insert a test data, key is [persist.kvStaTest_1782] data=[%-U'#I9#kR%L7p3#"rQwee]
Insert a test data, key is [persist.kvStaTest_1783] data=[k8*MS903218Z9x%2K!r#(T,]
Insert a test data, key is [persist.kvStaTest_1784] data=[8%!1(10"9"Y2/-7"9!o'Dd.m]
Insert a test data, key is [persist.kvStaTest_1785] data=[7#Ioh2hPV"!z4NPcvf2O!ucyA]
Insert a test data, key is [persist.kvStaTest_1786] data=[!/3#!B!656##MY%NKCs28JE0Y,]
Insert a test data, key is [persist.kvStaTest_1787] data=[#A4wf5#eKx'Y5L"a(d"06&'j3sw]
Insert a test data, key is [persist.kvStaTest_1788] data=[8dO/%SZwV"#a)#7,1P(rYh2z03E#]
Insert a test data, key is [persist.kvStaTest_1789] data=[49"4"*!#X!rV7H-67"(13".%2xf0t]
Insert a test data, key is [persist.kvStaTest_1790] data=[!o"0)V!!(G9u##9M#7Nz]
Insert a test data, key is [persist.kvStaTest_1791] data=[26#2*####Ew&Dq2.&!.!/]
Insert a test data, key is [persist.kvStaTest_1792] data=[.990*(/.E/"Er("8%nW"(A]
Insert a test data, key is [persist.kvStaTest_1793] data=[)EWt9-H!4Yv"V"12#XU"h#)]
Insert a test data, key is [persist.kvStaTest_1794] data=[o##*8"0rI/J2Sy"'t48'#j#L]
Insert a test data, key is [persist.kvStaTest_1795] data=[+#801bT#Qhi!6,pn%2#WIS2'3]
Insert a test data, key is [persist.kvStaTest_1796] data=[#0G(!/!4)mBoN//f+Bd!lP/*/"]
Insert a test data, key is [persist.kvStaTest_1797] data=[bZ#2,BckIl3Dr"4Y4kn07'"8!!(]
Insert a test data, key is [persist.kvStaTest_1798] data=[(##E8w#'1,#B&"6"N8-31&+yq.U!]
Insert a test data, key is [persist.kvStaTest_1799] data=[#"r#gyr(Z6%i5A"Z'2G0Gpa0KLM0/]
Insert a test data, key is [persist.kvStaTest_1800] data=[!ou+L#e5O.K#r-V1"#zm]
Insert a test data, key is [persist.kvStaTest_1801] data=["-6!1d"05C'A"7k#%.ot5]
Insert a test data, key is [persist.kvStaTest_1802] data=[n6e954y!%&xpuOE*.!4*r3]
Insert a test data, key is [persist.kvStaTest_1803] data=[C./90XM+"8A+%"10xI8!P%d]
Insert a test data, key is [persist.kvStaTest_1804] data=[Fa625/6Wdoft7"p'8"aPy8n5]
Insert a test data, key is [persist.kvStaTest_1805] data=[,e%#%T2!"#AFy"J+1-CG"#d0p]
Insert a test data, key is [persist.kvStaTest_1806] data=[Q%&&Pk!Gy*1"""!#'l&opE##"a]
Insert a test data, key is [persist.kvStaTest_1807] data=[u'"47lqmM&O6)V"j2,,x,,)"!*1]
Insert a test data, key is [persist.kvStaTest_1808] data=[!S0#ec3#"z!(tA6!-Q'.!/SN3K&-]
Insert a test data, key is [persist.kvStaTest_1809] data=[W(!8d+y75%)7lU4%Z!!064!/#4!u!]
Insert a test data, key is [persist.kvStaTest_1810] data=[!V#"*&S4c"!9&V1!&D"O]
Insert a test data, key is [persist.kvStaTest_1811] data=[C3v#9Dl6K,k##+Y"0#ok8]
Insert a test data, key is [persist.kvStaTest_1812] data=[#"-b8-68!q2#'L54!a56I(]
Insert a test data, key is [persist.kvStaTest_1813] data=["k&#J#8"S#V"Hq*H'rdQ)w!]
Insert a test data, key is [persist.kvStaTest_1814] data=[#s"8M)B,9n!"R!/QVH'6,L5/]
Insert a test data, key is [persist.kvStaTest_1815] data=[,N9wT8B-"-,ZV!k!4(!C&Y7!f]
Insert a test data, key is [persist.kvStaTest_1816] data=[#%'X/#7U43a#s4#8pAA!g42bTV]
Insert a test data, key is [persist.kvStaTest_1817] data=[L87cJK!7#y9QNtP8uW#/",o(Iwq]
Insert a test data, key is [persist.kvStaTest_1818] data=[e"G&R+B5tEivkXH/yMCp1%-U'#I9]
Insert a test data, key is [persist.kvStaTest_1819] data=[#kR%L7p3#"rQweek8*MS903218Z9x]
Insert a test data, key is [persist.kvStaTest_1820] data=[%2K!r#(T,8%!1(10"9"Y]
Insert a test data, key is [persist.kvStaTest_1821] data=[2/-7"9!o'Dd.m7#Ioh2hP]
Insert a test data, key is [persist.kvStaTest_1822] data=[V"!z4NPcvf2O!ucyA!/3#!]
Insert a test data, key is [persist.kvStaTest_1823] data=[B!656##MY%NKCs28JE0Y,#A]
Insert a test data, key is [persist.kvStaTest_1824] data=[4wf5#eKx'Y5L"a(d"06&'j3s]
Insert a test data, key is [persist.kvStaTest_1825] data=[w8dO/%SZwV"#a)#7,1P(rYh2z]
Insert a test data, key is [persist.kvStaTest_1826] data=[03E#49"4"*!#X!rV7H-67"(13"]
Insert a test data, key is [persist.kvStaTest_1827] data=[.%2xf0t!o"0)V!!(G9u##9M#7Nz]
Insert a test data, key is [persist.kvStaTest_1828] data=[26#2*####Ew&Dq2.&!.!/.990*(/]
Insert a test data, key is [persist.kvStaTest_1829] data=[.E/"Er("8%nW"(A)EWt9-H!4Yv"V"]
Insert a test data, key is [persist.kvStaTest_1830] data=[12#XU"h#)o##*8"0rI/J]
Insert a test data, key is [persist.kvStaTest_1831] data=[2Sy"'t48'#j#L+#801bT#]
Insert a test data, key is [persist.kvStaTest_1832] data=[Qhi!6,pn%2#WIS2'3#0G(!]
Insert a test data, key is [persist.kvStaTest_1833] data=[/!4)mBoN//f+Bd!lP/*/"bZ]
Insert a test data, key is [persist.kvStaTest_1834] data=[#2,BckIl3Dr"4Y4kn07'"8!!]
Insert a test data, key is [persist.kvStaTest_1835] data=[((##E8w#'1,#B&"6"N8-31&+y]
Insert a test data, key is [persist.kvStaTest_1836] data=[q.U!#"r#gyr(Z6%i5A"Z'2G0Gp]
Insert a test data, key is [persist.kvStaTest_1837] data=[a0KLM0/!ou+L#e5O.K#r-V1"#zm]
Insert a test data, key is [persist.kvStaTest_1838] data=["-6!1d"05C'A"7k#%.ot5n6e954y]
Insert a test data, key is [persist.kvStaTest_1839] data=[!%&xpuOE*.!4*r3C./90XM+"8A+%"]
Insert a test data, key is [persist.kvStaTest_1840] data=[10xI8!P%dFa625/6Wdof]
Insert a test data, key is [persist.kvStaTest_1841] data=[t7"p'8"aPy8n5,e%#%T2!]
Insert a test data, key is [persist.kvStaTest_1842] data=["#AFy"J+1-CG"#d0pQ%&&P]
Insert a test data, key is [persist.kvStaTest_1843] data=[k!Gy*1"""!#'l&opE##"au']
Insert a test data, key is [persist.kvStaTest_1844] data=["47lqmM&O6)V"j2,,x,,)"!*]
Insert a test data, key is [persist.kvStaTest_1845] data=[1!S0#ec3#"z!(tA6!-Q'.!/SN]
Insert a test data, key is [persist.kvStaTest_1846] data=[3K&-W(!8d+y75%)7lU4%Z!!064]
Insert a test data, key is [persist.kvStaTest_1847] data=[!/#4!u!!V#"*&S4c"!9&V1!&D"O]
Insert a test data, key is [persist.kvStaTest_1848] data=[C3v#9Dl6K,k##+Y"0#ok8#"-b8-6]
Insert a test data, key is [persist.kvStaTest_1849] data=[8!q2#'L54!a56I("k&#J#8"S#V"Hq]
Insert a test data, key is [persist.kvStaTest_1850] data=[*H'rdQ)w!#s"8M)B,9n!]
Insert a test data, key is [persist.kvStaTest_1851] data=["R!/QVH'6,L5/,N9wT8B-]
Insert a test data, key is [persist.kvStaTest_1852] data=["-,ZV!k!4(!C&Y7!f#%'X/]
Insert a test data, key is [persist.kvStaTest_1853] data=[#7U43a#s4#8pAA!g42bTVL8]
Insert a test data, key is [persist.kvStaTest_1854] data=[7cJK!7#y9QNtP8uW#/",o(Iw]
Insert a test data, key is [persist.kvStaTest_1855] data=[qe"G&R+B5tEivkXH/yMCp1%-U]
Insert a test data, key is [persist.kvStaTest_1856] data=['#I9#kR%L7p3#"rQweek8*MS90]
Insert a test data, key is [persist.kvStaTest_1857] data=[3218Z9x%2K!r#(T,8%!1(10"9"Y]
Insert a test data, key is [persist.kvStaTest_1858] data=[2/-7"9!o'Dd.m7#Ioh2hPV"!z4NP]
Insert a test data, key is [persist.kvStaTest_1859] data=[cvf2O!ucyA!/3#!B!656##MY%NKCs]
Insert a test data, key is [persist.kvStaTest_1860] data=[28JE0Y,#A4wf5#eKx'Y5]
Insert a test data, key is [persist.kvStaTest_1861] data=[L"a(d"06&'j3sw8dO/%SZ]
Insert a test data, key is [persist.kvStaTest_1862] data=[wV"#a)#7,1P(rYh2z03E#4]
Insert a test data, key is [persist.kvStaTest_1863] data=[9"4"*!#X!rV7H-67"(13".%]
Insert a test data, key is [persist.kvStaTest_1864] data=[2xf0t!o"0)V!!(G9u##9M#7N]
Insert a test data, key is [persist.kvStaTest_1865] data=[z26#2*####Ew&Dq2.&!.!/.99]
Insert a test data, key is [persist.kvStaTest_1866] data=[0*(/.E/"Er("8%nW"(A)EWt9-H]
Insert a test data, key is [persist.kvStaTest_1867] data=[!4Yv"V"12#XU"h#)o##*8"0rI/J]
Insert a test data, key is [persist.kvStaTest_1868] data=[2Sy"'t48'#j#L+#801bT#Qhi!6,p]
Insert a test data, key is [persist.kvStaTest_1869] data=[n%2#WIS2'3#0G(!/!4)mBoN//f+Bd]
Insert a test data, key is [persist.kvStaTest_1870] data=[!lP/*/"bZ#2,BckIl3Dr]
Insert a test data, key is [persist.kvStaTest_1871] data=["4Y4kn07'"8!!((##E8w#]
Insert a test data, key is [persist.kvStaTest_1872] data=['1,#B&"6"N8-31&+yq.U!#]
Insert a test data, key is [persist.kvStaTest_1873] data=["r#gyr(Z6%i5A"Z'2G0Gpa0]
Insert a test data, key is [persist.kvStaTest_1874] data=[KLM0/!ou+L#e5O.K#r-V1"#z]
Insert a test data, key is [persist.kvStaTest_1875] data=[m"-6!1d"05C'A"7k#%.ot5n6e]
Insert a test data, key is [persist.kvStaTest_1876] data=[954y!%&xpuOE*.!4*r3C./90XM]
Insert a test data, key is [persist.kvStaTest_1877] data=[+"8A+%"10xI8!P%dFa625/6Wdof]
Insert a test data, key is [persist.kvStaTest_1878] data=[t7"p'8"aPy8n5,e%#%T2!"#AFy"J]
Insert a test data, key is [persist.kvStaTest_1879] data=[+1-CG"#d0pQ%&&Pk!Gy*1"""!#'l&]
Insert a test data, key is [persist.kvStaTest_1880] data=[opE##"au'"47lqmM&O6)]
Insert a test data, key is [persist.kvStaTest_1881] data=[V"j2,,x,,)"!*1!S0#ec3]
Insert a test data, key is [persist.kvStaTest_1882] data=[#"z!(tA6!-Q'.!/SN3K&-W]
Insert a test data, key is [persist.kvStaTest_1883] data=[(!8d+y75%)7lU4%Z!!064!/]
Insert a test data, key is [persist.kvStaTest_1884] data=[#4!u!!V#"*&S4c"!9&V1!&D"]
Insert a test data, key is [persist.kvStaTest_1885] data=[OC3v#9Dl6K,k##+Y"0#ok8#"-]
Insert a test data, key is [persist.kvStaTest_1886] data=[b8-68!q2#'L54!a56I("k&#J#8]
Insert a test data, key is [persist.kvStaTest_1887] data=["S#V"Hq*H'rdQ)w!#s"8M)B,9n!]
Insert a test data, key is [persist.kvStaTest_1888] data=["R!/QVH'6,L5/,N9wT8B-"-,ZV!k]
Insert a test data, key is [persist.kvStaTest_1889] data=[!4(!C&Y7!f#%'X/#7U43a#s4#8pAA]
Insert a test data, key is [persist.kvStaTest_1890] data=[!g42bTVL87cJK!7#y9QN]
Insert a test data, key is [persist.kvStaTest_1891] data=[tP8uW#/",o(Iwqe"G&R+B]
Insert a test data, key is [persist.kvStaTest_1892] data=[5tEivkXH/yMCp1%-U'#I9#]
Insert a test data, key is [persist.kvStaTest_1893] data=[kR%L7p3#"rQweek8*MS9032]
Insert a test data, key is [persist.kvStaTest_1894] data=[18Z9x%2K!r#(T,8%!1(10"9"]
Insert a test data, key is [persist.kvStaTest_1895] data=[Y2/-7"9!o'Dd.m7#Ioh2hPV"!]
Insert a test data, key is [persist.kvStaTest_1896] data=[z4NPcvf2O!ucyA!/3#!B!656##]
Insert a test data, key is [persist.kvStaTest_1897] data=[MY%NKCs28JE0Y,#A4wf5#eKx'Y5]
Insert a test data, key is [persist.kvStaTest_1898] data=[L"a(d"06&'j3sw8dO/%SZwV"#a)#]
Insert a test data, key is [persist.kvStaTest_1899] data=[7,1P(rYh2z03E#49"4"*!#X!rV7H-]
Insert a test data, key is [persist.kvStaTest_1900] data=[67"(13".%2xf0t!o"0)V]
Insert a test data, key is [persist.kvStaTest_1901] data=[!!(G9u##9M#7Nz26#2*##]
Insert a test data, key is [persist.kvStaTest_1902] data=[##Ew&Dq2.&!.!/.990*(/.]
Insert a test data, key is [persist.kvStaTest_1903] data=[E/"Er("8%nW"(A)EWt9-H!4]
Insert a test data, key is [persist.kvStaTest_1904] data=[Yv"V"12#XU"h#)o##*8"0rI/]
Insert a test data, key is [persist.kvStaTest_1905] data=[J2Sy"'t48'#j#L+#801bT#Qhi]
Insert a test data, key is [persist.kvStaTest_1906] data=[!6,pn%2#WIS2'3#0G(!/!4)mBo]
Insert a test data, key is [persist.kvStaTest_1907] data=[N//f+Bd!lP/*/"bZ#2,BckIl3Dr]
Insert a test data, key is [persist.kvStaTest_1908] data=["4Y4kn07'"8!!((##E8w#'1,#B&"]
Insert a test data, key is [persist.kvStaTest_1909] data=[6"N8-31&+yq.U!#"r#gyr(Z6%i5A"]
Insert a test data, key is [persist.kvStaTest_1910] data=[Z'2G0Gpa0KLM0/!ou+L#]
Insert a test data, key is [persist.kvStaTest_1911] data=[e5O.K#r-V1"#zm"-6!1d"]
Insert a test data, key is [persist.kvStaTest_1912] data=[05C'A"7k#%.ot5n6e954y!]
Insert a test data, key is [persist.kvStaTest_1913] data=[%&xpuOE*.!4*r3C./90XM+"]
Insert a test data, key is [persist.kvStaTest_1914] data=[8A+%"10xI8!P%dFa625/6Wdo]
Insert a test data, key is [persist.kvStaTest_1915] data=[ft7"p'8"aPy8n5,e%#%T2!"#A]
Insert a test data, key is [persist.kvStaTest_1916] data=[Fy"J+1-CG"#d0pQ%&&Pk!Gy*1"]
Insert a test data, key is [persist.kvStaTest_1917] data=[""!#'l&opE##"au'"47lqmM&O6)]
Insert a test data, key is [persist.kvStaTest_1918] data=[V"j2,,x,,)"!*1!S0#ec3#"z!(tA]
Insert a test data, key is [persist.kvStaTest_1919] data=[6!-Q'.!/SN3K&-W(!8d+y75%)7lU4]
Insert a test data, key is [persist.kvStaTest_1920] data=[%Z!!064!/#4!u!!V#"*&]
Insert a test data, key is [persist.kvStaTest_1921] data=[S4c"!9&V1!&D"OC3v#9Dl]
Insert a test data, key is [persist.kvStaTest_1922] data=[6K,k##+Y"0#ok8#"-b8-68]
Insert a test data, key is [persist.kvStaTest_1923] data=[!q2#'L54!a56I("k&#J#8"S]
Insert a test data, key is [persist.kvStaTest_1924] data=[#V"Hq*H'rdQ)w!#s"8M)B,9n]
Insert a test data, key is [persist.kvStaTest_1925] data=[!"R!/QVH'6,L5/,N9wT8B-"-,]
Insert a test data, key is [persist.kvStaTest_1926] data=[ZV!k!4(!C&Y7!f#%'X/#7U43a#]
Insert a test data, key is [persist.kvStaTest_1927] data=[s4#8pAA!g42bTVL87cJK!7#y9QN]
Insert a test data, key is [persist.kvStaTest_1928] data=[tP8uW#/",o(Iwqe"G&R+B5tEivkX]
Insert a test data, key is [persist.kvStaTest_1929] data=[H/yMCp1%-U'#I9#kR%L7p3#"rQwee]
Insert a test data, key is [persist.kvStaTest_1930] data=[k8*MS903218Z9x%2K!r#]
Insert a test data, key is [persist.kvStaTest_1931] data=[(T,8%!1(10"9"Y2/-7"9!]
Insert a test data, key is [persist.kvStaTest_1932] data=[o'Dd.m7#Ioh2hPV"!z4NPc]
Insert a test data, key is [persist.kvStaTest_1933] data=[vf2O!ucyA!/3#!B!656##MY]
Insert a test data, key is [persist.kvStaTest_1934] data=[%NKCs28JE0Y,#A4wf5#eKx'Y]
Insert a test data, key is [persist.kvStaTest_1935] data=[5L"a(d"06&'j3sw8dO/%SZwV"]
Insert a test data, key is [persist.kvStaTest_1936] data=[#a)#7,1P(rYh2z03E#49"4"*!#]
Insert a test data, key is [persist.kvStaTest_1937] data=[X!rV7H-67"(13".%2xf0t!o"0)V]
Insert a test data, key is [persist.kvStaTest_1938] data=[!!(G9u##9M#7Nz26#2*####Ew&Dq]
Insert a test data, key is [persist.kvStaTest_1939] data=[2.&!.!/.990*(/.E/"Er("8%nW"(A]
Insert a test data, key is [persist.kvStaTest_1940] data=[)EWt9-H!4Yv"V"12#XU"]
Insert a test data, key is [persist.kvStaTest_1941] data=[h#)o##*8"0rI/J2Sy"'t4]
Insert a test data, key is [persist.kvStaTest_1942] data=[8'#j#L+#801bT#Qhi!6,pn]
Insert a test data, key is [persist.kvStaTest_1943] data=[%2#WIS2'3#0G(!/!4)mBoN/]
Insert a test data, key is [persist.kvStaTest_1944] data=[/f+Bd!lP/*/"bZ#2,BckIl3D]
Insert a test data, key is [persist.kvStaTest_1945] data=[r"4Y4kn07'"8!!((##E8w#'1,]
Insert a test data, key is [persist.kvStaTest_1946] data=[#B&"6"N8-31&+yq.U!#"r#gyr(]
Insert a test data, key is [persist.kvStaTest_1947] data=[Z6%i5A"Z'2G0Gpa0KLM0/!ou+L#]
Insert a test data, key is [persist.kvStaTest_1948] data=[e5O.K#r-V1"#zm"-6!1d"05C'A"7]
Insert a test data, key is [persist.kvStaTest_1949] data=[k#%.ot5n6e954y!%&xpuOE*.!4*r3]
Insert a test data, key is [persist.kvStaTest_1950] data=[C./90XM+"8A+%"10xI8!]
Insert a test data, key is [persist.kvStaTest_1951] data=[P%dFa625/6Wdoft7"p'8"]
Insert a test data, key is [persist.kvStaTest_1952] data=[aPy8n5,e%#%T2!"#AFy"J+]
Insert a test data, key is [persist.kvStaTest_1953] data=[1-CG"#d0pQ%&&Pk!Gy*1"""]
Insert a test data, key is [persist.kvStaTest_1954] data=[!#'l&opE##"au'"47lqmM&O6]
Insert a test data, key is [persist.kvStaTest_1955] data=[)V"j2,,x,,)"!*1!S0#ec3#"z]
Insert a test data, key is [persist.kvStaTest_1956] data=[!(tA6!-Q'.!/SN3K&-W(!8d+y7]
Insert a test data, key is [persist.kvStaTest_1957] data=[5%)7lU4%Z!!064!/#4!u!!V#"*&]
Insert a test data, key is [persist.kvStaTest_1958] data=[S4c"!9&V1!&D"OC3v#9Dl6K,k##+]
Insert a test data, key is [persist.kvStaTest_1959] data=[Y"0#ok8#"-b8-68!q2#'L54!a56I(]
Insert a test data, key is [persist.kvStaTest_1960] data=["k&#J#8"S#V"Hq*H'rdQ]
Insert a test data, key is [persist.kvStaTest_1961] data=[)w!#s"8M)B,9n!"R!/QVH]
Insert a test data, key is [persist.kvStaTest_1962] data=['6,L5/,N9wT8B-"-,ZV!k!]
Insert a test data, key is [persist.kvStaTest_1963] data=[4(!C&Y7!f#%'X/#7U43a#s4]
Insert a test data, key is [persist.kvStaTest_1964] data=[#8pAA!g42bTVL87cJK!7#y9Q]
Insert a test data, key is [persist.kvStaTest_1965] data=[NtP8uW#/",o(Iwqe"G&R+B5tE]
Insert a test data, key is [persist.kvStaTest_1966] data=[ivkXH/yMCp1%-U'#I9#kR%L7p3]
Insert a test data, key is [persist.kvStaTest_1967] data=[#"rQweek8*MS903218Z9x%2K!r#]
Insert a test data, key is [persist.kvStaTest_1968] data=[(T,8%!1(10"9"Y2/-7"9!o'Dd.m7]
Insert a test data, key is [persist.kvStaTest_0] data=[1O-1l'%*NN"B&#(D/i#P]
Insert a test data, key is [persist.kvStaTest_1] data=[."0UOc7bUU'p5A7""*#80]
Insert a test data, key is [persist.kvStaTest_2] data=[f-3K6P78r2hkDn)"%)iQ-4]
Insert a test data, key is [persist.kvStaTest_3] data=[kcV!,w./**Wc#"6#j'9!#V&]
Insert a test data, key is [persist.kvStaTest_4] data=['!0"*#orp-0WbvJ6!"%3"k"#]
Insert a test data, key is [persist.kvStaTest_5] data=[7g!20NT.9R.p1%)25+75-"v0(]
Insert a test data, key is [persist.kvStaTest_6] data=[wlb#%HTC!q33-d!07"%'L%m",K]
Insert a test data, key is [persist.kvStaTest_7] data=[e)7"#1O!J#rmc!5P/5+Nv-z0dt)]
Insert a test data, key is [persist.kvStaTest_8] data=[%!,#W!obv+1kq*4#y,)1M'Afqd*"]
Insert a test data, key is [persist.kvStaTest_9] data=[a5!k.!!6wKx.%-!!st0!6RJ#Wg.D1]
Insert a test data, key is [persist.kvStaTest_10] data=[-*0#F!*U1WS%&DF""2t+]
Insert a test data, key is [persist.kvStaTest_11] data=[+rp"n&#!rQ%kB8##nho.!]
Insert a test data, key is [persist.kvStaTest_12] data=[L3aZ81!"#b.J)8Z!/r#Tc7]
Insert a test data, key is [persist.kvStaTest_13] data=[!%a4kHq%MS.-#!7McaC2""!]
Insert a test data, key is [persist.kvStaTest_14] data=[xeVF),B*#0"a"*#9z!!l0*o(]
Insert a test data, key is [persist.kvStaTest_15] data=[55,#l9!Qv!Rk!U#A5,"I9Fj'd]
Insert a test data, key is [persist.kvStaTest_16] data=["G!x1-!"'n1fR#!#'4"#28Ccb0]
Insert a test data, key is [persist.kvStaTest_17] data=[(#gLh/9#Z*5%a44)H,#!+&J-"X!]
Insert a test data, key is [persist.kvStaTest_18] data=[7d79kK5Uc-*1#+85,"*3,X2',!5B]
Insert a test data, key is [persist.kvStaTest_19] data=["!""*+"TZ!5Oy!5PUk1"G#6Dhp"#t]
Insert a test data, key is [persist.kvStaTest_20] data=[)J0"!1#kMdo!""!!58-"]
Insert a test data, key is [persist.kvStaTest_21] data=[S4U"'PFb/qd)v5/DJk"9/]
Insert a test data, key is [persist.kvStaTest_22] data=[u'!1##2gu"4gi#t&cvx7KB]
Insert a test data, key is [persist.kvStaTest_23] data=[eCnX.ko,2%",b83Wk"Z7a"2]
Insert a test data, key is [persist.kvStaTest_24] data=[#+ZuK!!5!+5*k5u4iWH769'6]
Insert a test data, key is [persist.kvStaTest_25] data=[A3Q9)19##+Y"0#ok8#"-b8-68]
Insert a test data, key is [persist.kvStaTest_26] data=[!q2#'L54!a56I("k&#J#8"S#V"]
Insert a test data, key is [persist.kvStaTest_27] data=[Hq*H'rdQ)w!#s"8M)B,9n!"R!/Q]
Insert a test data, key is [persist.kvStaTest_28] data=[VH'6,L5/,N9wT8B-"-,ZV!k!4(!C]
Insert a test data, key is [persist.kvStaTest_29] data=[&Y7!f#%'X/#7U43a#s4#8pAA!g42b]
Insert a test data, key is [persist.kvStaTest_30] data=[TVL87cJK!7#y9QNtP8uW]
Insert a test data, key is [persist.kvStaTest_31] data=[#/",o(Iwqe"G&R+B5tEiv]
Insert a test data, key is [persist.kvStaTest_32] data=[kXH/yMCp1%-U'#I9#kR%L7]
Insert a test data, key is [persist.kvStaTest_33] data=[p3#"rQweek8*MS903218Z9x]
Insert a test data, key is [persist.kvStaTest_34] data=[%2K!r#(T,8%!1(10"9"Y2/-7]
Insert a test data, key is [persist.kvStaTest_35] data=["9!o'Dd.m7#Ioh2hPV"!z4NPc]
Insert a test data, key is [persist.kvStaTest_36] data=[vf2O!ucyA!/3#!B!656##MY%NK]
Insert a test data, key is [persist.kvStaTest_37] data=[Cs28JE0Y,#A4wf5#eKx'Y5L"a(d]
Insert a test data, key is [persist.kvStaTest_38] data=["06&'j3sw8dO/%SZwV"#a)#7,1P(]
Insert a test data, key is [persist.kvStaTest_39] data=[rYh2z03E#49"4"*!#X!rV7H-67"(1]
Insert a test data, key is [persist.kvStaTest_40] data=[3".%2xf0t!o"0)V!!(G9]
Insert a test data, key is [persist.kvStaTest_41] data=[u##9M#7Nz26#2*####Ew&]
Insert a test data, key is [persist.kvStaTest_42] data=[Dq2.&!.!/.990*(/.E/"Er]
Insert a test data, key is [persist.kvStaTest_43] data=[("8%nW"(A)EWt9-H!4Yv"V"]
Insert a test data, key is [persist.kvStaTest_44] data=[12#XU"h#)o##*8"0rI/J2Sy"]
Insert a test data, key is [persist.kvStaTest_45] data=['t48'#j#L+#801bT#Qhi!6,pn]
Insert a test data, key is [persist.kvStaTest_46] data=[%2#WIS2'3#0G(!/!4)mBoN//f+]
Insert a test data, key is [persist.kvStaTest_47] data=[Bd!lP/*/"bZ#2,BckIl3Dr"4Y4k]
Insert a test data, key is [persist.kvStaTest_48] data=[n07'"8!!((##E8w#'1,#B&"6"N8-]
Insert a test data, key is [persist.kvStaTest_49] data=[31&+yq.U!#"r#gyr(Z6%i5A"Z'2G0]
Insert a test data, key is [persist.kvStaTest_50] data=[Gpa0KLM0/!ou+L#e5O.K]
Insert a test data, key is [persist.kvStaTest_51] data=[#r-V1"#zm"-6!1d"05C'A]
Insert a test data, key is [persist.kvStaTest_52] data=["7k#%.ot5n6e954y!%&xpu]
Insert a test data, key is [persist.kvStaTest_53] data=[OE*.!4*r3C./90XM+"8A+%"]
Insert a test data, key is [persist.kvStaTest_54] data=[10xI8!P%dFa625/6Wdoft7"p]
Insert a test data, key is [persist.kvStaTest_55] data=['8"aPy8n5,e%#%T2!"#AFy"J+]
Insert a test data, key is [persist.kvStaTest_56] data=[1-CG"#d0pQ%&&Pk!Gy*1"""!#']
Insert a test data, key is [persist.kvStaTest_57] data=[l&opE##"au'"47lqmM&O6)V"j2,]
Insert a test data, key is [persist.kvStaTest_58] data=[,x,,)"!*1!S0#ec3#"z!(tA6!-Q']
Insert a test data, key is [persist.kvStaTest_59] data=[.!/SN3K&-W(!8d+y75%)7lU4%Z!!0]
Insert a test data, key is [persist.kvStaTest_60] data=[64!/#4!u!!V#"*&S4c"!]
Insert a test data, key is [persist.kvStaTest_61] data=[9&V1!&D"OC3v#9Dl6K,k#]
Insert a test data, key is [persist.kvStaTest_62] data=[#+Y"0#ok8#"-b8-68!q2#']
Insert a test data, key is [persist.kvStaTest_63] data=[L54!a56I("k&#J#8"S#V"Hq]
Insert a test data, key is [persist.kvStaTest_64] data=[*H'rdQ)w!#s"8M)B,9n!"R!/]
Insert a test data, key is [persist.kvStaTest_65] data=[QVH'6,L5/,N9wT8B-"-,ZV!k!]
Insert a test data, key is [persist.kvStaTest_66] data=[4(!C&Y7!f#%'X/#7U43a#s4#8p]
Insert a test data, key is [persist.kvStaTest_67] data=[AA!g42bTVL87cJK!7#y9QNtP8uW]
Insert a test data, key is [persist.kvStaTest_68] data=[#/",o(Iwqe"G&R+B5tEivkXH/yMC]
Insert a test data, key is [persist.kvStaTest_69] data=[p1%-U'#I9#kR%L7p3#"rQweek8*MS]
Insert a test data, key is [persist.kvStaTest_70] data=[903218Z9x%2K!r#(T,8%]
Insert a test data, key is [persist.kvStaTest_71] data=[!1(10"9"Y2/-7"9!o'Dd.]
Insert a test data, key is [persist.kvStaTest_72] data=[m7#Ioh2hPV"!z4NPcvf2O!]
Insert a test data, key is [persist.kvStaTest_73] data=[ucyA!/3#!B!656##MY%NKCs]
Insert a test data, key is [persist.kvStaTest_74] data=[28JE0Y,#A4wf5#eKx'Y5L"a(]
Insert a test data, key is [persist.kvStaTest_75] data=[d"06&'j3sw8dO/%SZwV"#a)#7]
Insert a test data, key is [persist.kvStaTest_76] data=[,1P(rYh2z03E#49"4"*!#X!rV7]
Insert a test data, key is [persist.kvStaTest_77] data=[H-67"(13".%2xf0t!o"0)V!!(G9]
Insert a test data, key is [persist.kvStaTest_78] data=[u##9M#7Nz26#2*####Ew&Dq2.&!.]
Insert a test data, key is [persist.kvStaTest_79] data=[!/.990*(/.E/"Er("8%nW"(A)EWt9]
Insert a test data, key is [persist.kvStaTest_80] data=[-H!4Yv"V"12#XU"h#)o#]
Insert a test data, key is [persist.kvStaTest_81] data=[#*8"0rI/J2Sy"'t48'#j#]
Insert a test data, key is [persist.kvStaTest_82] data=[L+#801bT#Qhi!6,pn%2#WI]
Insert a test data, key is [persist.kvStaTest_83] data=[S2'3#0G(!/!4)mBoN//f+Bd]
Insert a test data, key is [persist.kvStaTest_84] data=[!lP/*/"bZ#2,BckIl3Dr"4Y4]
Insert a test data, key is [persist.kvStaTest_85] data=[kn07'"8!!((##E8w#'1,#B&"6]
Insert a test data, key is [persist.kvStaTest_86] data=["N8-31&+yq.U!#"r#gyr(Z6%i5]
Insert a test data, key is [persist.kvStaTest_87] data=[A"Z'2G0Gpa0KLM0/!ou+L#e5O.K]
Insert a test data, key is [persist.kvStaTest_88] data=[#r-V1"#zm"-6!1d"05C'A"7k#%.o]
Insert a test data, key is [persist.kvStaTest_89] data=[t5n6e954y!%&xpuOE*.!4*r3C./90]
Insert a test data, key is [persist.kvStaTest_90] data=[XM+"8A+%"10xI8!P%dFa]
Insert a test data, key is [persist.kvStaTest_91] data=[625/6Wdoft7"p'8"aPy8n]
Insert a test data, key is [persist.kvStaTest_92] data=[5,e%#%T2!"#AFy"J+1-CG"]
Insert a test data, key is [persist.kvStaTest_93] data=[#d0pQ%&&Pk!Gy*1"""!#'l&]
Insert a test data, key is [persist.kvStaTest_94] data=[opE##"au'"47lqmM&O6)V"j2]
Insert a test data, key is [persist.kvStaTest_95] data=[,,x,,)"!*1!S0#ec3#"z!(tA6]
Insert a test data, key is [persist.kvStaTest_96] data=[!-Q'.!/SN3K&-W(!8d+y75%)7l]
Insert a test data, key is [persist.kvStaTest_97] data=[U4%Z!!064!/#4!u!!V#"*&S4c"!]
Insert a test data, key is [persist.kvStaTest_98] data=[9&V1!&D"OC3v#9Dl6K,k##+Y"0#o]
Insert a test data, key is [persist.kvStaTest_99] data=[k8#"-b8-68!q2#'L54!a56I("k&#J]
Insert a test data, key is [persist.kvStaTest_100] data=[#8"S#V"Hq*H'rdQ)w!#s]
Insert a test data, key is [persist.kvStaTest_101] data=["8M)B,9n!"R!/QVH'6,L5]
Insert a test data, key is [persist.kvStaTest_102] data=[/,N9wT8B-"-,ZV!k!4(!C&]
Insert a test data, key is [persist.kvStaTest_103] data=[Y7!f#%'X/#7U43a#s4#8pAA]
Insert a test data, key is [persist.kvStaTest_104] data=[!g42bTVL87cJK!7#y9QNtP8u]
Insert a test data, key is [persist.kvStaTest_105] data=[W#/",o(Iwqe"G&R+B5tEivkXH]
Insert a test data, key is [persist.kvStaTest_106] data=[/yMCp1%-U'#I9#kR%L7p3#"rQw]
Insert a test data, key is [persist.kvStaTest_107] data=[eek8*MS903218Z9x%2K!r#(T,8%]
Insert a test data, key is [persist.kvStaTest_108] data=[!1(10"9"Y2/-7"9!o'Dd.m7#Ioh2]
Insert a test data, key is [persist.kvStaTest_109] data=[hPV"!z4NPcvf2O!ucyA!/3#!B!656]
Insert a test data, key is [persist.kvStaTest_110] data=[##MY%NKCs28JE0Y,#A4w]
Insert a test data, key is [persist.kvStaTest_111] data=[f5#eKx'Y5L"a(d"06&'j3]
Insert a test data, key is [persist.kvStaTest_112] data=[sw8dO/%SZwV"#a)#7,1P(r]
Insert a test data, key is [persist.kvStaTest_113] data=[Yh2z03E#49"4"*!#X!rV7H-]
Insert a test data, key is [persist.kvStaTest_114] data=[67"(13".%2xf0t!o"0)V!!(G]
Insert a test data, key is [persist.kvStaTest_115] data=[9u##9M#7Nz26#2*####Ew&Dq2]
Insert a test data, key is [persist.kvStaTest_116] data=[.&!.!/.990*(/.E/"Er("8%nW"]
Insert a test data, key is [persist.kvStaTest_117] data=[(A)EWt9-H!4Yv"V"12#XU"h#)o#]
Insert a test data, key is [persist.kvStaTest_118] data=[#*8"0rI/J2Sy"'t48'#j#L+#801b]
Insert a test data, key is [persist.kvStaTest_119] data=[T#Qhi!6,pn%2#WIS2'3#0G(!/!4)m]
Insert a test data, key is [persist.kvStaTest_120] data=[BoN//f+Bd!lP/*/"bZ#2]
Insert a test data, key is [persist.kvStaTest_121] data=[,BckIl3Dr"4Y4kn07'"8!]
Insert a test data, key is [persist.kvStaTest_122] data=[!((##E8w#'1,#B&"6"N8-3]
Insert a test data, key is [persist.kvStaTest_123] data=[1&+yq.U!#"r#gyr(Z6%i5A"]
Insert a test data, key is [persist.kvStaTest_124] data=[Z'2G0Gpa0KLM0/!ou+L#e5O.]
Insert a test data, key is [persist.kvStaTest_125] data=[K#r-V1"#zm"-6!1d"05C'A"7k]
Insert a test data, key is [persist.kvStaTest_126] data=[#%.ot5n6e954y!%&xpuOE*.!4*]
Insert a test data, key is [persist.kvStaTest_127] data=[r3C./90XM+"8A+%"10xI8!P%dFa]
Insert a test data, key is [persist.kvStaTest_128] data=[625/6Wdoft7"p'8"aPy8n5,e%#%T]
Insert a test data, key is [persist.kvStaTest_129] data=[2!"#AFy"J+1-CG"#d0pQ%&&Pk!Gy*]
Insert a test data, key is [persist.kvStaTest_130] data=[1"""!#'l&opE##"au'"4]
Insert a test data, key is [persist.kvStaTest_131] data=[7lqmM&O6)V"j2,,x,,)"!]
Insert a test data, key is [persist.kvStaTest_132] data=[*1!S0#ec3#"z!(tA6!-Q'.]
Insert a test data, key is [persist.kvStaTest_133] data=[!/SN3K&-W(!8d+y75%)7lU4]
Insert a test data, key is [persist.kvStaTest_134] data=[%Z!!064!/#4!u!!V#"*&S4c"]
Insert a test data, key is [persist.kvStaTest_135] data=[!9&V1!&D"OC3v#9Dl6K,k##+Y]
Insert a test data, key is [persist.kvStaTest_136] data=["0#ok8#"-b8-68!q2#'L54!a56]
Insert a test data, key is [persist.kvStaTest_137] data=[I("k&#J#8"S#V"Hq*H'rdQ)w!#s]
Insert a test data, key is [persist.kvStaTest_138] data=["8M)B,9n!"R!/QVH'6,L5/,N9wT8]
Insert a test data, key is [persist.kvStaTest_139] data=[B-"-,ZV!k!4(!C&Y7!f#%'X/#7U43]
Insert a test data, key is [persist.kvStaTest_140] data=[a#s4#8pAA!g42bTVL87c]
Insert a test data, key is [persist.kvStaTest_141] data=[JK!7#y9QNtP8uW#/",o(I]
Insert a test data, key is [persist.kvStaTest_142] data=[wqe"G&R+B5tEivkXH/yMCp]
Insert a test data, key is [persist.kvStaTest_143] data=[1%-U'#I9#kR%L7p3#"rQwee]
Insert a test data, key is [persist.kvStaTest_144] data=[k8*MS903218Z9x%2K!r#(T,8]
Insert a test data, key is [persist.kvStaTest_145] data=[%!1(10"9"Y2/-7"9!o'Dd.m7#]
Insert a test data, key is [persist.kvStaTest_146] data=[Ioh2hPV"!z4NPcvf2O!ucyA!/3]
Insert a test data, key is [persist.kvStaTest_147] data=[#!B!656##MY%NKCs28JE0Y,#A4w]
Insert a test data, key is [persist.kvStaTest_148] data=[f5#eKx'Y5L"a(d"06&'j3sw8dO/%]
Insert a test data, key is [persist.kvStaTest_149] data=[SZwV"#a)#7,1P(rYh2z03E#49"4"*]
Insert a test data, key is [persist.kvStaTest_150] data=[!#X!rV7H-67"(13".%2x]
Insert a test data, key is [persist.kvStaTest_151] data=[f0t!o"0)V!!(G9u##9M#7]
Insert a test data, key is [persist.kvStaTest_152] data=[Nz26#2*####Ew&Dq2.&!.!]
Insert a test data, key is [persist.kvStaTest_153] data=[/.990*(/.E/"Er("8%nW"(A]
Insert a test data, key is [persist.kvStaTest_154] data=[)EWt9-H!4Yv"V"12#XU"h#)o]
Insert a test data, key is [persist.kvStaTest_155] data=[##*8"0rI/J2Sy"'t48'#j#L+#]
Insert a test data, key is [persist.kvStaTest_156] data=[801bT#Qhi!6,pn%2#WIS2'3#0G]
Insert a test data, key is [persist.kvStaTest_157] data=[(!/!4)mBoN//f+Bd!lP/*/"bZ#2]
Insert a test data, key is [persist.kvStaTest_158] data=[,BckIl3Dr"4Y4kn07'"8!!((##E8]
Insert a test data, key is [persist.kvStaTest_159] data=[w#'1,#B&"6"N8-31&+yq.U!#"r#gy]
Insert a test data, key is [persist.kvStaTest_160] data=[r(Z6%i5A"Z'2G0Gpa0KL]
Insert a test data, key is [persist.kvStaTest_161] data=[M0/!ou+L#e5O.K#r-V1"#]
Insert a test data, key is [persist.kvStaTest_162] data=[zm"-6!1d"05C'A"7k#%.ot]
Insert a test data, key is [persist.kvStaTest_163] data=[5n6e954y!%&xpuOE*.!4*r3]
Insert a test data, key is [persist.kvStaTest_164] data=[C./90XM+"8A+%"10xI8!P%dF]
Insert a test data, key is [persist.kvStaTest_165] data=[a625/6Wdoft7"p'8"aPy8n5,e]
Insert a test data, key is [persist.kvStaTest_166] data=[%#%T2!"#AFy"J+1-CG"#d0pQ%&]
Insert a test data, key is [persist.kvStaTest_167] data=[&Pk!Gy*1"""!#'l&opE##"au'"4]
Insert a test data, key is [persist.kvStaTest_168] data=[7lqmM&O6)V"j2,,x,,)"!*1!S0#e]
Insert a test data, key is [persist.kvStaTest_169] data=[c3#"z!(tA6!-Q'.!/SN3K&-W(!8d+]
Insert a test data, key is [persist.kvStaTest_170] data=[y75%)7lU4%Z!!064!/#4]
Insert a test data, key is [persist.kvStaTest_171] data=[!u!!V#"*&S4c"!9&V1!&D]
Insert a test data, key is [persist.kvStaTest_172] data=["OC3v#9Dl6K,k##+Y"0#ok]
Insert a test data, key is [persist.kvStaTest_173] data=[8#"-b8-68!q2#'L54!a56I(]
Insert a test data, key is [persist.kvStaTest_174] data=["k&#J#8"S#V"Hq*H'rdQ)w!#]
Insert a test data, key is [persist.kvStaTest_175] data=[s"8M)B,9n!"R!/QVH'6,L5/,N]
Insert a test data, key is [persist.kvStaTest_176] data=[9wT8B-"-,ZV!k!4(!C&Y7!f#%']
Insert a test data, key is [persist.kvStaTest_177] data=[X/#7U43a#s4#8pAA!g42bTVL87c]
Insert a test data, key is [persist.kvStaTest_178] data=[JK!7#y9QNtP8uW#/",o(Iwqe"G&R]
Insert a test data, key is [persist.kvStaTest_179] data=[+B5tEivkXH/yMCp1%-U'#I9#kR%L7]
Insert a test data, key is [persist.kvStaTest_180] data=[p3#"rQweek8*MS903218]
Insert a test data, key is [persist.kvStaTest_181] data=[Z9x%2K!r#(T,8%!1(10"9]
Insert a test data, key is [persist.kvStaTest_182] data=["Y2/-7"9!o'Dd.m7#Ioh2h]
Insert a test data, key is [persist.kvStaTest_183] data=[PV"!z4NPcvf2O!ucyA!/3#!]
Insert a test data, key is [persist.kvStaTest_184] data=[B!656##MY%NKCs28JE0Y,#A4]
Insert a test data, key is [persist.kvStaTest_185] data=[wf5#eKx'Y5L"a(d"06&'j3sw8]
Insert a test data, key is [persist.kvStaTest_186] data=[dO/%SZwV"#a)#7,1P(rYh2z03E]
Insert a test data, key is [persist.kvStaTest_187] data=[#49"4"*!#X!rV7H-67"(13".%2x]
Insert a test data, key is [persist.kvStaTest_188] data=[f0t!o"0)V!!(G9u##9M#7Nz26#2*]
Insert a test data, key is [persist.kvStaTest_189] data=[####Ew&Dq2.&!.!/.990*(/.E/"Er]
Insert a test data, key is [persist.kvStaTest_190] data=[("8%nW"(A)EWt9-H!4Yv]
Insert a test data, key is [persist.kvStaTest_191] data=["V"12#XU"h#)o##*8"0rI]
Insert a test data, key is [persist.kvStaTest_192] data=[/J2Sy"'t48'#j#L+#801bT]
Insert a test data, key is [persist.kvStaTest_193] data=[#Qhi!6,pn%2#WIS2'3#0G(!]
Insert a test data, key is [persist.kvStaTest_194] data=[/!4)mBoN//f+Bd!lP/*/"bZ#]
Insert a test data, key is [persist.kvStaTest_195] data=[2,BckIl3Dr"4Y4kn07'"8!!((]
Insert a test data, key is [persist.kvStaTest_196] data=[##E8w#'1,#B&"6"N8-31&+yq.U]
Insert a test data, key is [persist.kvStaTest_197] data=[!#"r#gyr(Z6%i5A"Z'2G0Gpa0KL]
Insert a test data, key is [persist.kvStaTest_198] data=[M0/!ou+L#e5O.K#r-V1"#zm"-6!1]
Insert a test data, key is [persist.kvStaTest_199] data=[d"05C'A"7k#%.ot5n6e954y!%&xpu]
Insert a test data, key is [persist.kvStaTest_200] data=[OE*.!4*r3C./90XM+"8A]
Insert a test data, key is [persist.kvStaTest_201] data=[+%"10xI8!P%dFa625/6Wd]
Insert a test data, key is [persist.kvStaTest_202] data=[oft7"p'8"aPy8n5,e%#%T2]
Insert a test data, key is [persist.kvStaTest_203] data=[!"#AFy"J+1-CG"#d0pQ%&&P]
Insert a test data, key is [persist.kvStaTest_204] data=[k!Gy*1"""!#'l&opE##"au'"]
Insert a test data, key is [persist.kvStaTest_205] data=[47lqmM&O6)V"j2,,x,,)"!*1!]
Insert a test data, key is [persist.kvStaTest_206] data=[S0#ec3#"z!(tA6!-Q'.!/SN3K&]
Insert a test data, key is [persist.kvStaTest_207] data=[-W(!8d+y75%)7lU4%Z!!064!/#4]
Insert a test data, key is [persist.kvStaTest_208] data=[!u!!V#"*&S4c"!9&V1!&D"OC3v#9]
Insert a test data, key is [persist.kvStaTest_209] data=[Dl6K,k##+Y"0#ok8#"-b8-68!q2#']
Insert a test data, key is [persist.kvStaTest_210] data=[L54!a56I("k&#J#8"S#V]
Insert a test data, key is [persist.kvStaTest_211] data=["Hq*H'rdQ)w!#s"8M)B,9]
Insert a test data, key is [persist.kvStaTest_212] data=[n!"R!/QVH'6,L5/,N9wT8B]
Insert a test data, key is [persist.kvStaTest_213] data=[-"-,ZV!k!4(!C&Y7!f#%'X/]
Insert a test data, key is [persist.kvStaTest_214] data=[#7U43a#s4#8pAA!g42bTVL87]
Insert a test data, key is [persist.kvStaTest_215] data=[cJK!7#y9QNtP8uW#/",o(Iwqe]
Insert a test data, key is [persist.kvStaTest_216] data=["G&R+B5tEivkXH/yMCp1%-U'#I]
Insert a test data, key is [persist.kvStaTest_217] data=[9#kR%L7p3#"rQweek8*MS903218]
Insert a test data, key is [persist.kvStaTest_218] data=[Z9x%2K!r#(T,8%!1(10"9"Y2/-7"]
Insert a test data, key is [persist.kvStaTest_219] data=[9!o'Dd.m7#Ioh2hPV"!z4NPcvf2O!]
Insert a test data, key is [persist.kvStaTest_220] data=[ucyA!/3#!B!656##MY%N]
Insert a test data, key is [persist.kvStaTest_221] data=[KCs28JE0Y,#A4wf5#eKx']
Insert a test data, key is [persist.kvStaTest_222] data=[Y5L"a(d"06&'j3sw8dO/%S]
Insert a test data, key is [persist.kvStaTest_223] data=[ZwV"#a)#7,1P(rYh2z03E#4]
Insert a test data, key is [persist.kvStaTest_224] data=[9"4"*!#X!rV7H-67"(13".%2]
Insert a test data, key is [persist.kvStaTest_225] data=[xf0t!o"0)V!!(G9u##9M#7Nz2]
Insert a test data, key is [persist.kvStaTest_226] data=[6#2*####Ew&Dq2.&!.!/.990*(]
Insert a test data, key is [persist.kvStaTest_227] data=[/.E/"Er("8%nW"(A)EWt9-H!4Yv]
Insert a test data, key is [persist.kvStaTest_228] data=["V"12#XU"h#)o##*8"0rI/J2Sy"']
Insert a test data, key is [persist.kvStaTest_229] data=[t48'#j#L+#801bT#Qhi!6,pn%2#WI]
Insert a test data, key is [persist.kvStaTest_230] data=[S2'3#0G(!/!4)mBoN//f]
Insert a test data, key is [persist.kvStaTest_231] data=[+Bd!lP/*/"bZ#2,BckIl3]
Insert a test data, key is [persist.kvStaTest_232] data=[Dr"4Y4kn07'"8!!((##E8w]
Insert a test data, key is [persist.kvStaTest_233] data=[#'1,#B&"6"N8-31&+yq.U!#]
Insert a test data, key is [persist.kvStaTest_234] data=["r#gyr(Z6%i5A"Z'2G0Gpa0K]
Insert a test data, key is [persist.kvStaTest_235] data=[LM0/!ou+L#e5O.K#r-V1"#zm"]
Insert a test data, key is [persist.kvStaTest_236] data=[-6!1d"05C'A"7k#%.ot5n6e954]
Insert a test data, key is [persist.kvStaTest_237] data=[y!%&xpuOE*.!4*r3C./90XM+"8A]
Insert a test data, key is [persist.kvStaTest_238] data=[+%"10xI8!P%dFa625/6Wdoft7"p']
Insert a test data, key is [persist.kvStaTest_239] data=[8"aPy8n5,e%#%T2!"#AFy"J+1-CG"]
Insert a test data, key is [persist.kvStaTest_240] data=[#d0pQ%&&Pk!Gy*1"""!#]
Insert a test data, key is [persist.kvStaTest_241] data=['l&opE##"au'"47lqmM&O]
Insert a test data, key is [persist.kvStaTest_242] data=[6)V"j2,,x,,)"!*1!S0#ec]
Insert a test data, key is [persist.kvStaTest_243] data=[3#"z!(tA6!-Q'.!/SN3K&-W]
Insert a test data, key is [persist.kvStaTest_244] data=[(!8d+y75%)7lU4%Z!!064!/#]
Insert a test data, key is [persist.kvStaTest_245] data=[4!u!!V#"*&S4c"!9&V1!&D"OC]
Insert a test data, key is [persist.kvStaTest_246] data=[3v#9Dl6K,k##+Y"0#ok8#"-b8-]
Insert a test data, key is [persist.kvStaTest_247] data=[68!q2#'L54!a56I("k&#J#8"S#V]
Insert a test data, key is [persist.kvStaTest_248] data=["Hq*H'rdQ)w!#s"8M)B,9n!"R!/Q]
Insert a test data, key is [persist.kvStaTest_249] data=[VH'6,L5/,N9wT8B-"-,ZV!k!4(!C&]
Insert a test data, key is [persist.kvStaTest_250] data=[Y7!f#%'X/#7U43a#s4#8]
Insert a test data, key is [persist.kvStaTest_251] data=[pAA!g42bTVL87cJK!7#y9]
Insert a test data, key is [persist.kvStaTest_252] data=[QNtP8uW#/",o(Iwqe"G&R+]
Insert a test data, key is [persist.kvStaTest_253] data=[B5tEivkXH/yMCp1%-U'#I9#]
Insert a test data, key is [persist.kvStaTest_254] data=[kR%L7p3#"rQweek8*MS90321]
Insert a test data, key is [persist.kvStaTest_255] data=[8Z9x%2K!r#(T,8%!1(10"9"Y2]
Insert a test data, key is [persist.kvStaTest_256] data=[/-7"9!o'Dd.m7#Ioh2hPV"!z4N]
Insert a test data, key is [persist.kvStaTest_257] data=[Pcvf2O!ucyA!/3#!B!656##MY%N]
Insert a test data, key is [persist.kvStaTest_258] data=[KCs28JE0Y,#A4wf5#eKx'Y5L"a(d]
Insert a test data, key is [persist.kvStaTest_259] data=["06&'j3sw8dO/%SZwV"#a)#7,1P(r]
Insert a test data, key is [persist.kvStaTest_260] data=[Yh2z03E#49"4"*!#X!rV]
Insert a test data, key is [persist.kvStaTest_261] data=[7H-67"(13".%2xf0t!o"0]
Insert a test data, key is [persist.kvStaTest_262] data=[)V!!(G9u##9M#7Nz26#2*#]
Insert a test data, key is [persist.kvStaTest_263] data=[###Ew&Dq2.&!.!/.990*(/.]
Insert a test data, key is [persist.kvStaTest_264] data=[E/"Er("8%nW"(A)EWt9-H!4Y]
Insert a test data, key is [persist.kvStaTest_265] data=[v"V"12#XU"h#)o##*8"0rI/J2]
Insert a test data, key is [persist.kvStaTest_266] data=[Sy"'t48'#j#L+#801bT#Qhi!6,]
Insert a test data, key is [persist.kvStaTest_267] data=[pn%2#WIS2'3#0G(!/!4)mBoN//f]
Insert a test data, key is [persist.kvStaTest_268] data=[+Bd!lP/*/"bZ#2,BckIl3Dr"4Y4k]
Insert a test data, key is [persist.kvStaTest_269] data=[n07'"8!!((##E8w#'1,#B&"6"N8-3]
Insert a test data, key is [persist.kvStaTest_270] data=[1&+yq.U!#"r#gyr(Z6%i]
Insert a test data, key is [persist.kvStaTest_271] data=[5A"Z'2G0Gpa0KLM0/!ou+]
Insert a test data, key is [persist.kvStaTest_272] data=[L#e5O.K#r-V1"#zm"-6!1d]
Insert a test data, key is [persist.kvStaTest_273] data=["05C'A"7k#%.ot5n6e954y!]
Insert a test data, key is [persist.kvStaTest_274] data=[%&xpuOE*.!4*r3C./90XM+"8]
Insert a test data, key is [persist.kvStaTest_275] data=[A+%"10xI8!P%dFa625/6Wdoft]
Insert a test data, key is [persist.kvStaTest_276] data=[7"p'8"aPy8n5,e%#%T2!"#AFy"]
Insert a test data, key is [persist.kvStaTest_277] data=[J+1-CG"#d0pQ%&&Pk!Gy*1"""!#]
Insert a test data, key is [persist.kvStaTest_278] data=['l&opE##"au'"47lqmM&O6)V"j2,]
Insert a test data, key is [persist.kvStaTest_279] data=[,x,,)"!*1!S0#ec3#"z!(tA6!-Q'.]
Insert a test data, key is [persist.kvStaTest_280] data=[!/SN3K&-W(!8d+y75%)7]
Insert a test data, key is [persist.kvStaTest_281] data=[lU4%Z!!064!/#4!u!!V#"]
Insert a test data, key is [persist.kvStaTest_282] data=[*&S4c"!9&V1!&D"OC3v#9D]
Insert a test data, key is [persist.kvStaTest_283] data=[l6K,k##+Y"0#ok8#"-b8-68]
Insert a test data, key is [persist.kvStaTest_284] data=[!q2#'L54!a56I("k&#J#8"S#]
Insert a test data, key is [persist.kvStaTest_285] data=[V"Hq*H'rdQ)w!#s"8M)B,9n!"]
Insert a test data, key is [persist.kvStaTest_286] data=[R!/QVH'6,L5/,N9wT8B-"-,ZV!]
Insert a test data, key is [persist.kvStaTest_287] data=[k!4(!C&Y7!f#%'X/#7U43a#s4#8]
Insert a test data, key is [persist.kvStaTest_288] data=[pAA!g42bTVL87cJK!7#y9QNtP8uW]
Insert a test data, key is [persist.kvStaTest_289] data=[#/",o(Iwqe"G&R+B5tEivkXH/yMCp]
Insert a test data, key is [persist.kvStaTest_290] data=[1%-U'#I9#kR%L7p3#"rQ]
Insert a test data, key is [persist.kvStaTest_291] data=[week8*MS903218Z9x%2K!]
Insert a test data, key is [persist.kvStaTest_292] data=[r#(T,8%!1(10"9"Y2/-7"9]
Insert a test data, key is [persist.kvStaTest_293] data=[!o'Dd.m7#Ioh2hPV"!z4NPc]
Insert a test data, key is [persist.kvStaTest_294] data=[vf2O!ucyA!/3#!B!656##MY%]
Insert a test data, key is [persist.kvStaTest_295] data=[NKCs28JE0Y,#A4wf5#eKx'Y5L]
Insert a test data, key is [persist.kvStaTest_296] data=["a(d"06&'j3sw8dO/%SZwV"#a)]
Insert a test data, key is [persist.kvStaTest_297] data=[#7,1P(rYh2z03E#49"4"*!#X!rV]
Insert a test data, key is [persist.kvStaTest_298] data=[7H-67"(13".%2xf0t!o"0)V!!(G9]
Insert a test data, key is [persist.kvStaTest_299] data=[u##9M#7Nz26#2*####Ew&Dq2.&!.!]
Insert a test data, key is [persist.kvStaTest_300] data=[/.990*(/.E/"Er("8%nW]
Insert a test data, key is [persist.kvStaTest_301] data=["(A)EWt9-H!4Yv"V"12#X]
Insert a test data, key is [persist.kvStaTest_302] data=[U"h#)o##*8"0rI/J2Sy"'t]
Insert a test data, key is [persist.kvStaTest_303] data=[48'#j#L+#801bT#Qhi!6,pn]
Insert a test data, key is [persist.kvStaTest_304] data=[%2#WIS2'3#0G(!/!4)mBoN//]
Insert a test data, key is [persist.kvStaTest_305] data=[f+Bd!lP/*/"bZ#2,BckIl3Dr"]
Insert a test data, key is [persist.kvStaTest_306] data=[4Y4kn07'"8!!((##E8w#'1,#B&]
Insert a test data, key is [persist.kvStaTest_307] data=["6"N8-31&+yq.U!#"r#gyr(Z6%i]
Insert a test data, key is [persist.kvStaTest_308] data=[5A"Z'2G0Gpa0KLM0/!ou+L#e5O.K]
Insert a test data, key is [persist.kvStaTest_309] data=[#r-V1"#zm"-6!1d"05C'A"7k#%.ot]
Insert a test data, key is [persist.kvStaTest_310] data=[5n6e954y!%&xpuOE*.!4]
Insert a test data, key is [persist.kvStaTest_311] data=[*r3C./90XM+"8A+%"10xI]
Insert a test data, key is [persist.kvStaTest_312] data=[8!P%dFa625/6Wdoft7"p'8]
Insert a test data, key is [persist.kvStaTest_313] data=["aPy8n5,e%#%T2!"#AFy"J+]
Insert a test data, key is [persist.kvStaTest_314] data=[1-CG"#d0pQ%&&Pk!Gy*1"""!]
Insert a test data, key is [persist.kvStaTest_315] data=[#'l&opE##"au'"47lqmM&O6)V]
Insert a test data, key is [persist.kvStaTest_316] data=["j2,,x,,)"!*1!S0#ec3#"z!(t]
Insert a test data, key is [persist.kvStaTest_317] data=[A6!-Q'.!/SN3K&-W(!8d+y75%)7]
Insert a test data, key is [persist.kvStaTest_318] data=[lU4%Z!!064!/#4!u!!V#"*&S4c"!]
Insert a test data, key is [persist.kvStaTest_319] data=[9&V1!&D"OC3v#9Dl6K,k##+Y"0#ok]
Insert a test data, key is [persist.kvStaTest_320] data=[8#"-b8-68!q2#'L54!a5]
Insert a test data, key is [persist.kvStaTest_321] data=[6I("k&#J#8"S#V"Hq*H'r]
Insert a test data, key is [persist.kvStaTest_322] data=[dQ)w!#s"8M)B,9n!"R!/QV]
Insert a test data, key is [persist.kvStaTest_323] data=[H'6,L5/,N9wT8B-"-,ZV!k!]
Insert a test data, key is [persist.kvStaTest_324] data=[4(!C&Y7!f#%'X/#7U43a#s4#]
Insert a test data, key is [persist.kvStaTest_325] data=[8pAA!g42bTVL87cJK!7#y9QNt]
Insert a test data, key is [persist.kvStaTest_326] data=[P8uW#/",o(Iwqe"G&R+B5tEivk]
Insert a test data, key is [persist.kvStaTest_327] data=[XH/yMCp1%-U'#I9#kR%L7p3#"rQ]
Insert a test data, key is [persist.kvStaTest_328] data=[week8*MS903218Z9x%2K!r#(T,8%]
Insert a test data, key is [persist.kvStaTest_329] data=[!1(10"9"Y2/-7"9!o'Dd.m7#Ioh2h]
Insert a test data, key is [persist.kvStaTest_330] data=[PV"!z4NPcvf2O!ucyA!/]
Insert a test data, key is [persist.kvStaTest_331] data=[3#!B!656##MY%NKCs28JE]
Insert a test data, key is [persist.kvStaTest_332] data=[0Y,#A4wf5#eKx'Y5L"a(d"]
Insert a test data, key is [persist.kvStaTest_333] data=[06&'j3sw8dO/%SZwV"#a)#7]
Insert a test data, key is [persist.kvStaTest_334] data=[,1P(rYh2z03E#49"4"*!#X!r]
Insert a test data, key is [persist.kvStaTest_335] data=[V7H-67"(13".%2xf0t!o"0)V!]
Insert a test data, key is [persist.kvStaTest_336] data=[!(G9u##9M#7Nz26#2*####Ew&D]
Insert a test data, key is [persist.kvStaTest_337] data=[q2.&!.!/.990*(/.E/"Er("8%nW]
Insert a test data, key is [persist.kvStaTest_338] data=["(A)EWt9-H!4Yv"V"12#XU"h#)o#]
Insert a test data, key is [persist.kvStaTest_339] data=[#*8"0rI/J2Sy"'t48'#j#L+#801bT]
Insert a test data, key is [persist.kvStaTest_340] data=[#Qhi!6,pn%2#WIS2'3#0]
Insert a test data, key is [persist.kvStaTest_341] data=[G(!/!4)mBoN//f+Bd!lP/]
Insert a test data, key is [persist.kvStaTest_342] data=[*/"bZ#2,BckIl3Dr"4Y4kn]
Insert a test data, key is [persist.kvStaTest_343] data=[07'"8!!((##E8w#'1,#B&"6]
Insert a test data, key is [persist.kvStaTest_344] data=["N8-31&+yq.U!#"r#gyr(Z6%]
Insert a test data, key is [persist.kvStaTest_345] data=[i5A"Z'2G0Gpa0KLM0/!ou+L#e]
Insert a test data, key is [persist.kvStaTest_346] data=[5O.K#r-V1"#zm"-6!1d"05C'A"]
Insert a test data, key is [persist.kvStaTest_347] data=[7k#%.ot5n6e954y!%&xpuOE*.!4]
Insert a test data, key is [persist.kvStaTest_348] data=[*r3C./90XM+"8A+%"10xI8!P%dFa]
Insert a test data, key is [persist.kvStaTest_349] data=[625/6Wdoft7"p'8"aPy8n5,e%#%T2]
Insert a test data, key is [persist.kvStaTest_350] data=[!"#AFy"J+1-CG"#d0pQ%]
Insert a test data, key is [persist.kvStaTest_351] data=[&&Pk!Gy*1"""!#'l&opE#]
Insert a test data, key is [persist.kvStaTest_352] data=[#"au'"47lqmM&O6)V"j2,,]
Insert a test data, key is [persist.kvStaTest_353] data=[x,,)"!*1!S0#ec3#"z!(tA6]
Insert a test data, key is [persist.kvStaTest_354] data=[!-Q'.!/SN3K&-W(!8d+y75%)]
Insert a test data, key is [persist.kvStaTest_355] data=[7lU4%Z!!064!/#4!u!!V#"*&S]
Insert a test data, key is [persist.kvStaTest_356] data=[4c"!9&V1!&D"OC3v#9Dl6K,k##]
Insert a test data, key is [persist.kvStaTest_357] data=[+Y"0#ok8#"-b8-68!q2#'L54!a5]
Insert a test data, key is [persist.kvStaTest_358] data=[6I("k&#J#8"S#V"Hq*H'rdQ)w!#s]
Insert a test data, key is [persist.kvStaTest_359] data=["8M)B,9n!"R!/QVH'6,L5/,N9wT8B]
Insert a test data, key is [persist.kvStaTest_360] data=[-"-,ZV!k!4(!C&Y7!f#%]
Insert a test data, key is [persist.kvStaTest_361] data=['X/#7U43a#s4#8pAA!g42]
Insert a test data, key is [persist.kvStaTest_362] data=[bTVL87cJK!7#y9QNtP8uW#]
Insert a test data, key is [persist.kvStaTest_363] data=[/",o(Iwqe"G&R+B5tEivkXH]
Insert a test data, key is [persist.kvStaTest_364] data=[/yMCp1%-U'#I9#kR%L7p3#"r]
Insert a test data, key is [persist.kvStaTest_365] data=[Qweek8*MS903218Z9x%2K!r#(]
Insert a test data, key is [persist.kvStaTest_366] data=[T,8%!1(10"9"Y2/-7"9!o'Dd.m]
Insert a test data, key is [persist.kvStaTest_367] data=[7#Ioh2hPV"!z4NPcvf2O!ucyA!/]
Insert a test data, key is [persist.kvStaTest_368] data=[3#!B!656##MY%NKCs28JE0Y,#A4w]
Insert a test data, key is [persist.kvStaTest_369] data=[f5#eKx'Y5L"a(d"06&'j3sw8dO/%S]
Insert a test data, key is [persist.kvStaTest_370] data=[ZwV"#a)#7,1P(rYh2z03]
Insert a test data, key is [persist.kvStaTest_371] data=[E#49"4"*!#X!rV7H-67"(]
Insert a test data, key is [persist.kvStaTest_372] data=[13".%2xf0t!o"0)V!!(G9u]
Insert a test data, key is [persist.kvStaTest_373] data=[##9M#7Nz26#2*####Ew&Dq2]
Insert a test data, key is [persist.kvStaTest_374] data=[.&!.!/.990*(/.E/"Er("8%n]
Insert a test data, key is [persist.kvStaTest_375] data=[W"(A)EWt9-H!4Yv"V"12#XU"h]
Insert a test data, key is [persist.kvStaTest_376] data=[#)o##*8"0rI/J2Sy"'t48'#j#L]
Insert a test data, key is [persist.kvStaTest_377] data=[+#801bT#Qhi!6,pn%2#WIS2'3#0]
Insert a test data, key is [persist.kvStaTest_378] data=[G(!/!4)mBoN//f+Bd!lP/*/"bZ#2]
Insert a test data, key is [persist.kvStaTest_379] data=[,BckIl3Dr"4Y4kn07'"8!!((##E8w]
Insert a test data, key is [persist.kvStaTest_380] data=[#'1,#B&"6"N8-31&+yq.]
Insert a test data, key is [persist.kvStaTest_381] data=[U!#"r#gyr(Z6%i5A"Z'2G]
Insert a test data, key is [persist.kvStaTest_382] data=[0Gpa0KLM0/!ou+L#e5O.K#]
Insert a test data, key is [persist.kvStaTest_383] data=[r-V1"#zm"-6!1d"05C'A"7k]
Insert a test data, key is [persist.kvStaTest_384] data=[#%.ot5n6e954y!%&xpuOE*.!]
Insert a test data, key is [persist.kvStaTest_385] data=[4*r3C./90XM+"8A+%"10xI8!P]
Insert a test data, key is [persist.kvStaTest_386] data=[%dFa625/6Wdoft7"p'8"aPy8n5]
Insert a test data, key is [persist.kvStaTest_387] data=[,e%#%T2!"#AFy"J+1-CG"#d0pQ%]
Insert a test data, key is [persist.kvStaTest_388] data=[&&Pk!Gy*1"""!#'l&opE##"au'"4]
Insert a test data, key is [persist.kvStaTest_389] data=[7lqmM&O6)V"j2,,x,,)"!*1!S0#ec]
Insert a test data, key is [persist.kvStaTest_390] data=[3#"z!(tA6!-Q'.!/SN3K]
Insert a test data, key is [persist.kvStaTest_391] data=[&-W(!8d+y75%)7lU4%Z!!]
Insert a test data, key is [persist.kvStaTest_392] data=[064!/#4!u!!V#"*&S4c"!9]
Insert a test data, key is [persist.kvStaTest_393] data=[&V1!&D"OC3v#9Dl6K,k##+Y]
Insert a test data, key is [persist.kvStaTest_394] data=["0#ok8#"-b8-68!q2#'L54!a]
Insert a test data, key is [persist.kvStaTest_395] data=[56I("k&#J#8"S#V"Hq*H'rdQ)]
Insert a test data, key is [persist.kvStaTest_396] data=[w!#s"8M)B,9n!"R!/QVH'6,L5/]
Insert a test data, key is [persist.kvStaTest_397] data=[,N9wT8B-"-,ZV!k!4(!C&Y7!f#%]
Insert a test data, key is [persist.kvStaTest_398] data=['X/#7U43a#s4#8pAA!g42bTVL87c]
Insert a test data, key is [persist.kvStaTest_399] data=[JK!7#y9QNtP8uW#/",o(Iwqe"G&R+]
Insert a test data, key is [persist.kvStaTest_400] data=[B5tEivkXH/yMCp1%-U'#]
Insert a test data, key is [persist.kvStaTest_401] data=[I9#kR%L7p3#"rQweek8*M]
Insert a test data, key is [persist.kvStaTest_402] data=[S903218Z9x%2K!r#(T,8%!]
Insert a test data, key is [persist.kvStaTest_403] data=[1(10"9"Y2/-7"9!o'Dd.m7#]
Insert a test data, key is [persist.kvStaTest_404] data=[Ioh2hPV"!z4NPcvf2O!ucyA!]
Insert a test data, key is [persist.kvStaTest_405] data=[/3#!B!656##MY%NKCs28JE0Y,]
Insert a test data, key is [persist.kvStaTest_406] data=[#A4wf5#eKx'Y5L"a(d"06&'j3s]
Insert a test data, key is [persist.kvStaTest_407] data=[w8dO/%SZwV"#a)#7,1P(rYh2z03]
Insert a test data, key is [persist.kvStaTest_408] data=[E#49"4"*!#X!rV7H-67"(13".%2x]
Insert a test data, key is [persist.kvStaTest_409] data=[f0t!o"0)V!!(G9u##9M#7Nz26#2*#]
Insert a test data, key is [persist.kvStaTest_410] data=[###Ew&Dq2.&!.!/.990*]
Insert a test data, key is [persist.kvStaTest_411] data=[(/.E/"Er("8%nW"(A)EWt]
Insert a test data, key is [persist.kvStaTest_412] data=[9-H!4Yv"V"12#XU"h#)o##]
Insert a test data, key is [persist.kvStaTest_413] data=[*8"0rI/J2Sy"'t48'#j#L+#]
Insert a test data, key is [persist.kvStaTest_414] data=[801bT#Qhi!6,pn%2#WIS2'3#]
Insert a test data, key is [persist.kvStaTest_415] data=[0G(!/!4)mBoN//f+Bd!lP/*/"]
Insert a test data, key is [persist.kvStaTest_416] data=[bZ#2,BckIl3Dr"4Y4kn07'"8!!]
Insert a test data, key is [persist.kvStaTest_417] data=[((##E8w#'1,#B&"6"N8-31&+yq.]
Insert a test data, key is [persist.kvStaTest_418] data=[U!#"r#gyr(Z6%i5A"Z'2G0Gpa0KL]
Insert a test data, key is [persist.kvStaTest_419] data=[M0/!ou+L#e5O.K#r-V1"#zm"-6!1d]
Insert a test data, key is [persist.kvStaTest_420] data=["05C'A"7k#%.ot5n6e95]
Insert a test data, key is [persist.kvStaTest_421] data=[4y!%&xpuOE*.!4*r3C./9]
Insert a test data, key is [persist.kvStaTest_422] data=[0XM+"8A+%"10xI8!P%dFa6]
Insert a test data, key is [persist.kvStaTest_423] data=[25/6Wdoft7"p'8"aPy8n5,e]
Insert a test data, key is [persist.kvStaTest_424] data=[%#%T2!"#AFy"J+1-CG"#d0pQ]
Insert a test data, key is [persist.kvStaTest_425] data=[%&&Pk!Gy*1"""!#'l&opE##"a]
Insert a test data, key is [persist.kvStaTest_426] data=[u'"47lqmM&O6)V"j2,,x,,)"!*]
Insert a test data, key is [persist.kvStaTest_427] data=[1!S0#ec3#"z!(tA6!-Q'.!/SN3K]
Insert a test data, key is [persist.kvStaTest_428] data=[&-W(!8d+y75%)7lU4%Z!!064!/#4]
Insert a test data, key is [persist.kvStaTest_429] data=[!u!!V#"*&S4c"!9&V1!&D"OC3v#9D]
Insert a test data, key is [persist.kvStaTest_430] data=[l6K,k##+Y"0#ok8#"-b8]
Insert a test data, key is [persist.kvStaTest_431] data=[-68!q2#'L54!a56I("k&#]
Insert a test data, key is [persist.kvStaTest_432] data=[J#8"S#V"Hq*H'rdQ)w!#s"]
Insert a test data, key is [persist.kvStaTest_433] data=[8M)B,9n!"R!/QVH'6,L5/,N]
Insert a test data, key is [persist.kvStaTest_434] data=[9wT8B-"-,ZV!k!4(!C&Y7!f#]
Insert a test data, key is [persist.kvStaTest_435] data=[%'X/#7U43a#s4#8pAA!g42bTV]
Insert a test data, key is [persist.kvStaTest_436] data=[L87cJK!7#y9QNtP8uW#/",o(Iw]
Insert a test data, key is [persist.kvStaTest_437] data=[qe"G&R+B5tEivkXH/yMCp1%-U'#]
Insert a test data, key is [persist.kvStaTest_438] data=[I9#kR%L7p3#"rQweek8*MS903218]
Insert a test data, key is [persist.kvStaTest_439] data=[Z9x%2K!r#(T,8%!1(10"9"Y2/-7"9]
Insert a test data, key is [persist.kvStaTest_440] data=[!o'Dd.m7#Ioh2hPV"!z4]
Insert a test data, key is [persist.kvStaTest_441] data=[NPcvf2O!ucyA!/3#!B!65]
Insert a test data, key is [persist.kvStaTest_442] data=[6##MY%NKCs28JE0Y,#A4wf]
Insert a test data, key is [persist.kvStaTest_443] data=[5#eKx'Y5L"a(d"06&'j3sw8]
Insert a test data, key is [persist.kvStaTest_444] data=[dO/%SZwV"#a)#7,1P(rYh2z0]
Insert a test data, key is [persist.kvStaTest_445] data=[3E#49"4"*!#X!rV7H-67"(13"]
Insert a test data, key is [persist.kvStaTest_446] data=[.%2xf0t!o"0)V!!(G9u##9M#7N]
Insert a test data, key is [persist.kvStaTest_447] data=[z26#2*####Ew&Dq2.&!.!/.990*]
Insert a test data, key is [persist.kvStaTest_448] data=[(/.E/"Er("8%nW"(A)EWt9-H!4Yv]
Insert a test data, key is [persist.kvStaTest_449] data=["V"12#XU"h#)o##*8"0rI/J2Sy"'t]
Insert a test data, key is [persist.kvStaTest_450] data=[48'#j#L+#801bT#Qhi!6]
Insert a test data, key is [persist.kvStaTest_451] data=[,pn%2#WIS2'3#0G(!/!4)]
Insert a test data, key is [persist.kvStaTest_452] data=[mBoN//f+Bd!lP/*/"bZ#2,]
Insert a test data, key is [persist.kvStaTest_453] data=[BckIl3Dr"4Y4kn07'"8!!((]
Insert a test data, key is [persist.kvStaTest_454] data=[##E8w#'1,#B&"6"N8-31&+yq]
Insert a test data, key is [persist.kvStaTest_455] data=[.U!#"r#gyr(Z6%i5A"Z'2G0Gp]
Insert a test data, key is [persist.kvStaTest_456] data=[a0KLM0/!ou+L#e5O.K#r-V1"#z]
Insert a test data, key is [persist.kvStaTest_457] data=[m"-6!1d"05C'A"7k#%.ot5n6e95]
Insert a test data, key is [persist.kvStaTest_458] data=[4y!%&xpuOE*.!4*r3C./90XM+"8A]
Insert a test data, key is [persist.kvStaTest_459] data=[+%"10xI8!P%dFa625/6Wdoft7"p'8]
Insert a test data, key is [persist.kvStaTest_460] data=["aPy8n5,e%#%T2!"#AFy]
Insert a test data, key is [persist.kvStaTest_461] data=["J+1-CG"#d0pQ%&&Pk!Gy]
Insert a test data, key is [persist.kvStaTest_462] data=[*1"""!#'l&opE##"au'"47]
Insert a test data, key is [persist.kvStaTest_463] data=[lqmM&O6)V"j2,,x,,)"!*1!]
Insert a test data, key is [persist.kvStaTest_464] data=[S0#ec3#"z!(tA6!-Q'.!/SN3]
Insert a test data, key is [persist.kvStaTest_465] data=[K&-W(!8d+y75%)7lU4%Z!!064]
Insert a test data, key is [persist.kvStaTest_466] data=[!/#4!u!!V#"*&S4c"!9&V1!&D"]
Insert a test data, key is [persist.kvStaTest_467] data=[OC3v#9Dl6K,k##+Y"0#ok8#"-b8]
Insert a test data, key is [persist.kvStaTest_468] data=[-68!q2#'L54!a56I("k&#J#8"S#V]
Insert a test data, key is [persist.kvStaTest_469] data=["Hq*H'rdQ)w!#s"8M)B,9n!"R!/QV]
Insert a test data, key is [persist.kvStaTest_470] data=[H'6,L5/,N9wT8B-"-,ZV]
Insert a test data, key is [persist.kvStaTest_471] data=[!k!4(!C&Y7!f#%'X/#7U4]
Insert a test data, key is [persist.kvStaTest_472] data=[3a#s4#8pAA!g42bTVL87cJ]
Insert a test data, key is [persist.kvStaTest_473] data=[K!7#y9QNtP8uW#/",o(Iwqe]
Insert a test data, key is [persist.kvStaTest_474] data=["G&R+B5tEivkXH/yMCp1%-U']
Insert a test data, key is [persist.kvStaTest_475] data=[#I9#kR%L7p3#"rQweek8*MS90]
Insert a test data, key is [persist.kvStaTest_476] data=[3218Z9x%2K!r#(T,8%!1(10"9"]
Insert a test data, key is [persist.kvStaTest_477] data=[Y2/-7"9!o'Dd.m7#Ioh2hPV"!z4]
Insert a test data, key is [persist.kvStaTest_478] data=[NPcvf2O!ucyA!/3#!B!656##MY%N]
Insert a test data, key is [persist.kvStaTest_479] data=[KCs28JE0Y,#A4wf5#eKx'Y5L"a(d"]
Insert a test data, key is [persist.kvStaTest_480] data=[06&'j3sw8dO/%SZwV"#a]
Insert a test data, key is [persist.kvStaTest_481] data=[)#7,1P(rYh2z03E#49"4"]
Insert a test data, key is [persist.kvStaTest_482] data=[*!#X!rV7H-67"(13".%2xf]
Insert a test data, key is [persist.kvStaTest_483] data=[0t!o"0)V!!(G9u##9M#7Nz2]
Insert a test data, key is [persist.kvStaTest_484] data=[6#2*####Ew&Dq2.&!.!/.990]
Insert a test data, key is [persist.kvStaTest_485] data=[*(/.E/"Er("8%nW"(A)EWt9-H]
Insert a test data, key is [persist.kvStaTest_486] data=[!4Yv"V"12#XU"h#)o##*8"0rI/]
Insert a test data, key is [persist.kvStaTest_487] data=[J2Sy"'t48'#j#L+#801bT#Qhi!6]
Insert a test data, key is [persist.kvStaTest_488] data=[,pn%2#WIS2'3#0G(!/!4)mBoN//f]
Insert a test data, key is [persist.kvStaTest_489] data=[+Bd!lP/*/"bZ#2,BckIl3Dr"4Y4kn]
Insert a test data, key is [persist.kvStaTest_490] data=[07'"8!!((##E8w#'1,#B]
Insert a test data, key is [persist.kvStaTest_491] data=[&"6"N8-31&+yq.U!#"r#g]
Insert a test data, key is [persist.kvStaTest_492] data=[yr(Z6%i5A"Z'2G0Gpa0KLM]
Insert a test data, key is [persist.kvStaTest_493] data=[0/!ou+L#e5O.K#r-V1"#zm"]
Insert a test data, key is [persist.kvStaTest_494] data=[-6!1d"05C'A"7k#%.ot5n6e9]
Insert a test data, key is [persist.kvStaTest_495] data=[54y!%&xpuOE*.!4*r3C./90XM]
Insert a test data, key is [persist.kvStaTest_496] data=[+"8A+%"10xI8!P%dFa625/6Wdo]
Insert a test data, key is [persist.kvStaTest_497] data=[ft7"p'8"aPy8n5,e%#%T2!"#AFy]
Insert a test data, key is [persist.kvStaTest_498] data=["J+1-CG"#d0pQ%&&Pk!Gy*1"""!#]
Insert a test data, key is [persist.kvStaTest_499] data=['l&opE##"au'"47lqmM&O6)V"j2,,]
Insert a test data, key is [persist.kvStaTest_500] data=[x,,)"!*1!S0#ec3#"z!(]
Insert a test data, key is [persist.kvStaTest_501] data=[tA6!-Q'.!/SN3K&-W(!8d]
Insert a test data, key is [persist.kvStaTest_502] data=[+y75%)7lU4%Z!!064!/#4!]
Insert a test data, key is [persist.kvStaTest_503] data=[u!!V#"*&S4c"!9&V1!&D"OC]
Insert a test data, key is [persist.kvStaTest_504] data=[3v#9Dl6K,k##+Y"0#ok8#"-b]
Insert a test data, key is [persist.kvStaTest_505] data=[8-68!q2#'L54!a56I("k&#J#8]
Insert a test data, key is [persist.kvStaTest_506] data=["S#V"Hq*H'rdQ)w!#s"8M)B,9n]
Insert a test data, key is [persist.kvStaTest_507] data=[!"R!/QVH'6,L5/,N9wT8B-"-,ZV]
Insert a test data, key is [persist.kvStaTest_508] data=[!k!4(!C&Y7!f#%'X/#7U43a#s4#8]
Insert a test data, key is [persist.kvStaTest_509] data=[pAA!g42bTVL87cJK!7#y9QNtP8uW#]
Insert a test data, key is [persist.kvStaTest_510] data=[/",o(Iwqe"G&R+B5tEiv]
Insert a test data, key is [persist.kvStaTest_511] data=[kXH/yMCp1%-U'#I9#kR%L]
Insert a test data, key is [persist.kvStaTest_512] data=[7p3#"rQweek8*MS903218Z]
Insert a test data, key is [persist.kvStaTest_513] data=[9x%2K!r#(T,8%!1(10"9"Y2]
Insert a test data, key is [persist.kvStaTest_514] data=[/-7"9!o'Dd.m7#Ioh2hPV"!z]
Insert a test data, key is [persist.kvStaTest_515] data=[4NPcvf2O!ucyA!/3#!B!656##]
Insert a test data, key is [persist.kvStaTest_516] data=[MY%NKCs28JE0Y,#A4wf5#eKx'Y]
Insert a test data, key is [persist.kvStaTest_517] data=[5L"a(d"06&'j3sw8dO/%SZwV"#a]
Insert a test data, key is [persist.kvStaTest_518] data=[)#7,1P(rYh2z03E#49"4"*!#X!rV]
Insert a test data, key is [persist.kvStaTest_519] data=[7H-67"(13".%2xf0t!o"0)V!!(G9u]
Insert a test data, key is [persist.kvStaTest_520] data=[##9M#7Nz26#2*####Ew&]
Insert a test data, key is [persist.kvStaTest_521] data=[Dq2.&!.!/.990*(/.E/"E]
Insert a test data, key is [persist.kvStaTest_522] data=[r("8%nW"(A)EWt9-H!4Yv"]
Insert a test data, key is [persist.kvStaTest_523] data=[V"12#XU"h#)o##*8"0rI/J2]
Insert a test data, key is [persist.kvStaTest_524] data=[Sy"'t48'#j#L+#801bT#Qhi!]
Insert a test data, key is [persist.kvStaTest_525] data=[6,pn%2#WIS2'3#0G(!/!4)mBo]
Insert a test data, key is [persist.kvStaTest_526] data=[N//f+Bd!lP/*/"bZ#2,BckIl3D]
Insert a test data, key is [persist.kvStaTest_527] data=[r"4Y4kn07'"8!!((##E8w#'1,#B]
Insert a test data, key is [persist.kvStaTest_528] data=[&"6"N8-31&+yq.U!#"r#gyr(Z6%i]
Insert a test data, key is [persist.kvStaTest_529] data=[5A"Z'2G0Gpa0KLM0/!ou+L#e5O.K#]
Insert a test data, key is [persist.kvStaTest_530] data=[r-V1"#zm"-6!1d"05C'A]
Insert a test data, key is [persist.kvStaTest_531] data=["7k#%.ot5n6e954y!%&xp]
Insert a test data, key is [persist.kvStaTest_532] data=[uOE*.!4*r3C./90XM+"8A+]
Insert a test data, key is [persist.kvStaTest_533] data=[%"10xI8!P%dFa625/6Wdoft]
Insert a test data, key is [persist.kvStaTest_534] data=[7"p'8"aPy8n5,e%#%T2!"#AF]
Insert a test data, key is [persist.kvStaTest_535] data=[y"J+1-CG"#d0pQ%&&Pk!Gy*1"]
Insert a test data, key is [persist.kvStaTest_536] data=[""!#'l&opE##"au'"47lqmM&O6]
Insert a test data, key is [persist.kvStaTest_537] data=[)V"j2,,x,,)"!*1!S0#ec3#"z!(]
Insert a test data, key is [persist.kvStaTest_538] data=[tA6!-Q'.!/SN3K&-W(!8d+y75%)7]
Insert a test data, key is [persist.kvStaTest_539] data=[lU4%Z!!064!/#4!u!!V#"*&S4c"!9]
Insert a test data, key is [persist.kvStaTest_540] data=[&V1!&D"OC3v#9Dl6K,k#]
Insert a test data, key is [persist.kvStaTest_541] data=[#+Y"0#ok8#"-b8-68!q2#]
Insert a test data, key is [persist.kvStaTest_542] data=['L54!a56I("k&#J#8"S#V"]
Insert a test data, key is [persist.kvStaTest_543] data=[Hq*H'rdQ)w!#s"8M)B,9n!"]
Insert a test data, key is [persist.kvStaTest_544] data=[R!/QVH'6,L5/,N9wT8B-"-,Z]
Insert a test data, key is [persist.kvStaTest_545] data=[V!k!4(!C&Y7!f#%'X/#7U43a#]
Insert a test data, key is [persist.kvStaTest_546] data=[s4#8pAA!g42bTVL87cJK!7#y9Q]
Insert a test data, key is [persist.kvStaTest_547] data=[NtP8uW#/",o(Iwqe"G&R+B5tEiv]
Insert a test data, key is [persist.kvStaTest_548] data=[kXH/yMCp1%-U'#I9#kR%L7p3#"rQ]
Insert a test data, key is [persist.kvStaTest_549] data=[week8*MS903218Z9x%2K!r#(T,8%!]
Insert a test data, key is [persist.kvStaTest_550] data=[1(10"9"Y2/-7"9!o'Dd.]
Insert a test data, key is [persist.kvStaTest_551] data=[m7#Ioh2hPV"!z4NPcvf2O]
Insert a test data, key is [persist.kvStaTest_552] data=[!ucyA!/3#!B!656##MY%NK]
Insert a test data, key is [persist.kvStaTest_553] data=[Cs28JE0Y,#A4wf5#eKx'Y5L]
Insert a test data, key is [persist.kvStaTest_554] data=["a(d"06&'j3sw8dO/%SZwV"#]
Insert a test data, key is [persist.kvStaTest_555] data=[a)#7,1P(rYh2z03E#49"4"*!#]
Insert a test data, key is [persist.kvStaTest_556] data=[X!rV7H-67"(13".%2xf0t!o"0)]
Insert a test data, key is [persist.kvStaTest_557] data=[V!!(G9u##9M#7Nz26#2*####Ew&]
Insert a test data, key is [persist.kvStaTest_558] data=[Dq2.&!.!/.990*(/.E/"Er("8%nW]
Insert a test data, key is [persist.kvStaTest_559] data=["(A)EWt9-H!4Yv"V"12#XU"h#)o##]
Insert a test data, key is [persist.kvStaTest_560] data=[*8"0rI/J2Sy"'t48'#j#]
Insert a test data, key is [persist.kvStaTest_561] data=[L+#801bT#Qhi!6,pn%2#W]
Insert a test data, key is [persist.kvStaTest_562] data=[IS2'3#0G(!/!4)mBoN//f+]
Insert a test data, key is [persist.kvStaTest_563] data=[Bd!lP/*/"bZ#2,BckIl3Dr"]
Insert a test data, key is [persist.kvStaTest_564] data=[4Y4kn07'"8!!((##E8w#'1,#]
Insert a test data, key is [persist.kvStaTest_565] data=[B&"6"N8-31&+yq.U!#"r#gyr(]
Insert a test data, key is [persist.kvStaTest_566] data=[Z6%i5A"Z'2G0Gpa0KLM0/!ou+L]
Insert a test data, key is [persist.kvStaTest_567] data=[#e5O.K#r-V1"#zm"-6!1d"05C'A]
Insert a test data, key is [persist.kvStaTest_568] data=["7k#%.ot5n6e954y!%&xpuOE*.!4]
Insert a test data, key is [persist.kvStaTest_569] data=[*r3C./90XM+"8A+%"10xI8!P%dFa6]
Insert a test data, key is [persist.kvStaTest_570] data=[25/6Wdoft7"p'8"aPy8n]
Insert a test data, key is [persist.kvStaTest_571] data=[5,e%#%T2!"#AFy"J+1-CG]
Insert a test data, key is [persist.kvStaTest_572] data=["#d0pQ%&&Pk!Gy*1"""!#']
Insert a test data, key is [persist.kvStaTest_573] data=[l&opE##"au'"47lqmM&O6)V]
Insert a test data, key is [persist.kvStaTest_574] data=["j2,,x,,)"!*1!S0#ec3#"z!]
Insert a test data, key is [persist.kvStaTest_575] data=[(tA6!-Q'.!/SN3K&-W(!8d+y7]
Insert a test data, key is [persist.kvStaTest_576] data=[5%)7lU4%Z!!064!/#4!u!!V#"*]
Insert a test data, key is [persist.kvStaTest_577] data=[&S4c"!9&V1!&D"OC3v#9Dl6K,k#]
Insert a test data, key is [persist.kvStaTest_578] data=[#+Y"0#ok8#"-b8-68!q2#'L54!a5]
Insert a test data, key is [persist.kvStaTest_579] data=[6I("k&#J#8"S#V"Hq*H'rdQ)w!#s"]
Insert a test data, key is [persist.kvStaTest_580] data=[8M)B,9n!"R!/QVH'6,L5]
Insert a test data, key is [persist.kvStaTest_581] data=[/,N9wT8B-"-,ZV!k!4(!C]
Insert a test data, key is [persist.kvStaTest_582] data=[&Y7!f#%'X/#7U43a#s4#8p]
Insert a test data, key is [persist.kvStaTest_583] data=[AA!g42bTVL87cJK!7#y9QNt]
Insert a test data, key is [persist.kvStaTest_584] data=[P8uW#/",o(Iwqe"G&R+B5tEi]
Insert a test data, key is [persist.kvStaTest_585] data=[vkXH/yMCp1%-U'#I9#kR%L7p3]
Insert a test data, key is [persist.kvStaTest_586] data=[#"rQweek8*MS903218Z9x%2K!r]
Insert a test data, key is [persist.kvStaTest_587] data=[#(T,8%!1(10"9"Y2/-7"9!o'Dd.]
Insert a test data, key is [persist.kvStaTest_588] data=[m7#Ioh2hPV"!z4NPcvf2O!ucyA!/]
Insert a test data, key is [persist.kvStaTest_589] data=[3#!B!656##MY%NKCs28JE0Y,#A4wf]
Insert a test data, key is [persist.kvStaTest_590] data=[5#eKx'Y5L"a(d"06&'j3]
Insert a test data, key is [persist.kvStaTest_591] data=[sw8dO/%SZwV"#a)#7,1P(]
Insert a test data, key is [persist.kvStaTest_592] data=[rYh2z03E#49"4"*!#X!rV7]
Insert a test data, key is [persist.kvStaTest_593] data=[H-67"(13".%2xf0t!o"0)V!]
Insert a test data, key is [persist.kvStaTest_594] data=[!(G9u##9M#7Nz26#2*####Ew]
Insert a test data, key is [persist.kvStaTest_595] data=[&Dq2.&!.!/.990*(/.E/"Er("]
Insert a test data, key is [persist.kvStaTest_596] data=[8%nW"(A)EWt9-H!4Yv"V"12#XU]
Insert a test data, key is [persist.kvStaTest_597] data=["h#)o##*8"0rI/J2Sy"'t48'#j#]
Insert a test data, key is [persist.kvStaTest_598] data=[L+#801bT#Qhi!6,pn%2#WIS2'3#0]
Insert a test data, key is [persist.kvStaTest_599] data=[G(!/!4)mBoN//f+Bd!lP/*/"bZ#2,]
Insert a test data, key is [persist.kvStaTest_600] data=[BckIl3Dr"4Y4kn07'"8!]
Insert a test data, key is [persist.kvStaTest_601] data=[!((##E8w#'1,#B&"6"N8-]
Insert a test data, key is [persist.kvStaTest_602] data=[31&+yq.U!#"r#gyr(Z6%i5]
Insert a test data, key is [persist.kvStaTest_603] data=[A"Z'2G0Gpa0KLM0/!ou+L#e]
Insert a test data, key is [persist.kvStaTest_604] data=[5O.K#r-V1"#zm"-6!1d"05C']
Insert a test data, key is [persist.kvStaTest_605] data=[A"7k#%.ot5n6e954y!%&xpuOE]
Insert a test data, key is [persist.kvStaTest_606] data=[*.!4*r3C./90XM+"8A+%"10xI8]
Insert a test data, key is [persist.kvStaTest_607] data=[!P%dFa625/6Wdoft7"p'8"aPy8n]
Insert a test data, key is [persist.kvStaTest_608] data=[5,e%#%T2!"#AFy"J+1-CG"#d0pQ%]
Insert a test data, key is [persist.kvStaTest_609] data=[&&Pk!Gy*1"""!#'l&opE##"au'"47]
Insert a test data, key is [persist.kvStaTest_610] data=[lqmM&O6)V"j2,,x,,)"!]
Insert a test data, key is [persist.kvStaTest_611] data=[*1!S0#ec3#"z!(tA6!-Q']
Insert a test data, key is [persist.kvStaTest_612] data=[.!/SN3K&-W(!8d+y75%)7l]
Insert a test data, key is [persist.kvStaTest_613] data=[U4%Z!!064!/#4!u!!V#"*&S]
Insert a test data, key is [persist.kvStaTest_614] data=[4c"!9&V1!&D"OC3v#9Dl6K,k]
Insert a test data, key is [persist.kvStaTest_615] data=[##+Y"0#ok8#"-b8-68!q2#'L5]
Insert a test data, key is [persist.kvStaTest_616] data=[4!a56I("k&#J#8"S#V"Hq*H'rd]
Insert a test data, key is [persist.kvStaTest_617] data=[Q)w!#s"8M)B,9n!"R!/QVH'6,L5]
Insert a test data, key is [persist.kvStaTest_618] data=[/,N9wT8B-"-,ZV!k!4(!C&Y7!f#%]
Insert a test data, key is [persist.kvStaTest_619] data=['X/#7U43a#s4#8pAA!g42bTVL87cJ]
Insert a test data, key is [persist.kvStaTest_620] data=[K!7#y9QNtP8uW#/",o(I]
Insert a test data, key is [persist.kvStaTest_621] data=[wqe"G&R+B5tEivkXH/yMC]
Insert a test data, key is [persist.kvStaTest_622] data=[p1%-U'#I9#kR%L7p3#"rQw]
Insert a test data, key is [persist.kvStaTest_623] data=[eek8*MS903218Z9x%2K!r#(]
Insert a test data, key is [persist.kvStaTest_624] data=[T,8%!1(10"9"Y2/-7"9!o'Dd]
Insert a test data, key is [persist.kvStaTest_625] data=[.m7#Ioh2hPV"!z4NPcvf2O!uc]
Insert a test data, key is [persist.kvStaTest_626] data=[yA!/3#!B!656##MY%NKCs28JE0]
Insert a test data, key is [persist.kvStaTest_627] data=[Y,#A4wf5#eKx'Y5L"a(d"06&'j3]
Insert a test data, key is [persist.kvStaTest_628] data=[sw8dO/%SZwV"#a)#7,1P(rYh2z03]
Insert a test data, key is [persist.kvStaTest_629] data=[E#49"4"*!#X!rV7H-67"(13".%2xf]
Insert a test data, key is [persist.kvStaTest_630] data=[0t!o"0)V!!(G9u##9M#7]
Insert a test data, key is [persist.kvStaTest_631] data=[Nz26#2*####Ew&Dq2.&!.]
Insert a test data, key is [persist.kvStaTest_632] data=[!/.990*(/.E/"Er("8%nW"]
Insert a test data, key is [persist.kvStaTest_633] data=[(A)EWt9-H!4Yv"V"12#XU"h]
Insert a test data, key is [persist.kvStaTest_634] data=[#)o##*8"0rI/J2Sy"'t48'#j]
Insert a test data, key is [persist.kvStaTest_635] data=[#L+#801bT#Qhi!6,pn%2#WIS2]
Insert a test data, key is [persist.kvStaTest_636] data=['3#0G(!/!4)mBoN//f+Bd!lP/*]
Insert a test data, key is [persist.kvStaTest_637] data=[/"bZ#2,BckIl3Dr"4Y4kn07'"8!]
Insert a test data, key is [persist.kvStaTest_638] data=[!((##E8w#'1,#B&"6"N8-31&+yq.]
Insert a test data, key is [persist.kvStaTest_639] data=[U!#"r#gyr(Z6%i5A"Z'2G0Gpa0KLM]
Insert a test data, key is [persist.kvStaTest_640] data=[0/!ou+L#e5O.K#r-V1"#]
Insert a test data, key is [persist.kvStaTest_641] data=[zm"-6!1d"05C'A"7k#%.o]
Insert a test data, key is [persist.kvStaTest_642] data=[t5n6e954y!%&xpuOE*.!4*]
Insert a test data, key is [persist.kvStaTest_643] data=[r3C./90XM+"8A+%"10xI8!P]
Insert a test data, key is [persist.kvStaTest_644] data=[%dFa625/6Wdoft7"p'8"aPy8]
Insert a test data, key is [persist.kvStaTest_645] data=[n5,e%#%T2!"#AFy"J+1-CG"#d]
Insert a test data, key is [persist.kvStaTest_646] data=[0pQ%&&Pk!Gy*1"""!#'l&opE##]
Insert a test data, key is [persist.kvStaTest_647] data=["au'"47lqmM&O6)V"j2,,x,,)"!]
Insert a test data, key is [persist.kvStaTest_648] data=[*1!S0#ec3#"z!(tA6!-Q'.!/SN3K]
Insert a test data, key is [persist.kvStaTest_649] data=[&-W(!8d+y75%)7lU4%Z!!064!/#4!]
Insert a test data, key is [persist.kvStaTest_650] data=[u!!V#"*&S4c"!9&V1!&D]
Insert a test data, key is [persist.kvStaTest_651] data=["OC3v#9Dl6K,k##+Y"0#o]
Insert a test data, key is [persist.kvStaTest_652] data=[k8#"-b8-68!q2#'L54!a56]
Insert a test data, key is [persist.kvStaTest_653] data=[I("k&#J#8"S#V"Hq*H'rdQ)]
Insert a test data, key is [persist.kvStaTest_654] data=[w!#s"8M)B,9n!"R!/QVH'6,L]
Insert a test data, key is [persist.kvStaTest_655] data=[5/,N9wT8B-"-,ZV!k!4(!C&Y7]
Insert a test data, key is [persist.kvStaTest_656] data=[!f#%'X/#7U43a#s4#8pAA!g42b]
Insert a test data, key is [persist.kvStaTest_657] data=[TVL87cJK!7#y9QNtP8uW#/",o(I]
Insert a test data, key is [persist.kvStaTest_658] data=[wqe"G&R+B5tEivkXH/yMCp1%-U'#]
Insert a test data, key is [persist.kvStaTest_659] data=[I9#kR%L7p3#"rQweek8*MS903218Z]
Insert a test data, key is [persist.kvStaTest_660] data=[9x%2K!r#(T,8%!1(10"9]
Insert a test data, key is [persist.kvStaTest_661] data=["Y2/-7"9!o'Dd.m7#Ioh2]
Insert a test data, key is [persist.kvStaTest_662] data=[hPV"!z4NPcvf2O!ucyA!/3]
Insert a test data, key is [persist.kvStaTest_663] data=[#!B!656##MY%NKCs28JE0Y,]
Insert a test data, key is [persist.kvStaTest_664] data=[#A4wf5#eKx'Y5L"a(d"06&'j]
Insert a test data, key is [persist.kvStaTest_665] data=[3sw8dO/%SZwV"#a)#7,1P(rYh]
Insert a test data, key is [persist.kvStaTest_666] data=[2z03E#49"4"*!#X!rV7H-67"(1]
Insert a test data, key is [persist.kvStaTest_667] data=[3".%2xf0t!o"0)V!!(G9u##9M#7]
Insert a test data, key is [persist.kvStaTest_668] data=[Nz26#2*####Ew&Dq2.&!.!/.990*]
Insert a test data, key is [persist.kvStaTest_669] data=[(/.E/"Er("8%nW"(A)EWt9-H!4Yv"]
Insert a test data, key is [persist.kvStaTest_670] data=[V"12#XU"h#)o##*8"0rI]
Insert a test data, key is [persist.kvStaTest_671] data=[/J2Sy"'t48'#j#L+#801b]
Insert a test data, key is [persist.kvStaTest_672] data=[T#Qhi!6,pn%2#WIS2'3#0G]
Insert a test data, key is [persist.kvStaTest_673] data=[(!/!4)mBoN//f+Bd!lP/*/"]
Insert a test data, key is [persist.kvStaTest_674] data=[bZ#2,BckIl3Dr"4Y4kn07'"8]
Insert a test data, key is [persist.kvStaTest_675] data=[!!((##E8w#'1,#B&"6"N8-31&]
Insert a test data, key is [persist.kvStaTest_676] data=[+yq.U!#"r#gyr(Z6%i5A"Z'2G0]
Insert a test data, key is [persist.kvStaTest_677] data=[Gpa0KLM0/!ou+L#e5O.K#r-V1"#]
Insert a test data, key is [persist.kvStaTest_678] data=[zm"-6!1d"05C'A"7k#%.ot5n6e95]
Insert a test data, key is [persist.kvStaTest_679] data=[4y!%&xpuOE*.!4*r3C./90XM+"8A+]
Insert a test data, key is [persist.kvStaTest_680] data=[%"10xI8!P%dFa625/6Wd]
Insert a test data, key is [persist.kvStaTest_681] data=[oft7"p'8"aPy8n5,e%#%T]
Insert a test data, key is [persist.kvStaTest_682] data=[2!"#AFy"J+1-CG"#d0pQ%&]
Insert a test data, key is [persist.kvStaTest_683] data=[&Pk!Gy*1"""!#'l&opE##"a]
Insert a test data, key is [persist.kvStaTest_684] data=[u'"47lqmM&O6)V"j2,,x,,)"]
Insert a test data, key is [persist.kvStaTest_685] data=[!*1!S0#ec3#"z!(tA6!-Q'.!/]
Insert a test data, key is [persist.kvStaTest_686] data=[SN3K&-W(!8d+y75%)7lU4%Z!!0]
Insert a test data, key is [persist.kvStaTest_687] data=[64!/#4!u!!V#"*&S4c"!9&V1!&D]
Insert a test data, key is [persist.kvStaTest_688] data=["OC3v#9Dl6K,k##+Y"0#ok8#"-b8]
Insert a test data, key is [persist.kvStaTest_689] data=[-68!q2#'L54!a56I("k&#J#8"S#V"]
Insert a test data, key is [persist.kvStaTest_690] data=[Hq*H'rdQ)w!#s"8M)B,9]
Insert a test data, key is [persist.kvStaTest_691] data=[n!"R!/QVH'6,L5/,N9wT8]
Insert a test data, key is [persist.kvStaTest_692] data=[B-"-,ZV!k!4(!C&Y7!f#%']
Insert a test data, key is [persist.kvStaTest_693] data=[X/#7U43a#s4#8pAA!g42bTV]
Insert a test data, key is [persist.kvStaTest_694] data=[L87cJK!7#y9QNtP8uW#/",o(]
Insert a test data, key is [persist.kvStaTest_695] data=[Iwqe"G&R+B5tEivkXH/yMCp1%]
Insert a test data, key is [persist.kvStaTest_696] data=[-U'#I9#kR%L7p3#"rQweek8*MS]
Insert a test data, key is [persist.kvStaTest_697] data=[903218Z9x%2K!r#(T,8%!1(10"9]
Insert a test data, key is [persist.kvStaTest_698] data=["Y2/-7"9!o'Dd.m7#Ioh2hPV"!z4]
Insert a test data, key is [persist.kvStaTest_699] data=[NPcvf2O!ucyA!/3#!B!656##MY%NK]
Insert a test data, key is [persist.kvStaTest_700] data=[Cs28JE0Y,#A4wf5#eKx']
Insert a test data, key is [persist.kvStaTest_701] data=[Y5L"a(d"06&'j3sw8dO/%]
Insert a test data, key is [persist.kvStaTest_702] data=[SZwV"#a)#7,1P(rYh2z03E]
Insert a test data, key is [persist.kvStaTest_703] data=[#49"4"*!#X!rV7H-67"(13"]
Insert a test data, key is [persist.kvStaTest_704] data=[.%2xf0t!o"0)V!!(G9u##9M#]
Insert a test data, key is [persist.kvStaTest_705] data=[7Nz26#2*####Ew&Dq2.&!.!/.]
Insert a test data, key is [persist.kvStaTest_706] data=[990*(/.E/"Er("8%nW"(A)EWt9]
Insert a test data, key is [persist.kvStaTest_707] data=[-H!4Yv"V"12#XU"h#)o##*8"0rI]
Insert a test data, key is [persist.kvStaTest_708] data=[/J2Sy"'t48'#j#L+#801bT#Qhi!6]
Insert a test data, key is [persist.kvStaTest_709] data=[,pn%2#WIS2'3#0G(!/!4)mBoN//f+]
Insert a test data, key is [persist.kvStaTest_710] data=[Bd!lP/*/"bZ#2,BckIl3]
Insert a test data, key is [persist.kvStaTest_711] data=[Dr"4Y4kn07'"8!!((##E8]
Insert a test data, key is [persist.kvStaTest_712] data=[w#'1,#B&"6"N8-31&+yq.U]
Insert a test data, key is [persist.kvStaTest_713] data=[!#"r#gyr(Z6%i5A"Z'2G0Gp]
Insert a test data, key is [persist.kvStaTest_714] data=[a0KLM0/!ou+L#e5O.K#r-V1"]
Insert a test data, key is [persist.kvStaTest_715] data=[#zm"-6!1d"05C'A"7k#%.ot5n]
Insert a test data, key is [persist.kvStaTest_716] data=[6e954y!%&xpuOE*.!4*r3C./90]
Insert a test data, key is [persist.kvStaTest_717] data=[XM+"8A+%"10xI8!P%dFa625/6Wd]
Insert a test data, key is [persist.kvStaTest_718] data=[oft7"p'8"aPy8n5,e%#%T2!"#AFy]
Insert a test data, key is [persist.kvStaTest_719] data=["J+1-CG"#d0pQ%&&Pk!Gy*1"""!#']
Insert a test data, key is [persist.kvStaTest_720] data=[l&opE##"au'"47lqmM&O]
Insert a test data, key is [persist.kvStaTest_721] data=[6)V"j2,,x,,)"!*1!S0#e]
Insert a test data, key is [persist.kvStaTest_722] data=[c3#"z!(tA6!-Q'.!/SN3K&]
Insert a test data, key is [persist.kvStaTest_723] data=[-W(!8d+y75%)7lU4%Z!!064]
Insert a test data, key is [persist.kvStaTest_724] data=[!/#4!u!!V#"*&S4c"!9&V1!&]
Insert a test data, key is [persist.kvStaTest_725] data=[D"OC3v#9Dl6K,k##+Y"0#ok8#]
Insert a test data, key is [persist.kvStaTest_726] data=["-b8-68!q2#'L54!a56I("k&#J]
Insert a test data, key is [persist.kvStaTest_727] data=[#8"S#V"Hq*H'rdQ)w!#s"8M)B,9]
Insert a test data, key is [persist.kvStaTest_728] data=[n!"R!/QVH'6,L5/,N9wT8B-"-,ZV]
Insert a test data, key is [persist.kvStaTest_729] data=[!k!4(!C&Y7!f#%'X/#7U43a#s4#8p]
Insert a test data, key is [persist.kvStaTest_730] data=[AA!g42bTVL87cJK!7#y9]
Insert a test data, key is [persist.kvStaTest_731] data=[QNtP8uW#/",o(Iwqe"G&R]
Insert a test data, key is [persist.kvStaTest_732] data=[+B5tEivkXH/yMCp1%-U'#I]
Insert a test data, key is [persist.kvStaTest_733] data=[9#kR%L7p3#"rQweek8*MS90]
Insert a test data, key is [persist.kvStaTest_734] data=[3218Z9x%2K!r#(T,8%!1(10"]
Insert a test data, key is [persist.kvStaTest_735] data=[9"Y2/-7"9!o'Dd.m7#Ioh2hPV]
Insert a test data, key is [persist.kvStaTest_736] data=["!z4NPcvf2O!ucyA!/3#!B!656]
Insert a test data, key is [persist.kvStaTest_737] data=[##MY%NKCs28JE0Y,#A4wf5#eKx']
Insert a test data, key is [persist.kvStaTest_738] data=[Y5L"a(d"06&'j3sw8dO/%SZwV"#a]
Insert a test data, key is [persist.kvStaTest_739] data=[)#7,1P(rYh2z03E#49"4"*!#X!rV7]
Insert a test data, key is [persist.kvStaTest_740] data=[H-67"(13".%2xf0t!o"0]
Insert a test data, key is [persist.kvStaTest_741] data=[)V!!(G9u##9M#7Nz26#2*]
Insert a test data, key is [persist.kvStaTest_742] data=[####Ew&Dq2.&!.!/.990*(]
Insert a test data, key is [persist.kvStaTest_743] data=[/.E/"Er("8%nW"(A)EWt9-H]
Insert a test data, key is [persist.kvStaTest_744] data=[!4Yv"V"12#XU"h#)o##*8"0r]
Insert a test data, key is [persist.kvStaTest_745] data=[I/J2Sy"'t48'#j#L+#801bT#Q]
Insert a test data, key is [persist.kvStaTest_746] data=[hi!6,pn%2#WIS2'3#0G(!/!4)m]
Insert a test data, key is [persist.kvStaTest_747] data=[BoN//f+Bd!lP/*/"bZ#2,BckIl3]
Insert a test data, key is [persist.kvStaTest_748] data=[Dr"4Y4kn07'"8!!((##E8w#'1,#B]
Insert a test data, key is [persist.kvStaTest_749] data=[&"6"N8-31&+yq.U!#"r#gyr(Z6%i5]
Insert a test data, key is [persist.kvStaTest_750] data=[A"Z'2G0Gpa0KLM0/!ou+]
Insert a test data, key is [persist.kvStaTest_751] data=[L#e5O.K#r-V1"#zm"-6!1]
Insert a test data, key is [persist.kvStaTest_752] data=[d"05C'A"7k#%.ot5n6e954]
Insert a test data, key is [persist.kvStaTest_753] data=[y!%&xpuOE*.!4*r3C./90XM]
Insert a test data, key is [persist.kvStaTest_754] data=[+"8A+%"10xI8!P%dFa625/6W]
Insert a test data, key is [persist.kvStaTest_755] data=[doft7"p'8"aPy8n5,e%#%T2!"]
Insert a test data, key is [persist.kvStaTest_756] data=[#AFy"J+1-CG"#d0pQ%&&Pk!Gy*]
Insert a test data, key is [persist.kvStaTest_757] data=[1"""!#'l&opE##"au'"47lqmM&O]
Insert a test data, key is [persist.kvStaTest_758] data=[6)V"j2,,x,,)"!*1!S0#ec3#"z!(]
Insert a test data, key is [persist.kvStaTest_759] data=[tA6!-Q'.!/SN3K&-W(!8d+y75%)7l]
Insert a test data, key is [persist.kvStaTest_760] data=[U4%Z!!064!/#4!u!!V#"]
Insert a test data, key is [persist.kvStaTest_761] data=[*&S4c"!9&V1!&D"OC3v#9]
Insert a test data, key is [persist.kvStaTest_762] data=[Dl6K,k##+Y"0#ok8#"-b8-]
Insert a test data, key is [persist.kvStaTest_763] data=[68!q2#'L54!a56I("k&#J#8]
Insert a test data, key is [persist.kvStaTest_764] data=["S#V"Hq*H'rdQ)w!#s"8M)B,]
Insert a test data, key is [persist.kvStaTest_765] data=[9n!"R!/QVH'6,L5/,N9wT8B-"]
Insert a test data, key is [persist.kvStaTest_766] data=[-,ZV!k!4(!C&Y7!f#%'X/#7U43]
Insert a test data, key is [persist.kvStaTest_767] data=[a#s4#8pAA!g42bTVL87cJK!7#y9]
Insert a test data, key is [persist.kvStaTest_768] data=[QNtP8uW#/",o(Iwqe"G&R+B5tEiv]
Insert a test data, key is [persist.kvStaTest_769] data=[kXH/yMCp1%-U'#I9#kR%L7p3#"rQw]
Insert a test data, key is [persist.kvStaTest_770] data=[eek8*MS903218Z9x%2K!]
Insert a test data, key is [persist.kvStaTest_771] data=[r#(T,8%!1(10"9"Y2/-7"]
Insert a test data, key is [persist.kvStaTest_772] data=[9!o'Dd.m7#Ioh2hPV"!z4N]
Insert a test data, key is [persist.kvStaTest_773] data=[Pcvf2O!ucyA!/3#!B!656##]
Insert a test data, key is [persist.kvStaTest_774] data=[MY%NKCs28JE0Y,#A4wf5#eKx]
Insert a test data, key is [persist.kvStaTest_775] data=['Y5L"a(d"06&'j3sw8dO/%SZw]
Insert a test data, key is [persist.kvStaTest_776] data=[V"#a)#7,1P(rYh2z03E#49"4"*]
Insert a test data, key is [persist.kvStaTest_777] data=[!#X!rV7H-67"(13".%2xf0t!o"0]
Insert a test data, key is [persist.kvStaTest_778] data=[)V!!(G9u##9M#7Nz26#2*####Ew&]
Insert a test data, key is [persist.kvStaTest_779] data=[Dq2.&!.!/.990*(/.E/"Er("8%nW"]
Insert a test data, key is [persist.kvStaTest_780] data=[(A)EWt9-H!4Yv"V"12#X]
Insert a test data, key is [persist.kvStaTest_781] data=[U"h#)o##*8"0rI/J2Sy"']
Insert a test data, key is [persist.kvStaTest_782] data=[t48'#j#L+#801bT#Qhi!6,]
Insert a test data, key is [persist.kvStaTest_783] data=[pn%2#WIS2'3#0G(!/!4)mBo]
Insert a test data, key is [persist.kvStaTest_784] data=[N//f+Bd!lP/*/"bZ#2,BckIl]
Insert a test data, key is [persist.kvStaTest_785] data=[3Dr"4Y4kn07'"8!!((##E8w#']
Insert a test data, key is [persist.kvStaTest_786] data=[1,#B&"6"N8-31&+yq.U!#"r#gy]
Insert a test data, key is [persist.kvStaTest_787] data=[r(Z6%i5A"Z'2G0Gpa0KLM0/!ou+]
Insert a test data, key is [persist.kvStaTest_788] data=[L#e5O.K#r-V1"#zm"-6!1d"05C'A]
Insert a test data, key is [persist.kvStaTest_789] data=["7k#%.ot5n6e954y!%&xpuOE*.!4*]
Insert a test data, key is [persist.kvStaTest_790] data=[r3C./90XM+"8A+%"10xI]
Insert a test data, key is [persist.kvStaTest_791] data=[8!P%dFa625/6Wdoft7"p']
Insert a test data, key is [persist.kvStaTest_792] data=[8"aPy8n5,e%#%T2!"#AFy"]
Insert a test data, key is [persist.kvStaTest_793] data=[J+1-CG"#d0pQ%&&Pk!Gy*1"]
Insert a test data, key is [persist.kvStaTest_794] data=[""!#'l&opE##"au'"47lqmM&]
Insert a test data, key is [persist.kvStaTest_795] data=[O6)V"j2,,x,,)"!*1!S0#ec3#]
Insert a test data, key is [persist.kvStaTest_796] data=["z!(tA6!-Q'.!/SN3K&-W(!8d+]
Insert a test data, key is [persist.kvStaTest_797] data=[y75%)7lU4%Z!!064!/#4!u!!V#"]
Insert a test data, key is [persist.kvStaTest_798] data=[*&S4c"!9&V1!&D"OC3v#9Dl6K,k#]
Insert a test data, key is [persist.kvStaTest_799] data=[#+Y"0#ok8#"-b8-68!q2#'L54!a56]
Insert a test data, key is [persist.kvStaTest_800] data=[I("k&#J#8"S#V"Hq*H'r]
Insert a test data, key is [persist.kvStaTest_801] data=[dQ)w!#s"8M)B,9n!"R!/Q]
Insert a test data, key is [persist.kvStaTest_802] data=[VH'6,L5/,N9wT8B-"-,ZV!]
Insert a test data, key is [persist.kvStaTest_803] data=[k!4(!C&Y7!f#%'X/#7U43a#]
Insert a test data, key is [persist.kvStaTest_804] data=[s4#8pAA!g42bTVL87cJK!7#y]
Insert a test data, key is [persist.kvStaTest_805] data=[9QNtP8uW#/",o(Iwqe"G&R+B5]
Insert a test data, key is [persist.kvStaTest_806] data=[tEivkXH/yMCp1%-U'#I9#kR%L7]
Insert a test data, key is [persist.kvStaTest_807] data=[p3#"rQweek8*MS903218Z9x%2K!]
Insert a test data, key is [persist.kvStaTest_808] data=[r#(T,8%!1(10"9"Y2/-7"9!o'Dd.]
Insert a test data, key is [persist.kvStaTest_809] data=[m7#Ioh2hPV"!z4NPcvf2O!ucyA!/3]
Insert a test data, key is [persist.kvStaTest_810] data=[#!B!656##MY%NKCs28JE]
Insert a test data, key is [persist.kvStaTest_811] data=[0Y,#A4wf5#eKx'Y5L"a(d]
Insert a test data, key is [persist.kvStaTest_812] data=["06&'j3sw8dO/%SZwV"#a)]
Insert a test data, key is [persist.kvStaTest_813] data=[#7,1P(rYh2z03E#49"4"*!#]
Insert a test data, key is [persist.kvStaTest_814] data=[X!rV7H-67"(13".%2xf0t!o"]
Insert a test data, key is [persist.kvStaTest_815] data=[0)V!!(G9u##9M#7Nz26#2*###]
Insert a test data, key is [persist.kvStaTest_816] data=[#Ew&Dq2.&!.!/.990*(/.E/"Er]
Insert a test data, key is [persist.kvStaTest_817] data=[("8%nW"(A)EWt9-H!4Yv"V"12#X]
Insert a test data, key is [persist.kvStaTest_818] data=[U"h#)o##*8"0rI/J2Sy"'t48'#j#]
Insert a test data, key is [persist.kvStaTest_819] data=[L+#801bT#Qhi!6,pn%2#WIS2'3#0G]
Insert a test data, key is [persist.kvStaTest_820] data=[(!/!4)mBoN//f+Bd!lP/]
Insert a test data, key is [persist.kvStaTest_821] data=[*/"bZ#2,BckIl3Dr"4Y4k]
Insert a test data, key is [persist.kvStaTest_822] data=[n07'"8!!((##E8w#'1,#B&]
Insert a test data, key is [persist.kvStaTest_823] data=["6"N8-31&+yq.U!#"r#gyr(]
Insert a test data, key is [persist.kvStaTest_824] data=[Z6%i5A"Z'2G0Gpa0KLM0/!ou]
Insert a test data, key is [persist.kvStaTest_825] data=[+L#e5O.K#r-V1"#zm"-6!1d"0]
Insert a test data, key is [persist.kvStaTest_826] data=[5C'A"7k#%.ot5n6e954y!%&xpu]
Insert a test data, key is [persist.kvStaTest_827] data=[OE*.!4*r3C./90XM+"8A+%"10xI]
Insert a test data, key is [persist.kvStaTest_828] data=[8!P%dFa625/6Wdoft7"p'8"aPy8n]
Insert a test data, key is [persist.kvStaTest_829] data=[5,e%#%T2!"#AFy"J+1-CG"#d0pQ%&]
Insert a test data, key is [persist.kvStaTest_830] data=[&Pk!Gy*1"""!#'l&opE#]
Insert a test data, key is [persist.kvStaTest_831] data=[#"au'"47lqmM&O6)V"j2,]
Insert a test data, key is [persist.kvStaTest_832] data=[,x,,)"!*1!S0#ec3#"z!(t]
Insert a test data, key is [persist.kvStaTest_833] data=[A6!-Q'.!/SN3K&-W(!8d+y7]
Insert a test data, key is [persist.kvStaTest_834] data=[5%)7lU4%Z!!064!/#4!u!!V#]
Insert a test data, key is [persist.kvStaTest_835] data=["*&S4c"!9&V1!&D"OC3v#9Dl6]
Insert a test data, key is [persist.kvStaTest_836] data=[K,k##+Y"0#ok8#"-b8-68!q2#']
Insert a test data, key is [persist.kvStaTest_837] data=[L54!a56I("k&#J#8"S#V"Hq*H'r]
Insert a test data, key is [persist.kvStaTest_838] data=[dQ)w!#s"8M)B,9n!"R!/QVH'6,L5]
Insert a test data, key is [persist.kvStaTest_839] data=[/,N9wT8B-"-,ZV!k!4(!C&Y7!f#%']
Insert a test data, key is [persist.kvStaTest_840] data=[X/#7U43a#s4#8pAA!g42]
Insert a test data, key is [persist.kvStaTest_841] data=[bTVL87cJK!7#y9QNtP8uW]
Insert a test data, key is [persist.kvStaTest_842] data=[#/",o(Iwqe"G&R+B5tEivk]
Insert a test data, key is [persist.kvStaTest_843] data=[XH/yMCp1%-U'#I9#kR%L7p3]
Insert a test data, key is [persist.kvStaTest_844] data=[#"rQweek8*MS903218Z9x%2K]
Insert a test data, key is [persist.kvStaTest_845] data=[!r#(T,8%!1(10"9"Y2/-7"9!o]
Insert a test data, key is [persist.kvStaTest_846] data=['Dd.m7#Ioh2hPV"!z4NPcvf2O!]
Insert a test data, key is [persist.kvStaTest_847] data=[ucyA!/3#!B!656##MY%NKCs28JE]
Insert a test data, key is [persist.kvStaTest_848] data=[0Y,#A4wf5#eKx'Y5L"a(d"06&'j3]
Insert a test data, key is [persist.kvStaTest_849] data=[sw8dO/%SZwV"#a)#7,1P(rYh2z03E]
Insert a test data, key is [persist.kvStaTest_850] data=[#49"4"*!#X!rV7H-67"(]
Insert a test data, key is [persist.kvStaTest_851] data=[13".%2xf0t!o"0)V!!(G9]
Insert a test data, key is [persist.kvStaTest_852] data=[u##9M#7Nz26#2*####Ew&D]
Insert a test data, key is [persist.kvStaTest_853] data=[q2.&!.!/.990*(/.E/"Er("]
Insert a test data, key is [persist.kvStaTest_854] data=[8%nW"(A)EWt9-H!4Yv"V"12#]
Insert a test data, key is [persist.kvStaTest_855] data=[XU"h#)o##*8"0rI/J2Sy"'t48]
Insert a test data, key is [persist.kvStaTest_856] data=['#j#L+#801bT#Qhi!6,pn%2#WI]
Insert a test data, key is [persist.kvStaTest_857] data=[S2'3#0G(!/!4)mBoN//f+Bd!lP/]
Insert a test data, key is [persist.kvStaTest_858] data=[*/"bZ#2,BckIl3Dr"4Y4kn07'"8!]
Insert a test data, key is [persist.kvStaTest_859] data=[!((##E8w#'1,#B&"6"N8-31&+yq.U]
Insert a test data, key is [persist.kvStaTest_860] data=[!#"r#gyr(Z6%i5A"Z'2G]
Insert a test data, key is [persist.kvStaTest_861] data=[0Gpa0KLM0/!ou+L#e5O.K]
Insert a test data, key is [persist.kvStaTest_862] data=[#r-V1"#zm"-6!1d"05C'A"]
Insert a test data, key is [persist.kvStaTest_863] data=[7k#%.ot5n6e954y!%&xpuOE]
Insert a test data, key is [persist.kvStaTest_864] data=[*.!4*r3C./90XM+"8A+%"10x]
Insert a test data, key is [persist.kvStaTest_865] data=[I8!P%dFa625/6Wdoft7"p'8"a]
Insert a test data, key is [persist.kvStaTest_866] data=[Py8n5,e%#%T2!"#AFy"J+1-CG"]
Insert a test data, key is [persist.kvStaTest_867] data=[#d0pQ%&&Pk!Gy*1"""!#'l&opE#]
Insert a test data, key is [persist.kvStaTest_868] data=[#"au'"47lqmM&O6)V"j2,,x,,)"!]
Insert a test data, key is [persist.kvStaTest_869] data=[*1!S0#ec3#"z!(tA6!-Q'.!/SN3K&]
Insert a test data, key is [persist.kvStaTest_870] data=[-W(!8d+y75%)7lU4%Z!!]
Insert a test data, key is [persist.kvStaTest_871] data=[064!/#4!u!!V#"*&S4c"!]
Insert a test data, key is [persist.kvStaTest_872] data=[9&V1!&D"OC3v#9Dl6K,k##]
Insert a test data, key is [persist.kvStaTest_873] data=[+Y"0#ok8#"-b8-68!q2#'L5]
Insert a test data, key is [persist.kvStaTest_874] data=[4!a56I("k&#J#8"S#V"Hq*H']
Insert a test data, key is [persist.kvStaTest_875] data=[rdQ)w!#s"8M)B,9n!"R!/QVH']
Insert a test data, key is [persist.kvStaTest_876] data=[6,L5/,N9wT8B-"-,ZV!k!4(!C&]
Insert a test data, key is [persist.kvStaTest_877] data=[Y7!f#%'X/#7U43a#s4#8pAA!g42]
Insert a test data, key is [persist.kvStaTest_878] data=[bTVL87cJK!7#y9QNtP8uW#/",o(I]
Insert a test data, key is [persist.kvStaTest_879] data=[wqe"G&R+B5tEivkXH/yMCp1%-U'#I]
Insert a test data, key is [persist.kvStaTest_880] data=[9#kR%L7p3#"rQweek8*M]
Insert a test data, key is [persist.kvStaTest_881] data=[S903218Z9x%2K!r#(T,8%]
Insert a test data, key is [persist.kvStaTest_882] data=[!1(10"9"Y2/-7"9!o'Dd.m]
Insert a test data, key is [persist.kvStaTest_883] data=[7#Ioh2hPV"!z4NPcvf2O!uc]
Insert a test data, key is [persist.kvStaTest_884] data=[yA!/3#!B!656##MY%NKCs28J]
Insert a test data, key is [persist.kvStaTest_885] data=[E0Y,#A4wf5#eKx'Y5L"a(d"06]
Insert a test data, key is [persist.kvStaTest_886] data=[&'j3sw8dO/%SZwV"#a)#7,1P(r]
Insert a test data, key is [persist.kvStaTest_887] data=[Yh2z03E#49"4"*!#X!rV7H-67"(]
Insert a test data, key is [persist.kvStaTest_888] data=[13".%2xf0t!o"0)V!!(G9u##9M#7]
Insert a test data, key is [persist.kvStaTest_889] data=[Nz26#2*####Ew&Dq2.&!.!/.990*(]
Insert a test data, key is [persist.kvStaTest_890] data=[/.E/"Er("8%nW"(A)EWt]
Insert a test data, key is [persist.kvStaTest_891] data=[9-H!4Yv"V"12#XU"h#)o#]
Insert a test data, key is [persist.kvStaTest_892] data=[#*8"0rI/J2Sy"'t48'#j#L]
Insert a test data, key is [persist.kvStaTest_893] data=[+#801bT#Qhi!6,pn%2#WIS2]
Insert a test data, key is [persist.kvStaTest_894] data=['3#0G(!/!4)mBoN//f+Bd!lP]
Insert a test data, key is [persist.kvStaTest_895] data=[/*/"bZ#2,BckIl3Dr"4Y4kn07]
Insert a test data, key is [persist.kvStaTest_896] data=['"8!!((##E8w#'1,#B&"6"N8-3]
Insert a test data, key is [persist.kvStaTest_897] data=[1&+yq.U!#"r#gyr(Z6%i5A"Z'2G]
Insert a test data, key is [persist.kvStaTest_898] data=[0Gpa0KLM0/!ou+L#e5O.K#r-V1"#]
Insert a test data, key is [persist.kvStaTest_899] data=[zm"-6!1d"05C'A"7k#%.ot5n6e954]
Insert a test data, key is [persist.kvStaTest_900] data=[y!%&xpuOE*.!4*r3C./9]
Insert a test data, key is [persist.kvStaTest_901] data=[0XM+"8A+%"10xI8!P%dFa]
Insert a test data, key is [persist.kvStaTest_902] data=[625/6Wdoft7"p'8"aPy8n5]
Insert a test data, key is [persist.kvStaTest_903] data=[,e%#%T2!"#AFy"J+1-CG"#d]
Insert a test data, key is [persist.kvStaTest_904] data=[0pQ%&&Pk!Gy*1"""!#'l&opE]
Insert a test data, key is [persist.kvStaTest_905] data=[##"au'"47lqmM&O6)V"j2,,x,]
Insert a test data, key is [persist.kvStaTest_906] data=[,)"!*1!S0#ec3#"z!(tA6!-Q'.]
Insert a test data, key is [persist.kvStaTest_907] data=[!/SN3K&-W(!8d+y75%)7lU4%Z!!]
Insert a test data, key is [persist.kvStaTest_908] data=[064!/#4!u!!V#"*&S4c"!9&V1!&D]
Insert a test data, key is [persist.kvStaTest_909] data=["OC3v#9Dl6K,k##+Y"0#ok8#"-b8-]
Insert a test data, key is [persist.kvStaTest_910] data=[68!q2#'L54!a56I("k&#]
Insert a test data, key is [persist.kvStaTest_911] data=[J#8"S#V"Hq*H'rdQ)w!#s]
Insert a test data, key is [persist.kvStaTest_912] data=["8M)B,9n!"R!/QVH'6,L5/]
Insert a test data, key is [persist.kvStaTest_913] data=[,N9wT8B-"-,ZV!k!4(!C&Y7]
Insert a test data, key is [persist.kvStaTest_914] data=[!f#%'X/#7U43a#s4#8pAA!g4]
Insert a test data, key is [persist.kvStaTest_915] data=[2bTVL87cJK!7#y9QNtP8uW#/"]
Insert a test data, key is [persist.kvStaTest_916] data=[,o(Iwqe"G&R+B5tEivkXH/yMCp]
Insert a test data, key is [persist.kvStaTest_917] data=[1%-U'#I9#kR%L7p3#"rQweek8*M]
Insert a test data, key is [persist.kvStaTest_918] data=[S903218Z9x%2K!r#(T,8%!1(10"9]
Insert a test data, key is [persist.kvStaTest_919] data=["Y2/-7"9!o'Dd.m7#Ioh2hPV"!z4N]
Insert a test data, key is [persist.kvStaTest_920] data=[Pcvf2O!ucyA!/3#!B!65]
Insert a test data, key is [persist.kvStaTest_921] data=[6##MY%NKCs28JE0Y,#A4w]
Insert a test data, key is [persist.kvStaTest_922] data=[f5#eKx'Y5L"a(d"06&'j3s]
Insert a test data, key is [persist.kvStaTest_923] data=[w8dO/%SZwV"#a)#7,1P(rYh]
Insert a test data, key is [persist.kvStaTest_924] data=[2z03E#49"4"*!#X!rV7H-67"]
Insert a test data, key is [persist.kvStaTest_925] data=[(13".%2xf0t!o"0)V!!(G9u##]
Insert a test data, key is [persist.kvStaTest_926] data=[9M#7Nz26#2*####Ew&Dq2.&!.!]
Insert a test data, key is [persist.kvStaTest_927] data=[/.990*(/.E/"Er("8%nW"(A)EWt]
Insert a test data, key is [persist.kvStaTest_928] data=[9-H!4Yv"V"12#XU"h#)o##*8"0rI]
Insert a test data, key is [persist.kvStaTest_929] data=[/J2Sy"'t48'#j#L+#801bT#Qhi!6,]
Insert a test data, key is [persist.kvStaTest_930] data=[pn%2#WIS2'3#0G(!/!4)]
Insert a test data, key is [persist.kvStaTest_931] data=[mBoN//f+Bd!lP/*/"bZ#2]
Insert a test data, key is [persist.kvStaTest_932] data=[,BckIl3Dr"4Y4kn07'"8!!]
Insert a test data, key is [persist.kvStaTest_933] data=[((##E8w#'1,#B&"6"N8-31&]
Insert a test data, key is [persist.kvStaTest_934] data=[+yq.U!#"r#gyr(Z6%i5A"Z'2]
Insert a test data, key is [persist.kvStaTest_935] data=[G0Gpa0KLM0/!ou+L#e5O.K#r-]
Insert a test data, key is [persist.kvStaTest_936] data=[V1"#zm"-6!1d"05C'A"7k#%.ot]
Insert a test data, key is [persist.kvStaTest_937] data=[5n6e954y!%&xpuOE*.!4*r3C./9]
Insert a test data, key is [persist.kvStaTest_938] data=[0XM+"8A+%"10xI8!P%dFa625/6Wd]
Insert a test data, key is [persist.kvStaTest_939] data=[oft7"p'8"aPy8n5,e%#%T2!"#AFy"]
Insert a test data, key is [persist.kvStaTest_940] data=[J+1-CG"#d0pQ%&&Pk!Gy]
Insert a test data, key is [persist.kvStaTest_941] data=[*1"""!#'l&opE##"au'"4]
Insert a test data, key is [persist.kvStaTest_942] data=[7lqmM&O6)V"j2,,x,,)"!*]
Insert a test data, key is [persist.kvStaTest_943] data=[1!S0#ec3#"z!(tA6!-Q'.!/]
Insert a test data, key is [persist.kvStaTest_944] data=[SN3K&-W(!8d+y75%)7lU4%Z!]
Insert a test data, key is [persist.kvStaTest_945] data=[!064!/#4!u!!V#"*&S4c"!9&V]
Insert a test data, key is [persist.kvStaTest_946] data=[1!&D"OC3v#9Dl6K,k##+Y"0#ok]
Insert a test data, key is [persist.kvStaTest_947] data=[8#"-b8-68!q2#'L54!a56I("k&#]
Insert a test data, key is [persist.kvStaTest_948] data=[J#8"S#V"Hq*H'rdQ)w!#s"8M)B,9]
Insert a test data, key is [persist.kvStaTest_949] data=[n!"R!/QVH'6,L5/,N9wT8B-"-,ZV!]
Insert a test data, key is [persist.kvStaTest_950] data=[k!4(!C&Y7!f#%'X/#7U4]
Insert a test data, key is [persist.kvStaTest_951] data=[3a#s4#8pAA!g42bTVL87c]
Insert a test data, key is [persist.kvStaTest_952] data=[JK!7#y9QNtP8uW#/",o(Iw]
Insert a test data, key is [persist.kvStaTest_953] data=[qe"G&R+B5tEivkXH/yMCp1%]
Insert a test data, key is [persist.kvStaTest_954] data=[-U'#I9#kR%L7p3#"rQweek8*]
Insert a test data, key is [persist.kvStaTest_955] data=[MS903218Z9x%2K!r#(T,8%!1(]
Insert a test data, key is [persist.kvStaTest_956] data=[10"9"Y2/-7"9!o'Dd.m7#Ioh2h]
Insert a test data, key is [persist.kvStaTest_957] data=[PV"!z4NPcvf2O!ucyA!/3#!B!65]
Insert a test data, key is [persist.kvStaTest_958] data=[6##MY%NKCs28JE0Y,#A4wf5#eKx']
Insert a test data, key is [persist.kvStaTest_959] data=[Y5L"a(d"06&'j3sw8dO/%SZwV"#a)]
Insert a test data, key is [persist.kvStaTest_960] data=[#7,1P(rYh2z03E#49"4"]
Insert a test data, key is [persist.kvStaTest_961] data=[*!#X!rV7H-67"(13".%2x]
Insert a test data, key is [persist.kvStaTest_962] data=[f0t!o"0)V!!(G9u##9M#7N]
Insert a test data, key is [persist.kvStaTest_963] data=[z26#2*####Ew&Dq2.&!.!/.]
Insert a test data, key is [persist.kvStaTest_964] data=[990*(/.E/"Er("8%nW"(A)EW]
Insert a test data, key is [persist.kvStaTest_965] data=[t9-H!4Yv"V"12#XU"h#)o##*8]
Insert a test data, key is [persist.kvStaTest_966] data=["0rI/J2Sy"'t48'#j#L+#801bT]
Insert a test data, key is [persist.kvStaTest_967] data=[#Qhi!6,pn%2#WIS2'3#0G(!/!4)]
Insert a test data, key is [persist.kvStaTest_968] data=[mBoN//f+Bd!lP/*/"bZ#2,BckIl3]
Insert a test data, key is [persist.kvStaTest_969] data=[Dr"4Y4kn07'"8!!((##E8w#'1,#B&]
Insert a test data, key is [persist.kvStaTest_970] data=["6"N8-31&+yq.U!#"r#g]
Insert a test data, key is [persist.kvStaTest_971] data=[yr(Z6%i5A"Z'2G0Gpa0KL]
Insert a test data, key is [persist.kvStaTest_972] data=[M0/!ou+L#e5O.K#r-V1"#z]
Insert a test data, key is [persist.kvStaTest_973] data=[m"-6!1d"05C'A"7k#%.ot5n]
Insert a test data, key is [persist.kvStaTest_974] data=[6e954y!%&xpuOE*.!4*r3C./]
Insert a test data, key is [persist.kvStaTest_975] data=[90XM+"8A+%"10xI8!P%dFa625]
Insert a test data, key is [persist.kvStaTest_976] data=[/6Wdoft7"p'8"aPy8n5,e%#%T2]
Insert a test data, key is [persist.kvStaTest_977] data=[!"#AFy"J+1-CG"#d0pQ%&&Pk!Gy]
Insert a test data, key is [persist.kvStaTest_978] data=[*1"""!#'l&opE##"au'"47lqmM&O]
Insert a test data, key is [persist.kvStaTest_979] data=[6)V"j2,,x,,)"!*1!S0#ec3#"z!(t]
Insert a test data, key is [persist.kvStaTest_980] data=[A6!-Q'.!/SN3K&-W(!8d]
Insert a test data, key is [persist.kvStaTest_981] data=[+y75%)7lU4%Z!!064!/#4]
Insert a test data, key is [persist.kvStaTest_982] data=[!u!!V#"*&S4c"!9&V1!&D"]
Insert a test data, key is [persist.kvStaTest_983] data=[OC3v#9Dl6K,k##+Y"0#ok8#]
Insert a test data, key is [persist.kvStaTest_984] data=["-b8-68!q2#'L54!a56I("k&]
Insert a test data, key is [persist.kvStaTest_985] data=[#J#8"S#V"Hq*H'rdQ)w!#s"8M]
Insert a test data, key is [persist.kvStaTest_986] data=[)B,9n!"R!/QVH'6,L5/,N9wT8B]
Insert a test data, key is [persist.kvStaTest_987] data=[-"-,ZV!k!4(!C&Y7!f#%'X/#7U4]
Insert a test data, key is [persist.kvStaTest_988] data=[3a#s4#8pAA!g42bTVL87cJK!7#y9]
Insert a test data, key is [persist.kvStaTest_989] data=[QNtP8uW#/",o(Iwqe"G&R+B5tEivk]
Insert a test data, key is [persist.kvStaTest_990] data=[XH/yMCp1%-U'#I9#kR%L]
Insert a test data, key is [persist.kvStaTest_991] data=[7p3#"rQweek8*MS903218]
Insert a test data, key is [persist.kvStaTest_992] data=[Z9x%2K!r#(T,8%!1(10"9"]
Insert a test data, key is [persist.kvStaTest_993] data=[Y2/-7"9!o'Dd.m7#Ioh2hPV]
Insert a test data, key is [persist.kvStaTest_994] data=["!z4NPcvf2O!ucyA!/3#!B!6]
Insert a test data, key is [persist.kvStaTest_995] data=[56##MY%NKCs28JE0Y,#A4wf5#]
Insert a test data, key is [persist.kvStaTest_996] data=[eKx'Y5L"a(d"06&'j3sw8dO/%S]
Insert a test data, key is [persist.kvStaTest_997] data=[ZwV"#a)#7,1P(rYh2z03E#49"4"]
Insert a test data, key is [persist.kvStaTest_998] data=[*!#X!rV7H-67"(13".%2xf0t!o"0]
Insert a test data, key is [persist.kvStaTest_999] data=[)V!!(G9u##9M#7Nz26#2*####Ew&D]
Insert a test data, key is [persist.kvStaTest_1000] data=[q2.&!.!/.990*(/.E/"E]
Insert a test data, key is [persist.kvStaTest_1001] data=[r("8%nW"(A)EWt9-H!4Yv]
Insert a test data, key is [persist.kvStaTest_1002] data=["V"12#XU"h#)o##*8"0rI/]
Insert a test data, key is [persist.kvStaTest_1003] data=[J2Sy"'t48'#j#L+#801bT#Q]
Insert a test data, key is [persist.kvStaTest_1004] data=[hi!6,pn%2#WIS2'3#0G(!/!4]
Insert a test data, key is [persist.kvStaTest_1005] data=[)mBoN//f+Bd!lP/*/"bZ#2,Bc]
Insert a test data, key is [persist.kvStaTest_1006] data=[kIl3Dr"4Y4kn07'"8!!((##E8w]
Insert a test data, key is [persist.kvStaTest_1007] data=[#'1,#B&"6"N8-31&+yq.U!#"r#g]
Insert a test data, key is [persist.kvStaTest_1008] data=[yr(Z6%i5A"Z'2G0Gpa0KLM0/!ou+]
Insert a test data, key is [persist.kvStaTest_1009] data=[L#e5O.K#r-V1"#zm"-6!1d"05C'A"]
Insert a test data, key is [persist.kvStaTest_1010] data=[7k#%.ot5n6e954y!%&xp]
Insert a test data, key is [persist.kvStaTest_1011] data=[uOE*.!4*r3C./90XM+"8A]
Insert a test data, key is [persist.kvStaTest_1012] data=[+%"10xI8!P%dFa625/6Wdo]
Insert a test data, key is [persist.kvStaTest_1013] data=[ft7"p'8"aPy8n5,e%#%T2!"]
Insert a test data, key is [persist.kvStaTest_1014] data=[#AFy"J+1-CG"#d0pQ%&&Pk!G]
Insert a test data, key is [persist.kvStaTest_1015] data=[y*1"""!#'l&opE##"au'"47lq]
Insert a test data, key is [persist.kvStaTest_1016] data=[mM&O6)V"j2,,x,,)"!*1!S0#ec]
Insert a test data, key is [persist.kvStaTest_1017] data=[3#"z!(tA6!-Q'.!/SN3K&-W(!8d]
Insert a test data, key is [persist.kvStaTest_1018] data=[+y75%)7lU4%Z!!064!/#4!u!!V#"]
Insert a test data, key is [persist.kvStaTest_1019] data=[*&S4c"!9&V1!&D"OC3v#9Dl6K,k##]
Insert a test data, key is [persist.kvStaTest_1020] data=[+Y"0#ok8#"-b8-68!q2#]
Insert a test data, key is [persist.kvStaTest_1021] data=['L54!a56I("k&#J#8"S#V]
Insert a test data, key is [persist.kvStaTest_1022] data=["Hq*H'rdQ)w!#s"8M)B,9n]
Insert a test data, key is [persist.kvStaTest_1023] data=[!"R!/QVH'6,L5/,N9wT8B-"]
Insert a test data, key is [persist.kvStaTest_1024] data=[-,ZV!k!4(!C&Y7!f#%'X/#7U]
Insert a test data, key is [persist.kvStaTest_1025] data=[43a#s4#8pAA!g42bTVL87cJK!]
Insert a test data, key is [persist.kvStaTest_1026] data=[7#y9QNtP8uW#/",o(Iwqe"G&R+]
Insert a test data, key is [persist.kvStaTest_1027] data=[B5tEivkXH/yMCp1%-U'#I9#kR%L]
Insert a test data, key is [persist.kvStaTest_1028] data=[7p3#"rQweek8*MS903218Z9x%2K!]
Insert a test data, key is [persist.kvStaTest_1029] data=[r#(T,8%!1(10"9"Y2/-7"9!o'Dd.m]
Insert a test data, key is [persist.kvStaTest_1030] data=[7#Ioh2hPV"!z4NPcvf2O]
Insert a test data, key is [persist.kvStaTest_1031] data=[!ucyA!/3#!B!656##MY%N]
Insert a test data, key is [persist.kvStaTest_1032] data=[KCs28JE0Y,#A4wf5#eKx'Y]
Insert a test data, key is [persist.kvStaTest_1033] data=[5L"a(d"06&'j3sw8dO/%SZw]
Insert a test data, key is [persist.kvStaTest_1034] data=[V"#a)#7,1P(rYh2z03E#49"4]
Insert a test data, key is [persist.kvStaTest_1035] data=["*!#X!rV7H-67"(13".%2xf0t]
Insert a test data, key is [persist.kvStaTest_1036] data=[!o"0)V!!(G9u##9M#7Nz26#2*#]
Insert a test data, key is [persist.kvStaTest_1037] data=[###Ew&Dq2.&!.!/.990*(/.E/"E]
Insert a test data, key is [persist.kvStaTest_1038] data=[r("8%nW"(A)EWt9-H!4Yv"V"12#X]
Insert a test data, key is [persist.kvStaTest_1039] data=[U"h#)o##*8"0rI/J2Sy"'t48'#j#L]
Insert a test data, key is [persist.kvStaTest_1040] data=[+#801bT#Qhi!6,pn%2#W]
Insert a test data, key is [persist.kvStaTest_1041] data=[IS2'3#0G(!/!4)mBoN//f]
Insert a test data, key is [persist.kvStaTest_1042] data=[+Bd!lP/*/"bZ#2,BckIl3D]
Insert a test data, key is [persist.kvStaTest_1043] data=[r"4Y4kn07'"8!!((##E8w#']
Insert a test data, key is [persist.kvStaTest_1044] data=[1,#B&"6"N8-31&+yq.U!#"r#]
Insert a test data, key is [persist.kvStaTest_1045] data=[gyr(Z6%i5A"Z'2G0Gpa0KLM0/]
Insert a test data, key is [persist.kvStaTest_1046] data=[!ou+L#e5O.K#r-V1"#zm"-6!1d]
Insert a test data, key is [persist.kvStaTest_1047] data=["05C'A"7k#%.ot5n6e954y!%&xp]
Insert a test data, key is [persist.kvStaTest_1048] data=[uOE*.!4*r3C./90XM+"8A+%"10xI]
Insert a test data, key is [persist.kvStaTest_1049] data=[8!P%dFa625/6Wdoft7"p'8"aPy8n5]
Insert a test data, key is [persist.kvStaTest_1050] data=[,e%#%T2!"#AFy"J+1-CG]
Insert a test data, key is [persist.kvStaTest_1051] data=["#d0pQ%&&Pk!Gy*1"""!#]
Insert a test data, key is [persist.kvStaTest_1052] data=['l&opE##"au'"47lqmM&O6]
Insert a test data, key is [persist.kvStaTest_1053] data=[)V"j2,,x,,)"!*1!S0#ec3#]
Insert a test data, key is [persist.kvStaTest_1054] data=["z!(tA6!-Q'.!/SN3K&-W(!8]
Insert a test data, key is [persist.kvStaTest_1055] data=[d+y75%)7lU4%Z!!064!/#4!u!]
Insert a test data, key is [persist.kvStaTest_1056] data=[!V#"*&S4c"!9&V1!&D"OC3v#9D]
Insert a test data, key is [persist.kvStaTest_1057] data=[l6K,k##+Y"0#ok8#"-b8-68!q2#]
Insert a test data, key is [persist.kvStaTest_1058] data=['L54!a56I("k&#J#8"S#V"Hq*H'r]
Insert a test data, key is [persist.kvStaTest_1059] data=[dQ)w!#s"8M)B,9n!"R!/QVH'6,L5/]
Insert a test data, key is [persist.kvStaTest_1060] data=[,N9wT8B-"-,ZV!k!4(!C]
Insert a test data, key is [persist.kvStaTest_1061] data=[&Y7!f#%'X/#7U43a#s4#8]
Insert a test data, key is [persist.kvStaTest_1062] data=[pAA!g42bTVL87cJK!7#y9Q]
Insert a test data, key is [persist.kvStaTest_1063] data=[NtP8uW#/",o(Iwqe"G&R+B5]
Insert a test data, key is [persist.kvStaTest_1064] data=[tEivkXH/yMCp1%-U'#I9#kR%]
Insert a test data, key is [persist.kvStaTest_1065] data=[L7p3#"rQweek8*MS903218Z9x]
Insert a test data, key is [persist.kvStaTest_1066] data=[%2K!r#(T,8%!1(10"9"Y2/-7"9]
Insert a test data, key is [persist.kvStaTest_1067] data=[!o'Dd.m7#Ioh2hPV"!z4NPcvf2O]
Insert a test data, key is [persist.kvStaTest_1068] data=[!ucyA!/3#!B!656##MY%NKCs28JE]
Insert a test data, key is [persist.kvStaTest_1069] data=[0Y,#A4wf5#eKx'Y5L"a(d"06&'j3s]
Insert a test data, key is [persist.kvStaTest_1070] data=[w8dO/%SZwV"#a)#7,1P(]
Insert a test data, key is [persist.kvStaTest_1071] data=[rYh2z03E#49"4"*!#X!rV]
Insert a test data, key is [persist.kvStaTest_1072] data=[7H-67"(13".%2xf0t!o"0)]
Insert a test data, key is [persist.kvStaTest_1073] data=[V!!(G9u##9M#7Nz26#2*###]
Insert a test data, key is [persist.kvStaTest_1074] data=[#Ew&Dq2.&!.!/.990*(/.E/"]
Insert a test data, key is [persist.kvStaTest_1075] data=[Er("8%nW"(A)EWt9-H!4Yv"V"]
Insert a test data, key is [persist.kvStaTest_1076] data=[12#XU"h#)o##*8"0rI/J2Sy"'t]
Insert a test data, key is [persist.kvStaTest_1077] data=[48'#j#L+#801bT#Qhi!6,pn%2#W]
Insert a test data, key is [persist.kvStaTest_1078] data=[IS2'3#0G(!/!4)mBoN//f+Bd!lP/]
Insert a test data, key is [persist.kvStaTest_1079] data=[*/"bZ#2,BckIl3Dr"4Y4kn07'"8!!]
Insert a test data, key is [persist.kvStaTest_1080] data=[((##E8w#'1,#B&"6"N8-]
Insert a test data, key is [persist.kvStaTest_1081] data=[31&+yq.U!#"r#gyr(Z6%i]
Insert a test data, key is [persist.kvStaTest_1082] data=[5A"Z'2G0Gpa0KLM0/!ou+L]
Insert a test data, key is [persist.kvStaTest_1083] data=[#e5O.K#r-V1"#zm"-6!1d"0]
Insert a test data, key is [persist.kvStaTest_1084] data=[5C'A"7k#%.ot5n6e954y!%&x]
Insert a test data, key is [persist.kvStaTest_1085] data=[puOE*.!4*r3C./90XM+"8A+%"]
Insert a test data, key is [persist.kvStaTest_1086] data=[10xI8!P%dFa625/6Wdoft7"p'8]
Insert a test data, key is [persist.kvStaTest_1087] data=["aPy8n5,e%#%T2!"#AFy"J+1-CG]
Insert a test data, key is [persist.kvStaTest_1088] data=["#d0pQ%&&Pk!Gy*1"""!#'l&opE#]
Insert a test data, key is [persist.kvStaTest_1089] data=[#"au'"47lqmM&O6)V"j2,,x,,)"!*]
Insert a test data, key is [persist.kvStaTest_1090] data=[1!S0#ec3#"z!(tA6!-Q']
Insert a test data, key is [persist.kvStaTest_1091] data=[.!/SN3K&-W(!8d+y75%)7]
Insert a test data, key is [persist.kvStaTest_1092] data=[lU4%Z!!064!/#4!u!!V#"*]
Insert a test data, key is [persist.kvStaTest_1093] data=[&S4c"!9&V1!&D"OC3v#9Dl6]
Insert a test data, key is [persist.kvStaTest_1094] data=[K,k##+Y"0#ok8#"-b8-68!q2]
Insert a test data, key is [persist.kvStaTest_1095] data=[#'L54!a56I("k&#J#8"S#V"Hq]
Insert a test data, key is [persist.kvStaTest_1096] data=[*H'rdQ)w!#s"8M)B,9n!"R!/QV]
Insert a test data, key is [persist.kvStaTest_1097] data=[H'6,L5/,N9wT8B-"-,ZV!k!4(!C]
Insert a test data, key is [persist.kvStaTest_1098] data=[&Y7!f#%'X/#7U43a#s4#8pAA!g42]
Insert a test data, key is [persist.kvStaTest_1099] data=[bTVL87cJK!7#y9QNtP8uW#/",o(Iw]
Insert a test data, key is [persist.kvStaTest_1100] data=[qe"G&R+B5tEivkXH/yMC]
Insert a test data, key is [persist.kvStaTest_1101] data=[p1%-U'#I9#kR%L7p3#"rQ]
Insert a test data, key is [persist.kvStaTest_1102] data=[week8*MS903218Z9x%2K!r]
Insert a test data, key is [persist.kvStaTest_1103] data=[#(T,8%!1(10"9"Y2/-7"9!o]
Insert a test data, key is [persist.kvStaTest_1104] data=['Dd.m7#Ioh2hPV"!z4NPcvf2]
Insert a test data, key is [persist.kvStaTest_1105] data=[O!ucyA!/3#!B!656##MY%NKCs]
Insert a test data, key is [persist.kvStaTest_1106] data=[28JE0Y,#A4wf5#eKx'Y5L"a(d"]
Insert a test data, key is [persist.kvStaTest_1107] data=[06&'j3sw8dO/%SZwV"#a)#7,1P(]
Insert a test data, key is [persist.kvStaTest_1108] data=[rYh2z03E#49"4"*!#X!rV7H-67"(]
Insert a test data, key is [persist.kvStaTest_1109] data=[13".%2xf0t!o"0)V!!(G9u##9M#7N]
Insert a test data, key is [persist.kvStaTest_1110] data=[z26#2*####Ew&Dq2.&!.]
Insert a test data, key is [persist.kvStaTest_1111] data=[!/.990*(/.E/"Er("8%nW]
Insert a test data, key is [persist.kvStaTest_1112] data=["(A)EWt9-H!4Yv"V"12#XU]
Insert a test data, key is [persist.kvStaTest_1113] data=["h#)o##*8"0rI/J2Sy"'t48]
Insert a test data, key is [persist.kvStaTest_1114] data=['#j#L+#801bT#Qhi!6,pn%2#]
Insert a test data, key is [persist.kvStaTest_1115] data=[WIS2'3#0G(!/!4)mBoN//f+Bd]
Insert a test data, key is [persist.kvStaTest_1116] data=[!lP/*/"bZ#2,BckIl3Dr"4Y4kn]
Insert a test data, key is [persist.kvStaTest_1117] data=[07'"8!!((##E8w#'1,#B&"6"N8-]
Insert a test data, key is [persist.kvStaTest_1118] data=[31&+yq.U!#"r#gyr(Z6%i5A"Z'2G]
Insert a test data, key is [persist.kvStaTest_1119] data=[0Gpa0KLM0/!ou+L#e5O.K#r-V1"#z]
Insert a test data, key is [persist.kvStaTest_1120] data=[m"-6!1d"05C'A"7k#%.o]
Insert a test data, key is [persist.kvStaTest_1121] data=[t5n6e954y!%&xpuOE*.!4]
Insert a test data, key is [persist.kvStaTest_1122] data=[*r3C./90XM+"8A+%"10xI8]
Insert a test data, key is [persist.kvStaTest_1123] data=[!P%dFa625/6Wdoft7"p'8"a]
Insert a test data, key is [persist.kvStaTest_1124] data=[Py8n5,e%#%T2!"#AFy"J+1-C]
Insert a test data, key is [persist.kvStaTest_1125] data=[G"#d0pQ%&&Pk!Gy*1"""!#'l&]
Insert a test data, key is [persist.kvStaTest_1126] data=[opE##"au'"47lqmM&O6)V"j2,,]
Insert a test data, key is [persist.kvStaTest_1127] data=[x,,)"!*1!S0#ec3#"z!(tA6!-Q']
Insert a test data, key is [persist.kvStaTest_1128] data=[.!/SN3K&-W(!8d+y75%)7lU4%Z!!]
Insert a test data, key is [persist.kvStaTest_1129] data=[064!/#4!u!!V#"*&S4c"!9&V1!&D"]
Insert a test data, key is [persist.kvStaTest_1130] data=[OC3v#9Dl6K,k##+Y"0#o]
Insert a test data, key is [persist.kvStaTest_1131] data=[k8#"-b8-68!q2#'L54!a5]
Insert a test data, key is [persist.kvStaTest_1132] data=[6I("k&#J#8"S#V"Hq*H'rd]
Insert a test data, key is [persist.kvStaTest_1133] data=[Q)w!#s"8M)B,9n!"R!/QVH']
Insert a test data, key is [persist.kvStaTest_1134] data=[6,L5/,N9wT8B-"-,ZV!k!4(!]
Insert a test data, key is [persist.kvStaTest_1135] data=[C&Y7!f#%'X/#7U43a#s4#8pAA]
Insert a test data, key is [persist.kvStaTest_1136] data=[!g42bTVL87cJK!7#y9QNtP8uW#]
Insert a test data, key is [persist.kvStaTest_1137] data=[/",o(Iwqe"G&R+B5tEivkXH/yMC]
Insert a test data, key is [persist.kvStaTest_1138] data=[p1%-U'#I9#kR%L7p3#"rQweek8*M]
Insert a test data, key is [persist.kvStaTest_1139] data=[S903218Z9x%2K!r#(T,8%!1(10"9"]
Insert a test data, key is [persist.kvStaTest_1140] data=[Y2/-7"9!o'Dd.m7#Ioh2]
Insert a test data, key is [persist.kvStaTest_1141] data=[hPV"!z4NPcvf2O!ucyA!/]
Insert a test data, key is [persist.kvStaTest_1142] data=[3#!B!656##MY%NKCs28JE0]
Insert a test data, key is [persist.kvStaTest_1143] data=[Y,#A4wf5#eKx'Y5L"a(d"06]
Insert a test data, key is [persist.kvStaTest_1144] data=[&'j3sw8dO/%SZwV"#a)#7,1P]
Insert a test data, key is [persist.kvStaTest_1145] data=[(rYh2z03E#49"4"*!#X!rV7H-]
Insert a test data, key is [persist.kvStaTest_1146] data=[67"(13".%2xf0t!o"0)V!!(G9u]
Insert a test data, key is [persist.kvStaTest_1147] data=[##9M#7Nz26#2*####Ew&Dq2.&!.]
Insert a test data, key is [persist.kvStaTest_1148] data=[!/.990*(/.E/"Er("8%nW"(A)EWt]
Insert a test data, key is [persist.kvStaTest_1149] data=[9-H!4Yv"V"12#XU"h#)o##*8"0rI/]
Insert a test data, key is [persist.kvStaTest_1150] data=[J2Sy"'t48'#j#L+#801b]
Insert a test data, key is [persist.kvStaTest_1151] data=[T#Qhi!6,pn%2#WIS2'3#0]
Insert a test data, key is [persist.kvStaTest_1152] data=[G(!/!4)mBoN//f+Bd!lP/*]
Insert a test data, key is [persist.kvStaTest_1153] data=[/"bZ#2,BckIl3Dr"4Y4kn07]
Insert a test data, key is [persist.kvStaTest_1154] data=['"8!!((##E8w#'1,#B&"6"N8]
Insert a test data, key is [persist.kvStaTest_1155] data=[-31&+yq.U!#"r#gyr(Z6%i5A"]
Insert a test data, key is [persist.kvStaTest_1156] data=[Z'2G0Gpa0KLM0/!ou+L#e5O.K#]
Insert a test data, key is [persist.kvStaTest_1157] data=[r-V1"#zm"-6!1d"05C'A"7k#%.o]
Insert a test data, key is [persist.kvStaTest_1158] data=[t5n6e954y!%&xpuOE*.!4*r3C./9]
Insert a test data, key is [persist.kvStaTest_1159] data=[0XM+"8A+%"10xI8!P%dFa625/6Wdo]
Insert a test data, key is [persist.kvStaTest_1160] data=[ft7"p'8"aPy8n5,e%#%T]
Insert a test data, key is [persist.kvStaTest_1161] data=[2!"#AFy"J+1-CG"#d0pQ%]
Insert a test data, key is [persist.kvStaTest_1162] data=[&&Pk!Gy*1"""!#'l&opE##]
Insert a test data, key is [persist.kvStaTest_1163] data=["au'"47lqmM&O6)V"j2,,x,]
Insert a test data, key is [persist.kvStaTest_1164] data=[,)"!*1!S0#ec3#"z!(tA6!-Q]
Insert a test data, key is [persist.kvStaTest_1165] data=['.!/SN3K&-W(!8d+y75%)7lU4]
Insert a test data, key is [persist.kvStaTest_1166] data=[%Z!!064!/#4!u!!V#"*&S4c"!9]
Insert a test data, key is [persist.kvStaTest_1167] data=[&V1!&D"OC3v#9Dl6K,k##+Y"0#o]
Insert a test data, key is [persist.kvStaTest_1168] data=[k8#"-b8-68!q2#'L54!a56I("k&#]
Insert a test data, key is [persist.kvStaTest_1169] data=[J#8"S#V"Hq*H'rdQ)w!#s"8M)B,9n]
Insert a test data, key is [persist.kvStaTest_1170] data=[!"R!/QVH'6,L5/,N9wT8]
Insert a test data, key is [persist.kvStaTest_1171] data=[B-"-,ZV!k!4(!C&Y7!f#%]
Insert a test data, key is [persist.kvStaTest_1172] data=['X/#7U43a#s4#8pAA!g42b]
Insert a test data, key is [persist.kvStaTest_1173] data=[TVL87cJK!7#y9QNtP8uW#/"]
Insert a test data, key is [persist.kvStaTest_1174] data=[,o(Iwqe"G&R+B5tEivkXH/yM]
Insert a test data, key is [persist.kvStaTest_1175] data=[Cp1%-U'#I9#kR%L7p3#"rQwee]
Insert a test data, key is [persist.kvStaTest_1176] data=[k8*MS903218Z9x%2K!r#(T,8%!]
Insert a test data, key is [persist.kvStaTest_1177] data=[1(10"9"Y2/-7"9!o'Dd.m7#Ioh2]
Insert a test data, key is [persist.kvStaTest_1178] data=[hPV"!z4NPcvf2O!ucyA!/3#!B!65]
Insert a test data, key is [persist.kvStaTest_1179] data=[6##MY%NKCs28JE0Y,#A4wf5#eKx'Y]
Insert a test data, key is [persist.kvStaTest_1180] data=[5L"a(d"06&'j3sw8dO/%]
Insert a test data, key is [persist.kvStaTest_1181] data=[SZwV"#a)#7,1P(rYh2z03]
Insert a test data, key is [persist.kvStaTest_1182] data=[E#49"4"*!#X!rV7H-67"(1]
Insert a test data, key is [persist.kvStaTest_1183] data=[3".%2xf0t!o"0)V!!(G9u##]
Insert a test data, key is [persist.kvStaTest_1184] data=[9M#7Nz26#2*####Ew&Dq2.&!]
Insert a test data, key is [persist.kvStaTest_1185] data=[.!/.990*(/.E/"Er("8%nW"(A]
Insert a test data, key is [persist.kvStaTest_1186] data=[)EWt9-H!4Yv"V"12#XU"h#)o##]
Insert a test data, key is [persist.kvStaTest_1187] data=[*8"0rI/J2Sy"'t48'#j#L+#801b]
Insert a test data, key is [persist.kvStaTest_1188] data=[T#Qhi!6,pn%2#WIS2'3#0G(!/!4)]
Insert a test data, key is [persist.kvStaTest_1189] data=[mBoN//f+Bd!lP/*/"bZ#2,BckIl3D]
Insert a test data, key is [persist.kvStaTest_1190] data=[r"4Y4kn07'"8!!((##E8]
Insert a test data, key is [persist.kvStaTest_1191] data=[w#'1,#B&"6"N8-31&+yq.]
Insert a test data, key is [persist.kvStaTest_1192] data=[U!#"r#gyr(Z6%i5A"Z'2G0]
Insert a test data, key is [persist.kvStaTest_1193] data=[Gpa0KLM0/!ou+L#e5O.K#r-]
Insert a test data, key is [persist.kvStaTest_1194] data=[V1"#zm"-6!1d"05C'A"7k#%.]
Insert a test data, key is [persist.kvStaTest_1195] data=[ot5n6e954y!%&xpuOE*.!4*r3]
Insert a test data, key is [persist.kvStaTest_1196] data=[C./90XM+"8A+%"10xI8!P%dFa6]
Insert a test data, key is [persist.kvStaTest_1197] data=[25/6Wdoft7"p'8"aPy8n5,e%#%T]
Insert a test data, key is [persist.kvStaTest_1198] data=[2!"#AFy"J+1-CG"#d0pQ%&&Pk!Gy]
Insert a test data, key is [persist.kvStaTest_1199] data=[*1"""!#'l&opE##"au'"47lqmM&O6]
Insert a test data, key is [persist.kvStaTest_1200] data=[)V"j2,,x,,)"!*1!S0#e]
Insert a test data, key is [persist.kvStaTest_1201] data=[c3#"z!(tA6!-Q'.!/SN3K]
Insert a test data, key is [persist.kvStaTest_1202] data=[&-W(!8d+y75%)7lU4%Z!!0]
Insert a test data, key is [persist.kvStaTest_1203] data=[64!/#4!u!!V#"*&S4c"!9&V]
Insert a test data, key is [persist.kvStaTest_1204] data=[1!&D"OC3v#9Dl6K,k##+Y"0#]
Insert a test data, key is [persist.kvStaTest_1205] data=[ok8#"-b8-68!q2#'L54!a56I(]
Insert a test data, key is [persist.kvStaTest_1206] data=["k&#J#8"S#V"Hq*H'rdQ)w!#s"]
Insert a test data, key is [persist.kvStaTest_1207] data=[8M)B,9n!"R!/QVH'6,L5/,N9wT8]
Insert a test data, key is [persist.kvStaTest_1208] data=[B-"-,ZV!k!4(!C&Y7!f#%'X/#7U4]
Insert a test data, key is [persist.kvStaTest_1209] data=[3a#s4#8pAA!g42bTVL87cJK!7#y9Q]
Insert a test data, key is [persist.kvStaTest_1210] data=[NtP8uW#/",o(Iwqe"G&R]
Insert a test data, key is [persist.kvStaTest_1211] data=[+B5tEivkXH/yMCp1%-U'#]
Insert a test data, key is [persist.kvStaTest_1212] data=[I9#kR%L7p3#"rQweek8*MS]
Insert a test data, key is [persist.kvStaTest_1213] data=[903218Z9x%2K!r#(T,8%!1(]
Insert a test data, key is [persist.kvStaTest_1214] data=[10"9"Y2/-7"9!o'Dd.m7#Ioh]
Insert a test data, key is [persist.kvStaTest_1215] data=[2hPV"!z4NPcvf2O!ucyA!/3#!]
Insert a test data, key is [persist.kvStaTest_1216] data=[B!656##MY%NKCs28JE0Y,#A4wf]
Insert a test data, key is [persist.kvStaTest_1217] data=[5#eKx'Y5L"a(d"06&'j3sw8dO/%]
Insert a test data, key is [persist.kvStaTest_1218] data=[SZwV"#a)#7,1P(rYh2z03E#49"4"]
Insert a test data, key is [persist.kvStaTest_1219] data=[*!#X!rV7H-67"(13".%2xf0t!o"0)]
Insert a test data, key is [persist.kvStaTest_1220] data=[V!!(G9u##9M#7Nz26#2*]
Insert a test data, key is [persist.kvStaTest_1221] data=[####Ew&Dq2.&!.!/.990*]
Insert a test data, key is [persist.kvStaTest_1222] data=[(/.E/"Er("8%nW"(A)EWt9]
Insert a test data, key is [persist.kvStaTest_1223] data=[-H!4Yv"V"12#XU"h#)o##*8]
Insert a test data, key is [persist.kvStaTest_1224] data=["0rI/J2Sy"'t48'#j#L+#801]
Insert a test data, key is [persist.kvStaTest_1225] data=[bT#Qhi!6,pn%2#WIS2'3#0G(!]
Insert a test data, key is [persist.kvStaTest_1226] data=[/!4)mBoN//f+Bd!lP/*/"bZ#2,]
Insert a test data, key is [persist.kvStaTest_1227] data=[BckIl3Dr"4Y4kn07'"8!!((##E8]
Insert a test data, key is [persist.kvStaTest_1228] data=[w#'1,#B&"6"N8-31&+yq.U!#"r#g]
Insert a test data, key is [persist.kvStaTest_1229] data=[yr(Z6%i5A"Z'2G0Gpa0KLM0/!ou+L]
Insert a test data, key is [persist.kvStaTest_1230] data=[#e5O.K#r-V1"#zm"-6!1]
Insert a test data, key is [persist.kvStaTest_1231] data=[d"05C'A"7k#%.ot5n6e95]
Insert a test data, key is [persist.kvStaTest_1232] data=[4y!%&xpuOE*.!4*r3C./90]
Insert a test data, key is [persist.kvStaTest_1233] data=[XM+"8A+%"10xI8!P%dFa625]
Insert a test data, key is [persist.kvStaTest_1234] data=[/6Wdoft7"p'8"aPy8n5,e%#%]
Insert a test data, key is [persist.kvStaTest_1235] data=[T2!"#AFy"J+1-CG"#d0pQ%&&P]
Insert a test data, key is [persist.kvStaTest_1236] data=[k!Gy*1"""!#'l&opE##"au'"47]
Insert a test data, key is [persist.kvStaTest_1237] data=[lqmM&O6)V"j2,,x,,)"!*1!S0#e]
Insert a test data, key is [persist.kvStaTest_1238] data=[c3#"z!(tA6!-Q'.!/SN3K&-W(!8d]
Insert a test data, key is [persist.kvStaTest_1239] data=[+y75%)7lU4%Z!!064!/#4!u!!V#"*]
Insert a test data, key is [persist.kvStaTest_1240] data=[&S4c"!9&V1!&D"OC3v#9]
Insert a test data, key is [persist.kvStaTest_1241] data=[Dl6K,k##+Y"0#ok8#"-b8]
Insert a test data, key is [persist.kvStaTest_1242] data=[-68!q2#'L54!a56I("k&#J]
Insert a test data, key is [persist.kvStaTest_1243] data=[#8"S#V"Hq*H'rdQ)w!#s"8M]
Insert a test data, key is [persist.kvStaTest_1244] data=[)B,9n!"R!/QVH'6,L5/,N9wT]
Insert a test data, key is [persist.kvStaTest_1245] data=[8B-"-,ZV!k!4(!C&Y7!f#%'X/]
Insert a test data, key is [persist.kvStaTest_1246] data=[#7U43a#s4#8pAA!g42bTVL87cJ]
Insert a test data, key is [persist.kvStaTest_1247] data=[K!7#y9QNtP8uW#/",o(Iwqe"G&R]
Insert a test data, key is [persist.kvStaTest_1248] data=[+B5tEivkXH/yMCp1%-U'#I9#kR%L]
Insert a test data, key is [persist.kvStaTest_1249] data=[7p3#"rQweek8*MS903218Z9x%2K!r]
Insert a test data, key is [persist.kvStaTest_1250] data=[#(T,8%!1(10"9"Y2/-7"]
Insert a test data, key is [persist.kvStaTest_1251] data=[9!o'Dd.m7#Ioh2hPV"!z4]
Insert a test data, key is [persist.kvStaTest_1252] data=[NPcvf2O!ucyA!/3#!B!656]
Insert a test data, key is [persist.kvStaTest_1253] data=[##MY%NKCs28JE0Y,#A4wf5#]
Insert a test data, key is [persist.kvStaTest_1254] data=[eKx'Y5L"a(d"06&'j3sw8dO/]
Insert a test data, key is [persist.kvStaTest_1255] data=[%SZwV"#a)#7,1P(rYh2z03E#4]
Insert a test data, key is [persist.kvStaTest_1256] data=[9"4"*!#X!rV7H-67"(13".%2xf]
Insert a test data, key is [persist.kvStaTest_1257] data=[0t!o"0)V!!(G9u##9M#7Nz26#2*]
Insert a test data, key is [persist.kvStaTest_1258] data=[####Ew&Dq2.&!.!/.990*(/.E/"E]
Insert a test data, key is [persist.kvStaTest_1259] data=[r("8%nW"(A)EWt9-H!4Yv"V"12#XU]
Insert a test data, key is [persist.kvStaTest_1260] data=["h#)o##*8"0rI/J2Sy"']
Insert a test data, key is [persist.kvStaTest_1261] data=[t48'#j#L+#801bT#Qhi!6]
Insert a test data, key is [persist.kvStaTest_1262] data=[,pn%2#WIS2'3#0G(!/!4)m]
Insert a test data, key is [persist.kvStaTest_1263] data=[BoN//f+Bd!lP/*/"bZ#2,Bc]
Insert a test data, key is [persist.kvStaTest_1264] data=[kIl3Dr"4Y4kn07'"8!!((##E]
Insert a test data, key is [persist.kvStaTest_1265] data=[8w#'1,#B&"6"N8-31&+yq.U!#]
Insert a test data, key is [persist.kvStaTest_1266] data=["r#gyr(Z6%i5A"Z'2G0Gpa0KLM]
Insert a test data, key is [persist.kvStaTest_1267] data=[0/!ou+L#e5O.K#r-V1"#zm"-6!1]
Insert a test data, key is [persist.kvStaTest_1268] data=[d"05C'A"7k#%.ot5n6e954y!%&xp]
Insert a test data, key is [persist.kvStaTest_1269] data=[uOE*.!4*r3C./90XM+"8A+%"10xI8]
Insert a test data, key is [persist.kvStaTest_1270] data=[!P%dFa625/6Wdoft7"p']
Insert a test data, key is [persist.kvStaTest_1271] data=[8"aPy8n5,e%#%T2!"#AFy]
Insert a test data, key is [persist.kvStaTest_1272] data=["J+1-CG"#d0pQ%&&Pk!Gy*]
Insert a test data, key is [persist.kvStaTest_1273] data=[1"""!#'l&opE##"au'"47lq]
Insert a test data, key is [persist.kvStaTest_1274] data=[mM&O6)V"j2,,x,,)"!*1!S0#]
Insert a test data, key is [persist.kvStaTest_1275] data=[ec3#"z!(tA6!-Q'.!/SN3K&-W]
Insert a test data, key is [persist.kvStaTest_1276] data=[(!8d+y75%)7lU4%Z!!064!/#4!]
Insert a test data, key is [persist.kvStaTest_1277] data=[u!!V#"*&S4c"!9&V1!&D"OC3v#9]
Insert a test data, key is [persist.kvStaTest_1278] data=[Dl6K,k##+Y"0#ok8#"-b8-68!q2#]
Insert a test data, key is [persist.kvStaTest_1279] data=['L54!a56I("k&#J#8"S#V"Hq*H'rd]
Insert a test data, key is [persist.kvStaTest_1280] data=[Q)w!#s"8M)B,9n!"R!/Q]
Insert a test data, key is [persist.kvStaTest_1281] data=[VH'6,L5/,N9wT8B-"-,ZV]
Insert a test data, key is [persist.kvStaTest_1282] data=[!k!4(!C&Y7!f#%'X/#7U43]
Insert a test data, key is [persist.kvStaTest_1283] data=[a#s4#8pAA!g42bTVL87cJK!]
Insert a test data, key is [persist.kvStaTest_1284] data=[7#y9QNtP8uW#/",o(Iwqe"G&]
Insert a test data, key is [persist.kvStaTest_1285] data=[R+B5tEivkXH/yMCp1%-U'#I9#]
Insert a test data, key is [persist.kvStaTest_1286] data=[kR%L7p3#"rQweek8*MS903218Z]
Insert a test data, key is [persist.kvStaTest_1287] data=[9x%2K!r#(T,8%!1(10"9"Y2/-7"]
Insert a test data, key is [persist.kvStaTest_1288] data=[9!o'Dd.m7#Ioh2hPV"!z4NPcvf2O]
Insert a test data, key is [persist.kvStaTest_1289] data=[!ucyA!/3#!B!656##MY%NKCs28JE0]
Insert a test data, key is [persist.kvStaTest_1290] data=[Y,#A4wf5#eKx'Y5L"a(d]
Insert a test data, key is [persist.kvStaTest_1291] data=["06&'j3sw8dO/%SZwV"#a]
Insert a test data, key is [persist.kvStaTest_1292] data=[)#7,1P(rYh2z03E#49"4"*]
Insert a test data, key is [persist.kvStaTest_1293] data=[!#X!rV7H-67"(13".%2xf0t]
Insert a test data, key is [persist.kvStaTest_1294] data=[!o"0)V!!(G9u##9M#7Nz26#2]
Insert a test data, key is [persist.kvStaTest_1295] data=[*####Ew&Dq2.&!.!/.990*(/.]
Insert a test data, key is [persist.kvStaTest_1296] data=[E/"Er("8%nW"(A)EWt9-H!4Yv"]
Insert a test data, key is [persist.kvStaTest_1297] data=[V"12#XU"h#)o##*8"0rI/J2Sy"']
Insert a test data, key is [persist.kvStaTest_1298] data=[t48'#j#L+#801bT#Qhi!6,pn%2#W]
Insert a test data, key is [persist.kvStaTest_1299] data=[IS2'3#0G(!/!4)mBoN//f+Bd!lP/*]
Insert a test data, key is [persist.kvStaTest_1300] data=[/"bZ#2,BckIl3Dr"4Y4k]
Insert a test data, key is [persist.kvStaTest_1301] data=[n07'"8!!((##E8w#'1,#B]
Insert a test data, key is [persist.kvStaTest_1302] data=[&"6"N8-31&+yq.U!#"r#gy]
Insert a test data, key is [persist.kvStaTest_1303] data=[r(Z6%i5A"Z'2G0Gpa0KLM0/]
Insert a test data, key is [persist.kvStaTest_1304] data=[!ou+L#e5O.K#r-V1"#zm"-6!]
Insert a test data, key is [persist.kvStaTest_1305] data=[1d"05C'A"7k#%.ot5n6e954y!]
Insert a test data, key is [persist.kvStaTest_1306] data=[%&xpuOE*.!4*r3C./90XM+"8A+]
Insert a test data, key is [persist.kvStaTest_1307] data=[%"10xI8!P%dFa625/6Wdoft7"p']
Insert a test data, key is [persist.kvStaTest_1308] data=[8"aPy8n5,e%#%T2!"#AFy"J+1-CG]
Insert a test data, key is [persist.kvStaTest_1309] data=["#d0pQ%&&Pk!Gy*1"""!#'l&opE##]
Insert a test data, key is [persist.kvStaTest_1310] data=["au'"47lqmM&O6)V"j2,]
Insert a test data, key is [persist.kvStaTest_1311] data=[,x,,)"!*1!S0#ec3#"z!(]
Insert a test data, key is [persist.kvStaTest_1312] data=[tA6!-Q'.!/SN3K&-W(!8d+]
Insert a test data, key is [persist.kvStaTest_1313] data=[y75%)7lU4%Z!!064!/#4!u!]
Insert a test data, key is [persist.kvStaTest_1314] data=[!V#"*&S4c"!9&V1!&D"OC3v#]
Insert a test data, key is [persist.kvStaTest_1315] data=[9Dl6K,k##+Y"0#ok8#"-b8-68]
Insert a test data, key is [persist.kvStaTest_1316] data=[!q2#'L54!a56I("k&#J#8"S#V"]
Insert a test data, key is [persist.kvStaTest_1317] data=[Hq*H'rdQ)w!#s"8M)B,9n!"R!/Q]
Insert a test data, key is [persist.kvStaTest_1318] data=[VH'6,L5/,N9wT8B-"-,ZV!k!4(!C]
Insert a test data, key is [persist.kvStaTest_1319] data=[&Y7!f#%'X/#7U43a#s4#8pAA!g42b]
Insert a test data, key is [persist.kvStaTest_1320] data=[TVL87cJK!7#y9QNtP8uW]
Insert a test data, key is [persist.kvStaTest_1321] data=[#/",o(Iwqe"G&R+B5tEiv]
Insert a test data, key is [persist.kvStaTest_1322] data=[kXH/yMCp1%-U'#I9#kR%L7]
Insert a test data, key is [persist.kvStaTest_1323] data=[p3#"rQweek8*MS903218Z9x]
Insert a test data, key is [persist.kvStaTest_1324] data=[%2K!r#(T,8%!1(10"9"Y2/-7]
Insert a test data, key is [persist.kvStaTest_1325] data=["9!o'Dd.m7#Ioh2hPV"!z4NPc]
Insert a test data, key is [persist.kvStaTest_1326] data=[vf2O!ucyA!/3#!B!656##MY%NK]
Insert a test data, key is [persist.kvStaTest_1327] data=[Cs28JE0Y,#A4wf5#eKx'Y5L"a(d]
Insert a test data, key is [persist.kvStaTest_1328] data=["06&'j3sw8dO/%SZwV"#a)#7,1P(]
Insert a test data, key is [persist.kvStaTest_1329] data=[rYh2z03E#49"4"*!#X!rV7H-67"(1]
Insert a test data, key is [persist.kvStaTest_1330] data=[3".%2xf0t!o"0)V!!(G9]
Insert a test data, key is [persist.kvStaTest_1331] data=[u##9M#7Nz26#2*####Ew&]
Insert a test data, key is [persist.kvStaTest_1332] data=[Dq2.&!.!/.990*(/.E/"Er]
Insert a test data, key is [persist.kvStaTest_1333] data=[("8%nW"(A)EWt9-H!4Yv"V"]
Insert a test data, key is [persist.kvStaTest_1334] data=[12#XU"h#)o##*8"0rI/J2Sy"]
Insert a test data, key is [persist.kvStaTest_1335] data=['t48'#j#L+#801bT#Qhi!6,pn]
Insert a test data, key is [persist.kvStaTest_1336] data=[%2#WIS2'3#0G(!/!4)mBoN//f+]
Insert a test data, key is [persist.kvStaTest_1337] data=[Bd!lP/*/"bZ#2,BckIl3Dr"4Y4k]
Insert a test data, key is [persist.kvStaTest_1338] data=[n07'"8!!((##E8w#'1,#B&"6"N8-]
Insert a test data, key is [persist.kvStaTest_1339] data=[31&+yq.U!#"r#gyr(Z6%i5A"Z'2G0]
Insert a test data, key is [persist.kvStaTest_1340] data=[Gpa0KLM0/!ou+L#e5O.K]
Insert a test data, key is [persist.kvStaTest_1341] data=[#r-V1"#zm"-6!1d"05C'A]
Insert a test data, key is [persist.kvStaTest_1342] data=["7k#%.ot5n6e954y!%&xpu]
Insert a test data, key is [persist.kvStaTest_1343] data=[OE*.!4*r3C./90XM+"8A+%"]
Insert a test data, key is [persist.kvStaTest_1344] data=[10xI8!P%dFa625/6Wdoft7"p]
Insert a test data, key is [persist.kvStaTest_1345] data=['8"aPy8n5,e%#%T2!"#AFy"J+]
Insert a test data, key is [persist.kvStaTest_1346] data=[1-CG"#d0pQ%&&Pk!Gy*1"""!#']
Insert a test data, key is [persist.kvStaTest_1347] data=[l&opE##"au'"47lqmM&O6)V"j2,]
Insert a test data, key is [persist.kvStaTest_1348] data=[,x,,)"!*1!S0#ec3#"z!(tA6!-Q']
Insert a test data, key is [persist.kvStaTest_1349] data=[.!/SN3K&-W(!8d+y75%)7lU4%Z!!0]
Insert a test data, key is [persist.kvStaTest_1350] data=[64!/#4!u!!V#"*&S4c"!]
Insert a test data, key is [persist.kvStaTest_1351] data=[9&V1!&D"OC3v#9Dl6K,k#]
Insert a test data, key is [persist.kvStaTest_1352] data=[#+Y"0#ok8#"-b8-68!q2#']
Insert a test data, key is [persist.kvStaTest_1353] data=[L54!a56I("k&#J#8"S#V"Hq]
Insert a test data, key is [persist.kvStaTest_1354] data=[*H'rdQ)w!#s"8M)B,9n!"R!/]
Insert a test data, key is [persist.kvStaTest_1355] data=[QVH'6,L5/,N9wT8B-"-,ZV!k!]
Insert a test data, key is [persist.kvStaTest_1356] data=[4(!C&Y7!f#%'X/#7U43a#s4#8p]
Insert a test data, key is [persist.kvStaTest_1357] data=[AA!g42bTVL87cJK!7#y9QNtP8uW]
Insert a test data, key is [persist.kvStaTest_1358] data=[#/",o(Iwqe"G&R+B5tEivkXH/yMC]
Insert a test data, key is [persist.kvStaTest_1359] data=[p1%-U'#I9#kR%L7p3#"rQweek8*MS]
Insert a test data, key is [persist.kvStaTest_1360] data=[903218Z9x%2K!r#(T,8%]
Insert a test data, key is [persist.kvStaTest_1361] data=[!1(10"9"Y2/-7"9!o'Dd.]
Insert a test data, key is [persist.kvStaTest_1362] data=[m7#Ioh2hPV"!z4NPcvf2O!]
Insert a test data, key is [persist.kvStaTest_1363] data=[ucyA!/3#!B!656##MY%NKCs]
Insert a test data, key is [persist.kvStaTest_1364] data=[28JE0Y,#A4wf5#eKx'Y5L"a(]
Insert a test data, key is [persist.kvStaTest_1365] data=[d"06&'j3sw8dO/%SZwV"#a)#7]
Insert a test data, key is [persist.kvStaTest_1366] data=[,1P(rYh2z03E#49"4"*!#X!rV7]
Insert a test data, key is [persist.kvStaTest_1367] data=[H-67"(13".%2xf0t!o"0)V!!(G9]
Insert a test data, key is [persist.kvStaTest_1368] data=[u##9M#7Nz26#2*####Ew&Dq2.&!.]
Insert a test data, key is [persist.kvStaTest_1369] data=[!/.990*(/.E/"Er("8%nW"(A)EWt9]
Insert a test data, key is [persist.kvStaTest_1370] data=[-H!4Yv"V"12#XU"h#)o#]
Insert a test data, key is [persist.kvStaTest_1371] data=[#*8"0rI/J2Sy"'t48'#j#]
Insert a test data, key is [persist.kvStaTest_1372] data=[L+#801bT#Qhi!6,pn%2#WI]
Insert a test data, key is [persist.kvStaTest_1373] data=[S2'3#0G(!/!4)mBoN//f+Bd]
Insert a test data, key is [persist.kvStaTest_1374] data=[!lP/*/"bZ#2,BckIl3Dr"4Y4]
Insert a test data, key is [persist.kvStaTest_1375] data=[kn07'"8!!((##E8w#'1,#B&"6]
Insert a test data, key is [persist.kvStaTest_1376] data=["N8-31&+yq.U!#"r#gyr(Z6%i5]
Insert a test data, key is [persist.kvStaTest_1377] data=[A"Z'2G0Gpa0KLM0/!ou+L#e5O.K]
Insert a test data, key is [persist.kvStaTest_1378] data=[#r-V1"#zm"-6!1d"05C'A"7k#%.o]
Insert a test data, key is [persist.kvStaTest_1379] data=[t5n6e954y!%&xpuOE*.!4*r3C./90]
Insert a test data, key is [persist.kvStaTest_1380] data=[XM+"8A+%"10xI8!P%dFa]
Insert a test data, key is [persist.kvStaTest_1381] data=[625/6Wdoft7"p'8"aPy8n]
Insert a test data, key is [persist.kvStaTest_1382] data=[5,e%#%T2!"#AFy"J+1-CG"]
Insert a test data, key is [persist.kvStaTest_1383] data=[#d0pQ%&&Pk!Gy*1"""!#'l&]
Insert a test data, key is [persist.kvStaTest_1384] data=[opE##"au'"47lqmM&O6)V"j2]
Insert a test data, key is [persist.kvStaTest_1385] data=[,,x,,)"!*1!S0#ec3#"z!(tA6]
