XTS_RECEIPT=/home/regex/work/esp32s31-openvela/backups/2026-09-10-scan-stress/build1102-flat-category-fs-sync.sha256
XTS_MOUNT_EVIDENCE_SHA256=34d3e52e0206dff2d7a233e4a952b422c9b89ecfac52b60fa8b1eea71b9118e4
XTS_DURATION=published_1h local_minutes=60 worker_join_fix_disclosed
XTS_COMMAND=mount
--- CMD: mount ---
mount
  /data type littlefs
  /proc type procfs
  /tmp type tmpfs
nsh> [K
nsh> [K
XTS_COMMAND=ps
--- CMD: ps ---
ps
  PID GROUP PRI POLICY   TYPE    NPX STATE    EVENT     SIGMASK            STACK COMMAND
    0     0   0 FIFO     Kthread   - Ready              0000000000000000 0002016 CPU0 IDLE
    1     0 224 RR       Kthread   - Waiting  Semaphore 0000000000000000 0004016 hpwork 0x2f009540 0x2f009588
    2     0 100 RR       Kthread   - Waiting  Semaphore 0000000000000000 0004016 lpwork 0x2f0094c0 0x2f009508
    4     0 223 RR       Kthread   - Waiting  Semaphore 0000000000000000 0004024 hr_timer
    5     5 100 RR       Task      - Running            0000000000000000 0008128 nsh_main
nsh> [K
nsh> [K
XTS_COMMAND=df
--- CMD: df ---
df
  Block    Number
  Size     Blocks       Used   Available Mounted on
  4096        768        177         591 /data
     0          0          0           0 /proc
   512          1          1           0 /tmp
nsh> [K
nsh> [K
XTS_COMMAND=ls -l /data
--- CMD: ls -l /data ---
ls -l /data
/data:
 drwxrwxrwx           0 .
 dr--r--r--           0 ..
 -rw-r--r--      405504 persist.db
 drwxrwxrwx           0 s02/
 drwxrwxrwx           0 s07b/
 drwxrwxrwx           0 s07c/
 drwxrwxrwx           0 s07/
 drwxrwxrwx           0 s18c/
 drwxrwxrwx           0 s18r/
 drwxrwxrwx           0 s19s/
 drwxrwxrwx           0 s19/
nsh> [K
nsh> [K
XTS_COMMAND=mkdir /data/s17
--- CMD: mkdir /data/s17 ---
mkdir /data/s17
nsh> [K
nsh> [K
XTS_COMMAND=vela_fs_stability_test01 -d /data/s17 -t 60
vela_fs_stability_test01 -d /data/s17 -t 60
[main_process] creat a dir, name=/data/s17/stab_test_dir
[main_process] creat thread success !  name=thread_1
[main_process] creat thread success !  name=thread_2
[main_process] creat thread success !  name=thread_3
[thread_1] open the test file with 'a+'.
[thread_1] write file ...
[thread_1] close the file ...
[thread_1] the current file size=1024 byte ...
[thread_2] A file name is randomly generated, name=5V7A#c6m$BuTp0J .
[thread_2] Use this name to create a file.
[thread_2] create file success !
[thread_2] Write to this file !
[thread_2] write file success !
[thread_2] close this file !
[thread_3] open the test file...
[thread_3] Move the pointer to the end of the file...
[thread_3] read data from the test file... 
[thread_2] delete file ...
[thread_3] open the test file...
[thread_3] Move the pointer to the end of the file...
[thread_3] read data from the test file... 
[thread_1] open the test file with 'a+'.
[thread_1] write file ...
[thread_1] close the file ...
[thread_1] the current file size=2048 byte ...
[thread_3] open the test file...
[thread_3] Move the pointer to the end of the file...
[thread_3] read data from the test file... 
[thread_3] open the test file...
[thread_3] Move the pointer to the end of the file...
[thread_3] read data from the test file... 
[thread_1] open the test file with 'a+'.
[thread_1] write file ...
[thread_1] close the file ...
[thread_1] the current file size=3072 byte ...
[thread_2] A file name is randomly generated, name=qB%p%lO#$Hj$3#3 .
[thread_2] Use this name to create a file.
[thread_2] create file success !
[thread_2] Write to this file !
[thread_2] write file success !
[thread_2] close this file !
[thread_3] open the test file...
[thread_3] Move the pointer to the end of the file...
[thread_3] read data from the test file... 
[thread_3] open the test file...
[thread_3] Move the pointer to the end of the file...
[thread_3] read data from the test file... 
[thread_2] delete file ...
[thread_3] open the test file...
[thread_3] Move the pointer to the end of the file...
[thread_3] read data from the test file... 
[thread_1] open the test file with 'a+'.
[thread_1] write file ...
[thread_1] close the file ...
[thread_1] the current file size=4096 byte ...
[thread_3] open the test file...
[thread_3] Move the pointer to the end of the file...
[thread_3] read data from the test file... 
[thread_3] open the test file...
[thread_3] Move the pointer to the end of the file...
[thread_3] read data from the test file... 
[thread_2] A file name is randomly generated, name=#4%4A$ODg6$F#w1 .
[thread_2] Use this name to create a file.
[thread_2] create file success !
[thread_2] Write to this file !
[thread_2] write file success !
[thread_2] close this file !
[thread_1] open the test file with 'a+'.
[thread_1] write file ...
[thread_1] close the file ...
[thread_1] the current file size=5120 byte ...
[thread_1] The test file exceeds the specified size, Redirect the file pointer position
[thread_3] open the test file...
[thread_3] Move the pointer to the end of the file...
[thread_3] read data from the test file... 
[thread_3] open the test file...
[thread_3] Move the pointer to the end of the file...
[thread_3] read data from the test file... 
[thread_2] delete file ...
[thread_3] open the test file...
[thread_3] Move the pointer to the end of the file...
[thread_3] read data from the test file... 
[thread_1] open the test file with 'a+'.
[thread_1] write file ...
[thread_1] close the file ...
[thread_1] the current file size=1025 byte ...
[thread_3] open the test file...
[thread_3] Move the pointer to the end of the file...
[thread_3] read data from the test file... 
[thread_3] open the test file...
[thread_3] Move the pointer to the end of the file...
[thread_3] read data from the test file... 
[thread_2] A file name is randomly generated, name=75n4HX##Ur7d%%k .
[thread_2] Use this name to create a file.
[thread_2] create file success !
[thread_2] Write to this file !
[thread_2] write file success !
[thread_2] close this file !
[thread_1] open the test file with 'a+'.
[thread_1] write file ...
[thread_1] close the file ...
[thread_1] the current file size=2049 byte ...
[thread_3] open the test file...
[thread_3] Move the pointer to the end of the file...
[thread_3] read data from the test file... 
[thread_3] open the test file...
[thread_3] Move the pointer to the end of the file...
[thread_3] read data from the test file... 
[thread_2] delete file ...
[thread_3] open the test file...
[thread_3] Move the pointer to the end of the file...
[thread_3] read data from the test file... 
[thread_1] open the test file with 'a+'.
[thread_1] write file ...
[thread_1] close the file ...
[thread_1] the current file size=3073 byte ...
[thread_3] open the test file...
[thread_3] Move the pointer to the end of the file...
[thread_3] read data from the test file... 
[thread_3] open the test file...
[thread_3] Move the pointer to the end of the file...
[thread_3] read data from the test file... 
[thread_2] A file name is randomly generated, name=c$mQL9%tJpFHm1H .
[thread_2] Use this name to create a file.
[thread_2] create file success !
[thread_2] Write to this file !
[thread_2] write file success !
[thread_2] close this file !
[thread_1] open the test file with 'a+'.
[thread_1] write file ...
[thread_1] close the file ...
[thread_1] the current file size=4097 byte ...
[thread_1] The test file exceeds the specified size, Redirect the file pointer position
[thread_3] open the test file...
[thread_3] Move the pointer to the end of the file...
[thread_3] read data from the test file... 
[thread_3] open the test file...
[thread_3] Move the pointer to the end of the file...
[thread_3] read data from the test file... 
[thread_2] delete file ...
[thread_3] open the test file...
[thread_3] Move the pointer to the end of the file...
[thread_3] read data from the test file... 
[thread_1] open the test file with 'a+'.
[thread_1] write file ...
[thread_1] close the file ...
[thread_1] the current file size=1025 byte ...
[thread_3] open the test file...
[thread_3] Move the pointer to the end of the file...
[thread_3] read data from the test file... 
[thread_3] open the test file...
[thread_3] Move the pointer to the end of the file...
[thread_3] read data from the test file... 
[thread_2] A file name is randomly generated, name=B%HD$x8fM9%p$0f .
[thread_2] Use this name to create a file.
[thread_2] create file success !
[thread_2] Write to this file !
[thread_2] write file success !
[thread_2] close this file !
[thread_1] open the test file with 'a+'.
[thread_1] write file ...
[thread_1] close the file ...
[thread_1] the current file size=2049 byte ...
[thread_3] open the test file...
[thread_3] Move the pointer to the end of the file...
[thread_3] read data from the test file... 
[thread_3] open the test file...
[thread_3] Move the pointer to the end of the file...
[thread_3] read data from the test file... 
[thread_2] delete file ...
[thread_3] open the test file...
[thread_3] Move the pointer to the end of the file...
[thread_3] read data from the test file... 
[thread_1] open the test file with 'a+'.
[thread_1] write file ...
[thread_1] close the file ...
[thread_1] the current file size=3073 byte ...
[thread_3] open the test file...
[thread_3] Move the pointer to the end of the file...
[thread_3] read data from the test file... 
[thread_3] open the test file...
[thread_3] Move the pointer to the end of the file...
[thread_3] read data from the test file... 
[thread_2] A file name is randomly generated, name=#%#e9#OQ$WcN2#W .
[thread_2] Use this name to create a file.
[thread_2] create file success !
[thread_2] Write to this file !
[thread_2] write file success !
[thread_2] close this file !
[thread_1] open the test file with 'a+'.
[thread_1] write file ...
[thread_1] close the file ...
[thread_1] the current file size=4097 byte ...
[thread_1] The test file exceeds the specified size, Redirect the file pointer position
[thread_3] open the test file...
[thread_3] Move the pointer to the end of the file...
[thread_3] read data from the test file... 
[thread_3] open the test file...
[thread_3] Move the pointer to the end of the file...
[thread_3] read data from the test file... 
[thread_2] delete file ...
[thread_3] open the test file...
[thread_3] Move the pointer to the end of the file...
[thread_3] read data from the test file... 
[thread_1] open the test file with 'a+'.
[thread_1] write file ...
[thread_1] close the file ...
[thread_1] the current file size=1025 byte ...
[thread_3] open the test file...
[thread_3] Move the pointer to the end of the file...
[thread_3] read data from the test file... 
[thread_3] open the test file...
[thread_3] Move the pointer to the end of the file...
[thread_3] read data from the test file... 
[thread_2] A file name is randomly generated, name=x69#YR%W#$845Tf .
[thread_2] Use this name to create a file.
[thread_2] create file success !
[thread_2] Write to this file !
[thread_2] write file success !
[thread_2] close this file !
[thread_1] open the test file with 'a+'.
[thread_1] write file ...
[thread_1] close the file ...
[thread_1] the current file size=2049 byte ...
[thread_3] open the test file...
[thread_3] Move the pointer to the end of the file...
[thread_3] read data from the test file... 
[thread_3] open the test file...
[thread_3] Move the pointer to the end of the file...
[thread_3] read data from the test file... 
[thread_2] delete file ...
[thread_3] open the test file...
[thread_3] Move the pointer to the end of the file...
[thread_3] read data from the test file... 
[thread_1] open the test file with 'a+'.
[thread_1] write file ...
[thread_1] close the file ...
[thread_1] the current file size=3073 byte ...
[thread_3] open the test file...
[thread_3] Move the pointer to the end of the file...
[thread_3] read data from the test file... 
[thread_3] open the test file...
[thread_3] Move the pointer to the end of the file...
[thread_3] read data from the test file... 
[thread_2] A file name is randomly generated, name=DtCz0%4qO0$JZl% .
[thread_2] Use this name to create a file.
[thread_2] create file success !
[thread_2] Write to this file !
[thread_2] write file success !
[thread_2] close this file !
[thread_1] open the test file with 'a+'.
[thread_1] write file ...
[thread_1] close the file ...
[thread_1] the current file size=4097 byte ...
[thread_1] The test file exceeds the specified size, Redirect the file pointer position
[thread_3] open the test file...
[thread_3] Move the pointer to the end of the file...
[thread_3] read data from the test file... 
[thread_3] open the test file...
[thread_3] Move the pointer to the end of the file...
[thread_3] read data from the test file... 
[thread_2] delete file ...
[thread_3] open the test file...
[thread_3] Move the pointer to the end of the file...
[thread_3] read data from the test file... 
[thread_1] open the test file with 'a+'.
[thread_1] write file ...
[thread_1] close the file ...
[thread_1] the current file size=1025 byte ...
[thread_3] open the test file...
[thread_3] Move the pointer to the end of the file...
[thread_3] read data from the test file... 
[thread_3] open the test file...
[thread_3] Move the pointer to the end of the file...
[thread_3] read data from the test file... 
[thread_2] A file name is randomly generated, name=#4N#$Lj4aPNx99# .
[thread_2] Use this name to create a file.
[thread_2] create file success !
[thread_2] Write to this file !
[thread_2] write file success !
[thread_2] close this file !
[thread_1] open the test file with 'a+'.
[thread_1] write file ...
[thread_1] close the file ...
[thread_1] the current file size=2049 byte ...
[thread_3] open the test file...
[thread_3] Move the pointer to the end of the file...
[thread_3] read data from the test file... 
[thread_3] open the test file...
[thread_3] Move the pointer to the end of the file...
[thread_3] read data from the test file... 
[thread_2] delete file ...
[thread_3] open the test file...
[thread_3] Move the pointer to the end of the file...
[thread_3] read data from the test file... 
[thread_1] open the test file with 'a+'.
[thread_1] write file ...
[thread_1] close the file ...
[thread_1] the current file size=3073 byte ...
[thread_3] open the test file...
[thread_3] Move the pointer to the end of the file...
[thread_3] read data from the test file... 
[thread_3] open the test file...
[thread_3] Move the pointer to the end of the file...
[thread_3] read data from the test file... 
[thread_2] A file name is randomly generated, name=9q3$$8Ke2#KUF22 .
[thread_2] Use this name to create a file.
[thread_2] create file success !
[thread_2] Write to this file !
[thread_2] write file success !
[thread_2] close this file !
[thread_1] open the test file with 'a+'.
[thread_1] write file ...
[thread_1] close the file ...
[thread_1] the current file size=4097 byte ...
[thread_1] The test file exceeds the specified size, Redirect the file pointer position
[thread_3] open the test file...
[thread_3] Move the pointer to the end of the file...
[thread_3] read data from the test file... 
[thread_3] open the test file...
[thread_3] Move the pointer to the end of the file...
[thread_3] read data from the test file... 
[thread_2] delete file ...
[thread_3] open the test file...
[thread_3] Move the pointer to the end of the file...
[thread_3] read data from the test file... 
[thread_1] open the test file with 'a+'.
[thread_1] write file ...
[thread_1] close the file ...
[thread_1] the current file size=1025 byte ...
[thread_3] open the test file...
[thread_3] Move the pointer to the end of the file...
[thread_3] read data from the test file... 
[thread_3] open the test file...
[thread_3] Move the pointer to the end of the file...
[thread_3] read data from the test file... 
[thread_2] A file name is randomly generated, name=ZNC#694zgC3o79y .
[thread_2] Use this name to create a file.
[thread_2] create file success !
[thread_2] Write to this file !
[thread_2] write file success !
[thread_2] close this file !
[thread_1] open the test file with 'a+'.
[thread_1] write file ...
[thread_1] close the file ...
[thread_1] the current file size=2049 byte ...
[thread_3] open the test file...
[thread_3] Move the pointer to the end of the file...
[thread_3] read data from the test file... 
[thread_3] open the test file...
[thread_3] Move the pointer to the end of the file...
[thread_3] read data from the test file... 
[thread_2] delete file ...
[thread_3] open the test file...
[thread_3] Move the pointer to the end of the file...
[thread_3] read data from the test file... 
[thread_1] open the test file with 'a+'.
[thread_1] write file ...
[thread_1] close the file ...
[thread_1] the current file size=3073 byte ...
[thread_3] open the test file...
[thread_3] Move the pointer to the end of the file...
[thread_3] read data from the test file... 
[thread_3] open the test file...
[thread_3] Move the pointer to the end of the file...
[thread_3] read data from the test file... 
[thread_2] A file name is randomly generated, name=%#S$G#%m$0oE683 .
[thread_2] Use this name to create a file.
[thread_2] create file success !
[thread_2] Write to this file !
[thread_2] write file success !
[thread_2] close this file !
[thread_1] open the test file with 'a+'.
[thread_1] write file ...
[thread_1] close the file ...
[thread_1] the current file size=4097 byt[ethread_3 ]. .o.pe
n[ thread_1t]h eT htee stte sfti lfei.l.e. e
x[cthread_3e]e dMso vteh et hsep epcoiifniteedr  stioz et,h eR eednidr eocft  tthhee  ffiillee. .p.oi
nter position
[thread_3] read data from the test file... 
[thread_3] open the test file...
[thread_3] Move the pointer to the end of the file...
[thread_3] read data from the test file... 
[thread_2] delete file ...
[thread_3] open the test file...
[thread_3] Move the pointer to the end of the file...
[thread_3] read data from the test file... 
[thread_1] open the test file with 'a+'.
[thread_1] write file ...
[thread_1] close the file ...
[thread_1] the current file size=1025 byte ...
[thread_3] open the test file...
[thread_3] Move the pointer to the end of the file...
[thread_3] read data from the test file... 
[thread_3] open the test file...
[thread_3] Move the pointer to the end of the file...
[thread_3] read data from the test file... 
[thread_2] A file name is randomly generated, name=#$N$R9R%$V7A132 .
[thread_2] Use this name to create a file.
[thread_2] create file success !
[thread_2] Write to this file !
[thread_2] write file success !
[thread_2] close this file !
[thread_1] open the test file with 'a+'.
[thread_1] write file ...
[thread_1] close the file ...
[thread_1] the current file size=2049 byte ...
[thread_3] open the test file...
[thread_3] Move the pointer to the end of the file...
[thread_3] read data from the test file... 
[thread_3] open the test file...
[thread_3] Move the pointer to the end of the file...
[thread_3] read data from the test file... 
[thread_2] delete file ...
[thread_3] open the test file...
[thread_3] Move the pointer to the end of the file...
[thread_3] read data from the test file... 
[thread_1] open the test file with 'a+'.
[thread_1] write file ...
[thread_1] close the file ...
[thread_1] the current file size=3073 byte ...
[thread_3] open the test file...
[thread_3] Move the pointer to the end of the file...
[thread_3] read data from the test file... 
[thread_3] open the test file...
[thread_3] Move the pointer to the end of the file...
[thread_3] read data from the test file... 
[thread_2] A file name is randomly generated, name=xpBlnZ#Sv%5$p8D .
[thread_2] Use this name to create a file.
[thread_2] create file success !
[thread_2] Write to this file !
[thread_2] write file success !
[thread_2] close this file !
[thread_1] open the test file with 'a+'.
[thread_1] write file ...
[thread_1] close the file ...
[thread_1] the current file size=4097 byte ...
[thread_1] The test file exceeds the specified size, Redirect the file pointer position
[thread_3] open the test file...
[thread_3] Move the pointer to the end of the file...
[thread_3] read data from the test file... 
[thread_3] open the test file...
[thread_3] Move the pointer to the end of the file...
[thread_3] read data from the test file... 
[thread_2] delete file ...
[thread_3] open the test file...
[thread_3] Move the pointer to the end of the file...
[thread_3] read data from the test file... 
[thread_1] open the test file with 'a+'.
[thread_1] write file ...
[thread_1] close the file ...
[thread_1] the current file size=1025 byte ...
[thread_3] open the test file...
[thread_3] Move the pointer to the end of the file...
[thread_3] read data from the test file... 
[thread_3] open the test file...
[thread_3] Move the pointer to the end of the file...
[thread_3] read data from the test file... 
[thread_2] A file name is randomly generated, name=Dvb%$#5HbP$oq#x .
[thread_2] Use this name to create a file.
[thread_2] create file success !
[thread_2] Write to this file !
[thread_2] write file success !
[thread_2] close this file !
[thread_1] open the test file with 'a+'.
[thread_1] write file ...
[thread_1] close the file ...
[thread_1] the current file size=2049 byte ...
[thread_3] open the test file...
[thread_3] Move the pointer to the end of the file...
[thread_3] read data from the test file... 
[thread_3] open the test file...
[thread_3] Move the pointer to the end of the file...
[thread_3] read data from the test file... 
[thread_2] delete file ...
[thread_3] open the test file...
[thread_3] Move the pointer to the end of the file...
[thread_3] read data from the test file... 
[thread_1] open the test file with 'a+'.
[thread_1] write file ...
[thread_1] close the file ...
[thread_1] the current file size=3073 byte ...
[thread_3] open the test file...
[thread_3] Move the pointer to the end of the file...
[thread_3] read data from the test file... 
[thread_3] open the test file...
[thread_3] Move the pointer to the end of the file...
[thread_3] read data from the test file... 
[thread_2] A file name is randomly generated, name=$lS32LBlxX10W%$ .
[thread_2] Use this name to create a file.
[thread_2] create file success !
[thread_2] Write to this file !
[thread_2] write file success !
[thread_2] close this file !
[thread_1] open the test file with 'a+'.
[thread_1] write file ...
[thread_1] close the file ...
[thread_1] the current file size=4097 byte ...
[thread_1] The test file exceeds the specified size, Redirect the file pointer position
[thread_3] open the test file...
[thread_3] Move the pointer to the end of the file...
[thread_3] read data from the test file... 
[thread_3] open the test file...
[thread_3] Move the pointer to the end of the file...
[thread_3] read data from the test file... 
[thread_2] delete file ...
[thread_3] open the test file...
[thread_3] Move the pointer to the end of the file...
[thread_3] read data from the test file... 
[thread_1] open the test file with 'a+'.
[thread_1] write file ...
[thread_1] close the file ...
[thread_1] the current file size=1025 byte ...
[thread_3] open the test file...
[thread_3] Move the pointer to the end of the file...
[thread_3] read data from the test file... 
[thread_3] open the test file...
[thread_3] Move the pointer to the end of the file...
[thread_3] read data from the test file... 
[thread_2] A file name is randomly generated, name=z4%tkg#V#1V%%25 .
[thread_2] Use this name to create a file.
[thread_2] create file success !
[thread_2] Write to this file !
[thread_2] write file success !
[thread_2] close this file !
[thread_1] open the test file with 'a+'.
[thread_1] write file ...
[thread_1] close the file ...
[thread_1] the current file size=2049 byte ...
[thread_3] open the test file...
[thread_3] Move the pointer to the end of the file...
[thread_3] read data from the test file... 
[thread_3] open the test file...
[thread_3] Move the pointer to the end of the file...
[thread_3] read data from the test file... 
[thread_2] delete file ...
[thread_3] open the test file...
[thread_3] Move the pointer to the end of the file...
[thread_3] read data from the test file... 
[thread_1] open the test file with 'a+'.
[thread_1] write file ...
[thread_1] close the file ...
[thread_1] the current file size=3073 byte ...
[thread_3] open the test file...
[thread_3] Move the pointer to the end of the file...
[thread_3] read data from the test file... 
[thread_3] open the test file...
[thread_3] Move the pointer to the end of the file...
[thread_3] read data from the test file... 
[thread_2] A file name is randomly generated, name=Y##$2Hc$#0%%T#l .
[thread_2] Use this name to create a file.
[thread_2] create file success !
[thread_2] Write to this file !
[thread_2] write file success !
[thread_2] close this file !
[thread_1] open the test file with 'a+'.
[thread_1] write file ...
[thread_1] close the file ...
[thread_1] the current file size=4097 byte ...
[thread_1] The test file exceeds the specified size, Redirect the file pointer p[othread_3s]i toipoenn 
the test file...
[thread_3] Move the pointer to the end of the file...
[thread_3] read data from the test file... 
[thread_3] open the test file...
[thread_3] Move the pointer to the end of the file...
[thread_3] read data from the test file... 
[thread_2] delete file ...
[thread_3] open the test file...
[thread_3] Move the pointer to the end of the file...
[thread_3] read data from the test file... 
[thread_1] open the test file with 'a+'.
[thread_1] write file ...
[thread_1] close the file ...
[thread_1] the current file size=1025 byte ...
[thread_3] open the test file...
[thread_3] Move the pointer to the end of the file...
[thread_3] read data from the test file... 
[thread_3] open the test file...
[thread_3] Move the pointer to the end of the file...
[thread_3] read data from the test file... 
[thread_2] A file name is randomly generated, name=$5srxuk%JT#1aEx .
[thread_2] Use this name to create a file.
[thread_2] create file success !
[thread_2] Write to this file !
[thread_2] write file success !
[thread_2] close this file !
[thread_1] open the test file with 'a+'.
[thread_1] write file ...
[thread_1] close the file ...
[thread_1] the current file size=2049 byte ...
[thread_3] open the test file...
[thread_3] Move the pointer to the end of the file...
[thread_3] read data from the test file... 
[thread_3] open the test file...
[thread_3] Move the pointer to the end of the file...
[thread_3] read data from the test file... 
[thread_2] delete file ...
[thread_3] open the test file...
[thread_3] Move the pointer to the end of the file...
[thread_3] read data from the test file... 
[thread_1] open the test file with 'a+'.
[thread_1] write file ...
[thread_1] close the file ...
[thread_1] the current file size=3073 byte ...
[thread_3] open the test file...
[thread_3] Move the pointer to the end of the file...
[thread_3] read data from the test file... 
[thread_3] open the test file...
[thread_3] Move the pointer to the end of the file...
[thread_3] read data from the test file... 
[thread_2] A file name is randomly generated, name=66I$%%%J3m$I1Ht .
[thread_2] Use this name to create a file.
[thread_2] create file success !
[thread_2] Write to this file !
[thread_2] write file success !
[thread_2] close this file !
[thread_1] open the test file with 'a+'.
[thread_1] write file ...
[thread_1] close the file ...
[thread_1] the current file size=4097 byte ...
[thread_1] The test file exceeds the specified size, Redirect the file pointer position
[thread_3] open the test file...
[thread_3] Move the pointer to the end of the file...
[thread_3] read data from the test file... 
[thread_3] open the test file...
[thread_3] Move the pointer to the end of the file...
[thread_3] read data from the test file... 
[thread_2] delete file ...
[thread_3] open the test file...
[thread_3] Move the pointer to the end of the file...
[thread_3] read data from the test file... 
[thread_1] open the test file with 'a+'.
[thread_1] write file ...
[thread_1] close the file ...
[thread_1] the current file size=1025 byte ...
[thread_3] open the test file...
[thread_3] Move the pointer to the end of the file...
[thread_3] read data from the test file... 
[thread_3] open the test file...
[thread_3] Move the pointer to the end of the file...
[thread_3] read data from the test file... 
[thread_2] A file name is randomly generated, name=AiBT8ZcyHkDaZe# .
[thread_2] Use this name to create a file.
[thread_2] create file success !
[thread_2] Write to this file !
[thread_2] write file success !
[thread_2] close this file !
[thread_1] open the test file with 'a+'.
[thread_1] write file ...
[thread_1] close the file ...
[thread_1] the current file size=2049 byte ...
[thread_3] open the test file...
[thread_3] Move the pointer to the end of the file...
[thread_3] read data from the test file... 
[thread_3] open the test file...
[thread_3] Move the pointer to the end of the file...
[thread_3] read data from the test file... 
[thread_2] delete file ...
[thread_3] open the test file...
[thread_3] Move the pointer to the end of the file...
[thread_3] read data from the test file... 
[thread_1] open the test file with 'a+'.
[thread_1] write file ...
[thread_1] close the file ...
[thread_1] the current file size=3073 byte ...
[thread_3] open the test file...
[thread_3] Move the pointer to the end of the file...
[thread_3] read data from the test file... 
[thread_3] open the test file...
[thread_3] Move the pointer to the end of the file...
[thread_3] read data from the test file... 
[thread_2] A file name is randomly generated, name=Zhqtq3%5R3sCZ7N .
[thread_2] Use this name to create a file.
[thread_2] create file success !
[thread_2] Write to this file !
[thread_2] write file success !
[thread_2] close this file !
[thread_1] open the test file with 'a+'.
[thread_1] write file ...
[thread_1] close the file ...
[thread_1] the current file size=4097 byte ...
[thread_1] The test file exceeds the specified size, Redirect the file pointer position
[thread_3] open the test file...
[thread_3] Move the pointer to the end of the file...
[thread_3] read data from the test file... 
[thread_3] open the test file...
[thread_3] Move the pointer to the end of the file...
[thread_3] read data from the test file... 
[thread_2] delete file ...
[thread_3] open the test file...
[thread_3] Move the pointer to the end of the file...
[thread_3] read data from the test file... 
[thread_1] open the test file with 'a+'.
[thread_1] write file ...
[thread_1] close the file ...
[thread_1] the current file size=1025 byte ...
[thread_3] open the test file...
[thread_3] Move the pointer to the end of the file...
[thread_3] read data from the test file... 
[thread_3] open the test file...
[thread_3] Move the pointer to the end of the file...
[thread_3] read data from the test file... 
[thread_2] A file name is randomly generated, name=$#0OLU$Y%1#9791 .
[thread_2] Use this name to create a file.
[thread_2] create file success !
[thread_2] Write to this file !
[thread_2] write file success !
[thread_2] close this file !
[thread_1] open the test file with 'a+'.
[thread_1] write file ...
[thread_1] close the file ...
[thread_1] the current file size=2049 byte ...
[thread_3] open the test file...
[thread_3] Move the pointer to the end of the file...
[thread_3] read data from the test file... 
[thread_3] open the test file...
[thread_3] Move the pointer to the end of the file...
[thread_3] read data from the test file... 
[thread_2] delete file ...
[thread_3] open the test file...
[thread_3] Move the pointer to the end of the file...
[thread_3] read data from the test file... 
[thread_1] open the test file with 'a+'.
[thread_1] write file ...
[thread_1] close the file ...
[thread_1] the current file size=3073 byte ...
[thread_3] open the test file...
[thread_3] Move the pointer to the end of the file...
[thread_3] read data from the test file... 
[thread_3] open the test file...
[thread_3] Move the pointer to the end of the file...
[thread_3] read data from the test file... 
[thread_2] A file name is randomly generated, name=y6RQ$$GA3$#w550 .
[thread_2] Use this name to create a file.
[thread_2] create file success !
[thread_2] Write to this file !
[thread_2] write file success !
[thread_2] close this file !
[thread_1] open the test file with 'a+'.
[thread_1] write file ...
[thread_1] close the file ...
[thread_1] the current file size=4097 byte ...
[thread_1] The test file exceeds the specified size, Redirect the[ thread_3f]i loep epno itnhtee rt epsots iftiiloen..
.
[thread_3] Move the pointer to the end of the file...
[thread_3] read data from the test file... 
[thread_3] open the test file...
[thread_3] Move the pointer to the end of the file...
[thread_3] read data from the test file... 
[thread_2] delete file ...
[thread_3] open the test file...
[thread_3] Move the pointer to the end of the file...
[thread_3] read data from the test file... 
[thread_1] open the test file with 'a+'.
[thread_1] write file ...
[thread_1] close the file ...
[thread_1] the current file size=1025 byte ...
[thread_3] open the test file...
[thread_3] Move the pointer to the end of the file...
[thread_3] read data from the test file... 
[thread_3] open the test file...
[thread_3] Move the pointer to the end of the file...
[thread_3] read data from the test file... 
[thread_2] A file name is randomly generated, name=C0$$4SvwPU%##%6 .
[thread_2] Use this name to create a file.
[thread_2] create file success !
[thread_2] Write to this file !
[thread_2] write file success !
[thread_2] close this file !
[thread_1] open the test file with 'a+'.
[thread_1] write file ...
[thread_1] close the file ...
[thread_1] the current file size=2049 byte ...
[thread_3] open the test file...
[thread_3] Move the pointer to the end of the file...
[thread_3] read data from the test file... 
[thread_3] open the test file...
[thread_3] Move the pointer to the end of the file...
[thread_3] read data from the test file... 
[thread_2] delete file ...
[thread_3] open the test file...
[thread_3] Move the pointer to the end of the file...
[thread_3] read data from the test file... 
[thread_1] open the test file with 'a+'.
[thread_1] write file ...
[thread_1] close the file ...
[thread_1] the current file size=3073 byte ...
[thread_3] open the test file...
[thread_3] Move the pointer to the end of the file...
[thread_3] read data from the test file... 
[thread_3] open the test file...
[thread_3] Move the pointer to the end of the file...
[thread_3] read data from the test file... 
[thread_2] A file name is randomly generated, name=4X87%%#bm00d027 .
[thread_2] Use this name to create a file.
[thread_2] create file success !
[thread_2] Write to this file !
[thread_2] write file success !
[thread_2] close this file !
[thread_1] open the test file with 'a+'.
[thread_1] write file ...
[thread_1] close the file ...
[thread_1] the current file size=4097 byte ...
[thread_1] The test file exceeds the specified size, Redirect the file pointer position
[thread_3] open the test file...
[thread_3] Move the pointer to the end of the file...
[thread_3] read data from the test file... 
[thread_3] open the test file...
[thread_3] Move the pointer to the end of the file...
[thread_3] read data from the test file... 
[thread_2] delete file ...
[thread_3] open the test file...
[thread_3] Move the pointer to the end of the file...
[thread_3] read data from the test file... 
[thread_1] open the test file with 'a+'.
[thread_1] write file ...
[thread_1] close the file ...
[thread_1] the current file size=1025 byte ...
[thread_3] open the test file...
[thread_3] Move the pointer to the end of the file...
[thread_3] read data from the test file... 
[thread_3] open the test file...
[thread_3] Move the pointer to the end of the file...
[thread_3] read data from the test file... 
[thread_2] A file name is randomly generated, name=yM6t%4h9%6y6CZp .
[thread_2] Use this name to create a file.
[thread_2] create file success !
[thread_2] Write to this file !
[thread_2] write file success !
[thread_2] close this file !
[thread_1] open the test file with 'a+'.
[thread_1] write file ...
[thread_1] close the file ...
[thread_1] the current file size=2049 byte ...
[thread_3] open the test file...
[thread_3] Move the pointer to the end of the file...
[thread_3] read data from the test file... 
[thread_3] open the test file...
[thread_3] Move the pointer to the end of the file...
[thread_3] read data from the test file... 
[thread_2] delete file ...
[thread_3] open the test file...
[thread_3] Move the pointer to the end of the file...
[thread_3] read data from the test file... 
[thread_1] open the test file with 'a+'.
[thread_1] write file ...
[thread_1] close the file ...
[thread_1] the current file size=3073 byte ...
[thread_3] open the test file...
[thread_3] Move the pointer to the end of the file...
[thread_3] read data from the test file... 
[thread_3] open the test file...
[thread_3] Move the pointer to the end of the file...
[thread_3] read data from the test file... 
[thread_2] A file name is randomly generated, name=A#ysRh%fi##s7dO .
[thread_2] Use this name to create a file.
[thread_2] create file success !
[thread_2] Write to this file !
[thread_2] write file success !
[thread_2] close this file !
[thread_1] open the test file with 'a+'.
[thread_1] write file ...
[thread_1] close the file ...
[thread_1] the current file size=4097 byte ...
[thread_1] The test file exceeds the specified size, Redirect the file pointer position
[thread_3] open the test file...
[thread_3] Move the pointer to the end of the file...
[thread_3] read data from the test file... 
[thread_3] open the test file...
[thread_3] Move the pointer to the end of the file...
[thread_3] read data from the test file... 
[thread_2] delete file ...
[thread_3] open the test file...
[thread_3] Move the pointer to the end of the file...
[thread_3] read data from the test file... 
[thread_1] open the test file with 'a+'.
[thread_1] write file ...
[thread_1] close the file ...
[thread_1] the current file size=1025 byte ...
[thread_3] open the test file...
[thread_3] Move the pointer to the end of the file...
[thread_3] read data from the test file... 
[thread_3] open the test file...
[thread_3] Move the pointer to the end of the file...
[thread_3] read data from the test file... 
[thread_2] A file name is randomly generated, name=0x$F6lw4G7R5$qj .
[thread_2] Use this name to create a file.
[thread_2] create file success !
[thread_2] Write to this file !
[thread_2] write file success !
[thread_2] close this file !
[thread_1] open the test file with 'a+'.
[thread_1] write file ...
[thread_1] close the file ...
[thread_1] the current file size=2049 byte ...
[thread_3] open the test file...
[thread_3] Move the pointer to the end of the file...
[thread_3] read data from the test file... 
[thread_3] open the test file...
[thread_3] Move the pointer to the end of the file...
[thread_3] read data from the test file... 
[thread_2] delete file ...
[thread_3] open the test file...
[thread_3] Move the pointer to the end of the file...
[thread_3] read data from the test file... 
[thread_1] open the test file with 'a+'.
[thread_1] write file ...
[thread_1] close the file ...
[thread_1] the current file size=3073 byte ...
[thread_3] open the test file...
[thread_3] Move the pointer to the end of the file...
[thread_3] read data from the test file... 
[thread_3] open the test file...
[thread_3] Move the pointer to the end of the file...
[thread_3] read data from the test file... 
[thread_2] A file name is randomly generated, name=ww2M2TtY$I#5V56 .
[thread_2] Use this name to create a file.
[thread_2] create file success !
[thread_2] Write to this file !
[thread_2] write file success !
[thread_2] close this file !
[thread_1] open the test file with 'a+'.
[thread_1] write file ...
[thread_1] close the file ...
[thread_1] the current file size=4097 byte ...
[thread_1] The test file exceeds the specified size, Redirect[ thread_3t]h eo pfeinl et hpeo itnetsetr  fpiolsei.t.i.on
[
thread_3] Move the pointer to the end of the file...
[thread_3] read data from the test file... 
[thread_3] open the test file...
[thread_3] Move the pointer to the end of the file...
[thread_3] read data from the test file... 
[thread_2] delete file ...
[thread_3] open the test file...
[thread_3] Move the pointer to the end of the file...
[thread_3] read data from the test file... 
[thread_1] open the test file with 'a+'.
[thread_1] write file ...
[thread_1] close the file ...
[thread_1] the current file size=1025 byte ...
[thread_3] open the test file...
[thread_3] Move the pointer to the end of the file...
[thread_3] read data from the test file... 
[thread_3] open the test file...
[thread_3] Move the pointer to the end of the file...
[thread_3] read data from the test file... 
[thread_2] A file name is randomly generated, name=v1f4o#G$1Wf4%CW .
[thread_2] Use this name to create a file.
[thread_2] create file success !
[thread_2] Write to this file !
[thread_2] write file success !
[thread_2] close this file !
[thread_1] open the test file with 'a+'.
[thread_1] write file ...
[thread_1] close the file ...
[thread_1] the current file size=2049 byte ...
[thread_3] open the test file...
[thread_3] Move the pointer to the end of the file...
[thread_3] read data from the test file... 
[thread_3] open the test file...
[thread_3] Move the pointer to the end of the file...
[thread_3] read data from the test file... 
[thread_2] delete file ...
[thread_3] open the test file...
[thread_3] Move the pointer to the end of the file...
[thread_3] read data from the test file... 
[thread_1] open the test file with 'a+'.
[thread_1] write file ...
[thread_1] close the file ...
[thread_1] the current file size=3073 byte ...
[thread_3] open the test file...
[thread_3] Move the pointer to the end of the file...
[thread_3] read data from the test file... 
[thread_3] open the test file...
[thread_3] Move the pointer to the end of the file...
[thread_3] read data from the test file... 
[thread_2] A file name is randomly generated, name=$5O$j%NR%5A4Yw6 .
[thread_2] Use this name to create a file.
[thread_2] create file success !
[thread_2] Write to this file !
[thread_2] write file success !
[thread_2] close this file !
[thread_1] open the test file with 'a+'.
[thread_1] write file ...
[thread_1] close the file ...
[thread_1] the current file size=4097 byte ...
[thread_1] The test file exceeds the specified size, Redirect the file pointer position
[thread_3] open the test file...
[thread_3] Move the pointer to the end of the file...
[thread_3] read data from the test file... 
[thread_3] open the test file...
[thread_3] Move the pointer to the end of the file...
[thread_3] read data from the test file... 
[thread_2] delete file ...
[thread_3] open the test file...
[thread_3] Move the pointer to the end of the file...
[thread_3] read data from the test file... 
[thread_1] open the test file with 'a+'.
[thread_1] write file ...
[thread_1] close the file ...
[thread_1] the current file size=1025 byte ...
[thread_3] open the test file...
[thread_3] Move the pointer to the end of the file...
[thread_3] read data from the test file... 
[thread_3] open the test file...
[thread_3] Move the pointer to the end of the file...
[thread_3] read data from the test file... 
[thread_2] A file name is randomly generated, name=1%OVAu2rjS$%52$ .
[thread_2] Use this name to create a file.
[thread_2] create file success !
[thread_2] Write to this file !
[thread_2] write file success !
[thread_2] close this file !
[thread_1] open the test file with 'a+'.
[thread_1] write file ...
[thread_1] close the file ...
[thread_1] the current file size=2049 byte ...
[thread_3] open the test file...
[thread_3] Move the pointer to the end of the file...
[thread_3] read data from the test file... 
[thread_3] open the test file...
[thread_3] Move the pointer to the end of the file...
[thread_3] read data from the test file... 
[thread_2] delete file ...
[thread_3] open the test file...
[thread_3] Move the pointer to the end of the file...
[thread_3] read data from the test file... 
[thread_1] open the test file with 'a+'.
[thread_1] write file ...
[thread_1] close the file ...
[thread_1] the current file size=3073 byte ...
[thread_3] open the test file...
[thread_3] Move the pointer to the end of the file...
[thread_3] read data from the test file... 
[thread_3] open the test file...
[thread_3] Move the pointer to the end of the file...
[thread_3] read data from the test file... 
[thread_2] A file name is randomly generated, name=y$E$hRIi2$#5$%x .
[thread_2] Use this name to create a file.
[thread_2] create file success !
[thread_2] Write to this file !
[thread_2] write file success !
[thread_2] close this file !
[thread_1] open the test file with 'a+'.
[thread_1] write file ...
[thread_1] close the file ...
[thread_1] the current file size=4097 byte ...
[thread_1] The test file exceeds the specified size, Redirect the file pointer position
[thread_3] open the test file...
[thread_3] Move the pointer to the end of the file...
[thread_3] read data from the test file... 
[thread_3] open the test file...
[thread_3] Move the pointer to the end of the file...
[thread_3] read data from the test file... 
[thread_2] delete file ...
[thread_3] open the test file...
[thread_3] Move the pointer to the end of the file...
[thread_3] read data from the test file... 
[thread_1] open the test file with 'a+'.
[thread_1] write file ...
[thread_1] close the file ...
[thread_1] the current file size=1025 byte ...
[thread_3] open the test file...
[thread_3] Move the pointer to the end of the file...
[thread_3] read data from the test file... 
[thread_3] open the test file...
[thread_3] Move the pointer to the end of the file...
[thread_3] read data from the test file... 
[thread_2] A file name is randomly generated, name=XLf1tO%424#4XpR .
[thread_2] Use this name to create a file.
[thread_2] create file success !
[thread_2] Write to this file !
[thread_2] write file success !
[thread_2] close this file !
[thread_1] open the test file with 'a+'.
[thread_1] write file ...
[thread_1] close the file ...
[thread_1] the current file size=2049 byte ...
[thread_3] open the test file...
[thread_3] Move the pointer to the end of the file...
[thread_3] read data from the test file... 
[thread_3] open the test file...
[thread_3] Move the pointer to the end of the file...
[thread_3] read data from the test file... 
[thread_2] delete file ...
[thread_3] open the test file...
[thread_3] Move the pointer to the end of the file...
[thread_3] read data from the test file... 
[thread_1] open the test file with 'a+'.
[thread_1] write file ...
[thread_1] close the file ...
[thread_1] the current file size=3073 byte ...
[thread_3] open the test file...
[thread_3] Move the pointer to the end of the file...
[thread_3] read data from the test file... 
[thread_3] open the test file...
[thread_3] Move the pointer to the end of the file...
[thread_3] read data from the test file... 
[thread_2] A file name is randomly generated, name=2JUz#IO0%%XBb%% .
[thread_2] Use this name to create a file.
[thread_2] create file success !
[thread_2] Write to this file !
[thread_2] write file success !
[thread_2] close this file !
[thread_1] open the test file with 'a+'.
[thread_1] write file ...
[thread_1] close the file ...
[thread_1] the current file size=4097 byte ...
[thread_1] The test file exceeds the specified size, Redirect the file po[ithread_3n]t eorp epno stihtei otnes
t file...
[thread_3] Move the pointer to the end of the file...
[thread_3] read data from the test file... 
[thread_3] open the test file...
[thread_3] Move the pointer to the end of the file...
[thread_3] read data from the test file... 
[thread_2] delete file ...
[thread_3] open the test file...
[thread_3] Move the pointer to the end of the file...
[thread_3] read data from the test file... 
[thread_1] open the test file with 'a+'.
[thread_1] write file ...
[thread_1] close the file ...
[thread_1] the current file size=1025 byte ...
[thread_3] open the test file...
[thread_3] Move the pointer to the end of the file...
[thread_3] read data from the test file... 
[thread_3] open the test file...
[thread_3] Move the pointer to the end of the file...
[thread_3] read data from the test file... 
[thread_2] A file name is randomly generated, name=tr7W##rZB6ck7uK .
[thread_2] Use this name to create a file.
[thread_2] create file success !
[thread_2] Write to this file !
[thread_2] write file success !
[thread_2] close this file !
[thread_1] open the test file with 'a+'.
[thread_1] write file ...
[thread_1] close the file ...
[thread_1] the current file size=2049 byte ...
[thread_3] open the test file...
[thread_3] Move the pointer to the end of the file...
[thread_3] read data from the test file... 
[thread_3] open the test file...
[thread_3] Move the pointer to the end of the file...
[thread_3] read data from the test file... 
[thread_2] delete file ...
[thread_3] open the test file...
[thread_3] Move the pointer to the end of the file...
[thread_3] read data from the test file... 
[thread_1] open the test file with 'a+'.
[thread_1] write file ...
[thread_1] close the file ...
[thread_1] the current file size=3073 byte ...
[thread_3] open the test file...
[thread_3] Move the pointer to the end of the file...
[thread_3] read data from the test file... 
[thread_3] open the test file...
[thread_3] Move the pointer to the end of the file...
[thread_3] read data from the test file... 
[thread_2] A file name is randomly generated, name=Z4k10x9l6#8$p2j .
[thread_2] Use this name to create a file.
[thread_2] create file success !
[thread_2] Write to this file !
[thread_2] write file success !
[thread_2] close this file !
[thread_1] open the test file with 'a+'.
[thread_1] write file ...
[thread_1] close the file ...
[thread_1] the current file size=4097 byte ...
[thread_1] The test file exceeds the specified size, Redirect the file pointer position
[thread_3] open the test file...
[thread_3] Move the pointer to the end of the file...
[thread_3] read data from the test file... 
[thread_3] open the test file...
[thread_3] Move the pointer to the end of the file...
[thread_3] read data from the test file... 
[thread_2] delete file ...
[thread_3] open the test file...
[thread_3] Move the pointer to the end of the file...
[thread_3] read data from the test file... 
[thread_1] open the test file with 'a+'.
[thread_1] write file ...
[thread_1] close the file ...
[thread_1] the current file size=1025 byte ...
[thread_3] open the test file...
[thread_3] Move the pointer to the end of the file...
[thread_3] read data from the test file... 
[thread_3] open the test file...
[thread_3] Move the pointer to the end of the file...
[thread_3] read data from the test file... 
[thread_2] A file name is randomly generated, name=86Grf#d$iV#1pk2 .
[thread_2] Use this name to create a file.
[thread_2] create file success !
[thread_2] Write to this file !
[thread_2] write file success !
[thread_2] close this file !
[thread_1] open the test file with 'a+'.
[thread_1] write file ...
[thread_1] close the file ...
[thread_1] the current file size=2049 byte ...
[thread_3] open the test file...
[thread_3] Move the pointer to the end of the file...
[thread_3] read data from the test file... 
[thread_3] open the test file...
[thread_3] Move the pointer to the end of the file...
[thread_3] read data from the test file... 
[thread_2] delete file ...
[thread_3] open the test file...
[thread_3] Move the pointer to the end of the file...
[thread_3] read data from the test file... 
[thread_1] open the test file with 'a+'.
[thread_1] write file ...
[thread_1] close the file ...
[thread_1] the current file size=3073 byte ...
[thread_3] open the test file...
[thread_3] Move the pointer to the end of the file...
[thread_3] read data from the test file... 
[thread_3] open the test file...
[thread_3] Move the pointer to the end of the file...
[thread_3] read data from the test file... 
[thread_2] A file name is randomly generated, name=6l$e9#%i$$l$I#c .
[thread_2] Use this name to create a file.
[thread_2] create file success !
[thread_2] Write to this file !
[thread_2] write file success !
[thread_2] close this file !
[thread_1] open the test file with 'a+'.
[thread_1] write file ...
[thread_1] close the file ...
[thread_1] the current file size=4097 byte ...
[thread_1] The test file exceeds the specified size, Redirect the file pointer position
[thread_3] open the test file...
[thread_3] Move the pointer to the end of the file...
[thread_3] read data from the test file... 
[thread_3] open the test file...
[thread_3] Move the pointer to the end of the file...
[thread_3] read data from the test file... 
[thread_2] delete file ...
[thread_3] open the test file...
[thread_3] Move the pointer to the end of the file...
[thread_3] read data from the test file... 
[thread_1] open the test file with 'a+'.
[thread_1] write file ...
[thread_1] close the file ...
[thread_1] the current file size=1025 byte ...
[thread_3] open the test file...
[thread_3] Move the pointer to the end of the file...
[thread_3] read data from the test file... 
[thread_3] open the test file...
[thread_3] Move the pointer to the end of the file...
[thread_3] read data from the test file... 
[thread_2] A file name is randomly generated, name=x2#$%JwwBeB6$p% .
[thread_2] Use this name to create a file.
[thread_2] create file success !
[thread_2] Write to this file !
[thread_2] write file success !
[thread_2] close this file !
[thread_1] open the test file with 'a+'.
[thread_1] write file ...
[thread_1] close the file ...
[thread_1] the current file size=2049 byte ...
[thread_3] open the test file...
[thread_3] Move the pointer to the end of the file...
[thread_3] read data from the test file... 
[thread_3] open the test file...
[thread_3] Move the pointer to the end of the file...
[thread_3] read data from the test file... 
[thread_2] delete file ...
[thread_3] open the test file...
[thread_3] Move the pointer to the end of the file...
[thread_3] read data from the test file... 
[thread_1] open the test file with 'a+'.
[thread_1] write file ...
[thread_1] close the file ...
[thread_1] the current file size=3073 byte ...
[thread_3] open the test file...
[thread_3] Move the pointer to the end of the file...
[thread_3] read data from the test file... 
[thread_3] open the test file...
[thread_3] Move the pointer to the end of the file...
[thread_3] read data from the test file... 
[thread_2] A file name is randomly generated, name=$D82q4%C#$%qP6# .
[thread_2] Use this name to create a file.
[thread_2] create file success !
[thread_2] Write to this file !
[thread_2] write file success !
[thread_2] close this file !
[thread_1] open the test file with 'a+'.
[thread_1] write file ...
[thread_1] close the file ...
[thread_1] the current file size=4097 byte ...
[thread_1] The test file exceeds the specified size, Redirect the file pointer [pthread_3o]s iotpieonn t
he test file...
[thread_3] Move the pointer to the end of the file...
[thread_3] read data from the test file... 
[thread_3] open the test file...
[thread_3] Move the pointer to the end of the file...
[thread_3] read data from the test file... 
[thread_2] delete file ...
[thread_3] open the test file...
[thread_3] Move the pointer to the end of the file...
[thread_3] read data from the test file... 
[thread_1] open the test file with 'a+'.
[thread_1] write file ...
[thread_1] close the file ...
[thread_1] the current file size=1025 byte ...
[thread_3] open the test file...
[thread_3] Move the pointer to the end of the file...
[thread_3] read data from the test file... 
[thread_3] open the test file...
[thread_3] Move the pointer to the end of the file...
[thread_3] read data from the test file... 
[thread_2] A file name is randomly generated, name=9CDt13s$95XUj83 .
[thread_2] Use this name to create a file.
[thread_2] create file success !
[thread_2] Write to this file !
[thread_2] write file success !
[thread_2] close this file !
[thread_1] open the test file with 'a+'.
[thread_1] write file ...
[thread_1] close the file ...
[thread_1] the current file size=2049 byte ...
[thread_3] open the test file...
[thread_3] Move the pointer to the end of the file...
[thread_3] read data from the test file... 
[thread_3] open the test file...
[thread_3] Move the pointer to the end of the file...
[thread_3] read data from the test file... 
[thread_2] delete file ...
[thread_3] open the test file...
[thread_3] Move the pointer to the end of the file...
[thread_3] read data from the test file... 
[thread_1] open the test file with 'a+'.
[thread_1] write file ...
[thread_1] close the file ...
[thread_1] the current file size=3073 byte ...
[thread_3] open the test file...
[thread_3] Move the pointer to the end of the file...
[thread_3] read data from the test file... 
[thread_3] open the test file...
[thread_3] Move the pointer to the end of the file...
[thread_3] read data from the test file... 
[thread_2] A file name is randomly generated, name=z#5K2A$d%Va5#3# .
[thread_2] Use this name to create a file.
[thread_2] create file success !
[thread_2] Write to this file !
[thread_2] write file success !
[thread_2] close this file !
[thread_1] open the test file with 'a+'.
[thread_1] write file ...
[thread_1] close the file ...
[thread_1] the current file size=4097 byte ...
[thread_1] The test file exceeds the specified size, Redirect the file pointer position
[thread_3] open the test file...
[thread_3] Move the pointer to the end of the file...
[thread_3] read data from the test file... 
[thread_3] open the test file...
[thread_3] Move the pointer to the end of the file...
[thread_3] read data from the test file... 
[thread_2] delete file ...
[thread_3] open the test file...
[thread_3] Move the pointer to the end of the file...
[thread_3] read data from the test file... 
[thread_1] open the test file with 'a+'.
[thread_1] write file ...
[thread_1] close the file ...
[thread_1] the current file size=1025 byte ...
[thread_3] open the test file...
[thread_3] Move the pointer to the end of the file...
[thread_3] read data from the test file... 
[thread_3] open the test file...
[thread_3] Move the pointer to the end of the file...
[thread_3] read data from the test file... 
[thread_2] A file name is randomly generated, name=YA4iS$#C3tkF545 .
[thread_2] Use this name to create a file.
[thread_2] create file success !
[thread_2] Write to this file !
[thread_2] write file success !
[thread_2] close this file !
[thread_1] open the test file with 'a+'.
[thread_1] write file ...
[thread_1] close the file ...
[thread_1] the current file size=2049 byte ...
[thread_3] open the test file...
[thread_3] Move the pointer to the end of the file...
[thread_3] read data from the test file... 
[thread_3] open the test file...
[thread_3] Move the pointer to the end of the file...
[thread_3] read data from the test file... 
[thread_2] delete file ...
[thread_3] open the test file...
[thread_3] Move the pointer to the end of the file...
[thread_3] read data from the test file... 
[thread_1] open the test file with 'a+'.
[thread_1] write file ...
[thread_1] close the file ...
[thread_1] the current file size=3073 byte ...
[thread_3] open the test file...
[thread_3] Move the pointer to the end of the file...
[thread_3] read data from the test file... 
[thread_3] open the test file...
[thread_3] Move the pointer to the end of the file...
[thread_3] read data from the test file... 
[thread_2] A file name is randomly generated, name=2747pn8gT#%r$1D .
[thread_2] Use this name to create a file.
[thread_2] create file success !
[thread_2] Write to this file !
[thread_2] write file success !
[thread_2] close this file !
[thread_1] open the test file with 'a+'.
[thread_1] write file ...
[thread_1] close the file ...
[thread_1] the current file size=4097 byte ...
[thread_1] The test file exceeds the specified size, Redirect the file pointer position
[thread_3] open the test file...
[thread_3] Move the pointer to the end of the file...
[thread_3] read data from the test file... 
[thread_3] open the test file...
[thread_3] Move the pointer to the end of the file...
[thread_3] read data from the test file... 
[thread_2] delete file ...
[thread_3] open the test file...
[thread_3] Move the pointer to the end of the file...
[thread_3] read data from the test file... 
[thread_1] open the test file with 'a+'.
[thread_1] write file ...
[thread_1] close the file ...
[thread_1] the current file size=1025 byte ...
[thread_3] open the test file...
[thread_3] Move the pointer to the end of the file...
[thread_3] read data from the test file... 
[thread_3] open the test file...
[thread_3] Move the pointer to the end of the file...
[thread_3] read data from the test file... 
[thread_2] A file name is randomly generated, name=M139CW10q$3g%K1 .
[thread_2] Use this name to create a file.
[thread_2] create file success !
[thread_2] Write to this file !
[thread_2] write file success !
[thread_2] close this file !
[thread_1] open the test file with 'a+'.
[thread_1] write file ...
[thread_1] close the file ...
[thread_1] the current file size=2049 byte ...
[thread_3] open the test file...
[thread_3] Move the pointer to the end of the file...
[thread_3] read data from the test file... 
[thread_3] open the test file...
[thread_3] Move the pointer to the end of the file...
[thread_3] read data from the test file... 
[thread_2] delete file ...
[thread_3] open the test file...
[thread_3] Move the pointer to the end of the file...
[thread_3] read data from the test file... 
[thread_1] open the test file with 'a+'.
[thread_1] write file ...
[thread_1] close the file ...
[thread_1] the current file size=3073 byte ...
[thread_3] open the test file...
[thread_3] Move the pointer to the end of the file...
[thread_3] read data from the test file... 
[thread_3] open the test file...
[thread_3] Move the pointer to the end of the file...
[thread_3] read data from the test file... 
[thread_2] A file name is randomly generated, name=L#$3md26%%za%%$ .
[thread_2] Use this name to create a file.
[thread_2] create file success !
[thread_2] Write to this file !
[thread_2] write file success !
[thread_2] close this file !
[thread_1] open the test file with 'a+'.
[thread_1] write file ...
[thread_1] close the file ...
[thread_1] the current file size=4097 byte ...
[thread_1] The test file exceeds the specified size, Redirect the file pointer positi[othread_3n] 
open the test file...
[thread_3] Move the pointer to the end of the file...
[thread_3] read data from the test file... 
[thread_3] open the test file...
[thread_3] Move the pointer to the end of the file...
[thread_3] read data from the test file... 
[thread_2] delete file ...
[thread_3] open the test file...
[thread_3] Move the pointer to the end of the file...
[thread_3] read data from the test file... 
[thread_1] open the test file with 'a+'.
[thread_1] write file ...
[thread_1] close the file ...
[thread_1] the current file size=1025 byte ...
[thread_3] open the test file...
[thread_3] Move the pointer to the end of the file...
[thread_3] read data from the test file... 
[thread_3] open the test file...
[thread_3] Move the pointer to the end of the file...
[thread_3] read data from the test file... 
[thread_2] A file name is randomly generated, name=#%p67oqgA3#Z9$8 .
[thread_2] Use this name to create a file.
[thread_2] create file success !
[thread_2] Write to this file !
[thread_2] write file success !
[thread_2] close this file !
[thread_1] open the test file with 'a+'.
[thread_1] write file ...
[thread_1] close the file ...
[thread_1] the current file size=2049 byte ...
[thread_3] open the test file...
[thread_3] Move the pointer to the end of the file...
[thread_3] read data from the test file... 
[thread_3] open the test file...
[thread_3] Move the pointer to the end of the file...
[thread_3] read data from the test file... 
[thread_2] delete file ...
[thread_3] open the test file...
[thread_3] Move the pointer to the end of the file...
[thread_3] read data from the test file... 
[thread_1] open the test file with 'a+'.
[thread_1] write file ...
[thread_1] close the file ...
[thread_1] the current file size=3073 byte ...
[thread_3] open the test file...
[thread_3] Move the pointer to the end of the file...
[thread_3] read data from the test file... 
[thread_3] open the test file...
[thread_3] Move the pointer to the end of the file...
[thread_3] read data from the test file... 
[thread_2] A file name is randomly generated, name=2Lh$FY$xO#$hoGP .
[thread_2] Use this name to create a file.
[thread_2] create file success !
[thread_2] Write to this file !
[thread_2] write file success !
[thread_2] close this file !
[thread_1] open the test file with 'a+'.
[thread_1] write file ...
[thread_1] close the file ...
[thread_1] the current file size=4097 byte ...
[thread_1] The test file exceeds the specified size, Redirect the file pointer position
[thread_3] open the test file...
[thread_3] Move the pointer to the end of the file...
[thread_3] read data from the test file... 
[thread_3] open the test file...
[thread_3] Move the pointer to the end of the file...
[thread_3] read data from the test file... 
[thread_2] delete file ...
[thread_3] open the test file...
[thread_3] Move the pointer to the end of the file...
[thread_3] read data from the test file... 
[thread_1] open the test file with 'a+'.
[thread_1] write file ...
[thread_1] close the file ...
[thread_1] the current file size=1025 byte ...
[thread_3] open the test file...
[thread_3] Move the pointer to the end of the file...
[thread_3] read data from the test file... 
[thread_3] open the test file...
[thread_3] Move the pointer to the end of the file...
[thread_3] read data from the test file... 
[thread_2] A file name is randomly generated, name=NJAS4$2Q2nBjj## .
[thread_2] Use this name to create a file.
[thread_2] create file success !
[thread_2] Write to this file !
[thread_2] write file success !
[thread_2] close this file !
[thread_1] open the test file with 'a+'.
[thread_1] write file ...
[thread_1] close the file ...
[thread_1] the current file size=2049 byte ...
[thread_3] open the test file...
[thread_3] Move the pointer to the end of the file...
[thread_3] read data from the test file... 
[thread_3] open the test file...
[thread_3] Move the pointer to the end of the file...
[thread_3] read data from the test file... 
[thread_2] delete file ...
[thread_3] open the test file...
[thread_3] Move the pointer to the end of the file...
[thread_3] read data from the test file... 
[thread_1] open the test file with 'a+'.
[thread_1] write file ...
[thread_1] close the file ...
[thread_1] the current file size=3073 byte ...
[thread_3] open the test file...
[thread_3] Move the pointer to the end of the file...
[thread_3] read data from the test file... 
[thread_3] open the test file...
[thread_3] Move the pointer to the end of the file...
[thread_3] read data from the test file... 
[thread_2] A file name is randomly generated, name=#r275mt3#f#r#93 .
[thread_2] Use this name to create a file.
[thread_2] create file success !
[thread_2] Write to this file !
[thread_2] write file success !
[thread_2] close this file !
[thread_1] open the test file with 'a+'.
[thread_1] write file ...
[thread_1] close the file ...
[thread_1] the current file size=4097 byte ...
[thread_1] The test file exceeds the specified size, Redirect the file pointer position
[thread_3] open the test file...
[thread_3] Move the pointer to the end of the file...
[thread_3] read data from the test file... 
[thread_3] open the test file...
[thread_3] Move the pointer to the end of the file...
[thread_3] read data from the test file... 
[thread_2] delete file ...
[thread_3] open the test file...
[thread_3] Move the pointer to the end of the file...
[thread_3] read data from the test file... 
[thread_1] open the test file with 'a+'.
[thread_1] write file ...
[thread_1] close the file ...
[thread_1] the current file size=1025 byte ...
[thread_3] open the test file...
[thread_3] Move the pointer to the end of the file...
[thread_3] read data from the test file... 
[thread_3] open the test file...
[thread_3] Move the pointer to the end of the file...
[thread_3] read data from the test file... 
[thread_2] A file name is randomly generated, name=2xJ#%03WJ1C8$4G .
[thread_2] Use this name to create a file.
[thread_2] create file success !
[thread_2] Write to this file !
[thread_2] write file success !
[thread_2] close this file !
[thread_1] open the test file with 'a+'.
[thread_1] write file ...
[thread_1] close the file ...
[thread_1] the current file size=2049 byte ...
[thread_3] open the test file...
[thread_3] Move the pointer to the end of the file...
[thread_3] read data from the test file... 
[thread_3] open the test file...
[thread_3] Move the pointer to the end of the file...
[thread_3] read data from the test file... 
[thread_2] delete file ...
[thread_3] open the test file...
[thread_3] Move the pointer to the end of the file...
[thread_3] read data from the test file... 
[thread_1] open the test file with 'a+'.
[thread_1] write file ...
[thread_1] close the file ...
[thread_1] the current file size=3073 byte ...
[thread_3] open the test file...
[thread_3] Move the pointer to the end of the file...
[thread_3] read data from the test file... 
[thread_3] open the test file...
[thread_3] Move the pointer to the end of the file...
[thread_3] read data from the test file... 
[thread_2] A file name is randomly generated, name=I%q$6uG96%3#%2# .
[thread_2] Use this name to create a file.
[thread_2] create file success !
[thread_2] Write to this file !
[thread_2] write file success !
[thread_2] close this file !
[thread_1] open the test file with 'a+'.
[thread_1] write file ...
[thread_1] close the file ...
[thread_1] the current file size=4097 byte ...
[thread_1] The test file exceeds the specified size, Redirect the f[ithread_3l]e  oppoeinn ttehre  ptoessitt ifoinle
...
[thread_3] Move the pointer to the end of the file...
[thread_3] read data from the test file... 
[thread_2] delete file ...
[thread_3] open the test file...
[thread_3] Move the pointer to the end of the file...
[thread_3] read data from the test file... 
[thread_3] open the test file...
[thread_3] Move the pointer to the end of the file...
[thread_3] read data from the test file... 
[thread_1] open the test file with 'a+'.
[thread_1] write file ...
[thread_1] close the file ...
[thread_1] the current file size=1025 byte ...
[thread_3] open the test file...
[thread_3] Move the pointer to the end of the file...
[thread_3] read data from the test file... 
[thread_3] open the test file...
[thread_3] Move the pointer to the end of the file...
[thread_3] read data from the test file... 
[thread_2] A file name is randomly generated, name=$7g#T#T#7$$#p%$ .
[thread_2] Use this name to create a file.
[thread_2] create file success !
[thread_2] Write to this file !
[thread_2] write file success !
[thread_2] close this file !
[thread_1] open the test file with 'a+'.
[thread_1] write file ...
[thread_1] close the file ...
[thread_1] the current file size=2049 byte ...
[thread_3] open the test file...
[thread_3] Move the pointer to the end of the file...
[thread_3] read data from the test file... 
[thread_2] delete file ...
[thread_3] open the test file...
[thread_3] Move the pointer to the end of the file...
[thread_3] read data from the test file... 
[thread_3] open the test file...
[thread_3] Move the pointer to the end of the file...
[thread_3] read data from the test file... 
[thread_1] open the test file with 'a+'.
[thread_1] write file ...
[thread_1] close the file ...
[thread_1] the current file size=3073 byte ...
[thread_3] open the test file...
[thread_3] Move the pointer to the end of the file...
[thread_3] read data from the test file... 
[thread_3] open the test file...
[thread_3] Move the pointer to the end of the file...
[thread_3] read data from the test file... 
[thread_2] A file name is randomly generated, name=85q2xJ#%03WJ1C8 .
[thread_2] Use this name to create a file.
[thread_2] create file success !
[thread_2] Write to this file !
[thread_2] write file success !
[thread_2] close this file !
[thread_1] open the test file with 'a+'.
[thread_1] write file ...
[thread_1] close the file ...
[thread_1] the current file size=4097 byte ...
[thread_1] The test file exceeds the specified size, Redirect the file pointer position
[thread_3] open the test file...
[thread_3] Move the pointer to the end of the file...
[thread_3] read data from the test file... 
[thread_2] delete file ...
[thread_3] open the test file...
[thread_3] Move the pointer to the end of the file...
[thread_3] read data from the test file... 
[thread_3] open the test file...
[thread_3] Move the pointer to the end of the file...
[thread_3] read data from the test file... 
[thread_1] open the test file with 'a+'.
[thread_1] write file ...
[thread_1] close the file ...
[thread_1] the current file size=1025 byte ...
[thread_3] open the test file...
[thread_3] Move the pointer to the end of the file...
[thread_3] read data from the test file... 
[thread_3] open the test file...
[thread_3] Move the pointer to the end of the file...
[thread_3] read data from the test file... 
[thread_2] A file name is randomly generated, name=gN#f7tvDi8CA%3D .
[thread_2] Use this name to create a file.
[thread_2] create file success !
[thread_2] Write to this file !
[thread_2] write file success !
[thread_2] close this file !
[thread_1] open the test file with 'a+'.
[thread_1] write file ...
[thread_1] close the file ...
[thread_1] the current file size=2049 byte ...
[thread_3] open the test file...
[thread_3] Move the pointer to the end of the file...
[thread_3] read data from the test file... 
[thread_2] delete file ...
[thread_3] open the test file...
[thread_3] Move the pointer to the end of the file...
[thread_3] read data from the test file... 
[thread_3] open the test file...
[thread_3] Move the pointer to the end of the file...
[thread_3] read data from the test file... 
[thread_1] open the test file with 'a+'.
[thread_1] write file ...
[thread_1] close the file ...
[thread_1] the current file size=3073 byte ...
[thread_3] open the test file...
[thread_3] Move the pointer to the end of the file...
[thread_3] read data from the test file... 
[thread_3] open the test file...
[thread_3] Move the pointer to the end of the file...
[thread_3] read data from the test file... 
[thread_2] A file name is randomly generated, name=NM1$0#$p##%N6e% .
[thread_2] Use this name to create a file.
[thread_2] create file success !
[thread_2] Write to this file !
[thread_2] write file success !
[thread_2] close this file !
[thread_1] open the test file with 'a+'.
[thread_1] write file ...
[thread_1] close the file ...
[thread_1] the current file size=4097 byte ...
[thread_1] The test file exceeds the specified size, Redirect the file pointer position
[thread_3] open the test file...
[thread_3] Move the pointer to the end of the file...
[thread_3] read data from the test file... 
[thread_2] delete file ...
[thread_3] open the test file...
[thread_3] Move the pointer to the end of the file...
[thread_3] read data from the test file... 
[thread_3] open the test file...
[thread_3] Move the pointer to the end of the file...
[thread_3] read data from the test file... 
[thread_1] open the test file with 'a+'.
[thread_1] write file ...
[thread_1] close the file ...
[thread_1] the current file size=1025 byte ...
[thread_3] open the test file...
[thread_3] Move the pointer to the end of the file...
[thread_3] read data from the test file... 
[thread_3] open the test file...
[thread_3] Move the pointer to the end of the file...
[thread_3] read data from the test file... 
[thread_2] A file name is randomly generated, name=#K%vFd39%X8$$67 .
[thread_2] Use this name to create a file.
[thread_2] create file success !
[thread_2] Write to this file !
[thread_2] write file success !
[thread_2] close this file !
[thread_1] open the test file with 'a+'.
[thread_1] write file ...
[thread_1] close the file ...
[thread_1] the current file size=2049 byte ...
[thread_3] open the test file...
[thread_3] Move the pointer to the end of the file...
[thread_3] read data from the test file... 
[thread_2] delete file ...
[thread_3] open the test file...
[thread_3] Move the pointer to the end of the file...
[thread_3] read data from the test file... 
[thread_3] open the test file...
[thread_3] Move the pointer to the end of the file...
[thread_3] read data from the test file... 
[thread_1] open the test file with 'a+'.
[thread_1] write file ...
[thread_1] close the file ...
[thread_1] the current file size=3073 byte ...
[thread_3] open the test file...
[thread_3] Move the pointer to the end of the file...
[thread_3] read data from the test file... 
[thread_3] open the test file...
[thread_3] Move the pointer to the end of the file...
[thread_3] read data from the test file... 
[thread_2] A file name is randomly generated, name=0A7#$2RSsIH$z#% .
[thread_2] Use this name to create a file.
[thread_2] create file success !
[thread_2] Write to this file !
[thread_2] write file success !
[thread_2] close this file !
[thread_1] open the test file with 'a+'.
[thread_1] write file ...
[thread_1] close the file ...
[thread_1] the current file size=4097 byte ...
[thread_1] The test file exceeds the specified size, Redirect the file pointer position
[thread_3] open the test file...
[thread_3] Move the pointer to the end of the file...
[thread_3] read data from the test file... 
[thread_2] delete file ...
[thread_3] open the test file...
[thread_3] Move the pointer to the end of the file...
[thread_3] read data from the test file... 
[thread_3] open the test file...
[thread_3] Move the pointer to the end of the file...
[thread_3] read data from the test file... 
[thread_1] open the test file with 'a+'.
[thread_1] write file ...
[thread_1] close the file ...
[thread_1] the current file size=1025 byte ...
[thread_3] open the test file...
[thread_3] Move the pointer to the end of the file...
[thread_3] read data from the test file... 
[thread_3] open the test file...
[thread_3] Move the pointer to the end of the file...
[thread_3] read data from the test file... 
[thread_2] A file name is randomly generated, name=I3GF%2m4jRl1O5E .
[thread_2] Use this name to create a file.
[thread_2] create file success !
[thread_2] Write to this file !
[thread_2] write file success !
[thread_2] close this file !
[thread_1] open the test file with 'a+'.
[thread_1] write file ...
[thread_1] close the file ...
[thread_1] the current file size=2049 byte ...
[thread_3] open the test file...
[thread_3] Move the pointer to the end of the file...
[thread_3] read data from the test file... 
[thread_2] delete file ...
[thread_3] open the test file...
[thread_3] Move the pointer to the end of the file...
[thread_3] read data from the test file... 
[thread_3] open the test file...
[thread_3] Move the pointer to the end of the file...
[thread_3] read data from the test file... 
[thread_1] open the test file with 'a+'.
[thread_1] write file ...
[thread_1] close the file ...
[thread_1] the current file size=3073 byte ...
[thread_3] open the test file...
[thread_3] Move the pointer to the end of the file...
[thread_3] read data from the test file... 
[thread_3] open the test file...
[thread_3] Move the pointer to the end of the file...
[thread_3] read data from the test file... 
[thread_2] A file name is randomly generated, name=$8$vFV1DW2#0a$1 .
[thread_2] Use this name to create a file.
[thread_2] create file success !
[thread_2] Write to this file !
[thread_2] write file success !
[thread_2] close this file !
[thread_1] open the test file with 'a+'.
[thread_1] write file ...
[thread_1] close the file ...
[thread_1] the current file size=4097 byte ...
[thread_1] The test file exceeds the specified size, Redirect the file pointer position
[thread_3] open the test file...
[thread_3] Move the pointer to the end of the file...
[thread_3] read data from the test file... 
[thread_2] delete file ...
[thread_3] open the test file...
[thread_3] Move the pointer to the end of the file...
[thread_3] read data from the test file... 
[thread_3] open the test file...
[thread_3] Move the pointer to the end of the file...
[thread_3] read data from the test file... 
[thread_1] open the test file with 'a+'.
[thread_1] write file ...
[thread_1] close the file ...
[thread_1] the current file size=1025 byte ...
[thread_3] open the test file...
[thread_3] Move the pointer to the end of the file...
[thread_3] read data from the test file... 
[thread_3] open the test file...
[thread_3] Move the pointer to the end of the file...
[thread_3] read data from the test file... 
[thread_2] A file name is randomly generated, name=3$#D#Usv2$#w9MG .
[thread_2] Use this name to create a file.
[thread_2] create file success !
[thread_2] Write to this file !
[thread_2] write file success !
[thread_2] close this file !
[thread_1] open the test file with 'a+'.
[thread_1] write file ...
[thread_1] close the file ...
[thread_1] the current file size=2049 byte ...
[thread_3] open the test file...
[thread_3] Move the pointer to the end of the file...
[thread_3] read data from the test file... 
[thread_2] delete file ...
[thread_3] open the test file...
[thread_3] Move the pointer to the end of the file...
[thread_3] read data from the test file... 
[thread_3] open the test file...
[thread_3] Move the pointer to the end of the file...
[thread_3] read data from the test file... 
[thread_1] open the test file with 'a+'.
[thread_1] write file ...
[thread_1] close the file ...
[thread_1] the current file size=3073 byte ...
[thread_3] open the test file...
[thread_3] Move the pointer to the end of the file...
[thread_3] read data from the test file... 
[thread_3] open the test file...
[thread_3] Move the pointer to the end of the file...
[thread_3] read data from the test file... 
[thread_2] A file name is randomly generated, name=K$$A0B9zo8f#eD$ .
[thread_2] Use this name to create a file.
[thread_2] create file success !
[thread_2] Write to this file !
[thread_2] write file success !
[thread_2] close this file !
[thread_1] open the test file with 'a+'.
[thread_1] write file ...
[thread_1] close the file ...
[thread_1] the current file size=4097 byte ...
[thread_1] The test file exceeds the specified size, Redirect the file pointer position
[thread_3] open the test file...
[thread_3] Move the pointer to the end of the file...
[thread_3] read data from the test file... 
[thread_2] delete file ...
[thread_3] open the test file...
[thread_3] Move the pointer to the end of the file...
[thread_3] read data from the test file... 
[thread_3] open the test file...
[thread_3] Move the pointer to the end of the file...
[thread_3] read data from the test file... 
[thread_1] open the test file with 'a+'.
[thread_1] write file ...
[thread_1] close the file ...
[thread_1] the current file size=1025 byte ...
[thread_3] open the test file...
[thread_3] Move the pointer to the end of the file...
[thread_3] read data from the test file... 
[thread_3] open the test file...
[thread_3] Move the pointer to the end of the file...
[thread_3] read data from the test file... 
[thread_2] A file name is randomly generated, name=#%$3%#q690arFs$ .
[thread_2] Use this name to create a file.
[thread_2] create file success !
[thread_2] Write to this file !
[thread_2] write file success !
[thread_2] close this file !
[thread_1] open the test file with 'a+'.
[thread_1] write file ...
[thread_1] close the file ...
[thread_1] the current file size=2049 byte ...
[thread_3] open the test file...
[thread_3] Move the pointer to the end of the file...
[thread_3] read data from the test file... 
[thread_2] delete file ...
[thread_3] open the test file...
[thread_3] Move the pointer to the end of the file...
[thread_3] read data from the test file... 
[thread_3] open the test file...
[thread_3] Move the pointer to the end of the file...
[thread_3] read data from the test file... 
[thread_1] open the test file with 'a+'.
[thread_1] write file ...
[thread_1] close the file ...
[thread_1] the current file size=3073 byte ...
[thread_3] open the test file...
[thread_3] Move the pointer to the end of the file...
[thread_3] read data from the test file... 
[thread_3] open the test file...
[thread_3] Move the pointer to the end of the file...
[thread_3] read data from the test file... 
[thread_2] A file name is randomly generated, name=#%Fh0Z#O0Ujt3N3 .
[thread_2] Use this name to create a file.
[thread_2] create file success !
[thread_2] Write to this file !
[thread_2] write file success !
[thread_2] close this file !
[thread_1] open the test file with 'a+'.
[thread_1] write file ...
[thread_1] close the file ...
[thread_1] the current file size=4097 byte ...
[thread_1] The test file exceeds the specified size, Redirect the file pointer position
[thread_3] open the test file...
[thread_3] Move the pointer to the end of the file...
[thread_3] read data from the test file... 
[thread_2] delete file ...
[thread_3] open the test file...
[thread_3] Move the pointer to the end of the file...
[thread_3] read data from the test file... 
[thread_3] open the test file...
[thread_3] Move the pointer to the end of the file...
[thread_3] read data from the test file... 
[thread_1] open the test file with 'a+'.
[thread_1] write file ...
[thread_1] close the file ...
[thread_1] the current file size=1025 byte ...
[thread_3] open the test file...
[thread_3] Move the pointer to the end of the file...
[thread_3] read data from the test file... 
[thread_3] open the test file...
[thread_3] Move the pointer to the end of the file...
[thread_3] read data from the test file... 
[thread_2] A file name is randomly generated, name=7HX5L%83Rv6%tNF .
[thread_2] Use this name to create a file.
[thread_2] create file success !
[thread_2] Write to this file !
[thread_2] write file success !
[thread_2] close this file !
[thread_1] open the test file with 'a+'.
[thread_1] write file ...
[thread_1] close the file ...
[thread_1] the current file size=2049 byte ...
[thread_3] open the test file...
[thread_3] Move the pointer to the end of the file...
[thread_3] read data from the test file... 
[thread_2] delete file ...
[thread_3] open the test file...
[thread_3] Move the pointer to the end of the file...
[thread_3] read data from the test file... 
[thread_3] open the test file...
[thread_3] Move the pointer to the end of the file...
[thread_3] read data from the test file... 
[thread_1] open the test file with 'a+'.
[thread_1] write file ...
[thread_1] close the file ...
[thread_1] the current file size=3073 byte ...
[thread_3] open the test file...
[thread_3] Move the pointer to the end of the file...
[thread_3] read data from the test file... 
[thread_3] open the test file...
[thread_3] Move the pointer to the end of the file...
[thread_3] read data from the test file... 
[thread_2] A file name is randomly generated, name=M4#tHAn5K84ihs$ .
[thread_2] Use this name to create a file.
[thread_2] create file success !
[thread_2] Write to this file !
[thread_2] write file success !
[thread_2] close this file !
[thread_1] open the test file with 'a+'.
[thread_1] write file ...
[thread_1] close the file ...
[thread_1] the current file size=4097 byte ...
[thread_1] The test file exceeds the specified size, Redirect the file pointer position
[thread_3] open the test file...
[thread_3] Move the pointer to the end of the file...
[thread_3] read data from the test file... 
[thread_2] delete file ...
[thread_3] open the test file...
[thread_3] Move the pointer to the end of the file...
[thread_3] read data from the test file... 
[thread_3] open the test file...
[thread_3] Move the pointer to the end of the file...
[thread_3] read data from the test file... 
[thread_1] open the test file with 'a+'.
[thread_1] write file ...
[thread_1] close the file ...
[thread_1] the current file size=1025 byte ...
[thread_3] open the test file...
[thread_3] Move the pointer to the end of the file...
[thread_3] read data from the test file... 
[thread_3] open the test file...
[thread_3] Move the pointer to the end of the file...
[thread_3] read data from the test file... 
[thread_2] A file name is randomly generated, name=8%6n#27#I0l$28X .
[thread_2] Use this name to create a file.
[thread_2] create file success !
[thread_2] Write to this file !
[thread_2] write file success !
[thread_2] close this file !
[thread_1] open the test file with 'a+'.
[thread_1] write file ...
[thread_1] close the file ...
[thread_1] the current file size=2049 byte ...
[thread_3] open the test file...
[thread_3] Move the pointer to the end of the file...
[thread_3] read data from the test file... 
[thread_2] delete file ...
[thread_3] open the test file...
[thread_3] Move the pointer to the end of the file...
[thread_3] read data from the test file... 
[thread_3] open the test file...
[thread_3] Move the pointer to the end of the file...
[thread_3] read data from the test file... 
[thread_1] open the test file with 'a+'.
[thread_1] write file ...
[thread_1] close the file ...
[thread_1] the current file size=3073 byte ...
[thread_3] open the test file...
[thread_3] Move the pointer to the end of the file...
[thread_3] read data from the test file... 
[thread_3] open the test file...
[thread_3] Move the pointer to the end of the file...
[thread_3] read data from the test file... 
[thread_2] A file name is randomly generated, name=e#dY%l7U3#%9tXD .
[thread_2] Use this name to create a file.
[thread_2] create file success !
[thread_2] Write to this file !
[thread_2] write file success !
[thread_2] close this file !
[thread_1] open the test file with 'a+'.
[thread_1] write file ...
[thread_1] close the file ...
[thread_1] the current file size=4097 byte ...
[thread_1] The test file exceeds the specified size, Redirect the file pointer positio[nthread_3]
 open the test file...
[thread_3] Move the pointer to the end of the file...
[thread_3] read data from the test file... 
[thread_2] delete file ...
[thread_3] open the test file...
[thread_3] Move the pointer to the end of the file...
[thread_3] read data from the test file... 
[thread_3] open the test file...
[thread_3] Move the pointer to the end of the file...
[thread_3] read data from the test file... 
[thread_1] open the test file with 'a+'.
[thread_1] write file ...
[thread_1] close the file ...
[thread_1] the current file size=1025 byte ...
[thread_3] open the test file...
[thread_3] Move the pointer to the end of the file...
[thread_3] read data from the test file... 
[thread_3] open the test file...
[thread_3] Move the pointer to the end of the file...
[thread_3] read data from the test file... 
[thread_2] A file name is randomly generated, name=K3u12I$#01t$%M# .
[thread_2] Use this name to create a file.
[thread_2] create file success !
[thread_2] Write to this file !
[thread_2] write file success !
[thread_2] close this file !
[thread_1] open the test file with 'a+'.
[thread_1] write file ...
[thread_1] close the file ...
[thread_1] the current file size=2049 byte ...
[thread_3] open the test file...
[thread_3] Move the pointer to the end of the file...
[thread_3] read data from the test file... 
[thread_2] delete file ...
[thread_3] open the test file...
[thread_3] Move the pointer to the end of the file...
[thread_3] read data from the test file... 
[thread_3] open the test file...
[thread_3] Move the pointer to the end of the file...
[thread_3] read data from the test file... 
[thread_1] open the test file with 'a+'.
[thread_1] write file ...
[thread_1] close the file ...
[thread_1] the current file size=3073 byte ...
[thread_3] open the test file...
[thread_3] Move the pointer to the end of the file...
[thread_3] read data from the test file... 
[thread_3] open the test file...
[thread_3] Move the pointer to the end of the file...
[thread_3] read data from the test file... 
[thread_2] A file name is randomly generated, name=4OL7#0Twd%cJR4t .
[thread_2] Use this name to create a file.
[thread_2] create file success !
[thread_2] Write to this file !
[thread_2] write file success !
[thread_2] close this file !
[thread_1] open the test file with 'a+'.
[thread_1] write file ...
[thread_1] close the file ...
[thread_1] the current file size=4097 byte ...
[thread_1] The test file exceeds the specified size, Redirect the file pointer position
[thread_3] open the test file...
[thread_3] Move the pointer to the end of the file...
[thread_3] read data from the test file... 
[thread_2] delete file ...
[thread_3] open the test file...
[thread_3] Move the pointer to the end of the file...
[thread_3] read data from the test file... 
[thread_3] open the test file...
[thread_3] Move the pointer to the end of the file...
[thread_3] read data from the test file... 
[thread_1] open the test file with 'a+'.
[thread_1] write file ...
[thread_1] close the file ...
[thread_1] the current file size=1025 byte ...
[thread_3] open the test file...
[thread_3] Move the pointer to the end of the file...
[thread_3] read data from the test file... 
[thread_3] open the test file...
[thread_3] Move the pointer to the end of the file...
[thread_3] read data from the test file... 
[thread_2] A file name is randomly generated, name=gUmh$z36g59$#N# .
[thread_2] Use this name to create a file.
[thread_2] create file success !
[thread_2] Write to this file !
[thread_2] write file success !
[thread_2] close this file !
[thread_1] open the test file with 'a+'.
[thread_1] write file ...
[thread_1] close the file ...
[thread_1] the current file size=2049 byte ...
[thread_3] open the test file...
[thread_3] Move the pointer to the end of the file...
[thread_3] read data from the test file... 
[thread_2] delete file ...
[thread_3] open the test file...
[thread_3] Move the pointer to the end of the file...
[thread_3] read data from the test file... 
[thread_3] open the test file...
[thread_3] Move the pointer to the end of the file...
[thread_3] read data from the test file... 
[thread_1] open the test file with 'a+'.
[thread_1] write file ...
[thread_1] close the file ...
[thread_1] the current file size=3073 byte ...
[thread_3] open the test file...
[thread_3] Move the pointer to the end of the file...
[thread_3] read data from the test file... 
[thread_3] open the test file...
[thread_3] Move the pointer to the end of the file...
[thread_3] read data from the test file... 
[thread_2] A file name is randomly generated, name=Fzx%YXya%2h5X34 .
[thread_2] Use this name to create a file.
[thread_2] create file success !
[thread_2] Write to this file !
[thread_2] write file success !
[thread_2] close this file !
[thread_1] open the test file with 'a+'.
[thread_1] write file ...
[thread_1] close the file ...
[thread_1] the current file size=4097 byte ...
[thread_1] The test file exceeds the specified size, Redirect the file pointer position
[thread_3] open the test file...
[thread_3] Move the pointer to the end of the file...
[thread_3] read data from the test file... 
[thread_2] delete file ...
[thread_3] open the test file...
[thread_3] Move the pointer to the end of the file...
[thread_3] read data from the test file... 
[thread_3] open the test file...
[thread_3] Move the pointer to the end of the file...
[thread_3] read data from the test file... 
[thread_1] open the test file with 'a+'.
[thread_1] write file ...
[thread_1] close the file ...
[thread_1] the current file size=1025 byte ...
[thread_3] open the test file...
[thread_3] Move the pointer to the end of the file...
[thread_3] read data from the test file... 
[thread_3] open the test file...
[thread_3] Move the pointer to the end of the file...
[thread_3] read data from the test file... 
[thread_2] A file name is randomly generated, name=LPN4#0Q9n0jzR$J .
[thread_2] Use this name to create a file.
[thread_2] create file success !
[thread_2] Write to this file !
[thread_2] write file success !
[thread_2] close this file !
[thread_1] open the test file with 'a+'.
[thread_1] write file ...
[thread_1] close the file ...
[thread_1] the current file size=2049 byte ...
[thread_3] open the test file...
[thread_3] Move the pointer to the end of the file...
[thread_3] read data from the test file... 
[thread_2] delete file ...
[thread_3] open the test file...
[thread_3] Move the pointer to the end of the file...
[thread_3] read data from the test file... 
[thread_3] open the test file...
[thread_3] Move the pointer to the end of the file...
[thread_3] read data from the test file... 
[thread_1] open the test file with 'a+'.
[thread_1] write file ...
[thread_1] close the file ...
[thread_1] the current file size=3073 byte ...
[thread_3] open the test file...
[thread_3] Move the pointer to the end of the file...
[thread_3] read data from the test file... 
[thread_3] open the test file...
[thread_3] Move the pointer to the end of the file...
[thread_3] read data from the test file... 
[thread_2] A file name is randomly generated, name=53JIJvsUg%%%pU9 .
[thread_2] Use this name to create a file.
[thread_2] create file success !
[thread_2] Write to this file !
[thread_2] write file success !
[thread_2] close this file !
[thread_1] open the test file with 'a+'.
[thread_1] write file ...
[thread_1] close the file ...
[thread_1] the current file size=4097 byte ...
[thread_1] The test file exceeds the specified size, Redirect the file pointer position
[thread_3] open the test file...
[thread_3] Move the pointer to the end of the file...
[thread_3] read data from the test file... 
[thread_2] delete file ...
[thread_3] open the test file...
[thread_3] Move the pointer to the end of the file...
[thread_3] read data from the test file... 
[thread_3] open the test file...
[thread_3] Move the pointer to the end of the file...
[thread_3] read data from the test file... 
[thread_1] open the test file with 'a+'.
[thread_1] write file ...
[thread_1] close the file ...
[thread_1] the current file size=1025 byte ...
[thread_3] open the test file...
[thread_3] Move the pointer to the end of the file...
[thread_3] read data from the test file... 
[thread_3] open the test file...
[thread_3] Move the pointer to the end of the file...
[thread_3] read data from the test file... 
[thread_2] A file name is randomly generated, name=h2J2s$c7$485$Hu .
[thread_2] Use this name to create a file.
[thread_2] create file success !
[thread_2] Write to this file !
[thread_2] write file success !
[thread_2] close this file !
[thread_1] open the test file with 'a+'.
[thread_1] write file ...
[thread_1] close the file ...
[thread_1] the current file size=2049 byte ...
[thread_3] open the test file...
[thread_3] Move the pointer to the end of the file...
[thread_3] read data from the test file... 
[thread_2] delete file ...
[thread_3] open the test file...
[thread_3] Move the pointer to the end of the file...
[thread_3] read data from the test file... 
[thread_3] open the test file...
[thread_3] Move the pointer to the end of the file...
[thread_3] read data from the test file... 
[thread_1] open the test file with 'a+'.
[thread_1] write file ...
[thread_1] close the file ...
[thread_1] the current file size=3073 byte ...
[thread_3] open the test file...
[thread_3] Move the pointer to the end of the file...
[thread_3] read data from the test file... 
[thread_3] open the test file...
[thread_3] Move the pointer to the end of the file...
[thread_3] read data from the test file... 
[thread_2] A file name is randomly generated, name=G$Tv9%teedc5#x$ .
[thread_2] Use this name to create a file.
[thread_2] create file success !
[thread_2] Write to this file !
[thread_2] write file success !
[thread_2] close this file !
[thread_1] open the test file with 'a+'.
[thread_1] write file ...
[thread_1] close the file ...
[thread_1] the current file size=4097 byte ...
[thread_1] The test file exceeds the specified size, Redirect the file pointer [pthread_3o]s iotpieonn t
he test file...
[thread_3] Move the pointer to the end of the file...
[thread_3] read data from the test file... 
[thread_2] delete file ...
[thread_3] open the test file...
[thread_3] Move the pointer to the end of the file...
[thread_3] read data from the test file... 
[thread_3] open the test file...
[thread_3] Move the pointer to the end of the file...
[thread_3] read data from the test file... 
[thread_1] open the test file with 'a+'.
[thread_1] write file ...
[thread_1] close the file ...
[thread_1] the current file size=1025 byte ...
[thread_3] open the test file...
[thread_3] Move the pointer to the end of the file...
[thread_3] read data from the test file... 
[thread_3] open the test file...
[thread_3] Move the pointer to the end of the file...
[thread_3] read data from the test file... 
[thread_2] A file name is randomly generated, name=5%SC10MU6zXXfXD .
[thread_2] Use this name to create a file.
[thread_2] create file success !
[thread_2] Write to this file !
[thread_2] write file success !
[thread_2] close this file !
[thread_1] open the test file with 'a+'.
[thread_1] write file ...
[thread_1] close the file ...
[thread_1] the current file size=2049 byte ...
[thread_3] open the test file...
[thread_3] Move the pointer to the end of the file...
[thread_3] read data from the test file... 
[thread_2] delete file ...
[thread_3] open the test file...
[thread_3] Move the pointer to the end of the file...
[thread_3] read data from the test file... 
[thread_3] open the test file...
[thread_3] Move the pointer to the end of the file...
[thread_3] read data from the test file... 
[thread_1] open the test file with 'a+'.
[thread_1] write file ...
[thread_1] close the file ...
[thread_1] the current file size=3073 byte ...
[thread_3] open the test file...
[thread_3] Move the pointer to the end of the file...
[thread_3] read data from the test file... 
[thread_3] open the test file...
[thread_3] Move the pointer to the end of the file...
[thread_3] read data from the test file... 
[thread_2] A file name is randomly generated, name=cH40%eEnHt3a$#1 .
[thread_2] Use this name to create a file.
[thread_2] create file success !
[thread_2] Write to this file !
[thread_2] write file success !
[thread_2] close this file !
[thread_1] open the test file with 'a+'.
[thread_1] write file ...
[thread_1] close the file ...
[thread_1] the current file size=4097 byte ...
[thread_1] The test file exceeds the specified size, Redirect the file pointer position
[thread_3] open the test file...
[thread_3] Move the pointer to the end of the file...
[thread_3] read data from the test file... 
[thread_2] delete file ...
[thread_3] open the test file...
[thread_3] Move the pointer to the end of the file...
[thread_3] read data from the test file... 
[thread_3] open the test file...
[thread_3] Move the pointer to the end of the file...
[thread_3] read data from the test file... 
[thread_1] open the test file with 'a+'.
[thread_1] write file ...
[thread_1] close the file ...
[thread_1] the current file size=1025 byte ...
[thread_3] open the test file...
[thread_3] Move the pointer to the end of the file...
[thread_3] read data from the test file... 
[thread_3] open the test file...
[thread_3] Move the pointer to the end of the file...
[thread_3] read data from the test file... 
[thread_2] A file name is randomly generated, name=JnB%%9sf90I$4Kz .
[thread_2] Use this name to create a file.
[thread_2] create file success !
[thread_2] Write to this file !
[thread_2] write file success !
[thread_2] close this file !
[thread_1] open the test file with 'a+'.
[thread_1] write file ...
[thread_1] close the file ...
[thread_1] the current file size=2049 byte ...
[thread_3] open the test file...
[thread_3] Move the pointer to the end of the file...
[thread_3] read data from the test file... 
[thread_2] delete file ...
[thread_3] open the test file...
[thread_3] Move the pointer to the end of the file...
[thread_3] read data from the test file... 
[thread_3] open the test file...
[thread_3] Move the pointer to the end of the file...
[thread_3] read data from the test file... 
[thread_1] open the test file with 'a+'.
[thread_1] write file ...
[thread_1] close the file ...
[thread_1] the current file size=3073 byte ...
[thread_3] open the test file...
[thread_3] Move the pointer to the end of the file...
[thread_3] read data from the test file... 
[thread_3] open the test file...
[thread_3] Move the pointer to the end of the file...
[thread_3] read data from the test file... 
[thread_2] A file name is randomly generated, name=%IJ3esZ0yf18$o2 .
[thread_2] Use this name to create a file.
[thread_2] create file success !
[thread_2] Write to this file !
[thread_2] write file success !
[thread_2] close this file !
[thread_1] open the test file with 'a+'.
[thread_1] write file ...
[thread_1] close the file ...
[thread_1] the current file size=4097 byte ...
[thread_1] The test file exceeds the specified size, Redirect the file pointer position
[thread_3] open the test file...
[thread_3] Move the pointer to the end of the file...
[thread_3] read data from the test file... 
[thread_2] delete file ...
[thread_3] open the test file...
[thread_3] Move the pointer to the end of the file...
[thread_3] read data from the test file... 
[thread_3] open the test file...
[thread_3] Move the pointer to the end of the file...
[thread_3] read data from the test file... 
[thread_1] open the test file with 'a+'.
[thread_1] write file ...
[thread_1] close the file ...
[thread_1] the current file size=1025 byte ...
[thread_3] open the test file...
[thread_3] Move the pointer to the end of the file...
[thread_3] read data from the test file... 
[thread_3] open the test file...
[thread_3] Move the pointer to the end of the file...
[thread_3] read data from the test file... 
[thread_2] A file name is randomly generated, name=0G#f$9#6#$1a%43 .
[thread_2] Use this name to create a file.
[thread_2] create file success !
[thread_2] Write to this file !
[thread_2] write file success !
[thread_2] close this file !
[thread_1] open the test file with 'a+'.
[thread_1] write file ...
[thread_1] close the file ...
[thread_1] the current file size=2049 byte ...
[thread_3] open the test file...
[thread_3] Move the pointer to the end of the file...
[thread_3] read data from the test file... 
[thread_2] delete file ...
[thread_3] open the test file...
[thread_3] Move the pointer to the end of the file...
[thread_3] read data from the test file... 
[thread_3] open the test file...
[thread_3] Move the pointer to the end of the file...
[thread_3] read data from the test file... 
[thread_1] open the test file with 'a+'.
[thread_1] write file ...
[thread_1] close the file ...
[thread_1] the current file size=3073 byte ...
[thread_3] open the test file...
[thread_3] Move the pointer to the end of the file...
[thread_3] read data from the test file... 
[thread_3] open the test file...
[thread_3] Move the pointer to the end of the file...
[thread_3] read data from the test file... 
[thread_2] A file name is randomly generated, name=ho7M%#$%V7sH2%$ .
[thread_2] Use this name to create a file.
[thread_2] create file success !
[thread_2] Write to this file !
[thread_2] write file success !
[thread_2] close this file !
[thread_1] open the test file with 'a+'.
[thread_1] write file ...
[thread_1] close the file ...
[thread_1] the current file size=4097 byte ...
[thread_1] The test file exceeds the specified size, Redirect the file pointer position
[thread_3] open the test file...
[thread_3] Move the pointer to the end of the file...
[thread_3] read data from the test file... 
[thread_2] delete file ...
[thread_3] open the test file...
[thread_3] Move the pointer to the end of the file...
[thread_3] read data from the test file... 
[thread_3] open the test file...
[thread_3] Move the pointer to the end of the file...
[thread_3] read data from the test file... 
[thread_1] open the test file with 'a+'.
[thread_1] write file ...
[thread_1] close the file ...
[thread_1] the current file size=1025 byte ...
[thread_3] open the test file...
[thread_3] Move the pointer to the end of the file...
[thread_3] read data from the test file... 
[thread_3] open the test file...
[thread_3] Move the pointer to the end of the file...
[thread_3] read data from the test file... 
[thread_2] A file name is randomly generated, name=Nn#4$27c$3H%#q% .
[thread_2] Use this name to create a file.
[thread_2] create file success !
[thread_2] Write to this file !
[thread_2] write file success !
[thread_2] close this file !
[thread_1] open the test file with 'a+'.
[thread_1] write file ...
[thread_1] close the file ...
[thread_1] the current file size=2049 byte ...
[thread_3] open the test file...
[thread_3] Move the pointer to the end of the file...
[thread_3] read data from the test file... 
[thread_2] delete file ...
[thread_3] open the test file...
[thread_3] Move the pointer to the end of the file...
[thread_3] read data from the test file... 
[thread_3] open the test file...
[thread_3] Move the pointer to the end of the file...
[thread_3] read data from the test file... 
[thread_1] open the test file with 'a+'.
[thread_1] write file ...
[thread_1] close the file ...
[thread_1] the current file size=3073 byte ...
[thread_3] open the test file...
[thread_3] Move the pointer to the end of the file...
[thread_3] read data from the test file... 
[thread_3] open the test file...
[thread_3] Move the pointer to the end of the file...
[thread_3] read data from the test file... 
[thread_2] A file name is randomly generated, name=3#ho$Z%m4G77$Jw .
[thread_2] Use this name to create a file.
[thread_2] create file success !
[thread_2] Write to this file !
[thread_2] write file success !
[thread_2] close this file !
[thread_1] open the test file with 'a+'.
[thread_1] write file ...
[thread_1] close the file ...
[thread_1] the current file size=4097 byte ...
[thread_1] The test file exceeds the specified size, Redirect the file pointer position
[thread_3] open the test file...
[thread_3] Move the pointer to the end of the file...
[thread_3] read data from the test file... 
[thread_2] delete file ...
[thread_3] open the test file...
[thread_3] Move the pointer to the end of the file...
[thread_3] read data from the test file... 
[thread_3] open the test file...
[thread_3] Move the pointer to the end of the file...
[thread_3] read data from the test file... 
[thread_1] open the test file with 'a+'.
[thread_1] write file ...
[thread_1] close the file ...
[thread_1] the current file size=1025 byte ...
[thread_3] open the test file...
[thread_3] Move the pointer to the end of the file...
[thread_3] read data from the test file... 
[thread_3] open the test file...
[thread_3] Move the pointer to the end of the file...
[thread_3] read data from the test file... 
[thread_2] A file name is randomly generated, name=cB$m2Sd#UW9KxCl .
[thread_2] Use this name to create a file.
[thread_2] create file success !
[thread_2] Write to this file !
[thread_2] write file success !
[thread_2] close this file !
[thread_1] open the test file with 'a+'.
[thread_1] write file ...
[thread_1] close the file ...
[thread_1] the current file size=2049 byte ...
[thread_3] open the test file...
[thread_3] Move the pointer to the end of the file...
[thread_3] read data from the test file... 
[thread_2] delete file ...
[thread_3] open the test file...
[thread_3] Move the pointer to the end of the file...
[thread_3] read data from the test file... 
[thread_3] open the test file...
[thread_3] Move the pointer to the end of the file...
[thread_3] read data from the test file... 
[thread_1] open the test file with 'a+'.
[thread_1] write file ...
[thread_1] close the file ...
[thread_1] the current file size=3073 byte ...
[thread_3] open the test file...
[thread_3] Move the pointer to the end of the file...
[thread_3] read data from the test file... 
[thread_3] open the test file...
[thread_3] Move the pointer to the end of the file...
[thread_3] read data from the test file... 
[thread_2] A file name is randomly generated, name=I#1%MI#$#X#07Jc .
[thread_2] Use this name to create a file.
[thread_2] create file success !
[thread_2] Write to this file !
[thread_2] write file success !
[thread_2] close this file !
[thread_1] open the test file with 'a+'.
[thread_1] write file ...
[thread_1] close the file ...
[thread_1] the current file size=4097 byte ...
[thread_1] The test file exceeds the specified size, Redirect the file pointer position
[thread_3] open the test file...
[thread_3] Move the pointer to the end of the file...
[thread_3] read data from the test file... 
[thread_2] delete file ...
[thread_3] open the test file...
[thread_3] Move the pointer to the end of the file...
[thread_3] read data from the test file... 
[thread_3] open the test file...
[thread_3] Move the pointer to the end of the file...
[thread_3] read data from the test file... 
[thread_1] open the test file with 'a+'.
[thread_1] write file ...
[thread_1] close the file ...
[thread_1] the current file size=1025 byte ...
[thread_3] open the test file...
[thread_3] Move the pointer to the end of the file...
[thread_3] read data from the test file... 
[thread_3] open the test file...
[thread_3] Move the pointer to the end of the file...
[thread_3] read data from the test file... 
[thread_2] A file name is randomly generated, name=6e$6Vr0$#h%yP0w .
[thread_2] Use this name to create a file.
[thread_2] create file success !
[thread_2] Write to this file !
[thread_2] write file success !
[thread_2] close this file !
[thread_1] open the test file with 'a+'.
[thread_1] write file ...
[thread_1] close the file ...
[thread_1] the current file size=2049 byte ...
[thread_3] open the test file...
[thread_3] Move the pointer to the end of the file...
[thread_3] read data from the test file... 
[thread_2] delete file ...
[thread_3] open the test file...
[thread_3] Move the pointer to the end of the file...
[thread_3] read data from the test file... 
[thread_3] open the test file...
[thread_3] Move the pointer to the end of the file...
[thread_3] read data from the test file... 
[thread_1] open the test file with 'a+'.
[thread_1] write file ...
[thread_1] close the file ...
[thread_1] the current file size=3073 byte ...
[thread_3] open the test file...
[thread_3] Move the pointer to the end of the file...
[thread_3] read data from the test file... 
[thread_3] open the test file...
[thread_3] Move the pointer to the end of the file...
[thread_3] read data from the test file... 
[thread_2] A file name is randomly generated, name=ePgHuyN4$#Sq%Ui .
[thread_2] Use this name to create a file.
[thread_2] create file success !
[thread_2] Write to this file !
[thread_2] write file success !
[thread_2] close this file !
[thread_1] open the test file with 'a+'.
[thread_1] write file ...
[thread_1] close the file ...
[thread_1] the current file size=4097 byte ...
[thread_1] The test file exceeds the specified size, Redirect the file pointer position
[thread_3] open the test file...
[thread_3] Move the pointer to the end of the file...
[thread_3] read data from the test file... 
[thread_2] delete file ...
[thread_3] open the test file...
[thread_3] Move the pointer to the end of the file...
[thread_3] read data from the test file... 
[thread_3] open the test file...
[thread_3] Move the pointer to the end of the file...
[thread_3] read data from the test file... 
[thread_1] open the test file with 'a+'.
[thread_1] write file ...
[thread_1] close the file ...
[thread_1] the current file size=1025 byte ...
[thread_3] open the test file...
[thread_3] Move the pointer to the end of the file...
[thread_3] read data from the test file... 
[thread_3] open the test file...
[thread_3] Move the pointer to the end of the file...
[thread_3] read data from the test file... 
[thread_2] A file name is randomly generated, name=%4XD7%8$1CGMufC .
[thread_2] Use this name to create a file.
[thread_2] create file success !
[thread_2] Write to this file !
[thread_2] write file success !
[thread_2] close this file !
[thread_1] open the test file with 'a+'.
[thread_1] write file ...
[thread_1] close the file ...
[thread_1] the current file size=2049 byte ...
[thread_3] open the test file...
[thread_3] Move the pointer to the end of the file...
[thread_3] read data from the test file... 
[thread_2] delete file ...
[thread_3] open the test file...
[thread_3] Move the pointer to the end of the file...
[thread_3] read data from the test file... 
[thread_3] open the test file...
[thread_3] Move the pointer to the end of the file...
[thread_3] read data from the test file... 
[thread_1] open the test file with 'a+'.
[thread_1] write file ...
[thread_1] close the file ...
[thread_1] the current file size=3073 byte ...
[thread_3] open the test file...
[thread_3] Move the pointer to the end of the file...
[thread_3] read data from the test file... 
[thread_3] open the test file...
[thread_3] Move the pointer to the end of the file...
[thread_3] read data from the test file... 
[thread_2] A file name is randomly generated, name=#2Oc005db%m%o1O .
[thread_2] Use this name to create a file.
[thread_2] create file success !
[thread_2] Write to this file !
[thread_2] write file success !
[thread_2] close this file !
[thread_1] open the test file with 'a+'.
[thread_1] write file ...
[thread_1] close the file ...
[thread_1] the current file size=4097 byte ...
[thread_1] The test file exceeds the specified size, Redirect the file pointer position
[thread_3] open the test file...
[thread_3] Move the pointer to the end of the file...
[thread_3] read data from the test file... 
[thread_2] delete file ...
[thread_3] open the test file...
[thread_3] Move the pointer to the end of the file...
[thread_3] read data from the test file... 
[thread_3] open the test file...
[thread_3] Move the pointer to the end of the file...
[thread_3] read data from the test file... 
[thread_1] open the test file with 'a+'.
[thread_1] write file ...
[thread_1] close the file ...
[thread_1] the current file size=1025 byte ...
[thread_3] open the test file...
[thread_3] Move the pointer to the end of the file...
[thread_3] read data from the test file... 
[thread_3] open the test file...
[thread_3] Move the pointer to the end of the file...
[thread_3] read data from the test file... 
[thread_2] A file name is randomly generated, name=6%ZUu#j4$%$d%j# .
[thread_2] Use this name to create a file.
[thread_2] create file success !
[thread_2] Write to this file !
[thread_2] write file success !
[thread_2] close this file !
[thread_1] open the test file with 'a+'.
[thread_1] write file ...
[thread_1] close the file ...
[thread_1] the current file size=2049 byte ...
[thread_3] open the test file...
[thread_3] Move the pointer to the end of the file...
[thread_3] read data from the test file... 
[thread_2] delete file ...
[thread_3] open the test file...
[thread_3] Move the pointer to the end of the file...
[thread_3] read data from the test file... 
[thread_3] open the test file...
[thread_3] Move the pointer to the end of the file...
[thread_3] read data from the test file... 
[thread_1] open the test file with 'a+'.
[thread_1] write file ...
[thread_1] close the file ...
[thread_1] the current file size=3073 byte ...
[thread_3] open the test file...
[thread_3] Move the pointer to the end of the file...
[thread_3] read data from the test file... 
[thread_3] open the test file...
[thread_3] Move the pointer to the end of the file...
[thread_3] read data from the test file... 
[thread_2] A file name is randomly generated, name=Qpy7CVa4G14$69V .
[thread_2] Use this name to create a file.
[thread_2] create file success !
[thread_2] Write to this file !
[thread_2] write file success !
[thread_2] close this file !
[thread_1] open the test file with 'a+'.
[thread_1] write file ...
[thread_1] close the file ...
[thread_1] the current file size=4097 byte ...
[thread_1] The test file exceeds the specified size, Redirect the [fthread_3i]l eo ppeoni nttheer  tpeossti tfiiolne.
..
[thread_3] Move the pointer to the end of the file...
[thread_3] read data from the test file... 
[thread_2] delete file ...
[thread_3] open the test file...
[thread_3] Move the pointer to the end of the file...
[thread_3] read data from the test file... 
[thread_3] open the test file...
[thread_3] Move the pointer to the end of the file...
[thread_3] read data from the test file... 
[thread_1] open the test file with 'a+'.
[thread_1] write file ...
[thread_1] close the file ...
[thread_1] the current file size=1025 byte ...
[thread_3] open the test file...
[thread_3] Move the pointer to the end of the file...
[thread_3] read data from the test file... 
[thread_3] open the test file...
[thread_3] Move the pointer to the end of the file...
[thread_3] read data from the test file... 
[thread_2] A file name is randomly generated, name=#I#E67#$ot4JneI .
[thread_2] Use this name to create a file.
[thread_2] create file success !
[thread_2] Write to this file !
[thread_2] write file success !
[thread_2] close this file !
[thread_1] open the test file with 'a+'.
[thread_1] write file ...
[thread_1] close the file ...
[thread_1] the current file size=2049 byte ...
[thread_3] open the test file...
[thread_3] Move the pointer to the end of the file...
[thread_3] read data from the test file... 
[thread_2] delete file ...
[thread_3] open the test file...
[thread_3] Move the pointer to the end of the file...
[thread_3] read data from the test file... 
[thread_3] open the test file...
[thread_3] Move the pointer to the end of the file...
[thread_3] read data from the test file... 
[thread_1] open the test file with 'a+'.
[thread_1] write file ...
[thread_1] close the file ...
[thread_1] the current file size=3073 byte ...
[thread_3] open the test file...
[thread_3] Move the pointer to the end of the file...
[thread_3] read data from the test file... 
[thread_3] open the test file...
[thread_3] Move the pointer to the end of the file...
[thread_3] read data from the test file... 
[thread_2] A file name is randomly generated, name=6OE$$cg$F7D#b5U .
[thread_2] Use this name to create a file.
[thread_2] create file success !
[thread_2] Write to this file !
[thread_2] write file success !
[thread_2] close this file !
[thread_1] open the test file with 'a+'.
[thread_1] write file ...
[thread_1] close the file ...
[thread_1] the current file size=4097 byte ...
[thread_1] The test file exceeds the specified size, Redirect the file pointer position
[thread_3] open the test file...
[thread_3] Move the pointer to the end of the file...
[thread_3] read data from the test file... 
[thread_2] delete file ...
[thread_3] open the test file...
[thread_3] Move the pointer to the end of the file...
[thread_3] read data from the test file... 
[thread_3] open the test file...
[thread_3] Move the pointer to the end of the file...
[thread_3] read data from the test file... 
[thread_1] open the test file with 'a+'.
[thread_1] write file ...
[thread_1] close the file ...
[thread_1] the current file size=1025 byte ...
[thread_3] open the test file...
[thread_3] Move the pointer to the end of the file...
[thread_3] read data from the test file... 
[thread_3] open the test file...
[thread_3] Move the pointer to the end of the file...
[thread_3] read data from the test file... 
[thread_2] A file name is randomly generated, name=eS3%nruv#h%#l$3 .
[thread_2] Use this name to create a file.
[thread_2] create file success !
[thread_2] Write to this file !
[thread_2] write file success !
[thread_2] close this file !
[thread_1] open the test file with 'a+'.
[thread_1] write file ...
[thread_1] close the file ...
[thread_1] the current file size=2049 byte ...
[thread_3] open the test file...
[thread_3] Move the pointer to the end of the file...
[thread_3] read data from the test file... 
[thread_2] delete file ...
[thread_3] open the test file...
[thread_3] Move the pointer to the end of the file...
[thread_3] read data from the test file... 
[thread_3] open the test file...
[thread_3] Move the pointer to the end of the file...
[thread_3] read data from the test file... 
[thread_1] open the test file with 'a+'.
[thread_1] write file ...
[thread_1] close the file ...
[thread_1] the current file size=3073 byte ...
[thread_3] open the test file...
[thread_3] Move the pointer to the end of the file...
[thread_3] read data from the test file... 
[thread_3] open the test file...
[thread_3] Move the pointer to the end of the file...
[thread_3] read data from the test file... 
[thread_2] A file name is randomly generated, name=%5y6lk1w%em$AdL .
[thread_2] Use this name to create a file.
[thread_2] create file success !
[thread_2] Write to this file !
[thread_2] write file success !
[thread_2] close this file !
[thread_1] open the test file with 'a+'.
[thread_1] write file ...
[thread_1] close the file ...
[thread_1] the current file size=4097 byte ...
[thread_1] The test file exceeds the specified size, Redirect the file pointer position
[thread_3] open the test file...
[thread_3] Move the pointer to the end of the file...
[thread_3] read data from the test file... 
[thread_2] delete file ...
[thread_3] open the test file...
[thread_3] Move the pointer to the end of the file...
[thread_3] read data from the test file... 
[thread_3] open the test file...
[thread_3] Move the pointer to the end of the file...
[thread_3] read data from the test file... 
[thread_1] open the test file with 'a+'.
[thread_1] write file ...
[thread_1] close the file ...
[thread_1] the current file size=1025 byte ...
[thread_3] open the test file...
[thread_3] Move the pointer to the end of the file...
[thread_3] read data from the test file... 
[thread_3] open the test file...
[thread_3] Move the pointer to the end of the file...
[thread_3] read data from the test file... 
[thread_2] A file name is randomly generated, name=2vm#y%#%#wF5I7T .
[thread_2] Use this name to create a file.
[thread_2] create file success !
[thread_2] Write to this file !
[thread_2] write file success !
[thread_2] close this file !
[thread_1] open the test file with 'a+'.
[thread_1] write file ...
[thread_1] close the file ...
[thread_1] the current file size=2049 byte ...
[thread_3] open the test file...
[thread_3] Move the pointer to the end of the file...
[thread_3] read data from the test file... 
[thread_2] delete file ...
[thread_3] open the test file...
[thread_3] Move the pointer to the end of the file...
[thread_3] read data from the test file... 
[thread_3] open the test file...
[thread_3] Move the pointer to the end of the file...
[thread_3] read data from the test file... 
[thread_1] open the test file with 'a+'.
[thread_1] write file ...
[thread_1] close the file ...
[thread_1] the current file size=3073 byte ...
[thread_3] open the test file...
[thread_3] Move the pointer to the end of the file...
[thread_3] read data from the test file... 
[thread_3] open the test file...
[thread_3] Move the pointer to the end of the file...
[thread_3] read data from the test file... 
[thread_2] A file name is randomly generated, name=gnA%%$C800Yq%Au .
[thread_2] Use this name to create a file.
[thread_2] create file success !
[thread_2] Write to this file !
[thread_2] write file success !
[thread_2] close this file !
[thread_1] open the test file with 'a+'.
[thread_1] write file ...
[thread_1] close the file ...
[thread_1] the current file size=4097 byte ...
[thread_1] The test file exceeds the specified size, Redirect the file pointer position
[thread_3] open the test file...
[thread_3] Move the pointer to the end of the file...
[thread_3] read data from the test file... 
[thread_2] delete file ...
[thread_3] open the test file...
[thread_3] Move the pointer to the end of the file...
[thread_3] read data from the test file... 
[thread_3] open the test file...
[thread_3] Move the pointer to the end of the file...
[thread_3] read data from the test file... 
[thread_1] open the test file with 'a+'.
[thread_1] write file ...
[thread_1] close the file ...
[thread_1] the current file size=1025 byte ...
[thread_3] open the test file...
[thread_3] Move the pointer to the end of the file...
[thread_3] read data from the test file... 
[thread_3] open the test file...
[thread_3] Move the pointer to the end of the file...
[thread_3] read data from the test file... 
[thread_2] A file name is randomly generated, name=W$e0G1D9WO7#34Z .
[thread_2] Use this name to create a file.
[thread_2] create file success !
[thread_2] Write to this file !
[thread_2] write file success !
[thread_2] close this file !
[thread_1] open the test file with 'a+'.
[thread_1] write file ...
[thread_1] close the file ...
[thread_1] the current file size=2049 byte ...
[thread_3] open the test file...
[thread_3] Move the pointer to the end of the file...
[thread_3] read data from the test file... 
[thread_2] delete file ...
[thread_3] open the test file...
[thread_3] Move the pointer to the end of the file...
[thread_3] read data from the test file... 
[thread_3] open the test file...
[thread_3] Move the pointer to the end of the file...
[thread_3] read data from the test file... 
[thread_1] open the test file with 'a+'.
[thread_1] write file ...
[thread_1] close the file ...
[thread_1] the current file size=3073 byte ...
[thread_3] open the test file...
[thread_3] Move the pointer to the end of the file...
[thread_3] read data from the test file... 
[thread_3] open the test file...
[thread_3] Move the pointer to the end of the file...
[thread_3] read data from the test file... 
[thread_2] A file name is randomly generated, name=%I86$42#lP32Tt$ .
[thread_2] Use this name to create a file.
[thread_2] create file success !
[thread_2] Write to this file !
[thread_2] write file success !
[thread_2] close this file !
[thread_1] open the test file with 'a+'.
[thread_1] write file ...
[thread_1] close the file ...
[thread_1] the current file size=4097 byte ...
[thread_1] The test file exceeds the specified size, Redirect the file pointer position
[thread_3] open the test file...
[thread_3] Move the pointer to the end of the file...
[thread_3] read data from the test file... 
[thread_2] delete file ...
[thread_3] open the test file...
[thread_3] Move the pointer to the end of the file...
[thread_3] read data from the test file... 
[thread_3] open the test file...
[thread_3] Move the pointer to the end of the file...
[thread_3] read data from the test file... 
[thread_1] open the test file with 'a+'.
[thread_1] write file ...
[thread_1] close the file ...
[thread_1] the current file size=1025 byte ...
[thread_3] open the test file...
[thread_3] Move the pointer to the end of the file...
[thread_3] read data from the test file... 
[thread_3] open the test file...
[thread_3] Move the pointer to the end of the file...
[thread_3] read data from the test file... 
[thread_2] A file name is randomly generated, name=3$ev#26I$G7d%$$ .
[thread_2] Use this name to create a file.
[thread_2] create file success !
[thread_2] Write to this file !
[thread_2] write file success !
[thread_2] close this file !
[thread_1] open the test file with 'a+'.
[thread_1] write file ...
[thread_1] close the file ...
[thread_1] the current file size=2049 byte ...
[thread_3] open the test file...
[thread_3] Move the pointer to the end of the file...
[thread_3] read data from the test file... 
[thread_2] delete file ...
[thread_3] open the test file...
[thread_3] Move the pointer to the end of the file...
[thread_3] read data from the test file... 
[thread_3] open the test file...
[thread_3] Move the pointer to the end of the file...
[thread_3] read data from the test file... 
[thread_1] open the test file with 'a+'.
[thread_1] write file ...
[thread_1] close the file ...
[thread_1] the current file size=3073 byte ...
[thread_3] open the test file...
[thread_3] Move the pointer to the end of the file...
[thread_3] read data from the test file... 
[thread_3] open the test file...
[thread_3] Move the pointer to the end of the file...
[thread_3] read data from the test file... 
[thread_2] A file name is randomly generated, name=Re#6x#jJ$l664#0 .
[thread_2] Use this name to create a file.
[thread_2] create file success !
[thread_2] Write to this file !
[thread_2] write file success !
[thread_2] close this file !
[thread_1] open the test file with 'a+'.
[thread_1] write file ...
[thread_1] close the file ...
[thread_1] the current file size=4097 byte ...
[thread_1] The test file exceeds the specified size, Redirect the file pointer position
[thread_3] open the test file...
[thread_3] Move the pointer to the end of the file...
[thread_3] read data from the test file... 
[thread_2] delete file ...
[thread_3] open the test file...
[thread_3] Move the pointer to the end of the file...
[thread_3] read data from the test file... 
[thread_3] open the test file...
[thread_3] Move the pointer to the end of the file...
[thread_3] read data from the test file... 
[thread_1] open the test file with 'a+'.
[thread_1] write file ...
[thread_1] close the file ...
[thread_1] the current file size=1025 byte ...
[thread_3] open the test file...
[thread_3] Move the pointer to the end of the file...
[thread_3] read data from the test file... 
[thread_3] open the test file...
[thread_3] Move the pointer to the end of the file...
[thread_3] read data from the test file... 
[thread_2] A file name is randomly generated, name=$k$wSQ$gmU$72kF .
[thread_2] Use this name to create a file.
[thread_2] create file success !
[thread_2] Write to this file !
[thread_2] write file success !
[thread_2] close this file !
[thread_1] open the test file with 'a+'.
[thread_1] write file ...
[thread_1] close the file ...
[thread_1] the current file size=2049 byte ...
[thread_3] open the test file...
[thread_3] Move the pointer to the end of the file...
[thread_3] read data from the test file... 
[thread_2] delete file ...
[thread_3] open the test file...
[thread_3] Move the pointer to the end of the file...
[thread_3] read data from the test file... 
[thread_3] open the test file...
[thread_3] Move the pointer to the end of the file...
[thread_3] read data from the test file... 
[thread_1] open the test file with 'a+'.
[thread_1] write file ...
[thread_1] close the file ...
[thread_1] the current file size=3073 byte ...
[thread_3] open the test file...
[thread_3] Move the pointer to the end of the file...
[thread_3] read data from the test file... 
[thread_3] open the test file...
[thread_3] Move the pointer to the end of the file...
[thread_3] read data from the test file... 
[thread_2] A file name is randomly generated, name=744cB59ZV1#Y$9O .
[thread_2] Use this name to create a file.
[thread_2] create file success !
[thread_2] Write to this file !
[thread_2] write file success !
[thread_2] close this file !
[thread_1] open the test file with 'a+'.
[thread_1] write file ...
[thread_1] close the file ...
[thread_1] the current file size=4097 byte ...
[thread_1] The test file exceeds the specified size, Redirect the file pointer position
[thread_3] open the test file...
[thread_3] Move the pointer to the end of the file...
[thread_3] read data from the test file... 
[thread_2] delete file ...
[thread_3] open the test file...
[thread_3] Move the pointer to the end of the file...
[thread_3] read data from the test file... 
[thread_3] open the test file...
[thread_3] Move the pointer to the end of the file...
[thread_3] read data from the test file... 
[thread_1] open the test file with 'a+'.
[thread_1] write file ...
[thread_1] close the file ...
[thread_1] the current file size=1025 byte ...
[thread_3] open the test file...
[thread_3] Move the pointer to the end of the file...
[thread_3] read data from the test file... 
[thread_3] open the test file...
[thread_3] Move the pointer to the end of the file...
[thread_3] read data from the test file... 
[thread_2] A file name is randomly generated, name=di2e%2$nxN$%Z0X .
[thread_2] Use this name to create a file.
[thread_2] create file success !
[thread_2] Write to this file !
[thread_2] write file success !
[thread_2] close this file !
[thread_1] open the test file with 'a+'.
[thread_1] write file ...
[thread_1] close the file ...
[thread_1] the current file size=2049 byte ...
[thread_3] open the test file...
[thread_3] Move the pointer to the end of the file...
[thread_3] read data from the test file... 
[thread_2] delete file ...
[thread_3] open the test file...
[thread_3] Move the pointer to the end of the file...
[thread_3] read data from the test file... 
[thread_3] open the test file...
[thread_3] Move the pointer to the end of the file...
[thread_3] read data from the test file... 
[thread_1] open the test file with 'a+'.
[thread_1] write file ...
[thread_1] close the file ...
[thread_1] the current file size=3073 byte ...
[thread_3] open the test file...
[thread_3] Move the pointer to the end of the file...
[thread_3] read data from the test file... 
[thread_3] open the test file...
[thread_3] Move the pointer to the end of the file...
[thread_3] read data from the test file... 
[thread_2] A file name is randomly generated, name=#6%UHrE1%$$B0R% .
[thread_2] Use this name to create a file.
[thread_2] create file success !
[thread_2] Write to this file !
[thread_2] write file success !
[thread_2] close this file !
[thread_1] open the test file with 'a+'.
[thread_1] write file ...
[thread_1] close the file ...
[thread_1] the current file size=4097 byte ...
[thread_1] The test file exceeds the specified size, Redirect the file pointer position
[thread_3] open the test file...
[thread_3] Move the pointer to the end of the file...
[thread_3] read data from the test file... 
[thread_2] delete file ...
[thread_3] open the test file...
[thread_3] Move the pointer to the end of the file...
[thread_3] read data from the test file... 
[thread_3] open the test file...
[thread_3] Move the pointer to the end of the file...
[thread_3] read data from the test file... 
[thread_1] open the test file with 'a+'.
[thread_1] write file ...
[thread_1] close the file ...
[thread_1] the current file size=1025 byte ...
[thread_3] open the test file...
[thread_3] Move the pointer to the end of the file...
[thread_3] read data from the test file... 
[thread_3] open the test file...
[thread_3] Move the pointer to the end of the file...
[thread_3] read data from the test file... 
[thread_2] A file name is randomly generated, name=07t6f4%Ph%%v9l% .
[thread_2] Use this name to create a file.
[thread_2] create file success !
[thread_2] Write to this file !
[thread_2] write file success !
[thread_2] close this file !
[thread_1] open the test file with 'a+'.
[thread_1] write file ...
[thread_1] close the file ...
[thread_1] the current file size=2049 byte ...
[thread_3] open the test file...
[thread_3] Move the pointer to the end of the file...
[thread_3] read data from the test file... 
[thread_2] delete file ...
[thread_3] open the test file...
[thread_3] Move the pointer to the end of the file...
[thread_3] read data from the test file... 
[thread_3] open the test file...
[thread_3] Move the pointer to the end of the file...
[thread_3] read data from the test file... 
[thread_1] open the test file with 'a+'.
[thread_1] write file ...
[thread_1] close the file ...
[thread_1] the current file size=3073 byte ...
[thread_3] open the test file...
[thread_3] Move the pointer to the end of the file...
[thread_3] read data from the test file... 
[thread_3] open the test file...
[thread_3] Move the pointer to the end of the file...
[thread_3] read data from the test file... 
[thread_2] A file name is randomly generated, name=1$b5%57L$u96mF8 .
[thread_2] Use this name to create a file.
[thread_2] create file success !
[thread_2] Write to this file !
[thread_2] write file success !
[thread_2] close this file !
[thread_1] open the test file with 'a+'.
[thread_1] write file ...
[thread_1] close the file ...
[thread_1] the current file size=4097 byte ...
[thread_1] The test file exceeds the specified size, Redirect the file pointer position
[thread_3] open the test file...
[thread_3] Move the pointer to the end of the file...
[thread_3] read data from the test file... 
[thread_2] delete file ...
[thread_3] open the test file...
[thread_3] Move the pointer to the end of the file...
[thread_3] read data from the test file... 
[thread_3] open the test file...
[thread_3] Move the pointer to the end of the file...
[thread_3] read data from the test file... 
[thread_1] open the test file with 'a+'.
[thread_1] write file ...
[thread_1] close the file ...
[thread_1] the current file size=1025 byte ...
[thread_3] open the test file...
[thread_3] Move the pointer to the end of the file...
[thread_3] read data from the test file... 
[thread_3] open the test file...
[thread_3] Move the pointer to the end of the file...
[thread_3] read data from the test file... 
[thread_2] A file name is randomly generated, name=OV8#$253#10d%$d .
[thread_2] Use this name to create a file.
[thread_2] create file success !
[thread_2] Write to this file !
[thread_2] write file success !
[thread_2] close this file !
[thread_1] open the test file with 'a+'.
[thread_1] write file ...
[thread_1] close the file ...
[thread_1] the current file size=2049 byte ...
[thread_3] open the test file...
[thread_3] Move the pointer to the end of the file...
[thread_3] read data from the test file... 
[thread_2] delete file ...
[thread_3] open the test file...
[thread_3] Move the pointer to the end of the file...
[thread_3] read data from the test file... 
[thread_3] open the test file...
[thread_3] Move the pointer to the end of the file...
[thread_3] read data from the test file... 
[thread_1] open the test file with 'a+'.
[thread_1] write file ...
[thread_1] close the file ...
[thread_1] the current file size=3073 byte ...
[thread_3] open the test file...
[thread_3] Move the pointer to the end of the file...
[thread_3] read data from the test file... 
[thread_3] open the test file...
[thread_3] Move the pointer to the end of the file...
[thread_3] read data from the test file... 
[thread_2] A file name is randomly generated, name=$tI#%7$%ZQ#%MF0 .
[thread_2] Use this name to create a file.
[thread_2] create file success !
[thread_2] Write to this file !
[thread_2] write file success !
[thread_2] close this file !
[thread_1] open the test file with 'a+'.
[thread_1] write file ...
[thread_1] close the file ...
[thread_1] the current file size=4097 byte ...
[thread_1] The test file exceeds the specified size, Redirect the file pointer position
[thread_3] open the test file...
[thread_3] Move the pointer to the end of the file...
[thread_3] read data from the test file... 
[thread_2] delete file ...
[thread_3] open the test file...
[thread_3] Move the pointer to the end of the file...
[thread_3] read data from the test file... 
[thread_3] open the test file...
[thread_3] Move the pointer to the end of the file...
[thread_3] read data from the test file... 
[thread_1] open the test file with 'a+'.
[thread_1] write file ...
[thread_1] close the file ...
[thread_1] the current file size=1025 byte ...
[thread_3] open the test file...
[thread_3] Move the pointer to the end of the file...
[thread_3] read data from the test file... 
[thread_3] open the test file...
[thread_3] Move the pointer to the end of the file...
[thread_3] read data from the test file... 
[thread_2] A file name is randomly generated, name=n6b6$y#AQ$$$OzA .
[thread_2] Use this name to create a file.
[thread_2] create file success !
[thread_2] Write to this file !
[thread_2] write file success !
[thread_2] close this file !
[thread_1] open the test file with 'a+'.
[thread_1] write file ...
[thread_1] close the file ...
[thread_1] the current file size=2049 byte ...
[thread_3] open the test file...
[thread_3] Move the pointer to the end of the file...
[thread_3] read data from the test file... 
[thread_2] delete file ...
[thread_3] open the test file...
[thread_3] Move the pointer to the end of the file...
[thread_3] read data from the test file... 
[thread_3] open the test file...
[thread_3] Move the pointer to the end of the file...
[thread_3] read data from the test file... 
[thread_1] open the test file with 'a+'.
[thread_1] write file ...
[thread_1] close the file ...
[thread_1] the current file size=3073 byte ...
[thread_3] open the test file...
[thread_3] Move the pointer to the end of the file...
[thread_3] read data from the test file... 
[thread_3] open the test file...
[thread_3] Move the pointer to the end of the file...
[thread_3] read data from the test file... 
[thread_2] A file name is randomly generated, name=TvaP$9a#PdR1%YU .
[thread_2] Use this name to create a file.
[thread_2] create file success !
[thread_2] Write to this file !
[thread_2] write file success !
[thread_2] close this file !
[thread_1] open the test file with 'a+'.
[thread_1] write file ...
[thread_1] close the file ...
[thread_1] the current file size=4097 byte ...
[thread_1] The test file exceeds the specified size, Redirect the file pointer position
[thread_3] open the test file...
[thread_3] Move the pointer to the end of the file...
[thread_3] read data from the test file... 
[thread_2] delete file ...
[thread_3] open the test file...
[thread_3] Move the pointer to the end of the file...
[thread_3] read data from the test file... 
[thread_3] open the test file...
[thread_3] Move the pointer to the end of the file...
[thread_3] read data from the test file... 
[thread_1] open the test file with 'a+'.
[thread_1] write file ...
[thread_1] close the file ...
[thread_1] the current file size=1025 byte ...
[thread_3] open the test file...
[thread_3] Move the pointer to the end of the file...
[thread_3] read data from the test file... 
[thread_3] open the test file...
[thread_3] Move the pointer to the end of the file...
[thread_3] read data from the test file... 
[thread_2] A file name is randomly generated, name=#1P$Y4Yl263U%x6 .
[thread_2] Use this name to create a file.
[thread_2] create file success !
[thread_2] Write to this file !
[thread_2] write file success !
[thread_2] close this file !
[thread_1] open the test file with 'a+'.
[thread_1] write file ...
[thread_1] close the file ...
[thread_1] the current file size=2049 byte ...
[thread_3] open the test file...
[thread_3] Move the pointer to the end of the file...
[thread_3] read data from the test file... 
[thread_2] delete file ...
[thread_3] open the test file...
[thread_3] Move the pointer to the end of the file...
[thread_3] read data from the test file... 
[thread_3] open the test file...
[thread_3] Move the pointer to the end of the file...
[thread_3] read data from the test file... 
[thread_1] open the test file with 'a+'.
[thread_1] write file ...
[thread_1] close the file ...
[thread_1] the current file size=3073 byte ...
[thread_3] open the test file...
[thread_3] Move the pointer to the end of the file...
[thread_3] read data from the test file... 
[thread_3] open the test file...
[thread_3] Move the pointer to the end of the file...
[thread_3] read data from the test file... 
[thread_2] A file name is randomly generated, name=q%7M9V$ftU46#m0 .
[thread_2] Use this name to create a file.
[thread_2] create file success !
[thread_2] Write to this file !
[thread_2] write file success !
[thread_2] close this file !
[thread_1] open the test file with 'a+'.
[thread_1] write file ...
[thread_1] close the file ...
[thread_1] the current file size=4097 byte ...
[thread_1] The test file exceeds the specified size, Redirect the file pointer position
[thread_3] open the test file...
[thread_3] Move the pointer to the end of the file...
[thread_3] read data from the test file... 
[thread_2] delete file ...
[thread_3] open the test file...
[thread_3] Move the pointer to the end of the file...
[thread_3] read data from the test file... 
[thread_3] open the test file...
[thread_3] Move the pointer to the end of the file...
[thread_3] read data from the test file... 
[thread_1] open the test file with 'a+'.
[thread_1] write file ...
[thread_1] close the file ...
[thread_1] the current file size=1025 byte ...
[thread_3] open the test file...
[thread_3] Move the pointer to the end of the file...
[thread_3] read data from the test file... 
[thread_3] open the test file...
[thread_3] Move the pointer to the end of the file...
[thread_3] read data from the test file... 
[thread_2] A file name is randomly generated, name=PP9b%s#1l#P%10x .
[thread_2] Use this name to create a file.
[thread_2] create file success !
[thread_2] Write to this file !
[thread_2] write file success !
[thread_2] close this file !
[thread_1] open the test file with 'a+'.
[thread_1] write file ...
[thread_1] close the file ...
[thread_1] the current file size=2049 byte ...
[thread_3] open the test file...
[thread_3] Move the pointer to the end of the file...
[thread_3] read data from the test file... 
[thread_2] delete file ...
[thread_3] open the test file...
[thread_3] Move the pointer to the end of the file...
[thread_3] read data from the test file... 
[thread_3] open the test file...
[thread_3] Move the pointer to the end of the file...
[thread_3] read data from the test file... 
[thread_1] open the test file with 'a+'.
[thread_1] write file ...
[thread_1] close the file ...
[thread_1] the current file size=3073 byte ...
[thread_3] open the test file...
[thread_3] Move the pointer to the end of the file...
[thread_3] read data from the test file... 
[thread_3] open the test file...
[thread_3] Move the pointer to the end of the file...
[thread_3] read data from the test file... 
[thread_2] A file name is randomly generated, name=V%yc1$Y$JHL%5k# .
[thread_2] Use this name to create a file.
[thread_2] create file success !
[thread_2] Write to this file !
[thread_2] write file success !
[thread_2] close this file !
[thread_1] open the test file with 'a+'.
[thread_1] write file ...
[thread_1] close the file ...
[thread_1] the current file size=4097 byte ...
[thread_1] The test file exceeds the specified size, Redirect the file pointer position
[thread_3] open the test file...
[thread_3] Move the pointer to the end of the file...
[thread_3] read data from the test file... 
[thread_2] delete file ...
[thread_3] open the test file...
[thread_3] Move the pointer to the end of the file...
[thread_3] read data from the test file... 
[thread_3] open the test file...
[thread_3] Move the pointer to the end of the file...
[thread_3] read data from the test file... 
[thread_1] open the test file with 'a+'.
[thread_1] write file ...
[thread_1] close the file ...
[thread_1] the current file size=1025 byte ...
[thread_3] open the test file...
[thread_3] Move the pointer to the end of the file...
[thread_3] read data from the test file... 
[thread_2] A file name is randomly generated, name=94q#NaO%VDF5#L$ .
[thread_2] Use this name to create a file.
[thread_2] create file success !
[thread_2] Write to this file !
[thread_2] write file success !
[thread_2] close this file !
[thread_3] open the test file...
[thread_3] Move the pointer to the end of the file...
[thread_3] read data from the test file... 
[thread_1] open the test file with 'a+'.
[thread_1] write file ...
[thread_1] close the file ...
[thread_1] the current file size=2049 byte ...
[thread_3] open the test file...
[thread_3] Move the pointer to the end of the file...
[thread_3] read data from the test file... 
[thread_2] delete file ...
[thread_3] open the test file...
[thread_3] Move the pointer to the end of the file...
[thread_3] read data from the test file... 
[thread_3] open the test file...
[thread_3] Move the pointer to the end of the file...
[thread_3] read data from the test file... 
[thread_1] open the test file with 'a+'.
[thread_1] write file ...
[thread_1] close the file ...
[thread_1] the current file size=3073 byte ...
[thread_3] open the test file...
[thread_3] Move the pointer to the end of the file...
[thread_3] read data from the test file... 
[thread_2] A file name is randomly generated, name=rup$Zw1brW1$3S% .
[thread_2] Use this name to create a file.
[thread_2] create file success !
[thread_2] Write to this file !
[thread_2] write file success !
[thread_2] close this file !
[thread_3] open the test file...
[thread_3] Move the pointer to the end of the file...
[thread_3] read data from the test file... 
[thread_1] open the test file with 'a+'.
[thread_1] write file ...
[thread_1] close the file ...
[thread_1] the current file size=4097 byte ...
[thread_1] The test file exceeds the specified size, Redirect the file pointer position
[thread_3] open the test file...
[thread_3] Move the pointer to the end of the file...
[thread_3] read data from the test file... 
[thread_2] delete file ...
[thread_3] open the test file...
[thread_3] Move the pointer to the end of the file...
[thread_3] read data from the test file... 
[thread_3] open the test file...
[thread_3] Move the pointer to the end of the file...
[thread_3] read data from the test file... 
[thread_1] open the test file with 'a+'.
[thread_1] write file ...
[thread_1] close the file ...
[thread_1] the current file size=1025 byte ...
[thread_3] open the test file...
[thread_3] Move the pointer to the end of the file...
[thread_3] read data from the test file... 
[thread_2] A file name is randomly generated, name=Q7RH#S$v7o4c$K8 .
[thread_2] Use this name to create a file.
[thread_2] create file success !
[thread_2] Write to this file !
[thread_2] write file success !
[thread_2] close this file !
[thread_3] open the test file...
[thread_3] Move the pointer to the end of the file...
[thread_3] read data from the test file... 
[thread_1] open the test file with 'a+'.
[thread_1] write file ...
[thread_1] close the file ...
[thread_1] the current file size=2049 byte ...
[thread_3] open the test file...
[thread_3] Move the pointer to the end of the file...
[thread_3] read data from the test file... 
[thread_2] delete file ...
[thread_3] open the test file...
[thread_3] Move the pointer to the end of the file...
[thread_3] read data from the test file... 
[thread_3] open the test file...
[thread_3] Move the pointer to the end of the file...
[thread_3] read data from the test file... 
[thread_1] open the test file with 'a+'.
[thread_1] write file ...
[thread_1] close the file ...
[thread_1] the current file size=3073 byte ...
[thread_3] open the test file...
[thread_3] Move the pointer to the end of the file...
[thread_3] read data from the test file... 
[thread_2] A file name is randomly generated, name=%1O2%S2P$zg7l7a .
[thread_2] Use this name to create a file.
[thread_2] create file success !
[thread_2] Write to this file !
[thread_2] write file success !
[thread_2] close this file !
[thread_3] open the test file...
[thread_3] Move the pointer to the end of the file...
[thread_3] read data from the test file... 
[thread_1] open the test file with 'a+'.
[thread_1] write file ...
[thread_1] close the file ...
[thread_1] the current file size=4097 byte ...
[thread_1] The test file exceeds the specified size, Redirect the file pointer position
[thread_3] open the test file...
[thread_3] Move the pointer to the end of the file...
[thread_3] read data from the test file... 
[thread_2] delete file ...
[thread_3] open the test file...
[thread_3] Move the pointer to the end of the file...
[thread_3] read data from the test file... 
[thread_3] open the test file...
[thread_3] Move the pointer to the end of the file...
[thread_3] read data from the test file... 
[thread_1] open the test file with 'a+'.
[thread_1] write file ...
[thread_1] close the file ...
[thread_1] the current file size=1025 byte ...
[thread_3] open the test file...
[thread_3] Move the pointer to the end of the file...
[thread_3] read data from the test file... 
[thread_2] A file name is randomly generated, name=m$#L%nmc%1%m25% .
[thread_2] Use this name to create a file.
[thread_2] create file success !
[thread_2] Write to this file !
[thread_2] write file success !
[thread_2] close this file !
[thread_3] open the test file...
[thread_3] Move the pointer to the end of the file...
[thread_3] read data from the test file... 
[thread_1] open the test file with 'a+'.
[thread_1] write file ...
[thread_1] close the file ...
[thread_1] the current file size=2049 byte ...
[thread_3] open the test file...
[thread_3] Move the pointer to the end of the file...
[thread_3] read data from the test file... 
[thread_2] delete file ...
[thread_3] open the test file...
[thread_3] Move the pointer to the end of the file...
[thread_3] read data from the test file... 
[thread_3] open the test file...
[thread_3] Move the pointer to the end of the file...
[thread_3] read data from the test file... 
[thread_1] open the test file with 'a+'.
[thread_1] write file ...
[thread_1] close the file ...
[thread_1] the current file size=3073 byte ...
[thread_3] open the test file...
[thread_3] Move the pointer to the end of the file...
[thread_3] read data from the test file... 
[thread_2] A file name is randomly generated, name=V7w#9%$#aL#yb6% .
[thread_2] Use this name to create a file.
[thread_2] create file success !
[thread_2] Write to this file !
[thread_2] write file success !
[thread_2] close this file !
[thread_3] open the test file...
[thread_3] Move the pointer to the end of the file...
[thread_3] read data from the test file... 
[thread_1] open the test file with 'a+'.
[thread_1] write file ...
[thread_1] close the file ...
[thread_1] the current file size=4097 byte ...
[thread_1] The test file exceeds the specified size, Redirect the file pointer position
[thread_3] open the test file...
[thread_3] Move the pointer to the end of the file...
[thread_3] read data from the test file... 
[thread_2] delete file ...
[thread_3] open the test file...
[thread_3] Move the pointer to the end of the file...
[thread_3] read data from the test file... 
[thread_3] open the test file...
[thread_3] Move the pointer to the end of the file...
[thread_3] read data from the test file... 
[thread_1] open the test file with 'a+'.
[thread_1] write file ...
[thread_1] close the file ...
[thread_1] the current file size=1025 byte ...
[thread_3] open the test file...
[thread_3] Move the pointer to the end of the file...
[thread_3] read data from the test file... 
[thread_2] A file name is randomly generated, name=$%q$u%%$%4$8Oe% .
[thread_2] Use this name to create a file.
[thread_2] create file success !
[thread_2] Write to this file !
[thread_2] write file success !
[thread_2] close this file !
[thread_3] open the test file...
[thread_3] Move the pointer to the end of the file...
[thread_3] read data from the test file... 
[thread_1] open the test file with 'a+'.
[thread_1] write file ...
[thread_1] close the file ...
[thread_1] the current file size=2049 byte ...
[thread_3] open the test file...
[thread_3] Move the pointer to the end of the file...
[thread_3] read data from the test file... 
[thread_2] delete file ...
[thread_3] open the test file...
[thread_3] Move the pointer to the end of the file...
[thread_3] read data from the test file... 
[thread_3] open the test file...
[thread_3] Move the pointer to the end of the file...
[thread_3] read data from the test file... 
[thread_1] open the test file with 'a+'.
[thread_1] write file ...
[thread_1] close the file ...
[thread_1] the current file size=3073 byte ...
[thread_3] open the test file...
[thread_3] Move the pointer to the end of the file...
[thread_3] read data from the test file... 
[thread_2] A file name is randomly generated, name=kp#%VLBiJ$TK1n3 .
[thread_2] Use this name to create a file.
[thread_2] create file success !
[thread_2] Write to this file !
[thread_2] write file success !
[thread_2] close this file !
[thread_3] open the test file...
[thread_3] Move the pointer to the end of the file...
[thread_3] read data from the test file... 
[thread_1] open the test file with 'a+'.
[thread_1] write file ...
[thread_1] close the file ...
[thread_1] the current file size=4097 byte ...
[thread_1] The test file exceeds the specified size, Redirect the file pointer position
[thread_3] open the test file...
[thread_3] Move the pointer to the end of the file...
[thread_3] read data from the test file... 
[thread_2] delete file ...
[thread_3] open the test file...
[thread_3] Move the pointer to the end of the file...
[thread_3] read data from the test file... 
[thread_3] open the test file...
[thread_3] Move the pointer to the end of the file...
[thread_3] read data from the test file... 
[thread_1] open the test file with 'a+'.
[thread_1] write file ...
[thread_1] close the file ...
[thread_1] the current file size=1025 byte ...
[thread_3] open the test file...
[thread_3] Move the pointer to the end of the file...
[thread_3] read data from the test file... 
[thread_2] A file name is randomly generated, name=qE%8UpT#zUk5X62 .
[thread_2] Use this name to create a file.
[thread_2] create file success !
[thread_2] Write to this file !
[thread_2] write file success !
[thread_2] close this file !
[thread_3] open the test file...
[thread_3] Move the pointer to the end of the file...
[thread_3] read data from the test file... 
[thread_1] open the test file with 'a+'.
[thread_1] write file ...
[thread_1] close the file ...
[thread_1] the current file size=2049 byte ...
[thread_3] open the test file...
[thread_3] Move the pointer to the end of the file...
[thread_3] read data from the test file... 
[thread_2] delete file ...
[thread_3] open the test file...
[thread_3] Move the pointer to the end of the file...
[thread_3] read data from the test file... 
[thread_3] open the test file...
[thread_3] Move the pointer to the end of the file...
[thread_3] read data from the test file... 
[thread_1] open the test file with 'a+'.
[thread_1] write file ...
[thread_1] close the file ...
[thread_1] the current file size=3073 byte ...
[thread_3] open the test file...
[thread_3] Move the pointer to the end of the file...
[thread_3] read data from the test file... 
[thread_2] A file name is randomly generated, name=XDSSwD$H$JIq1Ei .
[thread_2] Use this name to create a file.
[thread_2] create file success !
[thread_2] Write to this file !
[thread_2] write file success !
[thread_2] close this file !
[thread_3] open the test file...
[thread_3] Move the pointer to the end of the file...
[thread_3] read data from the test file... 
[thread_1] open the test file with 'a+'.
[thread_1] write file ...
[thread_1] close the file ...
[thread_1] the current file size=4097 byte ...
[thread_1] The test file exceeds the specified size, Redirect the file pointer position
[thread_3] open the test file...
[thread_3] Move the pointer to the end of the file...
[thread_3] read data from the test file... 
[thread_2] delete file ...
[thread_3] open the test file...
[thread_3] Move the pointer to the end of the file...
[thread_3] read data from the test file... 
[thread_3] open the test file...
[thread_3] Move the pointer to the end of the file...
[thread_3] read data from the test file... 
[thread_1] open the test file with 'a+'.
[thread_1] write file ...
[thread_1] close the file ...
[thread_1] the current file size=1025 byte ...
[thread_3] open the test file...
[thread_3] Move the pointer to the end of the file...
[thread_3] read data from the test file... 
[thread_2] A file name is randomly generated, name=72FYN$#$4zgd$aM .
[thread_2] Use this name to create a file.
[thread_2] create file success !
[thread_2] Write to this file !
[thread_2] write file success !
[thread_2] close this file !
[thread_3] open the test file...
[thread_3] Move the pointer to the end of the file...
[thread_3] read data from the test file... 
[thread_1] open the test file with 'a+'.
[thread_1] write file ...
[thread_1] close the file ...
[thread_1] the current file size=2049 byte ...
[thread_3] open the test file...
[thread_3] Move the pointer to the end of the file...
[thread_3] read data from the test file... 
[thread_2] delete file ...
[thread_3] open the test file...
[thread_3] Move the pointer to the end of the file...
[thread_3] read data from the test file... 
[thread_3] open the test file...
[thread_3] Move the pointer to the end of the file...
[thread_3] read data from the test file... 
[thread_1] open the test file with 'a+'.
[thread_1] write file ...
[thread_1] close the file ...
[thread_1] the current file size=3073 byte ...
[thread_3] open the test file...
[thread_3] Move the pointer to the end of the file...
[thread_3] read data from the test file... 
[thread_2] A file name is randomly generated, name=l$0273#K%6X5O0$ .
[thread_2] Use this name to create a file.
[thread_2] create file success !
[thread_2] Write to this file !
[thread_2] write file success !
[thread_2] close this file !
[thread_3] open the test file...
[thread_3] Move the pointer to the end of the file...
[thread_3] read data from the test file... 
[thread_1] open the test file with 'a+'.
[thread_1] write file ...
[thread_1] close the file ...
[thread_1] the current file size=4097 byte ...
[thread_1] The test file exceeds the specified size, Redirect the file pointer position
[thread_3] open the test file...
[thread_3] Move the pointer to the end of the file...
[thread_3] read data from the test file... 
[thread_2] delete file ...
[thread_3] open the test file...
[thread_3] Move the pointer to the end of the file...
[thread_3] read data from the test file... 
[thread_3] open the test file...
[thread_3] Move the pointer to the end of the file...
[thread_3] read data from the test file... 
[thread_1] open the test file with 'a+'.
[thread_1] write file ...
[thread_1] close the file ...
[thread_1] the current file size=1025 byte ...
[thread_3] open the test file...
[thread_3] Move the pointer to the end of the file...
[thread_3] read data from the test file... 
[thread_2] A file name is randomly generated, name=S8dYr6eag$1T5Y1 .
[thread_2] Use this name to create a file.
[thread_2] create file success !
[thread_2] Write to this file !
[thread_2] write file success !
[thread_2] close this file !
[thread_3] open the test file...
[thread_3] Move the pointer to the end of the file...
[thread_3] read data from the test file... 
[thread_1] open the test file with 'a+'.
[thread_1] write file ...
[thread_1] close the file ...
[thread_1] the current file size=2049 byte ...
[thread_3] open the test file...
[thread_3] Move the pointer to the end of the file...
[thread_3] read data from the test file... 
[thread_2] delete file ...
[thread_3] open the test file...
[thread_3] Move the pointer to the end of the file...
[thread_3] read data from the test file... 
[thread_3] open the test file...
[thread_3] Move the pointer to the end of the file...
[thread_3] read data from the test file... 
[thread_1] open the test file with 'a+'.
[thread_1] write file ...
[thread_1] close the file ...
[thread_1] the current file size=3073 byte ...
[thread_3] open the test file...
[thread_3] Move the pointer to the end of the file...
[thread_3] read data from the test file... 
[thread_2] A file name is randomly generated, name=#$LFaIlihT09KY# .
[thread_2] Use this name to create a file.
[thread_2] create file success !
[thread_2] Write to this file !
[thread_2] write file success !
[thread_2] close this file !
[thread_3] open the test file...
[thread_3] Move the pointer to the end of the file...
[thread_3] read data from the test file... 
[thread_1] open the test file with 'a+'.
[thread_1] write file ...
[thread_1] close the file ...
[thread_1] the current file size=4097 byte ...
[thread_1] The test file exceeds the specified size, Redirect the file pointer position
[thread_3] open the test file...
[thread_3] Move the pointer to the end of the file...
[thread_3] read data from the test file... 
[thread_2] delete file ...
[thread_3] open the test file...
[thread_3] Move the pointer to the end of the file...
[thread_3] read data from the test file... 
[thread_3] open the test file...
[thread_3] Move the pointer to the end of the file...
[thread_3] read data from the test file... 
[thread_1] open the test file with 'a+'.
[thread_1] write file ...
[thread_1] close the file ...
[thread_1] the current file size=1025 byte ...
[thread_3] open the test file...
[thread_3] Move the pointer to the end of the file...
[thread_3] read data from the test file... 
[thread_2] A file name is randomly generated, name=o$0eZI60fvPj%%% .
[thread_2] Use this name to create a file.
[thread_2] create file success !
[thread_2] Write to this file !
[thread_2] write file success !
[thread_2] close this file !
[thread_3] open the test file...
[thread_3] Move the pointer to the end of the file...
[thread_3] read data from the test file... 
[thread_1] open the test file with 'a+'.
[thread_1] write file ...
[thread_1] close the file ...
[thread_1] the current file size=2049 byte ...
[thread_3] open the test file...
[thread_3] Move the pointer to the end of the file...
[thread_3] read data from the test file... 
[thread_2] delete file ...
[thread_3] open the test file...
[thread_3] Move the pointer to the end of the file...
[thread_3] read data from the test file... 
[thread_3] open the test file...
[thread_3] Move the pointer to the end of the file...
[thread_3] read data from the test file... 
[thread_1] open the test file with 'a+'.
[thread_1] write file ...
[thread_1] close the file ...
[thread_1] the current file size=3073 byte ...
[thread_3] open the test file...
[thread_3] Move the pointer to the end of the file...
[thread_3] read data from the test file... 
[thread_2] A file name is randomly generated, name=%5s7Y#i%37$G#9# .
[thread_2] Use this name to create a file.
[thread_2] create file success !
[thread_2] Write to this file !
[thread_2] write file success !
[thread_2] close this file !
[thread_3] open the test file...
[thread_3] Move the pointer to the end of the file...
[thread_3] read data from the test file... 
[thread_1] open the test file with 'a+'.
[thread_1] write file ...
[thread_1] close the file ...
[thread_1] the current file size=4097 byte ...
[thread_1] The test file exceeds the specified size, Redirect the file pointer position
[thread_3] open the test file...
[thread_3] Move the pointer to the end of the file...
[thread_3] read data from the test file... 
[thread_2] delete file ...
[thread_3] open the test file...
[thread_3] Move the pointer to the end of the file...
[thread_3] read data from the test file... 
[thread_3] open the test file...
[thread_3] Move the pointer to the end of the file...
[thread_3] read data from the test file... 
[thread_1] open the test file with 'a+'.
[thread_1] write file ...
[thread_1] close the file ...
[thread_1] the current file size=1025 byte ...
[thread_3] open the test file...
[thread_3] Move the pointer to the end of the file...
[thread_3] read data from the test file... 
[thread_2] A file name is randomly generated, name=1$70rCyZum33LKa .
[thread_2] Use this name to create a file.
[thread_2] create file success !
[thread_2] Write to this file !
[thread_2] write file success !
[thread_2] close this file !
[thread_3] open the test file...
[thread_3] Move the pointer to the end of the file...
[thread_3] read data from the test file... 
[thread_1] open the test file with 'a+'.
[thread_1] write file ...
[thread_1] close the file ...
[thread_1] the current file size=2049 byte ...
[thread_3] open the test file...
[thread_3] Move the pointer to the end of the file...
[thread_3] read data from the test file... 
[thread_2] delete file ...
[thread_3] open the test file...
[thread_3] Move the pointer to the end of the file...
[thread_3] read data from the test file... 
[thread_3] open the test file...
[thread_3] Move the pointer to the end of the file...
[thread_3] read data from the test file... 
[thread_1] open the test file with 'a+'.
[thread_1] write file ...
[thread_1] close the file ...
[thread_1] the current file size=3073 byte ...
[thread_3] open the test file...
[thread_3] Move the pointer to the end of the file...
[thread_3] read data from the test file... 
[thread_2] A file name is randomly generated, name=98k8QfWM%e#0l3# .
[thread_2] Use this name to create a file.
[thread_2] create file success !
[thread_2] Write to this file !
[thread_2] write file success !
[thread_2] close this file !
[thread_3] open the test file...
[thread_3] Move the pointer to the end of the file...
[thread_3] read data from the test file... 
[thread_1] open the test file with 'a+'.
[thread_1] write file ...
[thread_1] close the file ...
[thread_1] the current file size=4097 byte ...
[thread_1] The test file exceeds the specified size, Redirect the file pointer position
[thread_3] open the test file...
[thread_3] Move the pointer to the end of the file...
[thread_3] read data from the test file... 
[thread_2] delete file ...
[thread_3] open the test file...
[thread_3] Move the pointer to the end of the file...
[thread_3] read data from the test file... 
[thread_3] open the test file...
[thread_3] Move the pointer to the end of the file...
[thread_3] read data from the test file... 
[thread_1] open the test file with 'a+'.
[thread_1] write file ...
[thread_1] close the file ...
[thread_1] the current file size=1025 byte ...
[thread_3] open the test file...
[thread_3] Move the pointer to the end of the file...
[thread_3] read data from the test file... 
[thread_2] A file name is randomly generated, name=ppAfQ%bl5q$#N$$ .
[thread_2] Use this name to create a file.
[thread_2] create file success !
[thread_2] Write to this file !
[thread_2] write file success !
[thread_2] close this file !
[thread_3] open the test file...
[thread_3] Move the pointer to the end of the file...
[thread_3] read data from the test file... 
[thread_1] open the test file with 'a+'.
[thread_1] write file ...
[thread_1] close the file ...
[thread_1] the current file size=2049 byte ...
[thread_3] open the test file...
[thread_3] Move the pointer to the end of the file...
[thread_3] read data from the test file... 
[thread_2] delete file ...
[thread_3] open the test file...
[thread_3] Move the pointer to the end of the file...
[thread_3] read data from the test file... 
[thread_3] open the test file...
[thread_3] Move the pointer to the end of the file...
[thread_3] read data from the test file... 
[thread_1] open the test file with 'a+'.
[thread_1] write file ...
[thread_1] close the file ...
[thread_1] the current file size=3073 byte ...
[thread_3] open the test file...
[thread_3] Move the pointer to the end of the file...
[thread_3] read data from the test file... 
[thread_2] A file name is randomly generated, name=%Pyxm1C9JL0uvhh .
[thread_2] Use this name to create a file.
[thread_2] create file success !
[thread_2] Write to this file !
[thread_2] write file success !
[thread_2] close this file !
[thread_3] open the test file...
[thread_3] Move the pointer to the end of the file...
[thread_3] read data from the test file... 
[thread_1] open the test file with 'a+'.
[thread_1] write file ...
[thread_1] close the file ...
[thread_1] the current file size=4097 byte ...
[thread_1] The test file exceeds the specified size, Redire[cthread_3t]  tohpee nf itlhee  ptoeisntt efri lpeo.s.i.ti
o[nthread_3]
 Move the pointer to the end of the file...
[thread_3] read data from the test file... 
[thread_2] delete file ...
[thread_3] open the test file...
[thread_3] Move the pointer to the end of the file...
[thread_3] read data from the test file... 
[thread_3] open the test file...
[thread_3] Move the pointer to the end of the file...
[thread_3] read data from the test file... 
[thread_1] open the test file with 'a+'.
[thread_1] write file ...
[thread_1] close the file ...
[thread_1] the current file size=1025 byte ...
[thread_3] open the test file...
[thread_3] Move the pointer to the end of the file...
[thread_3] read data from the test file... 
[thread_2] A file name is randomly generated, name=5A1#DHI1%%q9T85 .
[thread_2] Use this name to create a file.
[thread_2] create file success !
[thread_2] Write to this file !
[thread_2] write file success !
[thread_2] close this file !
[thread_3] open the test file...
[thread_3] Move the pointer to the end of the file...
[thread_3] read data from the test file... 
[thread_1] open the test file with 'a+'.
[thread_1] write file ...
[thread_1] close the file ...
[thread_1] the current file size=2049 byte ...
[thread_3] open the test file...
[thread_3] Move the pointer to the end of the file...
[thread_3] read data from the test file... 
[thread_2] delete file ...
[thread_3] open the test file...
[thread_3] Move the pointer to the end of the file...
[thread_3] read data from the test file... 
[thread_3] open the test file...
[thread_3] Move the pointer to the end of the file...
[thread_3] read data from the test file... 
[thread_1] open the test file with 'a+'.
[thread_1] write file ...
[thread_1] close the file ...
[thread_1] the current file size=3073 byte ...
[thread_3] open the test file...
[thread_3] Move the pointer to the end of the file...
[thread_3] read data from the test file... 
[thread_2] A file name is randomly generated, name=o4t#Z%#9$bX%7#$ .
[thread_2] Use this name to create a file.
[thread_2] create file success !
[thread_2] Write to this file !
[thread_2] write file success !
[thread_2] close this file !
[thread_3] open the test file...
[thread_3] Move the pointer to the end of the file...
[thread_3] read data from the test file... 
[thread_1] open the test file with 'a+'.
[thread_1] write file ...
[thread_1] close the file ...
[thread_1] the current file size=4097 byte ...
[thread_1] The test file exceeds the specified size, Redirect the file pointer position
[thread_3] open the test file...
[thread_3] Move the pointer to the end of the file...
[thread_3] read data from the test file... 
[thread_2] delete file ...
[thread_3] open the test file...
[thread_3] Move the pointer to the end of the file...
[thread_3] read data from the test file... 
[thread_3] open the test file...
[thread_3] Move the pointer to the end of the file...
[thread_3] read data from the test file... 
[thread_1] open the test file with 'a+'.
[thread_1] write file ...
[thread_1] close the file ...
[thread_1] the current file size=1025 byte ...
[thread_3] open the test file...
[thread_3] Move the pointer to the end of the file...
[thread_3] read data from the test file... 
[thread_2] A file name is randomly generated, name=%w2ja0x50X%V48Q .
[thread_2] Use this name to create a file.
[thread_2] create file success !
[thread_2] Write to this file !
[thread_2] write file success !
[thread_2] close this file !
[thread_3] open the test file...
[thread_3] Move the pointer to the end of the file...
[thread_3] read data from the test file... 
[thread_1] open the test file with 'a+'.
[thread_1] write file ...
[thread_1] close the file ...
[thread_1] the current file size=2049 byte ...
[thread_3] open the test file...
[thread_3] Move the pointer to the end of the file...
[thread_3] read data from the test file... 
[thread_2] delete file ...
[thread_3] open the test file...
[thread_3] Move the pointer to the end of the file...
[thread_3] read data from the test file... 
[thread_3] open the test file...
[thread_3] Move the pointer to the end of the file...
[thread_3] read data from the test file... 
[thread_1] open the test file with 'a+'.
[thread_1] write file ...
[thread_1] close the file ...
[thread_1] the current file size=3073 byte ...
[thread_3] open the test file...
[thread_3] Move the pointer to the end of the file...
[thread_3] read data from the test file... 
[thread_2] A file name is randomly generated, name=6FBSt#58044NZP# .
[thread_2] Use this name to create a file.
[thread_2] create file success !
[thread_2] Write to this file !
[thread_2] write file success !
[thread_2] close this file !
[thread_3] open the test file...
[thread_3] Move the pointer to the end of the file...
[thread_3] read data from the test file... 
[thread_1] open the test file with 'a+'.
[thread_1] write file ...
[thread_1] close the file ...
[thread_1] the current file size=4097 byte ...
[thread_1] The test file exceeds the specified size, Redirect the file pointer position
[thread_3] open the test file...
[thread_3] Move the pointer to the end of the file...
[thread_3] read data from the test file... 
[thread_2] delete file ...
[thread_3] open the test file...
[thread_3] Move the pointer to the end of the file...
[thread_3] read data from the test file... 
[thread_3] open the test file...
[thread_3] Move the pointer to the end of the file...
[thread_3] read data from the test file... 
[thread_1] open the test file with 'a+'.
[thread_1] write file ...
[thread_1] close the file ...
[thread_1] the current file size=1025 byte ...
[thread_3] open the test file...
[thread_3] Move the pointer to the end of the file...
[thread_3] read data from the test file... 
[thread_2] A file name is randomly generated, name=jK%2%%D$$nBS2gy .
[thread_2] Use this name to create a file.
[thread_2] create file success !
[thread_2] Write to this file !
[thread_2] write file success !
[thread_2] close this file !
[thread_3] open the test file...
[thread_3] Move the pointer to the end of the file...
[thread_3] read data from the test file... 
[thread_1] open the test file with 'a+'.
[thread_1] write file ...
[thread_1] close the file ...
[thread_1] the current file size=2049 byte ...
[thread_3] open the test file...
[thread_3] Move the pointer to the end of the file...
[thread_3] read data from the test file... 
[thread_2] delete file ...
[thread_3] open the test file...
[thread_3] Move the pointer to the end of the file...
[thread_3] read data from the test file... 
[thread_3] open the test file...
[thread_3] Move the pointer to the end of the file...
[thread_3] read data from the test file... 
[thread_1] open the test file with 'a+'.
[thread_1] write file ...
[thread_1] close the file ...
[thread_1] the current file size=3073 byte ...
[thread_3] open the test file...
[thread_3] Move the pointer to the end of the file...
[thread_3] read data from the test file... 
[thread_2] A file name is randomly generated, name=#$2%$Hx%79i%ov1 .
[thread_2] Use this name to create a file.
[thread_2] create file success !
[thread_2] Write to this file !
[thread_2] write file success !
[thread_2] close this file !
[thread_3] open the test file...
[thread_3] Move the pointer to the end of the file...
[thread_3] read data from the test file... 
[thread_1] open the test file with 'a+'.
[thread_1] write file ...
[thread_1] close the file ...
[thread_1] the current file size=4097 byte ...
[thread_1] The test file exceeds the specified size, Redirect the file pointer position
[thread_3] open the test file...
[thread_3] Move the pointer to the end of the file...
[thread_3] read data from the test file... 
[thread_2] delete file ...
[thread_3] open the test file...
[thread_3] Move the pointer to the end of the file...
[thread_3] read data from the test file... 
[thread_3] open the test file...
[thread_3] Move the pointer to the end of the file...
[thread_3] read data from the test file... 
[thread_1] open the test file with 'a+'.
[thread_1] write file ...
[thread_1] close the file ...
[thread_1] the current file size=1025 byte ...
[thread_3] open the test file...
[thread_3] Move the pointer to the end of the file...
[thread_3] read data from the test file... 
[thread_2] A file name is randomly generated, name=%##S412wqK%#uCs .
[thread_2] Use this name to create a file.
[thread_2] create file success !
[thread_2] Write to this file !
[thread_2] write file success !
[thread_2] close this file !
[thread_3] open the test file...
[thread_3] Move the pointer to the end of the file...
[thread_3] read data from the test file... 
[thread_1] open the test file with 'a+'.
[thread_1] write file ...
[thread_1] close the file ...
[thread_1] the current file size=2049 byte ...
[thread_3] open the test file...
[thread_3] Move the pointer to the end of the file...
[thread_3] read data from the test file... 
[thread_2] delete file ...
[thread_3] open the test file...
[thread_3] Move the pointer to the end of the file...
[thread_3] read data from the test file... 
[thread_3] open the test file...
[thread_3] Move the pointer to the end of the file...
[thread_3] read data from the test file... 
[thread_1] open the test file with 'a+'.
[thread_1] write file ...
[thread_1] close the file ...
[thread_1] the current file size=3073 byte ...
[thread_3] open the test file...
[thread_3] Move the pointer to the end of the file...
[thread_3] read data from the test file... 
[thread_2] A file name is randomly generated, name=795#r994PT17t6l .
[thread_2] Use this name to create a file.
[thread_2] create file success !
[thread_2] Write to this file !
[thread_2] write file success !
[thread_2] close this file !
[thread_3] open the test file...
[thread_3] Move the pointer to the end of the file...
[thread_3] read data from the test file... 
[thread_1] open the test file with 'a+'.
[thread_1] write file ...
[thread_1] close the file ...
[thread_1] the current file size=4097 byte ...
[thread_1] The test file exceeds the specified size, Redirect the file pointer position
[thread_3] open the test file...
[thread_3] Move the pointer to the end of the file...
[thread_3] read data from the test file... 
[thread_2] delete file ...
[thread_3] open the test file...
[thread_3] Move the pointer to the end of the file...
[thread_3] read data from the test file... 
[thread_3] open the test file...
[thread_3] Move the pointer to the end of the file...
[thread_3] read data from the test file... 
[thread_1] open the test file with 'a+'.
[thread_1] write file ...
[thread_1] close the file ...
[thread_1] the current file size=1025 byte ...
[thread_3] open the test file...
[thread_3] Move the pointer to the end of the file...
[thread_3] read data from the test file... 
[thread_2] A file name is randomly generated, name=k#0pQ$usu$7go40 .
[thread_2] Use this name to create a file.
[thread_2] create file success !
[thread_2] Write to this file !
[thread_2] write file success !
[thread_2] close this file !
[thread_3] open the test file...
[thread_3] Move the pointer to the end of the file...
[thread_3] read data from the test file... 
[thread_1] open the test file with 'a+'.
[thread_1] write file ...
[thread_1] close the file ...
[thread_1] the current file size=2049 byte ...
[thread_3] open the test file...
[thread_3] Move the pointer to the end of the file...
[thread_3] read data from the test file... 
[thread_2] delete file ...
[thread_3] open the test file...
[thread_3] Move the pointer to the end of the file...
[thread_3] read data from the test file... 
[thread_3] open the test file...
[thread_3] Move the pointer to the end of the file...
[thread_3] read data from the test file... 
[thread_1] open the test file with 'a+'.
[thread_1] write file ...
[thread_1] close the file ...
[thread_1] the current file size=3073 byte ...
[thread_3] open the test file...
[thread_3] Move the pointer to the end of the file...
[thread_3] read data from the test file... 
[thread_2] A file name is randomly generated, name=#BO%9OM2D9R3r#2 .
[thread_2] Use this name to create a file.
[thread_2] create file success !
[thread_2] Write to this file !
[thread_2] write file success !
[thread_2] close this file !
[thread_3] open the test file...
[thread_3] Move the pointer to the end of the file...
[thread_3] read data from the test file... 
[thread_1] open the test file with 'a+'.
[thread_1] write file ...
[thread_1] close the file ...
[thread_1] the current file size=4097 byte ...
[thread_1] The test file exceeds the specified size, Redirect the file pointer position
[thread_3] open the test file...
[thread_3] Move the pointer to the end of the file...
[thread_3] read data from the test file... 
[thread_2] delete file ...
[thread_3] open the test file...
[thread_3] Move the pointer to the end of the file...
[thread_3] read data from the test file... 
[thread_3] open the test file...
[thread_3] Move the pointer to the end of the file...
[thread_3] read data from the test file... 
[thread_1] open the test file with 'a+'.
[thread_1] write file ...
[thread_1] close the file ...
[thread_1] the current file size=1025 byte ...
[thread_3] open the test file...
[thread_3] Move the pointer to the end of the file...
[thread_3] read data from the test file... 
[thread_2] A file name is randomly generated, name=0j9izM38#u%j%$0 .
[thread_2] Use this name to create a file.
[thread_2] create file success !
[thread_2] Write to this file !
[thread_2] write file success !
[thread_2] close this file !
[thread_3] open the test file...
[thread_3] Move the pointer to the end of the file...
[thread_3] read data from the test file... 
[thread_1] open the test file with 'a+'.
[thread_1] write file ...
[thread_1] close the file ...
[thread_1] the current file size=2049 byte ...
[thread_3] open the test file...
[thread_3] Move the pointer to the end of the file...
[thread_3] read data from the test file... 
[thread_2] delete file ...
[thread_3] open the test file...
[thread_3] Move the pointer to the end of the file...
[thread_3] read data from the test file... 
[thread_3] open the test file...
[thread_3] Move the pointer to the end of the file...
[thread_3] read data from the test file... 
[thread_1] open the test file with 'a+'.
[thread_1] write file ...
[thread_1] close the file ...
[thread_1] the current file size=3073 byte ...
[thread_3] open the test file...
[thread_3] Move the pointer to the end of the file...
[thread_3] read data from the test file... 
[thread_2] A file name is randomly generated, name=p##$%RJ$Loh$$2A .
[thread_2] Use this name to create a file.
[thread_2] create file success !
[thread_2] Write to this file !
[thread_2] write file success !
[thread_2] close this file !
[thread_3] open the test file...
[thread_3] Move the pointer to the end of the file...
[thread_3] read data from the test file... 
[thread_1] open the test file with 'a+'.
[thread_1] write file ...
[thread_1] close the file ...
[thread_1] the current file size=4097 byte ...
[thread_1] The test file exceeds the specified size, Redirect the file pointer position
[thread_3] open the test file...
[thread_3] Move the pointer to the end of the file...
[thread_3] read data from the test file... 
[thread_2] delete file ...
[thread_3] open the test file...
[thread_3] Move the pointer to the end of the file...
[thread_3] read data from the test file... 
[thread_3] open the test file...
[thread_3] Move the pointer to the end of the file...
[thread_3] read data from the test file... 
[thread_1] open the test file with 'a+'.
[thread_1] write file ...
[thread_1] close the file ...
[thread_1] the current file size=1025 byte ...
[thread_3] open the test file...
[thread_3] Move the pointer to the end of the file...
[thread_3] read data from the test file... 
[thread_2] A file name is randomly generated, name=%0x#ZK#yYg#H2## .
[thread_2] Use this name to create a file.
[thread_2] create file success !
[thread_2] Write to this file !
[thread_2] write file success !
[thread_2] close this file !
[thread_3] open the test file...
[thread_3] Move the pointer to the end of the file...
[thread_3] read data from the test file... 
[thread_1] open the test file with 'a+'.
[thread_1] write file ...
[thread_1] close the file ...
[thread_1] the current file size=2049 byte ...
[thread_3] open the test file...
[thread_3] Move the pointer to the end of the file...
[thread_3] read data from the test file... 
[thread_2] delete file ...
[thread_3] open the test file...
[thread_3] Move the pointer to the end of the file...
[thread_3] read data from the test file... 
[thread_3] open the test file...
[thread_3] Move the pointer to the end of the file...
[thread_3] read data from the test file... 
[thread_1] open the test file with 'a+'.
[thread_1] write file ...
[thread_1] close the file ...
[thread_1] the current file size=3073 byte ...
[thread_3] open the test file...
[thread_3] Move the pointer to the end of the file...
[thread_3] read data from the test file... 
[thread_2] A file name is randomly generated, name=4rIp4aYy62zx%%I .
[thread_2] Use this name to create a file.
[thread_2] create file success !
[thread_2] Write to this file !
[thread_2] write file success !
[thread_2] close this file !
[thread_3] open the test file...
[thread_3] Move the pointer to the end of the file...
[thread_3] read data from the test file... 
[thread_1] open the test file with 'a+'.
[thread_1] write file ...
[thread_1] close the file ...
[thread_1] the current file size=4097 byte ...
[thread_1] The test file exceeds the specified size, Redirect the file pointer position
[thread_3] open the test file...
[thread_3] Move the pointer to the end of the file...
[thread_3] read data from the test file... 
[thread_2] delete file ...
[thread_3] open the test file...
[thread_3] Move the pointer to the end of the file...
[thread_3] read data from the test file... 
[thread_3] open the test file...
[thread_3] Move the pointer to the end of the file...
[thread_3] read data from the test file... 
[thread_1] open the test file with 'a+'.
[thread_1] write file ...
[thread_1] close the file ...
[thread_1] the current file size=1025 byte ...
[thread_3] open the test file...
[thread_3] Move the pointer to the end of the file...
[thread_3] read data from the test file... 
[thread_2] A file name is randomly generated, name=l0A7#9F27JDqY87 .
[thread_2] Use this name to create a file.
[thread_2] create file success !
[thread_2] Write to this file !
[thread_2] write file success !
[thread_2] close this file !
[thread_3] open the test file...
[thread_3] Move the pointer to the end of the file...
[thread_3] read data from the test file... 
[thread_1] open the test file with 'a+'.
[thread_1] write file ...
[thread_1] close the file ...
[thread_1] the current file size=2049 byte ...
[thread_3] open the test file...
[thread_3] Move the pointer to the end of the file...
[thread_3] read data from the test file... 
[thread_2] delete file ...
[thread_3] open the test file...
[thread_3] Move the pointer to the end of the file...
[thread_3] read data from the test file... 
[thread_3] open the test file...
[thread_3] Move the pointer to the end of the file...
[thread_3] read data from the test file... 
[thread_1] open the test file with 'a+'.
[thread_1] write file ...
[thread_1] close the file ...
[thread_1] the current file size=3073 byte ...
[thread_3] open the test file...
[thread_3] Move the pointer to the end of the file...
[thread_3] read data from the test file... 
[thread_2] A file name is randomly generated, name=AFOPL1lx2aY$33u .
[thread_2] Use this name to create a file.
[thread_2] create file success !
[thread_2] Write to this file !
[thread_2] write file success !
[thread_2] close this file !
[thread_3] open the test file...
[thread_3] Move the pointer to the end of the file...
[thread_3] read data from the test file... 
[thread_1] open the test file with 'a+'.
[thread_1] write file ...
[thread_1] close the file ...
[thread_1] the current file size=4097 byte ...
[thread_1] The test file exceeds the specified size, Redirect the file pointer[ thread_3p]o soipteino nth
e test file...
[thread_3] Move the pointer to the end of the file...
[thread_3] read data from the test file... 
[thread_2] delete file ...
[thread_3] open the test file...
[thread_3] Move the pointer to the end of the file...
[thread_3] read data from the test file... 
[thread_3] open the test file...
[thread_3] Move the pointer to the end of the file...
[thread_3] read data from the test file... 
[thread_1] open the test file with 'a+'.
[thread_1] write file ...
[thread_1] close the file ...
[thread_1] the current file size=1025 byte ...
[thread_3] open the test file...
[thread_3] Move the pointer to the end of the file...
[thread_3] read data from the test file... 
[thread_2] A file name is randomly generated, name=#%pK6wjIS%%%8x3 .
[thread_2] Use this name to create a file.
[thread_2] create file success !
[thread_2] Write to this file !
[thread_2] write file success !
[thread_2] close this file !
[thread_3] open the test file...
[thread_3] Move the pointer to the end of the file...
[thread_3] read data from the test file... 
[thread_1] open the test file with 'a+'.
[thread_1] write file ...
[thread_1] close the file ...
[thread_1] the current file size=2049 byte ...
[thread_3] open the test file...
[thread_3] Move the pointer to the end of the file...
[thread_3] read data from the test file... 
[thread_2] delete file ...
[thread_3] open the test file...
[thread_3] Move the pointer to the end of the file...
[thread_3] read data from the test file... 
[thread_3] open the test file...
[thread_3] Move the pointer to the end of the file...
[thread_3] read data from the test file... 
[thread_1] open the test file with 'a+'.
[thread_1] write file ...
[thread_1] close the file ...
[thread_1] the current file size=3073 byte ...
[thread_3] open the test file...
[thread_3] Move the pointer to the end of the file...
[thread_3] read data from the test file... 
[thread_2] A file name is randomly generated, name=xw8E#0yc3#g26%f .
[thread_2] Use this name to create a file.
[thread_2] create file success !
[thread_2] Write to this file !
[thread_2] write file success !
[thread_2] close this file !
[thread_3] open the test file...
[thread_3] Move the pointer to the end of the file...
[thread_3] read data from the test file... 
[thread_1] open the test file with 'a+'.
[thread_1] write file ...
[thread_1] close the file ...
[thread_1] the current file size=4097 byte ...
[thread_1] The test file exceeds the specified size, Redirect the file pointer position
[thread_3] open the test file...
[thread_3] Move the pointer to the end of the file...
[thread_3] read data from the test file... 
[thread_2] delete file ...
[thread_3] open the test file...
[thread_3] Move the pointer to the end of the file...
[thread_3] read data from the test file... 
[thread_3] open the test file...
[thread_3] Move the pointer to the end of the file...
[thread_3] read data from the test file... 
[thread_1] open the test file with 'a+'.
[thread_1] write file ...
[thread_1] close the file ...
[thread_1] the current file size=1025 byte ...
[thread_3] open the test file...
[thread_3] Move the pointer to the end of the file...
[thread_3] read data from the test file... 
[thread_2] A file name is randomly generated, name=Dc$#%$kI%$od5F# .
[thread_2] Use this name to create a file.
[thread_2] create file success !
[thread_2] Write to this file !
[thread_2] write file success !
[thread_2] close this file !
[thread_3] open the test file...
[thread_3] Move the pointer to the end of the file...
[thread_3] read data from the test file... 
[thread_1] open the test file with 'a+'.
[thread_1] write file ...
[thread_1] close the file ...
[thread_1] the current file size=2049 byte ...
[thread_3] open the test file...
[thread_3] Move the pointer to the end of the file...
[thread_3] read data from the test file... 
[thread_2] delete file ...
[thread_3] open the test file...
[thread_3] Move the pointer to the end of the file...
[thread_3] read data from the test file... 
[thread_3] open the test file...
[thread_3] Move the pointer to the end of the file...
[thread_3] read data from the test file... 
[thread_1] open the test file with 'a+'.
[thread_1] write file ...
[thread_1] close the file ...
[thread_1] the current file size=3073 byte ...
[thread_3] open the test file...
[thread_3] Move the pointer to the end of the file...
[thread_3] read data from the test file... 
[thread_2] A file name is randomly generated, name=#273lIj#4jb#67w .
[thread_2] Use this name to create a file.
[thread_2] create file success !
[thread_2] Write to this file !
[thread_2] write file success !
[thread_2] close this file !
[thread_3] open the test file...
[thread_3] Move the pointer to the end of the file...
[thread_3] read data from the test file... 
[thread_1] open the test file with 'a+'.
[thread_1] write file ...
[thread_1] close the file ...
[thread_1] the current file size=4097 byte ...
[thread_1] The test file exceeds the specified size, Redirect the file pointer position
[thread_3] open the test file...
[thread_3] Move the pointer to the end of the file...
[thread_3] read data from the test file... 
[thread_2] delete file ...
[thread_3] open the test file...
[thread_3] Move the pointer to the end of the file...
[thread_3] read data from the test file... 
[thread_3] open the test file...
[thread_3] Move the pointer to the end of the file...
[thread_3] read data from the test file... 
[thread_1] open the test file with 'a+'.
[thread_1] write file ...
[thread_1] close the file ...
[thread_1] the current file size=1025 byte ...
[thread_3] open the test file...
[thread_3] Move the pointer to the end of the file...
[thread_3] read data from the test file... 
[thread_2] A file name is randomly generated, name=z9563ULTu$%DjP$ .
[thread_2] Use this name to create a file.
[thread_2] create file success !
[thread_2] Write to this file !
[thread_2] write file success !
[thread_2] close this file !
[thread_3] open the test file...
[thread_3] Move the pointer to the end of the file...
[thread_3] read data from the test file... 
[thread_1] open the test file with 'a+'.
[thread_1] write file ...
[thread_1] close the file ...
[thread_1] the current file size=2049 byte ...
[thread_3] open the test file...
[thread_3] Move the pointer to the end of the file...
[thread_3] read data from the test file... 
[thread_2] delete file ...
[thread_3] open the test file...
[thread_3] Move the pointer to the end of the file...
[thread_3] read data from the test file... 
[thread_3] open the test file...
[thread_3] Move the pointer to the end of the file...
[thread_3] read data from the test file... 
[thread_1] open the test file with 'a+'.
[thread_1] write file ...
[thread_1] close the file ...
[thread_1] the current file size=3073 byte ...
[thread_3] open the test file...
[thread_3] Move the pointer to the end of the file...
[thread_3] read data from the test file... 
[thread_2] A file name is randomly generated, name=Y$4%$0#8##u76Ha .
[thread_2] Use this name to create a file.
[thread_2] create file success !
[thread_2] Write to this file !
[thread_2] write file success !
[thread_2] close this file !
[thread_3] open the test file...
[thread_3] Move the pointer to the end of the file...
[thread_3] read data from the test file... 
[thread_1] open the test file with 'a+'.
[thread_1] write file ...
[thread_1] close the file ...
[thread_1] the current file size=4097 byte ...
[thread_1] The test file exceeds the specified size, Redirect[ thread_3t]h eo pfeinl et hpeo itnetsetr  fpiolsei.t.i.on
[
thread_3] Move the pointer to the end of the file...
[thread_3] read data from the test file... 
[thread_2] delete file ...
[thread_3] open the test file...
[thread_3] Move the pointer to the end of the file...
[thread_3] read data from the test file... 
[thread_3] open the test file...
[thread_3] Move the pointer to the end of the file...
[thread_3] read data from the test file... 
[thread_1] open the test file with 'a+'.
[thread_1] write file ...
[thread_1] close the file ...
[thread_1] the current file size=1025 byte ...
[thread_3] open the test file...
[thread_3] Move the pointer to the end of the file...
[thread_3] read data from the test file... 
[thread_2] A file name is randomly generated, name=$$%L22se%X$$590 .
[thread_2] Use this name to create a file.
[thread_2] create file success !
[thread_2] Write to this file !
[thread_2] write file success !
[thread_2] close this file !
[thread_3] open the test file...
[thread_3] Move the pointer to the end of the file...
[thread_3] read data from the test file... 
[thread_1] open the test file with 'a+'.
[thread_1] write file ...
[thread_1] close the file ...
[thread_1] the current file size=2049 byte ...
[thread_3] open the test file...
[thread_3] Move the pointer to the end of the file...
[thread_3] read data from the test file... 
[thread_2] delete file ...
[thread_3] open the test file...
[thread_3] Move the pointer to the end of the file...
[thread_3] read data from the test file... 
[thread_3] open the test file...
[thread_3] Move the pointer to the end of the file...
[thread_3] read data from the test file... 
[thread_1] open the test file with 'a+'.
[thread_1] write file ...
[thread_1] close the file ...
[thread_1] the current file size=3073 byte ...
[thread_3] open the test file...
[thread_3] Move the pointer to the end of the file...
[thread_3] read data from the test file... 
[thread_2] A file name is randomly generated, name=#UlzosXMRG%A5lb .
[thread_2] Use this name to create a file.
[thread_2] create file success !
[thread_2] Write to this file !
[thread_2] write file success !
[thread_2] close this file !
[thread_3] open the test file...
[thread_3] Move the pointer to the end of the file...
[thread_3] read data from the test file... 
[thread_1] open the test file with 'a+'.
[thread_1] write file ...
[thread_1] close the file ...
[thread_1] the current file size=4097 byte ...
[thread_1] The test file exceeds the specified size, Redirect the file pointer position
[thread_3] open the test file...
[thread_3] Move the pointer to the end of the file...
[thread_3] read data from the test file... 
[thread_2] delete file ...
[thread_3] open the test file...
[thread_3] Move the pointer to the end of the file...
[thread_3] read data from the test file... 
[thread_3] open the test file...
[thread_3] Move the pointer to the end of the file...
[thread_3] read data from the test file... 
[thread_1] open the test file with 'a+'.
[thread_1] write file ...
[thread_1] close the file ...
[thread_1] the current file size=1025 byte ...
[thread_3] open the test file...
[thread_3] Move the pointer to the end of the file...
[thread_3] read data from the test file... 
[thread_2] A file name is randomly generated, name=t09%h$8ubZ$RZaL .
[thread_2] Use this name to create a file.
[thread_2] create file success !
[thread_2] Write to this file !
[thread_2] write file success !
[thread_2] close this file !
[thread_3] open the test file...
[thread_3] Move the pointer to the end of the file...
[thread_3] read data from the test file... 
[thread_1] open the test file with 'a+'.
[thread_1] write file ...
[thread_1] close the file ...
[thread_1] the current file size=2049 byte ...
[thread_3] open the test file...
[thread_3] Move the pointer to the end of the file...
[thread_3] read data from the test file... 
[thread_2] delete file ...
[thread_3] open the test file...
[thread_3] Move the pointer to the end of the file...
[thread_3] read data from the test file... 
[thread_3] open the test file...
[thread_3] Move the pointer to the end of the file...
[thread_3] read data from the test file... 
[thread_1] open the test file with 'a+'.
[thread_1] write file ...
[thread_1] close the file ...
[thread_1] the current file size=3073 byte ...
[thread_3] open the test file...
[thread_3] Move the pointer to the end of the file...
[thread_3] read data from the test file... 
[thread_2] A file name is randomly generated, name=Aqc4L#Ic#4qi$$1 .
[thread_2] Use this name to create a file.
[thread_2] create file success !
[thread_2] Write to this file !
[thread_2] write file success !
[thread_2] close this file !
[thread_3] open the test file...
[thread_3] Move the pointer to the end of the file...
[thread_3] read data from the test file... 
[thread_1] open the test file with 'a+'.
[thread_1] write file ...
[thread_1] close the file ...
[thread_1] the current file size=4097 byte ...
[thread_1] The test file exceeds the specified size, Redirect the file pointer position
[thread_3] open the test file...
[thread_3] Move the pointer to the end of the file...
[thread_3] read data from the test file... 
[thread_2] delete file ...
[thread_3] open the test file...
[thread_3] Move the pointer to the end of the file...
[thread_3] read data from the test file... 
[thread_3] open the test file...
[thread_3] Move the pointer to the end of the file...
[thread_3] read data from the test file... 
[thread_1] open the test file with 'a+'.
[thread_1] write file ...
[thread_1] close the file ...
[thread_1] the current file size=1025 byte ...
[thread_3] open the test file...
[thread_3] Move the pointer to the end of the file...
[thread_3] read data from the test file... 
[thread_2] A file name is randomly generated, name=%Gjm9WMtimul#IF .
[thread_2] Use this name to create a file.
[thread_2] create file success !
[thread_2] Write to this file !
[thread_2] write file success !
[thread_2] close this file !
[thread_3] open the test file...
[thread_3] Move the pointer to the end of the file...
[thread_3] read data from the test file... 
[thread_1] open the test file with 'a+'.
[thread_1] write file ...
[thread_1] close the file ...
[thread_1] the current file size=2049 byte ...
[thread_3] open the test file...
[thread_3] Move the pointer to the end of the file...
[thread_3] read data from the test file... 
[thread_2] delete file ...
[thread_3] open the test file...
[thread_3] Move the pointer to the end of the file...
[thread_3] read data from the test file... 
[thread_3] open the test file...
[thread_3] Move the pointer to the end of the file...
[thread_3] read data from the test file... 
[thread_1] open the test file with 'a+'.
[thread_1] write file ...
[thread_1] close the file ...
[thread_1] the current file size=3073 byte ...
[thread_3] open the test file...
[thread_3] Move the pointer to the end of the file...
[thread_3] read data from the test file... 
[thread_2] A file name is randomly generated, name=z7ujn%zb0Vy$vS% .
[thread_2] Use this name to create a file.
[thread_2] create file success !
[thread_2] Write to this file !
[thread_2] write file success !
[thread_2] close this file !
[thread_3] open the test file...
[thread_3] Move the pointer to the end of the file...
[thread_3] read data from the test file... 
[thread_1] open the test file with 'a+'.
[thread_1] write file ...
[thread_1] close the file ...
[thread_1] the current file size=4097 byte ...
[thread_1] The test file exceeds the specified size, Redirect the file pointer position
[thread_3] open the test file...
[thread_3] Move the pointer to the end of the file...
[thread_3] read data from the test file... 
[thread_2] delete file ...
[thread_3] open the test file...
[thread_3] Move the pointer to the end of the file...
[thread_3] read data from the test file... 
[thread_3] open the test file...
[thread_3] Move the pointer to the end of the file...
[thread_3] read data from the test file... 
[thread_1] open the test file with 'a+'.
[thread_1] write file ...
[thread_1] close the file ...
[thread_1] the current file size=1025 byte ...
[thread_3] open the test file...
[thread_3] Move the pointer to the end of the file...
[thread_3] read data from the test file... 
[thread_2] A file name is randomly generated, name=Y%vO#mF#C%$d8UG .
[thread_2] Use this name to create a file.
[thread_2] create file success !
[thread_2] Write to this file !
[thread_2] write file success !
[thread_2] close this file !
[thread_3] open the test file...
[thread_3] Move the pointer to the end of the file...
[thread_3] read data from the test file... 
[thread_1] open the test file with 'a+'.
[thread_1] write file ...
[thread_1] close the file ...
[thread_1] the current file size=2049 byte ...
[thread_3] open the test file...
[thread_3] Move the pointer to the end of the file...
[thread_3] read data from the test file... 
[thread_2] delete file ...
[thread_3] open the test file...
[thread_3] Move the pointer to the end of the file...
[thread_3] read data from the test file... 
[thread_3] open the test file...
[thread_3] Move the pointer to the end of the file...
[thread_3] read data from the test file... 
[thread_1] open the test file with 'a+'.
[thread_1] write file ...
[thread_1] close the file ...
[thread_1] the current file size=3073 byte ...
[thread_3] open the test file...
[thread_3] Move the pointer to the end of the file...
[thread_3] read data from the test file... 
[thread_2] A file name is randomly generated, name=$0lQ2T$2%SX%9$J .
[thread_2] Use this name to create a file.
[thread_2] create file success !
[thread_2] Write to this file !
[thread_2] write file success !
[thread_2] close this file !
[thread_3] open the test file...
[thread_3] Move the pointer to the end of the file...
[thread_3] read data from the test file... 
[thread_1] open the test file with 'a+'.
[thread_1] write file ...
[thread_3] open the test file...
[thread_3] Move the pointer to the end of the file...
[thread_1] close the file ...
[thread_1] the current file size=4097 byte ...
[thread_1] The test file exceeds the specified size, Redirect the file pointer position
[thread_3] read data from the test file... 
[thread_2] delete file ...
[thread_3] open the test file...
[thread_3] Move the pointer to the end of the file...
[thread_3] read data from the test file... 
[thread_3] open the test file...
[thread_3] Move the pointer to the end of the file...
[thread_3] read data from the test file... 
[thread_1] open the test file with 'a+'.
[thread_1] write file ...
[thread_1] close the file ...
[thread_1] the current file size=1025 byte ...
[thread_3] open the test file...
[thread_3] Move the pointer to the end of the file...
[thread_3] read data from the test file... 
[thread_2] A file name is randomly generated, name=uFDq$%8A$m$$iC$ .
[thread_2] Use this name to create a file.
[thread_2] create file success !
[thread_2] Write to this file !
[thread_2] write file success !
[thread_2] close this file !
[thread_3] open the test file...
[thread_3] Move the pointer to the end of the file...
[thread_3] read data from the test file... 
[thread_1] open the test file with 'a+'.
[thread_1] write file ...
[thread_1] close the file ...
[thread_1] the current file size=2049 byte ...
[thread_3] open the test file...
[thread_3] Move the pointer to the end of the file...
[thread_3] read data from the test file... 
[thread_2] delete file ...
[thread_3] open the test file...
[thread_3] Move the pointer to the end of the file...
[thread_3] read data from the test file... 
[thread_3] open the test file...
[thread_3] Move the pointer to the end of the file...
[thread_3] read data from the test file... 
[thread_1] open the test file with 'a+'.
[thread_1] write file ...
[thread_1] close the file ...
[thread_1] the current file size=3073 byte ...
[thread_3] open the test file...
[thread_3] Move the pointer to the end of the file...
[thread_3] read data from the test file... 
[thread_2] A file name is randomly generated, name=ALTq#833sM$JHNS .
[thread_2] Use this name to create a file.
[thread_2] create file success !
[thread_2] Write to this file !
[thread_2] write file success !
[thread_2] close this file !
[thread_3] open the test file...
[thread_3] Move the pointer to the end of the file...
[thread_3] read data from the test file... 
[thread_1] open the test file with 'a+'.
[thread_1] write file ...
[thread_1] close the file ...
[thread_1] the current file size=4097 byte ...
[thread_1] The test file exceeds the specified size, Redirect the file pointer position
[thread_3] open the test file...
[thread_3] Move the pointer to the end of the file...
[thread_3] read data from the test file... 
[thread_2] delete file ...
[thread_3] open the test file...
[thread_3] Move the pointer to the end of the file...
[thread_3] read data from the test file... 
[thread_3] open the test file...
[thread_3] Move the pointer to the end of the file...
[thread_3] read data from the test file... 
[thread_1] open the test file with 'a+'.
[thread_1] write file ...
[thread_1] close the file ...
[thread_1] the current file size=1025 byte ...
[thread_3] open the test file...
[thread_3] Move the pointer to the end of the file...
[thread_3] read data from the test file... 
[thread_2] A file name is randomly generated, name=ZqEEv23863%Be2r .
[thread_2] Use this name to create a file.
[thread_2] create file success !
[thread_2] Write to this file !
[thread_2] write file success !
[thread_2] close this file !
[thread_3] open the test file...
[thread_3] Move the pointer to the end of the file...
[thread_3] read data from the test file... 
[thread_1] open the test file with 'a+'.
[thread_1] write file ...
[thread_1] close the file ...
[thread_1] the current file size=2049 byte ...
[thread_3] open the test file...
[thread_3] Move the pointer to the end of the file...
[thread_3] read data from the test file... 
[thread_2] delete file ...
[thread_3] open the test file...
[thread_3] Move the pointer to the end of the file...
[thread_3] read data from the test file... 
[thread_3] open the test file...
[thread_3] Move the pointer to the end of the file...
[thread_3] read data from the test file... 
[thread_1] open the test file with 'a+'.
[thread_1] write file ...
[thread_1] close the file ...
[thread_1] the current file size=3073 byte ...
[thread_3] open the test file...
[thread_3] Move the pointer to the end of the file...
[thread_3] read data from the test file... 
[thread_2] A file name is randomly generated, name=$G#%nMMxBGi$1HS .
[thread_2] Use this name to create a file.
[thread_2] create file success !
[thread_2] Write to this file !
[thread_2] write file success !
[thread_2] close this file !
[thread_3] open the test file...
[thread_3] Move the pointer to the end of the file...
[thread_3] read data from the test file... 
[thread_1] open the test file with 'a+'.
[thread_1] write file ...
[thread_1] close the file ...
[thread_1] the current file size=4097 byte ...
[thread_1] The test file exceeds the specified size, Redirect the file pointer position
[thread_3] open the test file...
[thread_3] Move the pointer to the end of the file...
[thread_3] read data from the test file... 
[thread_2] delete file ...
[thread_3] open the test file...
[thread_3] Move the pointer to the end of the file...
[thread_3] read data from the test file... 
[thread_3] open the test file...
[thread_3] Move the pointer to the end of the file...
[thread_3] read data from the test file... 
[thread_1] open the test file with 'a+'.
[thread_1] write file ...
[thread_1] close the file ...
[thread_1] the current file size=1025 byte ...
[thread_3] open the test file...
[thread_3] Move the pointer to the end of the file...
[thread_3] read data from the test file... 
[thread_2] A file name is randomly generated, name=v1#Lc9H%$#hY2WX .
[thread_2] Use this name to create a file.
[thread_2] create file success !
[thread_2] Write to this file !
[thread_2] write file success !
[thread_2] close this file !
[thread_3] open the test file...
[thread_3] Move the pointer to the end of the file...
[thread_3] read data from the test file... 
[thread_1] open the test file with 'a+'.
[thread_1] write file ...
[thread_1] close the file ...
[thread_1] the current file size=2049 byte ...
[thread_3] open the test file...
[thread_3] Move the pointer to the end of the file...
[thread_3] read data from the test file... 
[thread_2] delete file ...
[thread_3] open the test file...
[thread_3] Move the pointer to the end of the file...
[thread_3] read data from the test file... 
[thread_3] open the test file...
[thread_3] Move the pointer to the end of the file...
[thread_3] read data from the test file... 
[thread_1] open the test file with 'a+'.
[thread_1] write file ...
[thread_1] close the file ...
[thread_1] the current file size=3073 byte ...
[thread_3] open the test file...
[thread_3] Move the pointer to the end of the file...
[thread_3] read data from the test file... 
[thread_2] A file name is randomly generated, name=Bf7$Zp$d#a%LI1# .
[thread_2] Use this name to create a file.
[thread_2] create file success !
[thread_2] Write to this file !
[thread_2] write file success !
[thread_2] close this file !
[thread_3] open the test file...
[thread_3] Move the pointer to the end of the file...
[thread_3] read data from the test file... 
[thread_1] open the test file with 'a+'.
[thread_1] write file ...
[thread_1] close the file ...
[thread_1] the current file size=4097 byte ...
[thread_1] The test file exceeds the specified size, Redirect the file pointer [pthread_3o]s iotpieonn t
he test file...
[thread_3] Move the pointer to the end of the file...
[thread_3] read data from the test file... 
[thread_2] delete file ...
[thread_3] open the test file...
[thread_3] Move the pointer to the end of the file...
[thread_3] read data from the test file... 
[thread_3] open the test file...
[thread_3] Move the pointer to the end of the file...
[thread_3] read data from the test file... 
[thread_1] open the test file with 'a+'.
[thread_1] write file ...
[thread_1] close the file ...
[thread_1] the current file size=1025 byte ...
[thread_3] open the test file...
[thread_3] Move the pointer to the end of the file...
[thread_3] read data from the test file... 
[thread_2] A file name is randomly generated, name=$42px0$U$l6Ki%E .
[thread_2] Use this name to create a file.
[thread_2] create file success !
[thread_2] Write to this file !
[thread_2] write file success !
[thread_2] close this file !
[thread_3] open the test file...
[thread_3] Move the pointer to the end of the file...
[thread_3] read data from the test file... 
[thread_1] open the test file with 'a+'.
[thread_1] write file ...
[thread_1] close the file ...
[thread_1] the current file size=2049 byte ...
[thread_3] open the test file...
[thread_3] Move the pointer to the end of the file...
[thread_3] read data from the test file... 
[thread_2] delete file ...
[thread_3] open the test file...
[thread_3] Move the pointer to the end of the file...
[thread_3] read data from the test file... 
[thread_3] open the test file...
[thread_3] Move the pointer to the end of the file...
[thread_3] read data from the test file... 
[thread_1] open the test file with 'a+'.
[thread_1] write file ...
[thread_1] close the file ...
[thread_1] the current file size=3073 byte ...
[thread_3] open the test file...
[thread_3] Move the pointer to the end of the file...
[thread_3] read data from the test file... 
[thread_2] A file name is randomly generated, name=y#1F4Clu6#yiV24 .
[thread_2] Use this name to create a file.
[thread_2] create file success !
[thread_2] Write to this file !
[thread_2] write file success !
[thread_2] close this file !
[thread_3] open the test file...
[thread_3] Move the pointer to the end of the file...
[thread_3] read data from the test file... 
[thread_1] open the test file with 'a+'.
[thread_1] write file ...
[thread_1] close the file ...
[thread_1] the current file size=4097 byte ...
[thread_1] The test file exceeds the specified size, Redirect the file pointer position
[thread_3] open the test file...
[thread_3] Move the pointer to the end of the file...
[thread_3] read data from the test file... 
[thread_2] delete file ...
[thread_3] open the test file...
[thread_3] Move the pointer to the end of the file...
[thread_3] read data from the test file... 
[thread_3] open the test file...
[thread_3] Move the pointer to the end of the file...
[thread_3] read data from the test file... 
[thread_1] open the test file with 'a+'.
[thread_1] write file ...
[thread_1] close the file ...
[thread_1] the current file size=1025 byte ...
[thread_3] open the test file...
[thread_3] Move the pointer to the end of the file...
[thread_3] read data from the test file... 
[thread_2] A file name is randomly generated, name=XV9e7fgg$7K$ubq .
[thread_2] Use this name to create a file.
[thread_2] create file success !
[thread_2] Write to this file !
[thread_2] write file success !
[thread_2] close this file !
[thread_3] open the test file...
[thread_3] Move the pointer to the end of the file...
[thread_3] read data from the test file... 
[thread_1] open the test file with 'a+'.
[thread_1] write file ...
[thread_1] close the file ...
[thread_1] the current file size=2049 byte ...
[thread_3] open the test file...
[thread_3] Move the pointer to the end of the file...
[thread_3] read data from the test file... 
[thread_2] delete file ...
[thread_3] open the test file...
[thread_3] Move the pointer to the end of the file...
[thread_3] read data from the test file... 
[thread_3] open the test file...
[thread_3] Move the pointer to the end of the file...
[thread_3] read data from the test file... 
[thread_1] open the test file with 'a+'.
[thread_1] write file ...
[thread_1] close the file ...
[thread_1] the current file size=3073 byte ...
[thread_3] open the test file...
[thread_3] Move the pointer to the end of the file...
[thread_3] read data from the test file... 
[thread_2] A file name is randomly generated, name=58l#g$CvU%$X$yR .
[thread_2] Use this name to create a file.
[thread_2] create file success !
[thread_2] Write to this file !
[thread_2] write file success !
[thread_2] close this file !
[thread_3] open the test file...
[thread_3] Move the pointer to the end of the file...
[thread_3] read data from the test file... 
[thread_1] open the test file with 'a+'.
[thread_1] write file ...
[thread_1] close the file ...
[thread_1] the current file size=4097 byte ...
[thread_1] The test file exceeds the specified size, Redirect the file pointer position
[thread_3] open the test file...
[thread_3] Move the pointer to the end of the file...
[thread_3] read data from the test file... 
[thread_2] delete file ...
[thread_3] open the test file...
[thread_3] Move the pointer to the end of the file...
[thread_3] read data from the test file... 
[thread_3] open the test file...
[thread_3] Move the pointer to the end of the file...
[thread_3] read data from the test file... 
[thread_1] open the test file with 'a+'.
[thread_1] write file ...
[thread_1] close the file ...
[thread_1] the current file size=1025 byte ...
[thread_3] open the test file...
[thread_3] Move the pointer to the end of the file...
[thread_3] read data from the test file... 
[thread_2] A file name is randomly generated, name=tyYO$w%5%lq#4bj .
[thread_2] Use this name to create a file.
[thread_2] create file success !
[thread_2] Write to this file !
[thread_2] write file success !
[thread_2] close this file !
[thread_3] open the test file...
[thread_3] Move the pointer to the end of the file...
[thread_3] read data from the test file... 
[thread_1] open the test file with 'a+'.
[thread_1] write file ...
[thread_1] close the file ...
[thread_1] the current file size=2049 byte ...
[thread_3] open the test file...
[thread_3] Move the pointer to the end of the file...
[thread_3] read data from the test file... 
[thread_2] delete file ...
[thread_3] open the test file...
[thread_3] Move the pointer to the end of the file...
[thread_3] read data from the test file... 
[thread_3] open the test file...
[thread_3] Move the pointer to the end of the file...
[thread_3] read data from the test file... 
[thread_1] open the test file with 'a+'.
[thread_1] write file ...
[thread_1] close the file ...
[thread_1] the current file size=3073 byte ...
[thread_3] open the test file...
[thread_3] Move the pointer to the end of the file...
[thread_3] read data from the test file... 
[thread_2] A file name is randomly generated, name=zNygD8rp9O%$17$ .
[thread_2] Use this name to create a file.
[thread_2] create file success !
[thread_2] Write to this file !
[thread_2] write file success !
[thread_2] close this file !
[thread_3] open the test file...
[thread_3] Move the pointer to the end of the file...
[thread_3] read data from the test file... 
[thread_1] open the test file with 'a+'.
[thread_1] write file ...
[thread_1] close the file ...
[thread_1] the current file size=4097 byte ...
[thread_1] The test file exceeds the specified size, Redirect the file pointer pos[ithread_3t]i oonpe
n the test file...
[thread_3] Move the pointer to the end of the file...
[thread_3] read data from the test file... 
[thread_2] delete file ...
[thread_3] open the test file...
[thread_3] Move the pointer to the end of the file...
[thread_3] read data from the test file... 
[thread_3] open the test file...
[thread_3] Move the pointer to the end of the file...
[thread_3] read data from the test file... 
[thread_1] open the test file with 'a+'.
[thread_1] write file ...
[thread_1] close the file ...
[thread_1] the current file size=1025 byte ...
[thread_3] open the test file...
[thread_3] Move the pointer to the end of the file...
[thread_3] read data from the test file... 
[thread_2] A file name is randomly generated, name=%%q%#vdHa$Q%#q4 .
[thread_2] Use this name to create a file.
[thread_2] create file success !
[thread_2] Write to this file !
[thread_2] write file success !
[thread_2] close this file !
[thread_3] open the test file...
[thread_3] Move the pointer to the end of the file...
[thread_3] read data from the test file... 
[thread_1] open the test file with 'a+'.
[thread_1] write file ...
[thread_1] close the file ...
[thread_1] the current file size=2049 byte ...
[thread_3] open the test file...
[thread_3] Move the pointer to the end of the file...
[thread_3] read data from the test file... 
[thread_2] delete file ...
[thread_3] open the test file...
[thread_3] Move the pointer to the end of the file...
[thread_3] read data from the test file... 
[thread_3] open the test file...
[thread_3] Move the pointer to the end of the file...
[thread_3] read data from the test file... 
[thread_1] open the test file with 'a+'.
[thread_1] write file ...
[thread_1] close the file ...
[thread_1] the current file size=3073 byte ...
[thread_3] open the test file...
[thread_3] Move the pointer to the end of the file...
[thread_3] read data from the test file... 
[thread_2] A file name is randomly generated, name=9%9brIS#7Ghj$$y .
[thread_2] Use this name to create a file.
[thread_2] create file success !
[thread_2] Write to this file !
[thread_2] write file success !
[thread_2] close this file !
[thread_3] open the test file...
[thread_3] Move the pointer to the end of the file...
[thread_3] read data from the test file... 
[thread_1] open the test file with 'a+'.
[thread_1] write file ...
[thread_1] close the file ...
[thread_1] the current file size=4097 byte ...
[thread_1] The test file exceeds the specified size, Redirect the file pointer position
[thread_3] open the test file...
[thread_3] Move the pointer to the end of the file...
[thread_3] read data from the test file... 
[thread_2] delete file ...
[thread_3] open the test file...
[thread_3] Move the pointer to the end of the file...
[thread_3] read data from the test file... 
[thread_3] open the test file...
[thread_3] Move the pointer to the end of the file...
[thread_3] read data from the test file... 
[thread_1] open the test file with 'a+'.
[thread_1] write file ...
[thread_1] close the file ...
[thread_1] the current file size=1025 byte ...
[thread_3] open the test file...
[thread_3] Move the pointer to the end of the file...
[thread_3] read data from the test file... 
[thread_2] A file name is randomly generated, name=xxOT2$rw1#872y9 .
[thread_2] Use this name to create a file.
[thread_2] create file success !
[thread_2] Write to this file !
[thread_2] write file success !
[thread_2] close this file !
[thread_3] open the test file...
[thread_3] Move the pointer to the end of the file...
[thread_3] read data from the test file... 
[thread_1] open the test file with 'a+'.
[thread_1] write file ...
[thread_1] close the file ...
[thread_1] the current file size=2049 byte ...
[thread_3] open the test file...
[thread_3] Move the pointer to the end of the file...
[thread_3] read data from the test file... 
[thread_2] delete file ...
[thread_3] open the test file...
[thread_3] Move the pointer to the end of the file...
[thread_3] read data from the test file... 
[thread_3] open the test file...
[thread_3] Move the pointer to the end of the file...
[thread_3] read data from the test file... 
[thread_1] open the test file with 'a+'.
[thread_1] write file ...
[thread_1] close the file ...
[thread_1] the current file size=3073 byte ...
[thread_3] open the test file...
[thread_3] Move the pointer to the end of the file...
[thread_3] read data from the test file... 
[thread_2] A file name is randomly generated, name=$U60j$kXVi227#z .
[thread_2] Use this name to create a file.
[thread_2] create file success !
[thread_2] Write to this file !
[thread_2] write file success !
[thread_2] close this file !
[thread_3] open the test file...
[thread_3] Move the pointer to the end of the file...
[thread_3] read data from the test file... 
[thread_1] open the test file with 'a+'.
[thread_1] write file ...
[thread_1] close the file ...
[thread_1] the current file size=4097 byte ...
[thread_1] The test file exceeds the specified size, Redirect the file pointer position
[thread_3] open the test file...
[thread_3] Move the pointer to the end of the file...
[thread_3] read data from the test file... 
[thread_2] delete file ...
[thread_3] open the test file...
[thread_3] Move the pointer to the end of the file...
[thread_3] read data from the test file... 
[thread_3] open the test file...
[thread_3] Move the pointer to the end of the file...
[thread_3] read data from the test file... 
[thread_1] open the test file with 'a+'.
[thread_1] write file ...
[thread_1] close the file ...
[thread_1] the current file size=1025 byte ...
[thread_3] open the test file...
[thread_3] Move the pointer to the end of the file...
[thread_3] read data from the test file... 
[thread_2] A file name is randomly generated, name=9MW2O2#%G44j3$q .
[thread_2] Use this name to create a file.
[thread_2] create file success !
[thread_2] Write to this file !
[thread_2] write file success !
[thread_2] close this file !
[thread_3] open the test file...
[thread_3] Move the pointer to the end of the file...
[thread_3] read data from the test file... 
[thread_1] open the test file with 'a+'.
[thread_1] write file ...
[thread_1] close the file ...
[thread_1] the current file size=2049 byte ...
[thread_3] open the test file...
[thread_3] Move the pointer to the end of the file...
[thread_3] read data from the test file... 
[thread_2] delete file ...
[thread_3] open the test file...
[thread_3] Move the pointer to the end of the file...
[thread_3] read data from the test file... 
[thread_3] open the test file...
[thread_3] Move the pointer to the end of the file...
[thread_3] read data from the test file... 
[thread_1] open the test file with 'a+'.
[thread_1] write file ...
[thread_1] close the file ...
[thread_1] the current file size=3073 byte ...
[thread_3] open the test file...
[thread_3] Move the pointer to the end of the file...
[thread_3] read data from the test file... 
[thread_2] A file name is randomly generated, name=srxuk%JT#1aExLS .
[thread_2] Use this name to create a file.
[thread_2] create file success !
[thread_2] Write to this file !
[thread_2] write file success !
[thread_2] close this file !
[thread_3] open the test file...
[thread_3] Move the pointer to the end of the file...
[thread_3] read data from the test file... 
[thread_1] open the test file with 'a+'.
[thread_1] write file ...
[thread_1] close the file ...
[thread_1] the current file size=4097 byte ...
[thread_1] The test file exceeds the specified size, Redirect the file pointer positi[othread_3n] 
open the test file...
[thread_3] Move the pointer to the end of the file...
[thread_3] read data from the test file... 
[thread_2] delete file ...
[thread_3] open the test file...
[thread_3] Move the pointer to the end of the file...
[thread_3] read data from the test file... 
[thread_3] open the test file...
[thread_3] Move the pointer to the end of the file...
[thread_3] read data from the test file... 
[thread_1] open the test file with 'a+'.
[thread_1] write file ...
[thread_1] close the file ...
[thread_1] the current file size=1025 byte ...
[thread_3] open the test file...
[thread_3] Move the pointer to the end of the file...
[thread_3] read data from the test file... 
[thread_2] A file name is randomly generated, name=ZHOTW$#pr7z%#5a .
[thread_2] Use this name to create a file.
[thread_2] create file success !
[thread_2] Write to this file !
[thread_2] write file success !
[thread_2] close this file !
[thread_3] open the test file...
[thread_3] Move the pointer to the end of the file...
[thread_3] read data from the test file... 
[thread_1] open the test file with 'a+'.
[thread_1] write file ...
[thread_1] close the file ...
[thread_1] the current file size=2049 byte ...
[thread_2] delete file ...
[thread_3] open the test file...
[thread_3] Move the pointer to the end of the file...
[thread_3] read data from the test file... 
[thread_3] open the test file...
[thread_3] Move the pointer to the end of the file...
[thread_3] read data from the test file... 
[thread_3] open the test file...
[thread_3] Move the pointer to the end of the file...
[thread_3] read data from the test file... 
[thread_1] open the test file with 'a+'.
[thread_1] write file ...
[thread_1] close the file ...
[thread_1] the current file size=3073 byte ...
[thread_3] open the test file...
[thread_3] Move the pointer to the end of the file...
[thread_3] read data from the test file... 
[thread_2] A file name is randomly generated, name=396S%A$QXUg$8Q$ .
[thread_2] Use this name to create a file.
[thread_2] create file success !
[thread_2] Write to this file !
[thread_2] write file success !
[thread_2] close this file !
[thread_3] open the test file...
[thread_3] Move the pointer to the end of the file...
[thread_3] read data from the test file... 
[thread_1] open the test file with 'a+'.
[thread_1] write file ...
[thread_1] close the file ...
[thread_1] the current file size=4097 byte ...
[thread_1] The test file exceeds the specified size, Redirect the file pointer position
[thread_3] open the test file...
[thread_3] Move the pointer to the end of the file...
[thread_3] read data from the test file... 
[thread_2] delete file ...
[thread_3] open the test file...
[thread_3] Move the pointer to the end of the file...
[thread_3] read data from the test file... 
[thread_3] open the test file...
[thread_3] Move the pointer to the end of the file...
[thread_3] read data from the test file... 
[thread_1] open the test file with 'a+'.
[thread_1] write file ...
[thread_1] close the file ...
[thread_1] the current file size=1025 byte ...
[thread_3] open the test file...
[thread_3] Move the pointer to the end of the file...
[thread_3] read data from the test file... 
[thread_2] A file name is randomly generated, name=1n149#$o%8v#%5$ .
[thread_2] Use this name to create a file.
[thread_2] create file success !
[thread_2] Write to this file !
[thread_2] write file success !
[thread_2] close this file !
[thread_3] open the test file...
[thread_3] Move the pointer to the end of the file...
[thread_3] read data from the test file... 
[thread_1] open the test file with 'a+'.
[thread_1] write file ...
[thread_1] close the file ...
[thread_1] the current file size=2049 byte ...
[thread_2] delete file ...
[thread_3] open the test file...
[thread_3] Move the pointer to the end of the file...
[thread_3] read data from the test file... 
[thread_3] open the test file...
[thread_3] Move the pointer to the end of the file...
[thread_3] read data from the test file... 
[thread_3] open the test file...
[thread_3] Move the pointer to the end of the file...
[thread_3] read data from the test file... 
[thread_1] open the test file with 'a+'.
[thread_1] write file ...
[thread_1] close the file ...
[thread_1] the current file size=3073 byte ...
[thread_3] open the test file...
[thread_3] Move the pointer to the end of the file...
[thread_3] read data from the test file... 
[thread_2] A file name is randomly generated, name=u%N#$EI#p9ts67x .
[thread_2] Use this name to create a file.
[thread_2] create file success !
[thread_2] Write to this file !
[thread_2] write file success !
[thread_2] close this file !
[thread_3] open the test file...
[thread_3] Move the pointer to the end of the file...
[thread_3] read data from the test file... 
[thread_1] open the test file with 'a+'.
[thread_1] write file ...
[thread_1] close the file ...
[thread_1] the current file size=4097 byte ...
[thread_1] The test file exceeds the specified size, Redirect the file pointer position
[thread_2] delete file ...
[thread_3] open the test file...
[thread_3] Move the pointer to the end of the file...
[thread_3] read data from the test file... 
[thread_3] open the test file...
[thread_3] Move the pointer to the end of the file...
[thread_3] read data from the test file... 
[thread_3] open the test file...
[thread_3] Move the pointer to the end of the file...
[thread_3] read data from the test file... 
[thread_1] open the test file with 'a+'.
[thread_1] write file ...
[thread_1] close the file ...
[thread_1] the current file size=1025 byte ...
[thread_3] open the test file...
[thread_3] Move the pointer to the end of the file...
[thread_3] read data from the test file... 
[thread_2] A file name is randomly generated, name=%kM$$8E#v7S7$$$ .
[thread_2] Use this name to create a file.
[thread_2] create file success !
[thread_2] Write to this file !
[thread_2] write file success !
[thread_2] close this file !
[thread_3] open the test file...
[thread_3] Move the pointer to the end of the file...
[thread_3] read data from the test file... 
[thread_1] open the test file with 'a+'.
[thread_1] write file ...
[thread_1] close the file ...
[thread_1] the current file size=2049 byte ...
[thread_3] open the test file...
[thread_3] Move the pointer to the end of the file...
[thread_3] read data from the test file... 
[thread_2] delete file ...
[thread_3] open the test file...
[thread_3] Move the pointer to the end of the file...
[thread_3] read data from the test file... 
[thread_3] open the test file...
[thread_3] Move the pointer to the end of the file...
[thread_3] read data from the test file... 
[thread_1] open the test file with 'a+'.
[thread_1] write file ...
[thread_1] close the file ...
[thread_1] the current file size=3073 byte ...
[thread_3] open the test file...
[thread_3] Move the pointer to the end of the file...
[thread_3] read data from the test file... 
[thread_2] A file name is randomly generated, name=7#XzKBuuLlfaiZo .
[thread_2] Use this name to create a file.
[thread_2] create file success !
[thread_2] Write to this file !
[thread_2] write file success !
[thread_2] close this file !
[thread_3] open the test file...
[thread_3] Move the pointer to the end of the file...
[thread_3] read data from the test file... 
[thread_1] open the test file with 'a+'.
[thread_1] write file ...
[thread_1] close the file ...
[thread_1] the current file size=4097 byte ...
[thread_1] The test file exceeds the specified size, Redirect the file pointer position
[thread_3] open the test file...
[thread_3] Move the pointer to the end of the file...
[thread_3] read data from the test file... 
[thread_2] delete file ...
[thread_3] open the test file...
[thread_3] Move the pointer to the end of the file...
[thread_3] read data from the test file... 
[thread_3] open the test file...
[thread_3] Move the pointer to the end of the file...
[thread_3] read data from the test file... 
[thread_1] open the test file with 'a+'.
[thread_1] write file ...
[thread_1] close the file ...
[thread_1] the current file size=1025 byte ...
[thread_3] open the test file...
[thread_3] Move the pointer to the end of the file...
[thread_3] read data from the test file... 
[thread_2] A file name is randomly generated, name=z#ct4%H7k6af9#% .
[thread_2] Use this name to create a file.
[thread_2] create file success !
[thread_2] Write to this file !
[thread_2] write file success !
[thread_2] close this file !
[thread_3] open the test file...
[thread_3] Move the pointer to the end of the file...
[thread_3] read data from the test file... 
[thread_1] open the test file with 'a+'.
[thread_1] write file ...
[thread_1] close the file ...
[thread_1] the current file size=2049 byte ...
[thread_2] delete file ...
[thread_3] open the test file...
[thread_3] Move the pointer to the end of the file...
[thread_3] read data from the test file... 
[thread_3] open the test file...
[thread_3] Move the pointer to the end of the file...
[thread_3] read data from the test file... 
[thread_3] open the test file...
[thread_3] Move the pointer to the end of the file...
[thread_3] read data from the test file... 
[thread_1] open the test file with 'a+'.
[thread_1] write file ...
[thread_1] close the file ...
[thread_1] the current file size=3073 byte ...
[thread_3] open the test file...
[thread_3] Move the pointer to the end of the file...
[thread_3] read data from the test file... 
[thread_2] A file name is randomly generated, name=Y14y#%LuY#r%aNl .
[thread_2] Use this name to create a file.
[thread_2] create file success !
[thread_2] Write to this file !
[thread_2] write file success !
[thread_2] close this file !
[thread_3] open the test file...
[thread_3] Move the pointer to the end of the file...
[thread_3] read data from the test file... 
[thread_1] open the test file with 'a+'.
[thread_1] write file ...
[thread_1] close the file ...
[thread_1] the current file size=4097 byte ...
[thread_1] The test file exceeds the specified size, Redirect the file pointer position
[thread_3] open the test file...
[thread_3] Move the pointer to the end of the file...
[thread_3] read data from the test file... 
[thread_2] delete file ...
[thread_3] open the test file...
[thread_3] Move the pointer to the end of the file...
[thread_3] read data from the test file... 
[thread_3] open the test file...
[thread_3] Move the pointer to the end of the file...
[thread_3] read data from the test file... 
[thread_1] open the test file with 'a+'.
[thread_1] write file ...
[thread_1] close the file ...
[thread_1] the current file size=1025 byte ...
[thread_3] open the test file...
[thread_3] Move the pointer to the end of the file...
[thread_3] read data from the test file... 
[thread_2] A file name is randomly generated, name=5df3yf%x7tQxL%n .
[thread_2] Use this name to create a file.
[thread_2] create file success !
[thread_2] Write to this file !
[thread_2] write file success !
[thread_2] close this file !
[thread_3] open the test file...
[thread_3] Move the pointer to the end of the file...
[thread_3] read data from the test file... 
[thread_1] open the test file with 'a+'.
[thread_1] write file ...
[thread_1] close the file ...
[thread_1] the current file size=2049 byte ...
[thread_2] delete file ...
[thread_3] open the test file...
[thread_3] Move the pointer to the end of the file...
[thread_3] read data from the test file... 
[thread_3] open the test file...
[thread_3] Move the pointer to the end of the file...
[thread_3] read data from the test file... 
[thread_3] open the test file...
[thread_3] Move the pointer to the end of the file...
[thread_3] read data from the test file... 
[thread_1] open the test file with 'a+'.
[thread_1] write file ...
[thread_1] close the file ...
[thread_1] the current file size=3073 byte ...
[thread_3] open the test file...
[thread_3] Move the pointer to the end of the file...
[thread_3] read data from the test file... 
[thread_2] A file name is randomly generated, name=I#jD$332L#l61#2 .
[thread_2] Use this name to create a file.
[thread_2] create file success !
[thread_2] Write to this file !
[thread_2] write file success !
[thread_2] close this file !
[thread_3] open the test file...
[thread_3] Move the pointer to the end of the file...
[thread_3] read data from the test file... 
[thread_2] delete file ...
[thread_1] open the test file with 'a+'.
[thread_1] write file ...
[thread_1] close the file ...
[thread_1] the current file size=4097 byte ...
[thread_1] The test file exceeds the specified size, Redirect the file pointer position
[thread_3] open the test file...
[thread_3] Move the pointer to the end of the file...
[thread_3] read data from the test file... 
[thread_3] open the test file...
[thread_3] Move the pointer to the end of the file...
[thread_3] read data from the test file... 
[thread_3] open the test file...
[thread_3] Move the pointer to the end of the file...
[thread_3] read data from the test file... 
[thread_1] open the test file with 'a+'.
[thread_1] write file ...
[thread_1] close the file ...
[thread_1] the current file size=1025 byte ...
[thread_3] open the test file...
[thread_3] Move the pointer to the end of the file...
[thread_3] read data from the test file... 
[thread_2] A file name is randomly generated, name=K$6t%m8%%$M4$3V .
[thread_2] Use this name to create a file.
[thread_2] create file success !
[thread_2] Write to this file !
[thread_2] write file success !
[thread_2] close this file !
[thread_3] open the test file...
[thread_3] Move the pointer to the end of the file...
[thread_3] read data from the test file... 
[thread_2] delete file ...
[thread_1] open the test file with 'a+'.
[thread_1] write file ...
[thread_1] close the file ...
[thread_1] the current file size=2049 byte ...
[thread_3] open the test file...
[thread_3] Move the pointer to the end of the file...
[thread_3] read data from the test file... 
[thread_3] open the test file...
[thread_3] Move the pointer to the end of the file...
[thread_3] read data from the test file... 
[thread_3] open the test file...
[thread_3] Move the pointer to the end of the file...
[thread_3] read data from the test file... 
[thread_1] open the test file with 'a+'.
[thread_1] write file ...
[thread_1] close the file ...
[thread_1] the current file size=3073 byte ...
[thread_3] open the test file...
[thread_3] Move the pointer to the end of the file...
[thread_3] read data from the test file... 
[thread_2] A file name is randomly generated, name=#77%4tQ3IcH8#0$ .
[thread_2] Use this name to create a file.
[thread_2] create file success !
[thread_2] Write to this file !
[thread_2] write file success !
[thread_2] close this file !
[thread_3] open the test file...
[thread_3] Move the pointer to the end of the file...
[thread_3] read data from the test file... 
[thread_2] delete file ...
[thread_1] open the test file with 'a+'.
[thread_1] write file ...
[thread_1] close the file ...
[thread_1] the current file size=4097 byte ...
[thread_1] The test file exceeds the specified size, Redirect the file pointer position
[thread_3] open the test file...
[thread_3] Move the pointer to the end of the file...
[thread_3] read data from the test file... 
[thread_3] open the test file...
[thread_3] Move the pointer to the end of the file...
[thread_3] read data from the test file... 
[thread_3] open the test file...
[thread_3] Move the pointer to the end of the file...
[thread_3] read data from the test file... 
[thread_1] open the test file with 'a+'.
[thread_1] write file ...
[thread_1] close the file ...
[thread_1] the current file size=1025 byte ...
[thread_3] open the test file...
[thread_3] Move the pointer to the end of the file...
[thread_3] read data from the test file... 
[thread_2] A file name is randomly generated, name=hUdQ$$q%mrg9Q$5 .
[thread_2] Use this name to create a file.
[thread_2] create file success !
[thread_2] Write to this file !
[thread_2] write file success !
[thread_2] close this file !
[thread_3] open the test file...
[thread_3] Move the pointer to the end of the file...
[thread_3] read data from the test file... 
[thread_2] delete file ...
[thread_1] open the test file with 'a+'.
[thread_1] write file ...
[thread_1] close the file ...
[thread_1] the current file size=2049 byte ...
[thread_3] open the test file...
[thread_3] Move the pointer to the end of the file...
[thread_3] read data from the test file... 
[thread_3] open the test file...
[thread_3] Move the pointer to the end of the file...
[thread_3] read data from the test file... 
[thread_3] open the test file...
[thread_3] Move the pointer to the end of the file...
[thread_3] read data from the test file... 
[thread_1] open the test file with 'a+'.
[thread_1] write file ...
[thread_1] close the file ...
[thread_1] the current file size=3073 byte ...
[thread_3] open the test file...
[thread_3] Move the pointer to the end of the file...
[thread_3] read data from the test file... 
[thread_2] A file name is randomly generated, name=NTLgNJ#6AsU6CXY .
[thread_2] Use this name to create a file.
[thread_2] create file success !
[thread_2] Write to this file !
[thread_2] write file success !
[thread_2] close this file !
[thread_3] open the test file...
[thread_3] Move the pointer to the end of the file...
[thread_3] read data from the test file... 
[thread_2] delete file ...
[thread_1] open the test file with 'a+'.
[thread_1] write file ...
[thread_1] close the file ...
[thread_1] the current file size=4097 byte ...
[thread_1] The test file exceeds the specified size, Redirect the file pointer position
[thread_3] open the test file...
[thread_3] Move the pointer to the end of the file...
[thread_3] read data from the test file... 
[thread_3] open the test file...
[thread_3] Move the pointer to the end of the file...
[thread_3] read data from the test file... 
[thread_3] open the test file...
[thread_3] Move the pointer to the end of the file...
[thread_3] read data from the test file... 
[thread_1] open the test file with 'a+'.
[thread_1] write file ...
[thread_1] close the file ...
[thread_1] the current file size=1025 byte ...
[thread_3] open the test file...
[thread_3] Move the pointer to the end of the file...
[thread_3] read data from the test file... 
[thread_2] A file name is randomly generated, name=#b52b82$T$F9$7b .
[thread_2] Use this name to create a file.
[thread_2] create file success !
[thread_2] Write to this file !
[thread_2] write file success !
[thread_2] close this file !
[thread_3] open the test file...
[thread_3] Move the pointer to the end of the file...
[thread_3] read data from the test file... 
[thread_2] delete file ...
[thread_1] open the test file with 'a+'.
[thread_1] write file ...
[thread_1] close the file ...
[thread_1] the current file size=2049 byte ...
[thread_3] open the test file...
[thread_3] Move the pointer to the end of the file...
[thread_3] read data from the test file... 
[thread_3] open the test file...
[thread_3] Move the pointer to the end of the file...
[thread_3] read data from the test file... 
[thread_3] open the test file...
[thread_3] Move the pointer to the end of the file...
[thread_3] read data from the test file... 
[thread_1] open the test file with 'a+'.
[thread_1] write file ...
[thread_1] close the file ...
[thread_1] the current file size=3073 byte ...
[thread_3] open the test file...
[thread_3] Move the pointer to the end of the file...
[thread_3] read data from the test file... 
[thread_2] A file name is randomly generated, name=0Rjd%hOC59jsLs3 .
[thread_2] Use this name to create a file.
[thread_2] create file success !
[thread_2] Write to this file !
[thread_2] write file success !
[thread_2] close this file !
[thread_3] open the test file...
[thread_3] Move the pointer to the end of the file...
[thread_3] read data from the test file... 
[thread_2] delete file ...
[thread_1] open the test file with 'a+'.
[thread_1] write file ...
[thread_1] close the file ...
[thread_1] the current file size=4097 byte ...
[thread_1] The test file exceeds the specified size, Redirect the file pointer position
[thread_3] open the test file...
[thread_3] Move the pointer to the end of the file...
[thread_3] read data from the test file... 
[thread_3] open the test file...
[thread_3] Move the pointer to the end of the file...
[thread_3] read data from the test file... 
[thread_3] open the test file...
[thread_3] Move the pointer to the end of the file...
[thread_3] read data from the test file... 
[thread_1] open the test file with 'a+'.
[thread_1] write file ...
[thread_1] close the file ...
[thread_1] the current file size=1025 byte ...
[thread_3] open the test file...
[thread_3] Move the pointer to the end of the file...
[thread_3] read data from the test file... 
[thread_2] A file name is randomly generated, name=I28%#4S%n78i4Xe .
[thread_2] Use this name to create a file.
[thread_2] create file success !
[thread_2] Write to this file !
[thread_2] write file success !
[thread_2] close this file !
[thread_3] open the test file...
[thread_3] Move the pointer to the end of the file...
[thread_3] read data from the test file... 
[thread_2] delete file ...
[thread_1] open the test file with 'a+'.
[thread_1] write file ...
[thread_1] close the file ...
[thread_1] the current file size=2049 byte ...
[thread_3] open the test file...
[thread_3] Move the pointer to the end of the file...
[thread_3] read data from the test file... 
[thread_3] open the test file...
[thread_3] Move the pointer to the end of the file...
[thread_3] read data from the test file... 
[thread_3] open the test file...
[thread_3] Move the pointer to the end of the file...
[thread_3] read data from the test file... 
[thread_1] open the test file with 'a+'.
[thread_1] write file ...
[thread_1] close the file ...
[thread_1] the current file size=3073 byte ...
[thread_3] open the test file...
[thread_3] Move the pointer to the end of the file...
[thread_3] read data from the test file... 
[thread_2] A file name is randomly generated, name=$6yy62zx%%I8$18 .
[thread_2] Use this name to create a file.
[thread_2] create file success !
[thread_2] Write to this file !
[thread_2] write file success !
[thread_2] close this file !
[thread_3] open the test file...
[thread_3] Move the pointer to the end of the file...
[thread_3] read data from the test file... 
[thread_2] delete file ...
[thread_1] open the test file with 'a+'.
[thread_1] write file ...
[thread_1] close the file ...
[thread_1] the current file size=4097 byte ...
[thread_1] The test file exceeds the specified size, Redirect the file pointer position
[thread_3] open the test file...
[thread_3] Move the pointer to the end of the file...
[thread_3] read data from the test file... 
[thread_3] open the test file...
[thread_3] Move the pointer to the end of the file...
[thread_3] read data from the test file... 
[thread_3] open the test file...
[thread_3] Move the pointer to the end of the file...
[thread_3] read data from the test file... 
[thread_1] open the test file with 'a+'.
[thread_1] write file ...
[thread_1] close the file ...
[thread_1] the current file size=1025 byte ...
[thread_3] open the test file...
[thread_3] Move the pointer to the end of the file...
[thread_3] read data from the test file... 
[thread_2] A file name is randomly generated, name=39j538f$PC#oZ77 .
[thread_2] Use this name to create a file.
[thread_2] create file success !
[thread_2] Write to this file !
[thread_2] write file success !
[thread_2] close this file !
[thread_3] open the test file...
[thread_3] Move the pointer to the end of the file...
[thread_3] read data from the test file... 
[thread_2] delete file ...
[thread_1] open the test file with 'a+'.
[thread_1] write file ...
[thread_1] close the file ...
[thread_1] the current file size=2049 byte ...
[thread_3] open the test file...
[thread_3] Move the pointer to the end of the file...
[thread_3] read data from the test file... 
[thread_3] open the test file...
[thread_3] Move the pointer to the end of the file...
[thread_3] read data from the test file... 
[thread_3] open the test file...
[thread_3] Move the pointer to the end of the file...
[thread_3] read data from the test file... 
[thread_1] open the test file with 'a+'.
[thread_1] write file ...
[thread_1] close the file ...
[thread_1] the current file size=3073 byte ...
[thread_3] open the test file...
[thread_3] Move the pointer to the end of the file...
[thread_3] read data from the test file... 
[thread_2] A file name is randomly generated, name=dydE#6#E17jK0## .
[thread_2] Use this name to create a file.
[thread_2] create file success !
[thread_2] Write to this file !
[thread_2] write file success !
[thread_2] close this file !
[thread_3] open the test file...
[thread_3] Move the pointer to the end of the file...
[thread_3] read data from the test file... 
[thread_2] delete file ...
[thread_1] open the test file with 'a+'.
[thread_1] write file ...
[thread_1] close the file ...
[thread_1] the current file size=4097 byte ...
[thread_1] The test file exceeds the specified size, Redirect the file pointer pos[ithread_3t]i oonpe
n the test file...
[thread_3] Move the pointer to the end of the file...
[thread_3] read data from the test file... 
[thread_3] open the test file...
[thread_3] Move the pointer to the end of the file...
[thread_3] read data from the test file... 
[thread_3] open the test file...
[thread_3] Move the pointer to the end of the file...
[thread_3] read data from the test file... 
[thread_1] open the test file with 'a+'.
[thread_1] write file ...
[thread_1] close the file ...
[thread_1] the current file size=1025 byte ...
[thread_3] open the test file...
[thread_3] Move the pointer to the end of the file...
[thread_3] read data from the test file... 
[thread_2] A file name is randomly generated, name=JOa8Y1Ysv04z2f0 .
[thread_2] Use this name to create a file.
[thread_2] create file success !
[thread_2] Write to this file !
[thread_2] write file success !
[thread_2] close this file !
[thread_3] open the test file...
[thread_3] Move the pointer to the end of the file...
[thread_3] read data from the test file... 
[thread_2] delete file ...
[thread_1] open the test file with 'a+'.
[thread_1] write file ...
[thread_1] close the file ...
[thread_1] the current file size=2049 byte ...
[thread_3] open the test file...
[thread_3] Move the pointer to the end of the file...
[thread_3] read data from the test file... 
[thread_3] open the test file...
[thread_3] Move the pointer to the end of the file...
[thread_3] read data from the test file... 
[thread_3] open the test file...
[thread_3] Move the pointer to the end of the file...
[thread_3] read data from the test file... 
[thread_1] open the test file with 'a+'.
[thread_1] write file ...
[thread_1] close the file ...
[thread_1] the current file size=3073 byte ...
[thread_3] open the test file...
[thread_3] Move the pointer to the end of the file...
[thread_3] read data from the test file... 
[thread_2] A file name is randomly generated, name=$%363LFy9HWmj3E .
[thread_2] Use this name to create a file.
[thread_2] create file success !
[thread_2] Write to this file !
[thread_2] write file success !
[thread_2] close this file !
[thread_3] open the test file...
[thread_3] Move the pointer to the end of the file...
[thread_3] read data from the test file... 
[thread_2] delete file ...
[thread_1] open the test file with 'a+'.
[thread_1] write file ...
[thread_1] close the file ...
[thread_1] the current file size=4097 byte ...
[thread_1] The test file exceeds the specified size, Redirect the file pointer position
[thread_3] open the test file...
[thread_3] Move the pointer to the end of the file...
[thread_3] read data from the test file... 
[thread_3] open the test file...
[thread_3] Move the pointer to the end of the file...
[thread_3] read data from the test file... 
[thread_3] open the test file...
[thread_3] Move the pointer to the end of the file...
[thread_3] read data from the test file... 
[thread_1] open the test file with 'a+'.
[thread_1] write file ...
[thread_1] close the file ...
[thread_1] the current file size=1025 byte ...
[thread_3] open the test file...
[thread_3] Move the pointer to the end of the file...
[thread_3] read data from the test file... 
[thread_2] A file name is randomly generated, name=7RQ##r3F$%j#2Al .
[thread_2] Use this name to create a file.
[thread_2] create file success !
[thread_2] Write to this file !
[thread_2] write file success !
[thread_2] close this file !
[thread_3] open the test file...
[thread_3] Move the pointer to the end of the file...
[thread_3] read data from the test file... 
[thread_2] delete file ...
[thread_1] open the test file with 'a+'.
[thread_1] write file ...
[thread_1] close the file ...
[thread_1] the current file size=2049 byte ...
[thread_3] open the test file...
[thread_3] Move the pointer to the end of the file...
[thread_3] read data from the test file... 
[thread_3] open the test file...
[thread_3] Move the pointer to the end of the file...
[thread_3] read data from the test file... 
[thread_3] open the test file...
[thread_3] Move the pointer to the end of the file...
[thread_3] read data from the test file... 
[thread_1] open the test file with 'a+'.
[thread_1] write file ...
[thread_1] close the file ...
[thread_1] the current file size=3073 byte ...
[thread_3] open the test file...
[thread_3] Move the pointer to the end of the file...
[thread_3] read data from the test file... 
[thread_2] A file name is randomly generated, name=H3sJb%e5C7O7F#% .
[thread_2] Use this name to create a file.
[thread_2] create file success !
[thread_2] Write to this file !
[thread_2] write file success !
[thread_2] close this file !
[thread_3] open the test file...
[thread_3] Move the pointer to the end of the file...
[thread_3] read data from the test file... 
[thread_2] delete file ...
[thread_1] open the test file with 'a+'.
[thread_1] write file ...
[thread_1] close the file ...
[thread_1] the current file size=4097 byte ...
[thread_1] The test file exceeds the specified size, Redirect the file pointer position
[thread_3] open the test file...
[thread_3] Move the pointer to the end of the file...
[thread_3] read data from the test file... 
[thread_3] open the test file...
[thread_3] Move the pointer to the end of the file...
[thread_3] read data from the test file... 
[thread_3] open the test file...
[thread_3] Move the pointer to the end of the file...
[thread_3] read data from the test file... 
[thread_1] open the test file with 'a+'.
[thread_1] write file ...
[thread_1] close the file ...
[thread_1] the current file size=1025 byte ...
[thread_3] open the test file...
[thread_3] Move the pointer to the end of the file...
[thread_3] read data from the test file... 
[thread_2] A file name is randomly generated, name=$nj$9rqR%G#46FT .
[thread_2] Use this name to create a file.
[thread_2] create file success !
[thread_2] Write to this file !
[thread_2] write file success !
[thread_2] close this file !
[thread_3] open the test file...
[thread_3] Move the pointer to the end of the file...
[thread_3] read data from the test file... 
[thread_2] delete file ...
[thread_1] open the test file with 'a+'.
[thread_1] write file ...
[thread_1] close the file ...
[thread_1] the current file size=2049 byte ...
[thread_3] open the test file...
[thread_3] Move the pointer to the end of the file...
[thread_3] read data from the test file... 
[thread_3] open the test file...
[thread_3] Move the pointer to the end of the file...
[thread_3] read data from the test file... 
[thread_3] open the test file...
[thread_3] Move the pointer to the end of the file...
[thread_3] read data from the test file... 
[thread_1] open the test file with 'a+'.
[thread_1] write file ...
[thread_1] close the file ...
[thread_1] the current file size=3073 byte ...
[thread_3] open the test file...
[thread_3] Move the pointer to the end of the file...
[thread_3] read data from the test file... 
[thread_2] A file name is randomly generated, name=19WK3%%hO%fm9EQ .
[thread_2] Use this name to create a file.
[thread_2] create file success !
[thread_2] Write to this file !
[thread_2] write file success !
[thread_2] close this file !
[thread_3] open the test file...
[thread_3] Move the pointer to the end of the file...
[thread_3] read data from the test file... 
[thread_2] delete file ...
[thread_1] open the test file with 'a+'.
[thread_1] write file ...
[thread_1] close the file ...
[thread_1] the current file size=4097 byte ...
[thread_1] The test file exceeds the specified size, Redirect the file pointer pos[ithread_3t]i oonpe
n the test file...
[thread_3] Move the pointer to the end of the file...
[thread_3] read data from the test file... 
[thread_3] open the test file...
[thread_3] Move the pointer to the end of the file...
[thread_3] read data from the test file... 
[thread_3] open the test file...
[thread_3] Move the pointer to the end of the file...
[thread_3] read data from the test file... 
[thread_1] open the test file with 'a+'.
[thread_1] write file ...
[thread_1] close the file ...
[thread_1] the current file size=1025 byte ...
[thread_3] open the test file...
[thread_3] Move the pointer to the end of the file...
[thread_3] read data from the test file... 
[thread_2] A file name is randomly generated, name=K%Ow$$Ncq2$bA0x .
[thread_2] Use this name to create a file.
[thread_2] create file success !
[thread_2] Write to this file !
[thread_2] write file success !
[thread_2] close this file !
[thread_3] open the test file...
[thread_3] Move the pointer to the end of the file...
[thread_3] read data from the test file... 
[thread_2] delete file ...
[thread_1] open the test file with 'a+'.
[thread_1] write file ...
[thread_1] close the file ...
[thread_1] the current file size=2049 byte ...
[thread_3] open the test file...
[thread_3] Move the pointer to the end of the file...
[thread_3] read data from the test file... 
[thread_3] open the test file...
[thread_3] Move the pointer to the end of the file...
[thread_3] read data from the test file... 
[thread_3] open the test file...
[thread_3] Move the pointer to the end of the file...
[thread_3] read data from the test file... 
[thread_1] open the test file with 'a+'.
[thread_1] write file ...
[thread_1] close the file ...
[thread_1] the current file size=3073 byte ...
[thread_3] open the test file...
[thread_3] Move the pointer to the end of the file...
[thread_3] read data from the test file... 
[thread_2] A file name is randomly generated, name=$Hp6R##qWU1961D .
[thread_2] Use this name to create a file.
[thread_2] create file success !
[thread_2] Write to this file !
[thread_2] write file success !
[thread_2] close this file !
[thread_3] open the test file...
[thread_3] Move the pointer to the end of the file...
[thread_3] read data from the test file... 
[thread_2] delete file ...
[thread_1] open the test file with 'a+'.
[thread_1] write file ...
[thread_1] close the file ...
[thread_1] the current file size=4097 byte ...
[thread_1] The test file exceeds the specified size, Redirect the file pointer position
[thread_3] open the test file...
[thread_3] Move the pointer to the end of the file...
[thread_3] read data from the test file... 
[thread_3] open the test file...
[thread_3] Move the pointer to the end of the file...
[thread_3] read data from the test file... 
[thread_3] open the test file...
[thread_3] Move the pointer to the end of the file...
[thread_3] read data from the test file... 
[thread_1] open the test file with 'a+'.
[thread_1] write file ...
[thread_1] close the file ...
[thread_1] the current file size=1025 byte ...
[thread_3] open the test file...
[thread_3] Move the pointer to the end of the file...
[thread_3] read data from the test file... 
[thread_2] A file name is randomly generated, name=$$###a%12GzMR%# .
[thread_2] Use this name to create a file.
[thread_2] create file success !
[thread_2] Write to this file !
[thread_2] write file success !
[thread_2] close this file !
[thread_3] open the test file...
[thread_3] Move the pointer to the end of the file...
[thread_3] read data from the test file... 
[thread_2] delete file ...
[thread_1] open the test file with 'a+'.
[thread_1] write file ...
[thread_1] close the file ...
[thread_1] the current file size=2049 byte ...
[thread_3] open the test file...
[thread_3] Move the pointer to the end of the file...
[thread_3] read data from the test file... 
[thread_3] open the test file...
[thread_3] Move the pointer to the end of the file...
[thread_3] read data from the test file... 
[thread_3] open the test file...
[thread_3] Move the pointer to the end of the file...
[thread_3] read data from the test file... 
[thread_1] open the test file with 'a+'.
[thread_1] write file ...
[thread_1] close the file ...
[thread_1] the current file size=3073 byte ...
[thread_3] open the test file...
[thread_3] Move the pointer to the end of the file...
[thread_3] read data from the test file... 
[thread_2] A file name is randomly generated, name=fn89yb$1DNOwtG# .
[thread_2] Use this name to create a file.
[thread_2] create file success !
[thread_2] Write to this file !
[thread_2] write file success !
[thread_2] close this file !
[thread_3] open the test file...
[thread_3] Move the pointer to the end of the file...
[thread_3] read data from the test file... 
[thread_2] delete file ...
[thread_1] open the test file with 'a+'.
[thread_1] write file ...
[thread_1] close the file ...
[thread_1] the current file size=4097 byte ...
[thread_1] The test file exceeds the specified size, Redirect the file pointer position
[thread_3] open the test file...
[thread_3] Move the pointer to the end of the file...
[thread_3] read data from the test file... 
[thread_3] open the test file...
[thread_3] Move the pointer to the end of the file...
[thread_3] read data from the test file... 
[thread_3] open the test file...
[thread_3] Move the pointer to the end of the file...
[thread_3] read data from the test file... 
[thread_1] open the test file with 'a+'.
[thread_1] write file ...
[thread_1] close the file ...
[thread_1] the current file size=1025 byte ...
[thread_3] open the test file...
[thread_3] Move the pointer to the end of the file...
[thread_3] read data from the test file... 
[thread_2] A file name is randomly generated, name=LmxMw9ZeDI#h6d% .
[thread_2] Use this name to create a file.
[thread_2] create file success !
[thread_2] Write to this file !
[thread_2] write file success !
[thread_2] close this file !
[thread_3] open the test file...
[thread_3] Move the pointer to the end of the file...
[thread_3] read data from the test file... 
[thread_2] delete file ...
[thread_1] open the test file with 'a+'.
[thread_1] write file ...
[thread_1] close the file ...
[thread_1] the current file size=2049 byte ...
[thread_3] open the test file...
[thread_3] Move the pointer to the end of the file...
[thread_3] read data from the test file... 
[thread_3] open the test file...
[thread_3] Move the pointer to the end of the file...
[thread_3] read data from the test file... 
[thread_3] open the test file...
[thread_3] Move the pointer to the end of the file...
[thread_3] read data from the test file... 
[thread_1] open the test file with 'a+'.
[thread_1] write file ...
[thread_1] close the file ...
[thread_1] the current file size=3073 byte ...
[thread_3] open the test file...
[thread_3] Move the pointer to the end of the file...
[thread_3] read data from the test file... 
[thread_2] A file name is randomly generated, name=520$NrYD5$P3fl5 .
[thread_2] Use this name to create a file.
[thread_2] create file success !
[thread_2] Write to this file !
[thread_2] write file success !
[thread_2] close this file !
[thread_3] open the test file...
[thread_3] Move the pointer to the end of the file...
[thread_3] read data from the test file... 
[thread_2] delete file ...
[thread_1] open the test file with 'a+'.
[thread_1] write file ...
[thread_1] close the file ...
[thread_1] the current file size=4097 byte ...
[thread_1] The test file exceeds the specified size, Redirect the file pointer position
[thread_3] open the test file...
[thread_3] Move the pointer to the end of the file...
[thread_3] read data from the test file... 
[thread_3] open the test file...
[thread_3] Move the pointer to the end of the file...
[thread_3] read data from the test file... 
[thread_3] open the test file...
[thread_3] Move the pointer to the end of the file...
[thread_3] read data from the test file... 
[thread_1] open the test file with 'a+'.
[thread_1] write file ...
[thread_1] close the file ...
[thread_1] the current file size=1025 byte ...
[thread_3] open the test file...
[thread_3] Move the pointer to the end of the file...
[thread_3] read data from the test file... 
[thread_2] A file name is randomly generated, name=a%2z%0#6F1hUxCj .
[thread_2] Use this name to create a file.
[thread_2] create file success !
[thread_2] Write to this file !
[thread_2] write file success !
[thread_2] close this file !
[thread_3] open the test file...
[thread_3] Move the pointer to the end of the file...
[thread_3] read data from the test file... 
[thread_2] delete file ...
[thread_1] open the test file with 'a+'.
[thread_1] write file ...
[thread_1] close the file ...
[thread_1] the current file size=2049 byte ...
[thread_3] open the test file...
[thread_3] Move the pointer to the end of the file...
[thread_3] read data from the test file... 
[thread_3] open the test file...
[thread_3] Move the pointer to the end of the file...
[thread_3] read data from the test file... 
[thread_3] open the test file...
[thread_3] Move the pointer to the end of the file...
[thread_3] read data from the test file... 
[thread_1] open the test file with 'a+'.
[thread_1] write file ...
[thread_1] close the file ...
[thread_1] the current file size=3073 byte ...
[thread_3] open the test file...
[thread_3] Move the pointer to the end of the file...
[thread_3] read data from the test file... 
[thread_2] A file name is randomly generated, name=G$w8$#sTN$gLmwy .
[thread_2] Use this name to create a file.
[thread_2] create file success !
[thread_2] Write to this file !
[thread_2] write file success !
[thread_2] close this file !
[thread_3] open the test file...
[thread_3] Move the pointer to the end of the file...
[thread_3] read data from the test file... 
[thread_2] delete file ...
[thread_1] open the test file with 'a+'.
[thread_1] write file ...
[thread_1] close the file ...
[thread_1] the current file size=4097 byte ...
[thread_1] The test file exceeds the specified size, Redirect the file [pthread_3o]i notpeern  ptohsei ttieosnt 
file...
[thread_3] Move the pointer to the end of the file...
[thread_3] read data from the test file... 
[thread_3] open the test file...
[thread_3] Move the pointer to the end of the file...
[thread_3] read data from the test file... 
[thread_3] open the test file...
[thread_3] Move the pointer to the end of the file...
[thread_3] read data from the test file... 
[thread_1] open the test file with 'a+'.
[thread_1] write file ...
[thread_1] close the file ...
[thread_1] the current file size=1025 byte ...
[thread_3] open the test file...
[thread_3] Move the pointer to the end of the file...
[thread_3] read data from the test file... 
[thread_2] A file name is randomly generated, name=8yfH85Bh#N7#2#v .
[thread_2] Use this name to create a file.
[thread_2] create file success !
[thread_2] Write to this file !
[thread_2] write file success !
[thread_2] close this file !
[thread_3] open the test file...
[thread_3] Move the pointer to the end of the file...
[thread_3] read data from the test file... 
[thread_2] delete file ...
[thread_1] open the test file with 'a+'.
[thread_1] write file ...
[thread_1] close the file ...
[thread_1] the current file size=2049 byte ...
[thread_3] open the test file...
[thread_3] Move the pointer to the end of the file...
[thread_3] read data from the test file... 
[thread_3] open the test file...
[thread_3] Move the pointer to the end of the file...
[thread_3] read data from the test file... 
[thread_3] open the test file...
[thread_3] Move the pointer to the end of the file...
[thread_3] read data from the test file... 
[thread_1] open the test file with 'a+'.
[thread_1] write file ...
[thread_1] close the file ...
[thread_1] the current file size=3073 byte ...
[thread_3] open the test file...
[thread_3] Move the pointer to the end of the file...
[thread_3] read data from the test file... 
[thread_2] A file name is randomly generated, name=dOmDFwN#GRZueUA .
[thread_2] Use this name to create a file.
[thread_2] create file success !
[thread_2] Write to this file !
[thread_2] write file success !
[thread_2] close this file !
[thread_3] open the test file...
[thread_3] Move the pointer to the end of the file...
[thread_3] read data from the test file... 
[thread_2] delete file ...
[thread_1] open the test file with 'a+'.
[thread_1] write file ...
[thread_1] close the file ...
[thread_1] the current file size=4097 byte ...
[thread_1] The test file exceeds the specified size, Redirect the file pointer position
[thread_3] open the test file...
[thread_3] Move the pointer to the end of the file...
[thread_3] read data from the test file... 
[thread_3] open the test file...
[thread_3] Move the pointer to the end of the file...
[thread_3] read data from the test file... 
[thread_3] open the test file...
[thread_3] Move the pointer to the end of the file...
[thread_3] read data from the test file... 
[thread_1] open the test file with 'a+'.
[thread_1] write file ...
[thread_1] close the file ...
[thread_1] the current file size=1025 byte ...
[thread_3] open the test file...
[thread_3] Move the pointer to the end of the file...
[thread_3] read data from the test file... 
[thread_2] A file name is randomly generated, name=F$F5g5$#N$L#NHP .
[thread_2] Use this name to create a file.
[thread_2] create file success !
[thread_2] Write to this file !
[thread_2] write file success !
[thread_2] close this file !
[thread_3] open the test file...
[thread_3] Move the pointer to the end of the file...
[thread_3] read data from the test file... 
[thread_2] delete file ...
[thread_1] open the test file with 'a+'.
[thread_1] write file ...
[thread_1] close the file ...
[thread_1] the current file size=2049 byte ...
[thread_3] open the test file...
[thread_3] Move the pointer to the end of the file...
[thread_3] read data from the test file... 
[thread_3] open the test file...
[thread_3] Move the pointer to the end of the file...
[thread_3] read data from the test file... 
[thread_3] open the test file...
[thread_3] Move the pointer to the end of the file...
[thread_3] read data from the test file... 
[thread_1] open the test file with 'a+'.
[thread_1] write file ...
[thread_1] close the file ...
[thread_1] the current file size=3073 byte ...
[thread_3] open the test file...
[thread_3] Move the pointer to the end of the file...
[thread_3] read data from the test file... 
[thread_2] A file name is randomly generated, name=L$fh5HP%c$%2b8# .
[thread_2] Use this name to create a file.
[thread_2] create file success !
[thread_2] Write to this file !
[thread_2] write file success !
[thread_2] close this file !
[thread_3] open the test file...
[thread_3] Move the pointer to the end of the file...
[thread_3] read data from the test file... 
[thread_2] delete file ...
[thread_1] open the test file with 'a+'.
[thread_1] write file ...
[thread_1] close the file ...
[thread_1] the current file size=4097 byte ...
[thread_1] The test file exceeds the specified size, Redirect the file pointer position
[thread_3] open the test file...
[thread_3] Move the pointer to the end of the file...
[thread_3] read data from the test file... 
[thread_3] open the test file...
[thread_3] Move the pointer to the end of the file...
[thread_3] read data from the test file... 
[thread_3] open the test file...
[thread_3] Move the pointer to the end of the file...
[thread_3] read data from the test file... 
[thread_1] open the test file with 'a+'.
[thread_1] write file ...
[thread_1] close the file ...
[thread_1] the current file size=1025 byte ...
[thread_3] open the test file...
[thread_3] Move the pointer to the end of the file...
[thread_3] read data from the test file... 
[thread_2] A file name is randomly generated, name=3y2008%ZJ0OskD$ .
[thread_2] Use this name to create a file.
[thread_2] create file success !
[thread_2] Write to this file !
[thread_2] write file success !
[thread_2] close this file !
[thread_3] open the test file...
[thread_3] Move the pointer to the end of the file...
[thread_3] read data from the test file... 
[thread_2] delete file ...
[thread_1] open the test file with 'a+'.
[thread_1] write file ...
[thread_1] close the file ...
[thread_1] the current file size=2049 byte ...
[thread_3] open the test file...
[thread_3] Move the pointer to the end of the file...
[thread_3] read data from the test file... 
[thread_3] open the test file...
[thread_3] Move the pointer to the end of the file...
[thread_3] read data from the test file... 
[thread_3] open the test file...
[thread_3] Move the pointer to the end of the file...
[thread_3] read data from the test file... 
[thread_1] open the test file with 'a+'.
[thread_1] write file ...
[thread_1] close the file ...
[thread_1] the current file size=3073 byte ...
[thread_3] open the test file...
[thread_3] Move the pointer to the end of the file...
[thread_3] read data from the test file... 
[thread_2] A file name is randomly generated, name=hnuo9G#S8$w47w# .
[thread_2] Use this name to create a file.
[thread_2] create file success !
[thread_2] Write to this file !
[thread_2] write file success !
[thread_2] close this file !
[thread_3] open the test file...
[thread_3] Move the pointer to the end of the file...
[thread_3] read data from the test file... 
[thread_2] delete file ...
[thread_1] open the test file with 'a+'.
[thread_1] write file ...
[thread_1] close the file ...
[thread_1] the current file size=4097 byte ...
[thread_1] The test file exceeds the specified size, Redirect the file pointer position
[thread_3] open the test file...
[thread_3] Move the pointer to the end of the file...
[thread_3] read data from the test file... 
[thread_3] open the test file...
[thread_3] Move the pointer to the end of the file...
[thread_3] read data from the test file... 
[thread_3] open the test file...
[thread_3] Move the pointer to the end of the file...
[thread_3] read data from the test file... 
[thread_1] open the test file with 'a+'.
[thread_1] write file ...
[thread_1] close the file ...
[thread_1] the current file size=1025 byte ...
[thread_3] open the test file...
[thread_3] Move the pointer to the end of the file...
[thread_3] read data from the test file... 
[thread_2] A file name is randomly generated, name=Gv#%1qEcDyZSWu4 .
[thread_2] Use this name to create a file.
[thread_2] create file success !
[thread_2] Write to this file !
[thread_2] write file success !
[thread_2] close this file !
[thread_3] open the test file...
[thread_3] Move the pointer to the end of the file...
[thread_3] read data from the test file... 
[thread_2] delete file ...
[thread_1] open the test file with 'a+'.
[thread_1] write file ...
[thread_1] close the file ...
[thread_1] the current file size=2049 byte ...
[thread_3] open the test file...
[thread_3] Move the pointer to the end of the file...
[thread_3] read data from the test file... 
[thread_3] open the test file...
[thread_3] Move the pointer to the end of the file...
[thread_3] read data from the test file... 
[thread_3] open the test file...
[thread_3] Move the pointer to the end of the file...
[thread_3] read data from the test file... 
[thread_1] open the test file with 'a+'.
[thread_1] write file ...
[thread_1] close the file ...
[thread_1] the current file size=3073 byte ...
[thread_3] open the test file...
[thread_3] Move the pointer to the end of the file...
[thread_3] read data from the test file... 
[thread_2] A file name is randomly generated, name=3#k6OLqH3Bz%LRT .
[thread_2] Use this name to create a file.
[thread_2] create file success !
[thread_2] Write to this file !
[thread_2] write file success !
[thread_2] close this file !
[thread_3] open the test file...
[thread_3] Move the pointer to the end of the file...
[thread_3] read data from the test file... 
[thread_2] delete file ...
[thread_1] open the test file with 'a+'.
[thread_1] write file ...
[thread_1] close the file ...
[thread_1] the current file size=4097 byte ...
[thread_1] The test file exceeds the specified size, Redirect the file pointer positi[othread_3n] 
open the test file...
[thread_3] Move the pointer to the end of the file...
[thread_3] read data from the test file... 
[thread_3] open the test file...
[thread_3] Move the pointer to the end of the file...
[thread_3] read data from the test file... 
[thread_3] open the test file...
[thread_3] Move the pointer to the end of the file...
[thread_3] read data from the test file... 
[thread_1] open the test file with 'a+'.
[thread_1] write file ...
[thread_1] close the file ...
[thread_1] the current file size=1025 byte ...
[thread_3] open the test file...
[thread_3] Move the pointer to the end of the file...
[thread_3] read data from the test file... 
[thread_2] A file name is randomly generated, name=cHs6z$j#%l%#L5S .
[thread_2] Use this name to create a file.
[thread_2] create file success !
[thread_2] Write to this file !
[thread_2] write file success !
[thread_2] close this file !
[thread_3] open the test file...
[thread_3] Move the pointer to the end of the file...
[thread_3] read data from the test file... 
[thread_2] delete file ...
[thread_1] open the test file with 'a+'.
[thread_1] write file ...
[thread_1] close the file ...
[thread_1] the current file size=2049 byte ...
[thread_3] open the test file...
[thread_3] Move the pointer to the end of the file...
[thread_3] read data from the test file... 
[thread_3] open the test file...
[thread_3] Move the pointer to the end of the file...
[thread_3] read data from the test file... 
[thread_3] open the test file...
[thread_3] Move the pointer to the end of the file...
[thread_3] read data from the test file... 
[thread_1] open the test file with 'a+'.
[thread_1] write file ...
[thread_1] close the file ...
[thread_1] the current file size=3073 byte ...
[thread_3] open the test file...
[thread_3] Move the pointer to the end of the file...
[thread_3] read data from the test file... 
[thread_2] A file name is randomly generated, name=I%%7l$7D22%$$Yn .
[thread_2] Use this name to create a file.
[thread_2] create file success !
[thread_2] Write to this file !
[thread_2] write file success !
[thread_2] close this file !
[thread_3] open the test file...
[thread_3] Move the pointer to the end of the file...
[thread_3] read data from the test file... 
[thread_2] delete file ...
[thread_1] open the test file with 'a+'.
[thread_1] write file ...
[thread_1] close the file ...
[thread_1] the current file size=4097 byte ...
[thread_1] The test file exceeds the specified size, Redirect the file pointer position
[thread_3] open the test file...
[thread_3] Move the pointer to the end of the file...
[thread_3] read data from the test file... 
[thread_3] open the test file...
[thread_3] Move the pointer to the end of the file...
[thread_3] read data from the test file... 
[thread_3] open the test file...
[thread_3] Move the pointer to the end of the file...
[thread_3] read data from the test file... 
[thread_1] open the test file with 'a+'.
[thread_1] write file ...
[thread_1] close the file ...
[thread_1] the current file size=1025 byte ...
[thread_3] open the test file...
[thread_3] Move the pointer to the end of the file...
[thread_3] read data from the test file... 
[thread_2] A file name is randomly generated, name=6n%1#6m##k%5$J$ .
[thread_2] Use this name to create a file.
[thread_2] create file success !
[thread_2] Write to this file !
[thread_2] write file success !
[thread_2] close this file !
[thread_3] open the test file...
[thread_3] Move the pointer to the end of the file...
[thread_3] read data from the test file... 
[thread_2] delete file ...
[thread_1] open the test file with 'a+'.
[thread_1] write file ...
[thread_1] close the file ...
[thread_1] the current file size=2049 byte ...
[thread_3] open the test file...
[thread_3] Move the pointer to the end of the file...
[thread_3] read data from the test file... 
[thread_3] open the test file...
[thread_3] Move the pointer to the end of the file...
[thread_3] read data from the test file... 
[thread_3] open the test file...
[thread_3] Move the pointer to the end of the file...
[thread_3] read data from the test file... 
[thread_1] open the test file with 'a+'.
[thread_1] write file ...
[thread_1] close the file ...
[thread_1] the current file size=3073 byte ...
[thread_3] open the test file...
[thread_3] Move the pointer to the end of the file...
[thread_3] read data from the test file... 
[thread_2] A file name is randomly generated, name=4mA$vPe#oUX$yb0 .
[thread_2] Use this name to create a file.
[thread_2] create file success !
[thread_2] Write to this file !
[thread_2] write file success !
[thread_2] close this file !
[thread_3] open the test file...
[thread_3] Move the pointer to the end of the file...
[thread_3] read data from the test file... 
[thread_2] delete file ...
[thread_1] open the test file with 'a+'.
[thread_1] write file ...
[thread_1] close the file ...
[thread_1] the current file size=4097 byte ...
[thread_1] The test file exceeds the specified size, Redirect the file pointer position
[thread_3] open the test file...
[thread_3] Move the pointer to the end of the file...
[thread_3] read data from the test file... 
[thread_3] open the test file...
[thread_3] Move the pointer to the end of the file...
[thread_3] read data from the test file... 
[thread_3] open the test file...
[thread_3] Move the pointer to the end of the file...
[thread_3] read data from the test file... 
[thread_1] open the test file with 'a+'.
[thread_1] write file ...
[thread_1] close the file ...
[thread_1] the current file size=1025 byte ...
[thread_3] open the test file...
[thread_3] Move the pointer to the end of the file...
[thread_3] read data from the test file... 
[thread_2] A file name is randomly generated, name=d5b#ks8DboT6$%6 .
[thread_2] Use this name to create a file.
[thread_2] create file success !
[thread_2] Write to this file !
[thread_2] write file success !
[thread_2] close this file !
[thread_3] open the test file...
[thread_3] Move the pointer to the end of the file...
[thread_3] read data from the test file... 
[thread_2] delete file ...
[thread_1] open the test file with 'a+'.
[thread_1] write file ...
[thread_1] close the file ...
[thread_1] the current file size=2049 byte ...
[thread_3] open the test file...
[thread_3] Move the pointer to the end of the file...
[thread_3] read data from the test file... 
[thread_3] open the test file...
[thread_3] Move the pointer to the end of the file...
[thread_3] read data from the test file... 
[thread_3] open the test file...
[thread_3] Move the pointer to the end of the file...
[thread_3] read data from the test file... 
[thread_1] open the test file with 'a+'.
[thread_1] write file ...
[thread_1] close the file ...
[thread_1] the current file size=3073 byte ...
[thread_3] open the test file...
[thread_3] Move the pointer to the end of the file...
[thread_3] read data from the test file... 
[thread_2] A file name is randomly generated, name=Ko%%%Ng2%%$9i39 .
[thread_2] Use this name to create a file.
[thread_2] create file success !
[thread_2] Write to this file !
[thread_2] write file success !
[thread_2] close this file !
[thread_3] open the test file...
[thread_3] Move the pointer to the end of the file...
[thread_3] read data from the test file... 
[thread_2] delete file ...
[thread_1] open the test file with 'a+'.
[thread_1] write file ...
[thread_1] close the file ...
[thread_1] the current file size=4097 byte ...
[thread_1] The test file exceeds the specified size, Redirect the file pointer position
[thread_3] open the test file...
[thread_3] Move the pointer to the end of the file...
[thread_3] read data from the test file... 
[thread_3] open the test file...
[thread_3] Move the pointer to the end of the file...
[thread_3] read data from the test file... 
[thread_3] open the test file...
[thread_3] Move the pointer to the end of the file...
[thread_3] read data from the test file... 
[thread_1] open the test file with 'a+'.
[thread_1] write file ...
[thread_1] close the file ...
[thread_1] the current file size=1025 byte ...
[thread_3] open the test file...
[thread_3] Move the pointer to the end of the file...
[thread_3] read data from the test file... 
[thread_2] A file name is randomly generated, name=10HF42%FPM8$OJO .
[thread_2] Use this name to create a file.
[thread_2] create file success !
[thread_2] Write to this file !
[thread_2] write file success !
[thread_2] close this file !
[thread_3] open the test file...
[thread_3] Move the pointer to the end of the file...
[thread_3] read data from the test file... 
[thread_2] delete file ...
[thread_1] open the test file with 'a+'.
[thread_1] write file ...
[thread_1] close the file ...
[thread_1] the current file size=2049 byte ...
[thread_3] open the test file...
[thread_3] Move the pointer to the end of the file...
[thread_3] read data from the test file... 
[thread_3] open the test file...
[thread_3] Move the pointer to the end of the file...
[thread_3] read data from the test file... 
[thread_3] open the test file...
[thread_3] Move the pointer to the end of the file...
[thread_3] read data from the test file... 
[thread_1] open the test file with 'a+'.
[thread_1] write file ...
[thread_1] close the file ...
[thread_1] the current file size=3073 byte ...
[thread_3] open the test file...
[thread_3] Move the pointer to the end of the file...
[thread_3] read data from the test file... 
[thread_2] A file name is randomly generated, name=j8TjPJS%f#$$OPg .
[thread_2] Use this name to create a file.
[thread_2] create file success !
[thread_2] Write to this file !
[thread_2] write file success !
[thread_2] close this file !
[thread_3] open the test file...
[thread_3] Move the pointer to the end of the file...
[thread_3] read data from the test file... 
[thread_2] delete file ...
[thread_1] open the test file with 'a+'.
[thread_1] write file ...
[thread_1] close the file ...
[thread_1] the current file size=4097 byte ...
[thread_1] The test file exceeds the specified size, Redirect the file pointer position
[thread_3] open the test file...
[thread_3] Move the pointer to the end of the file...
[thread_3] read data from the test file... 
[thread_3] open the test file...
[thread_3] Move the pointer to the end of the file...
[thread_3] read data from the test file... 
[thread_3] open the test file...
[thread_3] Move the pointer to the end of the file...
[thread_3] read data from the test file... 
[thread_1] open the test file with 'a+'.
[thread_1] write file ...
[thread_1] close the file ...
[thread_1] the current file size=1025 byte ...
[thread_3] open the test file...
[thread_3] Move the pointer to the end of the file...
[thread_3] read data from the test file... 
[thread_2] A file name is randomly generated, name=I2$8vvWeW2E#1#k .
[thread_2] Use this name to create a file.
[thread_2] create file success !
[thread_2] Write to this file !
[thread_2] write file success !
[thread_2] close this file !
[thread_3] open the test file...
[thread_3] Move the pointer to the end of the file...
[thread_3] read data from the test file... 
[thread_2] delete file ...
[thread_1] open the test file with 'a+'.
[thread_1] write file ...
[thread_1] close the file ...
[thread_1] the current file size=2049 byte ...
[thread_3] open the test file...
[thread_3] Move the pointer to the end of the file...
[thread_3] read data from the test file... 
[thread_3] open the test file...
[thread_3] Move the pointer to the end of the file...
[thread_3] read data from the test file... 
[thread_3] open the test file...
[thread_3] Move the pointer to the end of the file...
[thread_3] read data from the test file... 
[thread_1] open the test file with 'a+'.
[thread_1] write file ...
[thread_1] close the file ...
[thread_1] the current file size=3073 byte ...
[thread_3] open the test file...
[thread_3] Move the pointer to the end of the file...
[thread_3] read data from the test file... 
[thread_2] A file name is randomly generated, name=4nkT6Sxzr$#rK07 .
[thread_2] Use this name to create a file.
[thread_2] create file success !
[thread_2] Write to this file !
[thread_2] write file success !
[thread_2] close this file !
[thread_3] open the test file...
[thread_3] Move the pointer to the end of the file...
[thread_3] read data from the test file... 
[thread_2] delete file ...
[thread_1] open the test file with 'a+'.
[thread_1] write file ...
[thread_1] close the file ...
[thread_1] the current file size=4097 byte ...
[thread_1] The test file exceeds the specified size, Redirect the file pointer position
[thread_3] open the test file...
[thread_3] Move the pointer to the end of the file...
[thread_3] read data from the test file... 
[thread_3] open the test file...
[thread_3] Move the pointer to the end of the file...
[thread_3] read data from the test file... 
[thread_3] open the test file...
[thread_3] Move the pointer to the end of the file...
[thread_3] read data from the test file... 
[thread_1] open the test file with 'a+'.
[thread_1] write file ...
[thread_1] close the file ...
[thread_1] the current file size=1025 byte ...
[thread_3] open the test file...
[thread_3] Move the pointer to the end of the file...
[thread_3] read data from the test file... 
[thread_2] A file name is randomly generated, name=eX8ky5084N$f3MF .
[thread_2] Use this name to create a file.
[thread_2] create file success !
[thread_2] Write to this file !
[thread_2] write file success !
[thread_2] close this file !
[thread_3] open the test file...
[thread_3] Move the pointer to the end of the file...
[thread_3] read data from the test file... 
[thread_2] delete file ...
[thread_1] open the test file with 'a+'.
[thread_1] write file ...
[thread_1] close the file ...
[thread_1] the current file size=2049 byte ...
[thread_3] open the test file...
[thread_3] Move the pointer to the end of the file...
[thread_3] read data from the test file... 
[thread_3] open the test file...
[thread_3] Move the pointer to the end of the file...
[thread_3] read data from the test file... 
[thread_3] open the test file...
[thread_3] Move the pointer to the end of the file...
[thread_3] read data from the test file... 
[thread_1] open the test file with 'a+'.
[thread_1] write file ...
[thread_1] close the file ...
[thread_1] the current file size=3073 byte ...
[thread_3] open the test file...
[thread_3] Move the pointer to the end of the file...
[thread_3] read data from the test file... 
[thread_2] A file name is randomly generated, name=DC%77NwiY#b#jq0 .
[thread_2] Use this name to create a file.
[thread_2] create file success !
[thread_2] Write to this file !
[thread_2] write file success !
[thread_2] close this file !
[thread_3] open the test file...
[thread_3] Move the pointer to the end of the file...
[thread_3] read data from the test file... 
[thread_2] delete file ...
[thread_1] open the test file with 'a+'.
[thread_1] write file ...
[thread_1] close the file ...
[thread_1] the current file size=4097 byte ...
[thread_1] The test file exceeds the specified size, Redirect the fi[lthread_3e]  poopiennt etrh ep otseistti ofnil
e...
[thread_3] Move the pointer to the end of the file...
[thread_3] read data from the test file... 
[thread_3] open the test file...
[thread_3] Move the pointer to the end of the file...
[thread_3] read data from the test file... 
[thread_3] open the test file...
[thread_3] Move the pointer to the end of the file...
[thread_3] read data from the test file... 
[thread_1] open the test file with 'a+'.
[thread_1] write file ...
[thread_1] close the file ...
[thread_1] the current file size=1025 byte ...
[thread_3] open the test file...
[thread_3] Move the pointer to the end of the file...
[thread_3] read data from the test file... 
[thread_2] A file name is randomly generated, name=%#G10HS$FTSM$P4 .
[thread_2] Use this name to create a file.
[thread_2] create file success !
[thread_2] Write to this file !
[thread_2] write file success !
[thread_2] close this file !
[thread_3] open the test file...
[thread_3] Move the pointer to the end of the file...
[thread_3] read data from the test file... 
[thread_2] delete file ...
[thread_1] open the test file with 'a+'.
[thread_1] write file ...
[thread_1] close the file ...
[thread_1] the current file size=2049 byte ...
[thread_3] open the test file...
[thread_3] Move the pointer to the end of the file...
[thread_3] read data from the test file... 
[thread_3] open the test file...
[thread_3] Move the pointer to the end of the file...
[thread_3] read data from the test file... 
[thread_3] open the test file...
[thread_3] Move the pointer to the end of the file...
[thread_3] read data from the test file... 
[thread_1] open the test file with 'a+'.
[thread_1] write file ...
[thread_1] close the file ...
[thread_1] the current file size=3073 byte ...
[thread_3] open the test file...
[thread_3] Move the pointer to the end of the file...
[thread_3] read data from the test file... 
[thread_2] A file name is randomly generated, name=30z#$Pd5Dd#a%LI .
[thread_2] Use this name to create a file.
[thread_2] create file success !
[thread_2] Write to this file !
[thread_2] write file success !
[thread_2] close this file !
[thread_3] open the test file...
[thread_3] Move the pointer to the end of the file...
[thread_3] read data from the test file... 
[thread_2] delete file ...
[thread_1] open the test file with 'a+'.
[thread_1] write file ...
[thread_1] close the file ...
[thread_1] the current file size=4097 byte ...
[thread_1] The test file exceeds the specified size, Redirect the file pointer position
[thread_3] open the test file...
[thread_3] Move the pointer to the end of the file...
[thread_3] read data from the test file... 
[thread_3] open the test file...
[thread_3] Move the pointer to the end of the file...
[thread_3] read data from the test file... 
[thread_3] open the test file...
[thread_3] Move the pointer to the end of the file...
[thread_3] read data from the test file... 
[thread_1] open the test file with 'a+'.
[thread_1] write file ...
[thread_1] close the file ...
[thread_1] the current file size=1025 byte ...
[thread_2] A file name is randomly generated, name=Pj3w%6P16n%K%F4 .
[thread_2] Use this name to create a file.
[thread_2] create file success !
[thread_2] Write to this file !
[thread_2] write file success !
[thread_2] close this file !
[thread_3] open the test file...
[thread_3] Move the pointer to the end of the file...
[thread_3] read data from the test file... 
[thread_3] open the test file...
[thread_3] Move the pointer to the end of the file...
[thread_3] read data from the test file... 
[thread_2] delete file ...
[thread_1] open the test file with 'a+'.
[thread_1] write file ...
[thread_1] close the file ...
[thread_1] the current file size=2049 byte ...
[thread_3] open the test file...
[thread_3] Move the pointer to the end of the file...
[thread_3] read data from the test file... 
[thread_3] open the test file...
[thread_3] Move the pointer to the end of the file...
[thread_3] read data from the test file... 
[thread_3] open the test file...
[thread_3] Move the pointer to the end of the file...
[thread_3] read data from the test file... 
[thread_1] open the test file with 'a+'.
[thread_1] write file ...
[thread_1] close the file ...
[thread_1] the current file size=3073 byte ...
[thread_2] A file name is randomly generated, name=%Zhyeu#5Y2W3vO4 .
[thread_2] Use this name to create a file.
[thread_2] create file success !
[thread_2] Write to this file !
[thread_2] write file success !
[thread_2] close this file !
[thread_3] open the test file...
[thread_3] Move the pointer to the end of the file...
[thread_3] read data from the test file... 
[thread_3] open the test file...
[thread_3] Move the pointer to the end of the file...
[thread_3] read data from the test file... 
[thread_2] delete file ...
[thread_1] open the test file with 'a+'.
[thread_1] write file ...
[thread_1] close the file ...
[thread_1] the current file size=4097 byte ...
[thread_1] The test file exceeds the specified size, Redirect the file pointer position
[thread_3] open the test file...
[thread_3] Move the pointer to the end of the file...
[thread_3] read data from the test file... 
[thread_3] open the test file...
[thread_3] Move the pointer to the end of the file...
[thread_3] read data from the test file... 
[thread_3] open the test file...
[thread_3] Move the pointer to the end of the file...
[thread_3] read data from the test file... 
[thread_1] open the test file with 'a+'.
[thread_1] write file ...
[thread_1] close the file ...
[thread_1] the current file size=1025 byte ...
[thread_2] A file name is randomly generated, name=4%Y%j#8jZ4M3Or7 .
[thread_2] Use this name to create a file.
[thread_2] create file success !
[thread_2] Write to this file !
[thread_2] write file success !
[thread_2] close this file !
[thread_3] open the test file...
[thread_3] Move the pointer to the end of the file...
[thread_3] read data from the test file... 
[thread_3] open the test file...
[thread_3] Move the pointer to the end of the file...
[thread_3] read data from the test file... 
[thread_2] delete file ...
[thread_1] open the test file with 'a+'.
[thread_1] write file ...
[thread_1] close the file ...
[thread_1] the current file size=2049 byte ...
[thread_3] open the test file...
[thread_3] Move the pointer to the end of the file...
[thread_3] read data from the test file... 
[thread_3] open the test file...
[thread_3] Move the pointer to the end of the file...
[thread_3] read data from the test file... 
[thread_3] open the test file...
[thread_3] Move the pointer to the end of the file...
[thread_3] read data from the test file... 
[thread_1] open the test file with 'a+'.
[thread_1] write file ...
[thread_1] close the file ...
[thread_1] the current file size=3073 byte ...
[thread_2] A file name is randomly generated, name=Su2Mjk#78$Z0m3G .
[thread_2] Use this name to create a file.
[thread_2] create file success !
[thread_2] Write to this file !
[thread_2] write file success !
[thread_2] close this file !
[thread_3] open the test file...
[thread_3] Move the pointer to the end of the file...
[thread_3] read data from the test file... 
[thread_3] open the test file...
[thread_3] Move the pointer to the end of the file...
[thread_3] read data from the test file... 
[thread_2] delete file ...
[thread_1] open the test file with 'a+'.
[thread_1] write file ...
[thread_1] close the file ...
[thread_1] the current file size=4097 byte ...
[thread_1] The test file exceeds the specified size, Redirect the file pointer position
[thread_3] open the test file...
[thread_3] Move the pointer to the end of the file...
[thread_3] read data from the test file... 
[thread_3] open the test file...
[thread_3] Move the pointer to the end of the file...
[thread_3] read data from the test file... 
[thread_3] open the test file...
[thread_3] Move the pointer to the end of the file...
[thread_3] read data from the test file... 
[thread_1] open the test file with 'a+'.
[thread_1] write file ...
[thread_1] close the file ...
[thread_1] the current file size=1025 byte ...
[thread_2] A file name is randomly generated, name=#%9X$vB295B%%## .
[thread_2] Use this name to create a file.
[thread_2] create file success !
[thread_2] Write to this file !
[thread_2] write file success !
[thread_2] close this file !
[thread_3] open the test file...
[thread_3] Move the pointer to the end of the file...
[thread_3] read data from the test file... 
[thread_3] open the test file...
[thread_3] Move the pointer to the end of the file...
[thread_3] read data from the test file... 
[thread_2] delete file ...
[thread_1] open the test file with 'a+'.
[thread_1] write file ...
[thread_1] close the file ...
[thread_1] the current file size=2049 byte ...
[thread_3] open the test file...
[thread_3] Move the pointer to the end of the file...
[thread_3] read data from the test file... 
[thread_3] open the test file...
[thread_3] Move the pointer to the end of the file...
[thread_3] read data from the test file... 
[thread_3] open the test file...
[thread_3] Move the pointer to the end of the file...
[thread_3] read data from the test file... 
[thread_1] open the test file with 'a+'.
[thread_1] write file ...
[thread_1] close the file ...
[thread_1] the current file size=3073 byte ...
[thread_2] A file name is randomly generated, name=73Xx1x$Ug#vOG#% .
[thread_2] Use this name to create a file.
[thread_2] create file success !
[thread_2] Write to this file !
[thread_2] write file success !
[thread_2] close this file !
[thread_3] open the test file...
[thread_3] Move the pointer to the end of the file...
[thread_3] read data from the test file... 
[thread_3] open the test file...
[thread_3] Move the pointer to the end of the file...
[thread_3] read data from the test file... 
[thread_2] delete file ...
[thread_1] open the test file with 'a+'.
[thread_1] write file ...
[thread_1] close the file ...
[thread_1] the current file size=4097 byte ...
[thread_1] The test file exceeds the specified size, Redirect the file pointer position
[thread_3] open the test file...
[thread_3] Move the pointer to the end of the file...
[thread_3] read data from the test file... 
[thread_3] open the test file...
[thread_3] Move the pointer to the end of the file...
[thread_3] read data from the test file... 
[thread_3] open the test file...
[thread_3] Move the pointer to the end of the file...
[thread_3] read data from the test file... 
[thread_1] open the test file with 'a+'.
[thread_1] write file ...
[thread_1] close the file ...
[thread_1] the current file size=1025 byte ...
[thread_2] A file name is randomly generated, name=dpOgDW%%7K00uR9 .
[thread_2] Use this name to create a file.
[thread_2] create file success !
[thread_2] Write to this file !
[thread_2] write file success !
[thread_2] close this file !
[thread_3] open the test file...
[thread_3] Move the pointer to the end of the file...
[thread_3] read data from the test file... 
[thread_3] open the test file...
[thread_3] Move the pointer to the end of the file...
[thread_3] read data from the test file... 
[thread_2] delete file ...
[thread_1] open the test file with 'a+'.
[thread_1] write file ...
[thread_1] close the file ...
[thread_1] the current file size=2049 byte ...
[thread_3] open the test file...
[thread_3] Move the pointer to the end of the file...
[thread_3] read data from the test file... 
[thread_3] open the test file...
[thread_3] Move the pointer to the end of the file...
[thread_3] read data from the test file... 
[thread_3] open the test file...
[thread_3] Move the pointer to the end of the file...
[thread_3] read data from the test file... 
[thread_1] open the test file with 'a+'.
[thread_1] write file ...
[thread_1] close the file ...
[thread_1] the current file size=3073 byte ...
[thread_2] A file name is randomly generated, name=T$$K90s1081q%%% .
[thread_2] Use this name to create a file.
[thread_2] create file success !
[thread_2] Write to this file !
[thread_2] write file success !
[thread_2] close this file !
[thread_3] open the test file...
[thread_3] Move the pointer to the end of the file...
[thread_3] read data from the test file... 
[thread_3] open the test file...
[thread_3] Move the pointer to the end of the file...
[thread_3] read data from the test file... 
[thread_2] delete file ...
[thread_1] open the test file with 'a+'.
[thread_1] write file ...
[thread_1] close the file ...
[thread_1] the current file size=4097 byte ...
[thread_1] The test file exceeds the specified size, Redirect the file pointer position
[thread_3] open the test file...
[thread_3] Move the pointer to the end of the file...
[thread_3] read data from the test file... 
[thread_3] open the test file...
[thread_3] Move the pointer to the end of the file...
[thread_3] read data from the test file... 
[thread_3] open the test file...
[thread_3] Move the pointer to the end of the file...
[thread_3] read data from the test file... 
[thread_1] open the test file with 'a+'.
[thread_1] write file ...
[thread_1] close the file ...
[thread_1] the current file size=1025 byte ...
[thread_2] A file name is randomly generated, name=%#1uN$o$LJk6xzK .
[thread_2] Use this name to create a file.
[thread_2] create file success !
[thread_2] Write to this file !
[thread_2] write file success !
[thread_2] close this file !
[thread_3] open the test file...
[thread_3] Move the pointer to the end of the file...
[thread_3] read data from the test file... 
[thread_3] open the test file...
[thread_3] Move the pointer to the end of the file...
[thread_3] read data from the test file... 
[thread_2] delete file ...
[thread_1] open the test file with 'a+'.
[thread_1] write file ...
[thread_1] close the file ...
[thread_1] the current file size=2049 byte ...
[thread_3] open the test file...
[thread_3] Move the pointer to the end of the file...
[thread_3] read data from the test file... 
[thread_3] open the test file...
[thread_3] Move the pointer to the end of the file...
[thread_3] read data from the test file... 
[thread_3] open the test file...
[thread_3] Move the pointer to the end of the file...
[thread_3] read data from the test file... 
[thread_1] open the test file with 'a+'.
[thread_1] write file ...
[thread_1] close the file ...
[thread_1] the current file size=3073 byte ...
[thread_2] A file name is randomly generated, name=1%xdL8#KObwg#68 .
[thread_2] Use this name to create a file.
[thread_2] create file success !
[thread_2] Write to this file !
[thread_2] write file success !
[thread_2] close this file !
[thread_3] open the test file...
[thread_3] Move the pointer to the end of the file...
[thread_3] read data from the test file... 
[thread_3] open the test file...
[thread_3] Move the pointer to the end of the file...
[thread_3] read data from the test file... 
[thread_2] delete file ...
[thread_1] open the test file with 'a+'.
[thread_1] write file ...
[thread_1] close the file ...
[thread_1] the current file size=4097 byte ...
[thread_1] The test file exceeds the specified size, Redirect the file p[othread_3i]n toepre np otshiet itoenst
 file...
[thread_3] Move the pointer to the end of the file...
[thread_3] read data from the test file... 
[thread_3] open the test file...
[thread_3] Move the pointer to the end of the file...
[thread_3] read data from the test file... 
[thread_3] open the test file...
[thread_3] Move the pointer to the end of the file...
[thread_3] read data from the test file... 
[thread_1] open the test file with 'a+'.
[thread_1] write file ...
[thread_1] close the file ...
[thread_1] the current file size=1025 byte ...
[thread_2] A file name is randomly generated, name=Ro4#2Yt#3$O$#K5 .
[thread_2] Use this name to create a file.
[thread_2] create file success !
[thread_2] Write to this file !
[thread_2] write file success !
[thread_2] close this file !
[thread_3] open the test file...
[thread_3] Move the pointer to the end of the file...
[thread_3] read data from the test file... 
[thread_3] open the test file...
[thread_3] Move the pointer to the end of the file...
[thread_3] read data from the test file... 
[thread_2] delete file ...
[thread_1] open the test file with 'a+'.
[thread_1] write file ...
[thread_1] close the file ...
[thread_1] the current file size=2049 byte ...
[thread_3] open the test file...
[thread_3] Move the pointer to the end of the file...
[thread_3] read data from the test file... 
[thread_3] open the test file...
[thread_3] Move the pointer to the end of the file...
[thread_3] read data from the test file... 
[thread_3] open the test file...
[thread_3] Move the pointer to the end of the file...
[thread_3] read data from the test file... 
[thread_1] open the test file with 'a+'.
[thread_1] write file ...
[thread_1] close the file ...
[thread_1] the current file size=3073 byte ...
[thread_2] A file name is randomly generated, name=#LXd70#$##%%%b# .
[thread_2] Use this name to create a file.
[thread_2] create file success !
[thread_2] Write to this file !
[thread_2] write file success !
[thread_2] close this file !
[thread_3] open the test file...
[thread_3] Move the pointer to the end of the file...
[thread_3] read data from the test file... 
[thread_3] open the test file...
[thread_3] Move the pointer to the end of the file...
[thread_3] read data from the test file... 
[thread_2] delete file ...
[thread_1] open the test file with 'a+'.
[thread_1] write file ...
[thread_1] close the file ...
[thread_1] the current file size=4097 byte ...
[thread_1] The test file exceeds the specified size, Redirect the file pointer position
[thread_3] open the test file...
[thread_3] Move the pointer to the end of the file...
[thread_3] read data from the test file... 
[thread_3] open the test file...
[thread_3] Move the pointer to the end of the file...
[thread_3] read data from the test file... 
[thread_3] open the test file...
[thread_3] Move the pointer to the end of the file...
[thread_3] read data from the test file... 
[thread_1] open the test file with 'a+'.
[thread_1] write file ...
[thread_1] close the file ...
[thread_1] the current file size=1025 byte ...
[thread_2] A file name is randomly generated, name=4t%j8Z#7z0ltEiN .
[thread_2] Use this name to create a file.
[thread_2] create file success !
[thread_2] Write to this file !
[thread_2] write file success !
[thread_2] close this file !
[thread_3] open the test file...
[thread_3] Move the pointer to the end of the file...
[thread_3] read data from the test file... 
[thread_3] open the test file...
[thread_3] Move the pointer to the end of the file...
[thread_3] read data from the test file... 
[thread_2] delete file ...
[thread_1] open the test file with 'a+'.
[thread_1] write file ...
[thread_1] close the file ...
[thread_1] the current file size=2049 byte ...
[thread_3] open the test file...
[thread_3] Move the pointer to the end of the file...
[thread_3] read data from the test file... 
[thread_3] open the test file...
[thread_3] Move the pointer to the end of the file...
[thread_3] read data from the test file... 
[thread_3] open the test file...
[thread_3] Move the pointer to the end of the file...
[thread_3] read data from the test file... 
[thread_1] open the test file with 'a+'.
[thread_1] write file ...
[thread_1] close the file ...
[thread_1] the current file size=3073 byte ...
[thread_2] A file name is randomly generated, name=T4N$6a591%R2$v% .
[thread_2] Use this name to create a file.
[thread_2] create file success !
[thread_2] Write to this file !
[thread_2] write file success !
[thread_2] close this file !
[thread_3] open the test file...
[thread_3] Move the pointer to the end of the file...
[thread_3] read data from the test file... 
[thread_3] open the test file...
[thread_3] Move the pointer to the end of the file...
[thread_3] read data from the test file... 
[thread_2] delete file ...
[thread_1] open the test file with 'a+'.
[thread_1] write file ...
[thread_1] close the file ...
[thread_1] the current file size=4097 byte ...
[thread_1] The test file exceeds the specified size, Redirect the file pointer position
[thread_3] open the test file...
[thread_3] Move the pointer to the end of the file...
[thread_3] read data from the test file... 
[thread_3] open the test file...
[thread_3] Move the pointer to the end of the file...
[thread_3] read data from the test file... 
[thread_3] open the test file...
[thread_3] Move the pointer to the end of the file...
[thread_3] read data from the test file... 
[thread_1] open the test file with 'a+'.
[thread_1] write file ...
[thread_1] close the file ...
[thread_1] the current file size=1025 byte ...
[thread_2] A file name is randomly generated, name=#%H%80pDFr%JU5f .
[thread_2] Use this name to create a file.
[thread_2] create file success !
[thread_2] Write to this file !
[thread_2] write file success !
[thread_2] close this file !
[thread_3] open the test file...
[thread_3] Move the pointer to the end of the file...
[thread_3] read data from the test file... 
[thread_3] open the test file...
[thread_3] Move the pointer to the end of the file...
[thread_3] read data from the test file... 
[thread_2] delete file ...
[thread_1] open the test file with 'a+'.
[thread_1] write file ...
[thread_1] close the file ...
[thread_1] the current file size=2049 byte ...
[thread_3] open the test file...
[thread_3] Move the pointer to the end of the file...
[thread_3] read data from the test file... 
[thread_3] open the test file...
[thread_3] Move the pointer to the end of the file...
[thread_3] read data from the test file... 
[thread_3] open the test file...
[thread_3] Move the pointer to the end of the file...
[thread_3] read data from the test file... 
[thread_1] open the test file with 'a+'.
[thread_1] write file ...
[thread_1] close the file ...
[thread_1] the current file size=3073 byte ...
[thread_2] A file name is randomly generated, name=57U#f6CjrFFQhJE .
[thread_2] Use this name to create a file.
[thread_2] create file success !
[thread_2] Write to this file !
[thread_2] write file success !
[thread_2] close this file !
[thread_3] open the test file...
[thread_3] Move the pointer to the end of the file...
[thread_3] read data from the test file... 
[thread_3] open the test file...
[thread_3] Move the pointer to the end of the file...
[thread_3] read data from the test file... 
[thread_2] delete file ...
[thread_1] open the test file with 'a+'.
[thread_1] write file ...
[thread_1] close the file ...
[thread_1] the current file size=4097 byte ...
[thread_1] The test file exceeds the specified size, Redirect the file pointer position
[thread_3] open the test file...
[thread_3] Move the pointer to the end of the file...
[thread_3] read data from the test file... 
[thread_3] open the test file...
[thread_3] Move the pointer to the end of the file...
[thread_3] read data from the test file... 
[thread_3] open the test file...
[thread_3] Move the pointer to the end of the file...
[thread_3] read data from the test file... 
[thread_1] open the test file with 'a+'.
[thread_1] write file ...
[thread_1] close the file ...
[thread_1] the current file size=1025 byte ...
[thread_2] A file name is randomly generated, name=6$9l$$#i$#5c5mc .
[thread_2] Use this name to create a file.
[thread_2] create file success !
[thread_2] Write to this file !
[thread_2] write file success !
[thread_2] close this file !
[thread_3] open the test file...
[thread_3] Move the pointer to the end of the file...
[thread_3] read data from the test file... 
[thread_3] open the test file...
[thread_3] Move the pointer to the end of the file...
[thread_3] read data from the test file... 
[thread_2] delete file ...
[thread_1] open the test file with 'a+'.
[thread_1] write file ...
[thread_1] close the file ...
[thread_1] the current file size=2049 byte ...
[thread_3] open the test file...
[thread_3] Move the pointer to the end of the file...
[thread_3] read data from the test file... 
[thread_3] open the test file...
[thread_3] Move the pointer to the end of the file...
[thread_3] read data from the test file... 
[thread_3] open the test file...
[thread_3] Move the pointer to the end of the file...
[thread_3] read data from the test file... 
[thread_1] open the test file with 'a+'.
[thread_1] write file ...
[thread_1] close the file ...
[thread_1] the current file size=3073 byte ...
[thread_2] A file name is randomly generated, name=VkTkm$hYqYV$3M1 .
[thread_2] Use this name to create a file.
[thread_2] create file success !
[thread_2] Write to this file !
[thread_2] write file success !
[thread_2] close this file !
[thread_3] open the test file...
[thread_3] Move the pointer to the end of the file...
[thread_3] read data from the test file... 
[thread_3] open the test file...
[thread_3] Move the pointer to the end of the file...
[thread_3] read data from the test file... 
[thread_2] delete file ...
[thread_1] open the test file with 'a+'.
[thread_1] write file ...
[thread_1] close the file ...
[thread_1] the current file size=4097 byte ...
[thread_1] The test file exceeds the specified size, Redirect the file pointer position
[thread_3] open the test file...
[thread_3] Move the pointer to the end of the file...
[thread_3] read data from the test file... 
[thread_3] open the test file...
[thread_3] Move the pointer to the end of the file...
[thread_3] read data from the test file... 
[thread_3] open the test file...
[thread_3] Move the pointer to the end of the file...
[thread_3] read data from the test file... 
[thread_1] open the test file with 'a+'.
[thread_1] write file ...
[thread_1] close the file ...
[thread_1] the current file size=1025 byte ...
[thread_2] A file name is randomly generated, name=#EW#yYJJ$%#N%M4 .
[thread_2] Use this name to create a file.
[thread_2] create file success !
[thread_2] Write to this file !
[thread_2] write file success !
[thread_2] close this file !
[thread_3] open the test file...
[thread_3] Move the pointer to the end of the file...
[thread_3] read data from the test file... 
[thread_3] open the test file...
[thread_3] Move the pointer to the end of the file...
[thread_3] read data from the test file... 
[thread_2] delete file ...
[thread_1] open the test file with 'a+'.
[thread_1] write file ...
[thread_1] close the file ...
[thread_1] the current file size=2049 byte ...
[thread_3] open the test file...
[thread_3] Move the pointer to the end of the file...
[thread_3] read data from the test file... 
[thread_3] open the test file...
[thread_3] Move the pointer to the end of the file...
[thread_3] read data from the test file... 
[thread_3] open the test file...
[thread_3] Move the pointer to the end of the file...
[thread_3] read data from the test file... 
[thread_1] open the test file with 'a+'.
[thread_1] write file ...
[thread_1] close the file ...
[thread_1] the current file size=3073 byte ...
[thread_2] A file name is randomly generated, name=9$86$C7gNs8U$Lh .
[thread_2] Use this name to create a file.
[thread_2] create file success !
[thread_2] Write to this file !
[thread_2] write file success !
[thread_2] close this file !
[thread_3] open the test file...
[thread_3] Move the pointer to the end of the file...
[thread_3] read data from the test file... 
[thread_3] open the test file...
[thread_3] Move the pointer to the end of the file...
[thread_3] read data from the test file... 
[thread_2] delete file ...
[thread_1] open the test file with 'a+'.
[thread_1] write file ...
[thread_1] close the file ...
[thread_1] the current file size=4097 byte ...
[thread_1] The test file exceeds the specified size, Redirect the file pointer position
[thread_3] open the test file...
[thread_3] Move the pointer to the end of the file...
[thread_3] read data from the test file... 
[thread_3] open the test file...
[thread_3] Move the pointer to the end of the file...
[thread_3] read data from the test file... 
[thread_3] open the test file...
[thread_3] Move the pointer to the end of the file...
[thread_3] read data from the test file... 
[thread_1] open the test file with 'a+'.
[thread_1] write file ...
[thread_1] close the file ...
[thread_1] the current file size=1025 byte ...
[thread_2] A file name is randomly generated, name=Td#%#3c%$zktQ%% .
[thread_2] Use this name to create a file.
[thread_2] create file success !
[thread_2] Write to this file !
[thread_2] write file success !
[thread_2] close this file !
[thread_3] open the test file...
[thread_3] Move the pointer to the end of the file...
[thread_3] read data from the test file... 
[thread_3] open the test file...
[thread_3] Move the pointer to the end of the file...
[thread_3] read data from the test file... 
[thread_2] delete file ...
[thread_1] open the test file with 'a+'.
[thread_1] write file ...
[thread_1] close the file ...
[thread_1] the current file size=2049 byte ...
[thread_3] open the test file...
[thread_3] Move the pointer to the end of the file...
[thread_3] read data from the test file... 
[thread_3] open the test file...
[thread_3] Move the pointer to the end of the file...
[thread_3] read data from the test file... 
[thread_3] open the test file...
[thread_3] Move the pointer to the end of the file...
[thread_3] read data from the test file... 
[thread_1] open the test file with 'a+'.
[thread_1] write file ...
[thread_1] close the file ...
[thread_1] the current file size=3073 byte ...
[thread_2] A file name is randomly generated, name=$j#LmC16#l$2AMW .
[thread_2] Use this name to create a file.
[thread_2] create file success !
[thread_2] Write to this file !
[thread_2] write file success !
[thread_2] close this file !
[thread_3] open the test file...
[thread_3] Move the pointer to the end of the file...
[thread_3] read data from the test file... 
[thread_3] open the test file...
[thread_3] Move the pointer to the end of the file...
[thread_3] read data from the test file... 
[thread_2] delete file ...
[thread_1] open the test file with 'a+'.
[thread_1] write file ...
[thread_1] close the file ...
[thread_1] the current file size=4097 byte ...
[thread_1] The test file exceeds the specified size, Redirect the file pointer position
[thread_3] open the test file...
[thread_3] Move the pointer to the end of the file...
[thread_3] read data from the test file... 
[thread_3] open the test file...
[thread_3] Move the pointer to the end of the file...
[thread_3] read data from the test file... 
[thread_3] open the test file...
[thread_3] Move the pointer to the end of the file...
[thread_3] read data from the test file... 
[thread_1] open the test file with 'a+'.
[thread_1] write file ...
[thread_1] close the file ...
[thread_1] the current file size=1025 byte ...
[thread_2] A file name is randomly generated, name=21#13fx#whFI1M0 .
[thread_2] Use this name to create a file.
[thread_2] create file success !
[thread_2] Write to this file !
[thread_2] write file success !
[thread_2] close this file !
[thread_3] open the test file...
[thread_3] Move the pointer to the end of the file...
[thread_3] read data from the test file... 
[thread_3] open the test file...
[thread_3] Move the pointer to the end of the file...
[thread_3] read data from the test file... 
[thread_2] delete file ...
[thread_1] open the test file with 'a+'.
[thread_1] write file ...
[thread_1] close the file ...
[thread_1] the current file size=2049 byte ...
[thread_3] open the test file...
[thread_3] Move the pointer to the end of the file...
[thread_3] read data from the test file... 
[thread_3] open the test file...
[thread_3] Move the pointer to the end of the file...
[thread_3] read data from the test file... 
[thread_3] open the test file...
[thread_3] Move the pointer to the end of the file...
[thread_3] read data from the test file... 
[thread_1] open the test file with 'a+'.
[thread_1] write file ...
[thread_1] close the file ...
[thread_1] the current file size=3073 byte ...
[thread_2] A file name is randomly generated, name=O7#%N8t%%Svjnbl .
[thread_2] Use this name to create a file.
[thread_2] create file success !
[thread_2] Write to this file !
[thread_2] write file success !
[thread_2] close this file !
[thread_3] open the test file...
[thread_3] Move the pointer to the end of the file...
[thread_3] read data from the test file... 
[thread_3] open the test file...
[thread_3] Move the pointer to the end of the file...
[thread_3] read data from the test file... 
[thread_2] delete file ...
[thread_1] open the test file with 'a+'.
[thread_1] write file ...
[thread_1] close the file ...
[thread_1] the current file size=4097 byte ...
[thread_1] The test file exceeds the specified size, Redirect the file pointer position
[thread_3] open the test file...
[thread_3] Move the pointer to the end of the file...
[thread_3] read data from the test file... 
[thread_3] open the test file...
[thread_3] Move the pointer to the end of the file...
[thread_3] read data from the test file... 
[thread_3] open the test file...
[thread_3] Move the pointer to the end of the file...
[thread_3] read data from the test file... 
[thread_1] open the test file with 'a+'.
[thread_1] write file ...
[thread_1] close the file ...
[thread_1] the current file size=1025 byte ...
[thread_2] A file name is randomly generated, name=$86qCdj$y8Q$W#% .
[thread_2] Use this name to create a file.
[thread_2] create file success !
[thread_2] Write to this file !
[thread_2] write file success !
[thread_2] close this file !
[thread_3] open the test file...
[thread_3] Move the pointer to the end of the file...
[thread_3] read data from the test file... 
[thread_3] open the test file...
[thread_3] Move the pointer to the end of the file...
[thread_3] read data from the test file... 
[thread_2] delete file ...
[thread_1] open the test file with 'a+'.
[thread_1] write file ...
[thread_1] close the file ...
[thread_1] the current file size=2049 byte ...
[thread_3] open the test file...
[thread_3] Move the pointer to the end of the file...
[thread_3] read data from the test file... 
[thread_3] open the test file...
[thread_3] Move the pointer to the end of the file...
[thread_3] read data from the test file... 
[thread_3] open the test file...
[thread_3] Move the pointer to the end of the file...
[thread_3] read data from the test file... 
[thread_1] open the test file with 'a+'.
[thread_1] write file ...
[thread_1] close the file ...
[thread_1] the current file size=3073 byte ...
[thread_2] A file name is randomly generated, name=6Va$$$l1CKlKSL3 .
[thread_2] Use this name to create a file.
[thread_2] create file success !
[thread_2] Write to this file !
[thread_2] write file success !
[thread_2] close this file !
[thread_3] open the test file...
[thread_3] Move the pointer to the end of the file...
[thread_3] read data from the test file... 
[thread_3] open the test file...
[thread_3] Move the pointer to the end of the file...
[thread_3] read data from the test file... 
[thread_2] delete file ...
[thread_1] open the test file with 'a+'.
[thread_1] write file ...
[thread_1] close the file ...
[thread_1] the current file size=4097 byte ...
[thread_1] The test file exceeds the specified size, Redirect the file pointer position
[thread_3] open the test file...
[thread_3] Move the pointer to the end of the file...
[thread_3] read data from the test file... 
[thread_3] open the test file...
[thread_3] Move the pointer to the end of the file...
[thread_3] read data from the test file... 
[thread_3] open the test file...
[thread_3] Move the pointer to the end of the file...
[thread_3] read data from the test file... 
[thread_1] open the test file with 'a+'.
[thread_1] write file ...
[thread_1] close the file ...
[thread_1] the current file size=1025 byte ...
[thread_2] A file name is randomly generated, name=rLq%$mr0B#36Y45 .
[thread_2] Use this name to create a file.
[thread_2] create file success !
[thread_2] Write to this file !
[thread_2] write file success !
[thread_2] close this file !
[thread_3] open the test file...
[thread_3] Move the pointer to the end of the file...
[thread_3] read data from the test file... 
[thread_3] open the test file...
[thread_3] Move the pointer to the end of the file...
[thread_3] read data from the test file... 
[thread_2] delete file ...
[thread_1] open the test file with 'a+'.
[thread_1] write file ...
[thread_1] close the file ...
[thread_1] the current file size=2049 byte ...
[thread_3] open the test file...
[thread_3] Move the pointer to the end of the file...
[thread_3] read data from the test file... 
[thread_3] open the test file...
[thread_3] Move the pointer to the end of the file...
[thread_3] read data from the test file... 
[thread_3] open the test file...
[thread_3] Move the pointer to the end of the file...
[thread_3] read data from the test file... 
[thread_1] open the test file with 'a+'.
[thread_1] write file ...
[thread_1] close the file ...
[thread_1] the current file size=3073 byte ...
[thread_2] A file name is randomly generated, name=QT$f#Sk3m00Yq%A .
[thread_2] Use this name to create a file.
[thread_2] create file success !
[thread_2] Write to this file !
[thread_2] write file success !
[thread_2] close this file !
[thread_3] open the test file...
[thread_3] Move the pointer to the end of the file...
[thread_3] read data from the test file... 
[thread_3] open the test file...
[thread_3] Move the pointer to the end of the file...
[thread_3] read data from the test file... 
[thread_2] delete file ...
[thread_1] open the test file with 'a+'.
[thread_1] write file ...
[thread_1] close the file ...
[thread_1] the current file size=4097 byte ...
[thread_1] The test file exceeds the specified size, Redirect the file pointer position
[thread_3] open the test file...
[thread_3] Move the pointer to the end of the file...
[thread_3] read data from the test file... 
[thread_3] open the test file...
[thread_3] Move the pointer to the end of the file...
[thread_3] read data from the test file... 
[thread_3] open the test file...
[thread_3] Move the pointer to the end of the file...
[thread_3] read data from the test file... 
[thread_1] open the test file with 'a+'.
[thread_1] write file ...
[thread_1] close the file ...
[thread_1] the current file size=1025 byte ...
[thread_2] A file name is randomly generated, name=0%t%Z657B7z3Q6% .
[thread_2] Use this name to create a file.
[thread_2] create file success !
[thread_2] Write to this file !
[thread_2] write file success !
[thread_2] close this file !
[thread_3] open the test file...
[thread_3] Move the pointer to the end of the file...
[thread_3] read data from the test file... 
[thread_3] open the test file...
[thread_3] Move the pointer to the end of the file...
[thread_3] read data from the test file... 
[thread_2] delete file ...
[thread_1] open the test file with 'a+'.
[thread_1] write file ...
[thread_1] close the file ...
[thread_1] the current file size=2049 byte ...
[thread_3] open the test file...
[thread_3] Move the pointer to the end of the file...
[thread_3] read data from the test file... 
[thread_3] open the test file...
[thread_3] Move the pointer to the end of the file...
[thread_3] read data from the test file... 
[thread_3] open the test file...
[thread_3] Move the pointer to the end of the file...
[thread_3] read data from the test file... 
[thread_1] open the test file with 'a+'.
[thread_1] write file ...
[thread_1] close the file ...
[thread_1] the current file size=3073 byte ...
[thread_2] A file name is randomly generated, name=m#J8noE#6%%46RB .
[thread_2] Use this name to create a file.
[thread_2] create file success !
[thread_2] Write to this file !
[thread_2] write file success !
[thread_2] close this file !
[thread_3] open the test file...
[thread_3] Move the pointer to the end of the file...
[thread_3] read data from the test file... 
[thread_3] open the test file...
[thread_3] Move the pointer to the end of the file...
[thread_3] read data from the test file... 
[thread_2] delete file ...
[thread_1] open the test file with 'a+'.
[thread_1] write file ...
[thread_1] close the file ...
[thread_1] the current file size=4097 byte ...
[thread_1] The test file exceeds the specified size, Redirect the file pointer position
[thread_3] open the test file...
[thread_3] Move the pointer to the end of the file...
[thread_3] read data from the test file... 
[thread_3] open the test file...
[thread_3] Move the pointer to the end of the file...
[thread_3] read data from the test file... 
[thread_3] open the test file...
[thread_3] Move the pointer to the end of the file...
[thread_3] read data from the test file... 
[thread_1] open the test file with 'a+'.
[thread_1] write file ...
[thread_1] close the file ...
[thread_1] the current file size=1025 byte ...
[thread_2] A file name is randomly generated, name=S7$98f4IV0291do .
[thread_2] Use this name to create a file.
[thread_2] create file success !
[thread_2] Write to this file !
[thread_2] write file success !
[thread_2] close this file !
[thread_3] open the test file...
[thread_3] Move the pointer to the end of the file...
[thread_3] read data from the test file... 
[thread_3] open the test file...
[thread_3] Move the pointer to the end of the file...
[thread_3] read data from the test file... 
[thread_2] delete file ...
[thread_1] open the test file with 'a+'.
[thread_1] write file ...
[thread_1] close the file ...
[thread_1] the current file size=2049 byte ...
[thread_3] open the test file...
[thread_3] Move the pointer to the end of the file...
[thread_3] read data from the test file... 
[thread_3] open the test file...
[thread_3] Move the pointer to the end of the file...
[thread_3] read data from the test file... 
[thread_3] open the test file...
[thread_3] Move the pointer to the end of the file...
[thread_3] read data from the test file... 
[thread_1] open the test file with 'a+'.
[thread_1] write file ...
[thread_1] close the file ...
[thread_1] the current file size=3073 byte ...
[thread_2] A file name is randomly generated, name=%%%GHt2%##$%szW .
[thread_2] Use this name to create a file.
[thread_2] create file success !
[thread_2] Write to this file !
[thread_2] write file success !
[thread_2] close this file !
[thread_3] open the test file...
[thread_3] Move the pointer to the end of the file...
[thread_3] read data from the test file... 
[thread_3] open the test file...
[thread_3] Move the pointer to the end of the file...
[thread_3] read data from the test file... 
[thread_2] delete file ...
[thread_1] open the test file with 'a+'.
[thread_1] write file ...
[thread_1] close the file ...
[thread_1] the current file size=4097 byte ...
[thread_1] The test file exceeds the specified size, Redirect the file pointer position
[thread_3] open the test file...
[thread_3] Move the pointer to the end of the file...
[thread_3] read data from the test file... 
[thread_3] open the test file...
[thread_3] Move the pointer to the end of the file...
[thread_3] read data from the test file... 
[thread_3] open the test file...
[thread_3] Move the pointer to the end of the file...
[thread_3] read data from the test file... 
[thread_1] open the test file with 'a+'.
[thread_1] write file ...
[thread_1] close the file ...
[thread_1] the current file size=1025 byte ...
[thread_2] A file name is randomly generated, name=hj%i9wOA#Bg$4BL .
[thread_2] Use this name to create a file.
[thread_2] create file success !
[thread_2] Write to this file !
[thread_2] write file success !
[thread_2] close this file !
[thread_3] open the test file...
[thread_3] Move the pointer to the end of the file...
[thread_3] read data from the test file... 
[thread_3] open the test file...
[thread_3] Move the pointer to the end of the file...
[thread_3] read data from the test file... 
[thread_2] delete file ...
[thread_1] open the test file with 'a+'.
[thread_1] write file ...
[thread_1] close the file ...
[thread_1] the current file size=2049 byte ...
[thread_3] open the test file...
[thread_3] Move the pointer to the end of the file...
[thread_3] read data from the test file... 
[thread_3] open the test file...
[thread_3] Move the pointer to the end of the file...
[thread_3] read data from the test file... 
[thread_3] open the test file...
[thread_3] Move the pointer to the end of the file...
[thread_3] read data from the test file... 
[thread_1] open the test file with 'a+'.
[thread_1] write file ...
[thread_1] close the file ...
[thread_1] the current file size=3073 byte ...
[thread_2] A file name is randomly generated, name=npP18V72va#7$Q6 .
[thread_2] Use this name to create a file.
[thread_2] create file success !
[thread_2] Write to this file !
[thread_2] write file success !
[thread_2] close this file !
[thread_3] open the test file...
[thread_3] Move the pointer to the end of the file...
[thread_3] read data from the test file... 
[thread_3] open the test file...
[thread_3] Move the pointer to the end of the file...
[thread_3] read data from the test file... 
[thread_2] delete file ...
[thread_1] open the test file with 'a+'.
[thread_1] write file ...
[thread_1] close the file ...
[thread_1] the current file size=4097 byte ...
[thread_1] The test file exceeds the specified size, Redirect the file pointer position
[thread_3] open the test file...
[thread_3] Move the pointer to the end of the file...
[thread_3] read data from the test file... 
[thread_3] open the test file...
[thread_3] Move the pointer to the end of the file...
[thread_3] read data from the test file... 
[thread_3] open the test file...
[thread_3] Move the pointer to the end of the file...
[thread_3] read data from the test file... 
[thread_1] open the test file with 'a+'.
[thread_1] write file ...
[thread_1] close the file ...
[thread_1] the current file size=1025 byte ...
[thread_2] A file name is randomly generated, name=W%#$a2$Crz9#21s .
[thread_2] Use this name to create a file.
[thread_2] create file success !
[thread_2] Write to this file !
[thread_2] write file success !
[thread_2] close this file !
[thread_3] open the test file...
[thread_3] Move the pointer to the end of the file...
[thread_3] read data from the test file... 
[thread_3] open the test file...
[thread_3] Move the pointer to the end of the file...
[thread_3] read data from the test file... 
[thread_2] delete file ...
[thread_1] open the test file with 'a+'.
[thread_1] write file ...
[thread_1] close the file ...
[thread_1] the current file size=2049 byte ...
[thread_3] open the test file...
[thread_3] Move the pointer to the end of the file...
[thread_3] read data from the test file... 
[thread_3] open the test file...
[thread_3] Move the pointer to the end of the file...
[thread_3] read data from the test file... 
[thread_3] open the test file...
[thread_3] Move the pointer to the end of the file...
[thread_3] read data from the test file... 
[thread_1] open the test file with 'a+'.
[thread_1] write file ...
[thread_1] close the file ...
[thread_1] the current file size=3073 byte ...
[thread_2] A file name is randomly generated, name=4uY5gQh4J9#58BM .
[thread_2] Use this name to create a file.
[thread_2] create file success !
[thread_2] Write to this file !
[thread_2] write file success !
[thread_2] close this file !
[thread_3] open the test file...
[thread_3] Move the pointer to the end of the file...
[thread_3] read data from the test file... 
[thread_3] open the test file...
[thread_3] Move the pointer to the end of the file...
[thread_3] read data from the test file... 
[thread_2] delete file ...
[thread_1] open the test file with 'a+'.
[thread_1] write file ...
[thread_1] close the file ...
[thread_1] the current file size=4097 byte ...
[thread_1] The test file exceeds the specified size, Redirect the file [pthread_3o]i notpeern  ptohsei ttieosnt 
file...
[thread_3] Move the pointer to the end of the file...
[thread_3] read data from the test file... 
[thread_3] open the test file...
[thread_3] Move the pointer to the end of the file...
[thread_3] read data from the test file... 
[thread_3] open the test file...
[thread_3] Move the pointer to the end of the file...
[thread_3] read data from the test file... 
[thread_1] open the test file with 'a+'.
[thread_1] write file ...
[thread_1] close the file ...
[thread_1] the current file size=1025 byte ...
[thread_2] A file name is randomly generated, name=lqjkD%8$R9a8#U9 .
[thread_2] Use this name to create a file.
[thread_2] create file success !
[thread_2] Write to this file !
[thread_2] write file success !
[thread_2] close this file !
[thread_3] open the test file...
[thread_3] Move the pointer to the end of the file...
[thread_3] read data from the test file... 
[thread_3] open the test file...
[thread_3] Move the pointer to the end of the file...
[thread_3] read data from the test file... 
[thread_2] delete file ...
[thread_1] open the test file with 'a+'.
[thread_1] write file ...
[thread_1] close the file ...
[thread_1] the current file size=2049 byte ...
[thread_3] open the test file...
[thread_3] Move the pointer to the end of the file...
[thread_3] read data from the test file... 
[thread_3] open the test file...
[thread_3] Move the pointer to the end of the file...
[thread_3] read data from the test file... 
[thread_3] open the test file...
[thread_3] Move the pointer to the end of the file...
[thread_3] read data from the test file... 
[thread_1] open the test file with 'a+'.
[thread_1] write file ...
[thread_1] close the file ...
[thread_1] the current file size=3073 byte ...
[thread_2] A file name is randomly generated, name=R8W#aj6po4Y%06b .
[thread_2] Use this name to create a file.
[thread_2] create file success !
[thread_2] Write to this file !
[thread_2] write file success !
[thread_2] close this file !
[thread_3] open the test file...
[thread_3] Move the pointer to the end of the file...
[thread_3] read data from the test file... 
[thread_3] open the test file...
[thread_3] Move the pointer to the end of the file...
[thread_3] read data from the test file... 
[thread_2] delete file ...
[thread_1] open the test file with 'a+'.
[thread_1] write file ...
[thread_1] close the file ...
[thread_1] the current file size=4097 byte ...
[thread_1] The test file exceeds the specified size, Redirect the file pointer position
[thread_3] open the test file...
[thread_3] Move the pointer to the end of the file...
[thread_3] read data from the test file... 
[thread_3] open the test file...
[thread_3] Move the pointer to the end of the file...
[thread_3] read data from the test file... 
[thread_3] open the test file...
[thread_3] Move the pointer to the end of the file...
[thread_3] read data from the test file... 
[thread_1] open the test file with 'a+'.
[thread_1] write file ...
[thread_1] close the file ...
[thread_1] the current file size=1025 byte ...
[thread_2] A file name is randomly generated, name=7Lz%74U%#L%$79k .
[thread_2] Use this name to create a file.
[thread_2] create file success !
[thread_2] Write to this file !
[thread_2] write file success !
[thread_2] close this file !
[thread_3] open the test file...
[thread_3] Move the pointer to the end of the file...
[thread_3] read data from the test file... 
[thread_3] open the test file...
[thread_3] Move the pointer to the end of the file...
[thread_3] read data from the test file... 
[thread_2] delete file ...
[thread_1] open the test file with 'a+'.
[thread_1] write file ...
[thread_1] close the file ...
[thread_1] the current file size=2049 byte ...
[thread_3] open the test file...
[thread_3] Move the pointer to the end of the file...
[thread_3] read data from the test file... 
[thread_3] open the test file...
[thread_3] Move the pointer to the end of the file...
[thread_3] read data from the test file... 
[thread_3] open the test file...
[thread_3] Move the pointer to the end of the file...
[thread_3] read data from the test file... 
[thread_1] open the test file with 'a+'.
[thread_1] write file ...
[thread_1] close the file ...
[thread_1] the current file size=3073 byte ...
[thread_2] A file name is randomly generated, name=o%w7p794NeNvAFf .
[thread_2] Use this name to create a file.
[thread_2] create file success !
[thread_2] Write to this file !
[thread_2] write file success !
[thread_2] close this file !
[thread_3] open the test file...
[thread_3] Move the pointer to the end of the file...
[thread_3] read data from the test file... 
[thread_3] open the test file...
[thread_3] Move the pointer to the end of the file...
[thread_3] read data from the test file... 
[thread_2] delete file ...
[thread_1] open the test file with 'a+'.
[thread_1] write file ...
[thread_1] close the file ...
[thread_1] the current file size=4097 byte ...
[thread_1] The test file exceeds the specified size, Redirect the file pointer position
[thread_3] open the test file...
[thread_3] Move the pointer to the end of the file...
[thread_3] read data from the test file... 
[thread_3] open the test file...
[thread_3] Move the pointer to the end of the file...
[thread_3] read data from the test file... 
[thread_3] open the test file...
[thread_3] Move the pointer to the end of the file...
[thread_3] read data from the test file... 
[thread_1] open the test file with 'a+'.
[thread_1] write file ...
[thread_1] close the file ...
[thread_1] the current file size=1025 byte ...
[thread_2] A file name is randomly generated, name=NZ4KF3$%gPC8W7y .
[thread_2] Use this name to create a file.
[thread_2] create file success !
[thread_2] Write to this file !
[thread_2] write file success !
[thread_2] close this file !
[thread_3] open the test file...
[thread_3] Move the pointer to the end of the file...
[thread_3] read data from the test file... 
[thread_3] open the test file...
[thread_3] Move the pointer to the end of the file...
[thread_3] read data from the test file... 
[thread_2] delete file ...
[thread_1] open the test file with 'a+'.
[thread_1] write file ...
[thread_1] close the file ...
[thread_1] the current file size=2049 byte ...
[thread_3] open the test file...
[thread_3] Move the pointer to the end of the file...
[thread_3] read data from the test file... 
[thread_3] open the test file...
[thread_3] Move the pointer to the end of the file...
[thread_3] read data from the test file... 
[thread_3] open the test file...
[thread_3] Move the pointer to the end of the file...
[thread_3] read data from the test file... 
[thread_1] open the test file with 'a+'.
[thread_1] write file ...
[thread_1] close the file ...
[thread_1] the current file size=3073 byte ...
[thread_2] A file name is randomly generated, name=#B#mX$64%ygRe$I .
[thread_2] Use this name to create a file.
[thread_2] create file success !
[thread_2] Write to this file !
[thread_2] write file success !
[thread_2] close this file !
[thread_3] open the test file...
[thread_3] Move the pointer to the end of the file...
[thread_3] read data from the test file... 
[thread_3] open the test file...
[thread_3] Move the pointer to the end of the file...
[thread_3] read data from the test file... 
[thread_2] delete file ...
[thread_1] open the test file with 'a+'.
[thread_1] write file ...
[thread_1] close the file ...
[thread_1] the current file size=4097 byte ...
[thread_1] The test file exceeds the specified size, Redirect the file pointer position
[thread_3] open the test file...
[thread_3] Move the pointer to the end of the file...
[thread_3] read data from the test file... 
[thread_3] open the test file...
[thread_3] Move the pointer to the end of the file...
[thread_3] read data from the test file... 
[thread_3] open the test file...
[thread_3] Move the pointer to the end of the file...
[thread_3] read data from the test file... 
[thread_1] open the test file with 'a+'.
[thread_1] write file ...
[thread_1] close the file ...
[thread_1] the current file size=1025 byte ...
[thread_2] A file name is randomly generated, name=9602Dm###k94%O5 .
[thread_2] Use this name to create a file.
[thread_2] create file success !
[thread_2] Write to this file !
[thread_2] write file success !
[thread_2] close this file !
[thread_3] open the test file...
[thread_3] Move the pointer to the end of the file...
[thread_3] read data from the test file... 
[thread_3] open the test file...
[thread_3] Move the pointer to the end of the file...
[thread_3] read data from the test file... 
[thread_2] delete file ...
[thread_1] open the test file with 'a+'.
[thread_1] write file ...
[thread_1] close the file ...
[thread_1] the current file size=2049 byte ...
[thread_3] open the test file...
[thread_3] Move the pointer to the end of the file...
[thread_3] read data from the test file... 
[thread_3] open the test file...
[thread_3] Move the pointer to the end of the file...
[thread_3] read data from the test file... 
[thread_3] open the test file...
[thread_3] Move the pointer to the end of the file...
[thread_3] read data from the test file... 
[thread_1] open the test file with 'a+'.
[thread_1] write file ...
[thread_1] close the file ...
[thread_1] the current file size=3073 byte ...
[thread_2] A file name is randomly generated, name=pe85#06$WLgfX#w .
[thread_2] Use this name to create a file.
[thread_2] create file success !
[thread_2] Write to this file !
[thread_2] write file success !
[thread_2] close this file !
[thread_3] open the test file...
[thread_3] Move the pointer to the end of the file...
[thread_3] read data from the test file... 
[thread_3] open the test file...
[thread_3] Move the pointer to the end of the file...
[thread_3] read data from the test file... 
[thread_2] delete file ...
[thread_1] open the test file with 'a+'.
[thread_1] write file ...
[thread_1] close the file ...
[thread_1] the current file size=4097 byte ...
[thread_1] The test file exceeds the specified size, Redirect the file pointer position
[thread_3] open the test file...
[thread_3] Move the pointer to the end of the file...
[thread_3] read data from the test file... 
[thread_3] open the test file...
[thread_3] Move the pointer to the end of the file...
[thread_3] read data from the test file... 
[thread_3] open the test file...
[thread_3] Move the pointer to the end of the file...
[thread_3] read data from the test file... 
[thread_1] open the test file with 'a+'.
[thread_1] write file ...
[thread_1] close the file ...
[thread_1] the current file size=1025 byte ...
[thread_2] A file name is randomly generated, name=Ri0I9wgv34#W#4H .
[thread_2] Use this name to create a file.
[thread_2] create file success !
[thread_2] Write to this file !
[thread_2] write file success !
[thread_2] close this file !
[thread_3] open the test file...
[thread_3] Move the pointer to the end of the file...
[thread_3] read data from the test file... 
[thread_3] open the test file...
[thread_3] Move the pointer to the end of the file...
[thread_3] read data from the test file... 
[thread_2] delete file ...
[thread_1] open the test file with 'a+'.
[thread_1] write file ...
[thread_1] close the file ...
[thread_1] the current file size=2049 byte ...
[thread_3] open the test file...
[thread_3] Move the pointer to the end of the file...
[thread_3] read data from the test file... 
[thread_3] open the test file...
[thread_3] Move the pointer to the end of the file...
[thread_3] read data from the test file... 
[thread_3] open the test file...
[thread_3] Move the pointer to the end of the file...
[thread_3] read data from the test file... 
[thread_1] open the test file with 'a+'.
[thread_1] write file ...
[thread_1] close the file ...
[thread_1] the current file size=3073 byte ...
[thread_2] A file name is randomly generated, name=29doQ#56%$aWP9t .
[thread_2] Use this name to create a file.
[thread_2] create file success !
[thread_2] Write to this file !
[thread_2] write file success !
[thread_2] close this file !
[thread_3] open the test file...
[thread_3] Move the pointer to the end of the file...
[thread_3] read data from the test file... 
[thread_3] open the test file...
[thread_3] Move the pointer to the end of the file...
[thread_3] read data from the test file... 
[thread_2] delete file ...
[thread_1] open the test file with 'a+'.
[thread_1] write file ...
[thread_1] close the file ...
[thread_1] the current file size=4097 byte ...
[thread_1] The test file exceeds the specified size, Redirect the file pointer position
[thread_3] open the test file...
[thread_3] Move the pointer to the end of the file...
[thread_3] read data from the test file... 
[thread_3] open the test file...
[thread_3] Move the pointer to the end of the file...
[thread_3] read data from the test file... 
[thread_3] open the test file...
[thread_3] Move the pointer to the end of the file...
[thread_3] read data from the test file... 
[thread_1] open the test file with 'a+'.
[thread_1] write file ...
[thread_1] close the file ...
[thread_1] the current file size=1025 byte ...
[thread_2] A file name is randomly generated, name=n$%#uVY%dH#%$#2 .
[thread_2] Use this name to create a file.
[thread_2] create file success !
[thread_2] Write to this file !
[thread_2] write file success !
[thread_2] close this file !
[thread_3] open the test file...
[thread_3] Move the pointer to the end of the file...
[thread_3] read data from the test file... 
[thread_3] open the test file...
[thread_3] Move the pointer to the end of the file...
[thread_3] read data from the test file... 
[thread_2] delete file ...
[thread_1] open the test file with 'a+'.
[thread_1] write file ...
[thread_1] close the file ...
[thread_1] the current file size=2049 byte ...
[thread_3] open the test file...
[thread_3] Move the pointer to the end of the file...
[thread_3] read data from the test file... 
[thread_3] open the test file...
[thread_3] Move the pointer to the end of the file...
[thread_3] read data from the test file... 
[thread_3] open the test file...
[thread_3] Move the pointer to the end of the file...
[thread_3] read data from the test file... 
[thread_1] open the test file with 'a+'.
[thread_1] write file ...
[thread_1] close the file ...
[thread_1] the current file size=3073 byte ...
[thread_2] A file name is randomly generated, name=%afq3Ptd%46DeDe .
[thread_2] Use this name to create a file.
[thread_2] create file success !
[thread_2] Write to this file !
[thread_2] write file success !
[thread_2] close this file !
[thread_3] open the test file...
[thread_3] Move the pointer to the end of the file...
[thread_3] read data from the test file... 
[thread_3] open the test file...
[thread_3] Move the pointer to the end of the file...
[thread_3] read data from the test file... 
[thread_2] delete file ...
[thread_1] open the test file with 'a+'.
[thread_1] write file ...
[thread_1] close the file ...
[thread_1] the current file size=4097 byte ...
[thread_1] The test file exceeds the specified size, Redirect the file pointer position
[thread_3] open the test file...
[thread_3] Move the pointer to the end of the file...
[thread_3] read data from the test file... 
[thread_3] open the test file...
[thread_3] Move the pointer to the end of the file...
[thread_3] read data from the test file... 
[thread_3] open the test file...
[thread_3] Move the pointer to the end of the file...
[thread_3] read data from the test file... 
[thread_1] open the test file with 'a+'.
[thread_1] write file ...
[thread_1] close the file ...
[thread_1] the current file size=1025 byte ...
[thread_2] A file name is randomly generated, name=0qVs6n9$1KgPy5D .
[thread_2] Use this name to create a file.
[thread_2] create file success !
[thread_2] Write to this file !
[thread_2] write file success !
[thread_2] close this file !
[thread_3] open the test file...
[thread_3] Move the pointer to the end of the file...
[thread_3] read data from the test file... 
[thread_3] open the test file...
[thread_3] Move the pointer to the end of the file...
[thread_3] read data from the test file... 
[thread_2] delete file ...
[thread_1] open the test file with 'a+'.
[thread_1] write file ...
[thread_1] close the file ...
[thread_1] the current file size=2049 byte ...
[thread_3] open the test file...
[thread_3] Move the pointer to the end of the file...
[thread_3] read data from the test file... 
[thread_3] open the test file...
[thread_3] Move the pointer to the end of the file...
[thread_3] read data from the test file... 
[thread_3] open the test file...
[thread_3] Move the pointer to the end of the file...
[thread_3] read data from the test file... 
[thread_1] open the test file with 'a+'.
[thread_1] write file ...
[thread_1] close the file ...
[thread_1] the current file size=3073 byte ...
[thread_2] A file name is randomly generated, name=iU3J5$$b6rPJL$% .
[thread_2] Use this name to create a file.
[thread_2] create file success !
[thread_2] Write to this file !
[thread_2] write file success !
[thread_2] close this file !
[thread_3] open the test file...
[thread_3] Move the pointer to the end of the file...
[thread_3] read data from the test file... 
[thread_3] open the test file...
[thread_3] Move the pointer to the end of the file...
[thread_3] read data from the test file... 
[thread_2] delete file ...
[thread_1] open the test file with 'a+'.
[thread_1] write file ...
[thread_1] close the file ...
[thread_1] the current file size=4097 byte ...
[thread_1] The test file exceeds the specified size, Redirect the file pointer position[thread_3
] open the test file...
[thread_3] Move the pointer to the end of the file...
[thread_3] read data from the test file... 
[thread_3] open the test file...
[thread_3] Move the pointer to the end of the file...
[thread_3] read data from the test file... 
[thread_3] open the test file...
[thread_3] Move the pointer to the end of the file...
[thread_3] read data from the test file... 
[thread_2] A file name is randomly generated, name=#20##%jMi%$R410 .
[thread_2] Use this name to create a file.
[thread_2] create file success !
[thread_2] Write to this file !
[thread_2] write file success !
[thread_2] close this file !
[thread_1] open the test file with 'a+'.
[thread_1] write file ...
[thread_1] close the file ...
[thread_1] the current file size=1025 byte ...
[thread_3] open the test file...
[thread_3] Move the pointer to the end of the file...
[thread_3] read data from the test file... 
[thread_2] delete file ...
[thread_3] open the test file...
[thread_3] Move the pointer to the end of the file...
[thread_3] read data from the test file... 
[thread_3] open the test file...
[thread_3] Move the pointer to the end of the file...
[thread_3] read data from the test file... 
[thread_1] open the test file with 'a+'.
[thread_1] write file ...
[thread_1] close the file ...
[thread_1] the current file size=2049 byte ...
[thread_3] open the test file...
[thread_3] Move the pointer to the end of the file...
[thread_3] read data from the test file... 
[thread_3] open the test file...
[thread_3] Move the pointer to the end of the file...
[thread_3] read data from the test file... 
[thread_2] A file name is randomly generated, name=%$9A%K%#I%2LX$# .
[thread_2] Use this name to create a file.
[thread_2] create file success !
[thread_2] Write to this file !
[thread_2] write file success !
[thread_2] close this file !
[thread_1] open the test file with 'a+'.
[thread_1] write file ...
[thread_1] close the file ...
[thread_1] the current file size=3073 byte ...
[thread_3] open the test file...
[thread_3] Move the pointer to the end of the file...
[thread_3] read data from the test file... 
[thread_2] delete file ...
[thread_3] open the test file...
[thread_3] Move the pointer to the end of the file...
[thread_3] read data from the test file... 
[thread_3] open the test file...
[thread_3] Move the pointer to the end of the file...
[thread_3] read data from the test file... 
[thread_1] open the test file with 'a+'.
[thread_1] write file ...
[thread_1] close the file ...
[thread_1] the current file size=4097 byte ...
[thread_1] The test file exceeds the specified size, Redirect the file pointer position
[thread_3] open the test file...
[thread_3] Move the pointer to the end of the file...
[thread_3] read data from the test file... 
[thread_3] open the test file...
[thread_3] Move the pointer to the end of the file...
[thread_3] read data from the test file... 
[thread_2] A file name is randomly generated, name=54891uG2X#S%391 .
[thread_2] Use this name to create a file.
[thread_2] create file success !
[thread_2] Write to this file !
[thread_2] write file success !
[thread_2] close this file !
[thread_1] open the test file with 'a+'.
[thread_1] write file ...
[thread_1] close the file ...
[thread_1] the current file size=1025 byte ...
[thread_3] open the test file...
[thread_3] Move the pointer to the end of the file...
[thread_3] read data from the test file... 
[thread_2] delete file ...
[thread_3] open the test file...
[thread_3] Move the pointer to the end of the file...
[thread_3] read data from the test file... 
[thread_3] open the test file...
[thread_3] Move the pointer to the end of the file...
[thread_3] read data from the test file... 
[thread_1] open the test file with 'a+'.
[thread_1] write file ...
[thread_1] close the file ...
[thread_1] the current file size=2049 byte ...
[thread_3] open the test file...
[thread_3] Move the pointer to the end of the file...
[thread_3] read data from the test file... 
[thread_3] open the test file...
[thread_3] Move the pointer to the end of the file...
[thread_3] read data from the test file... 
[thread_2] A file name is randomly generated, name=BMv3$$76LyRbX$# .
[thread_2] Use this name to create a file.
[thread_2] create file success !
[thread_2] Write to this file !
[thread_2] write file success !
[thread_2] close this file !
[thread_1] open the test file with 'a+'.
[thread_1] write file ...
[thread_1] close the file ...
[thread_1] the current file size=3073 byte ...
[thread_3] open the test file...
[thread_3] Move the pointer to the end of the file...
[thread_3] read data from the test file... 
[thread_2] delete file ...
[thread_3] open the test file...
[thread_3] Move the pointer to the end of the file...
[thread_3] read data from the test file... 
[thread_3] open the test file...
[thread_3] Move the pointer to the end of the file...
[thread_3] read data from the test file... 
[thread_1] open the test file with 'a+'.
[thread_1] write file ...
[thread_1] close the file ...
[thread_1] the current file size=4097 byte ...
[thread_1] The test file exceeds the specified size, Redirect the file pointer position
[thread_3] open the test file...
[thread_3] Move the pointer to the end of the file...
[thread_3] read data from the test file... 
[thread_3] open the test file...
[thread_3] Move the pointer to the end of the file...
[thread_3] read data from the test file... 
[thread_2] A file name is randomly generated, name=#%#33o%4kwOo##i .
[thread_2] Use this name to create a file.
[thread_2] create file success !
[thread_2] Write to this file !
[thread_2] write file success !
[thread_2] close this file !
[thread_1] open the test file with 'a+'.
[thread_1] write file ...
[thread_1] close the file ...
[thread_1] the current file size=1025 byte ...
[thread_3] open the test file...
[thread_3] Move the pointer to the end of the file...
[thread_3] read data from the test file... 
[thread_2] delete file ...
[thread_3] open the test file...
[thread_3] Move the pointer to the end of the file...
[thread_3] read data from the test file... 
[thread_3] open the test file...
[thread_3] Move the pointer to the end of the file...
[thread_3] read data from the test file... 
[thread_1] open the test file with 'a+'.
[thread_1] write file ...
[thread_1] close the file ...
[thread_1] the current file size=2049 byte ...
[thread_3] open the test file...
[thread_3] Move the pointer to the end of the file...
[thread_3] read data from the test file... 
[thread_3] open the test file...
[thread_3] Move the pointer to the end of the file...
[thread_3] read data from the test file... 
[thread_2] A file name is randomly generated, name=8J#p$VlNU#i$%jP .
[thread_2] Use this name to create a file.
[thread_2] create file success !
[thread_2] Write to this file !
[thread_2] write file success !
[thread_2] close this file !
[thread_1] open the test file with 'a+'.
[thread_1] write file ...
[thread_1] close the file ...
[thread_1] the current file size=3073 byte ...
[thread_3] open the test file...
[thread_3] Move the pointer to the end of the file...
[thread_3] read data from the test file... 
[thread_2] delete file ...
[thread_3] open the test file...
[thread_3] Move the pointer to the end of the file...
[thread_3] read data from the test file... 
[thread_3] open the test file...
[thread_3] Move the pointer to the end of the file...
[thread_3] read data from the test file... 
[thread_1] open the test file with 'a+'.
[thread_1] write file ...
[thread_1] close the file ...
[thread_1] the current file size=4097 byte ...
[thread_1] The test file exceeds the specified size, Redirect the file pointer position
[thread_3] open the test file...
[thread_3] Move the pointer to the end of the file...
[thread_3] read data from the test file... 
[thread_3] open the test file...
[thread_3] Move the pointer to the end of the file...
[thread_3] read data from the test file... 
[thread_2] A file name is randomly generated, name=mIyQC0#1akr$l4D .
[thread_2] Use this name to create a file.
[thread_2] create file success !
[thread_2] Write to this file !
[thread_2] write file success !
[thread_2] close this file !
[thread_1] open the test file with 'a+'.
[thread_1] write file ...
[thread_1] close the file ...
[thread_1] the current file size=1025 byte ...
[thread_3] open the test file...
[thread_3] Move the pointer to the end of the file...
[thread_3] read data from the test file... 
[thread_2] delete file ...
[thread_3] open the test file...
[thread_3] Move the pointer to the end of the file...
[thread_3] read data from the test file... 
[thread_3] open the test file...
[thread_3] Move the pointer to the end of the file...
[thread_3] read data from the test file... 
[thread_1] open the test file with 'a+'.
[thread_1] write file ...
[thread_1] close the file ...
[thread_1] the current file size=2049 byte ...
[thread_3] open the test file...
[thread_3] Move the pointer to the end of the file...
[thread_3] read data from the test file... 
[thread_3] open the test file...
[thread_3] Move the pointer to the end of the file...
[thread_3] read data from the test file... 
[thread_2] A file name is randomly generated, name=#9B#i8166uUg02B .
[thread_2] Use this name to create a file.
[thread_2] create file success !
[thread_2] Write to this file !
[thread_2] write file success !
[thread_2] close this file !
[thread_1] open the test file with 'a+'.
[thread_1] write file ...
[thread_1] close the file ...
[thread_1] the current file size=3073 byte ...
[thread_3] open the test file...
[thread_3] Move the pointer to the end of the file...
[thread_3] read data from the test file... 
[thread_2] delete file ...
[thread_3] open the test file...
[thread_3] Move the pointer to the end of the file...
[thread_3] read data from the test file... 
[thread_3] open the test file...
[thread_3] Move the pointer to the end of the file...
[thread_3] read data from the test file... 
[thread_1] open the test file with 'a+'.
[thread_1] write file ...
[thread_1] close the file ...
[thread_1] the current file size=4097 byte ...
[thread_1] The test file exceeds the specified size, Redirect the file pointer position
[thread_3] open the test file...
[thread_3] Move the pointer to the end of the file...
[thread_3] read data from the test file... 
[thread_3] open the test file...
[thread_3] Move the pointer to the end of the file...
[thread_3] read data from the test file... 
[thread_2] A file name is randomly generated, name=8oHuoAQAL$AC$m4 .
[thread_2] Use this name to create a file.
[thread_2] create file success !
[thread_2] Write to this file !
[thread_2] write file success !
[thread_2] close this file !
[thread_1] open the test file with 'a+'.
[thread_1] write file ...
[thread_1] close the file ...
[thread_1] the current file size=1025 byte ...
[thread_3] open the test file...
[thread_3] Move the pointer to the end of the file...
[thread_3] read data from the test file... 
[thread_2] delete file ...
[thread_3] open the test file...
[thread_3] Move the pointer to the end of the file...
[thread_3] read data from the test file... 
[thread_3] open the test file...
[thread_3] Move the pointer to the end of the file...
[thread_3] read data from the test file... 
[thread_1] open the test file with 'a+'.
[thread_1] write file ...
[thread_1] close the file ...
[thread_1] the current file size=2049 byte ...
[thread_3] open the test file...
[thread_3] Move the pointer to the end of the file...
[thread_3] read data from the test file... 
[thread_3] open the test file...
[thread_3] Move the pointer to the end of the file...
[thread_3] read data from the test file... 
[thread_2] A file name is randomly generated, name=h022O%mS%3qAh%R .
[thread_2] Use this name to create a file.
[thread_2] create file success !
[thread_2] Write to this file !
[thread_2] write file success !
[thread_2] close this file !
[thread_1] open the test file with 'a+'.
[thread_1] write file ...
[thread_1] close the file ...
[thread_1] the current file size=3073 byte ...
[thread_3] open the test file...
[thread_3] Move the pointer to the end of the file...
[thread_3] read data from the test file... 
[thread_2] delete file ...
[thread_3] open the test file...
[thread_3] Move the pointer to the end of the file...
[thread_3] read data from the test file... 
[thread_3] open the test file...
[thread_3] Move the pointer to the end of the file...
[thread_3] read data from the test file... 
[thread_1] open the test file with 'a+'.
[thread_1] write file ...
[thread_1] close the file ...
[thread_1] the current file size=4097 byte ...
[thread_1] The test file exceeds the specified size, Redirect the file pointer position
[thread_3] open the test file...
[thread_3] Move the pointer to the end of the file...
[thread_3] read data from the test file... 
[thread_3] open the test file...
[thread_3] Move the pointer to the end of the file...
[thread_3] read data from the test file... 
[thread_2] A file name is randomly generated, name=A#hXZ2##7cg$gRD .
[thread_2] Use this name to create a file.
[thread_2] create file success !
[thread_2] Write to this file !
[thread_2] write file success !
[thread_2] close this file !
[thread_1] open the test file with 'a+'.
[thread_1] write file ...
[thread_1] close the file ...
[thread_1] the current file size=1025 byte ...
[thread_3] open the test file...
[thread_3] Move the pointer to the end of the file...
[thread_3] read data from the test file... 
[thread_2] delete file ...
[thread_3] open the test file...
[thread_3] Move the pointer to the end of the file...
[thread_3] read data from the test file... 
[thread_3] open the test file...
[thread_3] Move the pointer to the end of the file...
[thread_3] read data from the test file... 
[thread_1] open the test file with 'a+'.
[thread_1] write file ...
[thread_1] close the file ...
[thread_1] the current file size=2049 byte ...
[thread_3] open the test file...
[thread_3] Move the pointer to the end of the file...
[thread_3] read data from the test file... 
[thread_3] open the test file...
[thread_3] Move the pointer to the end of the file...
[thread_3] read data from the test file... 
[thread_2] A file name is randomly generated, name=%#Xf6V4l0rH65GE .
[thread_2] Use this name to create a file.
[thread_2] create file success !
[thread_2] Write to this file !
[thread_2] write file success !
[thread_2] close this file !
[thread_1] open the test file with 'a+'.
[thread_1] write file ...
[thread_1] close the file ...
[thread_1] the current file size=3073 byte ...
[thread_3] open the test file...
[thread_3] Move the pointer to the end of the file...
[thread_3] read data from the test file... 
[thread_2] delete file ...
[thread_3] open the test file...
[thread_3] Move the pointer to the end of the file...
[thread_3] read data from the test file... 
[thread_3] open the test file...
[thread_3] Move the pointer to the end of the file...
[thread_3] read data from the test file... 
[thread_1] open the test file with 'a+'.
[thread_1] write file ...
[thread_1] close the file ...
[thread_1] the current file size=4097 byte ...
[thread_1] The test file exceeds the specified size, Redirect the file pointer position
[thread_3] open the test file...
[thread_3] Move the pointer to the end of the file...
[thread_3] read data from the test file... 
[thread_3] open the test file...
[thread_3] Move the pointer to the end of the file...
[thread_3] read data from the test file... 
[thread_2] A file name is randomly generated, name=36%GX2wgUV6$h$l .
[thread_2] Use this name to create a file.
[thread_2] create file success !
[thread_2] Write to this file !
[thread_2] write file success !
[thread_2] close this file !
[thread_1] open the test file with 'a+'.
[thread_1] write file ...
[thread_1] close the file ...
[thread_1] the current file size=1025 byte ...
[thread_3] open the test file...
[thread_3] Move the pointer to the end of the file...
[thread_3] read data from the test file... 
[thread_2] delete file ...
[thread_3] open the test file...
[thread_3] Move the pointer to the end of the file...
[thread_3] read data from the test file... 
[thread_3] open the test file...
[thread_3] Move the pointer to the end of the file...
[thread_3] read data from the test file... 
[thread_1] open the test file with 'a+'.
[thread_1] write file ...
[thread_1] close the file ...
[thread_1] the current file size=2049 byte ...
[thread_3] open the test file...
[thread_3] Move the pointer to the end of the file...
[thread_3] read data from the test file... 
[thread_3] open the test file...
[thread_3] Move the pointer to the end of the file...
[thread_3] read data from the test file... 
[thread_2] A file name is randomly generated, name=DB$Q%dix%v#2#%j .
[thread_2] Use this name to create a file.
[thread_2] create file success !
[thread_2] Write to this file !
[thread_2] write file success !
[thread_2] close this file !
[thread_1] open the test file with 'a+'.
[thread_1] write file ...
[thread_1] close the file ...
[thread_1] the current file size=3073 byte ...
[thread_3] open the test file...
[thread_3] Move the pointer to the end of the file...
[thread_3] read data from the test file... 
[thread_2] delete file ...
[thread_3] open the test file...
[thread_3] Move the pointer to the end of the file...
[thread_3] read data from the test file... 
[thread_3] open the test file...
[thread_3] Move the pointer to the end of the file...
[thread_3] read data from the test file... 
[thread_1] open the test file with 'a+'.
[thread_1] write file ...
[thread_1] close the file ...
[thread_1] the current file size=4097 byte ...
[thread_1] The test file exceeds the specified size, Redirect the file pointer position
[thread_3] open the test file...
[thread_3] Move the pointer to the end of the file...
[thread_3] read data from the test file... 
[thread_3] open the test file...
[thread_3] Move the pointer to the end of the file...
[thread_3] read data from the test file... 
[thread_2] A file name is randomly generated, name=#g2$$Qsn2#Fvuy% .
[thread_2] Use this name to create a file.
[thread_2] create file success !
[thread_2] Write to this file !
[thread_2] write file success !
[thread_2] close this file !
[thread_1] open the test file with 'a+'.
[thread_1] write file ...
[thread_1] close the file ...
[thread_1] the current file size=1025 byte ...
[thread_3] open the test file...
[thread_3] Move the pointer to the end of the file...
[thread_3] read data from the test file... 
[thread_2] delete file ...
[thread_3] open the test file...
[thread_3] Move the pointer to the end of the file...
[thread_3] read data from the test file... 
[thread_3] open the test file...
[thread_3] Move the pointer to the end of the file...
[thread_3] read data from the test file... 
[thread_1] open the test file with 'a+'.
[thread_1] write file ...
[thread_1] close the file ...
[thread_1] the current file size=2049 byte ...
[thread_3] open the test file...
[thread_3] Move the pointer to the end of the file...
[thread_3] read data from the test file... 
[thread_3] open the test file...
[thread_3] Move the pointer to the end of the file...
[thread_3] read data from the test file... 
[thread_2] A file name is randomly generated, name=6i%46%#$8M1260% .
[thread_2] Use this name to create a file.
[thread_2] create file success !
[thread_2] Write to this file !
[thread_2] write file success !
[thread_2] close this file !
[thread_1] open the test file with 'a+'.
[thread_1] write file ...
[thread_1] close the file ...
[thread_1] the current file size=3073 byte ...
[thread_3] open the test file...
[thread_3] Move the pointer to the end of the file...
[thread_3] read data from the test file... 
[thread_2] delete file ...
[thread_3] open the test file...
[thread_3] Move the pointer to the end of the file...
[thread_3] read data from the test file... 
[thread_3] open the test file...
[thread_3] Move the pointer to the end of the file...
[thread_3] read data from the test file... 
[thread_1] open the test file with 'a+'.
[thread_1] write file ...
[thread_1] close the file ...
[thread_1] the current file size=4097 byte ...
[thread_1] The test file exceeds the specified size, Redirect the file pointer position
[thread_3] open the test file...
[thread_3] Move the pointer to the end of the file...
[thread_3] read data from the test file... 
[thread_3] open the test file...
[thread_3] Move the pointer to the end of the file...
[thread_3] read data from the test file... 
[thread_2] A file name is randomly generated, name=oX95hOeu#u2#f#P .
[thread_2] Use this name to create a file.
[thread_2] create file success !
[thread_2] Write to this file !
[thread_2] write file success !
[thread_2] close this file !
[thread_1] open the test file with 'a+'.
[thread_1] write file ...
[thread_1] close the file ...
[thread_1] the current file size=1025 byte ...
[thread_3] open the test file...
[thread_3] Move the pointer to the end of the file...
[thread_3] read data from the test file... 
[thread_2] delete file ...
[thread_3] open the test file...
[thread_3] Move the pointer to the end of the file...
[thread_3] read data from the test file... 
[thread_3] open the test file...
[thread_3] Move the pointer to the end of the file...
[thread_3] read data from the test file... 
[thread_1] open the test file with 'a+'.
[thread_1] write file ...
[thread_1] close the file ...
[thread_1] the current file size=2049 byte ...
[thread_3] open the test file...
[thread_3] Move the pointer to the end of the file...
[thread_3] read data from the test file... 
[thread_3] open the test file...
[thread_3] Move the pointer to the end of the file...
[thread_3] read data from the test file... 
[thread_2] A file name is randomly generated, name=$1o#kcWhjr%fg$$ .
[thread_2] Use this name to create a file.
[thread_2] create file success !
[thread_2] Write to this file !
[thread_2] write file success !
[thread_2] close this file !
[thread_1] open the test file with 'a+'.
[thread_1] write file ...
[thread_1] close the file ...
[thread_1] the current file size=3073 byte ...
[thread_3] open the test file...
[thread_3] Move the pointer to the end of the file...
[thread_3] read data from the test file... 
[thread_2] delete file ...
[thread_3] open the test file...
[thread_3] Move the pointer to the end of the file...
[thread_3] read data from the test file... 
[thread_3] open the test file...
[thread_3] Move the pointer to the end of the file...
[thread_3] read data from the test file... 
[thread_1] open the test file with 'a+'.
[thread_1] write file ...
[thread_1] close the file ...
[thread_1] the current file size=4097 byte ...
[thread_1] The test file exceeds the specified size, Redirect the file pointer position
[thread_3] open the test file...
[thread_3] Move the pointer to the end of the file...
[thread_3] read data from the test file... 
[thread_3] open the test file...
[thread_3] Move the pointer to the end of the file...
[thread_3] read data from the test file... 
[thread_2] A file name is randomly generated, name=##6ki2YX%a#2$z4 .
[thread_2] Use this name to create a file.
[thread_2] create file success !
[thread_2] Write to this file !
[thread_2] write file success !
[thread_2] close this file !
[thread_1] open the test file with 'a+'.
[thread_1] write file ...
[thread_1] close the file ...
[thread_1] the current file size=1025 byte ...
[thread_3] open the test file...
[thread_3] Move the pointer to the end of the file...
[thread_3] read data from the test file... 
[thread_2] delete file ...
[thread_3] open the test file...
[thread_3] Move the pointer to the end of the file...
[thread_3] read data from the test file... 
[thread_3] open the test file...
[thread_3] Move the pointer to the end of the file...
[thread_3] read data from the test file... 
[thread_1] open the test file with 'a+'.
[thread_1] write file ...
[thread_1] close the file ...
[thread_1] the current file size=2049 byte ...
[thread_3] open the test file...
[thread_3] Move the pointer to the end of the file...
[thread_3] read data from the test file... 
[thread_3] open the test file...
[thread_3] Move the pointer to the end of the file...
[thread_3] read data from the test file... 
[thread_2] A file name is randomly generated, name=a%9D8$%$TmmAC#5 .
[thread_2] Use this name to create a file.
[thread_2] create file success !
[thread_2] Write to this file !
[thread_2] write file success !
[thread_2] close this file !
[thread_1] open the test file with 'a+'.
[thread_1] write file ...
[thread_1] close the file ...
[thread_1] the current file size=3073 byte ...
[thread_3] open the test file...
[thread_3] Move the pointer to the end of the file...
[thread_3] read data from the test file... 
[thread_2] delete file ...
[thread_3] open the test file...
[thread_3] Move the pointer to the end of the file...
[thread_3] read data from the test file... 
[thread_3] open the test file...
[thread_3] Move the pointer to the end of the file...
[thread_3] read data from the test file... 
[thread_1] open the test file with 'a+'.
[thread_1] write file ...
[thread_1] close the file ...
[thread_1] the current file size=4097 byte ...
[thread_1] The test file exceeds the specified size, Redirect the file pointer position
[thread_3] open the test file...
[thread_3] Move the pointer to the end of the file...
[thread_3] read data from the test file... 
[thread_3] open the test file...
[thread_3] Move the pointer to the end of the file...
[thread_3] read data from the test file... 
[thread_2] A file name is randomly generated, name=ZaoQe%lj$$qE%8U .
[thread_2] Use this name to create a file.
[thread_2] create file success !
[thread_2] Write to this file !
[thread_2] write file success !
[thread_2] close this file !
[thread_1] open the test file with 'a+'.
[thread_1] write file ...
[thread_1] close the file ...
[thread_1] the current file size=1025 byte ...
[thread_3] open the test file...
[thread_3] Move the pointer to the end of the file...
[thread_3] read data from the test file... 
[thread_2] delete file ...
[thread_3] open the test file...
[thread_3] Move the pointer to the end of the file...
[thread_3] read data from the test file... 
[thread_3] open the test file...
[thread_3] Move the pointer to the end of the file...
[thread_3] read data from the test file... 
[thread_1] open the test file with 'a+'.
[thread_1] write file ...
[thread_1] close the file ...
[thread_1] the current file size=2049 byte ...
[thread_3] open the test file...
[thread_3] Move the pointer to the end of the file...
[thread_3] read data from the test file... 
[thread_3] open the test file...
[thread_3] Move the pointer to the end of the file...
[thread_3] read data from the test file... 
[thread_2] A file name is randomly generated, name=%QERv3#04$$I$z% .
[thread_2] Use this name to create a file.
[thread_2] create file success !
[thread_2] Write to this file !
[thread_2] write file success !
[thread_2] close this file !
[thread_1] open the test file with 'a+'.
[thread_1] write file ...
[thread_1] close the file ...
[thread_1] the current file size=3073 byte ...
[thread_3] open the test file...
[thread_3] Move the pointer to the end of the file...
[thread_3] read data from the test file... 
[thread_2] delete file ...
[thread_3] open the test file...
[thread_3] Move the pointer to the end of the file...
[thread_3] read data from the test file... 
[thread_3] open the test file...
[thread_3] Move the pointer to the end of the file...
[thread_3] read data from the test file... 
[thread_1] open the test file with 'a+'.
[thread_1] write file ...
[thread_1] close the file ...
[thread_1] the current file size=4097 byte ...
[thread_1] The test file exceeds the specified size, Redirect the file pointer position
[thread_3] open the test file...
[thread_3] Move the pointer to the end of the file...
[thread_3] read data from the test file... 
[thread_3] open the test file...
[thread_3] Move the pointer to the end of the file...
[thread_3] read data from the test file... 
[thread_2] A file name is randomly generated, name=v0uM20VF6#d3xyx .
[thread_2] Use this name to create a file.
[thread_2] create file success !
[thread_2] Write to this file !
[thread_2] write file success !
[thread_2] close this file !
[thread_1] open the test file with 'a+'.
[thread_1] write file ...
[thread_1] close the file ...
[thread_1] the current file size=1025 byte ...
[thread_3] open the test file...
[thread_3] Move the pointer to the end of the file...
[thread_3] read data from the test file... 
[thread_2] delete file ...
[thread_3] open the test file...
[thread_3] Move the pointer to the end of the file...
[thread_3] read data from the test file... 
[thread_3] open the test file...
[thread_3] Move the pointer to the end of the file...
[thread_3] read data from the test file... 
[thread_1] open the test file with 'a+'.
[thread_1] write file ...
[thread_1] close the file ...
[thread_1] the current file size=2049 byte ...
[thread_3] open the test file...
[thread_3] Move the pointer to the end of the file...
[thread_3] read data from the test file... 
[thread_3] open the test file...
[thread_3] Move the pointer to the end of the file...
[thread_3] read data from the test file... 
[thread_2] A file name is randomly generated, name=U$EZNI%%$D63vCQ .
[thread_2] Use this name to create a file.
[thread_2] create file success !
[thread_2] Write to this file !
[thread_2] write file success !
[thread_2] close this file !
[thread_1] open the test file with 'a+'.
[thread_1] write file ...
[thread_1] close the file ...
[thread_1] the current file size=3073 byte ...
[thread_3] open the test file...
[thread_3] Move the pointer to the end of the file...
[thread_3] read data from the test file... 
[thread_2] delete file ...
[thread_3] open the test file...
[thread_3] Move the pointer to the end of the file...
[thread_3] read data from the test file... 
[thread_3] open the test file...
[thread_3] Move the pointer to the end of the file...
[thread_3] read data from the test file... 
[thread_1] open the test file with 'a+'.
[thread_1] write file ...
[thread_1] close the file ...
[thread_1] the current file size=4097 byte ...
[thread_1] The test file exceeds the specified size, Redirect the file pointer position
[thread_3] open the test file...
[thread_3] Move the pointer to the end of the file...
[thread_3] read data from the test file... 
[thread_3] open the test file...
[thread_3] Move the pointer to the end of the file...
[thread_3] read data from the test file... 
[thread_2] A file name is randomly generated, name=%6%$g3y#p2O%m3O .
[thread_2] Use this name to create a file.
[thread_2] create file success !
[thread_2] Write to this file !
[thread_2] write file success !
[thread_2] close this file !
[thread_1] open the test file with 'a+'.
[thread_1] write file ...
[thread_1] close the file ...
[thread_1] the current file size=1025 byte ...
[thread_3] open the test file...
[thread_3] Move the pointer to the end of the file...
[thread_3] read data from the test file... 
[thread_2] delete file ...
[thread_3] open the test file...
[thread_3] Move the pointer to the end of the file...
[thread_3] read data from the test file... 
[thread_3] open the test file...
[thread_3] Move the pointer to the end of the file...
[thread_3] read data from the test file... 
[thread_1] open the test file with 'a+'.
[thread_1] write file ...
[thread_1] close the file ...
[thread_1] the current file size=2049 byte ...
[thread_3] open the test file...
[thread_3] Move the pointer to the end of the file...
[thread_3] read data from the test file... 
[thread_3] open the test file...
[thread_3] Move the pointer to the end of the file...
[thread_3] read data from the test file... 
[thread_2] A file name is randomly generated, name=rqx6$G1$9L5Ki07 .
[thread_2] Use this name to create a file.
[thread_2] create file success !
[thread_2] Write to this file !
[thread_2] write file success !
[thread_2] close this file !
[thread_1] open the test file with 'a+'.
[thread_1] write file ...
[thread_1] close the file ...
[thread_1] the current file size=3073 byte ...
[thread_3] open the test file...
[thread_3] Move the pointer to the end of the file...
[thread_3] read data from the test file... 
[thread_2] delete file ...
[thread_3] open the test file...
[thread_3] Move the pointer to the end of the file...
[thread_3] read data from the test file... 
[thread_3] open the test file...
[thread_3] Move the pointer to the end of the file...
[thread_3] read data from the test file... 
[thread_1] open the test file with 'a+'.
[thread_1] write file ...
[thread_1] close the file ...
[thread_1] the current file size=4097 byte ...
[thread_1] The test file exceeds the specified size, Redirect the file pointer position
[thread_3] open the test file...
[thread_3] Move the pointer to the end of the file...
[thread_3] read data from the test file... 
[thread_3] open the test file...
[thread_3] Move the pointer to the end of the file...
[thread_3] read data from the test file... 
[thread_2] A file name is randomly generated, name=A%1%6z7Bh0$6#%k .
[thread_2] Use this name to create a file.
[thread_2] create file success !
[thread_2] Write to this file !
[thread_2] write file success !
[thread_2] close this file !
[thread_1] open the test file with 'a+'.
[thread_1] write file ...
[thread_1] close the file ...
[thread_1] the current file size=1025 byte ...
[thread_3] open the test file...
[thread_3] Move the pointer to the end of the file...
[thread_3] read data from the test file... 
[thread_2] delete file ...
[thread_3] open the test file...
[thread_3] Move the pointer to the end of the file...
[thread_3] read data from the test file... 
[thread_3] open the test file...
[thread_3] Move the pointer to the end of the file...
[thread_3] read data from the test file... 
[thread_1] open the test file with 'a+'.
[thread_1] write file ...
[thread_1] close the file ...
[thread_1] the current file size=2049 byte ...
[thread_3] open the test file...
[thread_3] Move the pointer to the end of the file...
[thread_3] read data from the test file... 
[thread_3] open the test file...
[thread_3] Move the pointer to the end of the file...
[thread_3] read data from the test file... 
[thread_2] A file name is randomly generated, name=Z$5#%3$z%4K$2$F .
[thread_2] Use this name to create a file.
[thread_2] create file success !
[thread_2] Write to this file !
[thread_2] write file success !
[thread_2] close this file !
[thread_1] open the test file with 'a+'.
[thread_1] write file ...
[thread_1] close the file ...
[thread_1] the current file size=3073 byte ...
[thread_3] open the test file...
[thread_3] Move the pointer to the end of the file...
[thread_3] read data from the test file... 
[thread_2] delete file ...
[thread_3] open the test file...
[thread_3] Move the pointer to the end of the file...
[thread_3] read data from the test file... 
[thread_3] open the test file...
[thread_3] Move the pointer to the end of the file...
[thread_3] read data from the test file... 
[thread_1] open the test file with 'a+'.
[thread_1] write file ...
[thread_1] close the file ...
[thread_1] the current file size=4097 byte ...
[thread_1] The test file exceeds the specified size, Redirect the file pointer position
[thread_3] open the test file...
[thread_3] Move the pointer to the end of the file...
[thread_3] read data from the test file... 
[thread_3] open the test file...
[thread_3] Move the pointer to the end of the file...
[thread_3] read data from the test file... 
[thread_2] A file name is randomly generated, name=8u52OmJX9a$#%4# .
[thread_2] Use this name to create a file.
[thread_2] create file success !
[thread_2] Write to this file !
[thread_2] write file success !
[thread_2] close this file !
[thread_1] open the test file with 'a+'.
[thread_1] write file ...
[thread_1] close the file ...
[thread_1] the current file size=1025 byte ...
[thread_3] open the test file...
[thread_3] Move the pointer to the end of the file...
[thread_3] read data from the test file... 
[thread_2] delete file ...
[thread_3] open the test file...
[thread_3] Move the pointer to the end of the file...
[thread_3] read data from the test file... 
[thread_3] open the test file...
[thread_3] Move the pointer to the end of the file...
[thread_3] read data from the test file... 
[thread_1] open the test file with 'a+'.
[thread_1] write file ...
[thread_1] close the file ...
[thread_1] the current file size=2049 byte ...
[thread_3] open the test file...
[thread_3] Move the pointer to the end of the file...
[thread_3] read data from the test file... 
[thread_3] open the test file...
[thread_3] Move the pointer to the end of the file...
[thread_3] read data from the test file... 
[thread_2] A file name is randomly generated, name=vpm$fdt8#$b%w%# .
[thread_2] Use this name to create a file.
[thread_2] create file success !
[thread_2] Write to this file !
[thread_2] write file success !
[thread_2] close this file !
[thread_1] open the test file with 'a+'.
[thread_1] write file ...
[thread_1] close the file ...
[thread_1] the current file size=3073 byte ...
[thread_3] open the test file...
[thread_3] Move the pointer to the end of the file...
[thread_3] read data from the test file... 
[thread_2] delete file ...
[thread_3] open the test file...
[thread_3] Move the pointer to the end of the file...
[thread_3] read data from the test file... 
[thread_3] open the test file...
[thread_3] Move the pointer to the end of the file...
[thread_3] read data from the test file... 
[thread_1] open the test file with 'a+'.
[thread_1] write file ...
[thread_1] close the file ...
[thread_1] the current file size=4097 byte ...
[thread_1] The test file exceeds the specified size, Redirect the file pointer position
[thread_3] open the test file...
[thread_3] Move the pointer to the end of the file...
[thread_3] read data from the test file... 
[thread_3] open the test file...
[thread_3] Move the pointer to the end of the file...
[thread_3] read data from the test file... 
[thread_2] A file name is randomly generated, name=Bm%xD1nQs$MXZ8Q .
[thread_2] Use this name to create a file.
[thread_2] create file success !
[thread_2] Write to this file !
[thread_2] write file success !
[thread_2] close this file !
[thread_1] open the test file with 'a+'.
[thread_1] write file ...
[thread_1] close the file ...
[thread_1] the current file size=1025 byte ...
[thread_3] open the test file...
[thread_3] Move the pointer to the end of the file...
[thread_3] read data from the test file... 
[thread_2] delete file ...
[thread_3] open the test file...
[thread_3] Move the pointer to the end of the file...
[thread_3] read data from the test file... 
[thread_3] open the test file...
[thread_3] Move the pointer to the end of the file...
[thread_3] read data from the test file... 
[thread_1] open the test file with 'a+'.
[thread_1] write file ...
[thread_1] close the file ...
[thread_1] the current file size=2049 byte ...
[thread_3] open the test file...
[thread_3] Move the pointer to the end of the file...
[thread_3] read data from the test file... 
[thread_3] open the test file...
[thread_3] Move the pointer to the end of the file...
[thread_3] read data from the test file... 
[thread_2] A file name is randomly generated, name=$u#$bO$k6DeI%12 .
[thread_2] Use this name to create a file.
[thread_2] create file success !
[thread_2] Write to this file !
[thread_2] write file success !
[thread_2] close this file !
[thread_1] open the test file with 'a+'.
[thread_1] write file ...
[thread_1] close the file ...
[thread_1] the current file size=3073 byte ...
[thread_3] open the test file...
[thread_3] Move the pointer to the end of the file...
[thread_3] read data from the test file... 
[thread_2] delete file ...
[thread_3] open the test file...
[thread_3] Move the pointer to the end of the file...
[thread_3] read data from the test file... 
[thread_3] open the test file...
[thread_3] Move the pointer to the end of the file...
[thread_3] read data from the test file... 
[thread_1] open the test file with 'a+'.
[thread_1] write file ...
[thread_1] close the file ...
[thread_1] the current file size=4097 byte ...
[thread_1] The test file exceeds the specified size, Redirect the file pointer position
[thread_3] open the test file...
[thread_3] Move the pointer to the end of the file...
[thread_3] read data from the test file... 
[thread_3] open the test file...
[thread_3] Move the pointer to the end of the file...
[thread_3] read data from the test file... 
[thread_2] A file name is randomly generated, name=x13kg5##Wx%93$$ .
[thread_2] Use this name to create a file.
[thread_2] create file success !
[thread_2] Write to this file !
[thread_2] write file success !
[thread_2] close this file !
[thread_1] open the test file with 'a+'.
[thread_1] write file ...
[thread_1] close the file ...
[thread_1] the current file size=1025 byte ...
[thread_3] open the test file...
[thread_3] Move the pointer to the end of the file...
[thread_3] read data from the test file... 
[thread_2] delete file ...
[thread_3] open the test file...
[thread_3] Move the pointer to the end of the file...
[thread_3] read data from the test file... 
[thread_3] open the test file...
[thread_3] Move the pointer to the end of the file...
[thread_3] read data from the test file... 
[thread_1] open the test file with 'a+'.
[thread_1] write file ...
[thread_1] close the file ...
[thread_1] the current file size=2049 byte ...
[thread_3] open the test file...
[thread_3] Move the pointer to the end of the file...
[thread_3] read data from the test file... 
[thread_3] open the test file...
[thread_3] Move the pointer to the end of the file...
[thread_3] read data from the test file... 
[thread_2] A file name is randomly generated, name=W$8X#Q22z2#nozz .
[thread_2] Use this name to create a file.
[thread_2] create file success !
[thread_2] Write to this file !
[thread_2] write file success !
[thread_2] close this file !
[thread_1] open the test file with 'a+'.
[thread_1] write file ...
[thread_1] close the file ...
[thread_1] the current file size=3073 byte ...
[thread_3] open the test file...
[thread_3] Move the pointer to the end of the file...
[thread_3] read data from the test file... 
[thread_2] delete file ...
[thread_3] open the test file...
[thread_3] Move the pointer to the end of the file...
[thread_3] read data from the test file... 
[thread_3] open the test file...
[thread_3] Move the pointer to the end of the file...
[thread_3] read data from the test file... 
[thread_1] open the test file with 'a+'.
[thread_1] write file ...
[thread_1] close the file ...
[thread_1] the current file size=4097 byte ...
[thread_1] The test file exceeds the specified size, Redirect the file pointer position
[thread_3] open the test file...
[thread_3] Move the pointer to the end of the file...
[thread_3] read data from the test file... 
[thread_3] open the test file...
[thread_3] Move the pointer to the end of the file...
[thread_3] read data from the test file... 
[thread_2] A file name is randomly generated, name=%$TmmAC#57r#g#% .
[thread_2] Use this name to create a file.
[thread_2] create file success !
[thread_2] Write to this file !
[thread_2] write file success !
[thread_2] close this file !
[thread_1] open the test file with 'a+'.
[thread_1] write file ...
[thread_1] close the file ...
[thread_1] the current file size=1025 byte ...
[thread_3] open the test file...
[thread_3] Move the pointer to the end of the file...
[thread_3] read data from the test file... 
[thread_2] delete file ...
[thread_3] open the test file...
[thread_3] Move the pointer to the end of the file...
[thread_3] read data from the test file... 
[thread_3] open the test file...
[thread_3] Move the pointer to the end of the file...
[thread_3] read data from the test file... 
[thread_1] open the test file with 'a+'.
[thread_1] write file ...
[thread_1] close the file ...
[thread_1] the current file size=2049 byte ...
[thread_3] open the test file...
[thread_3] Move the pointer to the end of the file...
[thread_3] read data from the test file... 
[thread_3] open the test file...
[thread_3] Move the pointer to the end of the file...
[thread_3] read data from the test file... 
[thread_2] A file name is randomly generated, name=sf7czUk5X62ZvB0 .
[thread_2] Use this name to create a file.
[thread_2] create file success !
[thread_2] Write to this file !
[thread_2] write file success !
[thread_2] close this file !
[thread_1] open the test file with 'a+'.
[thread_1] write file ...
[thread_1] close the file ...
[thread_1] the current file size=3073 byte ...
[thread_3] open the test file...
[thread_3] Move the pointer to the end of the file...
[thread_3] read data from the test file... 
[thread_2] delete file ...
[thread_3] open the test file...
[thread_3] Move the pointer to the end of the file...
[thread_3] read data from the test file... 
[thread_3] open the test file...
[thread_3] Move the pointer to the end of the file...
[thread_3] read data from the test file... 
[thread_1] open the test file with 'a+'.
[thread_1] write file ...
[thread_1] close the file ...
[thread_1] the current file size=4097 byte ...
[thread_1] The test file exceeds the specified size, Redirect the file pointer position
[thread_3] open the test file...
[thread_3] Move the pointer to the end of the file...
[thread_3] read data from the test file... 
[thread_3] open the test file...
[thread_3] Move the pointer to the end of the file...
[thread_3] read data from the test file... 
[thread_2] A file name is randomly generated, name=zV2830B#$y8e07a .
[thread_2] Use this name to create a file.
[thread_2] create file success !
[thread_2] Write to this file !
[thread_2] write file success !
[thread_2] close this file !
[thread_1] open the test file with 'a+'.
[thread_1] write file ...
[thread_1] close the file ...
[thread_1] the current file size=1025 byte ...
[thread_3] open the test file...
[thread_3] Move the pointer to the end of the file...
[thread_3] read data from the test file... 
[thread_2] delete file ...
[thread_3] open the test file...
[thread_3] Move the pointer to the end of the file...
[thread_3] read data from the test file... 
[thread_3] open the test file...
[thread_3] Move the pointer to the end of the file...
[thread_3] read data from the test file... 
[thread_1] open the test file with 'a+'.
[thread_1] write file ...
[thread_1] close the file ...
[thread_1] the current file size=2049 byte ...
[thread_3] open the test file...
[thread_3] Move the pointer to the end of the file...
[thread_3] read data from the test file... 
[thread_3] open the test file...
[thread_3] Move the pointer to the end of the file...
[thread_3] read data from the test file... 
[thread_2] A file name is randomly generated, name=BZ%e79ja#J%2$3M .
[thread_2] Use this name to create a file.
[thread_2] create file success !
[thread_2] Write to this file !
[thread_2] write file success !
[thread_2] close this file !
[thread_1] open the test file with 'a+'.
[thread_1] write file ...
[thread_1] close the file ...
[thread_1] the current file size=3073 byte ...
[thread_3] open the test file...
[thread_3] Move the pointer to the end of the file...
[thread_3] read data from the test file... 
[thread_2] delete file ...
[thread_3] open the test file...
[thread_3] Move the pointer to the end of the file...
[thread_3] read data from the test file... 
[thread_3] open the test file...
[thread_3] Move the pointer to the end of the file...
[thread_3] read data from the test file... 
[thread_1] open the test file with 'a+'.
[thread_1] write file ...
[thread_1] close the file ...
[thread_1] the current file size=4097 byte ...
[thread_1] The test file exceeds the specified size, Redirect the file pointer position
[thread_3] open the test file...
[thread_3] Move the pointer to the end of the file...
[thread_3] read data from the test file... 
[thread_3] open the test file...
[thread_3] Move the pointer to the end of the file...
[thread_3] read data from the test file... 
[thread_2] A file name is randomly generated, name=%Y0M7ZLUJ3D#gc$ .
[thread_2] Use this name to create a file.
[thread_2] create file success !
[thread_2] Write to this file !
[thread_2] write file success !
[thread_2] close this file !
[thread_1] open the test file with 'a+'.
[thread_1] write file ...
[thread_1] close the file ...
[thread_1] the current file size=1025 byte ...
[thread_3] open the test file...
[thread_3] Move the pointer to the end of the file...
[thread_3] read data from the test file... 
[thread_2] delete file ...
[thread_3] open the test file...
[thread_3] Move the pointer to the end of the file...
[thread_3] read data from the test file... 
[thread_3] open the test file...
[thread_3] Move the pointer to the end of the file...
[thread_3] read data from the test file... 
[thread_1] open the test file with 'a+'.
[thread_1] write file ...
[thread_1] close the file ...
[thread_1] the current file size=2049 byte ...
[thread_3] open the test file...
[thread_3] Move the pointer to the end of the file...
[thread_3] read data from the test file... 
[thread_3] open the test file...
[thread_3] Move the pointer to the end of the file...
[thread_3] read data from the test file... 
[thread_2] A file name is randomly generated, name=x8Pa93W2$y$%s4Y .
[thread_2] Use this name to create a file.
[thread_2] create file success !
[thread_2] Write to this file !
[thread_2] write file success !
[thread_2] close this file !
[thread_1] open the test file with 'a+'.
[thread_1] write file ...
[thread_1] close the file ...
[thread_1] the current file size=3073 byte ...
[thread_3] open the test file...
[thread_3] Move the pointer to the end of the file...
[thread_3] read data from the test file... 
[thread_2] delete file ...
[thread_3] open the test file...
[thread_3] Move the pointer to the end of the file...
[thread_3] read data from the test file... 
[thread_3] open the test file...
[thread_3] Move the pointer to the end of the file...
[thread_3] read data from the test file... 
[thread_1] open the test file with 'a+'.
[thread_1] write file ...
[thread_1] close the file ...
[thread_1] the current file size=4097 byte ...
[thread_1] The test file exceeds the specified size, Redirect the file pointer position
[thread_3] open the test file...
[thread_3] Move the pointer to the end of the file...
[thread_3] read data from the test file... 
[thread_3] open the test file...
[thread_3] Move the pointer to the end of the file...
[thread_3] read data from the test file... 
[thread_2] A file name is randomly generated, name=%Q7#ehskz1u4a40 .
[thread_2] Use this name to create a file.
[thread_2] create file success !
[thread_2] Write to this file !
[thread_2] write file success !
[thread_2] close this file !
[thread_1] open the test file with 'a+'.
[thread_1] write file ...
[thread_1] close the file ...
[thread_1] the current file size=1025 byte ...
[thread_3] open the test file...
[thread_3] Move the pointer to the end of the file...
[thread_3] read data from the test file... 
[thread_2] delete file ...
[thread_3] open the test file...
[thread_3] Move the pointer to the end of the file...
[thread_3] read data from the test file... 
[thread_3] open the test file...
[thread_3] Move the pointer to the end of the file...
[thread_3] read data from the test file... 
[thread_1] open the test file with 'a+'.
[thread_1] write file ...
[thread_1] close the file ...
[thread_1] the current file size=2049 byte ...
[thread_3] open the test file...
[thread_3] Move the pointer to the end of the file...
[thread_3] read data from the test file... 
[thread_3] open the test file...
[thread_3] Move the pointer to the end of the file...
[thread_3] read data from the test file... 
[thread_2] A file name is randomly generated, name=4Gg0%$UdjP%j%$R .
[thread_2] Use this name to create a file.
[thread_2] create file success !
[thread_2] Write to this file !
[thread_2] write file success !
[thread_2] close this file !
[thread_1] open the test file with 'a+'.
[thread_1] write file ...
[thread_1] close the file ...
[thread_1] the current file size=3073 byte ...
[thread_3] open the test file...
[thread_3] Move the pointer to the end of the file...
[thread_3] read data from the test file... 
[thread_2] delete file ...
[thread_3] open the test file...
[thread_3] Move the pointer to the end of the file...
[thread_3] read data from the test file... 
[thread_3] open the test file...
[thread_3] Move the pointer to the end of the file...
[thread_3] read data from the test file... 
[thread_1] open the test file with 'a+'.
[thread_1] write file ...
[thread_1] close the file ...
[thread_1] the current file size=4097 byte ...
[thread_1] The test file exceeds the specified size, Redirect the file pointer position
[thread_3] open the test file...
[thread_3] Move the pointer to the end of the file...
[thread_3] read data from the test file... 
[thread_3] open the test file...
[thread_3] Move the pointer to the end of the file...
[thread_3] read data from the test file... 
[thread_2] A file name is randomly generated, name=sRra#w1m8%nF7O# .
[thread_2] Use this name to create a file.
[thread_2] create file success !
[thread_2] Write to this file !
[thread_2] write file success !
[thread_2] close this file !
[thread_1] open the test file with 'a+'.
[thread_1] write file ...
[thread_1] close the file ...
[thread_1] the current file size=1025 byte ...
[thread_3] open the test file...
[thread_3] Move the pointer to the end of the file...
[thread_3] read data from the test file... 
[thread_2] delete file ...
[thread_3] open the test file...
[thread_3] Move the pointer to the end of the file...
[thread_3] read data from the test file... 
[thread_3] open the test file...
[thread_3] Move the pointer to the end of the file...
[thread_3] read data from the test file... 
[thread_1] open the test file with 'a+'.
[thread_1] write file ...
[thread_1] close the file ...
[thread_1] the current file size=2049 byte ...
[thread_3] open the test file...
[thread_3] Move the pointer to the end of the file...
[thread_3] read data from the test file... 
[thread_3] open the test file...
[thread_3] Move the pointer to the end of the file...
[thread_3] read data from the test file... 
[thread_2] A file name is randomly generated, name=%bit6X3Ng1wiPAb .
[thread_2] Use this name to create a file.
[thread_2] create file success !
[thread_2] Write to this file !
[thread_2] write file success !
[thread_2] close this file !
[thread_1] open the test file with 'a+'.
[thread_1] write file ...
[thread_1] close the file ...
[thread_1] the current file size=3073 byte ...
[thread_3] open the test file...
[thread_3] Move the pointer to the end of the file...
[thread_3] read data from the test file... 
[thread_2] delete file ...
[thread_3] open the test file...
[thread_3] Move the pointer to the end of the file...
[thread_3] read data from the test file... 
[thread_3] open the test file...
[thread_3] Move the pointer to the end of the file...
[thread_3] read data from the test file... 
[thread_1] open the test file with 'a+'.
[thread_1] write file ...
[thread_1] close the file ...
[thread_1] the current file size=4097 byte ...
[thread_1] The test file exceeds the specified size, Redirect the file pointer position
[thread_3] open the test file...
[thread_3] Move the pointer to the end of the file...
[thread_3] read data from the test file... 
[thread_3] open the test file...
[thread_3] Move the pointer to the end of the file...
[thread_3] read data from the test file... 
[thread_2] A file name is randomly generated, name=049RR#fg$zZ%807 .
[thread_2] Use this name to create a file.
[thread_2] create file success !
[thread_2] Write to this file !
[thread_2] write file success !
[thread_2] close this file !
[thread_1] open the test file with 'a+'.
[thread_1] write file ...
[thread_1] close the file ...
[thread_1] the current file size=1025 byte ...
[thread_3] open the test file...
[thread_3] Move the pointer to the end of the file...
[thread_3] read data from the test file... 
[thread_2] delete file ...
[thread_3] open the test file...
[thread_3] Move the pointer to the end of the file...
[thread_3] read data from the test file... 
[thread_3] open the test file...
[thread_3] Move the pointer to the end of the file...
[thread_3] read data from the test file... 
[thread_1] open the test file with 'a+'.
[thread_1] write file ...
[thread_1] close the file ...
[thread_1] the current file size=2049 byte ...
[thread_3] open the test file...
[thread_3] Move the pointer to the end of the file...
[thread_3] read data from the test file... 
[thread_3] open the test file...
[thread_3] Move the pointer to the end of the file...
[thread_3] read data from the test file... 
[thread_2] A file name is randomly generated, name=8wzA6#es5yAdBZ8 .
[thread_2] Use this name to create a file.
[thread_2] create file success !
[thread_2] Write to this file !
[thread_2] write file success !
[thread_2] close this file !
[thread_1] open the test file with 'a+'.
[thread_1] write file ...
[thread_1] close the file ...
[thread_1] the current file size=3073 byte ...
[thread_3] open the test file...
[thread_3] Move the pointer to the end of the file...
[thread_3] read data from the test file... 
[thread_2] delete file ...
[thread_3] open the test file...
[thread_3] Move the pointer to the end of the file...
[thread_3] read data from the test file... 
[thread_3] open the test file...
[thread_3] Move the pointer to the end of the file...
[thread_3] read data from the test file... 
[thread_1] open the test file with 'a+'.
[thread_1] write file ...
[thread_1] close the file ...
[thread_1] the current file size=4097 byte ...
[thread_1] The test file exceeds the specified size, Redirect the file pointer position
[thread_3] open the test file...
[thread_3] Move the pointer to the end of the file...
[thread_3] read data from the test file... 
[thread_3] open the test file...
[thread_3] Move the pointer to the end of the file...
[thread_3] read data from the test file... 
[thread_2] A file name is randomly generated, name=t7hHoH1%36%PCY7 .
[thread_2] Use this name to create a file.
[thread_2] create file success !
[thread_2] Write to this file !
[thread_2] write file success !
[thread_2] close this file !
[thread_1] open the test file with 'a+'.
[thread_1] write file ...
[thread_1] close the file ...
[thread_1] the current file size=1025 byte ...
[thread_3] open the test file...
[thread_3] Move the pointer to the end of the file...
[thread_3] read data from the test file... 
[thread_2] delete file ...
[thread_3] open the test file...
[thread_3] Move the pointer to the end of the file...
[thread_3] read data from the test file... 
[thread_3] open the test file...
[thread_3] Move the pointer to the end of the file...
[thread_3] read data from the test file... 
[thread_1] open the test file with 'a+'.
[thread_1] write file ...
[thread_1] close the file ...
[thread_1] the current file size=2049 byte ...
[thread_3] open the test file...
[thread_3] Move the pointer to the end of the file...
[thread_3] read data from the test file... 
[thread_3] open the test file...
[thread_3] Move the pointer to the end of the file...
[thread_3] read data from the test file... 
[thread_2] A file name is randomly generated, name=#$oT8V#0C3o79y$ .
[thread_2] Use this name to create a file.
[thread_2] create file success !
[thread_2] Write to this file !
[thread_2] write file success !
[thread_2] close this file !
[thread_1] open the test file with 'a+'.
[thread_1] write file ...
[thread_1] close the file ...
[thread_1] the current file size=3073 byte ...
[thread_3] open the test file...
[thread_3] Move the pointer to the end of the file...
[thread_3] read data from the test file... 
[thread_2] delete file ...
[thread_3] open the test file...
[thread_3] Move the pointer to the end of the file...
[thread_3] read data from the test file... 
[thread_3] open the test file...
[thread_3] Move the pointer to the end of the file...
[thread_3] read data from the test file... 
[thread_1] open the test file with 'a+'.
[thread_1] write file ...
[thread_1] close the file ...
[thread_1] the current file size=4097 byte ...
[thread_1] The test file exceeds the specified size, Redirect the file pointer position
[thread_3] open the test file...
[thread_3] Move the pointer to the end of the file...
[thread_3] read data from the test file... 
[thread_3] open the test file...
[thread_3] Move the pointer to the end of the file...
[thread_3] read data from the test file... 
[thread_2] A file name is randomly generated, name=2Qgi#9#6U#3$26R .
[thread_2] Use this name to create a file.
[thread_2] create file success !
[thread_2] Write to this file !
[thread_2] write file success !
[thread_2] close this file !
[thread_1] open the test file with 'a+'.
[thread_1] write file ...
[thread_1] close the file ...
[thread_1] the current file size=1025 byte ...
[thread_3] open the test file...
[thread_3] Move the pointer to the end of the file...
[thread_3] read data from the test file... 
[thread_2] delete file ...
[thread_3] open the test file...
[thread_3] Move the pointer to the end of the file...
[thread_3] read data from the test file... 
[thread_3] open the test file...
[thread_3] Move the pointer to the end of the file...
[thread_3] read data from the test file... 
[thread_1] open the test file with 'a+'.
[thread_1] write file ...
[thread_1] close the file ...
[thread_1] the current file size=2049 byte ...
[thread_3] open the test file...
[thread_3] Move the pointer to the end of the file...
[thread_3] read data from the test file... 
[thread_3] open the test file...
[thread_3] Move the pointer to the end of the file...
[thread_3] read data from the test file... 
[thread_2] A file name is randomly generated, name=w$wrm3j41BO$Sr3 .
[thread_2] Use this name to create a file.
[thread_2] create file success !
[thread_2] Write to this file !
[thread_2] write file success !
[thread_2] close this file !
[thread_1] open the test file with 'a+'.
[thread_1] write file ...
[thread_1] close the file ...
[thread_1] the current file size=3073 byte ...
[thread_3] open the test file...
[thread_3] Move the pointer to the end of the file...
[thread_3] read data from the test file... 
[thread_2] delete file ...
[thread_3] open the test file...
[thread_3] Move the pointer to the end of the file...
[thread_3] read data from the test file... 
[thread_3] open the test file...
[thread_3] Move the pointer to the end of the file...
[thread_3] read data from the test file... 
[thread_1] open the test file with 'a+'.
[thread_1] write file ...
[thread_1] close the file ...
[thread_1] the current file size=4097 byte ...
[thread_1] The test file exceeds the specified size, Redirect the file pointer position
[thread_3] open the test file...
[thread_3] Move the pointer to the end of the file...
[thread_3] read data from the test file... 
[thread_3] open the test file...
[thread_3] Move the pointer to the end of the file...
[thread_3] read data from the test file... 
[thread_2] A file name is randomly generated, name=#mmf#v%#%qoR562 .
[thread_2] Use this name to create a file.
[thread_2] create file success !
[thread_2] Write to this file !
[thread_2] write file success !
[thread_2] close this file !
[thread_1] open the test file with 'a+'.
[thread_1] write file ...
[thread_1] close the file ...
[thread_1] the current file size=1025 byte ...
[thread_3] open the test file...
[thread_3] Move the pointer to the end of the file...
[thread_3] read data from the test file... 
[thread_2] delete file ...
[thread_3] open the test file...
[thread_3] Move the pointer to the end of the file...
[thread_3] read data from the test file... 
[thread_3] open the test file...
[thread_3] Move the pointer to the end of the file...
[thread_3] read data from the test file... 
[thread_1] open the test file with 'a+'.
[thread_1] write file ...
[thread_1] close the file ...
[thread_1] the current file size=2049 byte ...
[thread_3] open the test file...
[thread_3] Move the pointer to the end of the file...
[thread_3] read data from the test file... 
[thread_3] open the test file...
[thread_3] Move the pointer to the end of the file...
[thread_3] read data from the test file... 
[thread_2] A file name is randomly generated, name=58WM9%%2VCn67xw .
[thread_2] Use this name to create a file.
[thread_2] create file success !
[thread_2] Write to this file !
[thread_2] write file success !
[thread_2] close this file !
[thread_1] open the test file with 'a+'.
[thread_1] write file ...
[thread_1] close the file ...
[thread_1] the current file size=3073 byte ...
[thread_3] open the test file...
[thread_3] Move the pointer to the end of the file...
[thread_3] read data from the test file... 
[thread_2] delete file ...
[thread_3] open the test file...
[thread_3] Move the pointer to the end of the file...
[thread_3] read data from the test file... 
[thread_3] open the test file...
[thread_3] Move the pointer to the end of the file...
[thread_3] read data from the test file... 
[thread_1] open the test file with 'a+'.
[thread_1] write file ...
[thread_1] close the file ...
[thread_1] the current file size=4097 byte ...
[thread_1] The test file exceeds the specified size, Redirect the file pointer position
[thread_3] open the test file...
[thread_3] Move the pointer to the end of the file...
[thread_3] read data from the test file... 
[thread_3] open the test file...
[thread_3] Move the pointer to the end of the file...
[thread_3] read data from the test file... 
[thread_2] A file name is randomly generated, name=uqvxnP92#G%#%41 .
[thread_2] Use this name to create a file.
[thread_2] create file success !
[thread_2] Write to this file !
[thread_2] write file success !
[thread_2] close this file !
[thread_1] open the test file with 'a+'.
[thread_1] write file ...
[thread_1] close the file ...
[thread_1] the current file size=1025 byte ...
[thread_3] open the test file...
[thread_3] Move the pointer to the end of the file...
[thread_3] read data from the test file... 
[thread_2] delete file ...
[thread_3] open the test file...
[thread_3] Move the pointer to the end of the file...
[thread_3] read data from the test file... 
[thread_3] open the test file...
[thread_3] Move the pointer to the end of the file...
[thread_3] read data from the test file... 
[thread_1] open the test file with 'a+'.
[thread_1] write file ...
[thread_1] close the file ...
[thread_1] the current file size=2049 byte ...
[thread_3] open the test file...
[thread_3] Move the pointer to the end of the file...
[thread_3] read data from the test file... 
[thread_3] open the test file...
[thread_3] Move the pointer to the end of the file...
[thread_3] read data from the test file... 
[thread_2] A file name is randomly generated, name=aFmzR%$%7%%%Jh# .
[thread_2] Use this name to create a file.
[thread_2] create file success !
[thread_2] Write to this file !
[thread_2] write file success !
[thread_2] close this file !
[thread_1] open the test file with 'a+'.
[thread_1] write file ...
[thread_1] close the file ...
[thread_1] the current file size=3073 byte ...
[thread_3] open the test file...
[thread_3] Move the pointer to the end of the file...
[thread_3] read data from the test file... 
[thread_2] delete file ...
[thread_3] open the test file...
[thread_3] Move the pointer to the end of the file...
[thread_3] read data from the test file... 
[thread_3] open the test file...
[thread_3] Move the pointer to the end of the file...
[thread_3] read data from the test file... 
[thread_1] open the test file with 'a+'.
[thread_1] write file ...
[thread_1] close the file ...
[thread_1] the current file size=4097 byte ...
[thread_1] The test file exceeds the specified size, Redirect the file pointer position
[thread_3] open the test file...
[thread_3] Move the pointer to the end of the file...
[thread_3] read data from the test file... 
[thread_3] open the test file...
[thread_3] Move the pointer to the end of the file...
[thread_3] read data from the test file... 
[thread_2] A file name is randomly generated, name=%3z8sfNjjE1W#$$ .
[thread_2] Use this name to create a file.
[thread_2] create file success !
[thread_2] Write to this file !
[thread_2] write file success !
[thread_2] close this file !
[thread_1] open the test file with 'a+'.
[thread_1] write file ...
[thread_1] close the file ...
[thread_1] the current file size=1025 byte ...
[thread_3] open the test file...
[thread_3] Move the pointer to the end of the file...
[thread_3] read data from the test file... 
[thread_2] delete file ...
[thread_3] open the test file...
[thread_3] Move the pointer to the end of the file...
[thread_3] read data from the test file... 
[thread_3] open the test file...
[thread_3] Move the pointer to the end of the file...
[thread_3] read data from the test file... 
[thread_1] open the test file with 'a+'.
[thread_1] write file ...
[thread_1] close the file ...
[thread_1] the current file size=2049 byte ...
[thread_3] open the test file...
[thread_3] Move the pointer to the end of the file...
[thread_3] read data from the test file... 
[thread_3] open the test file...
[thread_3] Move the pointer to the end of the file...
[thread_3] read data from the test file... 
[thread_2] A file name is randomly generated, name=9#%ERs9$Z20$QiH .
[thread_2] Use this name to create a file.
[thread_2] create file success !
[thread_2] Write to this file !
[thread_2] write file success !
[thread_2] close this file !
[thread_1] open the test file with 'a+'.
[thread_1] write file ...
[thread_1] close the file ...
[thread_1] the current file size=3073 byte ...
[thread_3] open the test file...
[thread_3] Move the pointer to the end of the file...
[thread_3] read data from the test file... 
[thread_2] delete file ...
[thread_3] open the test file...
[thread_3] Move the pointer to the end of the file...
[thread_3] read data from the test file... 
[thread_3] open the test file...
[thread_3] Move the pointer to the end of the file...
[thread_3] read data from the test file... 
[thread_1] open the test file with 'a+'.
[thread_1] write file ...
[thread_1] close the file ...
[thread_1] the current file size=4097 byte ...
[thread_1] The test file exceeds the specified size, Redirect the file pointer position
[thread_3] open the test file...
[thread_3] Move the pointer to the end of the file...
[thread_3] read data from the test file... 
[thread_3] open the test file...
[thread_3] Move the pointer to the end of the file...
[thread_3] read data from the test file... 
[thread_2] A file name is randomly generated, name=v86%#Q#XR%Y6NAY .
[thread_2] Use this name to create a file.
[thread_2] create file success !
[thread_2] Write to this file !
[thread_2] write file success !
[thread_2] close this file !
[thread_1] open the test file with 'a+'.
[thread_1] write file ...
[thread_1] close the file ...
[thread_1] the current file size=1025 byte ...
[thread_3] open the test file...
[thread_3] Move the pointer to the end of the file...
[thread_3] read data from the test file... 
[thread_2] delete file ...
[thread_3] open the test file...
[thread_3] Move the pointer to the end of the file...
[thread_3] read data from the test file... 
[thread_3] open the test file...
[thread_3] Move the pointer to the end of the file...
[thread_3] read data from the test file... 
[thread_1] open the test file with 'a+'.
[thread_1] write file ...
[thread_1] close the file ...
[thread_1] the current file size=2049 byte ...
[thread_3] open the test file...
[thread_3] Move the pointer to the end of the file...
[thread_3] read data from the test file... 
[thread_3] open the test file...
[thread_3] Move the pointer to the end of the file...
[thread_3] read data from the test file... 
[thread_2] A file name is randomly generated, name=%nW56#e42gwDK## .
[thread_2] Use this name to create a file.
[thread_2] create file success !
[thread_2] Write to this file !
[thread_2] write file success !
[thread_2] close this file !
[thread_1] open the test file with 'a+'.
[thread_1] write file ...
[thread_1] close the file ...
[thread_1] the current file size=3073 byte ...
[thread_3] open the test file...
[thread_3] Move the pointer to the end of the file...
[thread_3] read data from the test file... 
[thread_2] delete file ...
[thread_3] open the test file...
[thread_3] Move the pointer to the end of the file...
[thread_3] read data from the test file... 
[thread_3] open the test file...
[thread_3] Move the pointer to the end of the file...
[thread_3] read data from the test file... 
[thread_1] open the test file with 'a+'.
[thread_1] write file ...
[thread_1] close the file ...
[thread_1] the current file size=4097 byte ...
[thread_1] The test file exceeds the specified size, Redirect the file pointer position
[thread_3] open the test file...
[thread_3] Move the pointer to the end of the file...
[thread_3] read data from the test file... 
[thread_3] open the test file...
[thread_3] Move the pointer to the end of the file...
[thread_3] read data from the test file... 
[thread_2] A file name is randomly generated, name=9F7j$2z2u###CP% .
[thread_2] Use this name to create a file.
[thread_2] create file success !
[thread_2] Write to this file !
[thread_2] write file success !
[thread_2] close this file !
[thread_1] open the test file with 'a+'.
[thread_1] write file ...
[thread_1] close the file ...
[thread_1] the current file size=1025 byte ...
[thread_3] open the test file...
[thread_3] Move the pointer to the end of the file...
[thread_3] read data from the test file... 
[thread_2] delete file ...
[thread_3] open the test file...
[thread_3] Move the pointer to the end of the file...
[thread_3] read data from the test file... 
[thread_3] open the test file...
[thread_3] Move the pointer to the end of the file...
[thread_3] read data from the test file... 
[thread_1] open the test file with 'a+'.
[thread_1] write file ...
[thread_1] close the file ...
[thread_1] the current file size=2049 byte ...
[thread_3] open the test file...
[thread_3] Move the pointer to the end of the file...
[thread_3] read data from the test file... 
[thread_3] open the test file...
[thread_3] Move the pointer to the end of the file...
[thread_3] read data from the test file... 
[thread_2] A file name is randomly generated, name=qk%$%3#%O6#%kNp .
[thread_2] Use this name to create a file.
[thread_2] create file success !
[thread_2] Write to this file !
[thread_2] write file success !
[thread_2] close this file !
[thread_1] open the test file with 'a+'.
[thread_1] write file ...
[thread_1] close the file ...
[thread_1] the current file size=3073 byte ...
[thread_3] open the test file...
[thread_3] Move the pointer to the end of the file...
[thread_3] read data from the test file... 
[thread_2] delete file ...
[thread_3] open the test file...
[thread_3] Move the pointer to the end of the file...
[thread_3] read data from the test file... 
[thread_3] open the test file...
[thread_3] Move the pointer to the end of the file...
[thread_3] read data from the test file... 
[thread_1] open the test file with 'a+'.
[thread_1] write file ...
[thread_1] close the file ...
[thread_1] the current file size=4097 byte ...
[thread_1] The test file exceeds the specified size, Redirect the file pointer position
[thread_3] open the test file...
[thread_3] Move the pointer to the end of the file...
[thread_3] read data from the test file... 
[thread_3] open the test file...
[thread_3] Move the pointer to the end of the file...
[thread_3] read data from the test file... 
[thread_2] A file name is randomly generated, name=$1Bd8s#1$%R%#5d .
[thread_2] Use this name to create a file.
[thread_2] create file success !
[thread_2] Write to this file !
[thread_2] write file success !
[thread_2] close this file !
[thread_1] open the test file with 'a+'.
[thread_1] write file ...
[thread_1] close the file ...
[thread_1] the current file size=1025 byte ...
[thread_3] open the test file...
[thread_3] Move the pointer to the end of the file...
[thread_3] read data from the test file... 
[thread_2] delete file ...
[thread_3] open the test file...
[thread_3] Move the pointer to the end of the file...
[thread_3] read data from the test file... 
[thread_3] open the test file...
[thread_3] Move the pointer to the end of the file...
[thread_3] read data from the test file... 
[thread_1] open the test file with 'a+'.
[thread_1] write file ...
[thread_1] close the file ...
[thread_1] the current file size=2049 byte ...
[thread_3] open the test file...
[thread_3] Move the pointer to the end of the file...
[thread_3] read data from the test file... 
[thread_3] open the test file...
[thread_3] Move the pointer to the end of the file...
[thread_3] read data from the test file... 
[thread_2] A file name is randomly generated, name=1cd%X#e$#9dn%4% .
[thread_2] Use this name to create a file.
[thread_2] create file success !
[thread_2] Write to this file !
[thread_2] write file success !
[thread_2] close this file !
[thread_1] open the test file with 'a+'.
[thread_1] write file ...
[thread_1] close the file ...
[thread_1] the current file size=3073 byte ...
[thread_3] open the test file...
[thread_3] Move the pointer to the end of the file...
[thread_3] read data from the test file... 
[thread_2] delete file ...
[thread_3] open the test file...
[thread_3] Move the pointer to the end of the file...
[thread_3] read data from the test file... 
[thread_3] open the test file...
[thread_3] Move the pointer to the end of the file...
[thread_3] read data from the test file... 
[thread_1] open the test file with 'a+'.
[thread_1] write file ...
[thread_1] close the file ...
[thread_1] the current file size=4097 byte ...
[thread_1] The test file exceeds the specified size, Redirect the file pointer position
[thread_3] open the test file...
[thread_3] Move the pointer to the end of the file...
[thread_3] read data from the test file... 
[thread_3] open the test file...
[thread_3] Move the pointer to the end of the file...
[thread_3] read data from the test file... 
[thread_2] A file name is randomly generated, name=d#Cd1$#hzB1181D .
[thread_2] Use this name to create a file.
[thread_2] create file success !
[thread_2] Write to this file !
[thread_2] write file success !
[thread_2] close this file !
[thread_1] open the test file with 'a+'.
[thread_1] write file ...
[thread_1] close the file ...
[thread_1] the current file size=1025 byte ...
[thread_3] open the test file...
[thread_3] Move the pointer to the end of the file...
[thread_3] read data from the test file... 
[thread_2] delete file ...
[thread_3] open the test file...
[thread_3] Move the pointer to the end of the file...
[thread_3] read data from the test file... 
[thread_3] open the test file...
[thread_3] Move the pointer to the end of the file...
[thread_3] read data from the test file... 
[thread_1] open the test file with 'a+'.
[thread_1] write file ...
[thread_1] close the file ...
[thread_1] the current file size=2049 byte ...
[thread_3] open the test file...
[thread_3] Move the pointer to the end of the file...
[thread_3] read data from the test file... 
[thread_3] open the test file...
[thread_3] Move the pointer to the end of the file...
[thread_3] read data from the test file... 
[thread_2] A file name is randomly generated, name=JR8$c%%#T%%JdI$ .
[thread_2] Use this name to create a file.
[thread_2] create file success !
[thread_2] Write to this file !
[thread_2] write file success !
[thread_2] close this file !
[thread_1] open the test file with 'a+'.
[thread_1] write file ...
[thread_1] close the file ...
[thread_1] the current file size=3073 byte ...
[thread_3] open the test file...
[thread_3] Move the pointer to the end of the file...
[thread_3] read data from the test file... 
[thread_2] delete file ...
[thread_3] open the test file...
[thread_3] Move the pointer to the end of the file...
[thread_3] read data from the test file... 
[thread_3] open the test file...
[thread_3] Move the pointer to the end of the file...
[thread_3] read data from the test file... 
[thread_1] open the test file with 'a+'.
[thread_1] write file ...
[thread_1] close the file ...
[thread_1] the current file size=4097 byte ...
[thread_1] The test file exceeds the specified size, Redirect the file pointer position
[thread_3] open the test file...
[thread_3] Move the pointer to the end of the file...
[thread_3] read data from the test file... 
[thread_3] open the test file...
[thread_3] Move the pointer to the end of the file...
[thread_3] read data from the test file... 
[thread_2] A file name is randomly generated, name=$#i%mgo%HfE6Q76 .
[thread_2] Use this name to create a file.
[thread_2] create file success !
[thread_2] Write to this file !
[thread_2] write file success !
[thread_2] close this file !
[thread_1] open the test file with 'a+'.
[thread_1] write file ...
[thread_1] close the file ...
[thread_1] the current file size=1025 byte ...
[thread_3] open the test file...
[thread_3] Move the pointer to the end of the file...
[thread_3] read data from the test file... 
[thread_2] delete file ...
[thread_3] open the test file...
[thread_3] Move the pointer to the end of the file...
[thread_3] read data from the test file... 
[thread_3] open the test file...
[thread_3] Move the pointer to the end of the file...
[thread_3] read data from the test file... 
[thread_1] open the test file with 'a+'.
[thread_1] write file ...
[thread_1] close the file ...
[thread_1] the current file size=2049 byte ...
[thread_3] open the test file...
[thread_3] Move the pointer to the end of the file...
[thread_3] read data from the test file... 
[thread_3] open the test file...
[thread_3] Move the pointer to the end of the file...
[thread_3] read data from the test file... 
[thread_2] A file name is randomly generated, name=fuLm05E%H%K3Y3A .
[thread_2] Use this name to create a file.
[thread_2] create file success !
[thread_2] Write to this file !
[thread_2] write file success !
[thread_2] close this file !
[thread_1] open the test file with 'a+'.
[thread_1] write file ...
[thread_1] close the file ...
[thread_1] the current file size=3073 byte ...
[thread_3] open the test file...
[thread_3] Move the pointer to the end of the file...
[thread_3] read data from the test file... 
[thread_2] delete file ...
[thread_3] open the test file...
[thread_3] Move the pointer to the end of the file...
[thread_3] read data from the test file... 
[thread_3] open the test file...
[thread_3] Move the pointer to the end of the file...
[thread_3] read data from the test file... 
[thread_1] open the test file with 'a+'.
[thread_1] write file ...
[thread_1] close the file ...
[thread_1] the current file size=4097 byte ...
[thread_1] The test file exceeds the specified size, Redirect the file pointer position
[thread_3] open the test file...
[thread_3] Move the pointer to the end of the file...
[thread_3] read data from the test file... 
[main_process] Exiting the child thread ... ...
[main_process] All threads performed successfully and exited normally
test completed......
TEST PASSED !
nsh> [K
nsh> [K
XTS_ELAPSED_SECONDS=3921.870
XTS_COMMAND=echo $?
--- CMD: echo $? ---
echo $?
0
nsh> [K
nsh> [K
XTS_COMMAND=ls -l /data/s17
--- CMD: ls -l /data/s17 ---
ls -l /data/s17
/data/s17:
 drwxrwxrwx           0 .
 drwxrwxrwx           0 ..
nsh> [K
nsh> [K
XTS_COMMAND=df
--- CMD: df ---
df
  Block    Number
  Size     Blocks       Used   Available Mounted on
  4096        768        179         589 /data
     0          0          0           0 /proc
   512          1          1           0 /tmp
nsh> [K
nsh> [K
XTS_COMMAND=free
--- CMD: free ---
free
      total       used       free    maxused    maxfree  nused  nfree name
   17226456      19256   17207200      78968   16777200     43      4 Umem
nsh> [K
nsh> [K
XTS_COMMAND=ps
--- CMD: ps ---
ps
  PID GROUP PRI POLICY   TYPE    NPX STATE    EVENT     SIGMASK            STACK COMMAND
    0     0   0 FIFO     Kthread   - Ready              0000000000000000 0002016 CPU0 IDLE
    1     0 224 RR       Kthread   - Waiting  Semaphore 0000000000000000 0004016 hpwork 0x2f009540 0x2f009588
    2     0 100 RR       Kthread   - Waiting  Semaphore 0000000000000000 0004016 lpwork 0x2f0094c0 0x2f009508
    4     0 223 RR       Kthread   - Waiting  Semaphore 0000000000000000 0004024 hr_timer
    5     5 100 RR       Task      - Running            0000000000000000 0008128 nsh_main
nsh> [K
nsh> [K
XTS_CASE=5.1.17 PASS duration=1h source_worker_join_fix=disclosed
