+ cmake -S . -B /home/regex/work/esp32s31-openvela/openvela-dev/out/esp32s31-xts-flat-bttool -G Ninja -DBOARD_CONFIG=esp32s31-core-function-board:xts-flat-bttool -DFETCHCONTENT_FULLY_DISCONNECTED=ON
-- Processing includes: /home/regex/work/esp32s31-openvela/openvela-dev/nuttx/boards/risc-v/esp32s31/esp32s31-core-function-board/configs/xts-flat-bttool/defconfig → /home/regex/work/esp32s31-openvela/openvela-dev/out/esp32s31-xts-flat-bttool/.defconfig.processed
-- NuttX Host Tools
-- Configuring done
-- Generating done
-- Build files have been written to: /home/regex/work/esp32s31-openvela/openvela-dev/out/esp32s31-xts-flat-bttool/bin_host
CONFIG_ZEPHYR_REPO_DEFAULT
-- Configuring done
-- Generating done
-- Build files have been written to: /home/regex/work/esp32s31-openvela/openvela-dev/out/esp32s31-xts-flat-bttool
+ cmake --build /home/regex/work/esp32s31-openvela/openvela-dev/out/esp32s31-xts-flat-bttool --target resetconfig
[1/1] cd /home/regex/work/esp32s31-openvela/openvela-dev/nuttx && /usr/bin/cmake -E copy /home/regex/work/esp32s31-openvela/openvela-dev/out/esp32s31-xts-flat-bttool/.defconfig.processed /home/regex/work/esp32s31-openvela/openvela-dev/out/esp32s31-xts-flat-bttool/.config && /usr/bin/cmake -E env KCONFIG_CONFIG=/home/regex/work/esp32s31-openvela/openvela-dev/out/esp32s31-xts-flat-bttool/.config EXTERNALDIR=dummy APPSDIR=/home/regex/work/esp32s31-openvela/openvela-dev/apps DRIVERS_PLATFORM_DIR=dummy APPSBINDIR=/home/regex/work/esp32s31-openvela/openvela-dev/out/esp32s31-xts-flat-bttool/apps BINDIR=/home/regex/work/esp32s31-openvela/openvela-dev/out/esp32s31-xts-flat-bttool olddefconfig && /usr/bin/cmake -E copy /home/regex/work/esp32s31-openvela/openvela-dev/out/esp32s31-xts-flat-bttool/.config /home/regex/work/esp32s31-openvela/openvela-dev/out/esp32s31-xts-flat-bttool/.config.orig && /usr/bin/cmake -E remove -f /home/regex/work/esp32s31-openvela/openvela-dev/out/esp32s31-xts-flat-bttool/include/nuttx/config.h && /usr/bin/cmake -E touch /home/regex/work/esp32s31-openvela/openvela-dev/nuttx/CMakeLists.txt
/home/regex/work/esp32s31-openvela/openvela-dev/out/esp32s31-xts-flat-bttool/.config:107: warning: ESPRESSIF_SPIRAM_USER_HEAP (defined at arch/risc-v/src/esp32s31/Kconfig:160) set more than once. Old value "y", new value "n".
/home/regex/work/esp32s31-openvela/openvela-dev/out/esp32s31-xts-flat-bttool/.config:108: warning: MM_REGIONS (defined at mm/Kconfig:144) set more than once. Old value "2", new value "1".
warning: DRIVERS_BLUETOOTH (defined at drivers/wireless/Kconfig:97) has direct dependencies DRIVERS_WIRELESS with value n, but is currently being y-selected by the following symbols:
 - ESP32S31_BLE (defined at arch/risc-v/src/esp32s31/Kconfig:12), with value y, direct dependencies BUILD_FLAT && !SMP && !ESPRESSIF_WIFI && !ESPRESSIF_SPIRAM_USER_HEAP && RTC_DRIVER && ARCH_CHIP_ESP32S31 && ARCH_CHIP_ESP32S31 && ARCH_RISCV (value: y), and select condition BUILD_FLAT && !SMP && !ESPRESSIF_WIFI && !ESPRESSIF_SPIRAM_USER_HEAP && RTC_DRIVER && ARCH_CHIP_ESP32S31 && ARCH_CHIP_ESP32S31 && ARCH_RISCV (value: y)
Loaded configuration '/home/regex/work/esp32s31-openvela/openvela-dev/out/esp32s31-xts-flat-bttool/.config'
Configuration saved to '/home/regex/work/esp32s31-openvela/openvela-dev/out/esp32s31-xts-flat-bttool/.config'
+ cmake -S . -B /home/regex/work/esp32s31-openvela/openvela-dev/out/esp32s31-xts-flat-bttool -G Ninja -DBOARD_CONFIG=esp32s31-core-function-board:xts-flat-bttool -DFETCHCONTENT_FULLY_DISCONNECTED=ON
-- Processing includes: /home/regex/work/esp32s31-openvela/openvela-dev/nuttx/boards/risc-v/esp32s31/esp32s31-core-function-board/configs/xts-flat-bttool/defconfig → /home/regex/work/esp32s31-openvela/openvela-dev/out/esp32s31-xts-flat-bttool/.defconfig.processed
-- NuttX Host Tools
-- Configuring done
-- Generating done
-- Build files have been written to: /home/regex/work/esp32s31-openvela/openvela-dev/out/esp32s31-xts-flat-bttool/bin_host
CONFIG_ZEPHYR_REPO_DEFAULT
-- Configuring done
-- Generating done
-- Build files have been written to: /home/regex/work/esp32s31-openvela/openvela-dev/out/esp32s31-xts-flat-bttool
+ for task_option in ARCH_CHIP_ESP32S31 ESPRESSIF_ESP32S31 BUILD_FLAT TESTING_MM TESTING_CMOCKA TESTING_DRIVER_TEST BCH ESPRESSIF_SPIRAM_USE_8LINE_MODE
+ rg -q '^CONFIG_ARCH_CHIP_ESP32S31=y$' /home/regex/work/esp32s31-openvela/openvela-dev/out/esp32s31-xts-flat-bttool/.config
+ for task_option in ARCH_CHIP_ESP32S31 ESPRESSIF_ESP32S31 BUILD_FLAT TESTING_MM TESTING_CMOCKA TESTING_DRIVER_TEST BCH ESPRESSIF_SPIRAM_USE_8LINE_MODE
+ rg -q '^CONFIG_ESPRESSIF_ESP32S31=y$' /home/regex/work/esp32s31-openvela/openvela-dev/out/esp32s31-xts-flat-bttool/.config
+ for task_option in ARCH_CHIP_ESP32S31 ESPRESSIF_ESP32S31 BUILD_FLAT TESTING_MM TESTING_CMOCKA TESTING_DRIVER_TEST BCH ESPRESSIF_SPIRAM_USE_8LINE_MODE
+ rg -q '^CONFIG_BUILD_FLAT=y$' /home/regex/work/esp32s31-openvela/openvela-dev/out/esp32s31-xts-flat-bttool/.config
+ for task_option in ARCH_CHIP_ESP32S31 ESPRESSIF_ESP32S31 BUILD_FLAT TESTING_MM TESTING_CMOCKA TESTING_DRIVER_TEST BCH ESPRESSIF_SPIRAM_USE_8LINE_MODE
+ rg -q '^CONFIG_TESTING_MM=y$' /home/regex/work/esp32s31-openvela/openvela-dev/out/esp32s31-xts-flat-bttool/.config
+ for task_option in ARCH_CHIP_ESP32S31 ESPRESSIF_ESP32S31 BUILD_FLAT TESTING_MM TESTING_CMOCKA TESTING_DRIVER_TEST BCH ESPRESSIF_SPIRAM_USE_8LINE_MODE
+ rg -q '^CONFIG_TESTING_CMOCKA=y$' /home/regex/work/esp32s31-openvela/openvela-dev/out/esp32s31-xts-flat-bttool/.config
+ for task_option in ARCH_CHIP_ESP32S31 ESPRESSIF_ESP32S31 BUILD_FLAT TESTING_MM TESTING_CMOCKA TESTING_DRIVER_TEST BCH ESPRESSIF_SPIRAM_USE_8LINE_MODE
+ rg -q '^CONFIG_TESTING_DRIVER_TEST=y$' /home/regex/work/esp32s31-openvela/openvela-dev/out/esp32s31-xts-flat-bttool/.config
+ for task_option in ARCH_CHIP_ESP32S31 ESPRESSIF_ESP32S31 BUILD_FLAT TESTING_MM TESTING_CMOCKA TESTING_DRIVER_TEST BCH ESPRESSIF_SPIRAM_USE_8LINE_MODE
+ rg -q '^CONFIG_BCH=y$' /home/regex/work/esp32s31-openvela/openvela-dev/out/esp32s31-xts-flat-bttool/.config
+ for task_option in ARCH_CHIP_ESP32S31 ESPRESSIF_ESP32S31 BUILD_FLAT TESTING_MM TESTING_CMOCKA TESTING_DRIVER_TEST BCH ESPRESSIF_SPIRAM_USE_8LINE_MODE
+ rg -q '^CONFIG_ESPRESSIF_SPIRAM_USE_8LINE_MODE=y$' /home/regex/work/esp32s31-openvela/openvela-dev/out/esp32s31-xts-flat-bttool/.config
+ rg -q '^CONFIG_BUILD_(KERNEL|PROTECTED)=y$' /home/regex/work/esp32s31-openvela/openvela-dev/out/esp32s31-xts-flat-bttool/.config
+ cmake --build /home/regex/work/esp32s31-openvela/openvela-dev/out/esp32s31-xts-flat-bttool -j8
[1/1757] cd /home/regex/work/esp32s31-openvela/openvela-dev/out/esp32s31-xts-flat-bttool/libs/libc/misc && /usr/bin/cmake -E touch /home/regex/work/esp32s31-openvela/openvela-dev/nuttx/libs/libc/misc/lib_utsname.c
[2/1757] cd /home/regex/work/esp32s31-openvela/openvela-dev/nuttx && /usr/bin/cmake -DKCONFIG_CONFIG=/home/regex/work/esp32s31-openvela/openvela-dev/out/esp32s31-xts-flat-bttool/.defconfig.processed -DNUTTX_DIR=/home/regex/work/esp32s31-openvela/openvela-dev/nuttx -DCMAKE_BINARY_DIR=/home/regex/work/esp32s31-openvela/openvela-dev/out/esp32s31-xts-flat-bttool -P /home/regex/work/esp32s31-openvela/openvela-dev/nuttx/cmake/nuttx_generate_dts.cmake
[3/1757] Building C object CMakeFiles/nuttx.dir/empty.c.o
[4/1757] Building C object arch/CMakeFiles/arch.dir/home/regex/work/esp32s31-openvela/s31-reference/deps/esp-hal-3rdparty/components/esp_hw_support/clk_ctrl_os.c.o
[5/1757] Building C object arch/CMakeFiles/arch.dir/home/regex/work/esp32s31-openvela/s31-reference/deps/esp-hal-3rdparty/components/bootloader_support/src/bootloader_efuse.c.o
[6/1757] Building C object arch/CMakeFiles/arch.dir/risc-v/src/esp32s31/hal_backports/esp_gpio_reserve.c.o
[7/1757] Building C object arch/CMakeFiles/arch.dir/home/regex/work/esp32s31-openvela/s31-reference/deps/esp-hal-3rdparty/components/esp_hal_dma/esp32s31/gdma_periph.c.o
[8/1757] Building C object arch/CMakeFiles/arch.dir/home/regex/work/esp32s31-openvela/s31-reference/deps/esp-hal-3rdparty/components/esp_hw_support/clk_utils.c.o
[9/1757] Building C object arch/CMakeFiles/arch.dir/home/regex/work/esp32s31-openvela/s31-reference/deps/esp-hal-3rdparty/components/esp_hw_support/cpu.c.o
[10/1757] Building C object arch/CMakeFiles/arch.dir/home/regex/work/esp32s31-openvela/s31-reference/deps/esp-hal-3rdparty/components/esp_hal_clock/esp32s31/clk_tree_hal.c.o
[11/1757] Building C object arch/CMakeFiles/arch.dir/home/regex/work/esp32s31-openvela/s31-reference/deps/esp-hal-3rdparty/components/esp_hal_pmu/esp32s31/pmu_hal.c.o
[12/1757] Building C object arch/CMakeFiles/arch.dir/home/regex/work/esp32s31-openvela/s31-reference/deps/esp-hal-3rdparty/components/esp_hal_uart/uart_hal.c.o
[13/1757] Building C object arch/CMakeFiles/arch.dir/home/regex/work/esp32s31-openvela/s31-reference/deps/esp-hal-3rdparty/components/esp_hw_support/esp_clk.c.o
[14/1757] Building C object arch/CMakeFiles/arch.dir/home/regex/work/esp32s31-openvela/s31-reference/deps/esp-hal-3rdparty/components/esp_hal_dma/gdma_hal_crc_gen.c.o
[15/1757] Building C object arch/CMakeFiles/arch.dir/home/regex/work/esp32s31-openvela/s31-reference/deps/esp-hal-3rdparty/components/esp_hal_dma/gdma_hal_ahb_v2.c.o
[16/1757] Building C object arch/CMakeFiles/arch.dir/home/regex/work/esp32s31-openvela/s31-reference/deps/esp-hal-3rdparty/components/esp_hal_dma/gdma_hal_axi.c.o
[17/1757] Building C object arch/CMakeFiles/arch.dir/home/regex/work/esp32s31-openvela/s31-reference/deps/esp-hal-3rdparty/components/efuse/src/efuse_controller/keys/with_key_purposes/esp_efuse_api_key.c.o
[18/1757] Building C object arch/CMakeFiles/arch.dir/home/regex/work/esp32s31-openvela/s31-reference/deps/esp-hal-3rdparty/components/efuse/esp32s31/esp_efuse_table.c.o
[19/1757] Building C object arch/CMakeFiles/arch.dir/home/regex/work/esp32s31-openvela/s31-reference/deps/esp-hal-3rdparty/components/bootloader_support/src/flash_encrypt.c.o
[20/1757] Building C object arch/CMakeFiles/arch.dir/home/regex/work/esp32s31-openvela/s31-reference/deps/esp-hal-3rdparty/components/efuse/src/esp_efuse_utility.c.o
[21/1757] Building C object arch/CMakeFiles/arch.dir/home/regex/work/esp32s31-openvela/s31-reference/deps/esp-hal-3rdparty/components/efuse/esp32s31/esp_efuse_fields.c.o
[22/1757] Building C object arch/CMakeFiles/arch.dir/home/regex/work/esp32s31-openvela/s31-reference/deps/esp-hal-3rdparty/components/efuse/src/esp_efuse_api.c.o
[23/1757] Building C object arch/CMakeFiles/arch.dir/home/regex/work/esp32s31-openvela/s31-reference/deps/esp-hal-3rdparty/components/esp_hal_gpio/esp32s31/sdm_periph.c.o
[24/1757] Building C object arch/CMakeFiles/arch.dir/home/regex/work/esp32s31-openvela/s31-reference/deps/esp-hal-3rdparty/components/esp_hal_gpio/esp32s31/dedic_gpio_periph.c.o
[25/1757] Building C object arch/CMakeFiles/arch.dir/home/regex/work/esp32s31-openvela/s31-reference/deps/esp-hal-3rdparty/components/bootloader_support/src/bootloader_init.c.o
[26/1757] Building C object arch/CMakeFiles/arch.dir/home/regex/work/esp32s31-openvela/s31-reference/deps/esp-hal-3rdparty/components/esp_hal_dma/gdma_hal_top.c.o
[27/1757] Building C object arch/CMakeFiles/arch.dir/home/regex/work/esp32s31-openvela/s31-reference/deps/esp-hal-3rdparty/components/esp_hal_gpio/esp32s31/rtc_io_periph.c.o
[28/1757] Building C object arch/CMakeFiles/arch.dir/home/regex/work/esp32s31-openvela/s31-reference/deps/esp-hal-3rdparty/components/efuse/esp32s31/esp_efuse_utility.c.o
[29/1757] Building C object arch/CMakeFiles/arch.dir/home/regex/work/esp32s31-openvela/s31-reference/deps/esp-hal-3rdparty/components/esp_hal_mspi/spi_flash_encrypt_hal_iram.c.o
[30/1757] Building C object arch/CMakeFiles/arch.dir/home/regex/work/esp32s31-openvela/s31-reference/deps/esp-hal-3rdparty/components/esp_psram/system_layer/esp_psram_mspi.c.o
[31/1757] Building C object arch/CMakeFiles/arch.dir/home/regex/work/esp32s31-openvela/s31-reference/deps/esp-hal-3rdparty/components/esp_hal_gpio/gpio_hal.c.o
[32/1757] Building C object arch/CMakeFiles/arch.dir/home/regex/work/esp32s31-openvela/s31-reference/deps/esp-hal-3rdparty/components/esp_hal_gpio/rtc_io_hal.c.o
[33/1757] Building C object arch/CMakeFiles/arch.dir/home/regex/work/esp32s31-openvela/s31-reference/deps/esp-hal-3rdparty/components/bootloader_support/src/esp_image_format.c.o
[34/1757] Building C object arch/CMakeFiles/arch.dir/home/regex/work/esp32s31-openvela/s31-reference/deps/esp-hal-3rdparty/components/esp_hal_timg/esp32s31/timer_periph.c.o
[35/1757] Building C object arch/CMakeFiles/arch.dir/home/regex/work/esp32s31-openvela/s31-reference/deps/esp-hal-3rdparty/components/esp_hal_uart/esp32s31/uart_periph.c.o
[36/1757] Building C object arch/CMakeFiles/arch.dir/home/regex/work/esp32s31-openvela/s31-reference/deps/esp-hal-3rdparty/components/esp_hal_timg/timer_hal.c.o
[37/1757] Building C object arch/CMakeFiles/arch.dir/home/regex/work/esp32s31-openvela/s31-reference/deps/esp-hal-3rdparty/components/esp_hal_systimer/systimer_hal.c.o
[38/1757] Building C object arch/CMakeFiles/arch.dir/home/regex/work/esp32s31-openvela/s31-reference/deps/esp-hal-3rdparty/components/esp_hal_gpio/sdm_hal.c.o
[39/1757] Building C object arch/CMakeFiles/arch.dir/home/regex/work/esp32s31-openvela/s31-reference/deps/esp-hal-3rdparty/components/esp_hal_uart/uart_hal_iram.c.o
[40/1757] Building C object arch/CMakeFiles/arch.dir/home/regex/work/esp32s31-openvela/s31-reference/deps/esp-hal-3rdparty/components/esp_hal_mspi/spi_flash_hal_gpspi.c.o
[41/1757] Building C object arch/CMakeFiles/arch.dir/home/regex/work/esp32s31-openvela/s31-reference/deps/esp-hal-3rdparty/components/esp_hw_support/esp_memory_utils.c.o
[42/1757] Building C object arch/CMakeFiles/arch.dir/home/regex/work/esp32s31-openvela/s31-reference/deps/esp-hal-3rdparty/components/esp_hal_mspi/spi_flash_hal.c.o
[43/1757] Building C object arch/CMakeFiles/arch.dir/home/regex/work/esp32s31-openvela/s31-reference/deps/esp-hal-3rdparty/components/esp_hal_mspi/spi_flash_hal_iram.c.o
[44/1757] Building C object arch/CMakeFiles/arch.dir/home/regex/work/esp32s31-openvela/s31-reference/deps/esp-hal-3rdparty/components/esp_hw_support/mac_addr.c.o
[45/1757] Building C object arch/CMakeFiles/arch.dir/home/regex/work/esp32s31-openvela/s31-reference/deps/esp-hal-3rdparty/components/esp_hw_support/ldo/esp_ldo_regulator.c.o
[46/1757] Building C object arch/CMakeFiles/arch.dir/home/regex/work/esp32s31-openvela/s31-reference/deps/esp-hal-3rdparty/components/esp_hw_support/port/esp32s31/esp_cpu_intr.c.o
[47/1757] Building C object arch/CMakeFiles/arch.dir/home/regex/work/esp32s31-openvela/s31-reference/deps/esp-hal-3rdparty/components/esp_hal_wdt/wdt_hal_iram.c.o
[48/1757] Building C object arch/CMakeFiles/arch.dir/home/regex/work/esp32s31-openvela/s31-reference/deps/esp-hal-3rdparty/components/esp_hw_support/port/esp32s31/cpu_region_protect.c.o
[49/1757] Building C object arch/CMakeFiles/arch.dir/home/regex/work/esp32s31-openvela/s31-reference/deps/esp-hal-3rdparty/components/esp_hw_support/periph_ctrl.c.o
[50/1757] Building C object arch/CMakeFiles/arch.dir/home/regex/work/esp32s31-openvela/s31-reference/deps/esp-hal-3rdparty/components/esp_hw_support/mspi/mspi_timing_tuning/mspi_timing_tuning.c.o
[51/1757] Building C object arch/CMakeFiles/arch.dir/home/regex/work/esp32s31-openvela/s31-reference/deps/esp-hal-3rdparty/components/esp_hw_support/port/esp32s31/systimer.c.o
[52/1757] Building C object arch/CMakeFiles/arch.dir/home/regex/work/esp32s31-openvela/s31-reference/deps/esp-hal-3rdparty/components/esp_hw_support/port/esp32s31/pmu_param.c.o
[53/1757] Building C object arch/CMakeFiles/arch.dir/home/regex/work/esp32s31-openvela/s31-reference/deps/esp-hal-3rdparty/components/esp_hw_support/intr_alloc.c.o
[54/1757] Building C object arch/CMakeFiles/arch.dir/home/regex/work/esp32s31-openvela/s31-reference/deps/esp-hal-3rdparty/components/esp_hw_support/port/esp32s31/io_mux.c.o
[55/1757] Building C object arch/CMakeFiles/arch.dir/home/regex/work/esp32s31-openvela/s31-reference/deps/esp-hal-3rdparty/components/esp_hw_support/hw_random.c.o
[56/1757] Building C object arch/CMakeFiles/arch.dir/home/regex/work/esp32s31-openvela/s31-reference/deps/esp-hal-3rdparty/components/esp_hw_support/port/esp32s31/pmu_init.c.o
[57/1757] Building C object arch/CMakeFiles/arch.dir/risc-v/src/esp32s31/hal_backports/rtc_clk_init.c.o
[58/1757] Building C object arch/CMakeFiles/arch.dir/home/regex/work/esp32s31-openvela/s31-reference/deps/esp-hal-3rdparty/components/esp_mm/port/esp32s31/ext_mem_layout.c.o
[59/1757] Building C object arch/CMakeFiles/arch.dir/home/regex/work/esp32s31-openvela/s31-reference/deps/esp-hal-3rdparty/components/esp_rom/patches/esp_rom_clic.c.o
[60/1757] Building C object arch/CMakeFiles/arch.dir/home/regex/work/esp32s31-openvela/s31-reference/deps/esp-hal-3rdparty/components/esp_hw_support/regi2c_ctrl.c.o
[61/1757] Building C object arch/CMakeFiles/arch.dir/home/regex/work/esp32s31-openvela/s31-reference/deps/esp-hal-3rdparty/components/esp_hw_support/rtc_module.c.o
[62/1757] Building C object arch/CMakeFiles/arch.dir/home/regex/work/esp32s31-openvela/s31-reference/deps/esp-hal-3rdparty/components/esp_hw_support/port/esp32s31/rtc_clk.c.o
[63/1757] Building C object arch/CMakeFiles/arch.dir/home/regex/work/esp32s31-openvela/s31-reference/deps/esp-hal-3rdparty/components/esp_rom/patches/esp_rom_crc.c.o
[64/1757] Building C object arch/CMakeFiles/arch.dir/home/regex/work/esp32s31-openvela/s31-reference/deps/esp-hal-3rdparty/components/esp_rom/patches/esp_rom_efuse.c.o
[65/1757] Building C object arch/CMakeFiles/arch.dir/home/regex/work/esp32s31-openvela/s31-reference/deps/esp-hal-3rdparty/components/esp_mm/esp_cache_msync.c.o
[66/1757] Building C object arch/CMakeFiles/arch.dir/home/regex/work/esp32s31-openvela/s31-reference/deps/esp-hal-3rdparty/components/esp_rom/patches/esp_rom_gpio.c.o
[67/1757] Building C object arch/CMakeFiles/arch.dir/home/regex/work/esp32s31-openvela/s31-reference/deps/esp-hal-3rdparty/components/esp_mm/esp_cache_utils.c.o
[68/1757] Building C object arch/CMakeFiles/arch.dir/home/regex/work/esp32s31-openvela/s31-reference/deps/esp-hal-3rdparty/components/esp_rom/patches/esp_rom_sys.c.o
[69/1757] Building C object arch/CMakeFiles/arch.dir/home/regex/work/esp32s31-openvela/s31-reference/deps/esp-hal-3rdparty/components/esp_hw_support/port/esp_clk_tree_common.c.o
[70/1757] Building C object arch/CMakeFiles/arch.dir/home/regex/work/esp32s31-openvela/s31-reference/deps/esp-hal-3rdparty/components/esp_rom/patches/esp_rom_spiflash.c.o
[71/1757] Building C object arch/CMakeFiles/arch.dir/home/regex/work/esp32s31-openvela/s31-reference/deps/esp-hal-3rdparty/components/esp_common/src/esp_err_to_name.c.o
[72/1757] Building C object arch/CMakeFiles/arch.dir/home/regex/work/esp32s31-openvela/s31-reference/deps/esp-hal-3rdparty/components/esp_rom/patches/esp_rom_print.c.o
[73/1757] Building C object arch/CMakeFiles/arch.dir/home/regex/work/esp32s31-openvela/s31-reference/deps/esp-hal-3rdparty/components/esp_system/esp_err.c.o
[74/1757] Building C object arch/CMakeFiles/arch.dir/home/regex/work/esp32s31-openvela/s31-reference/deps/esp-hal-3rdparty/components/esp_hw_support/port/esp32s31/esp_clk_tree.c.o
[75/1757] Building C object arch/CMakeFiles/arch.dir/home/regex/work/esp32s31-openvela/s31-reference/deps/esp-hal-3rdparty/components/esp_hw_support/port/esp32s31/rtc_time.c.o
[76/1757] Building C object arch/CMakeFiles/arch.dir/home/regex/work/esp32s31-openvela/s31-reference/deps/esp-hal-3rdparty/components/esp_system/startup.c.o
[77/1757] Building C object arch/CMakeFiles/arch.dir/home/regex/work/esp32s31-openvela/s31-reference/deps/esp-hal-3rdparty/components/esp_system/port/soc/esp32s31/reset_reason.c.o
[78/1757] Building C object arch/CMakeFiles/arch.dir/home/regex/work/esp32s31-openvela/s31-reference/deps/esp-hal-3rdparty/components/esp_system/system_time.c.o
[79/1757] Building C object arch/CMakeFiles/arch.dir/home/regex/work/esp32s31-openvela/s31-reference/deps/esp-hal-3rdparty/components/esp_timer/src/esp_timer_init.c.o
[80/1757] Building C object arch/CMakeFiles/arch.dir/home/regex/work/esp32s31-openvela/s31-reference/deps/esp-hal-3rdparty/components/esp_system/port/soc/esp32s31/clk.c.o
[81/1757] Building C object arch/CMakeFiles/arch.dir/home/regex/work/esp32s31-openvela/s31-reference/deps/esp-hal-3rdparty/components/esp_rom/patches/esp_rom_serial_output.c.o
[82/1757] Building C object arch/CMakeFiles/arch.dir/home/regex/work/esp32s31-openvela/s31-reference/deps/esp-hal-3rdparty/components/esp_system/startup_funcs.c.o
[83/1757] Building C object arch/CMakeFiles/arch.dir/home/regex/work/esp32s31-openvela/s31-reference/deps/esp-hal-3rdparty/components/hal/esp32s31/efuse_hal.c.o
[84/1757] Building C object arch/CMakeFiles/arch.dir/home/regex/work/esp32s31-openvela/s31-reference/deps/esp-hal-3rdparty/components/hal/efuse_hal.c.o
[85/1757] Building C object arch/CMakeFiles/arch.dir/home/regex/work/esp32s31-openvela/s31-reference/deps/esp-hal-3rdparty/components/esp_mm/esp_mmu_map.c.o
[86/1757] Building C object arch/CMakeFiles/arch.dir/home/regex/work/esp32s31-openvela/s31-reference/deps/esp-hal-3rdparty/components/esp_timer/src/esp_timer_impl_common.c.o
[87/1757] Building C object arch/CMakeFiles/arch.dir/home/regex/work/esp32s31-openvela/s31-reference/deps/esp-hal-3rdparty/components/esp_timer/src/esp_timer_impl_systimer.c.o
[88/1757] Building C object arch/CMakeFiles/arch.dir/home/regex/work/esp32s31-openvela/s31-reference/deps/esp-hal-3rdparty/components/esp_timer/src/esp_timer.c.o
[89/1757] Building C object arch/CMakeFiles/arch.dir/home/regex/work/esp32s31-openvela/s31-reference/deps/esp-hal-3rdparty/components/hal/hal_utils.c.o
[90/1757] Building C object arch/CMakeFiles/arch.dir/home/regex/work/esp32s31-openvela/s31-reference/deps/esp-hal-3rdparty/components/log/src/noos/log_lock.c.o
[91/1757] Building C object arch/CMakeFiles/arch.dir/home/regex/work/esp32s31-openvela/s31-reference/deps/esp-hal-3rdparty/components/esp_timer/src/system_time.c.o
[92/1757] Building C object arch/CMakeFiles/arch.dir/home/regex/work/esp32s31-openvela/s31-reference/deps/esp-hal-3rdparty/components/log/src/log_level/tag_log_level/tag_log_level.c.o
[93/1757] Building C object arch/CMakeFiles/arch.dir/home/regex/work/esp32s31-openvela/s31-reference/deps/esp-hal-3rdparty/components/log/src/log_level/tag_log_level/linked_list/log_linked_list.c.o
[94/1757] Building C object arch/CMakeFiles/arch.dir/home/regex/work/esp32s31-openvela/s31-reference/deps/esp-hal-3rdparty/components/hal/cache_hal.c.o
[95/1757] Building C object arch/CMakeFiles/arch.dir/home/regex/work/esp32s31-openvela/s31-reference/deps/esp-hal-3rdparty/components/log/src/log.c.o
[96/1757] Building C object arch/CMakeFiles/arch.dir/home/regex/work/esp32s31-openvela/s31-reference/deps/esp-hal-3rdparty/components/log/src/noos/log_timestamp.c.o
[97/1757] Building C object arch/CMakeFiles/arch.dir/home/regex/work/esp32s31-openvela/s31-reference/deps/esp-hal-3rdparty/components/riscv/instruction_decode.c.o
[98/1757] Building C object arch/CMakeFiles/arch.dir/home/regex/work/esp32s31-openvela/s31-reference/deps/esp-hal-3rdparty/components/esp_system/port/soc/esp32s31/system_internal.c.o
[99/1757] Building C object arch/CMakeFiles/arch.dir/home/regex/work/esp32s31-openvela/s31-reference/deps/esp-hal-3rdparty/components/riscv/rv_utils.c.o
[100/1757] Building C object arch/CMakeFiles/arch.dir/home/regex/work/esp32s31-openvela/s31-reference/deps/esp-hal-3rdparty/components/riscv/interrupt.c.o
[101/1757] Building C object arch/CMakeFiles/arch.dir/home/regex/work/esp32s31-openvela/s31-reference/deps/esp-hal-3rdparty/components/soc/esp32s31/gpio_periph.c.o
[102/1757] Building C object arch/CMakeFiles/arch.dir/home/regex/work/esp32s31-openvela/s31-reference/deps/esp-hal-3rdparty/components/riscv/interrupt_clic.c.o
[103/1757] Building C object arch/CMakeFiles/arch.dir/home/regex/work/esp32s31-openvela/s31-reference/deps/esp-hal-3rdparty/components/log/src/os/log_write.c.o
[104/1757] Building C object arch/CMakeFiles/arch.dir/home/regex/work/esp32s31-openvela/s31-reference/deps/esp-hal-3rdparty/components/log/src/log_level/log_level.c.o
[105/1757] Building C object arch/CMakeFiles/arch.dir/home/regex/work/esp32s31-openvela/s31-reference/deps/esp-hal-3rdparty/components/hal/mmu_hal.c.o
[106/1757] Building C object arch/CMakeFiles/arch.dir/home/regex/work/esp32s31-openvela/s31-reference/deps/esp-hal-3rdparty/components/soc/esp32s31/interrupts.c.o
[107/1757] Building C object arch/CMakeFiles/arch.dir/home/regex/work/esp32s31-openvela/s31-reference/deps/esp-hal-3rdparty/components/soc/lldesc.c.o
[108/1757] Building C object arch/CMakeFiles/arch.dir/home/regex/work/esp32s31-openvela/s31-reference/deps/esp-hal-3rdparty/components/spi_flash/spi_flash_chip_drivers.c.o
[109/1757] Building C object arch/CMakeFiles/arch.dir/home/regex/work/esp32s31-openvela/s31-reference/deps/esp-hal-3rdparty/components/spi_flash/spi_flash_chip_gd.c.o
[110/1757] Building C object arch/CMakeFiles/arch.dir/home/regex/work/esp32s31-openvela/s31-reference/deps/esp-hal-3rdparty/components/spi_flash/spi_flash_chip_winbond.c.o
[111/1757] Building C object arch/CMakeFiles/arch.dir/home/regex/work/esp32s31-openvela/s31-reference/deps/esp-hal-3rdparty/components/spi_flash/flash_brownout_hook.c.o
[112/1757] Building C object arch/CMakeFiles/arch.dir/home/regex/work/esp32s31-openvela/s31-reference/deps/esp-hal-3rdparty/components/spi_flash/spi_flash_hpm_enable.c.o
[113/1757] Building C object arch/CMakeFiles/arch.dir/home/regex/work/esp32s31-openvela/s31-reference/deps/esp-hal-3rdparty/components/spi_flash/flash_ops.c.o
[114/1757] Building C object arch/CMakeFiles/arch.dir/home/regex/work/esp32s31-openvela/s31-reference/deps/esp-hal-3rdparty/components/log/src/os/util.c.o
[115/1757] Building C object arch/CMakeFiles/arch.dir/home/regex/work/esp32s31-openvela/s31-reference/deps/esp-hal-3rdparty/components/spi_flash/spi_flash_chip_generic.c.o
[116/1757] Building C object arch/CMakeFiles/arch.dir/home/regex/work/esp32s31-openvela/s31-reference/deps/esp-hal-3rdparty/components/spi_flash/flash_mmap.c.o
[117/1757] Building C object arch/CMakeFiles/arch.dir/home/regex/work/esp32s31-openvela/s31-reference/deps/esp-hal-3rdparty/components/spi_flash/cache_utils.c.o
[118/1757] Building C object arch/CMakeFiles/arch.dir/home/regex/work/esp32s31-openvela/s31-reference/deps/esp-hal-3rdparty/components/upper_hal_dma/src/esp_dma_utils.c.o
[119/1757] Building C object arch/CMakeFiles/arch.dir/home/regex/work/esp32s31-openvela/s31-reference/deps/esp-hal-3rdparty/components/spi_flash/esp_flash_spi_init.c.o
/home/regex/work/esp32s31-openvela/s31-reference/deps/esp-hal-3rdparty/components/spi_flash/esp_flash_spi_init.c: In function 'acquire_spi_device':
/home/regex/work/esp32s31-openvela/s31-reference/deps/esp-hal-3rdparty/components/spi_flash/esp_flash_spi_init.c:234:35: warning: declaration of 'config' shadows a parameter [-Wshadow]
  234 |         spi_bus_lock_dev_config_t config = {.flags = SPI_BUS_LOCK_DEV_FLAG_CS_REQUIRED};
      |                                   ^~~~~~
/home/regex/work/esp32s31-openvela/s31-reference/deps/esp-hal-3rdparty/components/spi_flash/esp_flash_spi_init.c:226:74: note: shadowed declaration is here
  226 | static esp_err_t acquire_spi_device(const esp_flash_spi_device_config_t *config, int* out_dev_id, spi_bus_lock_dev_handle_t* out_dev_handle)
      |                                     ~~~~~~~~~~~~~~~~~~~~~~~~~~~~~~~~~~~~~^~~~~~
[120/1757] Building C object arch/CMakeFiles/arch.dir/home/regex/work/esp32s31-openvela/s31-reference/deps/esp-hal-3rdparty/components/spi_flash/spi_flash_os_func_app.c.o
[121/1757] Building C object arch/CMakeFiles/arch.dir/home/regex/work/esp32s31-openvela/s31-reference/deps/esp-hal-3rdparty/components/spi_flash/esp_flash_api.c.o
/home/regex/work/esp32s31-openvela/s31-reference/deps/esp-hal-3rdparty/components/spi_flash/esp_flash_api.c: In function 'esp_flash_write':
/home/regex/work/esp32s31-openvela/s31-reference/deps/esp-hal-3rdparty/components/spi_flash/esp_flash_api.c:57:23: warning: declaration of 'ret' shadows a previous local [-Wshadow]
   57 |             esp_err_t ret = CHIP->os_func->region_protected(CHIP->os_func_data, ADDR, SIZE); \
      |                       ^~~
/home/regex/work/esp32s31-openvela/s31-reference/deps/esp-hal-3rdparty/components/spi_flash/esp_flash_api.c:1121:5: note: in expansion of macro 'CHECK_WRITE_ADDRESS'
 1121 |     CHECK_WRITE_ADDRESS(chip, address, length);
      |     ^~~~~~~~~~~~~~~~~~~
/home/regex/work/esp32s31-openvela/s31-reference/deps/esp-hal-3rdparty/components/spi_flash/esp_flash_api.c:1113:15: note: shadowed declaration is here
 1113 |     esp_err_t ret = ESP_FAIL;
      |               ^~~
/home/regex/work/esp32s31-openvela/s31-reference/deps/esp-hal-3rdparty/components/spi_flash/esp_flash_api.c: In function 'esp_flash_write_encrypted':
/home/regex/work/esp32s31-openvela/s31-reference/deps/esp-hal-3rdparty/components/spi_flash/esp_flash_api.c:57:23: warning: declaration of 'ret' shadows a previous local [-Wshadow]
   57 |             esp_err_t ret = CHIP->os_func->region_protected(CHIP->os_func_data, ADDR, SIZE); \
      |                       ^~~
/home/regex/work/esp32s31-openvela/s31-reference/deps/esp-hal-3rdparty/components/spi_flash/esp_flash_api.c:1362:5: note: in expansion of macro 'CHECK_WRITE_ADDRESS'
 1362 |     CHECK_WRITE_ADDRESS(chip, address, length);
      |     ^~~~~~~~~~~~~~~~~~~
/home/regex/work/esp32s31-openvela/s31-reference/deps/esp-hal-3rdparty/components/spi_flash/esp_flash_api.c:1350:15: note: shadowed declaration is here
 1350 |     esp_err_t ret = ESP_FAIL;
      |               ^~~
[122/1757] Building C object arch/CMakeFiles/arch.dir/home/regex/work/esp32s31-openvela/s31-reference/deps/esp-hal-3rdparty/components/upper_hal_dma/src/gdma_link.c.o
[123/1757] Building C object arch/CMakeFiles/arch.dir/risc-v/src/esp32s31/esp32s31_pm_stubs.c.o
[124/1757] Building C object arch/CMakeFiles/arch.dir/home/regex/work/esp32s31-openvela/s31-reference/deps/esp-hal-3rdparty/components/upper_hal_uart/src/uart_wakeup.c.o
[125/1757] Building C object arch/CMakeFiles/arch.dir/home/regex/work/esp32s31-openvela/s31-reference/deps/esp-hal-3rdparty/components/spi_flash/memspi_host_driver.c.o
[126/1757] Building C object arch/CMakeFiles/arch.dir/home/regex/work/esp32s31-openvela/s31-reference/deps/esp-hal-3rdparty/nuttx/src/heap_caps.c.o
[127/1757] Building C object arch/CMakeFiles/arch.dir/home/regex/work/esp32s31-openvela/s31-reference/deps/esp-hal-3rdparty/components/upper_hal_gpio/src/rtc_io.c.o
[128/1757] Building C object arch/CMakeFiles/arch.dir/home/regex/work/esp32s31-openvela/s31-reference/deps/esp-hal-3rdparty/components/esp_hal_regi2c/esp32s31/regi2c_impl.c.o
[129/1757] Building C object arch/CMakeFiles/arch.dir/risc-v/src/esp32s31/hal_backports/esp_sleep_pd_config_stub.c.o
[130/1757] Building C object arch/CMakeFiles/arch.dir/home/regex/work/esp32s31-openvela/s31-reference/deps/esp-hal-3rdparty/components/upper_hal_dma/src/gdma.c.o
[131/1757] Building C object arch/CMakeFiles/arch.dir/risc-v/src/esp32s31/esp32s31_os_adapter.c.o
[132/1757] Building C object arch/CMakeFiles/arch.dir/home/regex/work/esp32s31-openvela/s31-reference/deps/esp-hal-3rdparty/components/spi_flash/spi_flash_os_func_noos.c.o
[133/1757] Building C object arch/CMakeFiles/arch.dir/home/regex/work/esp32s31-openvela/s31-reference/deps/esp-hal-3rdparty/components/hal/esp32s31/modem_clock_hal.c.o
[134/1757] Building C object arch/CMakeFiles/arch.dir/home/regex/work/esp32s31-openvela/s31-reference/deps/esp-hal-3rdparty/components/bootloader_support/src/bootloader_mem.c.o
[135/1757] Building C object arch/CMakeFiles/arch.dir/home/regex/work/esp32s31-openvela/s31-reference/deps/esp-hal-3rdparty/nuttx/src/components/newlib/newlib/libc/misc/init.c.o
[136/1757] Building C object arch/CMakeFiles/arch.dir/risc-v/src/esp32s31/hal_backports/bootloader_random_esp32s31.c.o
[137/1757] Building C object arch/CMakeFiles/arch.dir/home/regex/work/esp32s31-openvela/s31-reference/deps/esp-hal-3rdparty/components/bootloader_support/src/bootloader_random.c.o
[138/1757] Building C object arch/CMakeFiles/arch.dir/home/regex/work/esp32s31-openvela/s31-reference/deps/esp-hal-3rdparty/components/bootloader_support/src/bootloader_reset_common.c.o
[139/1757] Building C object arch/CMakeFiles/arch.dir/home/regex/work/esp32s31-openvela/s31-reference/deps/esp-hal-3rdparty/components/upper_hal_gpio/src/gpio.c.o
/home/regex/work/esp32s31-openvela/s31-reference/deps/esp-hal-3rdparty/components/upper_hal_gpio/src/gpio.c: In function 'gpio_dump_io_configuration':
/home/regex/work/esp32s31-openvela/s31-reference/deps/esp-hal-3rdparty/components/upper_hal_gpio/src/gpio.c:1105:29: warning: format '%lu' expects argument of type 'long unsigned int', but argument 3 has type 'int' [-Wformat=]
 1105 |         fprintf(out_stream, "  FuncSel: %"PRIu32" (%s)\n", io_config.fun_sel, (io_config.fun_sel == PIN_FUNC_GPIO) ? "GPIO" : "IOMUX");
      |                             ^~~~~~~~~~~~~~                 ~~~~~~~~~~~~~~~~~
      |                                                                     |
      |                                                                     int
In file included from /home/regex/work/esp32s31-openvela/openvela-dev/nuttx/include/stdint.h:37,
                 from /home/regex/work/esp32s31-openvela/openvela-dev/nuttx/include/sys/types.h:34,
                 from /home/regex/work/esp32s31-openvela/openvela-dev/nuttx/arch/risc-v/src/esp32s31/include/esp32s31/rom/ets_sys.h:15,
                 from <command-line>:
/home/regex/work/esp32s31-openvela/openvela-dev/nuttx/include/arch/inttypes.h:79:35: note: format string is defined here
   79 | #define PRIu32      _PRI32PREFIX "u"
/home/regex/work/esp32s31-openvela/s31-reference/deps/esp-hal-3rdparty/components/upper_hal_gpio/src/gpio.c:1107:33: warning: format '%lu' expects argument of type 'long unsigned int', but argument 3 has type 'int' [-Wformat=]
 1107 |             fprintf(out_stream, "  GPIO Matrix SigOut ID: %"PRIu32"%s\n", io_config.sig_out, (io_config.sig_out == SIG_GPIO_OUT_IDX) ? " (simple GPIO output)" : "");
      |                                 ^~~~~~~~~~~~~~~~~~~~~~~~~~~~              ~~~~~~~~~~~~~~~~~
      |                                                                                    |
      |                                                                                    int
/home/regex/work/esp32s31-openvela/openvela-dev/nuttx/include/arch/inttypes.h:79:35: note: format string is defined here
   79 | #define PRIu32      _PRI32PREFIX "u"
[140/1757] Building C object arch/CMakeFiles/arch.dir/home/regex/work/esp32s31-openvela/s31-reference/deps/esp-hal-3rdparty/components/esp_hw_support/modem/modem_clock.c.o
[141/1757] Building C object arch/CMakeFiles/arch.dir/home/regex/work/esp32s31-openvela/s31-reference/deps/esp-hal-3rdparty/components/bootloader_support/bootloader_flash/src/flash_qio_mode.c.o
[142/1757] Building C object arch/CMakeFiles/arch.dir/home/regex/work/esp32s31-openvela/s31-reference/deps/esp-hal-3rdparty/components/bootloader_support/bootloader_flash/src/bootloader_flash_config_esp32s31.c.o
[143/1757] Building C object arch/CMakeFiles/arch.dir/home/regex/work/esp32s31-openvela/s31-reference/deps/esp-hal-3rdparty/nuttx/src/bootloader_banner_wrap.c.o
[144/1757] Building C object arch/CMakeFiles/arch.dir/home/regex/work/esp32s31-openvela/s31-reference/deps/esp-hal-3rdparty/components/bootloader_support/src/bootloader_clock_loader.c.o
[145/1757] Building C object arch/CMakeFiles/arch.dir/home/regex/work/esp32s31-openvela/s31-reference/deps/esp-hal-3rdparty/components/bootloader_support/src/bootloader_sha.c.o
[146/1757] Building C object arch/CMakeFiles/arch.dir/home/regex/work/esp32s31-openvela/s31-reference/deps/esp-hal-3rdparty/components/bootloader_support/src/bootloader_clock_init.c.o
[147/1757] Building C object arch/CMakeFiles/arch.dir/home/regex/work/esp32s31-openvela/s31-reference/deps/esp-hal-3rdparty/components/bootloader_support/src/bootloader_console_loader.c.o
[148/1757] Building C object arch/CMakeFiles/arch.dir/home/regex/work/esp32s31-openvela/s31-reference/deps/esp-hal-3rdparty/components/bootloader_support/src/esp32s31/bootloader_soc.c.o
[149/1757] Building C object arch/CMakeFiles/arch.dir/home/regex/work/esp32s31-openvela/s31-reference/deps/esp-hal-3rdparty/components/efuse/src/esp_efuse_fields.c.o
[150/1757] Building C object arch/CMakeFiles/arch.dir/home/regex/work/esp32s31-openvela/s31-reference/deps/esp-hal-3rdparty/components/bootloader_support/bootloader_flash/src/bootloader_flash.c.o
[151/1757] Building C object arch/CMakeFiles/arch.dir/home/regex/work/esp32s31-openvela/s31-reference/deps/esp-hal-3rdparty/components/esp_hw_support/mspi/mspi_timing_tuning/port/esp32s31/mspi_timing_config.c.o
[152/1757] Building C object arch/CMakeFiles/arch.dir/home/regex/work/esp32s31-openvela/s31-reference/deps/esp-hal-3rdparty/components/bootloader_support/src/bootloader_common_loader.c.o
[153/1757] Building C object arch/CMakeFiles/arch.dir/home/regex/work/esp32s31-openvela/s31-reference/deps/esp-hal-3rdparty/components/bootloader_support/src/bootloader_console.c.o
[154/1757] Building ASM object arch/CMakeFiles/arch.dir/risc-v/src/common/espressif/esp_head.S.o
[155/1757] Building ASM object arch/CMakeFiles/arch.dir/risc-v/src/common/espressif/esp_vectors.S.o
[156/1757] Building C object arch/CMakeFiles/arch.dir/home/regex/work/esp32s31-openvela/s31-reference/deps/esp-hal-3rdparty/components/bootloader_support/src/esp32s31/bootloader_esp32s31.c.o
[157/1757] Building C object arch/CMakeFiles/arch.dir/home/regex/work/esp32s31-openvela/s31-reference/deps/esp-hal-3rdparty/components/esp_hw_support/mspi/mspi_timing_tuning/tuning_scheme_impl/mspi_timing_by_dqs.c.o
[158/1757] Building C object arch/CMakeFiles/arch.dir/home/regex/work/esp32s31-openvela/s31-reference/deps/esp-hal-3rdparty/components/bootloader_support/src/bootloader_common.c.o
[159/1757] Building C object arch/CMakeFiles/arch.dir/home/regex/work/esp32s31-openvela/s31-reference/deps/esp-hal-3rdparty/components/esp_hw_support/modem/port/esp32s31/modem_clock_impl.c.o
[160/1757] Building C object arch/CMakeFiles/arch.dir/risc-v/src/common/espressif/esp_idle.c.o
[161/1757] Building C object arch/CMakeFiles/arch.dir/risc-v/src/common/espressif/esp_allocateheap.c.o
[162/1757] Building C object arch/CMakeFiles/arch.dir/home/regex/work/esp32s31-openvela/s31-reference/deps/esp-hal-3rdparty/components/esp_psram/system_layer/esp_psram.c.o
[163/1757] Building C object arch/CMakeFiles/arch.dir/home/regex/work/esp32s31-openvela/s31-reference/deps/esp-hal-3rdparty/components/esp_hal_mspi/esp32s31/mspi_periph.c.o
[164/1757] Building C object arch/CMakeFiles/arch.dir/risc-v/src/esp32s31/esp_chip_rev.c.o
[165/1757] Building C object arch/CMakeFiles/arch.dir/risc-v/src/common/espressif/esp_ets_timer_legacy.c.o
[166/1757] Building C object arch/CMakeFiles/arch.dir/risc-v/src/common/espressif/esp_rtc.c.o
[167/1757] Building C object arch/CMakeFiles/arch.dir/risc-v/src/common/espressif/esp_hr_timer.c.o
[168/1757] Building C object arch/CMakeFiles/arch.dir/risc-v/src/common/espressif/esp_gpio.c.o
[169/1757] Building C object arch/CMakeFiles/arch.dir/risc-v/src/esp32s31/esp32s31_ble.c.o
[170/1757] Building C object arch/CMakeFiles/arch.dir/risc-v/src/esp32s31/esp32s31_ble_controller.c.o
[171/1757] Building C object arch/CMakeFiles/arch.dir/risc-v/src/common/espressif/esp_rtc_gpio.c.o
[172/1757] Building C object arch/CMakeFiles/arch.dir/risc-v/src/common/espressif/esp_start.c.o
[173/1757] Building C object arch/CMakeFiles/arch.dir/risc-v/src/common/espressif/esp_irq.c.o
[174/1757] Building C object arch/CMakeFiles/arch.dir/risc-v/src/common/espressif/esp_systemreset.c.o
[175/1757] Building C object arch/CMakeFiles/arch.dir/home/regex/work/esp32s31-openvela/s31-reference/deps/esp-hal-3rdparty/components/bt/porting_btdm/controller/btdm_common/src/btdm_coex.c.o
[176/1757] Building C object arch/CMakeFiles/arch.dir/risc-v/src/common/espressif/esp_timerisr.c.o
[177/1757] Building C object arch/CMakeFiles/arch.dir/risc-v/src/common/espressif/esp_lowputc.c.o
[178/1757] Building C object arch/CMakeFiles/arch.dir/home/regex/work/esp32s31-openvela/s31-reference/deps/esp-hal-3rdparty/components/bt/porting_btdm/controller/btdm_common/src/btdm_external.c.o
[179/1757] Building C object arch/CMakeFiles/arch.dir/risc-v/src/common/espressif/esp_serial.c.o
[180/1757] Building C object arch/CMakeFiles/arch.dir/home/regex/work/esp32s31-openvela/s31-reference/deps/esp-hal-3rdparty/components/bt/porting_btdm/controller/btdm_common/src/btdm_log.c.o
[181/1757] Building C object arch/CMakeFiles/arch.dir/risc-v/src/common/espressif/esp_libc_stubs.c.o
[182/1757] Building C object arch/CMakeFiles/arch.dir/home/regex/work/esp32s31-openvela/s31-reference/deps/esp-hal-3rdparty/components/bt/porting_btdm/controller/ble/src/ble_msys.c.o
[183/1757] Building C object arch/CMakeFiles/arch.dir/home/regex/work/esp32s31-openvela/s31-reference/deps/esp-hal-3rdparty/components/esp_psram/device/esp_psram_impl_ap_hex.c.o
[184/1757] Building C object arch/CMakeFiles/arch.dir/risc-v/src/esp32s31/esp32s31_ble_osal.c.o
[185/1757] Building C object arch/CMakeFiles/arch.dir/risc-v/src/common/espressif/esp_random.c.o
[186/1757] Building C object arch/CMakeFiles/arch.dir/home/regex/work/esp32s31-openvela/s31-reference/deps/esp-hal-3rdparty/components/bt/common/tinycrypt/src/aes_encrypt.c.o
[187/1757] Building C object arch/CMakeFiles/arch.dir/home/regex/work/esp32s31-openvela/s31-reference/deps/esp-hal-3rdparty/components/bt/common/tinycrypt/src/utils.c.o
[188/1757] Building C object arch/CMakeFiles/arch.dir/home/regex/work/esp32s31-openvela/s31-reference/deps/esp-hal-3rdparty/components/bt/common/tinycrypt/src/cmac_mode.c.o
[189/1757] Building C object arch/CMakeFiles/arch.dir/home/regex/work/esp32s31-openvela/s31-reference/deps/esp-hal-3rdparty/components/bt/common/tinycrypt/src/ecc_dh.c.o
[190/1757] Building C object arch/CMakeFiles/arch.dir/home/regex/work/esp32s31-openvela/s31-reference/deps/esp-hal-3rdparty/components/bt/porting_btdm/controller/btdm_common/src/btdm_lp.c.o
[191/1757] Building C object arch/CMakeFiles/arch.dir/home/regex/work/esp32s31-openvela/s31-reference/deps/esp-hal-3rdparty/components/bt/porting_btdm/transport/src/hci_transport.c.o
[192/1757] Building C object arch/CMakeFiles/arch.dir/home/regex/work/esp32s31-openvela/s31-reference/deps/esp-hal-3rdparty/components/bt/common/tinycrypt/port/esp_tinycrypt_port.c.o
[193/1757] Building C object arch/CMakeFiles/arch.dir/home/regex/work/esp32s31-openvela/s31-reference/deps/esp-hal-3rdparty/components/esp_security/src/esp_crypto_periph_clk.c.o
[194/1757] Building C object arch/CMakeFiles/arch.dir/home/regex/work/esp32s31-openvela/s31-reference/deps/esp-hal-3rdparty/components/esp_hal_security/ecc_hal.c.o
[195/1757] Building C object arch/CMakeFiles/arch.dir/home/regex/work/esp32s31-openvela/s31-reference/deps/esp-hal-3rdparty/components/bt/controller/esp32s31/bt.c.o
[196/1757] Building C object arch/CMakeFiles/arch.dir/home/regex/work/esp32s31-openvela/s31-reference/deps/esp-hal-3rdparty/components/esp_security/src/esp32s31/esp_crypto_clk.c.o
[197/1757] Building C object arch/CMakeFiles/arch.dir/risc-v/src/esp32s31/esp32s31_btbb.c.o
[198/1757] Building C object arch/CMakeFiles/arch.dir/home/regex/work/esp32s31-openvela/s31-reference/deps/esp-hal-3rdparty/components/esp_phy/src/lib_printf.c.o
[199/1757] Building C object arch/CMakeFiles/arch.dir/home/regex/work/esp32s31-openvela/s31-reference/deps/esp-hal-3rdparty/components/esp_phy/esp32s31/phy_init_data.c.o
[200/1757] Building C object arch/CMakeFiles/arch.dir/home/regex/work/esp32s31-openvela/s31-reference/deps/esp-hal-3rdparty/components/bt/porting_btdm/transport/driver/vhci/hci_driver_standard.c.o
[201/1757] Building C object arch/CMakeFiles/arch.dir/home/regex/work/esp32s31-openvela/s31-reference/deps/esp-hal-3rdparty/components/bt/common/tinycrypt/src/ecc.c.o
/home/regex/work/esp32s31-openvela/s31-reference/deps/esp-hal-3rdparty/components/bt/common/tinycrypt/src/ecc.c: In function 'EccPoint_mult':
/home/regex/work/esp32s31-openvela/s31-reference/deps/esp-hal-3rdparty/components/bt/common/tinycrypt/src/ecc.c:826:21: warning: declaration of 'num_words' shadows a previous local [-Wshadow]
  826 |         wordcount_t num_words = curve->num_words;
      |                     ^~~~~~~~~
/home/regex/work/esp32s31-openvela/s31-reference/deps/esp-hal-3rdparty/components/bt/common/tinycrypt/src/ecc.c:799:21: note: shadowed declaration is here
  799 |         wordcount_t num_words = curve->num_words;
      |                     ^~~~~~~~~
[202/1757] Building C object arch/CMakeFiles/arch.dir/home/regex/work/esp32s31-openvela/s31-reference/deps/esp-hal-3rdparty/components/esp_security/src/esp_crypto_lock.c.o
[203/1757] Building C object arch/CMakeFiles/arch.dir/home/regex/work/esp32s31-openvela/s31-reference/deps/esp-hal-3rdparty/components/esp_hw_support/sar_periph_ctrl_common.c.o
[204/1757] Building C object arch/CMakeFiles/arch.dir/home/regex/work/esp32s31-openvela/s31-reference/deps/esp-hal-3rdparty/components/esp_phy/src/phy_override.c.o
[205/1757] Building ASM object arch/CMakeFiles/arch.dir/risc-v/src/common/riscv_exception_common.S.o
[206/1757] Building C object arch/CMakeFiles/arch.dir/home/regex/work/esp32s31-openvela/s31-reference/deps/esp-hal-3rdparty/components/esp_hw_support/sar_tsens_ctrl.c.o
[207/1757] Building ASM object arch/CMakeFiles/arch.dir/risc-v/src/common/riscv_mhartid.S.o
[208/1757] Building C object arch/CMakeFiles/arch.dir/home/regex/work/esp32s31-openvela/s31-reference/deps/esp-hal-3rdparty/components/esp_phy/src/phy_common.c.o
[209/1757] Building ASM object arch/CMakeFiles/arch.dir/risc-v/src/common/riscv_saveusercontext.S.o
[210/1757] Building C object arch/CMakeFiles/arch.dir/home/regex/work/esp32s31-openvela/s31-reference/deps/esp-hal-3rdparty/components/esp_hal_ana_conv/temperature_sensor_hal.c.o
[211/1757] Building C object arch/CMakeFiles/arch.dir/risc-v/src/esp32s31/esp32s31_phy_timer.c.o
[212/1757] Building C object arch/CMakeFiles/arch.dir/home/regex/work/esp32s31-openvela/s31-reference/deps/esp-hal-3rdparty/components/esp_hw_support/port/esp32s31/sar_periph_ctrl.c.o
[213/1757] Building C object arch/CMakeFiles/arch.dir/risc-v/src/esp32s31/esp32s31_rtc_periodic.c.o
[214/1757] Building C object arch/CMakeFiles/arch.dir/risc-v/src/common/riscv_allocateheap.c.o
[215/1757] Building C object arch/CMakeFiles/arch.dir/risc-v/src/common/riscv_cpuinfo.c.o
[216/1757] Building C object arch/CMakeFiles/arch.dir/risc-v/src/common/riscv_createstack.c.o
[217/1757] Building C object arch/CMakeFiles/arch.dir/risc-v/src/common/riscv_doirq.c.o
[218/1757] Building C object arch/CMakeFiles/arch.dir/home/regex/work/esp32s31-openvela/s31-reference/deps/esp-hal-3rdparty/components/esp_hal_ana_conv/esp32s31/temperature_sensor_periph.c.o
[219/1757] Building C object arch/CMakeFiles/arch.dir/risc-v/src/common/riscv_exception.c.o
[220/1757] Building C object arch/CMakeFiles/arch.dir/risc-v/src/common/riscv_getintstack.c.o
[221/1757] Building C object arch/CMakeFiles/arch.dir/risc-v/src/common/riscv_exit.c.o
[222/1757] Building C object arch/CMakeFiles/arch.dir/risc-v/src/common/riscv_getnewintctx.c.o
[223/1757] Building C object arch/CMakeFiles/arch.dir/home/regex/work/esp32s31-openvela/s31-reference/deps/esp-hal-3rdparty/components/esp_phy/src/phy_init.c.o
/home/regex/work/esp32s31-openvela/s31-reference/deps/esp-hal-3rdparty/components/esp_phy/src/phy_init.c: In function 'esp_phy_enable':
/home/regex/work/esp32s31-openvela/s31-reference/deps/esp-hal-3rdparty/components/esp_phy/src/phy_init.c:406:50: warning: extra tokens at end of '#endif' directive [-Wendif-labels]
  406 | #endif /* SOC_PM_SUPPORT_REGDMA_TRIGGERED_PHY */ */
      |                                                  ^
[224/1757] Building C object arch/CMakeFiles/arch.dir/risc-v/src/common/riscv_initialstate.c.o
[225/1757] Building C object arch/CMakeFiles/arch.dir/risc-v/src/common/riscv_nputs.c.o
[226/1757] Building C object arch/CMakeFiles/arch.dir/risc-v/src/common/riscv_modifyreg32.c.o
[227/1757] Building C object arch/CMakeFiles/arch.dir/risc-v/src/common/riscv_registerdump.c.o
[228/1757] Building C object arch/CMakeFiles/arch.dir/risc-v/src/common/riscv_releasestack.c.o
[229/1757] Building C object arch/CMakeFiles/arch.dir/risc-v/src/common/riscv_tcbinfo.c.o
[230/1757] Building C object arch/CMakeFiles/arch.dir/risc-v/src/common/riscv_stackframe.c.o
[231/1757] Building C object arch/CMakeFiles/arch.dir/risc-v/src/common/riscv_cpuidlestack.c.o
[232/1757] Building C object arch/CMakeFiles/arch.dir/risc-v/src/common/riscv_switchcontext.c.o
[233/1757] Building C object arch/CMakeFiles/arch.dir/risc-v/src/common/riscv_usestack.c.o
[234/1757] Building C object arch/CMakeFiles/arch.dir/risc-v/src/common/riscv_idle.c.o
[235/1757] Building C object arch/CMakeFiles/arch.dir/risc-v/src/common/riscv_schedulesigaction.c.o
[236/1757] Building C object arch/CMakeFiles/arch.dir/risc-v/src/common/riscv_mdelay.c.o
[237/1757] Building C object arch/CMakeFiles/arch.dir/risc-v/src/common/riscv_initialize.c.o
[238/1757] Building C object arch/CMakeFiles/arch.dir/risc-v/src/common/riscv_sigdeliver.c.o
[239/1757] Building ASM object arch/CMakeFiles/arch.dir/risc-v/src/common/fork.S.o
[240/1757] Building ASM object arch/CMakeFiles/arch.dir/risc-v/src/common/riscv_fpu.S.o
[241/1757] Building C object arch/CMakeFiles/arch.dir/risc-v/src/common/riscv_udelay.c.o
[242/1757] Building C object binfmt/CMakeFiles/binfmt.dir/binfmt_globals.c.o
[243/1757] Building C object binfmt/CMakeFiles/binfmt.dir/binfmt_initialize.c.o
[244/1757] Building C object binfmt/CMakeFiles/binfmt.dir/binfmt_register.c.o
[245/1757] Building C object binfmt/CMakeFiles/binfmt.dir/binfmt_unregister.c.o
[246/1757] Building C object arch/CMakeFiles/arch.dir/risc-v/src/common/riscv_fpucmp.c.o
[247/1757] Building C object arch/CMakeFiles/arch.dir/risc-v/src/common/riscv_fork.c.o
[248/1757] Building C object binfmt/CMakeFiles/binfmt.dir/binfmt_loadmodule.c.o
[249/1757] Building C object arch/CMakeFiles/arch.dir/risc-v/src/common/riscv_swint.c.o
[250/1757] Building C object binfmt/CMakeFiles/binfmt.dir/binfmt_unloadmodule.c.o
[251/1757] Building C object binfmt/CMakeFiles/binfmt.dir/binfmt_copyargv.c.o
[252/1757] Building C object binfmt/CMakeFiles/binfmt.dir/binfmt_exec.c.o
[253/1757] Building C object binfmt/CMakeFiles/binfmt.dir/binfmt_copyactions.c.o
[254/1757] Building C object binfmt/CMakeFiles/binfmt.dir/binfmt_execmodule.c.o
[255/1757] Building C object arch/CMakeFiles/arch.dir/risc-v/src/common/riscv_pmp.c.o
[256/1757] Building C object binfmt/CMakeFiles/binfmt.dir/binfmt_copyattr.c.o
[257/1757] Building C object binfmt/CMakeFiles/binfmt.dir/binfmt_dumpmodule.c.o
[258/1757] Building C object binfmt/CMakeFiles/binfmt.dir/binfmt_execsymtab.c.o
[259/1757] Building C object binfmt/CMakeFiles/binfmt.dir/builtin.c.o
[260/1757] Linking C static library binfmt/libbinfmt.a
[261/1757] Building C object drivers/CMakeFiles/drivers.dir/bch/bchlib_teardown.c.o
[262/1757] Building C object drivers/CMakeFiles/drivers.dir/bch/bchlib_read.c.o
[263/1757] Building C object drivers/CMakeFiles/drivers.dir/bch/bchlib_setup.c.o
[264/1757] Building C object drivers/CMakeFiles/drivers.dir/bch/bchlib_write.c.o
[265/1757] Building C object drivers/CMakeFiles/drivers.dir/bch/bchlib_cache.c.o
[266/1757] Building C object drivers/CMakeFiles/drivers.dir/bch/bchdev_register.c.o
[267/1757] Building C object drivers/CMakeFiles/drivers.dir/bch/bchdev_unregister.c.o
[268/1757] Building C object drivers/CMakeFiles/drivers.dir/misc/dev_null.c.o
[269/1757] Building C object drivers/CMakeFiles/drivers.dir/misc/dev_zero.c.o
[270/1757] Building C object drivers/CMakeFiles/drivers.dir/misc/mkrd.c.o
[271/1757] Building C object drivers/CMakeFiles/drivers.dir/misc/ramdisk.c.o
[272/1757] Building C object drivers/CMakeFiles/drivers.dir/loop/losetup.c.o
[273/1757] Linking C static library arch/libarch.a
[274/1757] Building C object drivers/CMakeFiles/drivers.dir/pipes/fifo.c.o
[275/1757] Building C object drivers/CMakeFiles/drivers.dir/pipes/pipe.c.o
[276/1757] Building C object drivers/CMakeFiles/drivers.dir/bch/bchdev_driver.c.o
[277/1757] Building C object drivers/CMakeFiles/drivers.dir/syslog/syslog_initialize.c.o
[278/1757] Building C object drivers/CMakeFiles/drivers.dir/syslog/setlogmask.c.o
[279/1757] Building C object drivers/CMakeFiles/drivers.dir/serial/serial_io.c.o
[280/1757] Building C object drivers/CMakeFiles/drivers.dir/misc/rwbuffer.c.o
[281/1757] Building C object drivers/CMakeFiles/drivers.dir/syslog/vsyslog.c.o
[282/1757] Building C object drivers/CMakeFiles/drivers.dir/syslog/syslog_write.c.o
[283/1757] Building C object drivers/CMakeFiles/drivers.dir/syslog/syslog_channel.c.o
[284/1757] Building C object drivers/CMakeFiles/drivers.dir/syslog/syslog_flush.c.o
[285/1757] Building C object drivers/CMakeFiles/drivers.dir/net/netdev_upperhalf.c.o
[286/1757] Building C object drivers/CMakeFiles/drivers.dir/serial/uart_bth4.c.o
[287/1757] Building C object drivers/CMakeFiles/drivers.dir/pipes/pipe_common.c.o
[288/1757] Building C object libs/libc/CMakeFiles/c.dir/sched/task_testcancel.c.o
[289/1757] Building C object libs/libc/CMakeFiles/c.dir/sched/task_setcancelstate.c.o
[290/1757] Building C object libs/libc/CMakeFiles/c.dir/sched/task_setcanceltype.c.o
[291/1757] Building C object drivers/CMakeFiles/drivers.dir/drivers_initialize.c.o
[292/1757] Building C object libs/libc/CMakeFiles/c.dir/sched/task_getpid.c.o
[293/1757] Building C object fs/CMakeFiles/fs.dir/fs_heap.c.o
[294/1757] Building C object libs/libc/CMakeFiles/c.dir/sched/task_startup.c.o
[295/1757] Building C object fs/CMakeFiles/fs.dir/fs_initialize.c.o
[296/1757] Building C object fs/CMakeFiles/fs.dir/driver/fs_unregisterdriver.c.o
[297/1757] Building C object fs/CMakeFiles/fs.dir/driver/fs_registerdriver.c.o
[298/1757] Building C object fs/CMakeFiles/fs.dir/driver/fs_registerpipedriver.c.o
[299/1757] Building C object drivers/CMakeFiles/drivers.dir/timers/rtc.c.o
[300/1757] Building C object fs/CMakeFiles/fs.dir/driver/fs_unregisterpipedriver.c.o
[301/1757] Building C object fs/CMakeFiles/fs.dir/driver/fs_registerblockdriver.c.o
[302/1757] Building C object fs/CMakeFiles/fs.dir/driver/fs_unregisterblockdriver.c.o
[303/1757] Building C object fs/CMakeFiles/fs.dir/driver/fs_openblockdriver.c.o
[304/1757] Building C object fs/CMakeFiles/fs.dir/driver/fs_closeblockdriver.c.o
[305/1757] Building C object fs/CMakeFiles/fs.dir/driver/fs_findblockdriver.c.o
[306/1757] Building C object drivers/CMakeFiles/drivers.dir/serial/serial.c.o
[307/1757] Building C object fs/CMakeFiles/fs.dir/driver/fs_findmtddriver.c.o
[308/1757] Building C object fs/CMakeFiles/fs.dir/driver/fs_closemtddriver.c.o
[309/1757] Building C object fs/CMakeFiles/fs.dir/driver/fs_blockpartition.c.o
[310/1757] Linking C static library drivers/libdrivers.a
[311/1757] Building C object fs/CMakeFiles/fs.dir/inode/fs_foreachinode.c.o
[312/1757] Building C object fs/CMakeFiles/fs.dir/inode/fs_inode.c.o
[313/1757] Building C object fs/CMakeFiles/fs.dir/driver/fs_blockmerge.c.o
[314/1757] Building C object fs/CMakeFiles/fs.dir/driver/fs_blockproxy.c.o
[315/1757] Building C object fs/CMakeFiles/fs.dir/inode/fs_inodeaddref.c.o
[316/1757] Building C object fs/CMakeFiles/fs.dir/inode/fs_inodebasename.c.o
[317/1757] Building C object fs/CMakeFiles/fs.dir/inode/fs_inodefind.c.o
[318/1757] Building C object fs/CMakeFiles/fs.dir/inode/fs_inodefree.c.o
[319/1757] Building C object fs/CMakeFiles/fs.dir/inode/fs_inodegetpath.c.o
[320/1757] Building C object fs/CMakeFiles/fs.dir/inode/fs_inoderelease.c.o
[321/1757] Building C object fs/CMakeFiles/fs.dir/inode/fs_inoderemove.c.o
[322/1757] Building C object fs/CMakeFiles/fs.dir/inode/fs_files.c.o
[323/1757] Building C object fs/CMakeFiles/fs.dir/mmap/fs_mmisc.c.o
[324/1757] Building C object fs/CMakeFiles/fs.dir/inode/fs_inodereserve.c.o
[325/1757] Building C object fs/CMakeFiles/fs.dir/mmap/fs_mmap.c.o
[326/1757] Building C object fs/CMakeFiles/fs.dir/inode/fs_inodesearch.c.o
[327/1757] Building C object fs/CMakeFiles/fs.dir/mmap/fs_munmap.c.o
[328/1757] Building C object fs/CMakeFiles/fs.dir/mmap/fs_msync.c.o
[329/1757] Building C object fs/CMakeFiles/fs.dir/mount/fs_gettype.c.o
[330/1757] Building C object fs/CMakeFiles/fs.dir/mmap/fs_anonmap.c.o
[331/1757] Building C object fs/CMakeFiles/fs.dir/mount/fs_umount2.c.o
[332/1757] Building C object fs/CMakeFiles/fs.dir/mount/fs_foreachmountpoint.c.o
[333/1757] Building C object fs/CMakeFiles/fs.dir/mount/fs_mount.c.o
[334/1757] Building C object fs/CMakeFiles/fs.dir/mqueue/mq_close.c.o
[335/1757] Building C object fs/CMakeFiles/fs.dir/mount/fs_procfs_mount.c.o
[336/1757] Building C object fs/CMakeFiles/fs.dir/mqueue/mq_unlink.c.o
[337/1757] Building C object fs/CMakeFiles/fs.dir/procfs/fs_procfscpuload.c.o
[338/1757] Building C object fs/CMakeFiles/fs.dir/partition/fs_partition.c.o
[339/1757] Building C object fs/CMakeFiles/fs.dir/mqueue/mq_open.c.o
[340/1757] Building C object fs/CMakeFiles/fs.dir/procfs/fs_procfscpuinfo.c.o
[341/1757] Building C object fs/CMakeFiles/fs.dir/procfs/fs_procfscritmon.c.o
[342/1757] Building C object fs/CMakeFiles/fs.dir/procfs/fs_procfsfdt.c.o
[343/1757] Building C object fs/CMakeFiles/fs.dir/procfs/fs_procfsiobinfo.c.o
[344/1757] Building C object fs/CMakeFiles/fs.dir/procfs/fs_procfstcbinfo.c.o
[345/1757] Building C object fs/CMakeFiles/fs.dir/procfs/fs_procfsutil.c.o
[346/1757] Building C object fs/CMakeFiles/fs.dir/procfs/fs_procfsuptime.c.o
[347/1757] Building C object fs/CMakeFiles/fs.dir/procfs/fs_procfsversion.c.o
[348/1757] Building C object fs/CMakeFiles/fs.dir/procfs/fs_procfsmeminfo.c.o
[349/1757] Building C object fs/CMakeFiles/fs.dir/procfs/fs_procfs.c.o
[350/1757] Building C object fs/CMakeFiles/fs.dir/semaphore/sem_open.c.o
[351/1757] Building C object fs/CMakeFiles/fs.dir/semaphore/sem_close.c.o
[352/1757] Building C object fs/CMakeFiles/fs.dir/semaphore/sem_unlink.c.o
[353/1757] Building C object fs/CMakeFiles/fs.dir/socket/accept.c.o
[354/1757] Building C object fs/CMakeFiles/fs.dir/socket/socket.c.o
[355/1757] Building C object fs/CMakeFiles/fs.dir/socket/socketpair.c.o
[356/1757] Building C object fs/CMakeFiles/fs.dir/procfs/fs_procfsproc.c.o
[357/1757] Building C object fs/CMakeFiles/fs.dir/vfs/fs_close.c.o
[358/1757] Building C object fs/CMakeFiles/fs.dir/vfs/fs_dup.c.o
[359/1757] Building C object fs/CMakeFiles/fs.dir/vfs/fs_chstat.c.o
[360/1757] Building C object fs/CMakeFiles/fs.dir/vfs/fs_dup3.c.o
[361/1757] Building C object fs/CMakeFiles/fs.dir/vfs/fs_dup2.c.o
[362/1757] Building C object fs/CMakeFiles/fs.dir/vfs/fs_fcntl.c.o
[363/1757] Building C object fs/CMakeFiles/fs.dir/vfs/fs_fstat.c.o
[364/1757] Building C object fs/CMakeFiles/fs.dir/vfs/fs_fchstat.c.o
[365/1757] Building C object fs/CMakeFiles/fs.dir/vfs/fs_fstatfs.c.o
[366/1757] Building C object fs/CMakeFiles/fs.dir/vfs/fs_lseek.c.o
[367/1757] Building C object fs/CMakeFiles/fs.dir/vfs/fs_mkdir.c.o
[368/1757] Building C object fs/CMakeFiles/fs.dir/vfs/fs_ioctl.c.o
[369/1757] Building C object fs/CMakeFiles/fs.dir/vfs/fs_pread.c.o
[370/1757] Building C object fs/CMakeFiles/fs.dir/vfs/fs_pwrite.c.o
[371/1757] Building C object fs/CMakeFiles/fs.dir/vfs/fs_open.c.o
[372/1757] Building C object fs/CMakeFiles/fs.dir/vfs/fs_read.c.o
[373/1757] Building C object fs/CMakeFiles/fs.dir/vfs/fs_rename.c.o
[374/1757] Building C object fs/CMakeFiles/fs.dir/vfs/fs_rmdir.c.o
[375/1757] Building C object fs/CMakeFiles/fs.dir/vfs/fs_poll.c.o
[376/1757] Building C object fs/CMakeFiles/fs.dir/vfs/fs_sendfile.c.o
[377/1757] Building C object fs/CMakeFiles/fs.dir/vfs/fs_select.c.o
[378/1757] Building C object fs/CMakeFiles/fs.dir/vfs/fs_stat.c.o
[379/1757] Building C object fs/CMakeFiles/fs.dir/vfs/fs_statfs.c.o
[380/1757] Building C object fs/CMakeFiles/fs.dir/vfs/fs_unlink.c.o
[381/1757] Building C object fs/CMakeFiles/fs.dir/vfs/fs_uio.c.o
[382/1757] Building C object fs/CMakeFiles/fs.dir/vfs/fs_epoll.c.o
[383/1757] Building C object fs/CMakeFiles/fs.dir/vfs/fs_syncfs.c.o
[384/1757] Building C object fs/CMakeFiles/fs.dir/vfs/fs_fsync.c.o
[385/1757] Building C object fs/CMakeFiles/fs.dir/vfs/fs_write.c.o
[386/1757] Building C object fs/CMakeFiles/fs.dir/vfs/fs_link.c.o
[387/1757] Building C object fs/CMakeFiles/fs.dir/vfs/fs_truncate.c.o
[388/1757] Building C object fs/CMakeFiles/fs.dir/vfs/fs_symlink.c.o
[389/1757] Building C object fs/CMakeFiles/fs.dir/vfs/fs_dir.c.o
[390/1757] Building C object fs/CMakeFiles/fs.dir/vfs/fs_readlink.c.o
[391/1757] Building C object net/CMakeFiles/net.dir/utils/net_iob_concat.c.o
[392/1757] Building C object libs/libc/CMakeFiles/c.dir/assert/lib_stackchk.c.o
[393/1757] Building C object libs/libc/CMakeFiles/c.dir/builtin/lib_builtin_getname.c.o
[394/1757] Building C object net/CMakeFiles/net.dir/utils/net_mask2pref.c.o
[395/1757] Building C object libs/libc/CMakeFiles/c.dir/assert/lib_assert.c.o
[396/1757] Building C object net/CMakeFiles/net.dir/utils/net_icmpchksum.c.o
[397/1757] Building C object net/CMakeFiles/net.dir/net_initialize.c.o
[398/1757] Building C object libs/libc/CMakeFiles/c.dir/builtin/lib_builtin_forindex.c.o
[399/1757] Building C object libs/libc/CMakeFiles/c.dir/builtin/lib_builtin_isavail.c.o
[400/1757] Building C object libs/libc/CMakeFiles/c.dir/ctype/lib_isalnum.c.o
[401/1757] Building C object libs/libc/CMakeFiles/c.dir/ctype/lib_isascii.c.o
[402/1757] Building C object libs/libc/CMakeFiles/c.dir/ctype/lib_isalpha.c.o
[403/1757] Building C object libs/libc/CMakeFiles/c.dir/ctype/lib_isblank.c.o
[404/1757] Building C object libs/libc/CMakeFiles/c.dir/ctype/lib_isdigit.c.o
[405/1757] Building C object libs/libc/CMakeFiles/c.dir/ctype/lib_iscntrl.c.o
[406/1757] Building C object libs/libc/CMakeFiles/c.dir/ctype/lib_isgraph.c.o
[407/1757] Building C object libs/libc/CMakeFiles/c.dir/ctype/lib_islower.c.o
[408/1757] Building C object fs/CMakeFiles/fs.dir/vfs/fs_lock.c.o
[409/1757] Building C object libs/libc/CMakeFiles/c.dir/ctype/lib_isprint.c.o
[410/1757] Building C object libs/libc/CMakeFiles/c.dir/ctype/lib_ispunct.c.o
[411/1757] Building C object libs/libc/CMakeFiles/c.dir/ctype/lib_isupper.c.o
[412/1757] Building C object libs/libc/CMakeFiles/c.dir/ctype/lib_isspace.c.o
[413/1757] Building C object libs/libc/CMakeFiles/c.dir/ctype/lib_isxdigit.c.o
[414/1757] Building C object libs/libc/CMakeFiles/c.dir/ctype/lib_ctype.c.o
[415/1757] Building C object libs/libc/CMakeFiles/c.dir/ctype/lib_tolower.c.o
[416/1757] Building C object libs/libc/CMakeFiles/c.dir/ctype/lib_toupper.c.o
[417/1757] Building C object libs/libc/CMakeFiles/c.dir/dirent/lib_alphasort.c.o
[418/1757] Building C object libs/libc/CMakeFiles/c.dir/dirent/lib_readdirr.c.o
[419/1757] Building C object libs/libc/CMakeFiles/c.dir/dirent/lib_ftw.c.o
[420/1757] Building C object libs/libc/CMakeFiles/c.dir/dirent/lib_telldir.c.o
[421/1757] Building C object libs/libc/CMakeFiles/c.dir/dirent/lib_opendir.c.o
[422/1757] Building C object libs/libc/CMakeFiles/c.dir/dirent/lib_scandir.c.o
[423/1757] Building C object libs/libc/CMakeFiles/c.dir/dirent/lib_fdopendir.c.o
[424/1757] Building C object libs/libc/CMakeFiles/c.dir/dirent/lib_closedir.c.o
[425/1757] Building C object libs/libc/CMakeFiles/c.dir/dirent/lib_readdir.c.o
[426/1757] Building C object libs/libc/CMakeFiles/c.dir/dirent/lib_nftw.c.o
[427/1757] Building C object libs/libc/CMakeFiles/c.dir/dirent/lib_dirfd.c.o
[428/1757] Building C object libs/libc/CMakeFiles/c.dir/dirent/lib_rewinddir.c.o
[429/1757] Building C object libs/libc/CMakeFiles/c.dir/dirent/lib_seekdir.c.o
[430/1757] Building C object libs/libc/CMakeFiles/c.dir/dirent/lib_versionsort.c.o
[431/1757] Building C object fs/CMakeFiles/fs.dir/tmpfs/fs_tmpfs.c.o
[432/1757] Building C object libs/libc/CMakeFiles/c.dir/dlfcn/lib_dlfind_object.c.o
[433/1757] Building C object libs/libc/CMakeFiles/c.dir/environ/env_getenvironptr.c.o
[434/1757] Building C object libs/libc/CMakeFiles/c.dir/environ/env_release.c.o
[435/1757] Building C object libs/libc/CMakeFiles/c.dir/environ/env_findvar.c.o
[436/1757] Building C object libs/libc/CMakeFiles/c.dir/environ/env_clearenv.c.o
[437/1757] Building C object libs/libc/CMakeFiles/c.dir/environ/env_removevar.c.o
[438/1757] Building C object libs/libc/CMakeFiles/c.dir/environ/env_dup.c.o
[439/1757] Building C object libs/libc/CMakeFiles/c.dir/environ/env_putenv.c.o
[440/1757] Linking C static library fs/libfs.a
[441/1757] Building C object libs/libc/CMakeFiles/c.dir/fixedmath/lib_fixedmath.c.o
[442/1757] Building C object libs/libc/CMakeFiles/c.dir/environ/env_getenv.c.o
[443/1757] Building C object libs/libc/CMakeFiles/c.dir/errno/lib_errno.c.o
[444/1757] Building C object libs/libc/CMakeFiles/c.dir/environ/env_foreach.c.o
[445/1757] Building C object libs/libc/CMakeFiles/c.dir/fixedmath/lib_b16sin.c.o
[446/1757] Building C object libs/libc/CMakeFiles/c.dir/fixedmath/lib_b16cos.c.o
[447/1757] Building C object libs/libc/CMakeFiles/c.dir/fixedmath/lib_b16atan2.c.o
[448/1757] Building C object libs/libc/CMakeFiles/c.dir/environ/env_setenv.c.o
[449/1757] Building C object libs/libc/CMakeFiles/c.dir/environ/env_unsetenv.c.o
[450/1757] Building C object libs/libc/CMakeFiles/c.dir/fixedmath/lib_ubsqrt.c.o
[451/1757] Building C object libs/libc/CMakeFiles/c.dir/grp/lib_getgrgidr.c.o
[452/1757] Building C object libs/libc/CMakeFiles/c.dir/grp/lib_getgrgid.c.o
[453/1757] Building C object libs/libc/CMakeFiles/c.dir/grp/lib_getgrnamr.c.o
[454/1757] Building C object libs/libc/CMakeFiles/c.dir/grp/lib_initgroups.c.o
[455/1757] Building C object libs/libc/CMakeFiles/c.dir/grp/lib_getgrnam.c.o
[456/1757] Building C object libs/libc/CMakeFiles/c.dir/inttypes/lib_imaxabs.c.o
[457/1757] Building C object libs/libc/CMakeFiles/c.dir/grp/lib_getgrbufr.c.o
[458/1757] Building C object libs/libc/CMakeFiles/c.dir/inttypes/lib_imaxdiv.c.o
[459/1757] Building ASM object libs/libc/CMakeFiles/c.dir/machine/risc-v/arch_setjmp.S.o
[460/1757] Building C object libs/libc/CMakeFiles/c.dir/grp/lib_getgrbuf.c.o
[461/1757] Building C object libs/libc/CMakeFiles/c.dir/libgen/lib_basename.c.o
[462/1757] Building C object libs/libc/CMakeFiles/c.dir/inttypes/lib_strtoimax.c.o
[463/1757] Building C object libs/libc/CMakeFiles/c.dir/libgen/lib_dirname.c.o
[464/1757] Building C object libs/libc/CMakeFiles/c.dir/inttypes/lib_strtoumax.c.o
[465/1757] Building C object libs/libc/CMakeFiles/c.dir/misc/lib_creat.c.o
[466/1757] Building C object libs/libc/CMakeFiles/c.dir/misc/lib_xorshift128.c.o
[467/1757] Building C object libs/libc/CMakeFiles/c.dir/misc/lib_bitmap.c.o
[468/1757] Building C object libs/libc/CMakeFiles/c.dir/misc/lib_umask.c.o
[469/1757] Building C object libs/libc/CMakeFiles/c.dir/misc/lib_tea_encrypt.c.o
[470/1757] Building C object libs/libc/CMakeFiles/c.dir/misc/lib_getrandom.c.o
[471/1757] Building C object libs/libc/CMakeFiles/c.dir/misc/lib_utsname.c.o
[472/1757] Building C object libs/libc/CMakeFiles/c.dir/misc/lib_mknod.c.o
[473/1757] Building C object libs/libc/CMakeFiles/c.dir/misc/lib_tea_decrypt.c.o
[474/1757] Building C object libs/libc/CMakeFiles/c.dir/misc/lib_impure.c.o
[475/1757] Building C object libs/libc/CMakeFiles/c.dir/misc/lib_circbuf.c.o
[476/1757] Building C object libs/libc/CMakeFiles/c.dir/misc/lib_cxx_initialize.c.o
[477/1757] Building C object libs/libc/CMakeFiles/c.dir/misc/lib_fchmodat.c.o
[478/1757] Building C object libs/libc/CMakeFiles/c.dir/misc/lib_fstatat.c.o
[479/1757] Building C object libs/libc/CMakeFiles/c.dir/misc/lib_memfd.c.o
[480/1757] Building C object libs/libc/CMakeFiles/c.dir/misc/lib_getfullpath.c.o
[481/1757] Building C object libs/libc/CMakeFiles/c.dir/misc/lib_openat.c.o
[482/1757] Building C object libs/libc/CMakeFiles/c.dir/misc/lib_mkdirat.c.o
[483/1757] Building C object libs/libc/CMakeFiles/c.dir/misc/lib_mallopt.c.o
[484/1757] Building C object libs/libc/CMakeFiles/c.dir/misc/lib_getnprocs.c.o
[485/1757] Building C object libs/libc/CMakeFiles/c.dir/misc/lib_utimensat.c.o
[486/1757] Building C object libs/libc/CMakeFiles/c.dir/misc/lib_ratelimit.c.o
[487/1757] Building C object libs/libc/CMakeFiles/c.dir/misc/lib_sem_mutex_noinline.c.o
[488/1757] Building C object libs/libc/CMakeFiles/c.dir/misc/lib_umul32.c.o
[489/1757] Building C object libs/libc/CMakeFiles/c.dir/misc/lib_umul64.c.o
[490/1757] Building C object libs/libc/CMakeFiles/c.dir/misc/lib_tempbuffer.c.o
[491/1757] Building C object libs/libc/CMakeFiles/c.dir/misc/lib_umul32x64.c.o
[492/1757] Building C object libs/libc/CMakeFiles/c.dir/misc/lib_uadd32x64.c.o
[493/1757] Building C object libs/libc/CMakeFiles/c.dir/misc/lib_uadd64.c.o
[494/1757] Building C object libs/libc/CMakeFiles/c.dir/misc/lib_usub64x32.c.o
[495/1757] Building C object libs/libc/CMakeFiles/c.dir/misc/lib_usub64.c.o
[496/1757] Building C object libs/libc/CMakeFiles/c.dir/misc/lib_mkfifo.c.o
[497/1757] Building C object libs/libc/CMakeFiles/c.dir/misc/lib_idr.c.o
[498/1757] Building C object libs/libc/CMakeFiles/c.dir/misc/lib_dumpbuffer.c.o
[499/1757] Building C object libs/libc/CMakeFiles/c.dir/misc/lib_fnmatch.c.o
[500/1757] Building C object libs/libc/CMakeFiles/c.dir/misc/lib_debug.c.o
[501/1757] Building C object libs/libc/CMakeFiles/c.dir/misc/lib_crc64.c.o
[502/1757] Building C object libs/libc/CMakeFiles/c.dir/misc/lib_dumpvbuffer.c.o
[503/1757] Building C object libs/libc/CMakeFiles/c.dir/misc/lib_crc64emac.c.o
[504/1757] Building C object libs/libc/CMakeFiles/c.dir/misc/lib_crc32.c.o
[505/1757] Building C object libs/libc/CMakeFiles/c.dir/misc/lib_crc32h04c11db7.c.o
[506/1757] Building C object libs/libc/CMakeFiles/c.dir/misc/lib_crc32hf4acfb13.c.o
[507/1757] Building C object libs/libc/CMakeFiles/c.dir/misc/lib_crc16.c.o
[508/1757] Building C object libs/libc/CMakeFiles/c.dir/misc/lib_crc16h1021.c.o
[509/1757] Building C object libs/libc/CMakeFiles/c.dir/misc/lib_crc16h8005.c.o
[510/1757] Building C object libs/libc/CMakeFiles/c.dir/misc/lib_crc16ccitt.c.o
[511/1757] Building C object libs/libc/CMakeFiles/c.dir/misc/lib_crc8.c.o
[512/1757] Building C object libs/libc/CMakeFiles/c.dir/misc/lib_crc8ccitt.c.o
[513/1757] Building C object libs/libc/CMakeFiles/c.dir/misc/lib_crc8h1d.c.o
[514/1757] Building C object libs/libc/CMakeFiles/c.dir/misc/lib_crc8h2f.c.o
[515/1757] Building C object libs/libc/CMakeFiles/c.dir/misc/lib_crc8rohc.c.o
[516/1757] Building C object libs/libc/CMakeFiles/c.dir/misc/lib_crc8table.c.o
[517/1757] Building C object libs/libc/CMakeFiles/c.dir/misc/lib_ftok.c.o
[518/1757] Building C object libs/libc/CMakeFiles/c.dir/misc/lib_instrument.c.o
[519/1757] Building C object libs/libc/CMakeFiles/c.dir/net/lib_addrconfig.c.o
[520/1757] Building C object libs/libc/CMakeFiles/c.dir/misc/lib_err.c.o
[521/1757] Building C object libs/libc/CMakeFiles/c.dir/misc/lib_fdcheck.c.o
[522/1757] Building C object libs/libc/CMakeFiles/c.dir/misc/lib_backtrace.c.o
[523/1757] Building C object libs/libc/CMakeFiles/c.dir/net/lib_htons.c.o
[524/1757] Building C object libs/libc/CMakeFiles/c.dir/net/lib_htonl.c.o
[525/1757] Building C object libs/libc/CMakeFiles/c.dir/net/lib_htonq.c.o
[526/1757] Building C object libs/libc/CMakeFiles/c.dir/net/lib_base64.c.o
[527/1757] Building C object libs/libc/CMakeFiles/c.dir/net/lib_inetaton.c.o
[528/1757] Building C object libs/libc/CMakeFiles/c.dir/misc/lib_glob.c.o
[529/1757] Building C object libs/libc/CMakeFiles/c.dir/net/lib_inetaddr.c.o
[530/1757] Building C object libs/libc/CMakeFiles/c.dir/net/lib_inetntop.c.o
[531/1757] Building C object libs/libc/CMakeFiles/c.dir/net/lib_accept.c.o
[532/1757] Building C object libs/libc/CMakeFiles/c.dir/net/lib_inetnetwork.c.o
[533/1757] Building C object libs/libc/CMakeFiles/c.dir/net/lib_inetntoa.c.o
[534/1757] Building C object libs/libc/CMakeFiles/c.dir/net/lib_inetpton.c.o
[535/1757] Building C object libs/libc/CMakeFiles/c.dir/net/lib_etherntoa.c.o
[536/1757] Building C object libs/libc/CMakeFiles/c.dir/obstack/lib_obstack_alloc.c.o
[537/1757] Building C object libs/libc/CMakeFiles/c.dir/obstack/lib_obstack_copy.c.o
[538/1757] Building C object libs/libc/CMakeFiles/c.dir/net/lib_etheraton.c.o
[539/1757] Building C object libs/libc/CMakeFiles/c.dir/obstack/lib_obstack_init.c.o
[540/1757] Building C object libs/libc/CMakeFiles/c.dir/obstack/lib_obstack_free.c.o
[541/1757] Building C object libs/libc/CMakeFiles/c.dir/misc/lib_lrucache.c.o
[542/1757] Building C object libs/libc/CMakeFiles/c.dir/obstack/lib_obstack_blank.c.o
[543/1757] Building C object libs/libc/CMakeFiles/c.dir/obstack/lib_obstack_object_size.c.o
[544/1757] Building C object libs/libc/CMakeFiles/c.dir/obstack/lib_obstack_finish.c.o
[545/1757] Building C object libs/libc/CMakeFiles/c.dir/obstack/lib_obstack_printf.c.o
[546/1757] Building C object libs/libc/CMakeFiles/c.dir/obstack/lib_obstack_grow.c.o
[547/1757] Building C object libs/libc/CMakeFiles/c.dir/obstack/lib_obstack_make_room.c.o
[548/1757] Building C object libs/libc/CMakeFiles/c.dir/obstack/lib_obstack_room.c.o
[549/1757] Building C object libs/libc/CMakeFiles/c.dir/obstack/lib_obstack_vprintf.c.o
[550/1757] Building C object libs/libc/CMakeFiles/c.dir/obstack/lib_obstack_malloc.c.o
[551/1757] Building C object libs/libc/CMakeFiles/c.dir/pthread/pthread_attr_destroy.c.o
[552/1757] Building C object libs/libc/CMakeFiles/c.dir/pthread/pthread_attr_init.c.o
[553/1757] Building C object libs/libc/CMakeFiles/c.dir/pthread/pthread_attr_getschedpolicy.c.o
[554/1757] Building C object libs/libc/CMakeFiles/c.dir/pthread/pthread_attr_setschedpolicy.c.o
[555/1757] Building C object libs/libc/CMakeFiles/c.dir/pthread/pthread_attr_setinheritsched.c.o
[556/1757] Building C object libs/libc/CMakeFiles/c.dir/pthread/pthread_attr_getinheritsched.c.o
[557/1757] Building C object libs/libc/CMakeFiles/c.dir/pthread/pthread_attr_setdetachstate.c.o
[558/1757] Building C object libs/libc/CMakeFiles/c.dir/pthread/pthread_attr_getdetachstate.c.o
[559/1757] Building C object libs/libc/CMakeFiles/c.dir/pthread/pthread_attr_setstackaddr.c.o
[560/1757] Building C object libs/libc/CMakeFiles/c.dir/pthread/pthread_attr_setstack.c.o
[561/1757] Building C object libs/libc/CMakeFiles/c.dir/pthread/pthread_attr_getstackaddr.c.o
[562/1757] Building C object libs/libc/CMakeFiles/c.dir/pthread/pthread_attr_getstacksize.c.o
[563/1757] Building C object libs/libc/CMakeFiles/c.dir/pthread/pthread_attr_setstacksize.c.o
[564/1757] Building C object libs/libc/CMakeFiles/c.dir/pthread/pthread_attr_getstack.c.o
[565/1757] Building C object libs/libc/CMakeFiles/c.dir/pthread/pthread_attr_setschedparam.c.o
[566/1757] Building C object libs/libc/CMakeFiles/c.dir/pthread/pthread_attr_getschedparam.c.o
[567/1757] Building C object libs/libc/CMakeFiles/c.dir/pthread/pthread_attr_getscope.c.o
[568/1757] Building C object libs/libc/CMakeFiles/c.dir/pthread/pthread_attr_setscope.c.o
[569/1757] Building C object libs/libc/CMakeFiles/c.dir/pthread/pthread_attr_setguardsize.c.o
[570/1757] Building C object libs/libc/CMakeFiles/c.dir/pthread/pthread_attr_getguardsize.c.o
[571/1757] Building C object libs/libc/CMakeFiles/c.dir/pthread/pthread_barrierattr_init.c.o
[572/1757] Building C object libs/libc/CMakeFiles/c.dir/pthread/pthread_barrierattr_destroy.c.o
[573/1757] Building C object libs/libc/CMakeFiles/c.dir/pthread/pthread_barrierattr_setpshared.c.o
[574/1757] Building C object libs/libc/CMakeFiles/c.dir/pthread/pthread_barrierattr_getpshared.c.o
[575/1757] Building C object libs/libc/CMakeFiles/c.dir/pthread/pthread_condattr_init.c.o
[576/1757] Building C object libs/libc/CMakeFiles/c.dir/pthread/pthread_condattr_destroy.c.o
[577/1757] Building C object libs/libc/CMakeFiles/c.dir/pthread/pthread_barrierdestroy.c.o
[578/1757] Building C object libs/libc/CMakeFiles/c.dir/pthread/pthread_barrierinit.c.o
[579/1757] Building C object libs/libc/CMakeFiles/c.dir/pthread/pthread_condattr_getpshared.c.o
[580/1757] Building C object libs/libc/CMakeFiles/c.dir/pthread/pthread_barrierwait.c.o
[581/1757] Building C object libs/libc/CMakeFiles/c.dir/pthread/pthread_condattr_setclock.c.o
[582/1757] Building C object libs/libc/CMakeFiles/c.dir/pthread/pthread_condattr_setpshared.c.o
[583/1757] Building C object libs/libc/CMakeFiles/c.dir/pthread/pthread_condattr_getclock.c.o
[584/1757] Building C object libs/libc/CMakeFiles/c.dir/pthread/pthread_condbroadcast.c.o
[585/1757] Building C object libs/libc/CMakeFiles/c.dir/pthread/pthread_condinit.c.o
[586/1757] Building C object libs/libc/CMakeFiles/c.dir/pthread/pthread_conddestroy.c.o
[587/1757] Building C object libs/libc/CMakeFiles/c.dir/pthread/pthread_condtimedwait.c.o
[588/1757] Building C object libs/libc/CMakeFiles/c.dir/pthread/pthread_condclockwait.c.o
[589/1757] Building C object libs/libc/CMakeFiles/c.dir/pthread/pthread_create.c.o
[590/1757] Building C object libs/libc/CMakeFiles/c.dir/pthread/pthread_condsignal.c.o
[591/1757] Building C object libs/libc/CMakeFiles/c.dir/pthread/pthread_equal.c.o
[592/1757] Building C object libs/libc/CMakeFiles/c.dir/pthread/pthread_condwait.c.o
[593/1757] Building C object libs/libc/CMakeFiles/c.dir/pthread/pthread_setname_np.c.o
[594/1757] Building C object libs/libc/CMakeFiles/c.dir/pthread/pthread_kill.c.o
[595/1757] Building C object libs/libc/CMakeFiles/c.dir/pthread/pthread_exit.c.o
[596/1757] Building C object libs/libc/CMakeFiles/c.dir/pthread/pthread_getname_np.c.o
[597/1757] Building C object libs/libc/CMakeFiles/c.dir/pthread/pthread_get_stacksize_np.c.o
[598/1757] Building C object libs/libc/CMakeFiles/c.dir/pthread/pthread_get_stackaddr_np.c.o
[599/1757] Building C object libs/libc/CMakeFiles/c.dir/pthread/pthread_mutexattr_init.c.o
[600/1757] Building C object libs/libc/CMakeFiles/c.dir/pthread/pthread_mutexattr_destroy.c.o
[601/1757] Building C object libs/libc/CMakeFiles/c.dir/pthread/pthread_mutexattr_setprotocol.c.o
[602/1757] Building C object libs/libc/CMakeFiles/c.dir/pthread/pthread_mutexattr_getpshared.c.o
[603/1757] Building C object libs/libc/CMakeFiles/c.dir/pthread/pthread_mutexattr_setpshared.c.o
[604/1757] Building C object libs/libc/CMakeFiles/c.dir/pthread/pthread_mutexattr_getprotocol.c.o
[605/1757] Building C object libs/libc/CMakeFiles/c.dir/pthread/pthread_mutexattr_settype.c.o
[606/1757] Building C object libs/libc/CMakeFiles/c.dir/pthread/pthread_mutexattr_gettype.c.o
[607/1757] Building C object libs/libc/CMakeFiles/c.dir/pthread/pthread_mutexattr_getrobust.c.o
[608/1757] Building C object libs/libc/CMakeFiles/c.dir/pthread/pthread_mutexattr_setrobust.c.o
[609/1757] Building C object libs/libc/CMakeFiles/c.dir/pthread/pthread_mutexattr_setprioceiling.c.o
[610/1757] Building C object libs/libc/CMakeFiles/c.dir/pthread/pthread_mutexattr_getprioceiling.c.o
[611/1757] Building C object libs/libc/CMakeFiles/c.dir/pthread/pthread_mutex_destroy.c.o
[612/1757] Building C object libs/libc/CMakeFiles/c.dir/pthread/pthread_mutex_getprioceiling.c.o
[613/1757] Building C object libs/libc/CMakeFiles/c.dir/pthread/pthread_mutex_lock.c.o
[614/1757] Building C object libs/libc/CMakeFiles/c.dir/pthread/pthread_mutex_init.c.o
[615/1757] Building C object libs/libc/CMakeFiles/c.dir/pthread/pthread_mutex_setprioceiling.c.o
[616/1757] Building C object libs/libc/CMakeFiles/c.dir/pthread/pthread_mutex_timedlock.c.o
[617/1757] Building C object libs/libc/CMakeFiles/c.dir/pthread/pthread_mutex_trylock.c.o
[618/1757] Building C object libs/libc/CMakeFiles/c.dir/pthread/pthread_yield.c.o
[619/1757] Building C object libs/libc/CMakeFiles/c.dir/pthread/pthread_once.c.o
[620/1757] Building C object libs/libc/CMakeFiles/c.dir/pthread/pthread_mutex.c.o
[621/1757] Building C object libs/libc/CMakeFiles/c.dir/pthread/pthread_rwlockattr_init.c.o
[622/1757] Building C object libs/libc/CMakeFiles/c.dir/pthread/pthread_mutex_unlock.c.o
[623/1757] Building C object libs/libc/CMakeFiles/c.dir/pthread/pthread_atfork.c.o
[624/1757] Building C object libs/libc/CMakeFiles/c.dir/pthread/pthread_rwlockattr_destroy.c.o
[625/1757] Building C object libs/libc/CMakeFiles/c.dir/pthread/pthread_rwlockattr_getpshared.c.o
[626/1757] Building C object libs/libc/CMakeFiles/c.dir/pthread/pthread_rwlockattr_setpshared.c.o
[627/1757] Building C object libs/libc/CMakeFiles/c.dir/pthread/pthread_setcancelstate.c.o
[628/1757] Building C object libs/libc/CMakeFiles/c.dir/pthread/pthread_testcancel.c.o
[629/1757] Building C object libs/libc/CMakeFiles/c.dir/pthread/pthread_setcanceltype.c.o
[630/1757] Building C object libs/libc/CMakeFiles/c.dir/pthread/pthread_rwlock.c.o
[631/1757] Building C object libs/libc/CMakeFiles/c.dir/pthread/pthread_getcpuclockid.c.o
[632/1757] Building C object libs/libc/CMakeFiles/c.dir/pthread/pthread_rwlock_rdlock.c.o
[633/1757] Building C object libs/libc/CMakeFiles/c.dir/pthread/pthread_rwlock_wrlock.c.o
[634/1757] Building C object libs/libc/CMakeFiles/c.dir/pwd/lib_getpwnam.c.o
[635/1757] Building C object libs/libc/CMakeFiles/c.dir/pthread/pthread_self.c.o
[636/1757] Building C object libs/libc/CMakeFiles/c.dir/pwd/lib_getpwuid.c.o
[637/1757] Building C object libs/libc/CMakeFiles/c.dir/pwd/lib_getpwnamr.c.o
[638/1757] Building C object libs/libc/CMakeFiles/c.dir/pthread/pthread_gettid_np.c.o
[639/1757] Building C object libs/libc/CMakeFiles/c.dir/pthread/pthread_concurrency.c.o
[640/1757] Building C object libs/libc/CMakeFiles/c.dir/pthread/pthread_mutex_inconsistent.c.o
[641/1757] Building C object libs/libc/CMakeFiles/c.dir/pthread/pthread_mutex_consistent.c.o
[642/1757] Building C object libs/libc/CMakeFiles/c.dir/queue/queue.c.o
[643/1757] Building C object libs/libc/CMakeFiles/c.dir/pwd/lib_getpwuidr.c.o
[644/1757] Building C object libs/libc/CMakeFiles/c.dir/pwd/lib_getpwbufr.c.o
[645/1757] Building C object libs/libc/CMakeFiles/c.dir/pwd/lib_getspnam.c.o
[646/1757] Building C object libs/libc/CMakeFiles/c.dir/pwd/lib_getpwbuf.c.o
[647/1757] Building C object libs/libc/CMakeFiles/c.dir/pwd/lib_getpwent.c.o
[648/1757] Building C object libs/libc/CMakeFiles/c.dir/regex/regerror.c.o
[649/1757] Building C object libs/libc/CMakeFiles/c.dir/string/lib_mempcpy.c.o
[650/1757] Building C object libs/libc/CMakeFiles/c.dir/regex/tre-mem.c.o
[651/1757] Building C object libs/libc/CMakeFiles/c.dir/sched/sched_getprioritymax.c.o
[652/1757] Building C object libs/libc/CMakeFiles/c.dir/sched/sched_getprioritymin.c.o
[653/1757] Building C object libs/libc/CMakeFiles/c.dir/sched/clock_getcpuclockid.c.o
[654/1757] Building C object libs/libc/CMakeFiles/c.dir/sched/task_cancelpt.c.o
[655/1757] Building C object libs/libc/CMakeFiles/c.dir/search/hash_func.c.o
[656/1757] Building C object libs/libc/CMakeFiles/c.dir/search/hcreate.c.o
[657/1757] Building C object libs/libc/CMakeFiles/c.dir/semaphore/sem_init.c.o
[658/1757] Building C object libs/libc/CMakeFiles/c.dir/semaphore/sem_getprotocol.c.o
[659/1757] Building C object libs/libc/CMakeFiles/c.dir/semaphore/sem_setprotocol.c.o
[660/1757] Building C object libs/libc/CMakeFiles/c.dir/search/hcreate_r.c.o
[661/1757] Building C object libs/libc/CMakeFiles/c.dir/semaphore/sem_getvalue.c.o
[662/1757] Building C object libs/libc/CMakeFiles/c.dir/semaphore/sem_timedwait.c.o
[663/1757] Building C object libs/libc/CMakeFiles/c.dir/semaphore/sem_destroy.c.o
[664/1757] Building C object libs/libc/CMakeFiles/c.dir/semaphore/sem_wait.c.o
[665/1757] Building C object libs/libc/CMakeFiles/c.dir/semaphore/sem_trywait.c.o
[666/1757] Building C object libs/libc/CMakeFiles/c.dir/semaphore/sem_clockwait.c.o
[667/1757] Building C object libs/libc/CMakeFiles/c.dir/semaphore/sem_post.c.o
[668/1757] Building C object libs/libc/CMakeFiles/c.dir/semaphore/sem_close.c.o
[669/1757] Building C object libs/libc/CMakeFiles/c.dir/signal/sig_altstack.c.o
[670/1757] Building C object libs/libc/CMakeFiles/c.dir/semaphore/sem_open.c.o
[671/1757] Building C object libs/libc/CMakeFiles/c.dir/signal/sig_andset.c.o
[672/1757] Building C object libs/libc/CMakeFiles/c.dir/semaphore/sem_unlink.c.o
[673/1757] Building C object libs/libc/CMakeFiles/c.dir/signal/sig_addset.c.o
[674/1757] Building C object libs/libc/CMakeFiles/c.dir/signal/sig_hold.c.o
[675/1757] Building C object libs/libc/CMakeFiles/c.dir/regex/regexec.c.o
[676/1757] Building C object libs/libc/CMakeFiles/c.dir/signal/sig_emptyset.c.o
[677/1757] Building C object libs/libc/CMakeFiles/c.dir/signal/sig_fillset.c.o
[678/1757] Building C object libs/libc/CMakeFiles/c.dir/signal/sig_delset.c.o
[679/1757] Building C object libs/libc/CMakeFiles/c.dir/signal/sig_isemptyset.c.o
[680/1757] Building C object libs/libc/CMakeFiles/c.dir/signal/sig_ismember.c.o
[681/1757] Building C object libs/libc/CMakeFiles/c.dir/signal/sig_killpg.c.o
[682/1757] Building C object libs/libc/CMakeFiles/c.dir/signal/sig_longjmp.c.o
[683/1757] Building C object libs/libc/CMakeFiles/c.dir/signal/sig_orset.c.o
[684/1757] Building C object libs/libc/CMakeFiles/c.dir/signal/sig_nandset.c.o
[685/1757] Building C object libs/libc/CMakeFiles/c.dir/signal/sig_pause.c.o
[686/1757] Building C object libs/libc/CMakeFiles/c.dir/signal/sig_raise.c.o
[687/1757] Building C object libs/libc/CMakeFiles/c.dir/signal/sig_relse.c.o
[688/1757] Building C object libs/libc/CMakeFiles/c.dir/signal/sig_psignal.c.o
[689/1757] Building C object libs/libc/CMakeFiles/c.dir/signal/sig_wait.c.o
[690/1757] Building C object libs/libc/CMakeFiles/c.dir/signal/sig_xorset.c.o
[691/1757] Building C object libs/libc/CMakeFiles/c.dir/signal/sig_ignore.c.o
[692/1757] Building C object libs/libc/CMakeFiles/c.dir/signal/sig_interrupt.c.o
[693/1757] Building C object libs/libc/CMakeFiles/c.dir/signal/sig_set.c.o
[694/1757] Building C object libs/libc/CMakeFiles/c.dir/spawn/lib_psfa_addaction.c.o
[695/1757] Building C object libs/libc/CMakeFiles/c.dir/signal/sig_signal.c.o
[696/1757] Building C object libs/libc/CMakeFiles/c.dir/spawn/lib_psfa_addclose.c.o
[697/1757] Building C object libs/libc/CMakeFiles/c.dir/spawn/lib_psfa_init.c.o
[698/1757] Building C object libs/libc/CMakeFiles/c.dir/spawn/lib_psa_getflags.c.o
[699/1757] Building C object libs/libc/CMakeFiles/c.dir/spawn/lib_psa_getschedparam.c.o
[700/1757] Building C object libs/libc/CMakeFiles/c.dir/spawn/lib_psfa_destroy.c.o
[701/1757] Building C object libs/libc/CMakeFiles/c.dir/spawn/lib_psfa_addopen.c.o
[702/1757] Building C object libs/libc/CMakeFiles/c.dir/spawn/lib_psfa_adddup2.c.o
[703/1757] Building C object libs/libc/CMakeFiles/c.dir/spawn/lib_psa_getschedpolicy.c.o
[704/1757] Building C object libs/libc/CMakeFiles/c.dir/spawn/lib_psa_setflags.c.o
[705/1757] Building C object libs/libc/CMakeFiles/c.dir/spawn/lib_psa_setschedpolicy.c.o
[706/1757] Building C object libs/libc/CMakeFiles/c.dir/spawn/lib_psa_setschedparam.c.o
[707/1757] Building C object libs/libc/CMakeFiles/c.dir/spawn/lib_psa_getsigmask.c.o
[708/1757] Building C object libs/libc/CMakeFiles/c.dir/spawn/lib_psa_setsigmask.c.o
[709/1757] Building C object libs/libc/CMakeFiles/c.dir/spawn/lib_psa_init.c.o
[710/1757] Building C object libs/libc/CMakeFiles/c.dir/spawn/lib_psa_getstacksize.c.o
[711/1757] Building C object libs/libc/CMakeFiles/c.dir/spawn/lib_psa_setstacksize.c.o
[712/1757] Building C object libs/libc/CMakeFiles/c.dir/spawn/lib_psa_getpriority.c.o
[713/1757] Building C object libs/libc/CMakeFiles/c.dir/spawn/lib_psa_setpriority.c.o
[714/1757] Building C object libs/libc/CMakeFiles/c.dir/spawn/lib_psa_getstackaddr.c.o
[715/1757] Building C object libs/libc/CMakeFiles/c.dir/spawn/lib_psa_destroy.c.o
[716/1757] Building C object libs/libc/CMakeFiles/c.dir/spawn/lib_psa_setstackaddr.c.o
[717/1757] Building C object libs/libc/CMakeFiles/c.dir/regex/regcomp.c.o
[718/1757] Building C object libs/libc/CMakeFiles/c.dir/stdio/lib_fileno.c.o
[719/1757] Building C object libs/libc/CMakeFiles/c.dir/stdio/lib_sprintf.c.o
[720/1757] Building C object libs/libc/CMakeFiles/c.dir/spawn/lib_psfa_dump.c.o
[721/1757] Building C object libs/libc/CMakeFiles/c.dir/stdio/lib_asprintf.c.o
[722/1757] Building C object libs/libc/CMakeFiles/c.dir/stdio/lib_snprintf.c.o
[723/1757] Building C object libs/libc/CMakeFiles/c.dir/stdio/lib_printf.c.o
[724/1757] Building C object libs/libc/CMakeFiles/c.dir/spawn/lib_psa_dump.c.o
[725/1757] Building C object libs/libc/CMakeFiles/c.dir/stdio/lib_vsprintf.c.o
[726/1757] Building C object libs/libc/CMakeFiles/c.dir/stdio/lib_vsnprintf.c.o
[727/1757] Building C object libs/libc/CMakeFiles/c.dir/stdio/lib_dprintf.c.o
[728/1757] Building C object libs/libc/CMakeFiles/c.dir/stdio/lib_vdprintf.c.o
[729/1757] Building C object libs/libc/CMakeFiles/c.dir/stdio/lib_vprintf.c.o
[730/1757] Building C object libs/libc/CMakeFiles/c.dir/stdio/lib_perror.c.o
[731/1757] Building C object libs/libc/CMakeFiles/c.dir/stdio/lib_vasprintf.c.o
[732/1757] Building C object libs/libc/CMakeFiles/c.dir/stdio/lib_putchar.c.o
[733/1757] Building C object libs/libc/CMakeFiles/c.dir/stdio/lib_getchar.c.o
[734/1757] Building C object libs/libc/CMakeFiles/c.dir/stdio/lib_gets_s.c.o
[735/1757] Building C object libs/libc/CMakeFiles/c.dir/stdio/lib_puts.c.o
[736/1757] Building C object libs/libc/CMakeFiles/c.dir/stdio/lib_gets.c.o
[737/1757] Building C object libs/libc/CMakeFiles/c.dir/stdio/lib_sscanf.c.o
[738/1757] Building C object libs/libc/CMakeFiles/c.dir/stdio/lib_vsscanf.c.o
[739/1757] Building C object libs/libc/CMakeFiles/c.dir/stdio/lib_remove.c.o
[740/1757] Building C object libs/libc/CMakeFiles/c.dir/stdio/lib_libdgets.c.o
[741/1757] Building C object libs/libc/CMakeFiles/c.dir/stdio/lib_tempnam.c.o
[742/1757] Building C object libs/libc/CMakeFiles/c.dir/stdio/lib_tmpnam.c.o
[743/1757] Building C object libs/libc/CMakeFiles/c.dir/stdio/lib_renameat.c.o
[744/1757] Building C object libs/libc/CMakeFiles/c.dir/stdio/lib_putwchar.c.o
[745/1757] Building C object libs/libc/CMakeFiles/c.dir/stdio/lib_freopen.c.o
[746/1757] Building C object libs/libc/CMakeFiles/c.dir/stdio/lib_fread.c.o
[747/1757] Building C object libs/libc/CMakeFiles/c.dir/stdio/lib_fseek.c.o
[748/1757] Building C object libs/libc/CMakeFiles/c.dir/stdio/lib_ftell.c.o
[749/1757] Building C object libs/libc/CMakeFiles/c.dir/stdio/lib_fclose.c.o
[750/1757] Building C object libs/libc/CMakeFiles/c.dir/stdio/lib_fopen.c.o
[751/1757] Building C object libs/libc/CMakeFiles/c.dir/stdio/lib_fseeko.c.o
[752/1757] Building C object libs/libc/CMakeFiles/c.dir/stdio/lib_libfread_unlocked.c.o
[753/1757] Building C object libs/libc/CMakeFiles/c.dir/stdio/lib_ftello.c.o
[754/1757] Building C object libs/libc/CMakeFiles/c.dir/stdio/lib_fsetpos.c.o
[755/1757] Building C object libs/libc/CMakeFiles/c.dir/stdio/lib_getdelim.c.o
[756/1757] Building C object libs/libc/CMakeFiles/c.dir/stdio/lib_getc.c.o
[757/1757] Building C object libs/libc/CMakeFiles/c.dir/stdio/lib_fgetpos.c.o
[758/1757] Building C object libs/libc/CMakeFiles/c.dir/stdio/lib_fgetc.c.o
[759/1757] Building C object libs/libc/CMakeFiles/c.dir/stdio/lib_fgets.c.o
[760/1757] Building C object libs/libc/CMakeFiles/c.dir/stdio/lib_fwrite.c.o
[761/1757] Building C object libs/libc/CMakeFiles/c.dir/stdio/lib_libfgets.c.o
[762/1757] Building C object libs/libc/CMakeFiles/c.dir/stdio/lib_fflush.c.o
[763/1757] Building C object libs/libc/CMakeFiles/c.dir/stdio/lib_wrflush_unlocked.c.o
[764/1757] Building C object libs/libc/CMakeFiles/c.dir/stdio/lib_libfwrite.c.o
[765/1757] Building C object libs/libc/CMakeFiles/c.dir/stdio/lib_libfflush.c.o
[766/1757] Building C object libs/libc/CMakeFiles/c.dir/stdio/lib_rdflush_unlocked.c.o
[767/1757] Building C object libs/libc/CMakeFiles/c.dir/stdio/lib_putc.c.o
[768/1757] Building C object libs/libc/CMakeFiles/c.dir/stdio/lib_libflushall.c.o
[769/1757] Building C object libs/libc/CMakeFiles/c.dir/stdio/lib_fputc.c.o
[770/1757] Building C object libs/libc/CMakeFiles/c.dir/stdio/lib_fprintf.c.o
[771/1757] Building C object libs/libc/CMakeFiles/c.dir/stdio/lib_ungetc.c.o
[772/1757] Building C object libs/libc/CMakeFiles/c.dir/stdio/lib_feof.c.o
[773/1757] Building C object libs/libc/CMakeFiles/c.dir/stdio/lib_vfprintf.c.o
[774/1757] Building C object libs/libc/CMakeFiles/c.dir/stdio/lib_fputs.c.o
[775/1757] Building C object libs/libc/CMakeFiles/c.dir/stdio/lib_ferror.c.o
[776/1757] Building C object libs/libc/CMakeFiles/c.dir/stdio/lib_rewind.c.o
[777/1757] Building C object libs/libc/CMakeFiles/c.dir/stdio/lib_clearerr.c.o
[778/1757] Building C object libs/libc/CMakeFiles/c.dir/stdio/lib_scanf.c.o
[779/1757] Building C object libs/libc/CMakeFiles/c.dir/stdio/lib_vscanf.c.o
[780/1757] Building C object libs/libc/CMakeFiles/c.dir/stdio/lib_fscanf.c.o
[781/1757] Building C object libs/libc/CMakeFiles/c.dir/stdio/lib_vfscanf.c.o
[782/1757] Building C object libs/libc/CMakeFiles/c.dir/stdio/lib_setbuf.c.o
[783/1757] Building C object libs/libc/CMakeFiles/c.dir/stdio/lib_tmpfile.c.o
[784/1757] Building C object libs/libc/CMakeFiles/c.dir/stdio/lib_setvbuf.c.o
[785/1757] Building C object libs/libc/CMakeFiles/c.dir/stdio/lib_putwc.c.o
[786/1757] Building C object libs/libc/CMakeFiles/c.dir/stdio/lib_setbuffer.c.o
[787/1757] Building C object libs/libc/CMakeFiles/c.dir/stdio/lib_fputwc.c.o
[788/1757] Building C object libs/libc/CMakeFiles/c.dir/stdio/lib_libgetstreams.c.o
[789/1757] Building C object libs/libc/CMakeFiles/c.dir/stdio/lib_fputws.c.o
[790/1757] Building C object libs/libc/CMakeFiles/c.dir/stdio/lib_fopencookie.c.o
[791/1757] Building C object libs/libc/CMakeFiles/c.dir/stdio/lib_libfilelock.c.o
[792/1757] Building C object libs/libc/CMakeFiles/c.dir/stdio/lib_getwc.c.o
[793/1757] Building C object libs/libc/CMakeFiles/c.dir/stdlib/lib_abs.c.o
[794/1757] Building C object libs/libc/CMakeFiles/c.dir/stdio/lib_fgetwc.c.o
[795/1757] Building C object libs/libc/CMakeFiles/c.dir/stdio/lib_ungetwc.c.o
[796/1757] Building C object libs/libc/CMakeFiles/c.dir/stdlib/lib_atof.c.o
[797/1757] Building C object libs/libc/CMakeFiles/c.dir/stdio/lib_open_memstream.c.o
[798/1757] Building C object libs/libc/CMakeFiles/c.dir/stdlib/lib_atoi.c.o
[799/1757] Building C object libs/libc/CMakeFiles/c.dir/stdlib/lib_abort.c.o
[800/1757] Building C object libs/libc/CMakeFiles/c.dir/stdio/lib_fmemopen.c.o
[801/1757] Building C object libs/libc/CMakeFiles/c.dir/stdlib/lib_atol.c.o
[802/1757] Building C object libs/libc/CMakeFiles/c.dir/stdlib/lib_atoll.c.o
[803/1757] Building C object libs/libc/CMakeFiles/c.dir/stdlib/lib_getprogname.c.o
[804/1757] Building C object libs/libc/CMakeFiles/c.dir/stdlib/lib_div.c.o
[805/1757] Building C object libs/libc/CMakeFiles/c.dir/stdlib/lib_ldiv.c.o
[806/1757] Building C object libs/libc/CMakeFiles/c.dir/stdlib/lib_lldiv.c.o
[807/1757] Building C object libs/libc/CMakeFiles/c.dir/stdlib/lib_labs.c.o
[808/1757] Building C object libs/libc/CMakeFiles/c.dir/stdlib/lib_itoa.c.o
[809/1757] Building C object libs/libc/CMakeFiles/c.dir/stdlib/lib_llabs.c.o
[810/1757] Building C object libs/libc/CMakeFiles/c.dir/stdlib/lib_exit.c.o
[811/1757] Building C object libs/libc/CMakeFiles/c.dir/stdlib/lib_bsearch.c.o
[812/1757] Building C object libs/libc/CMakeFiles/c.dir/stdlib/lib_rand.c.o
[813/1757] Building C object libs/libc/CMakeFiles/c.dir/stdlib/lib_reallocarray.c.o
[814/1757] Building C object libs/libc/CMakeFiles/c.dir/stdlib/lib_realpath.c.o
[815/1757] Building C object libs/libc/CMakeFiles/c.dir/stdlib/lib_strtol.c.o
[816/1757] Building C object libs/libc/CMakeFiles/c.dir/stdlib/lib_srand.c.o
[817/1757] Building C object libs/libc/CMakeFiles/c.dir/stdlib/lib_rand48.c.o
[818/1757] Building C object libs/libc/CMakeFiles/c.dir/stdlib/lib_strtoll.c.o
[819/1757] Building C object libs/libc/CMakeFiles/c.dir/stdlib/lib_qsort.c.o
[820/1757] Building C object libs/libc/CMakeFiles/c.dir/stdlib/lib_strtoul.c.o
[821/1757] Building C object libs/libc/CMakeFiles/c.dir/stdlib/lib_strtoull.c.o
[822/1757] Building C object libs/libc/CMakeFiles/c.dir/stdlib/lib_checkbase.c.o
[823/1757] Building C object libs/libc/CMakeFiles/c.dir/stdlib/lib_mkstemp.c.o
[824/1757] Building C object libs/libc/CMakeFiles/c.dir/stdlib/lib_aligned_alloc.c.o
[825/1757] Building C object libs/libc/CMakeFiles/c.dir/stdlib/lib_posix_memalign.c.o
[826/1757] Building C object libs/libc/CMakeFiles/c.dir/stdlib/lib_mkdtemp.c.o
[827/1757] Building C object libs/libc/CMakeFiles/c.dir/stdlib/lib_mblen.c.o
[828/1757] Building C object libs/libc/CMakeFiles/c.dir/stdlib/lib_mktemp.c.o
[829/1757] Building C object libs/libc/CMakeFiles/c.dir/stdlib/lib_mbtowc.c.o
[830/1757] Building C object libs/libc/CMakeFiles/c.dir/stdlib/lib_valloc.c.o
[831/1757] Building C object libs/libc/CMakeFiles/c.dir/stdlib/lib_wctomb.c.o
[832/1757] Building C object libs/libc/CMakeFiles/c.dir/stdlib/lib_mbstowcs.c.o
[833/1757] Building C object libs/libc/CMakeFiles/c.dir/stdlib/lib_wcstombs.c.o
[834/1757] Building C object libs/libc/CMakeFiles/c.dir/stdlib/lib_arc4random.c.o
[835/1757] Building C object libs/libc/CMakeFiles/c.dir/stdlib/lib_atexit.c.o
[836/1757] Building C object libs/libc/CMakeFiles/c.dir/stream/lib_meminstream.c.o
[837/1757] Building C object libs/libc/CMakeFiles/c.dir/stream/lib_memoutstream.c.o
[838/1757] Building C object libs/libc/CMakeFiles/c.dir/stream/lib_memsistream.c.o
[839/1757] Building C object libs/libc/CMakeFiles/c.dir/stream/lib_memsostream.c.o
[840/1757] Building C object libs/libc/CMakeFiles/c.dir/stdlib/lib_strtold.c.o
[841/1757] Building C object libs/libc/CMakeFiles/c.dir/stream/lib_lowoutstream.c.o
[842/1757] Building C object libs/libc/CMakeFiles/c.dir/stream/lib_zeroinstream.c.o
[843/1757] Building C object libs/libc/CMakeFiles/c.dir/stream/lib_rawinstream.c.o
[844/1757] Building C object libs/libc/CMakeFiles/c.dir/stream/lib_rawoutstream.c.o
[845/1757] Building C object libs/libc/CMakeFiles/c.dir/stream/lib_nullinstream.c.o
[846/1757] Building C object libs/libc/CMakeFiles/c.dir/stream/lib_rawsistream.c.o
[847/1757] Building C object libs/libc/CMakeFiles/c.dir/stream/lib_mtdoutstream.c.o
[848/1757] Building C object libs/libc/CMakeFiles/c.dir/stream/lib_nulloutstream.c.o
[849/1757] Building C object libs/libc/CMakeFiles/c.dir/stream/lib_rawsostream.c.o
[850/1757] Building C object libs/libc/CMakeFiles/c.dir/stream/lib_mtdsostream.c.o
[851/1757] Building C object libs/libc/CMakeFiles/c.dir/stream/lib_libnoflush.c.o
[852/1757] Building C object libs/libc/CMakeFiles/c.dir/stream/lib_libsnoflush.c.o
[853/1757] Building C object libs/libc/CMakeFiles/c.dir/stream/lib_syslogstream.c.o
[854/1757] Building C object libs/libc/CMakeFiles/c.dir/stream/lib_bufferedoutstream.c.o
[855/1757] Building C object libs/libc/CMakeFiles/c.dir/stream/lib_filesistream.c.o
[856/1757] Building C object libs/libc/CMakeFiles/c.dir/stream/lib_hexdumpstream.c.o
[857/1757] Building C object libs/libc/CMakeFiles/c.dir/stream/lib_base64outstream.c.o
[858/1757] Building C object libs/libc/CMakeFiles/c.dir/stream/lib_fileoutstream.c.o
[859/1757] Building C object libs/libc/CMakeFiles/c.dir/stream/lib_libbsprintf.c.o
[860/1757] Building C object libs/libc/CMakeFiles/c.dir/stream/lib_libosprintf.c.o
[861/1757] Building C object libs/libc/CMakeFiles/c.dir/stream/lib_ultoa_invert.c.o
[862/1757] Building C object libs/libc/CMakeFiles/c.dir/stream/lib_dtoa_data.c.o
[863/1757] Building C object libs/libc/CMakeFiles/c.dir/stream/lib_syslograwstream.c.o
[864/1757] Building C object libs/libc/CMakeFiles/c.dir/stream/lib_dtoa_engine.c.o
[865/1757] Building C object libs/libc/CMakeFiles/c.dir/stream/lib_stdinstream.c.o
[866/1757] Building C object libs/libc/CMakeFiles/c.dir/stream/lib_stdsistream.c.o
[867/1757] Building C object libs/libc/CMakeFiles/c.dir/stream/lib_stdoutstream.c.o
[868/1757] Building C object libs/libc/CMakeFiles/c.dir/string/lib_bzero.c.o
[869/1757] Building C object libs/libc/CMakeFiles/c.dir/stream/lib_stdsostream.c.o
[870/1757] Building C object libs/libc/CMakeFiles/c.dir/string/lib_popcountl.c.o
[871/1757] Building C object libs/libc/CMakeFiles/c.dir/string/lib_popcount.c.o
[872/1757] Building C object libs/libc/CMakeFiles/c.dir/string/lib_popcountll.c.o
[873/1757] Building C object libs/libc/CMakeFiles/c.dir/string/lib_isbasedigit.c.o
[874/1757] Building C object libs/libc/CMakeFiles/c.dir/stream/lib_blkoutstream.c.o
[875/1757] Building C object libs/libc/CMakeFiles/c.dir/stream/lib_libvscanf.c.o
[876/1757] Building C object libs/libc/CMakeFiles/c.dir/string/lib_memmem.c.o
[877/1757] Building C object libs/libc/CMakeFiles/c.dir/string/lib_strcspn.c.o
[878/1757] Building C object libs/libc/CMakeFiles/c.dir/string/lib_skipspace.c.o
[879/1757] Building C object libs/libc/CMakeFiles/c.dir/string/lib_strcasecmp.c.o
[880/1757] Building C object libs/libc/CMakeFiles/c.dir/string/lib_strerror.c.o
[881/1757] Building C object libs/libc/CMakeFiles/c.dir/string/lib_strdup.c.o
[882/1757] Building C object libs/libc/CMakeFiles/c.dir/string/lib_strncasecmp.c.o
[883/1757] Building C object libs/libc/CMakeFiles/c.dir/stream/lib_libvsprintf.c.o
[884/1757] Building C object libs/libc/CMakeFiles/c.dir/string/lib_strncat.c.o
[885/1757] Building C object libs/libc/CMakeFiles/c.dir/string/lib_strpbrk.c.o
[886/1757] Building C object libs/libc/CMakeFiles/c.dir/string/lib_strcasestr.c.o
[887/1757] Building C object libs/libc/CMakeFiles/c.dir/string/lib_strspn.c.o
[888/1757] Building C object libs/libc/CMakeFiles/c.dir/string/lib_strndup.c.o
[889/1757] Building C object libs/libc/CMakeFiles/c.dir/string/lib_strsep.c.o
[890/1757] Building C object libs/libc/CMakeFiles/c.dir/string/lib_strtokr.c.o
[891/1757] Building C object libs/libc/CMakeFiles/c.dir/string/lib_strerrorr.c.o
[892/1757] Building C object libs/libc/CMakeFiles/c.dir/string/lib_explicit_bzero.c.o
[893/1757] Building C object libs/libc/CMakeFiles/c.dir/string/lib_strstr.c.o
[894/1757] Building C object libs/libc/CMakeFiles/c.dir/string/lib_strtok.c.o
[895/1757] Building C object libs/libc/CMakeFiles/c.dir/string/lib_index.c.o
[896/1757] Building C object libs/libc/CMakeFiles/c.dir/string/lib_strsignal.c.o
[897/1757] Building C object libs/libc/CMakeFiles/c.dir/string/lib_rindex.c.o
[898/1757] Building C object libs/libc/CMakeFiles/c.dir/string/lib_timingsafe_bcmp.c.o
[899/1757] Building C object libs/libc/CMakeFiles/c.dir/string/lib_memmove.c.o
[900/1757] Building C object libs/libc/CMakeFiles/c.dir/string/lib_rawmemchr.c.o
[901/1757] Building C object libs/libc/CMakeFiles/c.dir/string/lib_strverscmp.c.o
[902/1757] Building C object libs/libc/CMakeFiles/c.dir/string/lib_strlcpy.c.o
[903/1757] Building C object libs/libc/CMakeFiles/c.dir/string/lib_strnlen.c.o
[904/1757] Building C object libs/libc/CMakeFiles/c.dir/string/lib_bsdmemcpy.c.o
[905/1757] Building C object libs/libc/CMakeFiles/c.dir/string/lib_strlcat.c.o
[906/1757] Building C object libs/libc/CMakeFiles/c.dir/string/lib_bsdmemcmp.c.o
[907/1757] Building C object libs/libc/CMakeFiles/c.dir/string/lib_bsdmemset.c.o
[908/1757] Building C object libs/libc/CMakeFiles/c.dir/string/lib_bsdstrchr.c.o
[909/1757] Building C object libs/libc/CMakeFiles/c.dir/string/lib_bsdmemccpy.c.o
[910/1757] Building C object libs/libc/CMakeFiles/c.dir/string/lib_bsdstrcmp.c.o
[911/1757] Building C object libs/libc/CMakeFiles/c.dir/string/lib_bsdstrlen.c.o
[912/1757] Building C object libs/libc/CMakeFiles/c.dir/string/lib_bsdmemrchr.c.o
[913/1757] Building C object libs/libc/CMakeFiles/c.dir/string/lib_bsdstrncpy.c.o
[914/1757] Building C object libs/libc/CMakeFiles/c.dir/string/lib_bsdstpncpy.c.o
[915/1757] Building C object libs/libc/CMakeFiles/c.dir/string/lib_bsdmemchr.c.o
[916/1757] Building C object libs/libc/CMakeFiles/c.dir/string/lib_bsdstrcpy.c.o
[917/1757] Building C object libs/libc/CMakeFiles/c.dir/string/lib_bsdstrchrnul.c.o
[918/1757] Building C object libs/libc/CMakeFiles/c.dir/string/lib_bsdstpcpy.c.o
[919/1757] Building C object libs/libc/CMakeFiles/c.dir/string/lib_bsdstrcat.c.o
[920/1757] Building C object libs/libc/CMakeFiles/c.dir/string/lib_bsdstrrchr.c.o
[921/1757] Building C object libs/libc/CMakeFiles/c.dir/string/lib_bsdstrncmp.c.o
[922/1757] Building C object libs/libc/CMakeFiles/c.dir/symtab/symtab_sortbyname.c.o
[923/1757] Building C object libs/libc/CMakeFiles/c.dir/symtab/symtab_findbyname.c.o
[924/1757] Building C object libs/libc/CMakeFiles/c.dir/symtab/symtab_findbyvalue.c.o
[925/1757] Building C object libs/libc/CMakeFiles/c.dir/termios/lib_cfspeed.c.o
[926/1757] Building C object libs/libc/CMakeFiles/c.dir/termios/lib_cfmakeraw.c.o
[927/1757] Building C object libs/libc/CMakeFiles/c.dir/syslog/lib_setlogmask.c.o
[928/1757] Building C object libs/libc/CMakeFiles/c.dir/termios/lib_tcflush.c.o
[929/1757] Building C object libs/libc/CMakeFiles/c.dir/termios/lib_tcdrain.c.o
[930/1757] Building C object libs/libc/CMakeFiles/c.dir/termios/lib_tcflow.c.o
[931/1757] Building C object libs/libc/CMakeFiles/c.dir/termios/lib_isatty.c.o
[932/1757] Building C object libs/libc/CMakeFiles/c.dir/syslog/lib_syslog.c.o
[933/1757] Building C object libs/libc/CMakeFiles/c.dir/termios/lib_tcgetattr.c.o
[934/1757] Building C object libs/libc/CMakeFiles/c.dir/termios/lib_tcsetattr.c.o
[935/1757] Building C object libs/libc/CMakeFiles/c.dir/termios/lib_tcsendbreak.c.o
[936/1757] Building C object libs/libc/CMakeFiles/c.dir/termios/lib_ttynamer.c.o
[937/1757] Building C object libs/libc/CMakeFiles/c.dir/time/lib_daysbeforemonth.c.o
[938/1757] Building C object libs/libc/CMakeFiles/c.dir/termios/lib_ttyname.c.o
[939/1757] Building C object libs/libc/CMakeFiles/c.dir/time/lib_gettimeofday.c.o
[940/1757] Building C object libs/libc/CMakeFiles/c.dir/time/lib_calendar2utc.c.o
[941/1757] Building C object libs/libc/CMakeFiles/c.dir/time/lib_isleapyear.c.o
[942/1757] Building C object libs/libc/CMakeFiles/c.dir/time/lib_settimeofday.c.o
[943/1757] Building C object libs/libc/CMakeFiles/c.dir/time/lib_timespec_get.c.o
[944/1757] Building C object libs/libc/CMakeFiles/c.dir/time/lib_nanosleep.c.o
[945/1757] Building C object libs/libc/CMakeFiles/c.dir/time/lib_time.c.o
[946/1757] Building C object libs/libc/CMakeFiles/c.dir/time/lib_difftime.c.o
[947/1757] Building C object libs/libc/CMakeFiles/c.dir/time/lib_dayofweek.c.o
[948/1757] Building C object libs/libc/CMakeFiles/c.dir/time/lib_strftime.c.o
[949/1757] Building C object libs/libc/CMakeFiles/c.dir/time/lib_asctime.c.o
[950/1757] Building C object libs/libc/CMakeFiles/c.dir/time/lib_ctime.c.o
[951/1757] Building C object libs/libc/CMakeFiles/c.dir/time/lib_ctimer.c.o
[952/1757] Building C object libs/libc/CMakeFiles/c.dir/time/lib_gethrtime.c.o
[953/1757] Building C object libs/libc/CMakeFiles/c.dir/time/lib_asctimer.c.o
[954/1757] Building C object libs/libc/CMakeFiles/c.dir/time/lib_gmtime.c.o
[955/1757] Building C object libs/libc/CMakeFiles/c.dir/tls/tls_getinfo.c.o
[956/1757] Building C object libs/libc/CMakeFiles/c.dir/time/lib_timegm.c.o
[957/1757] Building C object libs/libc/CMakeFiles/c.dir/tls/task_tls.c.o
[958/1757] Building C object libs/libc/CMakeFiles/c.dir/time/lib_gmtimer.c.o
[959/1757] Building C object libs/libc/CMakeFiles/c.dir/uio/lib_preadv.c.o
[960/1757] Building C object libs/libc/CMakeFiles/c.dir/time/lib_strptime.c.o
[961/1757] Building C object libs/libc/CMakeFiles/c.dir/tls/task_tls_destruct.c.o
[962/1757] Building C object libs/libc/CMakeFiles/c.dir/uio/lib_pwritev.c.o
[963/1757] Building C object libs/libc/CMakeFiles/c.dir/unistd/lib_daemon.c.o
[964/1757] Building C object libs/libc/CMakeFiles/c.dir/unistd/lib_access.c.o
[965/1757] Building C object libs/libc/CMakeFiles/c.dir/unistd/lib_pathconf.c.o
[966/1757] Building C object libs/libc/CMakeFiles/c.dir/unistd/lib_swab.c.o
[967/1757] Building C object libs/libc/CMakeFiles/c.dir/unistd/lib_sysconf.c.o
[968/1757] Building C object libs/libc/CMakeFiles/c.dir/unistd/lib_getcwd.c.o
[969/1757] Building C object libs/libc/CMakeFiles/c.dir/unistd/lib_getentropy.c.o
[970/1757] Building C object libs/libc/CMakeFiles/c.dir/unistd/lib_getopt_long.c.o
[971/1757] Building C object libs/libc/CMakeFiles/c.dir/unistd/lib_getopt_longonly.c.o
[972/1757] Building C object libs/libc/CMakeFiles/c.dir/unistd/lib_getoptvars.c.o
[973/1757] Building C object libs/libc/CMakeFiles/c.dir/unistd/lib_getopt.c.o
[974/1757] Building C object libs/libc/CMakeFiles/c.dir/unistd/lib_getoptargp.c.o
[975/1757] Building C object libs/libc/CMakeFiles/c.dir/unistd/lib_getopt_common.c.o
[976/1757] Building C object libs/libc/CMakeFiles/c.dir/unistd/lib_getopterrp.c.o
[977/1757] Building C object libs/libc/CMakeFiles/c.dir/unistd/lib_times.c.o
[978/1757] Building C object libs/libc/CMakeFiles/c.dir/unistd/lib_getoptindp.c.o
[979/1757] Building C object libs/libc/CMakeFiles/c.dir/unistd/lib_fstatvfs.c.o
[980/1757] Building C object libs/libc/CMakeFiles/c.dir/unistd/lib_statvfs.c.o
[981/1757] Building C object libs/libc/CMakeFiles/c.dir/unistd/lib_getoptoptp.c.o
[982/1757] Building C object libs/libc/CMakeFiles/c.dir/unistd/lib_alarm.c.o
[983/1757] Building C object libs/libc/CMakeFiles/c.dir/unistd/lib_getrusage.c.o
[984/1757] Building C object libs/libc/CMakeFiles/c.dir/unistd/lib_sleep.c.o
[985/1757] Building C object libs/libc/CMakeFiles/c.dir/unistd/lib_utime.c.o
[986/1757] Building C object libs/libc/CMakeFiles/c.dir/unistd/lib_nice.c.o
[987/1757] Building C object libs/libc/CMakeFiles/c.dir/unistd/lib_setreuid.c.o
[988/1757] Building C object libs/libc/CMakeFiles/c.dir/unistd/lib_setrlimit.c.o
[989/1757] Building C object libs/libc/CMakeFiles/c.dir/unistd/lib_setregid.c.o
[990/1757] Building C object libs/libc/CMakeFiles/c.dir/unistd/lib_utimes.c.o
[991/1757] Building C object libs/libc/CMakeFiles/c.dir/unistd/lib_futimes.c.o
[992/1757] Building C object libs/libc/CMakeFiles/c.dir/unistd/lib_lutimes.c.o
[993/1757] Building C object libs/libc/CMakeFiles/c.dir/unistd/lib_setpriority.c.o
[994/1757] Building C object libs/libc/CMakeFiles/c.dir/unistd/lib_getpriority.c.o
[995/1757] Building C object libs/libc/CMakeFiles/c.dir/unistd/lib_getrlimit.c.o
[996/1757] Building C object libs/libc/CMakeFiles/c.dir/unistd/lib_gethostname.c.o
[997/1757] Building C object libs/libc/CMakeFiles/c.dir/unistd/lib_sethostname.c.o
[998/1757] Building C object libs/libc/CMakeFiles/c.dir/unistd/lib_fchownat.c.o
[999/1757] Building C object libs/libc/CMakeFiles/c.dir/unistd/lib_linkat.c.o
[1000/1757] Building C object libs/libc/CMakeFiles/c.dir/unistd/lib_readlinkat.c.o
[1001/1757] Building C object libs/libc/CMakeFiles/c.dir/unistd/lib_symlinkat.c.o
[1002/1757] Building C object libs/libc/CMakeFiles/c.dir/unistd/lib_usleep.c.o
[1003/1757] Building C object libs/libc/CMakeFiles/c.dir/unistd/lib_unlinkat.c.o
[1004/1757] Building C object libs/libc/CMakeFiles/c.dir/unistd/lib_getpgrp.c.o
[1005/1757] Building C object libs/libc/CMakeFiles/c.dir/unistd/lib_getpgid.c.o
[1006/1757] Building C object libs/libc/CMakeFiles/c.dir/unistd/lib_lockf.c.o
[1007/1757] Building C object libs/libc/CMakeFiles/c.dir/unistd/lib_flock.c.o
[1008/1757] Building C object libs/libc/CMakeFiles/c.dir/unistd/lib_ulimit.c.o
[1009/1757] Building C object libs/libc/CMakeFiles/c.dir/unistd/lib_confstr.c.o
[1010/1757] Building C object libs/libc/CMakeFiles/c.dir/unistd/lib_getpass.c.o
[1011/1757] Building C object libs/libc/CMakeFiles/c.dir/unistd/lib_setuid.c.o
[1012/1757] Building C object libs/libc/CMakeFiles/c.dir/unistd/lib_getuid.c.o
[1013/1757] Building C object libs/libc/CMakeFiles/c.dir/unistd/lib_setgid.c.o
[1014/1757] Building C object libs/libc/CMakeFiles/c.dir/unistd/lib_getgid.c.o
[1015/1757] Building C object libs/libc/CMakeFiles/c.dir/unistd/lib_seteuid.c.o
[1016/1757] Building C object libs/libc/CMakeFiles/c.dir/unistd/lib_geteuid.c.o
[1017/1757] Building C object libs/libc/CMakeFiles/c.dir/unistd/lib_setegid.c.o
[1018/1757] Building C object libs/libc/CMakeFiles/c.dir/unistd/lib_getegid.c.o
[1019/1757] Building C object libs/libc/CMakeFiles/c.dir/unistd/lib_chdir.c.o
[1020/1757] Building C object libs/libc/CMakeFiles/c.dir/unistd/lib_fchdir.c.o
[1021/1757] Building C object libs/libc/CMakeFiles/c.dir/unistd/lib_restoredir.c.o
[1022/1757] Building C object libs/libc/CMakeFiles/c.dir/unistd/lib_execv.c.o
[1023/1757] Building C object libs/libc/CMakeFiles/c.dir/unistd/lib_execl.c.o
[1024/1757] Building C object libs/libc/CMakeFiles/c.dir/unistd/lib_execle.c.o
[1025/1757] Building C object libs/libc/CMakeFiles/c.dir/unistd/lib_truncate.c.o
[1026/1757] Building C object libs/libc/CMakeFiles/c.dir/unistd/lib_posix_fallocate.c.o
[1027/1757] Building C object libs/libc/CMakeFiles/c.dir/uuid/lib_uuid_compare.c.o
[1028/1757] Building C object libs/libc/CMakeFiles/c.dir/unistd/lib_pipe.c.o
[1029/1757] Building C object libs/libc/CMakeFiles/c.dir/unistd/lib_fork.c.o
[1030/1757] Building C object libs/libc/CMakeFiles/c.dir/uuid/lib_uuid_create_nil.c.o
[1031/1757] Building C object libs/libc/CMakeFiles/c.dir/uuid/lib_uuid_create.c.o
[1032/1757] Building C object libs/libc/CMakeFiles/c.dir/uuid/lib_uuid_equal.c.o
[1033/1757] Building C object libs/libc/CMakeFiles/c.dir/uuid/lib_uuid_hash.c.o
[1034/1757] Building C object libs/libc/CMakeFiles/c.dir/uuid/lib_uuid_from_string.c.o
[1035/1757] Building C object libs/libc/CMakeFiles/c.dir/uuid/lib_uuid_is_nil.c.o
[1036/1757] Building C object libs/libc/CMakeFiles/c.dir/uuid/lib_uuid_stream.c.o
[1037/1757] Building C object libs/libc/CMakeFiles/c.dir/wchar/lib_wcscmp.c.o
[1038/1757] Building C object libs/libc/CMakeFiles/c.dir/wchar/lib_wcslen.c.o
[1039/1757] Building C object libs/libc/CMakeFiles/c.dir/uuid/lib_uuid_to_string.c.o
[1040/1757] Building C object libs/libc/CMakeFiles/c.dir/wchar/lib_wmemchr.c.o
[1041/1757] Building C object libs/libc/CMakeFiles/c.dir/wchar/lib_wmemcmp.c.o
[1042/1757] Building C object libs/libc/CMakeFiles/c.dir/wchar/lib_wmemcpy.c.o
[1043/1757] Building C object libs/libc/CMakeFiles/c.dir/wchar/lib_wmemmove.c.o
[1044/1757] Building C object libs/libc/CMakeFiles/c.dir/wchar/lib_wmemset.c.o
[1045/1757] Building C object libs/libc/CMakeFiles/c.dir/wchar/lib_btowc.c.o
[1046/1757] Building C object libs/libc/CMakeFiles/c.dir/wchar/lib_wctob.c.o
[1047/1757] Building C object libs/libc/CMakeFiles/c.dir/wchar/lib_wcslcpy.c.o
[1048/1757] Building C object libs/libc/CMakeFiles/c.dir/wchar/lib_mbrtowc.c.o
[1049/1757] Building C object libs/libc/CMakeFiles/c.dir/wchar/lib_wcsxfrm.c.o
[1050/1757] Building C object libs/libc/CMakeFiles/c.dir/wchar/lib_wcsftime.c.o
[1051/1757] Building C object libs/libc/CMakeFiles/c.dir/wchar/lib_wcrtomb.c.o
[1052/1757] Building C object libs/libc/CMakeFiles/c.dir/wchar/lib_wcscoll.c.o
[1053/1757] Building C object libs/libc/CMakeFiles/c.dir/wchar/lib_wcstol.c.o
[1054/1757] Building C object libs/libc/CMakeFiles/c.dir/wchar/lib_wcstoul.c.o
[1055/1757] Building C object libs/libc/CMakeFiles/c.dir/wchar/lib_wcstoll.c.o
[1056/1757] Building C object libs/libc/CMakeFiles/c.dir/wchar/lib_wcstoull.c.o
[1057/1757] Building C object libs/libc/CMakeFiles/c.dir/wchar/lib_wcstof.c.o
[1058/1757] Building C object libs/libc/CMakeFiles/c.dir/wchar/lib_wcstold.c.o
[1059/1757] Building C object libs/libc/CMakeFiles/c.dir/wchar/lib_wcstod.c.o
[1060/1757] Building C object libs/libc/CMakeFiles/c.dir/wchar/lib_swprintf.c.o
[1061/1757] Building C object libs/libc/CMakeFiles/c.dir/wchar/lib_mbsinit.c.o
[1062/1757] Building C object libs/libc/CMakeFiles/c.dir/wchar/lib_mbsnrtowcs.c.o
[1063/1757] Building C object libs/libc/CMakeFiles/c.dir/wchar/lib_mbrlen.c.o
[1064/1757] Building C object libs/libc/CMakeFiles/c.dir/wchar/lib_mbsrtowcs.c.o
[1065/1757] Building C object libs/libc/CMakeFiles/c.dir/wchar/lib_wcsnrtombs.c.o
[1066/1757] Building C object libs/libc/CMakeFiles/c.dir/wchar/lib_wcsrtombs.c.o
[1067/1757] Building C object libs/libc/CMakeFiles/c.dir/wchar/lib_wcscpy.c.o
[1068/1757] Building C object libs/libc/CMakeFiles/c.dir/wchar/lib_wcscat.c.o
[1069/1757] Building C object libs/libc/CMakeFiles/c.dir/wchar/lib_wcsncat.c.o
[1070/1757] Building C object libs/libc/CMakeFiles/c.dir/wchar/lib_wcslcat.c.o
[1071/1757] Building C object libs/libc/CMakeFiles/c.dir/wchar/lib_wcsrchr.c.o
[1072/1757] Building C object libs/libc/CMakeFiles/c.dir/wchar/lib_wcsncpy.c.o
[1073/1757] Building C object libs/libc/CMakeFiles/c.dir/wchar/lib_wcschr.c.o
[1074/1757] Building C object libs/libc/CMakeFiles/c.dir/wchar/lib_wcsncmp.c.o
[1075/1757] Building C object libs/libc/CMakeFiles/c.dir/wchar/lib_wcscspn.c.o
[1076/1757] Building C object libs/libc/CMakeFiles/c.dir/wchar/lib_wcspbrk.c.o
[1077/1757] Building C object libs/libc/CMakeFiles/c.dir/wchar/lib_wcsspn.c.o
[1078/1757] Building C object libs/libc/CMakeFiles/c.dir/wchar/lib_wcswcs.c.o
[1079/1757] Building C object libs/libc/CMakeFiles/c.dir/wchar/lib_wcstok.c.o
[1080/1757] Building C object libs/libc/CMakeFiles/c.dir/wchar/lib_wcwidth.c.o
[1081/1757] Building C object libs/libc/CMakeFiles/c.dir/wctype/lib_wctype.c.o
[1082/1757] Building C object libs/libc/CMakeFiles/c.dir/wchar/lib_wcswidth.c.o
[1083/1757] Building C object libs/libc/CMakeFiles/c.dir/wchar/lib_wcsstr.c.o
[1084/1757] Building C object libs/libc/CMakeFiles/c.dir/wctype/lib_towlower.c.o
[1085/1757] Building C object libs/libc/CMakeFiles/c.dir/wctype/lib_towupper.c.o
[1086/1757] Building C object libs/libc/CMakeFiles/c.dir/wctype/lib_iswctype.c.o
[1087/1757] Building C object mm/CMakeFiles/mm.dir/iob/iob_add_queue.c.o
[1088/1757] Building C object mm/CMakeFiles/mm.dir/iob/iob_alloc_qentry.c.o
[1089/1757] Building C object mm/CMakeFiles/mm.dir/iob/iob_concat.c.o
[1090/1757] Building C object mm/CMakeFiles/mm.dir/iob/iob_clone.c.o
[1091/1757] Building C object mm/CMakeFiles/mm.dir/iob/iob_copyout.c.o
[1092/1757] Building C object mm/CMakeFiles/mm.dir/iob/iob_alloc.c.o
[1093/1757] Building C object mm/CMakeFiles/mm.dir/iob/iob_copyin.c.o
[1094/1757] Building C object mm/CMakeFiles/mm.dir/iob/iob_contig.c.o
[1095/1757] Building C object mm/CMakeFiles/mm.dir/iob/iob_free.c.o
[1096/1757] Building C object mm/CMakeFiles/mm.dir/iob/iob_free_qentry.c.o
[1097/1757] Building C object mm/CMakeFiles/mm.dir/iob/iob_free_queue.c.o
[1098/1757] Building C object mm/CMakeFiles/mm.dir/iob/iob_free_chain.c.o
[1099/1757] Building C object mm/CMakeFiles/mm.dir/iob/iob_peek_queue.c.o
[1100/1757] Building C object mm/CMakeFiles/mm.dir/iob/iob_initialize.c.o
[1101/1757] Building C object mm/CMakeFiles/mm.dir/iob/iob_remove_queue.c.o
[1102/1757] Building C object mm/CMakeFiles/mm.dir/iob/iob_pack.c.o
[1103/1757] Building C object mm/CMakeFiles/mm.dir/iob/iob_trimhead_queue.c.o
[1104/1757] Building C object mm/CMakeFiles/mm.dir/iob/iob_statistics.c.o
[1105/1757] Building C object mm/CMakeFiles/mm.dir/iob/iob_trimhead.c.o
[1106/1757] Building C object mm/CMakeFiles/mm.dir/iob/iob_free_queue_qentry.c.o
[1107/1757] Building C object mm/CMakeFiles/mm.dir/iob/iob_navail.c.o
[1108/1757] Building C object mm/CMakeFiles/mm.dir/iob/iob_trimtail.c.o
[1109/1757] Building C object mm/CMakeFiles/mm.dir/iob/iob_tailroom.c.o
[1110/1757] Building C object mm/CMakeFiles/mm.dir/iob/iob_get_queue_info.c.o
[1111/1757] Building C object mm/CMakeFiles/mm.dir/iob/iob_reserve.c.o
[1112/1757] Building C object mm/CMakeFiles/mm.dir/iob/iob_count.c.o
[1113/1757] Building C object mm/CMakeFiles/mm.dir/kasan/hook.c.o
[1114/1757] Building C object mm/CMakeFiles/mm.dir/iob/iob_update_pktlen.c.o
[1115/1757] Building C object mm/CMakeFiles/mm.dir/iob/iob_dump.c.o
[1116/1757] Building C object mm/CMakeFiles/mm.dir/mempool/mempool_procfs.c.o
[1117/1757] Building C object mm/CMakeFiles/mm.dir/mm_heap/mm_malloc_size.c.o
[1118/1757] Building C object mm/CMakeFiles/mm.dir/mm_heap/mm_shrinkchunk.c.o
[1119/1757] Building C object mm/CMakeFiles/mm.dir/mm_heap/mm_initialize.c.o
[1120/1757] Building C object mm/CMakeFiles/mm.dir/map/mm_map.c.o
[1121/1757] Building C object mm/CMakeFiles/mm.dir/mempool/mempool.c.o
[1122/1757] Building C object mm/CMakeFiles/mm.dir/mm_heap/mm_calloc.c.o
[1123/1757] Building C object mm/CMakeFiles/mm.dir/mm_heap/mm_brkaddr.c.o
[1124/1757] Building C object mm/CMakeFiles/mm.dir/mm_heap/mm_extend.c.o
[1125/1757] Building C object mm/CMakeFiles/mm.dir/mm_heap/mm_mallinfo.c.o
[1126/1757] Building C object mm/CMakeFiles/mm.dir/mempool/mempool_multiple.c.o
[1127/1757] Building C object mm/CMakeFiles/mm.dir/mm_heap/mm_foreach.c.o
[1128/1757] Building C object mm/CMakeFiles/mm.dir/mm_heap/mm_free.c.o
[1129/1757] Building C object mm/CMakeFiles/mm.dir/mm_heap/mm_malloc.c.o
[1130/1757] Building C object mm/CMakeFiles/mm.dir/mm_heap/mm_memalign.c.o
[1131/1757] Building C object mm/CMakeFiles/mm.dir/mm_heap/mm_zalloc.c.o
[1132/1757] Building C object mm/CMakeFiles/mm.dir/umm_heap/umm_globals.c.o
[1133/1757] Building C object mm/CMakeFiles/mm.dir/mm_heap/mm_heapmember.c.o
[1134/1757] Building C object mm/CMakeFiles/mm.dir/umm_heap/umm_initialize.c.o
[1135/1757] Linking C static library libs/libc/libc.a
[1136/1757] Building C object mm/CMakeFiles/mm.dir/umm_heap/umm_addregion.c.o
[1137/1757] Building C object mm/CMakeFiles/mm.dir/umm_heap/umm_malloc_size.c.o
[1138/1757] Building C object mm/CMakeFiles/mm.dir/umm_heap/umm_brkaddr.c.o
[1139/1757] Building C object mm/CMakeFiles/mm.dir/mm_heap/mm_memdump.c.o
[1140/1757] Building C object mm/CMakeFiles/mm.dir/mm_heap/mm_realloc.c.o
[1141/1757] Building C object mm/CMakeFiles/mm.dir/umm_heap/umm_calloc.c.o
[1142/1757] Building C object mm/CMakeFiles/mm.dir/umm_heap/umm_extend.c.o
[1143/1757] Building C object mm/CMakeFiles/mm.dir/umm_heap/umm_free.c.o
[1144/1757] Building C object mm/CMakeFiles/mm.dir/umm_heap/umm_mallinfo.c.o
[1145/1757] Building C object mm/CMakeFiles/mm.dir/umm_heap/umm_malloc.c.o
[1146/1757] Building C object mm/CMakeFiles/mm.dir/umm_heap/umm_memalign.c.o
[1147/1757] Building C object mm/CMakeFiles/mm.dir/umm_heap/umm_realloc.c.o
[1148/1757] Building C object mm/CMakeFiles/mm.dir/umm_heap/umm_zalloc.c.o
[1149/1757] Building C object mm/CMakeFiles/mm.dir/umm_heap/umm_heapmember.c.o
[1150/1757] Building C object mm/CMakeFiles/mm.dir/umm_heap/umm_memdump.c.o
[1151/1757] Building C object net/CMakeFiles/net.dir/arp/arp_input.c.o
[1152/1757] Building C object net/CMakeFiles/net.dir/arp/arp_out.c.o
[1153/1757] Building C object net/CMakeFiles/net.dir/arp/arp_format.c.o
[1154/1757] Building C object net/CMakeFiles/net.dir/arp/arp_poll.c.o
[1155/1757] Linking C static library mm/libmm.a
[1156/1757] Building C object net/CMakeFiles/net.dir/arp/arp_table.c.o
[1157/1757] Building C object net/CMakeFiles/net.dir/arp/arp_notify.c.o
[1158/1757] Building C object net/CMakeFiles/net.dir/devif/devif_send.c.o
[1159/1757] Building C object net/CMakeFiles/net.dir/devif/devif_loopback.c.o
[1160/1757] Building C object net/CMakeFiles/net.dir/arp/arp_send.c.o
[1161/1757] Building C object net/CMakeFiles/net.dir/devif/devif_callback.c.o
[1162/1757] Building C object net/CMakeFiles/net.dir/devif/devif_iobsend.c.o
[1163/1757] Building C object net/CMakeFiles/net.dir/devif/ipv4_input.c.o
[1164/1757] Building C object net/CMakeFiles/net.dir/devif/devif_filesend.c.o
[1165/1757] Building C object net/CMakeFiles/net.dir/icmp/icmp_input.c.o
[1166/1757] Building C object net/CMakeFiles/net.dir/inet/inet_globals.c.o
[1167/1757] Building C object net/CMakeFiles/net.dir/icmp/icmp_reply.c.o
[1168/1757] Building C object net/CMakeFiles/net.dir/inet/inet_txdrain.c.o
[1169/1757] Building C object net/CMakeFiles/net.dir/devif/devif_poll.c.o
[1170/1757] Building C object net/CMakeFiles/net.dir/inet/inet_sockif.c.o
[1171/1757] Building C object net/CMakeFiles/net.dir/inet/ipv4_getsockname.c.o
[1172/1757] Building C object net/CMakeFiles/net.dir/inet/ipv4_getpeername.c.o
[1173/1757] Building C object net/CMakeFiles/net.dir/inet/ipv4_build_header.c.o
[1174/1757] Building C object net/CMakeFiles/net.dir/inet/ipv4_getsockopt.c.o
[1175/1757] Building C object net/CMakeFiles/net.dir/local/local_release.c.o
[1176/1757] Building C object net/CMakeFiles/net.dir/inet/ipv4_setsockopt.c.o
[1177/1757] Building C object net/CMakeFiles/net.dir/local/local_bind.c.o
[1178/1757] Building C object net/CMakeFiles/net.dir/local/local_conn.c.o
[1179/1757] Building C object net/CMakeFiles/net.dir/local/local_recvutils.c.o
[1180/1757] Building C object net/CMakeFiles/net.dir/local/local_sendpacket.c.o
[1181/1757] Building C object net/CMakeFiles/net.dir/local/local_recvmsg.c.o
[1182/1757] Building C object net/CMakeFiles/net.dir/local/local_fifo.c.o
[1183/1757] Building C object net/CMakeFiles/net.dir/local/local_sendmsg.c.o
[1184/1757] Building C object net/CMakeFiles/net.dir/local/local_netpoll.c.o
[1185/1757] Building C object net/CMakeFiles/net.dir/local/local_listen.c.o
[1186/1757] Building C object net/CMakeFiles/net.dir/local/local_connect.c.o
[1187/1757] Building C object net/CMakeFiles/net.dir/netdev/netdev_txnotify.c.o
[1188/1757] Building C object net/CMakeFiles/net.dir/local/local_accept.c.o
[1189/1757] Building C object net/CMakeFiles/net.dir/local/local_sockif.c.o
[1190/1757] Building C object net/CMakeFiles/net.dir/netdev/netdev_register.c.o
[1191/1757] Building C object net/CMakeFiles/net.dir/netdev/netdev_findbyname.c.o
[1192/1757] Building C object net/CMakeFiles/net.dir/netdev/netdev_findbyaddr.c.o
[1193/1757] Building C object net/CMakeFiles/net.dir/netdev/netdev_findbyindex.c.o
[1194/1757] Building C object net/CMakeFiles/net.dir/netdev/netdev_count.c.o
[1195/1757] Building C object net/CMakeFiles/net.dir/netdev/netdev_foreach.c.o
[1196/1757] Building C object net/CMakeFiles/net.dir/netdev/netdev_ifconf.c.o
[1197/1757] Building C object net/CMakeFiles/net.dir/netdev/netdev_ioctl.c.o
[1198/1757] Building C object net/CMakeFiles/net.dir/netdev/netdev_unregister.c.o
[1199/1757] Building C object net/CMakeFiles/net.dir/netdev/netdev_carrier.c.o
[1200/1757] Building C object net/CMakeFiles/net.dir/netdev/netdev_verify.c.o
[1201/1757] Building C object net/CMakeFiles/net.dir/netdev/netdev_default.c.o
[1202/1757] Building C object net/CMakeFiles/net.dir/netdev/netdev_lladdrsize.c.o
[1203/1757] Building C object net/CMakeFiles/net.dir/netdev/netdev_checksum.c.o
[1204/1757] Building C object net/CMakeFiles/net.dir/netdev/netdev_input.c.o
[1205/1757] Building C object net/CMakeFiles/net.dir/netdev/netdev_iob.c.o
[1206/1757] Building C object net/CMakeFiles/net.dir/socket/accept.c.o
[1207/1757] Building C object net/CMakeFiles/net.dir/socket/bind.c.o
[1208/1757] Building C object net/CMakeFiles/net.dir/socket/connect.c.o
[1209/1757] Building C object net/CMakeFiles/net.dir/procfs/netdev_statistics.c.o
[1210/1757] Building C object net/CMakeFiles/net.dir/socket/getpeername.c.o
[1211/1757] Building C object net/CMakeFiles/net.dir/socket/getsockname.c.o
[1212/1757] Building C object net/CMakeFiles/net.dir/procfs/net_procfs.c.o
[1213/1757] Building C object net/CMakeFiles/net.dir/socket/listen.c.o
[1214/1757] Building C object net/CMakeFiles/net.dir/socket/recv.c.o
[1215/1757] Building C object net/CMakeFiles/net.dir/socket/recvfrom.c.o
[1216/1757] Building C object net/CMakeFiles/net.dir/socket/send.c.o
[1217/1757] Building C object net/CMakeFiles/net.dir/socket/sendto.c.o
[1218/1757] Building C object net/CMakeFiles/net.dir/socket/socket.c.o
[1219/1757] Building C object net/CMakeFiles/net.dir/socket/socketpair.c.o
[1220/1757] Building C object net/CMakeFiles/net.dir/socket/recvmsg.c.o
[1221/1757] Building C object net/CMakeFiles/net.dir/socket/net_close.c.o
[1222/1757] Building C object net/CMakeFiles/net.dir/socket/sendmsg.c.o
[1223/1757] Building C object net/CMakeFiles/net.dir/socket/shutdown.c.o
[1224/1757] Building C object net/CMakeFiles/net.dir/socket/net_poll.c.o
[1225/1757] Building C object net/CMakeFiles/net.dir/socket/net_sockif.c.o
[1226/1757] Building C object net/CMakeFiles/net.dir/socket/net_mmap.c.o
[1227/1757] Building C object net/CMakeFiles/net.dir/socket/net_dup2.c.o
[1228/1757] Building C object net/CMakeFiles/net.dir/socket/net_fstat.c.o
[1229/1757] Building C object net/CMakeFiles/net.dir/socket/net_timeo.c.o
[1230/1757] Building C object net/CMakeFiles/net.dir/socket/getsockopt.c.o
[1231/1757] Building C object net/CMakeFiles/net.dir/utils/net_dsec2tick.c.o
[1232/1757] Building C object net/CMakeFiles/net.dir/socket/setsockopt.c.o
[1233/1757] Building C object net/CMakeFiles/net.dir/utils/net_dsec2timeval.c.o
[1234/1757] Building C object net/CMakeFiles/net.dir/utils/net_timeval2dsec.c.o
[1235/1757] Building C object net/CMakeFiles/net.dir/utils/net_incr32.c.o
[1236/1757] Building C object net/CMakeFiles/net.dir/utils/net_ipchksum.c.o
[1237/1757] Building C object net/CMakeFiles/net.dir/utils/net_chksum.c.o
[1238/1757] Building C object sched/CMakeFiles/sched.dir/clock/clock.c.o
[1239/1757] Building C object net/CMakeFiles/net.dir/utils/net_cmsg.c.o
[1240/1757] Building C object sched/CMakeFiles/sched.dir/clock/clock_getres.c.o
[1241/1757] Building C object sched/CMakeFiles/sched.dir/clock/clock_initialize.c.o
[1242/1757] Building C object sched/CMakeFiles/sched.dir/clock/clock_notifier.c.o
[1243/1757] Building C object sched/CMakeFiles/sched.dir/clock/clock_settime.c.o
[1244/1757] Building C object net/CMakeFiles/net.dir/utils/net_snoop.c.o
[1245/1757] Building C object sched/CMakeFiles/sched.dir/clock/clock_gettime.c.o
[1246/1757] Building C object sched/CMakeFiles/sched.dir/clock/clock_systime_ticks.c.o
[1247/1757] Building C object sched/CMakeFiles/sched.dir/clock/clock_systime_timespec.c.o
[1248/1757] Building C object net/CMakeFiles/net.dir/utils/net_lock.c.o
[1249/1757] Building C object sched/CMakeFiles/sched.dir/clock/clock_perf.c.o
[1250/1757] Building C object sched/CMakeFiles/sched.dir/clock/clock_realtime2absticks.c.o
[1251/1757] Building C object sched/CMakeFiles/sched.dir/group/group_join.c.o
[1252/1757] Building C object sched/CMakeFiles/sched.dir/group/group_create.c.o
[1253/1757] Building C object sched/CMakeFiles/sched.dir/group/group_setupidlefiles.c.o
[1254/1757] Building C object sched/CMakeFiles/sched.dir/group/group_leave.c.o
[1255/1757] Building C object sched/CMakeFiles/sched.dir/group/group_setuptaskfiles.c.o
[1256/1757] Building C object sched/CMakeFiles/sched.dir/group/group_foreachchild.c.o
[1257/1757] Building C object sched/CMakeFiles/sched.dir/group/group_killchildren.c.o
[1258/1757] Building C object sched/CMakeFiles/sched.dir/instrument/instrument.c.o
[1259/1757] Linking C static library net/libnet.a
[1260/1757] Building C object sched/CMakeFiles/sched.dir/group/group_signal.c.o
[1261/1757] Building C object sched/CMakeFiles/sched.dir/irq/irq_initialize.c.o
[1262/1757] Building C object sched/CMakeFiles/sched.dir/init/nx_bringup.c.o
[1263/1757] Building C object sched/CMakeFiles/sched.dir/init/nx_start.c.o
[1264/1757] Building C object sched/CMakeFiles/sched.dir/irq/irq_attach.c.o
[1265/1757] Building C object sched/CMakeFiles/sched.dir/irq/irq_dispatch.c.o
[1266/1757] Building C object sched/CMakeFiles/sched.dir/irq/irq_csection.c.o
[1267/1757] Building C object sched/CMakeFiles/sched.dir/irq/irq_unexpectedisr.c.o
[1268/1757] Building C object sched/CMakeFiles/sched.dir/irq/irq_attach_thread.c.o
[1269/1757] Building C object sched/CMakeFiles/sched.dir/irq/irq_attach_wqueue.c.o
[1270/1757] Building C object sched/CMakeFiles/sched.dir/misc/panic_notifier.c.o
[1271/1757] Building C object sched/CMakeFiles/sched.dir/mqueue/mq_initialize.c.o
[1272/1757] Building C object sched/CMakeFiles/sched.dir/mqueue/mq_recover.c.o
[1273/1757] Building C object sched/CMakeFiles/sched.dir/mqueue/mq_waitirq.c.o
[1274/1757] Building C object sched/CMakeFiles/sched.dir/misc/reboot_notifier.c.o
[1275/1757] Building C object sched/CMakeFiles/sched.dir/misc/assert.c.o
[1276/1757] Building C object sched/CMakeFiles/sched.dir/mqueue/mq_sndinternal.c.o
[1277/1757] Building C object sched/CMakeFiles/sched.dir/mqueue/mq_send.c.o
[1278/1757] Building C object sched/CMakeFiles/sched.dir/mqueue/mq_msgfree.c.o
[1279/1757] Building C object sched/CMakeFiles/sched.dir/mqueue/mq_msgqalloc.c.o
[1280/1757] Building C object sched/CMakeFiles/sched.dir/mqueue/mq_receive.c.o
[1281/1757] Building C object sched/CMakeFiles/sched.dir/mqueue/mq_msgqfree.c.o
[1282/1757] Building C object sched/CMakeFiles/sched.dir/mqueue/mq_rcvinternal.c.o
[1283/1757] Building C object sched/CMakeFiles/sched.dir/mqueue/mq_setattr.c.o
[1284/1757] Building C object sched/CMakeFiles/sched.dir/mqueue/mq_getattr.c.o
[1285/1757] Building C object sched/CMakeFiles/sched.dir/mqueue/mq_notify.c.o
[1286/1757] Building C object sched/CMakeFiles/sched.dir/mqueue/msgctl.c.o
[1287/1757] Building C object sched/CMakeFiles/sched.dir/mqueue/msgget.c.o
[1288/1757] Building C object sched/CMakeFiles/sched.dir/mqueue/msginternal.c.o
[1289/1757] Building C object sched/CMakeFiles/sched.dir/mqueue/msgsnd.c.o
[1290/1757] Building C object sched/CMakeFiles/sched.dir/pthread/pthread_create.c.o
[1291/1757] Building C object sched/CMakeFiles/sched.dir/mqueue/msgrcv.c.o
[1292/1757] Building C object sched/CMakeFiles/sched.dir/pthread/pthread_exit.c.o
[1293/1757] Building C object sched/CMakeFiles/sched.dir/pthread/pthread_getschedparam.c.o
[1294/1757] Building C object sched/CMakeFiles/sched.dir/pthread/pthread_setschedparam.c.o
[1295/1757] Building C object sched/CMakeFiles/sched.dir/pthread/pthread_detach.c.o
[1296/1757] Building C object sched/CMakeFiles/sched.dir/pthread/pthread_sigmask.c.o
[1297/1757] Building C object sched/CMakeFiles/sched.dir/pthread/pthread_join.c.o
[1298/1757] Building C object sched/CMakeFiles/sched.dir/pthread/pthread_cancel.c.o
[1299/1757] Building C object sched/CMakeFiles/sched.dir/pthread/pthread_release.c.o
[1300/1757] Building C object sched/CMakeFiles/sched.dir/pthread/pthread_setschedprio.c.o
[1301/1757] Building C object sched/CMakeFiles/sched.dir/pthread/pthread_findjoininfo.c.o
[1302/1757] Building C object sched/CMakeFiles/sched.dir/sched/sched_getfiles.c.o
[1303/1757] Building C object sched/CMakeFiles/sched.dir/pthread/pthread_completejoin.c.o
[1304/1757] Building C object sched/CMakeFiles/sched.dir/sched/sched_profil.c.o
[1305/1757] Building C object sched/CMakeFiles/sched.dir/sched/sched_removereadytorun.c.o
[1306/1757] Building C object sched/CMakeFiles/sched.dir/sched/sched_addreadytorun.c.o
[1307/1757] Building C object sched/CMakeFiles/sched.dir/sched/sched_addblocked.c.o
[1308/1757] Building C object sched/CMakeFiles/sched.dir/sched/sched_removeblocked.c.o
[1309/1757] Building C object sched/CMakeFiles/sched.dir/sched/sched_verifytcb.c.o
[1310/1757] Building C object sched/CMakeFiles/sched.dir/sched/sched_gettcb.c.o
[1311/1757] Building C object sched/CMakeFiles/sched.dir/sched/sched_setparam.c.o
[1312/1757] Building C object sched/CMakeFiles/sched.dir/sched/sched_getparam.c.o
[1313/1757] Building C object sched/CMakeFiles/sched.dir/sched/sched_releasetcb.c.o
[1314/1757] Building C object sched/CMakeFiles/sched.dir/sched/sched_getscheduler.c.o
[1315/1757] Building C object sched/CMakeFiles/sched.dir/sched/sched_setpriority.c.o
[1316/1757] Building C object sched/CMakeFiles/sched.dir/sched/sched_yield.c.o
[1317/1757] Building C object sched/CMakeFiles/sched.dir/sched/sched_setscheduler.c.o
[1318/1757] Building C object sched/CMakeFiles/sched.dir/sched/sched_foreach.c.o
[1319/1757] Building C object sched/CMakeFiles/sched.dir/sched/sched_rrgetinterval.c.o
[1320/1757] Building C object sched/CMakeFiles/sched.dir/sched/sched_unlock.c.o
[1321/1757] Building C object sched/CMakeFiles/sched.dir/sched/sched_lockcount.c.o
[1322/1757] Building C object sched/CMakeFiles/sched.dir/sched/sched_lock.c.o
[1323/1757] Building C object sched/CMakeFiles/sched.dir/sched/sched_self.c.o
[1324/1757] Building C object sched/CMakeFiles/sched.dir/sched/sched_getcpu.c.o
[1325/1757] Building C object sched/CMakeFiles/sched.dir/sched/sched_idletask.c.o
[1326/1757] Building C object sched/CMakeFiles/sched.dir/sched/sched_get_tls.c.o
[1327/1757] Building C object sched/CMakeFiles/sched.dir/sched/sched_sysinfo.c.o
[1328/1757] Building C object sched/CMakeFiles/sched.dir/sched/sched_get_stackinfo.c.o
[1329/1757] Building C object sched/CMakeFiles/sched.dir/sched/sched_switchcontext.c.o
[1330/1757] Building C object sched/CMakeFiles/sched.dir/sched/sched_reprioritizertr.c.o
[1331/1757] Building C object sched/CMakeFiles/sched.dir/sched/sched_get_stateinfo.c.o
[1332/1757] Building C object sched/CMakeFiles/sched.dir/sched/sched_mergepending.c.o
[1333/1757] Building C object sched/CMakeFiles/sched.dir/sched/sched_waitpid.c.o
[1334/1757] Building C object sched/CMakeFiles/sched.dir/sched/sched_roundrobin.c.o
[1335/1757] Building C object sched/CMakeFiles/sched.dir/semaphore/sem_destroy.c.o
[1336/1757] Building C object sched/CMakeFiles/sched.dir/sched/sched_processtimer.c.o
[1337/1757] Building C object sched/CMakeFiles/sched.dir/semaphore/sem_trywait.c.o
[1338/1757] Building C object sched/CMakeFiles/sched.dir/semaphore/sem_tickwait.c.o
[1339/1757] Building C object sched/CMakeFiles/sched.dir/semaphore/sem_wait.c.o
[1340/1757] Building C object sched/CMakeFiles/sched.dir/semaphore/sem_timeout.c.o
[1341/1757] Building C object sched/CMakeFiles/sched.dir/semaphore/sem_clockwait.c.o
[1342/1757] Building C object sched/CMakeFiles/sched.dir/semaphore/sem_recover.c.o
[1343/1757] Building C object sched/CMakeFiles/sched.dir/semaphore/sem_post.c.o
[1344/1757] Building C object sched/CMakeFiles/sched.dir/semaphore/sem_waitirq.c.o
[1345/1757] Building C object sched/CMakeFiles/sched.dir/semaphore/sem_reset.c.o
[1346/1757] Building C object sched/CMakeFiles/sched.dir/signal/sig_allocpendingsigaction.c.o
[1347/1757] Building C object sched/CMakeFiles/sched.dir/signal/sig_action.c.o
[1348/1757] Building C object sched/CMakeFiles/sched.dir/signal/sig_cleanup.c.o
[1349/1757] Building C object sched/CMakeFiles/sched.dir/signal/sig_deliver.c.o
[1350/1757] Building C object sched/CMakeFiles/sched.dir/signal/sig_findaction.c.o
[1351/1757] Building C object sched/CMakeFiles/sched.dir/signal/sig_pending.c.o
[1352/1757] Building C object sched/CMakeFiles/sched.dir/signal/sig_initialize.c.o
[1353/1757] Building C object sched/CMakeFiles/sched.dir/signal/sig_releasependingsigaction.c.o
[1354/1757] Building C object sched/CMakeFiles/sched.dir/signal/sig_releasependingsignal.c.o
[1355/1757] Building C object sched/CMakeFiles/sched.dir/signal/sig_removependingsignal.c.o
[1356/1757] Building C object sched/CMakeFiles/sched.dir/signal/sig_unmaskpendingsignal.c.o
[1357/1757] Building C object sched/CMakeFiles/sched.dir/semaphore/sem_rw.c.o
[1358/1757] Building C object sched/CMakeFiles/sched.dir/signal/sig_lowest.c.o
[1359/1757] Building C object sched/CMakeFiles/sched.dir/signal/sig_kill.c.o
[1360/1757] Building C object sched/CMakeFiles/sched.dir/signal/sig_nanosleep.c.o
[1361/1757] Building C object sched/CMakeFiles/sched.dir/signal/sig_dispatch.c.o
[1362/1757] Building C object sched/CMakeFiles/sched.dir/signal/sig_pause.c.o
[1363/1757] Building C object sched/CMakeFiles/sched.dir/signal/sig_notification.c.o
[1364/1757] Building C object sched/CMakeFiles/sched.dir/signal/sig_ppoll.c.o
[1365/1757] Building C object sched/CMakeFiles/sched.dir/signal/sig_pselect.c.o
[1366/1757] Building C object sched/CMakeFiles/sched.dir/signal/sig_queue.c.o
[1367/1757] Building C object sched/CMakeFiles/sched.dir/signal/sig_procmask.c.o
[1368/1757] Building C object sched/CMakeFiles/sched.dir/signal/sig_sleep.c.o
[1369/1757] Building C object sched/CMakeFiles/sched.dir/signal/sig_tgkill.c.o
[1370/1757] Building C object sched/CMakeFiles/sched.dir/signal/sig_suspend.c.o
[1371/1757] Building C object sched/CMakeFiles/sched.dir/signal/sig_usleep.c.o
[1372/1757] Building C object sched/CMakeFiles/sched.dir/signal/sig_waitinfo.c.o
[1373/1757] Building C object sched/CMakeFiles/sched.dir/task/task_argvstr.c.o
[1374/1757] Building C object sched/CMakeFiles/sched.dir/task/task_create.c.o
[1375/1757] Building C object sched/CMakeFiles/sched.dir/task/task_init.c.o
[1376/1757] Building C object sched/CMakeFiles/sched.dir/task/task_activate.c.o
[1377/1757] Building C object sched/CMakeFiles/sched.dir/task/task_start.c.o
[1378/1757] Building C object sched/CMakeFiles/sched.dir/signal/sig_timedwait.c.o
[1379/1757] Building C object sched/CMakeFiles/sched.dir/task/task_delete.c.o
[1380/1757] Building C object sched/CMakeFiles/sched.dir/task/task_exit.c.o
[1381/1757] Building C object sched/CMakeFiles/sched.dir/task/task_setup.c.o
[1382/1757] Building C object sched/CMakeFiles/sched.dir/task/task_prctl.c.o
[1383/1757] Building C object sched/CMakeFiles/sched.dir/task/task_exithook.c.o
[1384/1757] Building C object sched/CMakeFiles/sched.dir/task/task_recover.c.o
[1385/1757] Building C object sched/CMakeFiles/sched.dir/task/task_restart.c.o
[1386/1757] Building C object sched/CMakeFiles/sched.dir/task/task_cancelpt.c.o
[1387/1757] Building C object sched/CMakeFiles/sched.dir/task/task_spawnparms.c.o
[1388/1757] Building C object sched/CMakeFiles/sched.dir/task/task_terminate.c.o
[1389/1757] Building C object sched/CMakeFiles/sched.dir/task/task_join.c.o
[1390/1757] Building C object sched/CMakeFiles/sched.dir/task/exit.c.o
[1391/1757] Building C object sched/CMakeFiles/sched.dir/task/task_execve.c.o
[1392/1757] Building C object sched/CMakeFiles/sched.dir/task/task_spawn.c.o
[1393/1757] Building C object sched/CMakeFiles/sched.dir/task/task_fork.c.o
[1394/1757] Building C object sched/CMakeFiles/sched.dir/task/task_posixspawn.c.o
[1395/1757] Building C object sched/CMakeFiles/sched.dir/timer/timer_delete.c.o
[1396/1757] Building C object sched/CMakeFiles/sched.dir/timer/timer_initialize.c.o
[1397/1757] Building C object sched/CMakeFiles/sched.dir/timer/timer_create.c.o
[1398/1757] Building C object sched/CMakeFiles/sched.dir/timer/timer_getoverrun.c.o
[1399/1757] Building C object sched/CMakeFiles/sched.dir/timer/timer_gettime.c.o
[1400/1757] Building C object sched/CMakeFiles/sched.dir/timer/timer_getitimer.c.o
[1401/1757] Building C object sched/CMakeFiles/sched.dir/timer/timer_release.c.o
[1402/1757] Building C object sched/CMakeFiles/sched.dir/tls/tls_initinfo.c.o
[1403/1757] Building C object sched/CMakeFiles/sched.dir/tls/task_initinfo.c.o
[1404/1757] Building C object sched/CMakeFiles/sched.dir/tls/task_uninitinfo.c.o
[1405/1757] Building C object sched/CMakeFiles/sched.dir/timer/timer_setitimer.c.o
[1406/1757] Building C object sched/CMakeFiles/sched.dir/tls/tls_dupinfo.c.o
[1407/1757] Building C object sched/CMakeFiles/sched.dir/wdog/wd_initialize.c.o
[1408/1757] Building C object sched/CMakeFiles/sched.dir/timer/timer_settime.c.o
[1409/1757] Building C object apps/CMakeFiles/apps.dir/dummy.c.o
[1410/1757] Building C object boards/CMakeFiles/board.dir/__/dummy.c.o
[1411/1757] Building C object sched/CMakeFiles/sched.dir/wdog/wd_gettime.c.o
[1412/1757] Building C object sched/CMakeFiles/sched.dir/wdog/wd_cancel.c.o
[1413/1757] Building C object sched/CMakeFiles/sched.dir/wdog/wd_start.c.o
[1414/1757] Building C object sched/CMakeFiles/sched.dir/wqueue/kwork_queue.c.o
[1415/1757] Building C object sched/CMakeFiles/sched.dir/wqueue/kwork_cancel.c.o
[1416/1757] Building C object apps/CMakeFiles/apps.dir/netutils/netinit/netinit.c.o
[1417/1757] Building C object apps/CMakeFiles/apps.dir/netutils/netlib/netlib_ipv4addrconv.c.o
[1418/1757] Building C object apps/CMakeFiles/apps.dir/netutils/netlib/netlib_ethaddrconv.c.o
[1419/1757] Building C object apps/CMakeFiles/apps.dir/netutils/netlib/netlib_parsehttpurl.c.o
[1420/1757] Building C object apps/CMakeFiles/apps.dir/netutils/netlib/netlib_setifstatus.c.o
[1421/1757] Building C object apps/CMakeFiles/apps.dir/netutils/netlib/netlib_getifstatus.c.o
[1422/1757] Building C object apps/CMakeFiles/apps.dir/netutils/netlib/netlib_setipv4addr.c.o
[1423/1757] Building C object sched/CMakeFiles/sched.dir/wqueue/kwork_thread.c.o
[1424/1757] Building C object apps/CMakeFiles/apps.dir/netutils/netlib/netlib_setipv4netmask.c.o
[1425/1757] Building C object apps/CMakeFiles/apps.dir/netutils/netlib/netlib_getipv4addr.c.o
[1426/1757] Building C object apps/CMakeFiles/apps.dir/netutils/netlib/netlib_setdripv4addr.c.o
[1427/1757] Building C object boards/CMakeFiles/board.dir/risc-v/esp32s31/esp32s31-core-function-board/src/esp32s31_boot.c.o
[1428/1757] Building C object apps/CMakeFiles/apps.dir/netutils/netlib/netlib_getipv4netmask.c.o
[1429/1757] Building C object apps/CMakeFiles/apps.dir/netutils/netlib/netlib_getdripv4addr.c.o
[1430/1757] Building C object boards/CMakeFiles/board.dir/risc-v/esp32s31/esp32s31-core-function-board/src/esp32s31_bringup.c.o
[1431/1757] Building C object boards/CMakeFiles/board.dir/boardctl.c.o
[1432/1757] Building C object boards/CMakeFiles/board.dir/risc-v/esp32s31/esp32s31-core-function-board/src/esp32s31_reset.c.o
[1433/1757] Building C object apps/CMakeFiles/apps.dir/netutils/netlib/netlib_ipv4adaptor.c.o
[1434/1757] Linking C static library boards/libboard.a
[1435/1757] Building C object apps/CMakeFiles/apps.dir/netutils/netlib/netlib_getarp.c.o
[1436/1757] Building C object apps/CMakeFiles/apps.dir/netutils/netlib/netlib_setarp.c.o
[1437/1757] Building C object apps/CMakeFiles/apps.dir/netutils/netlib/netlib_delarp.c.o
[1438/1757] Building C object apps/CMakeFiles/apps.dir/netutils/netlib/netlib_setmacaddr.c.o
[1439/1757] Linking C static library sched/libsched.a
[1440/1757] Building C object apps/CMakeFiles/apps.dir/netutils/netlib/netlib_getmacaddr.c.o
[1441/1757] Building C object apps/CMakeFiles/apps.dir/netutils/netlib/netlib_setmtu.c.o
[1442/1757] Building C object apps/CMakeFiles/apps.dir/netutils/netlib/netlib_getiobinfo.c.o
[1443/1757] Building C object apps/CMakeFiles/apps.dir/nshlib/nsh_init.c.o
[1444/1757] Building C object apps/CMakeFiles/apps.dir/netutils/netlib/netlib_checkhttpconnectivity.c.o
[1445/1757] Building C object apps/CMakeFiles/apps.dir/nshlib/nsh_system.c.o
[1446/1757] Building C object apps/CMakeFiles/apps.dir/nshlib/nsh_script.c.o
[1447/1757] Building C object apps/CMakeFiles/apps.dir/nshlib/nsh_console.c.o
[1448/1757] Building C object apps/CMakeFiles/apps.dir/nshlib/nsh_command.c.o
[1449/1757] Building C object apps/CMakeFiles/apps.dir/nshlib/nsh_mmcmds.c.o
[1450/1757] Building C object apps/CMakeFiles/apps.dir/nshlib/nsh_ddcmd.c.o
[1451/1757] Building C object apps/CMakeFiles/apps.dir/nshlib/nsh_timcmds.c.o
[1452/1757] Building C object apps/CMakeFiles/apps.dir/nshlib/nsh_prompt.c.o
[1453/1757] Building C object apps/CMakeFiles/apps.dir/nshlib/nsh_proccmds.c.o
[1454/1757] Building C object apps/CMakeFiles/apps.dir/nshlib/nsh_envcmds.c.o
[1455/1757] Building C object apps/CMakeFiles/apps.dir/nshlib/nsh_syscmds.c.o
[1456/1757] Building C object apps/CMakeFiles/apps.dir/nshlib/nsh_session.c.o
[1457/1757] Building C object apps/CMakeFiles/apps.dir/nshlib/nsh_dbgcmds.c.o
[1458/1757] Building C object apps/CMakeFiles/apps.dir/nshlib/nsh_parse.c.o
[1459/1757] Building C object apps/CMakeFiles/apps.dir/nshlib/nsh_fileapps.c.o
[1460/1757] Building C object apps/CMakeFiles/apps.dir/nshlib/nsh_mntcmds.c.o
[1461/1757] Building C object apps/CMakeFiles/apps.dir/nshlib/nsh_consolemain.c.o
[1462/1757] Building C object apps/CMakeFiles/apps.dir/nshlib/nsh_fsutils.c.o
[1463/1757] Building C object apps/CMakeFiles/apps.dir/nshlib/nsh_printf.c.o
[1464/1757] Building C object apps/CMakeFiles/apps.dir/nshlib/nsh_fscmds.c.o
[1465/1757] Building C object apps/CMakeFiles/apps.dir/nshlib/nsh_test.c.o
[1466/1757] Building C object apps/CMakeFiles/apps.dir/nshlib/nsh_netcmds.c.o
[1467/1757] Building C object apps/CMakeFiles/apps.dir/system/readline/readline.c.o
[1468/1757] Building C object apps/CMakeFiles/apps.dir/system/readline/readline_stream.c.o
[1469/1757] Building C object apps/CMakeFiles/apps.dir/system/readline/readline_fd.c.o
[1470/1757] Building C object apps/CMakeFiles/apps.dir/nshlib/nsh_wait.c.o
[1471/1757] Building C object apps/crypto/mbedtls/CMakeFiles/mbedtls.dir/mbedtls/library/aesni.c.o
[1472/1757] Building C object apps/crypto/mbedtls/CMakeFiles/mbedtls.dir/mbedtls/library/aesce.c.o
[1473/1757] Building C object apps/crypto/mbedtls/CMakeFiles/mbedtls.dir/mbedtls/library/arc4.c.o
[1474/1757] Building C object apps/CMakeFiles/apps.dir/system/readline/readline_common.c.o
[1475/1757] Building C object apps/CMakeFiles/apps.dir/nshlib/nsh_alias.c.o
[1476/1757] Linking C static library apps/libapps.a
[1477/1757] Building C object apps/crypto/mbedtls/CMakeFiles/mbedtls.dir/mbedtls/library/base64.c.o
[1478/1757] Building C object apps/crypto/mbedtls/CMakeFiles/mbedtls.dir/mbedtls/library/asn1parse.c.o
[1479/1757] Building C object apps/crypto/mbedtls/CMakeFiles/mbedtls.dir/mbedtls/library/asn1write.c.o
[1480/1757] Building C object apps/crypto/mbedtls/CMakeFiles/mbedtls.dir/mbedtls/library/blowfish.c.o
[1481/1757] Building C object apps/crypto/mbedtls/CMakeFiles/mbedtls.dir/mbedtls/library/aria.c.o
[1482/1757] Building C object apps/crypto/mbedtls/CMakeFiles/mbedtls.dir/mbedtls/library/bignum_mod_raw.c.o
[1483/1757] Building C object apps/crypto/mbedtls/CMakeFiles/mbedtls.dir/mbedtls/library/bignum_mod.c.o
[1484/1757] Building C object apps/crypto/mbedtls/CMakeFiles/mbedtls.dir/mbedtls/library/aes.c.o
[1485/1757] Building C object apps/crypto/mbedtls/CMakeFiles/mbedtls.dir/mbedtls/library/chacha20.c.o
[1486/1757] Building C object apps/crypto/mbedtls/CMakeFiles/mbedtls.dir/mbedtls/library/bignum_core.c.o
[1487/1757] Building C object apps/crypto/mbedtls/CMakeFiles/mbedtls.dir/mbedtls/library/ccm.c.o
[1488/1757] Building C object apps/crypto/mbedtls/CMakeFiles/mbedtls.dir/mbedtls/library/chachapoly.c.o
[1489/1757] Building C object apps/crypto/mbedtls/CMakeFiles/mbedtls.dir/mbedtls/library/camellia.c.o
[1490/1757] Building C object apps/crypto/mbedtls/CMakeFiles/mbedtls.dir/mbedtls/library/debug.c.o
[1491/1757] Building C object apps/crypto/mbedtls/CMakeFiles/mbedtls.dir/mbedtls/library/cmac.c.o
[1492/1757] Building C object apps/crypto/mbedtls/CMakeFiles/mbedtls.dir/mbedtls/library/cipher_wrap.c.o
[1493/1757] Building C object apps/crypto/mbedtls/CMakeFiles/mbedtls.dir/mbedtls/library/constant_time.c.o
[1494/1757] Building C object apps/crypto/mbedtls/CMakeFiles/mbedtls.dir/mbedtls/library/cipher.c.o
[1495/1757] Building C object apps/crypto/mbedtls/CMakeFiles/mbedtls.dir/mbedtls/library/ctr_drbg.c.o
[1496/1757] Building C object apps/crypto/mbedtls/CMakeFiles/mbedtls.dir/mbedtls/library/ecdh.c.o
[1497/1757] Building C object apps/crypto/mbedtls/CMakeFiles/mbedtls.dir/mbedtls/library/dhm.c.o
[1498/1757] Building C object apps/crypto/mbedtls/CMakeFiles/mbedtls.dir/mbedtls/library/ecdsa.c.o
[1499/1757] Building C object apps/crypto/mbedtls/CMakeFiles/mbedtls.dir/mbedtls/library/entropy_poll.c.o
[1500/1757] Building C object apps/crypto/mbedtls/CMakeFiles/mbedtls.dir/mbedtls/library/bignum.c.o
[1501/1757] Building C object apps/crypto/mbedtls/CMakeFiles/mbedtls.dir/mbedtls/library/des.c.o
[1502/1757] Building C object apps/crypto/mbedtls/CMakeFiles/mbedtls.dir/mbedtls/library/entropy.c.o
[1503/1757] Building C object apps/crypto/mbedtls/CMakeFiles/mbedtls.dir/mbedtls/library/hkdf.c.o
[1504/1757] Building C object apps/crypto/mbedtls/CMakeFiles/mbedtls.dir/mbedtls/library/ecjpake.c.o
[1505/1757] Building C object apps/crypto/mbedtls/CMakeFiles/mbedtls.dir/mbedtls/library/hash_info.c.o
[1506/1757] Building C object apps/crypto/mbedtls/CMakeFiles/mbedtls.dir/mbedtls/library/error.c.o
[1507/1757] Building C object apps/crypto/mbedtls/CMakeFiles/mbedtls.dir/mbedtls/library/md2.c.o
[1508/1757] Building C object apps/crypto/mbedtls/CMakeFiles/mbedtls.dir/mbedtls/library/hmac_drbg.c.o
[1509/1757] Building C object apps/crypto/mbedtls/CMakeFiles/mbedtls.dir/mbedtls/library/ecp_curves.c.o
[1510/1757] Building C object apps/crypto/mbedtls/CMakeFiles/mbedtls.dir/mbedtls/library/lms.c.o
[1511/1757] Building C object apps/crypto/mbedtls/CMakeFiles/mbedtls.dir/mbedtls/library/gcm.c.o
[1512/1757] Building C object apps/crypto/mbedtls/CMakeFiles/mbedtls.dir/mbedtls/library/md4.c.o
[1513/1757] Building C object apps/crypto/mbedtls/CMakeFiles/mbedtls.dir/mbedtls/library/lmots.c.o
[1514/1757] Building C object apps/crypto/mbedtls/CMakeFiles/mbedtls.dir/mbedtls/library/memory_buffer_alloc.c.o
[1515/1757] Building C object apps/crypto/mbedtls/CMakeFiles/mbedtls.dir/mbedtls/library/mps_reader.c.o
[1516/1757] Building C object apps/crypto/mbedtls/CMakeFiles/mbedtls.dir/mbedtls/library/mps_trace.c.o
[1517/1757] Building C object apps/crypto/mbedtls/CMakeFiles/mbedtls.dir/mbedtls/library/net_sockets.c.o
[1518/1757] Building C object apps/crypto/mbedtls/CMakeFiles/mbedtls.dir/mbedtls/library/md.c.o
[1519/1757] Building C object apps/crypto/mbedtls/CMakeFiles/mbedtls.dir/mbedtls/library/padlock.c.o
[1520/1757] Building C object apps/crypto/mbedtls/CMakeFiles/mbedtls.dir/mbedtls/library/md5.c.o
[1521/1757] Building C object apps/crypto/mbedtls/CMakeFiles/mbedtls.dir/mbedtls/library/nist_kw.c.o
[1522/1757] Building C object apps/crypto/mbedtls/CMakeFiles/mbedtls.dir/mbedtls/library/pk.c.o
[1523/1757] Building C object apps/crypto/mbedtls/CMakeFiles/mbedtls.dir/mbedtls/library/pkcs12.c.o
[1524/1757] Building C object apps/crypto/mbedtls/CMakeFiles/mbedtls.dir/mbedtls/library/oid.c.o
[1525/1757] Building C object apps/crypto/mbedtls/CMakeFiles/mbedtls.dir/mbedtls/library/ecp.c.o
[1526/1757] Building C object apps/crypto/mbedtls/CMakeFiles/mbedtls.dir/mbedtls/library/pem.c.o
[1527/1757] Building C object apps/crypto/mbedtls/CMakeFiles/mbedtls.dir/mbedtls/library/pk_wrap.c.o
[1528/1757] Building C object apps/crypto/mbedtls/CMakeFiles/mbedtls.dir/mbedtls/library/pkcs5.c.o
[1529/1757] Building C object apps/crypto/mbedtls/CMakeFiles/mbedtls.dir/mbedtls/library/platform.c.o
[1530/1757] Building C object apps/crypto/mbedtls/CMakeFiles/mbedtls.dir/mbedtls/library/platform_util.c.o
[1531/1757] Building C object apps/crypto/mbedtls/CMakeFiles/mbedtls.dir/mbedtls/library/pkcs7.c.o
[1532/1757] Building C object apps/crypto/mbedtls/CMakeFiles/mbedtls.dir/mbedtls/library/poly1305.c.o
[1533/1757] Building C object apps/crypto/mbedtls/CMakeFiles/mbedtls.dir/mbedtls/library/pkwrite.c.o
[1534/1757] Building C object apps/crypto/mbedtls/CMakeFiles/mbedtls.dir/mbedtls/library/psa_crypto_client.c.o
[1535/1757] Building C object apps/crypto/mbedtls/CMakeFiles/mbedtls.dir/mbedtls/library/psa_crypto_aead.c.o
[1536/1757] Building C object apps/crypto/mbedtls/CMakeFiles/mbedtls.dir/mbedtls/library/psa_crypto_cipher.c.o
[1537/1757] Building C object apps/crypto/mbedtls/CMakeFiles/mbedtls.dir/mbedtls/library/psa_crypto_hash.c.o
[1538/1757] Building C object apps/crypto/mbedtls/CMakeFiles/mbedtls.dir/mbedtls/library/psa_crypto_se.c.o
[1539/1757] Building C object apps/crypto/mbedtls/CMakeFiles/mbedtls.dir/mbedtls/library/psa_crypto_ecp.c.o
[1540/1757] Building C object apps/crypto/mbedtls/CMakeFiles/mbedtls.dir/mbedtls/library/pkparse.c.o
[1541/1757] Building C object apps/crypto/mbedtls/CMakeFiles/mbedtls.dir/mbedtls/library/psa_crypto_mac.c.o
[1542/1757] Building C object apps/crypto/mbedtls/CMakeFiles/mbedtls.dir/mbedtls/library/psa_crypto_pake.c.o
[1543/1757] Building C object apps/crypto/mbedtls/CMakeFiles/mbedtls.dir/mbedtls/library/psa_util.c.o
[1544/1757] Building C object apps/crypto/mbedtls/CMakeFiles/mbedtls.dir/mbedtls/library/psa_its_file.c.o
[1545/1757] Building C object apps/crypto/mbedtls/CMakeFiles/mbedtls.dir/mbedtls/library/psa_crypto_driver_wrappers.c.o
[1546/1757] Building C object apps/crypto/mbedtls/CMakeFiles/mbedtls.dir/mbedtls/library/psa_crypto_rsa.c.o
[1547/1757] Building C object apps/crypto/mbedtls/CMakeFiles/mbedtls.dir/mbedtls/library/psa_crypto_storage.c.o
[1548/1757] Building C object apps/crypto/mbedtls/CMakeFiles/mbedtls.dir/mbedtls/library/psa_crypto_slot_management.c.o
[1549/1757] Building C object apps/crypto/mbedtls/CMakeFiles/mbedtls.dir/mbedtls/library/rsa_alt_helpers.c.o
[1550/1757] Building C object apps/crypto/mbedtls/CMakeFiles/mbedtls.dir/mbedtls/library/sha3.c.o
[1551/1757] Building C object apps/crypto/mbedtls/CMakeFiles/mbedtls.dir/mbedtls/library/ripemd160.c.o
[1552/1757] Building C object apps/crypto/mbedtls/CMakeFiles/mbedtls.dir/mbedtls/library/sha512.c.o
[1553/1757] Building C object apps/crypto/mbedtls/CMakeFiles/mbedtls.dir/mbedtls/library/sha256.c.o
[1554/1757] Building C object apps/crypto/mbedtls/CMakeFiles/mbedtls.dir/mbedtls/library/sha1.c.o
[1555/1757] Building C object apps/crypto/mbedtls/CMakeFiles/mbedtls.dir/mbedtls/library/ssl_cache.c.o
[1556/1757] Building C object apps/crypto/mbedtls/CMakeFiles/mbedtls.dir/mbedtls/library/ssl_cookie.c.o
[1557/1757] Building C object apps/crypto/mbedtls/CMakeFiles/mbedtls.dir/mbedtls/library/ssl_debug_helpers_generated.c.o
[1558/1757] Building C object apps/crypto/mbedtls/CMakeFiles/mbedtls.dir/mbedtls/library/ssl_ciphersuites.c.o
[1559/1757] Building C object apps/crypto/mbedtls/CMakeFiles/mbedtls.dir/mbedtls/library/ssl_ticket.c.o
[1560/1757] Building C object apps/crypto/mbedtls/CMakeFiles/mbedtls.dir/mbedtls/library/ssl_tls13_client.c.o
[1561/1757] Building C object apps/crypto/mbedtls/CMakeFiles/mbedtls.dir/mbedtls/library/ssl_tls13_generic.c.o
[1562/1757] Building C object apps/crypto/mbedtls/CMakeFiles/mbedtls.dir/mbedtls/library/ssl_client.c.o
[1563/1757] Building C object apps/crypto/mbedtls/CMakeFiles/mbedtls.dir/mbedtls/library/ssl_tls13_keys.c.o
[1564/1757] Building C object apps/crypto/mbedtls/CMakeFiles/mbedtls.dir/mbedtls/library/ssl_tls13_server.c.o
[1565/1757] Building C object apps/crypto/mbedtls/CMakeFiles/mbedtls.dir/mbedtls/library/threading.c.o
[1566/1757] Building C object apps/crypto/mbedtls/CMakeFiles/mbedtls.dir/mbedtls/library/rsa.c.o
[1567/1757] Building C object apps/crypto/mbedtls/CMakeFiles/mbedtls.dir/mbedtls/library/version.c.o
[1568/1757] Building C object apps/crypto/mbedtls/CMakeFiles/mbedtls.dir/mbedtls/library/timing.c.o
[1569/1757] Building C object apps/crypto/mbedtls/CMakeFiles/mbedtls.dir/mbedtls/library/version_features.c.o
[1570/1757] Building C object apps/crypto/mbedtls/CMakeFiles/mbedtls.dir/mbedtls/library/x509_create.c.o
[1571/1757] Building C object apps/crypto/mbedtls/CMakeFiles/mbedtls.dir/mbedtls/library/ssl_tls12_client.c.o
[1572/1757] Building C object apps/crypto/mbedtls/CMakeFiles/mbedtls.dir/mbedtls/library/x509_crt_pool.c.o
[1573/1757] Building C object apps/crypto/mbedtls/CMakeFiles/mbedtls.dir/mbedtls/library/x509_crl.c.o
[1574/1757] Building C object apps/crypto/mbedtls/CMakeFiles/mbedtls.dir/mbedtls/library/ssl_tls12_server.c.o
[1575/1757] Building C object apps/crypto/mbedtls/CMakeFiles/mbedtls.dir/mbedtls/library/x509_csr.c.o
[1576/1757] Building C object apps/crypto/mbedtls/CMakeFiles/mbedtls.dir/mbedtls/library/x509.c.o
[1577/1757] Building C object apps/crypto/mbedtls/CMakeFiles/mbedtls.dir/mbedtls/library/xtea.c.o
[1578/1757] Building C object apps/crypto/mbedtls/CMakeFiles/mbedtls.dir/mbedtls/library/x509write_crt.c.o
[1579/1757] Building C object apps/crypto/mbedtls/CMakeFiles/mbedtls.dir/mbedtls/library/x509write_csr.c.o
[1580/1757] Building C object apps/system/libuv/CMakeFiles/libuv.dir/libuv/src/unix/poll.c.o
[1581/1757] Building C object apps/crypto/mbedtls/CMakeFiles/mbedtls.dir/mbedtls/library/ssl_msg.c.o
[1582/1757] Building C object apps/crypto/mbedtls/CMakeFiles/mbedtls.dir/mbedtls/library/psa_crypto.c.o
[1583/1757] Building C object apps/system/libuv/CMakeFiles/libuv.dir/libuv/src/unix/thread.c.o
[1584/1757] Building C object apps/system/libuv/CMakeFiles/libuv.dir/libuv/src/unix/loop.c.o
[1585/1757] Building C object apps/system/libuv/CMakeFiles/libuv.dir/libuv/src/thread-common.c.o
[1586/1757] Building C object apps/system/libuv/CMakeFiles/libuv.dir/libuv/src/unix/posix-hrtime.c.o
[1587/1757] Building C object apps/system/libuv/CMakeFiles/libuv.dir/libuv/src/version.c.o
[1588/1757] Building C object apps/crypto/mbedtls/CMakeFiles/mbedtls.dir/mbedtls/library/x509_crt.c.o
[1589/1757] Building C object apps/system/libuv/CMakeFiles/libuv.dir/libuv/src/strscpy.c.o
[1590/1757] Building C object apps/system/libuv/CMakeFiles/libuv.dir/libuv/src/uv-data-getter-setters.c.o
[1591/1757] Building C object apps/system/libuv/CMakeFiles/libuv.dir/libuv/src/unix/random-devurandom.c.o
[1592/1757] Building C object apps/system/libuv/CMakeFiles/libuv.dir/libuv/src/strtok.c.o
[1593/1757] Building C object apps/system/libuv/CMakeFiles/libuv.dir/libuv/src/idna.c.o
[1594/1757] Building C object apps/system/libuv/CMakeFiles/libuv.dir/libuv/src/random.c.o
[1595/1757] Building C object apps/system/libuv/CMakeFiles/libuv.dir/libuv/src/unix/tty.c.o
[1596/1757] Building C object apps/crypto/mbedtls/CMakeFiles/mbedtls.dir/mbedtls/library/ssl_tls.c.o
[1597/1757] Building C object apps/system/libuv/CMakeFiles/libuv.dir/libuv/src/unix/core.c.o
[1598/1757] Building C object apps/system/libuv/CMakeFiles/libuv.dir/libuv/src/unix/nuttx.c.o
[1599/1757] Building C object apps/system/libuv/CMakeFiles/libuv.dir/libuv/src/unix/loop-watcher.c.o
[1600/1757] Building C object apps/system/libuv/CMakeFiles/libuv.dir/libuv/src/unix/async.c.o
[1601/1757] Building C object apps/system/libuv/CMakeFiles/libuv.dir/libuv/src/unix/linux.c.o
[1602/1757] Linking C static library apps/crypto/mbedtls/libmbedtls.a
[1603/1757] Building C object apps/system/libuv/CMakeFiles/libuv.dir/libuv/src/unix/signal.c.o
[1604/1757] Building C object apps/system/libuv/CMakeFiles/libuv.dir/libuv/src/threadpool.c.o
[1605/1757] Building C object apps/system/libuv/CMakeFiles/libuv.dir/libuv/src/fs-poll.c.o
[1606/1757] Building C object apps/system/libuv/CMakeFiles/libuv.dir/libuv/src/uv-common.c.o
[1607/1757] Building C object apps/system/libuv/CMakeFiles/libuv.dir/libuv/src/unix/sysinfo-loadavg.c.o
[1608/1757] Building C object apps/system/libuv/CMakeFiles/libuv.dir/libuv/src/timer.c.o
[1609/1757] Building C object apps/system/libuv/CMakeFiles/libuv.dir/libuv/src/unix/pipe.c.o
[1610/1757] Building C object apps/system/libuv/CMakeFiles/libuv.dir/libuv/src/unix/sysinfo-memory.c.o
[1611/1757] Building C object apps/system/libuv/CMakeFiles/libuv.dir/libuv/src/unix/stream.c.o
[1612/1757] Building C object apps/system/libuv/CMakeFiles/libuv.dir/libuv/src/inet.c.o
[1613/1757] Building C object apps/system/libuv/CMakeFiles/libuv.dir/home/regex/work/esp32s31-openvela/openvela-dev/apps/frameworks/system/utils/uv/src/uv_async_queue.c.o
[1614/1757] Building C object apps/system/libuv/CMakeFiles/libuv.dir/home/regex/work/esp32s31-openvela/openvela-dev/apps/frameworks/system/utils/uv/src/uv_mqueue.c.o
[1615/1757] Building C object apps/system/libuv/CMakeFiles/libuv.dir/home/regex/work/esp32s31-openvela/openvela-dev/apps/frameworks/system/utils/uv/src/uv_brightness.c.o
[1616/1757] Building C object apps/system/libuv/CMakeFiles/libuv.dir/libuv/src/unix/process-spawn.c.o
[1617/1757] Building C object apps/system/nsh/CMakeFiles/apps_nsh.dir/nsh_main.c.o
[1618/1757] Building C object apps/system/nsh/CMakeFiles/apps_sh.dir/sh_main.c.o
[1619/1757] Building C object apps/system/libuv/CMakeFiles/libuv.dir/home/regex/work/esp32s31-openvela/openvela-dev/apps/frameworks/system/utils/uv/src/uv_hkdf.c.o
[1620/1757] Linking C static library apps/system/nsh/libapps_nsh.a
[1621/1757] Linking C static library apps/system/nsh/libapps_sh.a
[1622/1757] Building C object apps/system/libuv/CMakeFiles/libuv.dir/home/regex/work/esp32s31-openvela/openvela-dev/apps/frameworks/system/utils/uv/src/uv_aes.c.o
[1623/1757] Building C object apps/system/libuv/CMakeFiles/libuv.dir/home/regex/work/esp32s31-openvela/openvela-dev/apps/frameworks/system/utils/uv/src/uv_ecdh.c.o
[1624/1757] Building C object apps/testing/drivers/drivertest/CMakeFiles/apps_cmocka_driver_simple.dir/drivertest_simple.c.o
[1625/1757] Building C object apps/system/libuv/CMakeFiles/libuv.dir/home/regex/work/esp32s31-openvela/openvela-dev/apps/frameworks/system/utils/uv/src/uv_crypto.c.o
[1626/1757] Building C object apps/testing/cmocka/CMakeFiles/apps_cmocka.dir/cmocka_main.c.o
[1627/1757] Building C object apps/system/libuv/CMakeFiles/libuv.dir/home/regex/work/esp32s31-openvela/openvela-dev/apps/frameworks/system/utils/uv/src/uv_db.c.o
[1628/1757] Building C object apps/external/android/CMakeFiles/android.dir/dummy.c.o
[1629/1757] Linking C static library apps/external/android/libandroid.a
[1630/1757] Building C object apps/testing/drivers/drivertest/CMakeFiles/apps_cmocka_posix_timer.dir/drivertest_posix_timer.c.o
[1631/1757] Building C object apps/testing/drivers/drivertest/CMakeFiles/apps_cmocka_driver_rtc.dir/drivertest_rtc.c.o
[1632/1757] Building C object apps/testing/drivers/drivertest/CMakeFiles/apps_cmocka_driver_uart.dir/drivertest_uart.c.o
[1633/1757] Building C object apps/testing/drivers/drivertest/CMakeFiles/apps_cmocka_driver_block.dir/drivertest_block.c.o
[1634/1757] Building C object apps/system/libuv/CMakeFiles/libuv.dir/libuv/src/unix/fs.c.o
[1635/1757] Building C object apps/external/zblue/CMakeFiles/zblue.dir/zblue/subsys/bluetooth/common/addr.c.o
[1636/1757] Building C object apps/testing/mm/heaptest/CMakeFiles/apps_mm.dir/mm_main.c.o
[1637/1757] Linking C static library apps/system/libuv/liblibuv.a
[1638/1757] Building C object apps/external/zblue/CMakeFiles/zblue.dir/zblue/subsys/bluetooth/common/dummy.c.o
[1639/1757] Linking C static library apps/testing/mm/heaptest/libapps_mm.a
[1640/1757] Building C object apps/external/zblue/CMakeFiles/zblue.dir/zblue/subsys/bluetooth/host/hci_common.c.o
[1641/1757] Building C object apps/external/zblue/CMakeFiles/zblue.dir/zblue/subsys/bluetooth/common/bt_str.c.o
[1642/1757] Building C object apps/external/zblue/CMakeFiles/zblue.dir/zblue/subsys/bluetooth/common/rpa.c.o
[1643/1757] Building C object apps/external/zblue/CMakeFiles/zblue.dir/zblue/subsys/bluetooth/host/long_wq.c.o
[1644/1757] Building C object apps/external/zblue/CMakeFiles/zblue.dir/zblue/subsys/bluetooth/host/uuid.c.o
[1645/1757] Building C object apps/external/zblue/CMakeFiles/zblue.dir/zblue/subsys/bluetooth/host/addr.c.o
[1646/1757] Building C object apps/external/zblue/CMakeFiles/zblue.dir/zblue/subsys/bluetooth/host/data.c.o
[1647/1757] Building C object apps/external/zblue/CMakeFiles/zblue.dir/zblue/subsys/bluetooth/host/buf.c.o
[1648/1757] Building C object apps/external/zblue/CMakeFiles/zblue.dir/zblue/subsys/bluetooth/host/ecc.c.o
[1649/1757] Building C object apps/external/zblue/CMakeFiles/zblue.dir/zblue/subsys/bluetooth/host/crypto_psa.c.o
[1650/1757] Building C object apps/testing/cmocka/CMakeFiles/cmocka.dir/cmocka/src/cmocka.c.o
[1651/1757] Linking C static library apps/testing/cmocka/libcmocka.a
[1652/1757] Linking C static library apps/testing/cmocka/libapps_cmocka.a
[1653/1757] Linking C static library apps/testing/drivers/drivertest/libapps_cmocka_driver_simple.a
[1654/1757] Linking C static library apps/testing/drivers/drivertest/libapps_cmocka_driver_block.a
[1655/1757] Linking C static library apps/testing/drivers/drivertest/libapps_cmocka_driver_rtc.a
[1656/1757] Linking C static library apps/testing/drivers/drivertest/libapps_cmocka_posix_timer.a
[1657/1757] Linking C static library apps/testing/drivers/drivertest/libapps_cmocka_driver_uart.a
[1658/1757] Building C object apps/external/zblue/CMakeFiles/zblue.dir/zblue/subsys/bluetooth/host/scan.c.o
[1659/1757] Building C object apps/external/zblue/CMakeFiles/zblue.dir/zblue/subsys/bluetooth/host/id.c.o
[1660/1757] Building C object apps/external/zblue/CMakeFiles/zblue.dir/zblue/subsys/bluetooth/host/adv.c.o
[1661/1757] Building C object apps/external/zblue/CMakeFiles/zblue.dir/zblue/subsys/bluetooth/host/l2cap.c.o
[1662/1757] Building C object apps/external/zblue/CMakeFiles/zblue.dir/zblue/subsys/bluetooth/host/hci_core.c.o
[1663/1757] Building C object apps/external/zblue/CMakeFiles/zblue.dir/zblue/subsys/bluetooth/crypto/bt_crypto.c.o
[1664/1757] Building C object apps/external/zblue/CMakeFiles/zblue.dir/zblue/subsys/bluetooth/host/keys.c.o
[1665/1757] Building C object apps/external/zblue/CMakeFiles/zblue.dir/zblue/kernel/system_work_q.c.o
[1666/1757] Building C object apps/external/zblue/CMakeFiles/zblue.dir/zblue/subsys/bluetooth/crypto/bt_crypto_psa.c.o
[1667/1757] Building C object apps/external/zblue/CMakeFiles/zblue.dir/zblue/lib/utils/dec.c.o
[1668/1757] Building C object apps/external/zblue/CMakeFiles/zblue.dir/zblue/subsys/bluetooth/host/gatt.c.o
[1669/1757] Building C object apps/external/zblue/CMakeFiles/zblue.dir/zblue/subsys/bluetooth/host/conn.c.o
[1670/1757] Building C object apps/external/zblue/CMakeFiles/zblue.dir/zblue/lib/utils/hex.c.o
[1671/1757] Building C object apps/external/zblue/CMakeFiles/zblue.dir/zblue/port/kernel/device.c.o
[1672/1757] Building C object apps/external/zblue/CMakeFiles/zblue.dir/zblue/port/kernel/atomic_port.c.o
[1673/1757] Building C object apps/external/zblue/CMakeFiles/zblue.dir/zblue/subsys/bluetooth/host/att.c.o
[1674/1757] Building C object apps/external/zblue/CMakeFiles/zblue.dir/zblue/lib/net_buf/buf_simple.c.o
[1675/1757] Building C object apps/external/zblue/CMakeFiles/zblue.dir/zblue/kernel/work.c.o
[1676/1757] Building C object apps/external/zblue/CMakeFiles/zblue.dir/zblue/port/kernel/fatal.c.o
[1677/1757] Building C object apps/external/zblue/CMakeFiles/zblue.dir/zblue/port/kernel/init.c.o
[1678/1757] Building C object apps/external/zblue/CMakeFiles/zblue.dir/zblue/port/kernel/mutex.c.o
[1679/1757] Building C object apps/external/zblue/CMakeFiles/zblue.dir/zblue/port/kernel/mem_slab.c.o
[1680/1757] Building C object apps/external/zblue/CMakeFiles/zblue.dir/zblue/port/kernel/sched.c.o
[1681/1757] Building C object apps/external/zblue/CMakeFiles/zblue.dir/zblue/port/kernel/poll.c.o
[1682/1757] Building C object apps/external/zblue/CMakeFiles/zblue.dir/zblue/port/kernel/queue.c.o
[1683/1757] Building C object apps/external/zblue/CMakeFiles/zblue.dir/zblue/subsys/bluetooth/host/smp.c.o
[1684/1757] Building C object apps/external/zblue/CMakeFiles/zblue.dir/zblue/port/lib/os/assert.c.o
[1685/1757] Building C object apps/external/zblue/CMakeFiles/zblue.dir/zblue/port/kernel/thread.c.o
[1686/1757] Building C object apps/external/zblue/CMakeFiles/zblue.dir/zblue/port/kernel/sem.c.o
[1687/1757] Building C object apps/external/zblue/CMakeFiles/zblue.dir/zblue/port/kernel/timeout.c.o
[1688/1757] Building C object apps/external/zblue/CMakeFiles/zblue.dir/zblue/port/sections/defines.c.o
[1689/1757] Building C object apps/frameworks/connectivity/bluetooth/CMakeFiles/libbluetooth.dir/framework/common/bt_hash.c.o
[1690/1757] Building C object apps/frameworks/connectivity/bluetooth/CMakeFiles/libbluetooth.dir/framework/common/bt_addr.c.o
[1691/1757] Building C object apps/external/zblue/CMakeFiles/zblue.dir/zblue/port/subsys/fs/fs.c.o
[1692/1757] Building C object apps/frameworks/connectivity/bluetooth/CMakeFiles/libbluetooth.dir/framework/common/bt_time.c.o
[1693/1757] Building C object apps/frameworks/connectivity/bluetooth/CMakeFiles/libbluetooth.dir/framework/common/advertiser_data_helper.c.o
[1694/1757] Building C object apps/frameworks/connectivity/bluetooth/CMakeFiles/libbluetooth.dir/framework/common/advertiser_data.c.o
[1695/1757] Building C object apps/frameworks/connectivity/bluetooth/CMakeFiles/libbluetooth.dir/framework/common/bt_list.c.o
[1696/1757] Building C object apps/frameworks/connectivity/bluetooth/CMakeFiles/libbluetooth.dir/framework/common/state_machine.c.o
[1697/1757] Building C object apps/frameworks/connectivity/bluetooth/CMakeFiles/libbluetooth.dir/framework/common/bt_uuid.c.o
[1698/1757] Building C object apps/external/zblue/CMakeFiles/zblue.dir/zblue/port/lib/net_buf/buf.c.o
[1699/1757] Building C object apps/frameworks/connectivity/bluetooth/CMakeFiles/libbluetooth.dir/framework/common/callbacks_list.c.o
[1700/1757] Linking C static library apps/external/zblue/libzblue.a
[1701/1757] Building C object apps/frameworks/connectivity/bluetooth/CMakeFiles/libbluetooth.dir/framework/common/euv_pty.c.o
[1702/1757] Building C object apps/frameworks/connectivity/bluetooth/CMakeFiles/libbluetooth.dir/framework/api/bluetooth.c.o
[1703/1757] Building C object apps/frameworks/connectivity/bluetooth/CMakeFiles/libbluetooth.dir/framework/common/euv_pipe.c.o
[1704/1757] Building C object apps/frameworks/connectivity/bluetooth/CMakeFiles/libbluetooth.dir/framework/common/uv_thread_loop.c.o
[1705/1757] Building C object apps/frameworks/connectivity/bluetooth/CMakeFiles/libbluetooth.dir/framework/api/bt_adapter.c.o
[1706/1757] Building C object apps/frameworks/connectivity/bluetooth/CMakeFiles/libbluetooth.dir/framework/api/bt_device.c.o
[1707/1757] Building C object apps/frameworks/connectivity/bluetooth/CMakeFiles/libbluetooth.dir/framework/api/bt_le_advertiser.c.o
[1708/1757] Building C object apps/frameworks/connectivity/bluetooth/CMakeFiles/libbluetooth.dir/framework/api/bt_le_scan.c.o
[1709/1757] Building C object apps/frameworks/connectivity/bluetooth/CMakeFiles/libbluetooth.dir/framework/api/bt_trace.c.o
[1710/1757] Building C object apps/frameworks/connectivity/bluetooth/CMakeFiles/libbluetooth.dir/service/common/index_allocator.c.o
[1711/1757] Building C object apps/frameworks/connectivity/bluetooth/CMakeFiles/libbluetooth.dir/service/src/manager_service.c.o
[1712/1757] Building C object apps/frameworks/connectivity/bluetooth/CMakeFiles/libbluetooth.dir/service/common/storage.c.o
[1713/1757] Building C object apps/frameworks/connectivity/bluetooth/CMakeFiles/libbluetooth.dir/service/src/btservice.c.o
[1714/1757] Building C object apps/frameworks/connectivity/bluetooth/CMakeFiles/libbluetooth.dir/service/vendor/bt_vendor.c.o
[1715/1757] Building C object apps/frameworks/connectivity/bluetooth/CMakeFiles/libbluetooth.dir/service/common/service_loop.c.o
[1716/1757] Building C object apps/frameworks/connectivity/bluetooth/CMakeFiles/libbluetooth.dir/service/src/hci_parser.c.o
[1717/1757] Building C object apps/frameworks/connectivity/bluetooth/CMakeFiles/libbluetooth.dir/service/src/adapter_state.c.o
[1718/1757] Building C object apps/frameworks/connectivity/bluetooth/CMakeFiles/libbluetooth.dir/service/src/scan_record.c.o
[1719/1757] Building C object apps/frameworks/connectivity/bluetooth/CMakeFiles/libbluetooth.dir/service/src/scan_filter.c.o
[1720/1757] Building C object apps/frameworks/connectivity/bluetooth/CMakeFiles/libbluetooth.dir/service/src/advertising.c.o
[1721/1757] Building C object apps/frameworks/connectivity/bluetooth/CMakeFiles/libbluetooth.dir/service/src/device.c.o
[1722/1757] Building C object apps/frameworks/connectivity/bluetooth/CMakeFiles/libbluetooth.dir/service/stacks/stack_manager.c.o
[1723/1757] Building C object apps/frameworks/connectivity/bluetooth/CMakeFiles/libbluetooth.dir/service/src/scan_manager.c.o
[1724/1757] Building C object apps/frameworks/connectivity/bluetooth/CMakeFiles/libbluetooth.dir/service/stacks/zephyr/sal_debug_interface.c.o
[1725/1757] Building C object apps/frameworks/connectivity/bluetooth/CMakeFiles/libbluetooth.dir/service/profiles/system/telephony_interface.c.o
[1726/1757] Building C object apps/frameworks/connectivity/bluetooth/CMakeFiles/libbluetooth.dir/service/stacks/zephyr/hci_h4.c.o
[1727/1757] Building C object apps/frameworks/connectivity/bluetooth/CMakeFiles/libbluetooth.dir/service/stacks/zephyr/sal_zblue.c.o
[1728/1757] Building C object apps/frameworks/connectivity/bluetooth/CMakeFiles/libbluetooth.dir/service/profiles/service_manager.c.o
[1729/1757] Building C object apps/frameworks/connectivity/bluetooth/CMakeFiles/libbluetooth.dir/service/stacks/zephyr/sal_connection_manager.c.o
[1730/1757] Building C object apps/frameworks/connectivity/bluetooth/CMakeFiles/libbluetooth.dir/service/stacks/zephyr/sal_adapter_interface.c.o
/home/regex/work/esp32s31-openvela/openvela-dev/apps/frameworks/connectivity/bluetooth/service/stacks/zephyr/sal_adapter_interface.c:53:26: warning: 'zblue_pending_connect_complete' declared 'static' but never defined [-Wunused-function]
   53 | #define STACK_CALL(func) zblue_##func
      |                          ^~~~~~
/home/regex/work/esp32s31-openvela/openvela-dev/apps/frameworks/connectivity/bluetooth/service/stacks/zephyr/sal_adapter_interface.c:55:13: note: in expansion of macro 'STACK_CALL'
   55 | static void STACK_CALL(pending_connect_complete)(void* args);
      |             ^~~~~~~~~~
/home/regex/work/esp32s31-openvela/openvela-dev/apps/frameworks/connectivity/bluetooth/service/stacks/zephyr/sal_adapter_interface.c:53:26: warning: 'zblue_set_bond' defined but not used [-Wunused-function]
   53 | #define STACK_CALL(func) zblue_##func
      |                          ^~~~~~
/home/regex/work/esp32s31-openvela/openvela-dev/apps/frameworks/connectivity/bluetooth/service/stacks/zephyr/sal_adapter_interface.c:1790:13: note: in expansion of macro 'STACK_CALL'
 1790 | static void STACK_CALL(set_bond)(void* args)
      |             ^~~~~~~~~~
[1731/1757] Building C object apps/frameworks/connectivity/bluetooth/CMakeFiles/libbluetooth.dir/debug/bt_trace.c.o
[1732/1757] Building C object apps/frameworks/connectivity/bluetooth/CMakeFiles/libbluetooth.dir/service/stacks/zephyr/sal_le_scan_interface.c.o
[1733/1757] Building C object apps/frameworks/connectivity/bluetooth/CMakeFiles/libbluetooth.dir/service/utils/btsnoop_log.c.o
[1734/1757] Building C object apps/frameworks/connectivity/bluetooth/CMakeFiles/libbluetooth.dir/service/utils/log_server.c.o
/home/regex/work/esp32s31-openvela/openvela-dev/apps/frameworks/connectivity/bluetooth/service/utils/log_server.c: In function 'bt_log_module_enable':
/home/regex/work/esp32s31-openvela/openvela-dev/apps/frameworks/connectivity/bluetooth/service/utils/log_server.c:112:17: warning: variable 'property' set but not used [-Wunused-but-set-variable]
  112 |     const char* property = NULL;
      |                 ^~~~~~~~
/home/regex/work/esp32s31-openvela/openvela-dev/apps/frameworks/connectivity/bluetooth/service/utils/log_server.c: In function 'bt_log_module_disable':
/home/regex/work/esp32s31-openvela/openvela-dev/apps/frameworks/connectivity/bluetooth/service/utils/log_server.c:154:17: warning: variable 'property' set but not used [-Wunused-but-set-variable]
  154 |     const char* property = NULL;
      |                 ^~~~~~~~
/home/regex/work/esp32s31-openvela/openvela-dev/apps/frameworks/connectivity/bluetooth/service/utils/log_server.c: At top level:
/home/regex/work/esp32s31-openvela/openvela-dev/apps/frameworks/connectivity/bluetooth/service/utils/log_server.c:76:16: warning: 'bt_log_set_level' defined but not used [-Wunused-function]
   76 | static uint8_t bt_log_set_level(uint8_t level, bool changed)
      |                ^~~~~~~~~~~~~~~~
[1735/1757] Building C object apps/frameworks/connectivity/bluetooth/CMakeFiles/libbluetooth.dir/service/stacks/zephyr/sal_le_advertise_interface.c.o
[1736/1757] Building C object apps/frameworks/connectivity/bluetooth/CMakeFiles/libbluetooth.dir/service/src/adapter_service.c.o
[1737/1757] Building C object apps/frameworks/connectivity/bluetooth/CMakeFiles/libbluetooth.dir/service/vhal/bt_vhal.c.o
[1738/1757] Building C object apps/frameworks/connectivity/bluetooth/CMakeFiles/libbluetooth.dir/tools/utils.c.o
[1739/1757] Building C object apps/frameworks/connectivity/bluetooth/CMakeFiles/libbluetooth.dir/service/utils/btsnoop_writer.c.o
[1740/1757] Building C object apps/frameworks/connectivity/bluetooth/CMakeFiles/libbluetooth.dir/service/stacks/zephyr/sal_adapter_le_interface.c.o
/home/regex/work/esp32s31-openvela/openvela-dev/apps/frameworks/connectivity/bluetooth/service/stacks/zephyr/sal_adapter_le_interface.c: In function 'zblue_on_connected':
/home/regex/work/esp32s31-openvela/openvela-dev/apps/frameworks/connectivity/bluetooth/service/stacks/zephyr/sal_adapter_le_interface.c:405:13: warning: variable 'role' set but not used [-Wunused-but-set-variable]
  405 |     uint8_t role;
      |             ^~~~
/home/regex/work/esp32s31-openvela/openvela-dev/apps/frameworks/connectivity/bluetooth/service/stacks/zephyr/sal_adapter_le_interface.c: In function 'zblue_on_disconnected':
/home/regex/work/esp32s31-openvela/openvela-dev/apps/frameworks/connectivity/bluetooth/service/stacks/zephyr/sal_adapter_le_interface.c:509:13: warning: variable 'role' set but not used [-Wunused-but-set-variable]
  509 |     uint8_t role;
      |             ^~~~
/home/regex/work/esp32s31-openvela/openvela-dev/apps/frameworks/connectivity/bluetooth/service/stacks/zephyr/sal_adapter_le_interface.c: In function 'zblue_on_param_updated':
/home/regex/work/esp32s31-openvela/openvela-dev/apps/frameworks/connectivity/bluetooth/service/stacks/zephyr/sal_adapter_le_interface.c:617:13: warning: variable 'role' set but not used [-Wunused-but-set-variable]
  617 |     uint8_t role;
      |             ^~~~
/home/regex/work/esp32s31-openvela/openvela-dev/apps/frameworks/connectivity/bluetooth/service/stacks/zephyr/sal_adapter_le_interface.c: In function 'zblue_on_phy_updated':
/home/regex/work/esp32s31-openvela/openvela-dev/apps/frameworks/connectivity/bluetooth/service/stacks/zephyr/sal_adapter_le_interface.c:1320:13: warning: variable 'role' set but not used [-Wunused-but-set-variable]
 1320 |     uint8_t role;
      |             ^~~~
[1741/1757] Building C object apps/frameworks/connectivity/bluetooth/CMakeFiles/libbluetooth.dir/service/utils/btsnoop_filter.c.o
[1742/1757] Building C object apps/builtin/CMakeFiles/apps_builtin.dir/builtin_list.c.o
[1743/1757] Linking C static library apps/builtin/libapps_builtin.a
[1744/1757] Building C object apps/frameworks/connectivity/bluetooth/CMakeFiles/libbluetooth.dir/tools/scan.c.o
[1745/1757] Building C object apps/frameworks/connectivity/bluetooth/CMakeFiles/libbluetooth.dir/tools/log.c.o
/home/regex/work/esp32s31-openvela/openvela-dev/apps/frameworks/connectivity/bluetooth/tools/log.c:91:13: warning: 'property_change_commit' defined but not used [-Wunused-function]
   91 | static void property_change_commit(int bit)
      |             ^~~~~~~~~~~~~~~~~~~~~~
[1746/1757] Building C object apps/frameworks/connectivity/bluetooth/CMakeFiles/apps_adapter_test.dir/tests/adapter_test.c.o
[1747/1757] Building C object apps/frameworks/connectivity/bluetooth/CMakeFiles/libbluetooth.dir/tools/adv.c.o
[1748/1757] Linking C static library apps/frameworks/connectivity/bluetooth/liblibbluetooth.a
[1749/1757] Linking C static library apps/frameworks/connectivity/bluetooth/libapps_adapter_test.a
[1750/1757] Building C object apps/frameworks/connectivity/bluetooth/CMakeFiles/apps_bttool.dir/tools/bt_tools.c.o
[1751/1757] Linking C static library apps/frameworks/connectivity/bluetooth/libapps_bttool.a
[1752/1757] Building C object apps/external/unqlite/CMakeFiles/unqlite.dir/unqlite/unqlite.c.o
[1753/1757] Linking C static library apps/external/unqlite/libunqlite.a
[1754/1757] Linking C executable nuttx
[1755/1757] Generating nuttx.hex
[1756/1757] Generating System.map
[1757/1757] Generating ESP32-S31 simple-boot image for offset 0x2000
esptool v5.4.0
Creating ESP32-S31 image...
Image has only RAM segments visible. ROM segments are hidden and SHA256 digest is not appended.
Merged 1 ELF section.
Successfully created ESP32-S31 image.
+ test -f /home/regex/work/esp32s31-openvela/openvela-dev/out/esp32s31-xts-flat-bttool/nuttx.bin
++ stat -c %s /home/regex/work/esp32s31-openvela/openvela-dev/out/esp32s31-xts-flat-bttool/nuttx.bin
+ test 1209732 -le 2088960
+ rg -q mm_main /home/regex/work/esp32s31-openvela/openvela-dev/out/esp32s31-xts-flat-bttool/System.map
+ rg -q cmocka_driver_block_main /home/regex/work/esp32s31-openvela/openvela-dev/out/esp32s31-xts-flat-bttool/System.map
+ '[' xts-flat-bttool = xts-flat-rtc ']'
+ '[' xts-flat-bttool = xts-flat-flash ']'
+ '[' xts-flat-bttool = xts-flat-flash ']'
+ '[' xts-flat-bttool = xts-flat-wdt ']'
+ '[' xts-flat-bttool = xts-flat-gpio ']'
+ '[' xts-flat-bttool = xts-flat-bmi160 ']'
+ [[ xts-flat-bttool = xts-flat-category-fs* ]]
+ '[' xts-flat-bttool = xts-flat-category-kv ']'
+ '[' xts-flat-bttool = xts-flat-bmi160-uorb ']'
+ '[' xts-flat-bttool = xts-flat-pwm ']'
+ '[' xts-flat-bttool = xts-flat-category-fs-flash ']'
+ '[' xts-flat-bttool = xts-flat-category-fs-perf ']'
+ '[' xts-flat-bttool = xts-flat-category-fs-perf ']'
+ '[' xts-flat-bttool = xts-flat-flash-raw ']'
+ '[' xts-flat-bttool = xts-flat-audio ']'
+ '[' xts-flat-bttool = xts-flat-ble ']'
+ '[' xts-flat-bttool = xts-flat-bttool ']'
+ for task_option in ESP32S31_BLE DRIVERS_BLUETOOTH UART_BTH4
+ rg -q '^CONFIG_ESP32S31_BLE=y$' /home/regex/work/esp32s31-openvela/openvela-dev/out/esp32s31-xts-flat-bttool/.config
+ for task_option in ESP32S31_BLE DRIVERS_BLUETOOTH UART_BTH4
+ rg -q '^CONFIG_DRIVERS_BLUETOOTH=y$' /home/regex/work/esp32s31-openvela/openvela-dev/out/esp32s31-xts-flat-bttool/.config
+ for task_option in ESP32S31_BLE DRIVERS_BLUETOOTH UART_BTH4
+ rg -q '^CONFIG_UART_BTH4=y$' /home/regex/work/esp32s31-openvela/openvela-dev/out/esp32s31-xts-flat-bttool/.config
+ rg -q '^CONFIG_(SMP|ESPRESSIF_WIFI|ESPRESSIF_SPIRAM_USER_HEAP)=y$' /home/regex/work/esp32s31-openvela/openvela-dev/out/esp32s31-xts-flat-bttool/.config
+ for task_symbol in esp32s31_ble_initialize esp_bt_controller_init esp_bt_controller_enable uart_bth4_register
+ rg -q ' [Tt] esp32s31_ble_initialize$' /home/regex/work/esp32s31-openvela/openvela-dev/out/esp32s31-xts-flat-bttool/System.map
+ for task_symbol in esp32s31_ble_initialize esp_bt_controller_init esp_bt_controller_enable uart_bth4_register
+ rg -q ' [Tt] esp_bt_controller_init$' /home/regex/work/esp32s31-openvela/openvela-dev/out/esp32s31-xts-flat-bttool/System.map
+ for task_symbol in esp32s31_ble_initialize esp_bt_controller_init esp_bt_controller_enable uart_bth4_register
+ rg -q ' [Tt] esp_bt_controller_enable$' /home/regex/work/esp32s31-openvela/openvela-dev/out/esp32s31-xts-flat-bttool/System.map
+ for task_symbol in esp32s31_ble_initialize esp_bt_controller_init esp_bt_controller_enable uart_bth4_register
+ rg -q ' [Tt] uart_bth4_register$' /home/regex/work/esp32s31-openvela/openvela-dev/out/esp32s31-xts-flat-bttool/System.map
+ '[' xts-flat-bttool = xts-flat-bttool ']'
+ for task_option in BLUETOOTH_TOOLS BLUETOOTH_SERVICE BLUETOOTH_STACK_LE_ZBLUE BT_HCI_HOST
+ rg -q '^CONFIG_BLUETOOTH_TOOLS=y$' /home/regex/work/esp32s31-openvela/openvela-dev/out/esp32s31-xts-flat-bttool/.config
+ for task_option in BLUETOOTH_TOOLS BLUETOOTH_SERVICE BLUETOOTH_STACK_LE_ZBLUE BT_HCI_HOST
+ rg -q '^CONFIG_BLUETOOTH_SERVICE=y$' /home/regex/work/esp32s31-openvela/openvela-dev/out/esp32s31-xts-flat-bttool/.config
+ for task_option in BLUETOOTH_TOOLS BLUETOOTH_SERVICE BLUETOOTH_STACK_LE_ZBLUE BT_HCI_HOST
+ rg -q '^CONFIG_BLUETOOTH_STACK_LE_ZBLUE=y$' /home/regex/work/esp32s31-openvela/openvela-dev/out/esp32s31-xts-flat-bttool/.config
+ for task_option in BLUETOOTH_TOOLS BLUETOOTH_SERVICE BLUETOOTH_STACK_LE_ZBLUE BT_HCI_HOST
+ rg -q '^CONFIG_BT_HCI_HOST=y$' /home/regex/work/esp32s31-openvela/openvela-dev/out/esp32s31-xts-flat-bttool/.config
+ rg -q bttool_main /home/regex/work/esp32s31-openvela/openvela-dev/out/esp32s31-xts-flat-bttool/System.map
+ set -o noclobber
+ sha256sum /home/regex/work/esp32s31-openvela/openvela-dev/out/esp32s31-xts-flat-bttool/nuttx.bin
+ restore_config
+ '[' -f /tmp/s31-flat-source-config.Edz8xS/.config ']'
+ mv /tmp/s31-flat-source-config.Edz8xS/.config .config
+ '[' -f /tmp/s31-flat-source-config.Edz8xS/config.h ']'
+ mv /tmp/s31-flat-source-config.Edz8xS/config.h include/nuttx/config.h
+ rmdir /tmp/s31-flat-source-config.Edz8xS
