+ cmake -S . -B /home/regex/work/esp32s31-openvela/openvela-dev/out/esp32s31-ble-kernel1553 -G Ninja -DBOARD_CONFIG=esp32s31-core-function-board:demo-rmt-bttool-coex-pie -DFETCHCONTENT_FULLY_DISCONNECTED=ON
-- Found Python3: /home/regex/work/esp32s31-openvela/s31-reference/.venv-nuttx/bin/python3.10 (found version "3.10.12") found components: Interpreter 
-- Processing includes: /home/regex/work/esp32s31-openvela/openvela-dev/nuttx/boards/risc-v/esp32s31/esp32s31-core-function-board/configs/demo-rmt-bttool-coex-pie/defconfig → /home/regex/work/esp32s31-openvela/openvela-dev/out/esp32s31-ble-kernel1553/.defconfig.processed
-- Initializing NuttX
CMake Warning at cmake/nuttx_kconfig.cmake:182 (message):
  Kconfig Configuration Error:
  /home/regex/work/esp32s31-openvela/openvela-dev/out/esp32s31-ble-kernel1553/.config.compressed:250:
  warning: WIRELESS_WAPI_INITCONF (defined at
  /home/regex/work/esp32s31-openvela/openvela-dev/apps/wireless/wapi/Kconfig:43)
  set more than once.  Old value "y", new value "y".

  
  /home/regex/work/esp32s31-openvela/openvela-dev/out/esp32s31-ble-kernel1553/.config.compressed:276:
  warning: ESPRESSIF_WIFI (defined at
  arch/risc-v/src/common/espressif/Kconfig:521,
  arch/risc-v/src/common/espressif/Kconfig:521,
  arch/risc-v/src/common/espressif/Kconfig:521,
  arch/risc-v/src/common/espressif/Kconfig:521,
  arch/xtensa/src/common/espressif/Kconfig:310,
  arch/xtensa/src/common/espressif/Kconfig:310,
  arch/xtensa/src/common/espressif/Kconfig:310) set more than once.  Old
  value "y", new value "y".

  
  /home/regex/work/esp32s31-openvela/openvela-dev/out/esp32s31-ble-kernel1553/.config.compressed:277:
  warning: ESPRESSIF_SPIRAM_USER_HEAP (defined at
  arch/risc-v/src/esp32s31/Kconfig:254) set more than once.  Old value "n",
  new value "n".

  
  /home/regex/work/esp32s31-openvela/openvela-dev/out/esp32s31-ble-kernel1553/.config.compressed:282:
  warning: FS_TMPFS (defined at fs/tmpfs/Kconfig:6) set more than once.  Old
  value "y", new value "y".

  
  /home/regex/work/esp32s31-openvela/openvela-dev/out/esp32s31-ble-kernel1553/.config.compressed:283:
  warning: NETINIT_NETLOCAL (defined at
  /home/regex/work/esp32s31-openvela/openvela-dev/apps/netutils/netinit/Kconfig:16)
  set more than once.  Old value "y", new value "y".

  
  /home/regex/work/esp32s31-openvela/openvela-dev/out/esp32s31-ble-kernel1553/.config.compressed:289:
  warning: DEV_URANDOM (defined at drivers/crypto/Kconfig:16) set more than
  once.  Old value "y", new value "y".

  
  /home/regex/work/esp32s31-openvela/openvela-dev/out/esp32s31-ble-kernel1553/.config.compressed:299:
  warning: NETDEV_LATEINIT (defined at net/Kconfig:315) set more than once.
  Old value "y", new value "y".

  
  /home/regex/work/esp32s31-openvela/openvela-dev/out/esp32s31-ble-kernel1553/.config.compressed:300:
  warning: NET_LOCAL (defined at net/local/Kconfig:9) set more than once.
  Old value "y", new value "y".

  
  /home/regex/work/esp32s31-openvela/openvela-dev/out/esp32s31-ble-kernel1553/.config.compressed:301:
  warning: NET_LOCAL_STREAM (defined at net/local/Kconfig:24) set more than
  once.  Old value "y", new value "y".

  
  /home/regex/work/esp32s31-openvela/openvela-dev/out/esp32s31-ble-kernel1553/.config.compressed:302:
  warning: NET_SOCKOPTS (defined at net/socket/Kconfig:39) set more than
  once.  Old value "y", new value "y".

  
  /home/regex/work/esp32s31-openvela/openvela-dev/out/esp32s31-ble-kernel1553/.config.compressed:304:
  warning: PIPES (defined at drivers/pipes/Kconfig:6) set more than once.
  Old value "y", new value "y".

  
  /home/regex/work/esp32s31-openvela/openvela-dev/out/esp32s31-ble-kernel1553/.config.compressed:334:
  warning: PTHREAD_MUTEX_TYPES (defined at sched/Kconfig:938) set more than
  once.  Old value "y", new value "y".

Call Stack (most recent call first):
  CMakeLists.txt:363 (nuttx_olddefconfig)


Loaded configuration '/home/regex/work/esp32s31-openvela/openvela-dev/out/esp32s31-ble-kernel1553/.config.compressed'
Minimal configuration saved to '/home/regex/work/esp32s31-openvela/openvela-dev/out/esp32s31-ble-kernel1553/defconfig.tmp'
  Select HOST_LINUX=y
--   CMake:  3.22.1
--   Ninja:  1.10.1
--   Board:  esp32s31-core-function-board
--   Config: demo-rmt-bttool-coex-pie
--   Appdir: /home/regex/work/esp32s31-openvela/openvela-dev/apps
-- The C compiler identification is GNU 11.4.0
-- Detecting C compiler ABI info
-- Detecting C compiler ABI info - done
-- Check for working C compiler: /usr/bin/cc - skipped
-- Detecting C compile features
-- Detecting C compile features - done
-- NuttX Host Tools
-- Configuring done
-- Generating done
-- Build files have been written to: /home/regex/work/esp32s31-openvela/openvela-dev/out/esp32s31-ble-kernel1553/bin_host
-- The C compiler identification is GNU 15.2.0
-- The CXX compiler identification is GNU 15.2.0
-- The ASM compiler identification is GNU
-- Found assembler: /home/regex/.espressif/tools/riscv32-esp-elf/esp-15.2.0_20251204/riscv32-esp-elf/bin/riscv32-esp-elf-gcc
-- Detecting C compiler ABI info
-- Detecting C compiler ABI info - done
-- Check for working C compiler: /home/regex/.espressif/tools/riscv32-esp-elf/esp-15.2.0_20251204/riscv32-esp-elf/bin/riscv32-esp-elf-gcc - skipped
-- Detecting C compile features
-- Detecting C compile features - done
-- Detecting CXX compiler ABI info
-- Detecting CXX compiler ABI info - done
-- Check for working CXX compiler: /home/regex/.espressif/tools/riscv32-esp-elf/esp-15.2.0_20251204/riscv32-esp-elf/bin/riscv32-esp-elf-g++ - skipped
-- Detecting CXX compile features
-- Detecting CXX compile features - done
CONFIG_ZEPHYR_REPO_DEFAULT
-- Configuring done
-- Generating done
-- Build files have been written to: /home/regex/work/esp32s31-openvela/openvela-dev/out/esp32s31-ble-kernel1553
+ cmake --build /home/regex/work/esp32s31-openvela/openvela-dev/out/esp32s31-ble-kernel1553 --target resetconfig
[1/1] cd /home/regex/work/esp32s31-openvela/openvela-dev/nuttx && /usr/bin/cmake -E copy /home/regex/work/esp32s31-openvela/openvela-dev/out/esp32s31-ble-kernel1553/.defconfig.processed /home/regex/work/esp32s31-openvela/openvela-dev/out/esp32s31-ble-kernel1553/.config && /usr/bin/cmake -E env KCONFIG_CONFIG=/home/regex/work/esp32s31-openvela/openvela-dev/out/esp32s31-ble-kernel1553/.config EXTERNALDIR=dummy APPSDIR=/home/regex/work/esp32s31-openvela/openvela-dev/apps DRIVERS_PLATFORM_DIR=dummy APPSBINDIR=/home/regex/work/esp32s31-openvela/openvela-dev/out/esp32s31-ble-kernel1553/apps BINDIR=/home/regex/work/esp32s31-openvela/openvela-dev/out/esp32s31-ble-kernel1553 olddefconfig && /usr/bin/cmake -E copy /home/regex/work/esp32s31-openvela/openvela-dev/out/esp32s31-ble-kernel1553/.config /home/regex/work/esp32s31-openvela/openvela-dev/out/esp32s31-ble-kernel1553/.config.orig && /usr/bin/cmake -E remove -f /home/regex/work/esp32s31-openvela/openvela-dev/out/esp32s31-ble-kernel1553/include/nuttx/config.h && /usr/bin/cmake -E touch /home/regex/work/esp32s31-openvela/openvela-dev/nuttx/CMakeLists.txt
/home/regex/work/esp32s31-openvela/openvela-dev/out/esp32s31-ble-kernel1553/.config:250: warning: WIRELESS_WAPI_INITCONF (defined at /home/regex/work/esp32s31-openvela/openvela-dev/apps/wireless/wapi/Kconfig:43) set more than once. Old value "y", new value "y".
/home/regex/work/esp32s31-openvela/openvela-dev/out/esp32s31-ble-kernel1553/.config:276: warning: ESPRESSIF_WIFI (defined at arch/risc-v/src/common/espressif/Kconfig:521, arch/risc-v/src/common/espressif/Kconfig:521, arch/risc-v/src/common/espressif/Kconfig:521, arch/risc-v/src/common/espressif/Kconfig:521, arch/xtensa/src/common/espressif/Kconfig:310, arch/xtensa/src/common/espressif/Kconfig:310, arch/xtensa/src/common/espressif/Kconfig:310) set more than once. Old value "y", new value "y".
/home/regex/work/esp32s31-openvela/openvela-dev/out/esp32s31-ble-kernel1553/.config:277: warning: ESPRESSIF_SPIRAM_USER_HEAP (defined at arch/risc-v/src/esp32s31/Kconfig:254) set more than once. Old value "n", new value "n".
/home/regex/work/esp32s31-openvela/openvela-dev/out/esp32s31-ble-kernel1553/.config:282: warning: FS_TMPFS (defined at fs/tmpfs/Kconfig:6) set more than once. Old value "y", new value "y".
/home/regex/work/esp32s31-openvela/openvela-dev/out/esp32s31-ble-kernel1553/.config:283: warning: NETINIT_NETLOCAL (defined at /home/regex/work/esp32s31-openvela/openvela-dev/apps/netutils/netinit/Kconfig:16) set more than once. Old value "y", new value "y".
/home/regex/work/esp32s31-openvela/openvela-dev/out/esp32s31-ble-kernel1553/.config:289: warning: DEV_URANDOM (defined at drivers/crypto/Kconfig:16) set more than once. Old value "y", new value "y".
/home/regex/work/esp32s31-openvela/openvela-dev/out/esp32s31-ble-kernel1553/.config:299: warning: NETDEV_LATEINIT (defined at net/Kconfig:315) set more than once. Old value "y", new value "y".
/home/regex/work/esp32s31-openvela/openvela-dev/out/esp32s31-ble-kernel1553/.config:300: warning: NET_LOCAL (defined at net/local/Kconfig:9) set more than once. Old value "y", new value "y".
/home/regex/work/esp32s31-openvela/openvela-dev/out/esp32s31-ble-kernel1553/.config:301: warning: NET_LOCAL_STREAM (defined at net/local/Kconfig:24) set more than once. Old value "y", new value "y".
/home/regex/work/esp32s31-openvela/openvela-dev/out/esp32s31-ble-kernel1553/.config:302: warning: NET_SOCKOPTS (defined at net/socket/Kconfig:39) set more than once. Old value "y", new value "y".
/home/regex/work/esp32s31-openvela/openvela-dev/out/esp32s31-ble-kernel1553/.config:304: warning: PIPES (defined at drivers/pipes/Kconfig:6) set more than once. Old value "y", new value "y".
/home/regex/work/esp32s31-openvela/openvela-dev/out/esp32s31-ble-kernel1553/.config:334: warning: PTHREAD_MUTEX_TYPES (defined at sched/Kconfig:938) set more than once. Old value "y", new value "y".
Loaded configuration '/home/regex/work/esp32s31-openvela/openvela-dev/out/esp32s31-ble-kernel1553/.config'
Configuration saved to '/home/regex/work/esp32s31-openvela/openvela-dev/out/esp32s31-ble-kernel1553/.config'
+ cmake -S . -B /home/regex/work/esp32s31-openvela/openvela-dev/out/esp32s31-ble-kernel1553 -G Ninja -DBOARD_CONFIG=esp32s31-core-function-board:demo-rmt-bttool-coex-pie -DFETCHCONTENT_FULLY_DISCONNECTED=ON
-- Processing includes: /home/regex/work/esp32s31-openvela/openvela-dev/nuttx/boards/risc-v/esp32s31/esp32s31-core-function-board/configs/demo-rmt-bttool-coex-pie/defconfig → /home/regex/work/esp32s31-openvela/openvela-dev/out/esp32s31-ble-kernel1553/.defconfig.processed
-- NuttX Host Tools
-- Configuring done
-- Generating done
-- Build files have been written to: /home/regex/work/esp32s31-openvela/openvela-dev/out/esp32s31-ble-kernel1553/bin_host
CONFIG_ZEPHYR_REPO_DEFAULT
-- Configuring done
-- Generating done
-- Build files have been written to: /home/regex/work/esp32s31-openvela/openvela-dev/out/esp32s31-ble-kernel1553
+ for task_option in BUILD_KERNEL SMP ESP32S31_SMP ARCH_ADDRENV ESPRESSIF_WIFI ESP32S31_BLE BLUETOOTH_TOOLS BLUETOOTH_GATT_SERVER ESP32S31_PIE
+ rg -q '^CONFIG_BUILD_KERNEL=y$' /home/regex/work/esp32s31-openvela/openvela-dev/out/esp32s31-ble-kernel1553/.config
+ for task_option in BUILD_KERNEL SMP ESP32S31_SMP ARCH_ADDRENV ESPRESSIF_WIFI ESP32S31_BLE BLUETOOTH_TOOLS BLUETOOTH_GATT_SERVER ESP32S31_PIE
+ rg -q '^CONFIG_SMP=y$' /home/regex/work/esp32s31-openvela/openvela-dev/out/esp32s31-ble-kernel1553/.config
+ for task_option in BUILD_KERNEL SMP ESP32S31_SMP ARCH_ADDRENV ESPRESSIF_WIFI ESP32S31_BLE BLUETOOTH_TOOLS BLUETOOTH_GATT_SERVER ESP32S31_PIE
+ rg -q '^CONFIG_ESP32S31_SMP=y$' /home/regex/work/esp32s31-openvela/openvela-dev/out/esp32s31-ble-kernel1553/.config
+ for task_option in BUILD_KERNEL SMP ESP32S31_SMP ARCH_ADDRENV ESPRESSIF_WIFI ESP32S31_BLE BLUETOOTH_TOOLS BLUETOOTH_GATT_SERVER ESP32S31_PIE
+ rg -q '^CONFIG_ARCH_ADDRENV=y$' /home/regex/work/esp32s31-openvela/openvela-dev/out/esp32s31-ble-kernel1553/.config
+ for task_option in BUILD_KERNEL SMP ESP32S31_SMP ARCH_ADDRENV ESPRESSIF_WIFI ESP32S31_BLE BLUETOOTH_TOOLS BLUETOOTH_GATT_SERVER ESP32S31_PIE
+ rg -q '^CONFIG_ESPRESSIF_WIFI=y$' /home/regex/work/esp32s31-openvela/openvela-dev/out/esp32s31-ble-kernel1553/.config
+ for task_option in BUILD_KERNEL SMP ESP32S31_SMP ARCH_ADDRENV ESPRESSIF_WIFI ESP32S31_BLE BLUETOOTH_TOOLS BLUETOOTH_GATT_SERVER ESP32S31_PIE
+ rg -q '^CONFIG_ESP32S31_BLE=y$' /home/regex/work/esp32s31-openvela/openvela-dev/out/esp32s31-ble-kernel1553/.config
+ for task_option in BUILD_KERNEL SMP ESP32S31_SMP ARCH_ADDRENV ESPRESSIF_WIFI ESP32S31_BLE BLUETOOTH_TOOLS BLUETOOTH_GATT_SERVER ESP32S31_PIE
+ rg -q '^CONFIG_BLUETOOTH_TOOLS=y$' /home/regex/work/esp32s31-openvela/openvela-dev/out/esp32s31-ble-kernel1553/.config
+ for task_option in BUILD_KERNEL SMP ESP32S31_SMP ARCH_ADDRENV ESPRESSIF_WIFI ESP32S31_BLE BLUETOOTH_TOOLS BLUETOOTH_GATT_SERVER ESP32S31_PIE
+ rg -q '^CONFIG_BLUETOOTH_GATT_SERVER=y$' /home/regex/work/esp32s31-openvela/openvela-dev/out/esp32s31-ble-kernel1553/.config
+ for task_option in BUILD_KERNEL SMP ESP32S31_SMP ARCH_ADDRENV ESPRESSIF_WIFI ESP32S31_BLE BLUETOOTH_TOOLS BLUETOOTH_GATT_SERVER ESP32S31_PIE
+ rg -q '^CONFIG_ESP32S31_PIE=y$' /home/regex/work/esp32s31-openvela/openvela-dev/out/esp32s31-ble-kernel1553/.config
+ rg -q '^CONFIG_(ESPRESSIF_SPIRAM_USER_HEAP)=y$' /home/regex/work/esp32s31-openvela/openvela-dev/out/esp32s31-ble-kernel1553/.config
+ cmake --build /home/regex/work/esp32s31-openvela/openvela-dev/out/esp32s31-ble-kernel1553 -j8
[1/4001] Generating esp32s31.rom.coexist.ld.0.tmp
[2/4001] Generating esp32s31.rom.ld.1.tmp
[3/4001] Generating esp32s31.rom.libc.ld.2.tmp
[4/4001] Generating esp32s31.rom.rvfp.ld.3.tmp
[5/4001] Generating esp32s31.rom.net80211.ld.4.tmp
[6/4001] Generating esp32s31.rom.phy.ld.5.tmp
[7/4001] Generating esp32s31.rom.pp.ld.6.tmp
[8/4001] Generating esp32s31.rom.newlib.ld.7.tmp
[9/4001] Generating esp32s31.rom.api.ld.8.tmp
[10/4001] Generating esp32s31.rom.version.ld.9.tmp
[11/4001] Generating rom.api.ld.11.tmp
[12/4001] Generating esp32s31_aliases.ld.12.tmp
[13/4001] Generating esp32s31.peripherals.ld.10.tmp
[14/4001] cd /home/regex/work/esp32s31-openvela/openvela-dev/nuttx && /usr/bin/cmake -DKCONFIG_CONFIG=/home/regex/work/esp32s31-openvela/openvela-dev/out/esp32s31-ble-kernel1553/.defconfig.processed -DNUTTX_DIR=/home/regex/work/esp32s31-openvela/openvela-dev/nuttx -DCMAKE_BINARY_DIR=/home/regex/work/esp32s31-openvela/openvela-dev/out/esp32s31-ble-kernel1553 -P /home/regex/work/esp32s31-openvela/openvela-dev/nuttx/cmake/nuttx_generate_dts.cmake
[15/4001] Generating esp32s31_flat_memory.ld.13.tmp
[16/4001] cd /home/regex/work/esp32s31-openvela/openvela-dev/out/esp32s31-ble-kernel1553/libs/libc/misc && /usr/bin/cmake -E touch /home/regex/work/esp32s31-openvela/openvela-dev/nuttx/libs/libc/misc/lib_utsname.c
[17/4001] Generating esp32s31_sections.ld.14.tmp
[18/4001] Generating ../../../gnu-elf.ld
[19/4001] Installing locked ESP32-S31 architecture headers
[20/4001] Creating directories for 'nettest'
[21/4001] Building C object binfmt/CMakeFiles/binfmt.dir/binfmt_globals.c.o
[22/4001] Generating help.c from .d files
[23/4001] Building C object arch/CMakeFiles/arch.dir/home/regex/work/esp32s31-openvela/s31-reference/deps/esp-hal-3rdparty/components/bootloader_support/src/bootloader_efuse.c.o
[24/4001] Building C object arch/CMakeFiles/arch.dir/home/regex/work/esp32s31-openvela/s31-reference/deps/esp-hal-3rdparty/components/efuse/esp32s31/esp_efuse_fields.c.o
[25/4001] Building C object arch/CMakeFiles/arch.dir/home/regex/work/esp32s31-openvela/s31-reference/deps/esp-hal-3rdparty/components/efuse/esp32s31/esp_efuse_table.c.o
[26/4001] Building C object arch/CMakeFiles/arch.dir/home/regex/work/esp32s31-openvela/s31-reference/deps/esp-hal-3rdparty/components/bootloader_support/src/bootloader_random.c.o
[27/4001] Building C object arch/CMakeFiles/arch.dir/home/regex/work/esp32s31-openvela/s31-reference/deps/esp-hal-3rdparty/components/bootloader_support/src/flash_encrypt.c.o
[28/4001] Building C object arch/CMakeFiles/arch.dir/home/regex/work/esp32s31-openvela/s31-reference/deps/esp-hal-3rdparty/components/esp_rom/patches/esp_rom_crc.c.o
[29/4001] Building C object arch/CMakeFiles/arch.dir/home/regex/work/esp32s31-openvela/s31-reference/deps/esp-hal-3rdparty/components/esp_rom/patches/esp_rom_efuse.c.o
[30/4001] Building C object arch/CMakeFiles/arch.dir/home/regex/work/esp32s31-openvela/s31-reference/deps/esp-hal-3rdparty/components/bootloader_support/src/bootloader_init.c.o
[31/4001] Building C object arch/CMakeFiles/arch.dir/home/regex/work/esp32s31-openvela/s31-reference/deps/esp-hal-3rdparty/components/esp_rom/patches/esp_rom_gpio.c.o
[32/4001] Building C object arch/CMakeFiles/arch.dir/home/regex/work/esp32s31-openvela/s31-reference/deps/esp-hal-3rdparty/components/efuse/esp32s31/esp_efuse_utility.c.o
[33/4001] Building C object arch/CMakeFiles/arch.dir/home/regex/work/esp32s31-openvela/s31-reference/deps/esp-hal-3rdparty/components/efuse/src/efuse_controller/keys/with_key_purposes/esp_efuse_api_key.c.o
[34/4001] Building C object arch/CMakeFiles/arch.dir/home/regex/work/esp32s31-openvela/s31-reference/deps/esp-hal-3rdparty/components/bootloader_support/src/esp_image_format.c.o
[35/4001] Building C object arch/CMakeFiles/arch.dir/home/regex/work/esp32s31-openvela/s31-reference/deps/esp-hal-3rdparty/components/esp_hal_dma/esp32s31/gdma_periph.c.o
[36/4001] Building C object arch/CMakeFiles/arch.dir/home/regex/work/esp32s31-openvela/s31-reference/deps/esp-hal-3rdparty/components/esp_rom/patches/esp_rom_print.c.o
[37/4001] Building C object arch/CMakeFiles/arch.dir/home/regex/work/esp32s31-openvela/s31-reference/deps/esp-hal-3rdparty/components/esp_hal_clock/esp32s31/clk_tree_hal.c.o
[38/4001] Building C object arch/CMakeFiles/arch.dir/home/regex/work/esp32s31-openvela/s31-reference/deps/esp-hal-3rdparty/components/efuse/src/esp_efuse_api.c.o
[39/4001] Building C object arch/CMakeFiles/arch.dir/home/regex/work/esp32s31-openvela/s31-reference/deps/esp-hal-3rdparty/components/efuse/src/esp_efuse_utility.c.o
[40/4001] cd /home/regex/work/esp32s31-openvela/openvela-dev/out/esp32s31-ble-kernel1553/syscall && cmake --build /home/regex/work/esp32s31-openvela/openvela-dev/out/esp32s31-ble-kernel1553/bin_host --target mksyscall
[ 25%] Building C object CMakeFiles/csvparser.dir/csvparser.c.o
[ 50%] Linking C static library libcsvparser.a
[ 50%] Built target csvparser
[ 75%] Building C object CMakeFiles/mksyscall.dir/mksyscall.c.o
[100%] Linking C executable mksyscall
[100%] Built target mksyscall
[41/4001] Building C object arch/CMakeFiles/arch.dir/home/regex/work/esp32s31-openvela/s31-reference/deps/esp-hal-3rdparty/components/esp_hal_dma/gdma_hal_crc_gen.c.o
[42/4001] Building C object arch/CMakeFiles/arch.dir/home/regex/work/esp32s31-openvela/s31-reference/deps/esp-hal-3rdparty/components/esp_hal_dma/gdma_hal_top.c.o
[43/4001] Building C object arch/CMakeFiles/arch.dir/home/regex/work/esp32s31-openvela/s31-reference/deps/esp-hal-3rdparty/components/esp_hal_dma/gdma_hal_axi.c.o
[44/4001] Building C object arch/CMakeFiles/arch.dir/home/regex/work/esp32s31-openvela/s31-reference/deps/esp-hal-3rdparty/components/esp_hal_dma/gdma_hal_ahb_v2.c.o
[45/4001] Building C object arch/CMakeFiles/arch.dir/home/regex/work/esp32s31-openvela/s31-reference/deps/esp-hal-3rdparty/components/esp_hal_gpio/esp32s31/dedic_gpio_periph.c.o
[46/4001] Building C object arch/CMakeFiles/arch.dir/home/regex/work/esp32s31-openvela/s31-reference/deps/esp-hal-3rdparty/components/esp_hal_gpio/esp32s31/sdm_periph.c.o
[47/4001] Building C object arch/CMakeFiles/arch.dir/home/regex/work/esp32s31-openvela/s31-reference/deps/esp-hal-3rdparty/components/esp_hal_gpio/sdm_hal.c.o
[48/4001] Building C object arch/CMakeFiles/arch.dir/home/regex/work/esp32s31-openvela/s31-reference/deps/esp-hal-3rdparty/components/esp_hal_gpio/esp32s31/rtc_io_periph.c.o
[49/4001] Building C object arch/CMakeFiles/arch.dir/home/regex/work/esp32s31-openvela/s31-reference/deps/esp-hal-3rdparty/nuttx/src/bootloader_banner_wrap.c.o
[50/4001] Building C object arch/CMakeFiles/arch.dir/home/regex/work/esp32s31-openvela/s31-reference/deps/esp-hal-3rdparty/components/esp_hal_gpio/rtc_io_hal.c.o
[51/4001] Building C object arch/CMakeFiles/arch.dir/home/regex/work/esp32s31-openvela/s31-reference/deps/esp-hal-3rdparty/components/esp_hal_gpio/gpio_hal.c.o
[52/4001] Building C object arch/CMakeFiles/arch.dir/home/regex/work/esp32s31-openvela/s31-reference/deps/esp-hal-3rdparty/components/esp_hal_mspi/spi_flash_encrypt_hal_iram.c.o
[53/4001] Building C object arch/CMakeFiles/arch.dir/home/regex/work/esp32s31-openvela/s31-reference/deps/esp-hal-3rdparty/components/esp_hal_timg/esp32s31/timer_periph.c.o
[54/4001] Building C object arch/CMakeFiles/arch.dir/home/regex/work/esp32s31-openvela/s31-reference/deps/esp-hal-3rdparty/components/esp_hal_pmu/esp32s31/pmu_hal.c.o
[55/4001] Building C object arch/CMakeFiles/arch.dir/home/regex/work/esp32s31-openvela/s31-reference/deps/esp-hal-3rdparty/components/esp_hal_uart/esp32s31/uart_periph.c.o
[56/4001] Building C object arch/CMakeFiles/arch.dir/home/regex/work/esp32s31-openvela/s31-reference/deps/esp-hal-3rdparty/components/esp_hal_timg/timer_hal.c.o
[57/4001] Building C object arch/CMakeFiles/arch.dir/home/regex/work/esp32s31-openvela/s31-reference/deps/esp-hal-3rdparty/components/esp_hal_systimer/systimer_hal.c.o
[58/4001] Building C object arch/CMakeFiles/arch.dir/home/regex/work/esp32s31-openvela/s31-reference/deps/esp-hal-3rdparty/components/esp_hal_mspi/spi_flash_hal_gpspi.c.o
[59/4001] Building C object arch/CMakeFiles/arch.dir/home/regex/work/esp32s31-openvela/s31-reference/deps/esp-hal-3rdparty/components/esp_hal_mspi/spi_flash_hal.c.o
[60/4001] Building C object arch/CMakeFiles/arch.dir/home/regex/work/esp32s31-openvela/s31-reference/deps/esp-hal-3rdparty/components/esp_hal_mspi/spi_flash_hal_iram.c.o
[61/4001] Building C object arch/CMakeFiles/arch.dir/home/regex/work/esp32s31-openvela/s31-reference/deps/esp-hal-3rdparty/components/esp_hw_support/clk_ctrl_os.c.o
[62/4001] Building C object arch/CMakeFiles/arch.dir/home/regex/work/esp32s31-openvela/s31-reference/deps/esp-hal-3rdparty/components/esp_hal_uart/uart_hal_iram.c.o
[63/4001] Building C object arch/CMakeFiles/arch.dir/home/regex/work/esp32s31-openvela/s31-reference/deps/esp-hal-3rdparty/components/esp_hal_wdt/wdt_hal_iram.c.o
[64/4001] Building C object arch/CMakeFiles/arch.dir/home/regex/work/esp32s31-openvela/s31-reference/deps/esp-hal-3rdparty/components/esp_hw_support/cpu.c.o
[65/4001] Building C object arch/CMakeFiles/arch.dir/home/regex/work/esp32s31-openvela/s31-reference/deps/esp-hal-3rdparty/components/esp_hw_support/clk_utils.c.o
[66/4001] Building C object arch/CMakeFiles/arch.dir/home/regex/work/esp32s31-openvela/s31-reference/deps/esp-hal-3rdparty/components/esp_hal_uart/uart_hal.c.o
[67/4001] Building C object arch/CMakeFiles/arch.dir/risc-v/src/esp32s31/hal_backports/esp_gpio_reserve.c.o
[68/4001] Building C object arch/CMakeFiles/arch.dir/home/regex/work/esp32s31-openvela/s31-reference/deps/esp-hal-3rdparty/components/esp_hw_support/esp_memory_utils.c.o
[69/4001] Building C object arch/CMakeFiles/arch.dir/home/regex/work/esp32s31-openvela/s31-reference/deps/esp-hal-3rdparty/components/esp_hw_support/esp_clk.c.o
[70/4001] Building C object arch/CMakeFiles/arch.dir/home/regex/work/esp32s31-openvela/s31-reference/deps/esp-hal-3rdparty/components/esp_hw_support/hw_random.c.o
[71/4001] Building C object arch/CMakeFiles/arch.dir/home/regex/work/esp32s31-openvela/s31-reference/deps/esp-hal-3rdparty/components/esp_hw_support/mac_addr.c.o
[72/4001] Building C object arch/CMakeFiles/arch.dir/home/regex/work/esp32s31-openvela/s31-reference/deps/esp-hal-3rdparty/components/esp_hw_support/periph_ctrl.c.o
[73/4001] Building C object arch/CMakeFiles/arch.dir/home/regex/work/esp32s31-openvela/s31-reference/deps/esp-hal-3rdparty/components/esp_hw_support/port/esp32s31/esp_cpu_intr.c.o
[74/4001] Building C object arch/CMakeFiles/arch.dir/home/regex/work/esp32s31-openvela/s31-reference/deps/esp-hal-3rdparty/components/esp_hw_support/port/esp32s31/cpu_region_protect.c.o
[75/4001] Building C object arch/CMakeFiles/arch.dir/home/regex/work/esp32s31-openvela/s31-reference/deps/esp-hal-3rdparty/components/esp_hw_support/ldo/esp_ldo_regulator.c.o
[76/4001] Building C object arch/CMakeFiles/arch.dir/home/regex/work/esp32s31-openvela/s31-reference/deps/esp-hal-3rdparty/components/esp_hw_support/mspi/mspi_timing_tuning/mspi_timing_tuning.c.o
[77/4001] Building C object arch/CMakeFiles/arch.dir/home/regex/work/esp32s31-openvela/s31-reference/deps/esp-hal-3rdparty/components/esp_hw_support/intr_alloc.c.o
[78/4001] Building C object arch/CMakeFiles/arch.dir/home/regex/work/esp32s31-openvela/s31-reference/deps/esp-hal-3rdparty/components/esp_hw_support/port/esp32s31/pmu_param.c.o
[79/4001] Building C object arch/CMakeFiles/arch.dir/home/regex/work/esp32s31-openvela/s31-reference/deps/esp-hal-3rdparty/components/esp_hw_support/port/esp32s31/io_mux.c.o
[80/4001] Building C object arch/CMakeFiles/arch.dir/home/regex/work/esp32s31-openvela/s31-reference/deps/esp-hal-3rdparty/components/esp_hw_support/port/esp32s31/esp_clk_tree.c.o
[81/4001] Building C object arch/CMakeFiles/arch.dir/risc-v/src/esp32s31/hal_backports/rtc_clk_init.c.o
[82/4001] Building C object arch/CMakeFiles/arch.dir/home/regex/work/esp32s31-openvela/s31-reference/deps/esp-hal-3rdparty/components/esp_hw_support/port/esp32s31/pmu_init.c.o
[83/4001] Building C object arch/CMakeFiles/arch.dir/home/regex/work/esp32s31-openvela/s31-reference/deps/esp-hal-3rdparty/components/esp_hw_support/port/esp32s31/systimer.c.o
[84/4001] Building C object arch/CMakeFiles/arch.dir/home/regex/work/esp32s31-openvela/s31-reference/deps/esp-hal-3rdparty/components/esp_hw_support/port/esp32s31/rtc_time.c.o
[85/4001] Building C object arch/CMakeFiles/arch.dir/home/regex/work/esp32s31-openvela/s31-reference/deps/esp-hal-3rdparty/components/esp_hw_support/regi2c_ctrl.c.o
[86/4001] Building C object arch/CMakeFiles/arch.dir/home/regex/work/esp32s31-openvela/s31-reference/deps/esp-hal-3rdparty/components/esp_hw_support/port/esp32s31/rtc_clk.c.o
[87/4001] Building C object arch/CMakeFiles/arch.dir/home/regex/work/esp32s31-openvela/s31-reference/deps/esp-hal-3rdparty/components/esp_hw_support/rtc_module.c.o
[88/4001] Building C object arch/CMakeFiles/arch.dir/home/regex/work/esp32s31-openvela/s31-reference/deps/esp-hal-3rdparty/components/esp_mm/port/esp32s31/ext_mem_layout.c.o
[89/4001] Building C object arch/CMakeFiles/arch.dir/home/regex/work/esp32s31-openvela/s31-reference/deps/esp-hal-3rdparty/components/esp_mm/esp_cache_msync.c.o
[90/4001] Building C object arch/CMakeFiles/arch.dir/home/regex/work/esp32s31-openvela/s31-reference/deps/esp-hal-3rdparty/components/esp_mm/esp_cache_utils.c.o
[91/4001] Building C object arch/CMakeFiles/arch.dir/home/regex/work/esp32s31-openvela/s31-reference/deps/esp-hal-3rdparty/components/esp_rom/patches/esp_rom_clic.c.o
[92/4001] Building C object arch/CMakeFiles/arch.dir/home/regex/work/esp32s31-openvela/s31-reference/deps/esp-hal-3rdparty/components/esp_hw_support/port/esp_clk_tree_common.c.o
[93/4001] Building C object arch/CMakeFiles/arch.dir/home/regex/work/esp32s31-openvela/s31-reference/deps/esp-hal-3rdparty/components/esp_rom/patches/esp_rom_serial_output.c.o
[94/4001] Building C object arch/CMakeFiles/arch.dir/home/regex/work/esp32s31-openvela/s31-reference/deps/esp-hal-3rdparty/components/esp_rom/patches/esp_rom_spiflash.c.o
[95/4001] Building C object arch/CMakeFiles/arch.dir/home/regex/work/esp32s31-openvela/s31-reference/deps/esp-hal-3rdparty/components/esp_rom/patches/esp_rom_sys.c.o
[96/4001] Building C object arch/CMakeFiles/arch.dir/home/regex/work/esp32s31-openvela/s31-reference/deps/esp-hal-3rdparty/components/esp_common/src/esp_err_to_name.c.o
[97/4001] Building C object arch/CMakeFiles/arch.dir/home/regex/work/esp32s31-openvela/s31-reference/deps/esp-hal-3rdparty/components/esp_system/esp_err.c.o
[98/4001] Building C object arch/CMakeFiles/arch.dir/home/regex/work/esp32s31-openvela/s31-reference/deps/esp-hal-3rdparty/components/esp_system/port/soc/esp32s31/reset_reason.c.o
[99/4001] Building C object arch/CMakeFiles/arch.dir/home/regex/work/esp32s31-openvela/s31-reference/deps/esp-hal-3rdparty/components/esp_mm/esp_mmu_map.c.o
[100/4001] Building C object arch/CMakeFiles/arch.dir/home/regex/work/esp32s31-openvela/s31-reference/deps/esp-hal-3rdparty/components/esp_system/startup.c.o
[101/4001] Building C object arch/CMakeFiles/arch.dir/home/regex/work/esp32s31-openvela/s31-reference/deps/esp-hal-3rdparty/components/esp_system/system_time.c.o
[102/4001] Building C object arch/CMakeFiles/arch.dir/home/regex/work/esp32s31-openvela/s31-reference/deps/esp-hal-3rdparty/components/esp_system/port/soc/esp32s31/clk.c.o
[103/4001] Building C object arch/CMakeFiles/arch.dir/home/regex/work/esp32s31-openvela/s31-reference/deps/esp-hal-3rdparty/components/esp_timer/src/esp_timer_init.c.o
[104/4001] Building C object arch/CMakeFiles/arch.dir/home/regex/work/esp32s31-openvela/s31-reference/deps/esp-hal-3rdparty/components/esp_system/port/soc/esp32s31/system_internal.c.o
[105/4001] Building C object arch/CMakeFiles/arch.dir/home/regex/work/esp32s31-openvela/s31-reference/deps/esp-hal-3rdparty/components/esp_timer/src/system_time.c.o
[106/4001] Building C object arch/CMakeFiles/arch.dir/home/regex/work/esp32s31-openvela/s31-reference/deps/esp-hal-3rdparty/components/esp_system/startup_funcs.c.o
[107/4001] Building C object arch/CMakeFiles/arch.dir/home/regex/work/esp32s31-openvela/s31-reference/deps/esp-hal-3rdparty/components/esp_timer/src/esp_timer_impl_systimer.c.o
[108/4001] Building C object arch/CMakeFiles/arch.dir/home/regex/work/esp32s31-openvela/s31-reference/deps/esp-hal-3rdparty/components/esp_timer/src/esp_timer_impl_common.c.o
[109/4001] Building C object arch/CMakeFiles/arch.dir/home/regex/work/esp32s31-openvela/s31-reference/deps/esp-hal-3rdparty/components/hal/esp32s31/efuse_hal.c.o
[110/4001] Building C object arch/CMakeFiles/arch.dir/home/regex/work/esp32s31-openvela/s31-reference/deps/esp-hal-3rdparty/components/hal/efuse_hal.c.o
[111/4001] Building C object arch/CMakeFiles/arch.dir/home/regex/work/esp32s31-openvela/s31-reference/deps/esp-hal-3rdparty/components/esp_timer/src/esp_timer.c.o
[112/4001] Building C object arch/CMakeFiles/arch.dir/home/regex/work/esp32s31-openvela/s31-reference/deps/esp-hal-3rdparty/components/hal/hal_utils.c.o
[113/4001] Building C object arch/CMakeFiles/arch.dir/home/regex/work/esp32s31-openvela/s31-reference/deps/esp-hal-3rdparty/components/log/src/log_level/log_level.c.o
[114/4001] Building C object arch/CMakeFiles/arch.dir/home/regex/work/esp32s31-openvela/s31-reference/deps/esp-hal-3rdparty/components/log/src/log_level/tag_log_level/tag_log_level.c.o
[115/4001] Building C object arch/CMakeFiles/arch.dir/home/regex/work/esp32s31-openvela/s31-reference/deps/esp-hal-3rdparty/components/hal/cache_hal.c.o
[116/4001] Building C object arch/CMakeFiles/arch.dir/home/regex/work/esp32s31-openvela/s31-reference/deps/esp-hal-3rdparty/components/log/src/log_level/tag_log_level/linked_list/log_linked_list.c.o
[117/4001] Building C object arch/CMakeFiles/arch.dir/home/regex/work/esp32s31-openvela/s31-reference/deps/esp-hal-3rdparty/components/log/src/noos/log_lock.c.o
[118/4001] Building C object arch/CMakeFiles/arch.dir/home/regex/work/esp32s31-openvela/s31-reference/deps/esp-hal-3rdparty/components/log/src/log.c.o
[119/4001] Building C object arch/CMakeFiles/arch.dir/home/regex/work/esp32s31-openvela/s31-reference/deps/esp-hal-3rdparty/components/log/src/noos/log_timestamp.c.o
[120/4001] Building C object arch/CMakeFiles/arch.dir/home/regex/work/esp32s31-openvela/s31-reference/deps/esp-hal-3rdparty/components/hal/mmu_hal.c.o
[121/4001] Building C object arch/CMakeFiles/arch.dir/home/regex/work/esp32s31-openvela/s31-reference/deps/esp-hal-3rdparty/components/log/src/os/log_write.c.o
[122/4001] Building C object arch/CMakeFiles/arch.dir/home/regex/work/esp32s31-openvela/s31-reference/deps/esp-hal-3rdparty/components/riscv/instruction_decode.c.o
[123/4001] Building C object arch/CMakeFiles/arch.dir/home/regex/work/esp32s31-openvela/s31-reference/deps/esp-hal-3rdparty/components/log/src/os/util.c.o
[124/4001] Building C object arch/CMakeFiles/arch.dir/home/regex/work/esp32s31-openvela/s31-reference/deps/esp-hal-3rdparty/components/riscv/interrupt.c.o
[125/4001] Building C object arch/CMakeFiles/arch.dir/home/regex/work/esp32s31-openvela/s31-reference/deps/esp-hal-3rdparty/components/soc/esp32s31/gpio_periph.c.o
[126/4001] Building C object arch/CMakeFiles/arch.dir/home/regex/work/esp32s31-openvela/s31-reference/deps/esp-hal-3rdparty/components/riscv/rv_utils.c.o
[127/4001] Building C object arch/CMakeFiles/arch.dir/home/regex/work/esp32s31-openvela/s31-reference/deps/esp-hal-3rdparty/components/riscv/interrupt_clic.c.o
[128/4001] Building C object arch/CMakeFiles/arch.dir/home/regex/work/esp32s31-openvela/s31-reference/deps/esp-hal-3rdparty/components/soc/esp32s31/interrupts.c.o
[129/4001] Building C object arch/CMakeFiles/arch.dir/home/regex/work/esp32s31-openvela/s31-reference/deps/esp-hal-3rdparty/components/soc/lldesc.c.o
[130/4001] Building C object arch/CMakeFiles/arch.dir/home/regex/work/esp32s31-openvela/s31-reference/deps/esp-hal-3rdparty/components/spi_flash/flash_brownout_hook.c.o
[131/4001] Building C object arch/CMakeFiles/arch.dir/home/regex/work/esp32s31-openvela/s31-reference/deps/esp-hal-3rdparty/components/spi_flash/spi_flash_chip_drivers.c.o
[132/4001] Building C object arch/CMakeFiles/arch.dir/home/regex/work/esp32s31-openvela/s31-reference/deps/esp-hal-3rdparty/components/spi_flash/flash_mmap.c.o
[133/4001] Building C object arch/CMakeFiles/arch.dir/home/regex/work/esp32s31-openvela/s31-reference/deps/esp-hal-3rdparty/components/spi_flash/cache_utils.c.o
[134/4001] Building C object arch/CMakeFiles/arch.dir/home/regex/work/esp32s31-openvela/s31-reference/deps/esp-hal-3rdparty/components/spi_flash/memspi_host_driver.c.o
[135/4001] Building C object arch/CMakeFiles/arch.dir/home/regex/work/esp32s31-openvela/s31-reference/deps/esp-hal-3rdparty/components/spi_flash/spi_flash_chip_gd.c.o
[136/4001] Building C object arch/CMakeFiles/arch.dir/home/regex/work/esp32s31-openvela/s31-reference/deps/esp-hal-3rdparty/components/spi_flash/flash_ops.c.o
[137/4001] Building C object arch/CMakeFiles/arch.dir/home/regex/work/esp32s31-openvela/s31-reference/deps/esp-hal-3rdparty/components/spi_flash/esp_flash_spi_init.c.o
/home/regex/work/esp32s31-openvela/s31-reference/deps/esp-hal-3rdparty/components/spi_flash/esp_flash_spi_init.c: In function 'acquire_spi_device':
/home/regex/work/esp32s31-openvela/s31-reference/deps/esp-hal-3rdparty/components/spi_flash/esp_flash_spi_init.c:234:35: warning: declaration of 'config' shadows a parameter [-Wshadow]
  234 |         spi_bus_lock_dev_config_t config = {.flags = SPI_BUS_LOCK_DEV_FLAG_CS_REQUIRED};
      |                                   ^~~~~~
/home/regex/work/esp32s31-openvela/s31-reference/deps/esp-hal-3rdparty/components/spi_flash/esp_flash_spi_init.c:226:74: note: shadowed declaration is here
  226 | static esp_err_t acquire_spi_device(const esp_flash_spi_device_config_t *config, int* out_dev_id, spi_bus_lock_dev_handle_t* out_dev_handle)
      |                                     ~~~~~~~~~~~~~~~~~~~~~~~~~~~~~~~~~~~~~^~~~~~
[138/4001] Building C object arch/CMakeFiles/arch.dir/home/regex/work/esp32s31-openvela/s31-reference/deps/esp-hal-3rdparty/components/spi_flash/spi_flash_chip_winbond.c.o
[139/4001] Building C object arch/CMakeFiles/arch.dir/home/regex/work/esp32s31-openvela/s31-reference/deps/esp-hal-3rdparty/components/spi_flash/spi_flash_os_func_noos.c.o
[140/4001] Building C object arch/CMakeFiles/arch.dir/home/regex/work/esp32s31-openvela/s31-reference/deps/esp-hal-3rdparty/components/upper_hal_dma/src/esp_dma_utils.c.o
[141/4001] Building C object arch/CMakeFiles/arch.dir/home/regex/work/esp32s31-openvela/s31-reference/deps/esp-hal-3rdparty/components/spi_flash/esp_flash_api.c.o
/home/regex/work/esp32s31-openvela/s31-reference/deps/esp-hal-3rdparty/components/spi_flash/esp_flash_api.c: In function 'esp_flash_write':
/home/regex/work/esp32s31-openvela/s31-reference/deps/esp-hal-3rdparty/components/spi_flash/esp_flash_api.c:57:23: warning: declaration of 'ret' shadows a previous local [-Wshadow]
   57 |             esp_err_t ret = CHIP->os_func->region_protected(CHIP->os_func_data, ADDR, SIZE); \
      |                       ^~~
/home/regex/work/esp32s31-openvela/s31-reference/deps/esp-hal-3rdparty/components/spi_flash/esp_flash_api.c:1121:5: note: in expansion of macro 'CHECK_WRITE_ADDRESS'
 1121 |     CHECK_WRITE_ADDRESS(chip, address, length);
      |     ^~~~~~~~~~~~~~~~~~~
/home/regex/work/esp32s31-openvela/s31-reference/deps/esp-hal-3rdparty/components/spi_flash/esp_flash_api.c:1113:15: note: shadowed declaration is here
 1113 |     esp_err_t ret = ESP_FAIL;
      |               ^~~
/home/regex/work/esp32s31-openvela/s31-reference/deps/esp-hal-3rdparty/components/spi_flash/esp_flash_api.c: In function 'esp_flash_write_encrypted':
/home/regex/work/esp32s31-openvela/s31-reference/deps/esp-hal-3rdparty/components/spi_flash/esp_flash_api.c:57:23: warning: declaration of 'ret' shadows a previous local [-Wshadow]
   57 |             esp_err_t ret = CHIP->os_func->region_protected(CHIP->os_func_data, ADDR, SIZE); \
      |                       ^~~
/home/regex/work/esp32s31-openvela/s31-reference/deps/esp-hal-3rdparty/components/spi_flash/esp_flash_api.c:1362:5: note: in expansion of macro 'CHECK_WRITE_ADDRESS'
 1362 |     CHECK_WRITE_ADDRESS(chip, address, length);
      |     ^~~~~~~~~~~~~~~~~~~
/home/regex/work/esp32s31-openvela/s31-reference/deps/esp-hal-3rdparty/components/spi_flash/esp_flash_api.c:1350:15: note: shadowed declaration is here
 1350 |     esp_err_t ret = ESP_FAIL;
      |               ^~~
[142/4001] Building C object arch/CMakeFiles/arch.dir/home/regex/work/esp32s31-openvela/s31-reference/deps/esp-hal-3rdparty/components/spi_flash/spi_flash_hpm_enable.c.o
[143/4001] Building C object arch/CMakeFiles/arch.dir/home/regex/work/esp32s31-openvela/s31-reference/deps/esp-hal-3rdparty/components/spi_flash/spi_flash_os_func_app.c.o
[144/4001] Building C object arch/CMakeFiles/arch.dir/home/regex/work/esp32s31-openvela/s31-reference/deps/esp-hal-3rdparty/nuttx/src/components/newlib/newlib/libc/misc/init.c.o
[145/4001] Building C object arch/CMakeFiles/arch.dir/home/regex/work/esp32s31-openvela/s31-reference/deps/esp-hal-3rdparty/components/spi_flash/spi_flash_chip_generic.c.o
[146/4001] Building C object arch/CMakeFiles/arch.dir/home/regex/work/esp32s31-openvela/s31-reference/deps/esp-hal-3rdparty/components/upper_hal_dma/src/gdma_link.c.o
[147/4001] Building C object arch/CMakeFiles/arch.dir/home/regex/work/esp32s31-openvela/s31-reference/deps/esp-hal-3rdparty/components/upper_hal_uart/src/uart_wakeup.c.o
[148/4001] Building C object arch/CMakeFiles/arch.dir/home/regex/work/esp32s31-openvela/s31-reference/deps/esp-hal-3rdparty/components/upper_hal_gpio/src/rtc_io.c.o
[149/4001] Building C object arch/CMakeFiles/arch.dir/risc-v/src/esp32s31/esp32s31_pm_stubs.c.o
[150/4001] Building C object arch/CMakeFiles/arch.dir/home/regex/work/esp32s31-openvela/s31-reference/deps/esp-hal-3rdparty/nuttx/src/heap_caps.c.o
[151/4001] Building C object arch/CMakeFiles/arch.dir/home/regex/work/esp32s31-openvela/s31-reference/deps/esp-hal-3rdparty/components/esp_hal_regi2c/esp32s31/regi2c_impl.c.o
[152/4001] Building C object arch/CMakeFiles/arch.dir/home/regex/work/esp32s31-openvela/s31-reference/deps/esp-hal-3rdparty/components/upper_hal_dma/src/gdma.c.o
[153/4001] Building C object arch/CMakeFiles/arch.dir/risc-v/src/esp32s31/hal_backports/esp_sleep_pd_config_stub.c.o
[154/4001] Building C object arch/CMakeFiles/arch.dir/home/regex/work/esp32s31-openvela/s31-reference/deps/esp-hal-3rdparty/nuttx/src/esp_event.c.o
[155/4001] Building C object arch/CMakeFiles/arch.dir/home/regex/work/esp32s31-openvela/s31-reference/deps/esp-hal-3rdparty/components/bootloader_support/src/bootloader_mem.c.o
[156/4001] Building C object arch/CMakeFiles/arch.dir/home/regex/work/esp32s31-openvela/s31-reference/deps/esp-hal-3rdparty/components/hal/esp32s31/modem_clock_hal.c.o
[157/4001] Building C object arch/CMakeFiles/arch.dir/home/regex/work/esp32s31-openvela/s31-reference/deps/esp-hal-3rdparty/components/esp_hw_support/modem/port/esp32s31/modem_clock_impl.c.o
[158/4001] Building C object arch/CMakeFiles/arch.dir/home/regex/work/esp32s31-openvela/s31-reference/deps/esp-hal-3rdparty/components/upper_hal_gpio/src/gpio.c.o
/home/regex/work/esp32s31-openvela/s31-reference/deps/esp-hal-3rdparty/components/upper_hal_gpio/src/gpio.c: In function 'gpio_dump_io_configuration':
/home/regex/work/esp32s31-openvela/s31-reference/deps/esp-hal-3rdparty/components/upper_hal_gpio/src/gpio.c:1105:29: warning: format '%lu' expects argument of type 'long unsigned int', but argument 3 has type 'int' [-Wformat=]
 1105 |         fprintf(out_stream, "  FuncSel: %"PRIu32" (%s)\n", io_config.fun_sel, (io_config.fun_sel == PIN_FUNC_GPIO) ? "GPIO" : "IOMUX");
      |                             ^~~~~~~~~~~~~~                 ~~~~~~~~~~~~~~~~~
      |                                                                     |
      |                                                                     int
In file included from /home/regex/work/esp32s31-openvela/openvela-dev/nuttx/include/stdint.h:37,
                 from /home/regex/work/esp32s31-openvela/openvela-dev/nuttx/include/sys/types.h:34,
                 from /home/regex/work/esp32s31-openvela/openvela-dev/nuttx/arch/risc-v/src/esp32s31/include/esp32s31/rom/ets_sys.h:15,
                 from <command-line>:
/home/regex/work/esp32s31-openvela/openvela-dev/nuttx/include/arch/inttypes.h:79:35: note: format string is defined here
   79 | #define PRIu32      _PRI32PREFIX "u"
/home/regex/work/esp32s31-openvela/s31-reference/deps/esp-hal-3rdparty/components/upper_hal_gpio/src/gpio.c:1107:33: warning: format '%lu' expects argument of type 'long unsigned int', but argument 3 has type 'int' [-Wformat=]
 1107 |             fprintf(out_stream, "  GPIO Matrix SigOut ID: %"PRIu32"%s\n", io_config.sig_out, (io_config.sig_out == SIG_GPIO_OUT_IDX) ? " (simple GPIO output)" : "");
      |                                 ^~~~~~~~~~~~~~~~~~~~~~~~~~~~              ~~~~~~~~~~~~~~~~~
      |                                                                                    |
      |                                                                                    int
/home/regex/work/esp32s31-openvela/openvela-dev/nuttx/include/arch/inttypes.h:79:35: note: format string is defined here
   79 | #define PRIu32      _PRI32PREFIX "u"
[159/4001] Building C object arch/CMakeFiles/arch.dir/home/regex/work/esp32s31-openvela/s31-reference/deps/esp-hal-3rdparty/components/esp_hw_support/modem/modem_clock.c.o
[160/4001] Building C object arch/CMakeFiles/arch.dir/home/regex/work/esp32s31-openvela/s31-reference/deps/esp-hal-3rdparty/nuttx/src/platform/os.c.o
[161/4001] Building C object arch/CMakeFiles/arch.dir/home/regex/work/esp32s31-openvela/s31-reference/deps/esp-hal-3rdparty/components/bootloader_support/bootloader_flash/src/bootloader_flash_config_esp32s31.c.o
[162/4001] Building C object arch/CMakeFiles/arch.dir/home/regex/work/esp32s31-openvela/s31-reference/deps/esp-hal-3rdparty/components/bootloader_support/src/bootloader_clock_init.c.o
[163/4001] Building C object arch/CMakeFiles/arch.dir/home/regex/work/esp32s31-openvela/s31-reference/deps/esp-hal-3rdparty/components/bootloader_support/src/bootloader_clock_loader.c.o
[164/4001] Building C object arch/CMakeFiles/arch.dir/home/regex/work/esp32s31-openvela/s31-reference/deps/esp-hal-3rdparty/components/bootloader_support/src/esp32s31/bootloader_soc.c.o
[165/4001] Building C object arch/CMakeFiles/arch.dir/home/regex/work/esp32s31-openvela/s31-reference/deps/esp-hal-3rdparty/components/bootloader_support/bootloader_flash/src/flash_qio_mode.c.o
[166/4001] Building C object arch/CMakeFiles/arch.dir/home/regex/work/esp32s31-openvela/s31-reference/deps/esp-hal-3rdparty/components/bootloader_support/src/bootloader_console_loader.c.o
[167/4001] Building C object arch/CMakeFiles/arch.dir/home/regex/work/esp32s31-openvela/s31-reference/deps/esp-hal-3rdparty/components/bootloader_support/src/bootloader_common_loader.c.o
[168/4001] Building C object arch/CMakeFiles/arch.dir/home/regex/work/esp32s31-openvela/s31-reference/deps/esp-hal-3rdparty/components/bootloader_support/bootloader_flash/src/bootloader_flash.c.o
[169/4001] Building C object arch/CMakeFiles/arch.dir/risc-v/src/esp32s31/hal_backports/bootloader_random_esp32s31.c.o
[170/4001] Building C object arch/CMakeFiles/arch.dir/home/regex/work/esp32s31-openvela/s31-reference/deps/esp-hal-3rdparty/components/bootloader_support/src/bootloader_reset_common.c.o
[171/4001] Building C object arch/CMakeFiles/arch.dir/home/regex/work/esp32s31-openvela/s31-reference/deps/esp-hal-3rdparty/components/bootloader_support/src/bootloader_console.c.o
[172/4001] Building C object arch/CMakeFiles/arch.dir/home/regex/work/esp32s31-openvela/s31-reference/deps/esp-hal-3rdparty/components/bootloader_support/src/esp32s31/bootloader_esp32s31.c.o
[173/4001] Building C object arch/CMakeFiles/arch.dir/home/regex/work/esp32s31-openvela/s31-reference/deps/esp-hal-3rdparty/components/bootloader_support/src/bootloader_sha.c.o
[174/4001] Building C object arch/CMakeFiles/arch.dir/risc-v/src/common/riscv_fpucmp.c.o
[175/4001] Building C object arch/CMakeFiles/arch.dir/home/regex/work/esp32s31-openvela/s31-reference/deps/esp-hal-3rdparty/components/esp_hal_mspi/esp32s31/mspi_periph.c.o
[176/4001] Building C object arch/CMakeFiles/arch.dir/home/regex/work/esp32s31-openvela/s31-reference/deps/esp-hal-3rdparty/components/efuse/src/esp_efuse_fields.c.o
[177/4001] Building C object arch/CMakeFiles/arch.dir/risc-v/src/common/riscv_pmp.c.o
[178/4001] Building C object arch/CMakeFiles/arch.dir/home/regex/work/esp32s31-openvela/s31-reference/deps/esp-hal-3rdparty/components/bootloader_support/src/bootloader_common.c.o
[179/4001] Building C object arch/CMakeFiles/arch.dir/home/regex/work/esp32s31-openvela/s31-reference/deps/esp-hal-3rdparty/components/esp_hw_support/mspi/mspi_timing_tuning/port/esp32s31/mspi_timing_config.c.o
[180/4001] Building C object arch/CMakeFiles/arch.dir/home/regex/work/esp32s31-openvela/s31-reference/deps/esp-hal-3rdparty/components/esp_psram/system_layer/esp_psram_mspi.c.o
[181/4001] Building C object arch/CMakeFiles/arch.dir/home/regex/work/esp32s31-openvela/s31-reference/deps/esp-hal-3rdparty/components/esp_hal_i2c/esp32s31/i2c_periph.c.o
[182/4001] Building C object arch/CMakeFiles/arch.dir/home/regex/work/esp32s31-openvela/s31-reference/deps/esp-hal-3rdparty/components/esp_hw_support/mspi/mspi_timing_tuning/tuning_scheme_impl/mspi_timing_by_dqs.c.o
[183/4001] Building ASM object arch/CMakeFiles/arch.dir/risc-v/src/common/espressif/esp_head.S.o
[184/4001] Building C object arch/CMakeFiles/arch.dir/home/regex/work/esp32s31-openvela/s31-reference/deps/esp-hal-3rdparty/components/esp_hal_i2c/i2c_hal_iram.c.o
[185/4001] Building ASM object arch/CMakeFiles/arch.dir/risc-v/src/common/espressif/esp_vectors.S.o
[186/4001] Building C object arch/CMakeFiles/arch.dir/home/regex/work/esp32s31-openvela/s31-reference/deps/esp-hal-3rdparty/components/esp_hal_i2c/i2c_hal.c.o
[187/4001] Building C object arch/CMakeFiles/arch.dir/home/regex/work/esp32s31-openvela/s31-reference/deps/esp-hal-3rdparty/components/esp_hal_rmt/esp32s31/rmt_periph.c.o
[188/4001] Building C object arch/CMakeFiles/arch.dir/home/regex/work/esp32s31-openvela/s31-reference/deps/esp-hal-3rdparty/components/esp_psram/device/esp_psram_impl_ap_hex.c.o
[189/4001] Building C object arch/CMakeFiles/arch.dir/home/regex/work/esp32s31-openvela/s31-reference/deps/esp-hal-3rdparty/components/esp_psram/system_layer/esp_psram.c.o
[190/4001] Building C object arch/CMakeFiles/arch.dir/home/regex/work/esp32s31-openvela/s31-reference/deps/esp-hal-3rdparty/components/esp_hal_rmt/rmt_hal.c.o
[191/4001] Building C object arch/CMakeFiles/arch.dir/risc-v/src/common/espressif/esp_idle.c.o
[192/4001] Building C object arch/CMakeFiles/arch.dir/risc-v/src/common/espressif/esp_allocateheap.c.o
[193/4001] Building C object arch/CMakeFiles/arch.dir/risc-v/src/common/espressif/esp_rtc_gpio.c.o
[194/4001] Building C object arch/CMakeFiles/arch.dir/risc-v/src/common/espressif/esp_systemreset.c.o
[195/4001] Building C object arch/CMakeFiles/arch.dir/risc-v/src/common/espressif/esp_gpio.c.o
[196/4001] Building C object arch/CMakeFiles/arch.dir/risc-v/src/common/espressif/esp_lowputc.c.o
[197/4001] Building C object arch/CMakeFiles/arch.dir/risc-v/src/common/espressif/esp_irq.c.o
[198/4001] Building C object arch/CMakeFiles/arch.dir/risc-v/src/common/espressif/esp_random.c.o
[199/4001] Building C object arch/CMakeFiles/arch.dir/risc-v/src/common/espressif/esp_libc_stubs.c.o
[200/4001] Building C object arch/CMakeFiles/arch.dir/risc-v/src/common/espressif/esp_timerisr.c.o
[201/4001] Building C object arch/CMakeFiles/arch.dir/risc-v/src/common/espressif/esp_serial.c.o
[202/4001] Building C object arch/CMakeFiles/arch.dir/risc-v/src/common/espressif/esp_start.c.o
[203/4001] Building C object arch/CMakeFiles/arch.dir/risc-v/src/common/espressif/esp_rtc.c.o
[204/4001] Building C object arch/CMakeFiles/arch.dir/risc-v/src/common/espressif/esp_ets_timer_legacy.c.o
[205/4001] Building C object arch/CMakeFiles/arch.dir/risc-v/src/common/espressif/esp_hr_timer.c.o
[206/4001] Building C object arch/CMakeFiles/arch.dir/risc-v/src/common/espressif/esp_spiflash_mtd.c.o
[207/4001] Building C object arch/CMakeFiles/arch.dir/risc-v/src/common/espressif/esp_ws2812.c.o
[208/4001] Building C object arch/CMakeFiles/arch.dir/risc-v/src/esp32s31/esp_chip_rev.c.o
[209/4001] Building C object arch/CMakeFiles/arch.dir/risc-v/src/common/espressif/esp_wifi_init.c.o
[210/4001] Building C object arch/CMakeFiles/arch.dir/risc-v/src/common/espressif/esp_spiflash.c.o
[211/4001] Building C object arch/CMakeFiles/arch.dir/risc-v/src/common/espressif/esp_i2c.c.o
[212/4001] Building C object arch/CMakeFiles/arch.dir/risc-v/src/common/espressif/esp_rmt.c.o
[213/4001] Building C object arch/CMakeFiles/arch.dir/risc-v/src/common/espressif/esp_wlan.c.o
[214/4001] Building C object arch/CMakeFiles/arch.dir/home/regex/work/esp32s31-openvela/s31-reference/deps/esp-hal-3rdparty/components/bt/porting_btdm/controller/btdm_common/src/btdm_coex.c.o
[215/4001] Building C object arch/CMakeFiles/arch.dir/home/regex/work/esp32s31-openvela/s31-reference/deps/esp-hal-3rdparty/components/bt/controller/esp32s31/bt.c.o
[216/4001] Building C object arch/CMakeFiles/arch.dir/risc-v/src/common/espressif/esp_wifi_utils.c.o
[217/4001] Building C object arch/CMakeFiles/arch.dir/risc-v/src/esp32s31/esp32s31_ble_controller.c.o
[218/4001] Building C object arch/CMakeFiles/arch.dir/risc-v/src/esp32s31/esp32s31_ble.c.o
[219/4001] Building C object arch/CMakeFiles/arch.dir/home/regex/work/esp32s31-openvela/s31-reference/deps/esp-hal-3rdparty/components/bt/porting_btdm/controller/btdm_common/src/btdm_external.c.o
[220/4001] Building C object arch/CMakeFiles/arch.dir/home/regex/work/esp32s31-openvela/s31-reference/deps/esp-hal-3rdparty/components/bt/porting_btdm/controller/btdm_common/src/btdm_log.c.o
[221/4001] Building C object arch/CMakeFiles/arch.dir/home/regex/work/esp32s31-openvela/s31-reference/deps/esp-hal-3rdparty/components/bt/porting_btdm/controller/ble/src/ble_msys.c.o
[222/4001] Building C object arch/CMakeFiles/arch.dir/home/regex/work/esp32s31-openvela/s31-reference/deps/esp-hal-3rdparty/components/bt/common/tinycrypt/src/aes_encrypt.c.o
[223/4001] Building C object arch/CMakeFiles/arch.dir/home/regex/work/esp32s31-openvela/s31-reference/deps/esp-hal-3rdparty/components/bt/common/tinycrypt/src/utils.c.o
[224/4001] Building C object arch/CMakeFiles/arch.dir/home/regex/work/esp32s31-openvela/s31-reference/deps/esp-hal-3rdparty/components/bt/porting_btdm/controller/btdm_common/src/btdm_lp.c.o
[225/4001] Building C object arch/CMakeFiles/arch.dir/home/regex/work/esp32s31-openvela/s31-reference/deps/esp-hal-3rdparty/components/bt/porting_btdm/transport/src/hci_transport.c.o
[226/4001] Building C object arch/CMakeFiles/arch.dir/home/regex/work/esp32s31-openvela/s31-reference/deps/esp-hal-3rdparty/components/bt/common/tinycrypt/src/cmac_mode.c.o
[227/4001] Building C object arch/CMakeFiles/arch.dir/home/regex/work/esp32s31-openvela/s31-reference/deps/esp-hal-3rdparty/components/bt/porting_btdm/transport/driver/vhci/hci_driver_standard.c.o
[228/4001] Building C object arch/CMakeFiles/arch.dir/home/regex/work/esp32s31-openvela/s31-reference/deps/esp-hal-3rdparty/components/bt/common/tinycrypt/src/ecc_dh.c.o
[229/4001] Building C object arch/CMakeFiles/arch.dir/home/regex/work/esp32s31-openvela/s31-reference/deps/esp-hal-3rdparty/components/esp_security/src/esp_crypto_lock.c.o
[230/4001] Building C object arch/CMakeFiles/arch.dir/home/regex/work/esp32s31-openvela/s31-reference/deps/esp-hal-3rdparty/components/bt/common/tinycrypt/port/esp_tinycrypt_port.c.o
[231/4001] Building C object arch/CMakeFiles/arch.dir/risc-v/src/esp32s31/esp32s31_ble_osal.c.o
[232/4001] Building C object arch/CMakeFiles/arch.dir/home/regex/work/esp32s31-openvela/s31-reference/deps/esp-hal-3rdparty/components/esp_security/src/esp_crypto_periph_clk.c.o
[233/4001] Building C object arch/CMakeFiles/arch.dir/home/regex/work/esp32s31-openvela/s31-reference/deps/esp-hal-3rdparty/components/esp_security/src/esp32s31/esp_crypto_clk.c.o
[234/4001] Building C object arch/CMakeFiles/arch.dir/home/regex/work/esp32s31-openvela/s31-reference/deps/esp-hal-3rdparty/components/esp_hal_security/ecc_hal.c.o
[235/4001] Building C object arch/CMakeFiles/arch.dir/home/regex/work/esp32s31-openvela/s31-reference/deps/esp-hal-3rdparty/components/esp_phy/src/lib_printf.c.o
[236/4001] Building C object arch/CMakeFiles/arch.dir/risc-v/src/esp32s31/esp32s31_btbb.c.o
[237/4001] Building C object arch/CMakeFiles/arch.dir/home/regex/work/esp32s31-openvela/s31-reference/deps/esp-hal-3rdparty/components/bt/common/tinycrypt/src/ecc.c.o
/home/regex/work/esp32s31-openvela/s31-reference/deps/esp-hal-3rdparty/components/bt/common/tinycrypt/src/ecc.c: In function 'EccPoint_mult':
/home/regex/work/esp32s31-openvela/s31-reference/deps/esp-hal-3rdparty/components/bt/common/tinycrypt/src/ecc.c:826:21: warning: declaration of 'num_words' shadows a previous local [-Wshadow]
  826 |         wordcount_t num_words = curve->num_words;
      |                     ^~~~~~~~~
/home/regex/work/esp32s31-openvela/s31-reference/deps/esp-hal-3rdparty/components/bt/common/tinycrypt/src/ecc.c:799:21: note: shadowed declaration is here
  799 |         wordcount_t num_words = curve->num_words;
      |                     ^~~~~~~~~
[238/4001] Building C object arch/CMakeFiles/arch.dir/home/regex/work/esp32s31-openvela/s31-reference/deps/esp-hal-3rdparty/components/esp_phy/esp32s31/phy_init_data.c.o
[239/4001] Building C object arch/CMakeFiles/arch.dir/home/regex/work/esp32s31-openvela/s31-reference/deps/esp-hal-3rdparty/components/esp_phy/src/phy_common.c.o
[240/4001] Building C object arch/CMakeFiles/arch.dir/home/regex/work/esp32s31-openvela/s31-reference/deps/esp-hal-3rdparty/components/esp_hw_support/sar_periph_ctrl_common.c.o
[241/4001] Building C object arch/CMakeFiles/arch.dir/home/regex/work/esp32s31-openvela/s31-reference/deps/esp-hal-3rdparty/components/esp_phy/src/phy_override.c.o
[242/4001] Building C object arch/CMakeFiles/arch.dir/home/regex/work/esp32s31-openvela/s31-reference/deps/esp-hal-3rdparty/components/esp_hal_ana_conv/esp32s31/temperature_sensor_periph.c.o
[243/4001] Building C object arch/CMakeFiles/arch.dir/home/regex/work/esp32s31-openvela/s31-reference/deps/esp-hal-3rdparty/components/esp_phy/src/phy_init.c.o
/home/regex/work/esp32s31-openvela/s31-reference/deps/esp-hal-3rdparty/components/esp_phy/src/phy_init.c: In function 'esp_phy_enable':
/home/regex/work/esp32s31-openvela/s31-reference/deps/esp-hal-3rdparty/components/esp_phy/src/phy_init.c:406:50: warning: extra tokens at end of '#endif' directive [-Wendif-labels]
  406 | #endif /* SOC_PM_SUPPORT_REGDMA_TRIGGERED_PHY */ */
      |                                                  ^
[244/4001] Building C object arch/CMakeFiles/arch.dir/home/regex/work/esp32s31-openvela/s31-reference/deps/esp-hal-3rdparty/components/esp_hal_ana_conv/temperature_sensor_hal.c.o
[245/4001] Building C object arch/CMakeFiles/arch.dir/home/regex/work/esp32s31-openvela/s31-reference/deps/esp-hal-3rdparty/components/esp_hw_support/port/esp32s31/sar_periph_ctrl.c.o
[246/4001] Building C object arch/CMakeFiles/arch.dir/home/regex/work/esp32s31-openvela/s31-reference/deps/esp-hal-3rdparty/components/esp_hw_support/sar_tsens_ctrl.c.o
[247/4001] Building C object arch/CMakeFiles/arch.dir/risc-v/src/esp32s31/esp32s31_phy_timer.c.o
[248/4001] Building C object arch/CMakeFiles/arch.dir/risc-v/src/esp32s31/esp32s31_ble_dispatch.c.o
[249/4001] Building C object arch/CMakeFiles/arch.dir/risc-v/src/esp32s31/esp32s31_ecc.c.o
[250/4001] Building C object arch/CMakeFiles/arch.dir/risc-v/src/esp32s31/esp32s31_intctx.c.o
[251/4001] Building C object arch/CMakeFiles/arch.dir/home/regex/work/esp32s31-openvela/s31-reference/deps/esp-hal-3rdparty/components/esp_coex/src/lib_printf.c.o
[252/4001] Building C object arch/CMakeFiles/arch.dir/risc-v/src/esp32s31/esp32s31_ecdsa.c.o
[253/4001] Building C object arch/CMakeFiles/arch.dir/risc-v/src/esp32s31/esp32s31_wifi_os_compat.c.o
[254/4001] Building C object arch/CMakeFiles/arch.dir/risc-v/src/esp32s31/esp32s31_crypto.c.o
[255/4001] Building C object arch/CMakeFiles/arch.dir/risc-v/src/esp32s31/esp32s31_wifi_task.c.o
[256/4001] Building C object arch/CMakeFiles/arch.dir/risc-v/src/esp32s31/esp32s31_sha.c.o
[257/4001] Building C object arch/CMakeFiles/arch.dir/home/regex/work/esp32s31-openvela/s31-reference/deps/esp-hal-3rdparty/components/mbedtls/mbedtls/tf-psa-crypto/drivers/builtin/src/cipher_wrap.c.o
[258/4001] Building C object arch/CMakeFiles/arch.dir/home/regex/work/esp32s31-openvela/s31-reference/deps/esp-hal-3rdparty/components/mbedtls/mbedtls/tf-psa-crypto/drivers/builtin/src/aria.c.o
[259/4001] Building C object arch/CMakeFiles/arch.dir/home/regex/work/esp32s31-openvela/s31-reference/deps/esp-hal-3rdparty/components/mbedtls/mbedtls/tf-psa-crypto/drivers/builtin/src/ccm.c.o
[260/4001] Building C object arch/CMakeFiles/arch.dir/home/regex/work/esp32s31-openvela/s31-reference/deps/esp-hal-3rdparty/components/mbedtls/mbedtls/tf-psa-crypto/drivers/builtin/src/bignum_core.c.o
[261/4001] Building C object arch/CMakeFiles/arch.dir/home/regex/work/esp32s31-openvela/s31-reference/deps/esp-hal-3rdparty/components/mbedtls/mbedtls/tf-psa-crypto/drivers/builtin/src/constant_time.c.o
[262/4001] Building C object arch/CMakeFiles/arch.dir/home/regex/work/esp32s31-openvela/s31-reference/deps/esp-hal-3rdparty/components/mbedtls/mbedtls/tf-psa-crypto/drivers/builtin/src/aes.c.o
[263/4001] Building C object arch/CMakeFiles/arch.dir/home/regex/work/esp32s31-openvela/s31-reference/deps/esp-hal-3rdparty/components/mbedtls/mbedtls/tf-psa-crypto/drivers/builtin/src/cipher.c.o
[264/4001] Building C object arch/CMakeFiles/arch.dir/home/regex/work/esp32s31-openvela/s31-reference/deps/esp-hal-3rdparty/components/mbedtls/mbedtls/tf-psa-crypto/drivers/builtin/src/cmac.c.o
[265/4001] Building C object arch/CMakeFiles/arch.dir/home/regex/work/esp32s31-openvela/s31-reference/deps/esp-hal-3rdparty/components/mbedtls/mbedtls/tf-psa-crypto/drivers/builtin/src/entropy.c.o
[266/4001] Building C object arch/CMakeFiles/arch.dir/home/regex/work/esp32s31-openvela/s31-reference/deps/esp-hal-3rdparty/components/mbedtls/mbedtls/tf-psa-crypto/drivers/builtin/src/ctr_drbg.c.o
[267/4001] Building C object arch/CMakeFiles/arch.dir/home/regex/work/esp32s31-openvela/s31-reference/deps/esp-hal-3rdparty/components/mbedtls/mbedtls/tf-psa-crypto/drivers/builtin/src/platform_util.c.o
[268/4001] Building C object arch/CMakeFiles/arch.dir/home/regex/work/esp32s31-openvela/s31-reference/deps/esp-hal-3rdparty/components/mbedtls/mbedtls/tf-psa-crypto/drivers/builtin/src/pkcs5.c.o
[269/4001] Building C object arch/CMakeFiles/arch.dir/home/regex/work/esp32s31-openvela/s31-reference/deps/esp-hal-3rdparty/components/mbedtls/mbedtls/tf-psa-crypto/drivers/builtin/src/platform.c.o
[270/4001] Building C object arch/CMakeFiles/arch.dir/home/regex/work/esp32s31-openvela/s31-reference/deps/esp-hal-3rdparty/components/mbedtls/mbedtls/tf-psa-crypto/drivers/builtin/src/md.c.o
[271/4001] Building C object arch/CMakeFiles/arch.dir/home/regex/work/esp32s31-openvela/s31-reference/deps/esp-hal-3rdparty/components/mbedtls/mbedtls/tf-psa-crypto/drivers/builtin/src/bignum.c.o
[272/4001] Building C object arch/CMakeFiles/arch.dir/home/regex/work/esp32s31-openvela/s31-reference/deps/esp-hal-3rdparty/components/mbedtls/mbedtls/tf-psa-crypto/drivers/builtin/src/ecp_curves.c.o
[273/4001] Building C object arch/CMakeFiles/arch.dir/home/regex/work/esp32s31-openvela/s31-reference/deps/esp-hal-3rdparty/components/mbedtls/mbedtls/tf-psa-crypto/drivers/builtin/src/threading.c.o
[274/4001] Building C object arch/CMakeFiles/arch.dir/home/regex/work/esp32s31-openvela/s31-reference/deps/esp-hal-3rdparty/components/mbedtls/mbedtls/tf-psa-crypto/drivers/builtin/src/gcm.c.o
[275/4001] Building C object arch/CMakeFiles/arch.dir/home/regex/work/esp32s31-openvela/s31-reference/deps/esp-hal-3rdparty/components/mbedtls/mbedtls/tf-psa-crypto/drivers/builtin/src/sha3.c.o
[276/4001] Building C object arch/CMakeFiles/arch.dir/home/regex/work/esp32s31-openvela/s31-reference/deps/esp-hal-3rdparty/components/mbedtls/mbedtls/tf-psa-crypto/drivers/builtin/src/ecp.c.o
[277/4001] Building C object arch/CMakeFiles/arch.dir/home/regex/work/esp32s31-openvela/s31-reference/deps/esp-hal-3rdparty/components/mbedtls/mbedtls/tf-psa-crypto/drivers/builtin/src/sha1.c.o
[278/4001] Building C object arch/CMakeFiles/arch.dir/home/regex/work/esp32s31-openvela/s31-reference/deps/esp-hal-3rdparty/components/mbedtls/mbedtls/tf-psa-crypto/drivers/builtin/src/sha256.c.o
[279/4001] Building C object arch/CMakeFiles/arch.dir/home/regex/work/esp32s31-openvela/s31-reference/deps/esp-hal-3rdparty/components/mbedtls/mbedtls/tf-psa-crypto/drivers/builtin/src/sha512.c.o
[280/4001] Building C object arch/CMakeFiles/arch.dir/home/regex/work/esp32s31-openvela/s31-reference/deps/esp-hal-3rdparty/components/mbedtls/mbedtls/tf-psa-crypto/drivers/builtin/src/pk_wrap.c.o
[281/4001] Building C object arch/CMakeFiles/arch.dir/home/regex/work/esp32s31-openvela/s31-reference/deps/esp-hal-3rdparty/components/mbedtls/mbedtls/tf-psa-crypto/drivers/builtin/src/ecdsa.c.o
[282/4001] Building C object arch/CMakeFiles/arch.dir/home/regex/work/esp32s31-openvela/s31-reference/deps/esp-hal-3rdparty/components/mbedtls/mbedtls/tf-psa-crypto/drivers/builtin/src/md5.c.o
[283/4001] Building C object arch/CMakeFiles/arch.dir/home/regex/work/esp32s31-openvela/s31-reference/deps/esp-hal-3rdparty/components/mbedtls/mbedtls/tf-psa-crypto/drivers/builtin/src/pk.c.o
[284/4001] Building C object arch/CMakeFiles/arch.dir/home/regex/work/esp32s31-openvela/s31-reference/deps/esp-hal-3rdparty/components/mbedtls/mbedtls/tf-psa-crypto/drivers/builtin/src/asn1parse.c.o
[285/4001] Building C object arch/CMakeFiles/arch.dir/home/regex/work/esp32s31-openvela/s31-reference/deps/esp-hal-3rdparty/components/mbedtls/mbedtls/tf-psa-crypto/drivers/builtin/src/asn1write.c.o
[286/4001] Building C object arch/CMakeFiles/arch.dir/home/regex/work/esp32s31-openvela/s31-reference/deps/esp-hal-3rdparty/components/mbedtls/mbedtls/tf-psa-crypto/drivers/builtin/src/oid.c.o
[287/4001] Building C object arch/CMakeFiles/arch.dir/home/regex/work/esp32s31-openvela/s31-reference/deps/esp-hal-3rdparty/components/mbedtls/mbedtls/tf-psa-crypto/drivers/builtin/src/pkparse.c.o
[288/4001] Building C object arch/CMakeFiles/arch.dir/home/regex/work/esp32s31-openvela/s31-reference/deps/esp-hal-3rdparty/components/mbedtls/mbedtls/tf-psa-crypto/drivers/builtin/src/pem.c.o
[289/4001] Building C object arch/CMakeFiles/arch.dir/home/regex/work/esp32s31-openvela/s31-reference/deps/esp-hal-3rdparty/components/mbedtls/mbedtls/tf-psa-crypto/drivers/builtin/src/hmac_drbg.c.o
[290/4001] Building C object arch/CMakeFiles/arch.dir/home/regex/work/esp32s31-openvela/s31-reference/deps/esp-hal-3rdparty/components/mbedtls/mbedtls/tf-psa-crypto/drivers/builtin/src/ecdh.c.o
[291/4001] Building C object arch/CMakeFiles/arch.dir/home/regex/work/esp32s31-openvela/s31-reference/deps/esp-hal-3rdparty/components/mbedtls/mbedtls/tf-psa-crypto/drivers/builtin/src/rsa_alt_helpers.c.o
[292/4001] Building C object arch/CMakeFiles/arch.dir/home/regex/work/esp32s31-openvela/s31-reference/deps/esp-hal-3rdparty/components/mbedtls/mbedtls/tf-psa-crypto/drivers/builtin/src/pk_ecc.c.o
[293/4001] Building C object arch/CMakeFiles/arch.dir/home/regex/work/esp32s31-openvela/s31-reference/deps/esp-hal-3rdparty/components/mbedtls/mbedtls/tf-psa-crypto/drivers/builtin/src/pk_rsa.c.o
[294/4001] Building C object arch/CMakeFiles/arch.dir/home/regex/work/esp32s31-openvela/s31-reference/deps/esp-hal-3rdparty/components/mbedtls/mbedtls/tf-psa-crypto/drivers/builtin/src/base64.c.o
[295/4001] Building C object arch/CMakeFiles/arch.dir/home/regex/work/esp32s31-openvela/s31-reference/deps/esp-hal-3rdparty/components/mbedtls/mbedtls/tf-psa-crypto/drivers/builtin/src/psa_util.c.o
[296/4001] Building C object arch/CMakeFiles/arch.dir/home/regex/work/esp32s31-openvela/s31-reference/deps/esp-hal-3rdparty/components/mbedtls/mbedtls/tf-psa-crypto/drivers/builtin/src/psa_crypto_ffdh.c.o
[297/4001] Building C object arch/CMakeFiles/arch.dir/home/regex/work/esp32s31-openvela/s31-reference/deps/esp-hal-3rdparty/components/mbedtls/mbedtls/tf-psa-crypto/drivers/builtin/src/rsa.c.o
[298/4001] Building C object arch/CMakeFiles/arch.dir/home/regex/work/esp32s31-openvela/s31-reference/deps/esp-hal-3rdparty/components/mbedtls/mbedtls/tf-psa-crypto/drivers/builtin/src/psa_crypto_ecp.c.o
[299/4001] Building C object arch/CMakeFiles/arch.dir/home/regex/work/esp32s31-openvela/s31-reference/deps/esp-hal-3rdparty/components/mbedtls/mbedtls/tf-psa-crypto/drivers/builtin/src/psa_crypto_rsa.c.o
[300/4001] Building C object arch/CMakeFiles/arch.dir/home/regex/work/esp32s31-openvela/s31-reference/deps/esp-hal-3rdparty/components/mbedtls/mbedtls/tf-psa-crypto/core/psa_crypto_client.c.o
[301/4001] Building C object arch/CMakeFiles/arch.dir/home/regex/work/esp32s31-openvela/s31-reference/deps/esp-hal-3rdparty/components/mbedtls/mbedtls/tf-psa-crypto/drivers/builtin/src/psa_crypto_cipher.c.o
[302/4001] Building C object arch/CMakeFiles/arch.dir/home/regex/work/esp32s31-openvela/s31-reference/deps/esp-hal-3rdparty/components/mbedtls/mbedtls/tf-psa-crypto/drivers/builtin/src/psa_crypto_mac.c.o
[303/4001] Building C object arch/CMakeFiles/arch.dir/home/regex/work/esp32s31-openvela/s31-reference/deps/esp-hal-3rdparty/components/mbedtls/mbedtls/tf-psa-crypto/drivers/builtin/src/psa_crypto_hash.c.o
[304/4001] Building C object arch/CMakeFiles/arch.dir/home/regex/work/esp32s31-openvela/s31-reference/deps/esp-hal-3rdparty/components/mbedtls/mbedtls/tf-psa-crypto/core/psa_crypto_driver_wrappers_no_static.c.o
[305/4001] Building C object arch/CMakeFiles/arch.dir/home/regex/work/esp32s31-openvela/s31-reference/deps/esp-hal-3rdparty/components/mbedtls/mbedtls/tf-psa-crypto/core/tf_psa_crypto_config.c.o
[306/4001] Building C object arch/CMakeFiles/arch.dir/home/regex/work/esp32s31-openvela/s31-reference/deps/esp-hal-3rdparty/components/mbedtls/mbedtls/tf-psa-crypto/core/psa_its_file.c.o
[307/4001] Building C object arch/CMakeFiles/arch.dir/home/regex/work/esp32s31-openvela/s31-reference/deps/esp-hal-3rdparty/components/mbedtls/mbedtls/tf-psa-crypto/core/psa_crypto_storage.c.o
[308/4001] Building C object arch/CMakeFiles/arch.dir/home/regex/work/esp32s31-openvela/s31-reference/deps/esp-hal-3rdparty/components/mbedtls/mbedtls/tf-psa-crypto/core/tf_psa_crypto_version.c.o
[309/4001] Building C object arch/CMakeFiles/arch.dir/home/regex/work/esp32s31-openvela/s31-reference/deps/esp-hal-3rdparty/components/mbedtls/port/esp_hardware.c.o
[310/4001] Building C object arch/CMakeFiles/arch.dir/home/regex/work/esp32s31-openvela/s31-reference/deps/esp-hal-3rdparty/components/mbedtls/port/esp_psa_crypto_init.c.o
[311/4001] Building C object arch/CMakeFiles/arch.dir/home/regex/work/esp32s31-openvela/s31-reference/deps/esp-hal-3rdparty/components/mbedtls/mbedtls/tf-psa-crypto/core/psa_crypto_slot_management.c.o
[312/4001] Building C object arch/CMakeFiles/arch.dir/home/regex/work/esp32s31-openvela/s31-reference/deps/esp-hal-3rdparty/components/mbedtls/port/esp_timing.c.o
[313/4001] Building C object arch/CMakeFiles/arch.dir/home/regex/work/esp32s31-openvela/s31-reference/deps/esp-hal-3rdparty/components/mbedtls/port/esp_mem.c.o
[314/4001] Building C object arch/CMakeFiles/arch.dir/home/regex/work/esp32s31-openvela/s31-reference/deps/esp-hal-3rdparty/components/mbedtls/port/psa_driver/esp_md/psa_crypto_driver_esp_md5.c.o
[315/4001] Building C object arch/CMakeFiles/arch.dir/home/regex/work/esp32s31-openvela/s31-reference/deps/esp-hal-3rdparty/components/wpa_supplicant/src/ap/comeback_token.c.o
[316/4001] Building C object arch/CMakeFiles/arch.dir/home/regex/work/esp32s31-openvela/s31-reference/deps/esp-hal-3rdparty/components/wpa_supplicant/src/ap/ap_config.c.o
[317/4001] Building C object arch/CMakeFiles/arch.dir/home/regex/work/esp32s31-openvela/s31-reference/deps/esp-hal-3rdparty/components/wpa_supplicant/src/ap/ieee802_11.c.o
[318/4001] Building C object arch/CMakeFiles/arch.dir/home/regex/work/esp32s31-openvela/s31-reference/deps/esp-hal-3rdparty/components/wpa_supplicant/src/ap/pmksa_cache_auth.c.o
[319/4001] Building C object arch/CMakeFiles/arch.dir/home/regex/work/esp32s31-openvela/s31-reference/deps/esp-hal-3rdparty/components/wpa_supplicant/src/ap/sta_info.c.o
[320/4001] Building C object arch/CMakeFiles/arch.dir/home/regex/work/esp32s31-openvela/s31-reference/deps/esp-hal-3rdparty/components/wpa_supplicant/src/ap/wpa_auth_ie.c.o
[321/4001] Building C object arch/CMakeFiles/arch.dir/home/regex/work/esp32s31-openvela/s31-reference/deps/esp-hal-3rdparty/components/wpa_supplicant/src/common/dragonfly.c.o
[322/4001] Building C object arch/CMakeFiles/arch.dir/home/regex/work/esp32s31-openvela/s31-reference/deps/esp-hal-3rdparty/components/wpa_supplicant/src/common/scan.c.o
[323/4001] Building C object arch/CMakeFiles/arch.dir/home/regex/work/esp32s31-openvela/s31-reference/deps/esp-hal-3rdparty/components/wpa_supplicant/src/common/bss.c.o
[324/4001] Building C object arch/CMakeFiles/arch.dir/home/regex/work/esp32s31-openvela/s31-reference/deps/esp-hal-3rdparty/components/wpa_supplicant/src/common/ieee802_11_common.c.o
[325/4001] Building C object arch/CMakeFiles/arch.dir/home/regex/work/esp32s31-openvela/s31-reference/deps/esp-hal-3rdparty/components/wpa_supplicant/src/common/wpa_common.c.o
[326/4001] Building C object arch/CMakeFiles/arch.dir/home/regex/work/esp32s31-openvela/s31-reference/deps/esp-hal-3rdparty/components/wpa_supplicant/src/crypto/aes-ccm.c.o
[327/4001] Building C object arch/CMakeFiles/arch.dir/home/regex/work/esp32s31-openvela/s31-reference/deps/esp-hal-3rdparty/components/wpa_supplicant/src/ap/wpa_auth.c.o
[328/4001] Building C object arch/CMakeFiles/arch.dir/home/regex/work/esp32s31-openvela/s31-reference/deps/esp-hal-3rdparty/components/wpa_supplicant/src/crypto/aes-unwrap.c.o
[329/4001] Building C object arch/CMakeFiles/arch.dir/home/regex/work/esp32s31-openvela/s31-reference/deps/esp-hal-3rdparty/components/wpa_supplicant/src/crypto/aes-gcm.c.o
[330/4001] Building C object arch/CMakeFiles/arch.dir/home/regex/work/esp32s31-openvela/s31-reference/deps/esp-hal-3rdparty/components/wpa_supplicant/src/crypto/aes-wrap.c.o
[331/4001] Building C object arch/CMakeFiles/arch.dir/home/regex/work/esp32s31-openvela/s31-reference/deps/esp-hal-3rdparty/components/wpa_supplicant/src/common/sae.c.o
[332/4001] Building C object arch/CMakeFiles/arch.dir/home/regex/work/esp32s31-openvela/s31-reference/deps/esp-hal-3rdparty/components/wpa_supplicant/src/crypto/crypto_ops.c.o
[333/4001] Building C object arch/CMakeFiles/arch.dir/home/regex/work/esp32s31-openvela/s31-reference/deps/esp-hal-3rdparty/components/wpa_supplicant/src/crypto/ccmp.c.o
[334/4001] Building C object arch/CMakeFiles/arch.dir/home/regex/work/esp32s31-openvela/s31-reference/deps/esp-hal-3rdparty/components/wpa_supplicant/src/crypto/dh_groups.c.o
[335/4001] Building C object arch/CMakeFiles/arch.dir/home/regex/work/esp32s31-openvela/s31-reference/deps/esp-hal-3rdparty/components/wpa_supplicant/src/crypto/sha1-prf.c.o
[336/4001] Building C object arch/CMakeFiles/arch.dir/home/regex/work/esp32s31-openvela/s31-reference/deps/esp-hal-3rdparty/components/wpa_supplicant/src/crypto/rc4.c.o
[337/4001] Building C object arch/CMakeFiles/arch.dir/home/regex/work/esp32s31-openvela/s31-reference/deps/esp-hal-3rdparty/components/wpa_supplicant/src/crypto/des-internal.c.o
[338/4001] Building C object arch/CMakeFiles/arch.dir/home/regex/work/esp32s31-openvela/s31-reference/deps/esp-hal-3rdparty/components/wpa_supplicant/src/crypto/sha256-kdf.c.o
[339/4001] Building C object arch/CMakeFiles/arch.dir/home/regex/work/esp32s31-openvela/s31-reference/deps/esp-hal-3rdparty/components/wpa_supplicant/src/crypto/sha256-prf.c.o
[340/4001] Building C object arch/CMakeFiles/arch.dir/home/regex/work/esp32s31-openvela/s31-reference/deps/esp-hal-3rdparty/components/wpa_supplicant/src/eap_peer/chap.c.o
[341/4001] Building C object arch/CMakeFiles/arch.dir/home/regex/work/esp32s31-openvela/s31-reference/deps/esp-hal-3rdparty/components/wpa_supplicant/src/eap_peer/eap_mschapv2.c.o
[342/4001] Building C object arch/CMakeFiles/arch.dir/home/regex/work/esp32s31-openvela/s31-reference/deps/esp-hal-3rdparty/components/wpa_supplicant/src/eap_peer/eap_peap_common.c.o
[343/4001] Building C object arch/CMakeFiles/arch.dir/home/regex/work/esp32s31-openvela/s31-reference/deps/esp-hal-3rdparty/components/wpa_supplicant/src/eap_peer/eap_peap.c.o
[344/4001] Building C object arch/CMakeFiles/arch.dir/home/regex/work/esp32s31-openvela/s31-reference/deps/esp-hal-3rdparty/components/wpa_supplicant/src/eap_peer/eap_common.c.o
[345/4001] Building C object arch/CMakeFiles/arch.dir/home/regex/work/esp32s31-openvela/s31-reference/deps/esp-hal-3rdparty/components/wpa_supplicant/src/eap_peer/eap_tls.c.o
[346/4001] Building C object arch/CMakeFiles/arch.dir/home/regex/work/esp32s31-openvela/s31-reference/deps/esp-hal-3rdparty/components/wpa_supplicant/src/eap_peer/eap_ttls.c.o
[347/4001] Building C object arch/CMakeFiles/arch.dir/home/regex/work/esp32s31-openvela/s31-reference/deps/esp-hal-3rdparty/components/wpa_supplicant/src/eap_peer/mschapv2.c.o
[348/4001] Building C object arch/CMakeFiles/arch.dir/home/regex/work/esp32s31-openvela/s31-reference/deps/esp-hal-3rdparty/components/mbedtls/mbedtls/tf-psa-crypto/core/psa_crypto.c.o
[349/4001] Building C object arch/CMakeFiles/arch.dir/home/regex/work/esp32s31-openvela/s31-reference/deps/esp-hal-3rdparty/components/wpa_supplicant/src/eap_peer/eap_tls_common.c.o
[350/4001] Building C object arch/CMakeFiles/arch.dir/home/regex/work/esp32s31-openvela/s31-reference/deps/esp-hal-3rdparty/components/wpa_supplicant/src/rsn_supp/wpa_ie.c.o
[351/4001] Building C object arch/CMakeFiles/arch.dir/home/regex/work/esp32s31-openvela/s31-reference/deps/esp-hal-3rdparty/components/wpa_supplicant/src/utils/bitfield.c.o
[352/4001] Building C object arch/CMakeFiles/arch.dir/home/regex/work/esp32s31-openvela/s31-reference/deps/esp-hal-3rdparty/components/wpa_supplicant/src/utils/base64.c.o
[353/4001] Building C object arch/CMakeFiles/arch.dir/home/regex/work/esp32s31-openvela/s31-reference/deps/esp-hal-3rdparty/components/wpa_supplicant/src/rsn_supp/pmksa_cache.c.o
[354/4001] Building C object arch/CMakeFiles/arch.dir/home/regex/work/esp32s31-openvela/s31-reference/deps/esp-hal-3rdparty/components/wpa_supplicant/src/eap_peer/eap.c.o
[355/4001] Building C object arch/CMakeFiles/arch.dir/home/regex/work/esp32s31-openvela/s31-reference/deps/esp-hal-3rdparty/components/wpa_supplicant/src/utils/ext_password.c.o
[356/4001] Building C object arch/CMakeFiles/arch.dir/home/regex/work/esp32s31-openvela/s31-reference/deps/esp-hal-3rdparty/components/wpa_supplicant/src/utils/wpa_debug.c.o
[357/4001] Building C object arch/CMakeFiles/arch.dir/home/regex/work/esp32s31-openvela/s31-reference/deps/esp-hal-3rdparty/components/wpa_supplicant/src/utils/uuid.c.o
[358/4001] Building C object arch/CMakeFiles/arch.dir/home/regex/work/esp32s31-openvela/s31-reference/deps/esp-hal-3rdparty/components/wpa_supplicant/src/utils/common.c.o
[359/4001] Building C object arch/CMakeFiles/arch.dir/home/regex/work/esp32s31-openvela/s31-reference/deps/esp-hal-3rdparty/components/wpa_supplicant/src/utils/wpabuf.c.o
[360/4001] Building C object arch/CMakeFiles/arch.dir/home/regex/work/esp32s31-openvela/s31-reference/deps/esp-hal-3rdparty/components/wpa_supplicant/src/utils/json.c.o
[361/4001] Building C object arch/CMakeFiles/arch.dir/home/regex/work/esp32s31-openvela/s31-reference/deps/esp-hal-3rdparty/components/wpa_supplicant/port/eloop.c.o
[362/4001] Building C object arch/CMakeFiles/arch.dir/home/regex/work/esp32s31-openvela/s31-reference/deps/esp-hal-3rdparty/components/wpa_supplicant/port/os_xtensa.c.o
[363/4001] Building C object arch/CMakeFiles/arch.dir/home/regex/work/esp32s31-openvela/s31-reference/deps/esp-hal-3rdparty/components/wpa_supplicant/src/rsn_supp/wpa.c.o
[364/4001] Building C object arch/CMakeFiles/arch.dir/home/regex/work/esp32s31-openvela/s31-reference/deps/esp-hal-3rdparty/components/wpa_supplicant/esp_supplicant/src/esp_owe.c.o
[365/4001] Building C object arch/CMakeFiles/arch.dir/home/regex/work/esp32s31-openvela/s31-reference/deps/esp-hal-3rdparty/components/wpa_supplicant/esp_supplicant/src/esp_common.c.o
[366/4001] Building C object arch/CMakeFiles/arch.dir/home/regex/work/esp32s31-openvela/s31-reference/deps/esp-hal-3rdparty/components/wpa_supplicant/esp_supplicant/src/esp_wpa3.c.o
[367/4001] Building C object arch/CMakeFiles/arch.dir/home/regex/work/esp32s31-openvela/s31-reference/deps/esp-hal-3rdparty/components/wpa_supplicant/esp_supplicant/src/esp_hostap.c.o
[368/4001] Building C object arch/CMakeFiles/arch.dir/home/regex/work/esp32s31-openvela/s31-reference/deps/esp-hal-3rdparty/components/wpa_supplicant/esp_supplicant/src/esp_wpa_main.c.o
[369/4001] Building C object arch/CMakeFiles/arch.dir/home/regex/work/esp32s31-openvela/s31-reference/deps/esp-hal-3rdparty/components/wpa_supplicant/esp_supplicant/src/esp_wpas_glue.c.o
[370/4001] Building C object arch/CMakeFiles/arch.dir/home/regex/work/esp32s31-openvela/s31-reference/deps/esp-hal-3rdparty/components/wpa_supplicant/esp_supplicant/src/esp_scan.c.o
[371/4001] Building C object arch/CMakeFiles/arch.dir/home/regex/work/esp32s31-openvela/s31-reference/deps/esp-hal-3rdparty/components/wpa_supplicant/esp_supplicant/src/crypto/crypto_mbedtls-bignum.c.o
[372/4001] Building C object arch/CMakeFiles/arch.dir/home/regex/work/esp32s31-openvela/s31-reference/deps/esp-hal-3rdparty/components/wpa_supplicant/esp_supplicant/src/crypto/crypto_mbedtls-rsa.c.o
[373/4001] Building C object arch/CMakeFiles/arch.dir/home/regex/work/esp32s31-openvela/s31-reference/deps/esp-hal-3rdparty/components/esp_wifi/src/lib_printf.c.o
[374/4001] Building C object arch/CMakeFiles/arch.dir/home/regex/work/esp32s31-openvela/s31-reference/deps/esp-hal-3rdparty/components/wpa_supplicant/esp_supplicant/src/crypto/tls_mbedtls.c.o
[375/4001] Building C object arch/CMakeFiles/arch.dir/home/regex/work/esp32s31-openvela/s31-reference/deps/esp-hal-3rdparty/components/wpa_supplicant/esp_supplicant/src/esp_wps.c.o
[376/4001] Building C object arch/CMakeFiles/arch.dir/home/regex/work/esp32s31-openvela/s31-reference/deps/esp-hal-3rdparty/components/esp_wifi/regulatory/esp_wifi_regulatory.c.o
[377/4001] Building C object arch/CMakeFiles/arch.dir/home/regex/work/esp32s31-openvela/s31-reference/deps/esp-hal-3rdparty/components/wpa_supplicant/src/crypto/aes-siv.c.o
[378/4001] Building C object arch/CMakeFiles/arch.dir/home/regex/work/esp32s31-openvela/s31-reference/deps/esp-hal-3rdparty/components/wpa_supplicant/esp_supplicant/src/crypto/crypto_mbedtls.c.o
[379/4001] Building C object arch/CMakeFiles/arch.dir/home/regex/work/esp32s31-openvela/s31-reference/deps/esp-hal-3rdparty/components/wpa_supplicant/esp_supplicant/src/esp_eap_client.c.o
[380/4001] Building ASM object arch/CMakeFiles/arch.dir/risc-v/src/esp32s31/esp32s31_supervisor.S.o
[381/4001] Building ASM object arch/CMakeFiles/arch.dir/risc-v/src/esp32s31/esp32s31_cpu1_boot.S.o
[382/4001] Building C object arch/CMakeFiles/arch.dir/home/regex/work/esp32s31-openvela/s31-reference/deps/esp-hal-3rdparty/components/wpa_supplicant/esp_supplicant/src/crypto/crypto_mbedtls-ec.c.o
[383/4001] Building C object arch/CMakeFiles/arch.dir/risc-v/src/esp32s31/esp32s31_flash_guard.c.o
[384/4001] Building C object arch/CMakeFiles/arch.dir/risc-v/src/esp32c6/esp_coex_adapter.c.o
[385/4001] Building C object arch/CMakeFiles/arch.dir/risc-v/src/esp32s31/esp32s31_monstat.c.o
[386/4001] Building C object arch/CMakeFiles/arch.dir/risc-v/src/esp32s31/esp32s31_cpu1_boot.c.o
[387/4001] Building ASM object arch/CMakeFiles/arch.dir/risc-v/src/common/supervisor/riscv_syscall.S.o
[388/4001] Building C object arch/CMakeFiles/arch.dir/risc-v/src/esp32s31/esp32s31_wifi_event.c.o
[389/4001] Building C object arch/CMakeFiles/arch.dir/risc-v/src/esp32s31/esp32s31_tlb.c.o
[390/4001] Building ASM object arch/CMakeFiles/arch.dir/risc-v/src/common/riscv_exception_common.S.o
FAILED: arch/CMakeFiles/arch.dir/risc-v/src/common/riscv_exception_common.S.o 
/home/regex/.espressif/tools/riscv32-esp-elf/esp-15.2.0_20251204/riscv32-esp-elf/bin/riscv32-esp-elf-gcc -DCONFIG_CRYPTO_MBEDTLS -DCONFIG_ECC -DCONFIG_IEEE80211W -DCONFIG_SHA256 -DCONFIG_WPA3_SAE -DEAP_PEER_METHOD -DESPRESSIF_USE -DESP_PLATFORM=1 -DESP_SUPPLICANT -DIEEE8021X_EAPOL -DMBEDTLS_CONFIG_FILE=\"mbedtls/esp_config.h\" -DSOC_MMU_PAGE_SIZE=CONFIG_MMU_PAGE_SIZE -DTF_PSA_CRYPTO_USER_CONFIG_FILE=\"mbedtls/esp_config.h\" -DUSE_WPA2_TASK -DUSE_WPS_TASK -D_RETARGETABLE_LOCKING -D__ASSEMBLY__ -D__KERNEL__ -D__NuttX__ -D__ets__ -I/home/regex/work/esp32s31-openvela/openvela-dev/nuttx/arch/risc-v/src/esp32s31 -I/home/regex/work/esp32s31-openvela/openvela-dev/nuttx/arch/risc-v/src/common -I/home/regex/work/esp32s31-openvela/openvela-dev/nuttx/arch/risc-v/src/nuttsbi -I/home/regex/work/esp32s31-openvela/s31-reference/deps/esp-hal-3rdparty/components/mbedtls/port/include -I/home/regex/work/esp32s31-openvela/s31-reference/deps/esp-hal-3rdparty/components/mbedtls/mbedtls/tf-psa-crypto/core -I/home/regex/work/esp32s31-openvela/s31-reference/deps/esp-hal-3rdparty/components/mbedtls/mbedtls/tf-psa-crypto/drivers/builtin/include -I/home/regex/work/esp32s31-openvela/s31-reference/deps/esp-hal-3rdparty/components/mbedtls/mbedtls/tf-psa-crypto/drivers/builtin/src -I/home/regex/work/esp32s31-openvela/s31-reference/deps/esp-hal-3rdparty/components/mbedtls/mbedtls/tf-psa-crypto/include -I/home/regex/work/esp32s31-openvela/s31-reference/deps/esp-hal-3rdparty/components/mbedtls/port/include/aes -I/home/regex/work/esp32s31-openvela/s31-reference/deps/esp-hal-3rdparty/components/mbedtls/port/psa_driver/include -I/home/regex/work/esp32s31-openvela/s31-reference/deps/esp-hal-3rdparty/components/mbedtls/mbedtls/include -I/home/regex/work/esp32s31-openvela/s31-reference/deps/esp-hal-3rdparty/components/mbedtls/mbedtls/library -I/home/regex/work/esp32s31-openvela/s31-reference/deps/esp-hal-3rdparty/nuttx/include/mbedtls -I/home/regex/work/esp32s31-openvela/openvela-dev/apps/crypto/mbedtls/include -I/home/regex/work/esp32s31-openvela/openvela-dev/apps/crypto/mbedtls/mbedtls/include -I/home/regex/work/esp32s31-openvela/openvela-dev/apps/system/libuv/libuv/include -I/home/regex/work/esp32s31-openvela/openvela-dev/apps/frameworks/system/utils/uv/include -I/home/regex/work/esp32s31-openvela/openvela-dev/apps/external/curl/curl/include -I/home/regex/work/esp32s31-openvela/openvela-dev/apps/external/libssh/libssh/include -I/home/regex/work/esp32s31-openvela/openvela-dev/apps/frameworks/connectivity/bluetooth/include -I/home/regex/work/esp32s31-openvela/openvela-dev/apps/frameworks/connectivity/bluetooth/framework/include -I/home/regex/work/esp32s31-openvela/openvela-dev/apps/frameworks/security/include -I/home/regex/work/esp32s31-openvela/openvela-dev/nuttx/sched -I/home/regex/work/esp32s31-openvela/openvela-dev/nuttx/arch/risc-v/src/esp32s31/include -I/home/regex/work/esp32s31-openvela/openvela-dev/nuttx/arch/risc-v/src/esp32s31/hal_backports/include -I/home/regex/work/esp32s31-openvela/s31-reference/deps/esp-hal-3rdparty/nuttx/include -I/home/regex/work/esp32s31-openvela/s31-reference/deps/esp-hal-3rdparty/nuttx/src/components/esp_libc/platform_include -I/home/regex/work/esp32s31-openvela/s31-reference/deps/esp-hal-3rdparty/components/esp_system/include -I/home/regex/work/esp32s31-openvela/s31-reference/deps/esp-hal-3rdparty/components/esp_system/port/include -I/home/regex/work/esp32s31-openvela/s31-reference/deps/esp-hal-3rdparty/components/esp_system/port/include/private -I/home/regex/work/esp32s31-openvela/s31-reference/deps/esp-hal-3rdparty/components/esp_system/port/public_compat -I/home/regex/work/esp32s31-openvela/s31-reference/deps/esp-hal-3rdparty/components/esp_timer/include -I/home/regex/work/esp32s31-openvela/s31-reference/deps/esp-hal-3rdparty/components/esp_timer/private_include -I/home/regex/work/esp32s31-openvela/s31-reference/deps/esp-hal-3rdparty/components/upper_hal_gpio/include -I/home/regex/work/esp32s31-openvela/s31-reference/deps/esp-hal-3rdparty/components/esp_event/include -I/home/regex/work/esp32s31-openvela/s31-reference/deps/esp-hal-3rdparty/components/bootloader_support/bootloader_flash/include -I/home/regex/work/esp32s31-openvela/s31-reference/deps/esp-hal-3rdparty/components/bootloader_support/include -I/home/regex/work/esp32s31-openvela/s31-reference/deps/esp-hal-3rdparty/components/bootloader_support/private_include -I/home/regex/work/esp32s31-openvela/s31-reference/deps/esp-hal-3rdparty/components/efuse/include -I/home/regex/work/esp32s31-openvela/s31-reference/deps/esp-hal-3rdparty/components/efuse/private_include -I/home/regex/work/esp32s31-openvela/s31-reference/deps/esp-hal-3rdparty/components/efuse/esp32s31/include -I/home/regex/work/esp32s31-openvela/s31-reference/deps/esp-hal-3rdparty/components/efuse/esp32s31/private_include -I/home/regex/work/esp32s31-openvela/s31-reference/deps/esp-hal-3rdparty/components/esp_adc/esp32s31/include -I/home/regex/work/esp32s31-openvela/s31-reference/deps/esp-hal-3rdparty/components/esp_adc/include -I/home/regex/work/esp32s31-openvela/s31-reference/deps/esp-hal-3rdparty/components/esp_adc/interface -I/home/regex/work/esp32s31-openvela/s31-reference/deps/esp-hal-3rdparty/components/esp_app_format/include -I/home/regex/work/esp32s31-openvela/s31-reference/deps/esp-hal-3rdparty/components/esp_blockdev/include -I/home/regex/work/esp32s31-openvela/s31-reference/deps/esp-hal-3rdparty/components/esp_common/include -I/home/regex/work/esp32s31-openvela/s31-reference/deps/esp-hal-3rdparty/components/upper_hal_touch_sens -I/home/regex/work/esp32s31-openvela/s31-reference/deps/esp-hal-3rdparty/components/upper_hal_touch_sens/common -I/home/regex/work/esp32s31-openvela/s31-reference/deps/esp-hal-3rdparty/components/upper_hal_touch_sens/hw_ver3 -I/home/regex/work/esp32s31-openvela/s31-reference/deps/esp-hal-3rdparty/components/upper_hal_touch_sens/hw_ver3/include -I/home/regex/work/esp32s31-openvela/s31-reference/deps/esp-hal-3rdparty/components/upper_hal_touch_sens/include -I/home/regex/work/esp32s31-openvela/s31-reference/deps/esp-hal-3rdparty/components/esp_hal_ana_cmpr/include -I/home/regex/work/esp32s31-openvela/s31-reference/deps/esp-hal-3rdparty/components/esp_hal_ana_cmpr/esp32s31/include -I/home/regex/work/esp32s31-openvela/s31-reference/deps/esp-hal-3rdparty/components/esp_hal_ana_conv/esp32s31/include -I/home/regex/work/esp32s31-openvela/s31-reference/deps/esp-hal-3rdparty/components/esp_hal_ana_conv/include -I/home/regex/work/esp32s31-openvela/s31-reference/deps/esp-hal-3rdparty/components/esp_hal_cam/esp32s31/include -I/home/regex/work/esp32s31-openvela/s31-reference/deps/esp-hal-3rdparty/components/esp_hal_cam/include -I/home/regex/work/esp32s31-openvela/s31-reference/deps/esp-hal-3rdparty/components/esp_hal_clock/esp32s31/include -I/home/regex/work/esp32s31-openvela/s31-reference/deps/esp-hal-3rdparty/components/esp_hal_clock/include -I/home/regex/work/esp32s31-openvela/s31-reference/deps/esp-hal-3rdparty/components/esp_hal_dma/esp32s31/include -I/home/regex/work/esp32s31-openvela/s31-reference/deps/esp-hal-3rdparty/components/esp_hal_dma/include -I/home/regex/work/esp32s31-openvela/s31-reference/deps/esp-hal-3rdparty/components/esp_hal_debug_assist/esp32s31/include -I/home/regex/work/esp32s31-openvela/s31-reference/deps/esp-hal-3rdparty/components/esp_hal_debug_assist/include -I/home/regex/work/esp32s31-openvela/s31-reference/deps/esp-hal-3rdparty/components/esp_hal_emac/esp32s31/include -I/home/regex/work/esp32s31-openvela/s31-reference/deps/esp-hal-3rdparty/components/esp_hal_emac/include -I/home/regex/work/esp32s31-openvela/s31-reference/deps/esp-hal-3rdparty/components/esp_hal_gpio/esp32s31/include -I/home/regex/work/esp32s31-openvela/s31-reference/deps/esp-hal-3rdparty/components/esp_hal_gpio/include -I/home/regex/work/esp32s31-openvela/s31-reference/deps/esp-hal-3rdparty/components/esp_hal_gpspi/esp32s31/include -I/home/regex/work/esp32s31-openvela/s31-reference/deps/esp-hal-3rdparty/components/esp_hal_gpspi/include -I/home/regex/work/esp32s31-openvela/s31-reference/deps/esp-hal-3rdparty/components/esp_hal_i2c/esp32s31/include -I/home/regex/work/esp32s31-openvela/s31-reference/deps/esp-hal-3rdparty/components/esp_hal_i2c/include -I/home/regex/work/esp32s31-openvela/s31-reference/deps/esp-hal-3rdparty/components/esp_hal_i2s/esp32s31/include -I/home/regex/work/esp32s31-openvela/s31-reference/deps/esp-hal-3rdparty/components/esp_hal_i2s/include -I/home/regex/work/esp32s31-openvela/s31-reference/deps/esp-hal-3rdparty/components/esp_hal_lcd/esp32s31/include -I/home/regex/work/esp32s31-openvela/s31-reference/deps/esp-hal-3rdparty/components/esp_hal_lcd/include -I/home/regex/work/esp32s31-openvela/s31-reference/deps/esp-hal-3rdparty/components/esp_hal_ledc/esp32s31/include -I/home/regex/work/esp32s31-openvela/s31-reference/deps/esp-hal-3rdparty/components/esp_hal_ledc/include -I/home/regex/work/esp32s31-openvela/s31-reference/deps/esp-hal-3rdparty/components/esp_hal_mcpwm/esp32s31/include -I/home/regex/work/esp32s31-openvela/s31-reference/deps/esp-hal-3rdparty/components/esp_hal_mcpwm/include -I/home/regex/work/esp32s31-openvela/s31-reference/deps/esp-hal-3rdparty/components/esp_hal_mspi/esp32s31/include -I/home/regex/work/esp32s31-openvela/s31-reference/deps/esp-hal-3rdparty/components/esp_hal_mspi/include -I/home/regex/work/esp32s31-openvela/s31-reference/deps/esp-hal-3rdparty/components/esp_hal_parlio/esp32s31/include -I/home/regex/work/esp32s31-openvela/s31-reference/deps/esp-hal-3rdparty/components/esp_hal_parlio/include -I/home/regex/work/esp32s31-openvela/s31-reference/deps/esp-hal-3rdparty/components/esp_hal_pcnt/esp32s31/include -I/home/regex/work/esp32s31-openvela/s31-reference/deps/esp-hal-3rdparty/components/esp_hal_pcnt/include -I/home/regex/work/esp32s31-openvela/s31-reference/deps/esp-hal-3rdparty/components/esp_hal_pmu/esp32s31/include -I/home/regex/work/esp32s31-openvela/s31-reference/deps/esp-hal-3rdparty/components/esp_hal_pmu/include -I/home/regex/work/esp32s31-openvela/s31-reference/deps/esp-hal-3rdparty/components/esp_hal_rmt/esp32s31/include -I/home/regex/work/esp32s31-openvela/s31-reference/deps/esp-hal-3rdparty/components/esp_hal_rmt/include -I/home/regex/work/esp32s31-openvela/s31-reference/deps/esp-hal-3rdparty/components/esp_hal_rtc_timer/esp32s31/include -I/home/regex/work/esp32s31-openvela/s31-reference/deps/esp-hal-3rdparty/components/esp_hal_rtc_timer/include -I/home/regex/work/esp32s31-openvela/s31-reference/deps/esp-hal-3rdparty/components/esp_hal_regi2c/esp32s31/include -I/home/regex/work/esp32s31-openvela/s31-reference/deps/esp-hal-3rdparty/components/esp_hal_regi2c/include -I/home/regex/work/esp32s31-openvela/s31-reference/deps/esp-hal-3rdparty/components/esp_hal_security/esp32s31/include -I/home/regex/work/esp32s31-openvela/s31-reference/deps/esp-hal-3rdparty/components/esp_hal_security/include -I/home/regex/work/esp32s31-openvela/s31-reference/deps/esp-hal-3rdparty/components/esp_hal_systimer/esp32s31/include -I/home/regex/work/esp32s31-openvela/s31-reference/deps/esp-hal-3rdparty/components/esp_hal_systimer/include -I/home/regex/work/esp32s31-openvela/s31-reference/deps/esp-hal-3rdparty/components/esp_hal_timg/esp32s31/include -I/home/regex/work/esp32s31-openvela/s31-reference/deps/esp-hal-3rdparty/components/esp_hal_timg/include -I/home/regex/work/esp32s31-openvela/s31-reference/deps/esp-hal-3rdparty/components/esp_hal_touch_sens/esp32s31/include -I/home/regex/work/esp32s31-openvela/s31-reference/deps/esp-hal-3rdparty/components/esp_hal_touch_sens/include -I/home/regex/work/esp32s31-openvela/s31-reference/deps/esp-hal-3rdparty/components/esp_hal_twai/esp32s31/include -I/home/regex/work/esp32s31-openvela/s31-reference/deps/esp-hal-3rdparty/components/esp_hal_twai/include -I/home/regex/work/esp32s31-openvela/s31-reference/deps/esp-hal-3rdparty/components/esp_hal_uart/esp32s31/include -I/home/regex/work/esp32s31-openvela/s31-reference/deps/esp-hal-3rdparty/components/esp_hal_uart/include -I/home/regex/work/esp32s31-openvela/s31-reference/deps/esp-hal-3rdparty/components/esp_hal_usb/esp32s31/include -I/home/regex/work/esp32s31-openvela/s31-reference/deps/esp-hal-3rdparty/components/esp_hal_usb/include -I/home/regex/work/esp32s31-openvela/s31-reference/deps/esp-hal-3rdparty/components/esp_hal_wdt/esp32s31/include -I/home/regex/work/esp32s31-openvela/s31-reference/deps/esp-hal-3rdparty/components/esp_hal_wdt/include -I/home/regex/work/esp32s31-openvela/s31-reference/deps/esp-hal-3rdparty/components/esp_hw_support/dma/include -I/home/regex/work/esp32s31-openvela/s31-reference/deps/esp-hal-3rdparty/components/esp_hw_support/etm/include -I/home/regex/work/esp32s31-openvela/s31-reference/deps/esp-hal-3rdparty/components/esp_hw_support/include -I/home/regex/work/esp32s31-openvela/s31-reference/deps/esp-hal-3rdparty/components/esp_hw_support/include/esp_private -I/home/regex/work/esp32s31-openvela/s31-reference/deps/esp-hal-3rdparty/components/esp_hw_support/include/soc -I/home/regex/work/esp32s31-openvela/s31-reference/deps/esp-hal-3rdparty/components/esp_hw_support/include/soc/esp32s31 -I/home/regex/work/esp32s31-openvela/s31-reference/deps/esp-hal-3rdparty/components/esp_hw_support/ldo/include -I/home/regex/work/esp32s31-openvela/s31-reference/deps/esp-hal-3rdparty/components/esp_hw_support/mspi/mspi_intr/include -I/home/regex/work/esp32s31-openvela/s31-reference/deps/esp-hal-3rdparty/components/esp_hw_support/mspi/mspi_timing_tuning/include -I/home/regex/work/esp32s31-openvela/s31-reference/deps/esp-hal-3rdparty/components/esp_hw_support/mspi/mspi_timing_tuning/port/esp32s31 -I/home/regex/work/esp32s31-openvela/s31-reference/deps/esp-hal-3rdparty/components/esp_hw_support/mspi/mspi_timing_tuning/tuning_scheme_impl/include -I/home/regex/work/esp32s31-openvela/s31-reference/deps/esp-hal-3rdparty/components/esp_hw_support/port/esp32s31/include -I/home/regex/work/esp32s31-openvela/s31-reference/deps/esp-hal-3rdparty/components/esp_hw_support/port/esp32s31/private_include -I/home/regex/work/esp32s31-openvela/s31-reference/deps/esp-hal-3rdparty/components/esp_hw_support/port/include -I/home/regex/work/esp32s31-openvela/s31-reference/deps/esp-hal-3rdparty/components/esp_hw_support/power_supply/include -I/home/regex/work/esp32s31-openvela/s31-reference/deps/esp-hal-3rdparty/components/esp_libc/priv_include -I/home/regex/work/esp32s31-openvela/s31-reference/deps/esp-hal-3rdparty/components/esp_mm/include -I/home/regex/work/esp32s31-openvela/s31-reference/deps/esp-hal-3rdparty/components/esp_pm -I/home/regex/work/esp32s31-openvela/s31-reference/deps/esp-hal-3rdparty/components/esp_pm/include -I/home/regex/work/esp32s31-openvela/s31-reference/deps/esp-hal-3rdparty/components/esp_psram/include -I/home/regex/work/esp32s31-openvela/s31-reference/deps/esp-hal-3rdparty/components/esp_psram/device/include -I/home/regex/work/esp32s31-openvela/s31-reference/deps/esp-hal-3rdparty/components/esp_psram/xip_impl/include -I/home/regex/work/esp32s31-openvela/s31-reference/deps/esp-hal-3rdparty/components/esp_rom/esp32s31 -I/home/regex/work/esp32s31-openvela/s31-reference/deps/esp-hal-3rdparty/components/esp_rom/esp32s31/include -I/home/regex/work/esp32s31-openvela/s31-reference/deps/esp-hal-3rdparty/components/esp_rom/esp32s31/include/esp32s31 -I/home/regex/work/esp32s31-openvela/s31-reference/deps/esp-hal-3rdparty/components/esp_rom/include -I/home/regex/work/esp32s31-openvela/s31-reference/deps/esp-hal-3rdparty/components/esp_security/include -I/home/regex/work/esp32s31-openvela/s31-reference/deps/esp-hal-3rdparty/components/esp_system/ld -I/home/regex/work/esp32s31-openvela/s31-reference/deps/esp-hal-3rdparty/components/hal/esp32s31/include -I/home/regex/work/esp32s31-openvela/s31-reference/deps/esp-hal-3rdparty/components/hal/include -I/home/regex/work/esp32s31-openvela/s31-reference/deps/esp-hal-3rdparty/components/hal/platform_port/include -I/home/regex/work/esp32s31-openvela/s31-reference/deps/esp-hal-3rdparty/components/heap/include -I/home/regex/work/esp32s31-openvela/s31-reference/deps/esp-hal-3rdparty/components/log -I/home/regex/work/esp32s31-openvela/s31-reference/deps/esp-hal-3rdparty/components/log/include -I/home/regex/work/esp32s31-openvela/s31-reference/deps/esp-hal-3rdparty/components/log/src/log_level/tag_log_level -I/home/regex/work/esp32s31-openvela/s31-reference/deps/esp-hal-3rdparty/components/riscv/include -I/home/regex/work/esp32s31-openvela/s31-reference/deps/esp-hal-3rdparty/components/soc/esp32s31/include -I/home/regex/work/esp32s31-openvela/s31-reference/deps/esp-hal-3rdparty/components/soc/esp32s31/register -I/home/regex/work/esp32s31-openvela/s31-reference/deps/esp-hal-3rdparty/components/soc/include -I/home/regex/work/esp32s31-openvela/s31-reference/deps/esp-hal-3rdparty/components/spi_flash/include -I/home/regex/work/esp32s31-openvela/s31-reference/deps/esp-hal-3rdparty/components/spi_flash/include/esp_flash_chips -I/home/regex/work/esp32s31-openvela/s31-reference/deps/esp-hal-3rdparty/components/ulp -I/home/regex/work/esp32s31-openvela/s31-reference/deps/esp-hal-3rdparty/components/ulp/lp_core -I/home/regex/work/esp32s31-openvela/s31-reference/deps/esp-hal-3rdparty/components/ulp/lp_core/shared -I/home/regex/work/esp32s31-openvela/s31-reference/deps/esp-hal-3rdparty/components/ulp/lp_core/shared/include -I/home/regex/work/esp32s31-openvela/s31-reference/deps/esp-hal-3rdparty/components/ulp/lp_core/include -I/home/regex/work/esp32s31-openvela/s31-reference/deps/esp-hal-3rdparty/components/ulp/ulp_common -I/home/regex/work/esp32s31-openvela/s31-reference/deps/esp-hal-3rdparty/components/ulp/ulp_common/include -I/home/regex/work/esp32s31-openvela/s31-reference/deps/esp-hal-3rdparty/components/upper_hal_ana_cmpr/include -I/home/regex/work/esp32s31-openvela/s31-reference/deps/esp-hal-3rdparty/components/upper_hal_ana_cmpr/esp32s31/include -I/home/regex/work/esp32s31-openvela/s31-reference/deps/esp-hal-3rdparty/components/upper_hal_dma/include -I/home/regex/work/esp32s31-openvela/s31-reference/deps/esp-hal-3rdparty/components/upper_hal_dma/src -I/home/regex/work/esp32s31-openvela/s31-reference/deps/esp-hal-3rdparty/components/upper_hal_rmt/include -I/home/regex/work/esp32s31-openvela/s31-reference/deps/esp-hal-3rdparty/components/upper_hal_rmt/src -I/home/regex/work/esp32s31-openvela/s31-reference/deps/esp-hal-3rdparty/components/upper_hal_uart/include -I/home/regex/work/esp32s31-openvela/openvela-dev/nuttx/arch/risc-v/src/esp32s31/../common/espressif -I/home/regex/work/esp32s31-openvela/openvela-dev/nuttx/arch/risc-v/src/esp32s31/../common/espressif/platform_include -I/home/regex/work/esp32s31-openvela/s31-reference/deps/esp-hal-3rdparty/components/spi_flash/include/esp_private -I/home/regex/work/esp32s31-openvela/s31-reference/deps/esp-hal-3rdparty/components/bt/include/esp32s31/include -I/home/regex/work/esp32s31-openvela/s31-reference/deps/esp-hal-3rdparty/components/bt/include -I/home/regex/work/esp32s31-openvela/s31-reference/deps/esp-hal-3rdparty/components/bt/porting_btdm/controller/btdm_common/include -I/home/regex/work/esp32s31-openvela/s31-reference/deps/esp-hal-3rdparty/components/bt/porting_btdm/controller/ble/include -I/home/regex/work/esp32s31-openvela/s31-reference/deps/esp-hal-3rdparty/components/bt/porting_btdm/transport/include -I/home/regex/work/esp32s31-openvela/s31-reference/deps/esp-hal-3rdparty/components/bt/common/tinycrypt/include -I/home/regex/work/esp32s31-openvela/s31-reference/deps/esp-hal-3rdparty/components/bt/common/tinycrypt/port -I/home/regex/work/esp32s31-openvela/s31-reference/deps/esp-hal-3rdparty/components/esp_security/src/esp32s31 -I/home/regex/work/esp32s31-openvela/s31-reference/deps/esp-hal-3rdparty/components/esp_hw_support/modem/include -I/home/regex/work/esp32s31-openvela/s31-reference/deps/esp-hal-3rdparty/components/esp_phy/include -I/home/regex/work/esp32s31-openvela/s31-reference/deps/esp-hal-3rdparty/components/esp_phy/esp32s31/include -I/home/regex/work/esp32s31-openvela/s31-reference/deps/esp-hal-3rdparty/components/esp_coex/include -I/home/regex/work/esp32s31-openvela/s31-reference/deps/esp-hal-3rdparty/components/esp_wifi/include -I/home/regex/work/esp32s31-openvela/s31-reference/deps/esp-hal-3rdparty/components/esp_wifi/include/local -I/home/regex/work/esp32s31-openvela/openvela-dev/nuttx/arch/risc-v/src/esp32c6 -I/home/regex/work/esp32s31-openvela/s31-reference/deps/esp-hal-3rdparty/components/esp_wifi/wifi_apps/include -I/home/regex/work/esp32s31-openvela/s31-reference/deps/esp-hal-3rdparty/components/esp_wifi/wifi_apps/include/apps_private -I/home/regex/work/esp32s31-openvela/s31-reference/deps/esp-hal-3rdparty/components/esp_wifi/wifi_apps/roaming_app/include -I/home/regex/work/esp32s31-openvela/s31-reference/deps/esp-hal-3rdparty/components/wpa_supplicant/esp_supplicant/include -I/home/regex/work/esp32s31-openvela/s31-reference/deps/esp-hal-3rdparty/components/wpa_supplicant/port/include -I/home/regex/work/esp32s31-openvela/s31-reference/deps/esp-hal-3rdparty/nuttx/esp32s31/include -I/home/regex/work/esp32s31-openvela/s31-reference/deps/esp-hal-3rdparty/nuttx/include/esp_wifi -I/home/regex/work/esp32s31-openvela/s31-reference/deps/esp-hal-3rdparty/components/wpa_supplicant/include -I/home/regex/work/esp32s31-openvela/s31-reference/deps/esp-hal-3rdparty/components/wpa_supplicant/src -I/home/regex/work/esp32s31-openvela/s31-reference/deps/esp-hal-3rdparty/components/wpa_supplicant/src/ap -I/home/regex/work/esp32s31-openvela/s31-reference/deps/esp-hal-3rdparty/components/wpa_supplicant/src/common -I/home/regex/work/esp32s31-openvela/s31-reference/deps/esp-hal-3rdparty/components/wpa_supplicant/src/crypto -I/home/regex/work/esp32s31-openvela/s31-reference/deps/esp-hal-3rdparty/components/wpa_supplicant/src/utils -I/home/regex/work/esp32s31-openvela/s31-reference/deps/esp-hal-3rdparty/components/wpa_supplicant/esp_supplicant/src -isystem /home/regex/work/esp32s31-openvela/openvela-dev/nuttx/include -isystem /home/regex/work/esp32s31-openvela/openvela-dev/out/esp32s31-ble-kernel1553/include -Os -fno-strict-aliasing -fomit-frame-pointer -fno-common -Wall -Wshadow -Wundef -Wno-attributes -Wno-unknown-pragmas -ffunction-sections -fdata-sections -march=rv32imafc_zicsr_zifencei -mabi=ilp32f -fdiagnostics-color=always -fmacro-prefix-map=/home/regex/work/esp32s31-openvela/openvela-dev/nuttx= -fmacro-prefix-map=/home/regex/work/esp32s31-openvela/openvela-dev/apps= -fmacro-prefix-map=/home/regex/work/esp32s31-openvela/openvela-dev/nuttx/boards/risc-v/esp32s31/esp32s31-core-function-board= -fmacro-prefix-map=/home/regex/work/esp32s31-openvela/openvela-dev/nuttx/arch/risc-v/src/esp32s31= -D__ASSEMBLY__ -DUV_HANDLE_BACKTRACE= -Wno-undef -Wno-unused-variable -fno-jump-tables -fno-tree-switch-conversion -include/home/regex/work/esp32s31-openvela/openvela-dev/nuttx/arch/risc-v/src/esp32s31/hal_backports/include/esp32s31_wifi_os_compat.h -MD -MT arch/CMakeFiles/arch.dir/risc-v/src/common/riscv_exception_common.S.o -MF arch/CMakeFiles/arch.dir/risc-v/src/common/riscv_exception_common.S.o.d -o arch/CMakeFiles/arch.dir/risc-v/src/common/riscv_exception_common.S.o -c /home/regex/work/esp32s31-openvela/openvela-dev/nuttx/arch/risc-v/src/common/riscv_exception_common.S
/tmp/ccfFuydi.s: Assembler messages:
/tmp/ccfFuydi.s: Error: value of 300 too large for field of 1 byte at 0000002a
[391/4001] Building C object arch/CMakeFiles/arch.dir/risc-v/src/esp32s31/esp32s31_pgalloc.c.o
[392/4001] Building C object arch/CMakeFiles/arch.dir/risc-v/src/esp32s31/esp32s31_smp.c.o
[393/4001] Building C object arch/CMakeFiles/arch.dir/risc-v/src/esp32s31/esp32s31_smode_libc.c.o
[394/4001] Building C object arch/CMakeFiles/arch.dir/risc-v/src/esp32s31/esp32s31_mm_init.c.o
[395/4001] Building C object arch/CMakeFiles/arch.dir/risc-v/src/common/supervisor/riscv_perform_syscall.c.o
[396/4001] Building C object arch/CMakeFiles/arch.dir/risc-v/src/common/supervisor/riscv_sbi.c.o
[397/4001] Building C object arch/CMakeFiles/arch.dir/risc-v/src/esp32c6/esp_wifi_adapter.c.o
ninja: build stopped: subcommand failed.
+ restore_config
+ '[' -f /tmp/s31-demo-source-config.ld5LOk/.config ']'
+ mv /tmp/s31-demo-source-config.ld5LOk/.config .config
+ '[' -f /tmp/s31-demo-source-config.ld5LOk/config.h ']'
+ mv /tmp/s31-demo-source-config.ld5LOk/config.h include/nuttx/config.h
+ rmdir /tmp/s31-demo-source-config.ld5LOk
