+ cmake -S . -B /home/regex/work/esp32s31-openvela/openvela-dev/out/esp32s31-cmake-demo -G Ninja -DBOARD_CONFIG=esp32s31-core-function-board:demo-rmt -DFETCHCONTENT_FULLY_DISCONNECTED=ON
-- Processing includes: /home/regex/work/esp32s31-openvela/openvela-dev/nuttx/boards/risc-v/esp32s31/esp32s31-core-function-board/configs/demo-rmt/defconfig → /home/regex/work/esp32s31-openvela/openvela-dev/out/esp32s31-cmake-demo/.defconfig.processed
-- NuttX Host Tools
-- Configuring done
-- Generating done
-- Build files have been written to: /home/regex/work/esp32s31-openvela/openvela-dev/out/esp32s31-cmake-demo/bin_host
-- Configuring done
-- Generating done
-- Build files have been written to: /home/regex/work/esp32s31-openvela/openvela-dev/out/esp32s31-cmake-demo
+ cmake --build /home/regex/work/esp32s31-openvela/openvela-dev/out/esp32s31-cmake-demo --target resetconfig
[1/1] cd /home/regex/work/esp32s31-openvela/openvela-dev/nuttx && /usr/bin/cmake -E copy /home/regex/work/esp32s31-openvela/openvela-dev/out/esp32s31-cmake-demo/.defconfig.processed /home/regex/work/esp32s31-openvela/openvela-dev/out/esp32s31-cmake-demo/.config && /usr/bin/cmake -E env KCONFIG_CONFIG=/home/regex/work/esp32s31-openvela/openvela-dev/out/esp32s31-cmake-demo/.config EXTERNALDIR=dummy APPSDIR=/home/regex/work/esp32s31-openvela/openvela-dev/apps DRIVERS_PLATFORM_DIR=dummy APPSBINDIR=/home/regex/work/esp32s31-openvela/openvela-dev/out/esp32s31-cmake-demo/apps BINDIR=/home/regex/work/esp32s31-openvela/openvela-dev/out/esp32s31-cmake-demo olddefconfig && /usr/bin/cmake -E copy /home/regex/work/esp32s31-openvela/openvela-dev/out/esp32s31-cmake-demo/.config /home/regex/work/esp32s31-openvela/openvela-dev/out/esp32s31-cmake-demo/.config.orig && /usr/bin/cmake -E remove -f /home/regex/work/esp32s31-openvela/openvela-dev/out/esp32s31-cmake-demo/include/nuttx/config.h && /usr/bin/cmake -E touch /home/regex/work/esp32s31-openvela/openvela-dev/nuttx/CMakeLists.txt
Loaded configuration '/home/regex/work/esp32s31-openvela/openvela-dev/out/esp32s31-cmake-demo/.config'
Configuration saved to '/home/regex/work/esp32s31-openvela/openvela-dev/out/esp32s31-cmake-demo/.config'
+ cmake -S . -B /home/regex/work/esp32s31-openvela/openvela-dev/out/esp32s31-cmake-demo -G Ninja -DBOARD_CONFIG=esp32s31-core-function-board:demo-rmt -DFETCHCONTENT_FULLY_DISCONNECTED=ON
-- Processing includes: /home/regex/work/esp32s31-openvela/openvela-dev/nuttx/boards/risc-v/esp32s31/esp32s31-core-function-board/configs/demo-rmt/defconfig → /home/regex/work/esp32s31-openvela/openvela-dev/out/esp32s31-cmake-demo/.defconfig.processed
-- NuttX Host Tools
-- Configuring done
-- Generating done
-- Build files have been written to: /home/regex/work/esp32s31-openvela/openvela-dev/out/esp32s31-cmake-demo/bin_host
-- Configuring done
-- Generating done
-- Build files have been written to: /home/regex/work/esp32s31-openvela/openvela-dev/out/esp32s31-cmake-demo
+ [[ demo-rmt = *-he ]]
+ rg -q '^# CONFIG_ESPRESSIF_WIFI_STA_11AX is not set$' /home/regex/work/esp32s31-openvela/openvela-dev/out/esp32s31-cmake-demo/.config
+ [[ demo-rmt = demo-rmt-tcpdiag ]]
+ [[ demo-rmt = demo-rmt-arp-* ]]
+ [[ demo-rmt = demo-rmt-arp-learn* ]]
+ [[ demo-rmt = demo-rmt-arp-queue ]]
+ [[ demo-rmt = *cpu1-init ]]
+ [[ demo-rmt = demo-rmt-mqueue ]]
+ rg -q '^# CONFIG_ESP32S31_MQUEUE_TEST is not set$' /home/regex/work/esp32s31-openvela/openvela-dev/out/esp32s31-cmake-demo/.config
+ [[ demo-rmt = demo-rmt-event ]]
+ rg -q '^# CONFIG_ESP32S31_WIFI_EVENT_TEST is not set$' /home/regex/work/esp32s31-openvela/openvela-dev/out/esp32s31-cmake-demo/.config
+ [[ demo-rmt = demo-rmt* ]]
+ for task_option in RMT ESP_RMT WS2812 WS2812_NON_SPI_DRIVER EXAMPLES_S31LED
+ rg -q '^CONFIG_RMT=y$' /home/regex/work/esp32s31-openvela/openvela-dev/out/esp32s31-cmake-demo/.config
+ for task_option in RMT ESP_RMT WS2812 WS2812_NON_SPI_DRIVER EXAMPLES_S31LED
+ rg -q '^CONFIG_ESP_RMT=y$' /home/regex/work/esp32s31-openvela/openvela-dev/out/esp32s31-cmake-demo/.config
+ for task_option in RMT ESP_RMT WS2812 WS2812_NON_SPI_DRIVER EXAMPLES_S31LED
+ rg -q '^CONFIG_WS2812=y$' /home/regex/work/esp32s31-openvela/openvela-dev/out/esp32s31-cmake-demo/.config
+ for task_option in RMT ESP_RMT WS2812 WS2812_NON_SPI_DRIVER EXAMPLES_S31LED
+ rg -q '^CONFIG_WS2812_NON_SPI_DRIVER=y$' /home/regex/work/esp32s31-openvela/openvela-dev/out/esp32s31-cmake-demo/.config
+ for task_option in RMT ESP_RMT WS2812 WS2812_NON_SPI_DRIVER EXAMPLES_S31LED
+ rg -q '^CONFIG_EXAMPLES_S31LED=y$' /home/regex/work/esp32s31-openvela/openvela-dev/out/esp32s31-cmake-demo/.config
+ rg -q '^CONFIG_WS2812_LED_COUNT=1$' /home/regex/work/esp32s31-openvela/openvela-dev/out/esp32s31-cmake-demo/.config
+ [[ demo-rmt = demo-i2c* ]]
+ [[ demo-rmt = demo-rmt* ]]
+ rg -q '^CONFIG_ESPRESSIF_I2C0=y$' /home/regex/work/esp32s31-openvela/openvela-dev/out/esp32s31-cmake-demo/.config
+ rg -q '^CONFIG_ESPRESSIF_I2C0_SCLPIN=50$' /home/regex/work/esp32s31-openvela/openvela-dev/out/esp32s31-cmake-demo/.config
+ rg -q '^CONFIG_ESPRESSIF_I2C0_SDAPIN=51$' /home/regex/work/esp32s31-openvela/openvela-dev/out/esp32s31-cmake-demo/.config
+ rg -q '^CONFIG_SYSTEM_I2CTOOL=y$' /home/regex/work/esp32s31-openvela/openvela-dev/out/esp32s31-cmake-demo/.config
+ rg -q '^CONFIG_ARCH_BUTTONS=y$' /home/regex/work/esp32s31-openvela/openvela-dev/out/esp32s31-cmake-demo/.config
+ for task_option in ARCH_IRQBUTTONS ESPRESSIF_GPIO_IRQ INPUT INPUT_BUTTONS INPUT_BUTTONS_LOWER EXAMPLES_BUTTONS
+ rg -q '^CONFIG_ARCH_IRQBUTTONS=y$' /home/regex/work/esp32s31-openvela/openvela-dev/out/esp32s31-cmake-demo/.config
+ for task_option in ARCH_IRQBUTTONS ESPRESSIF_GPIO_IRQ INPUT INPUT_BUTTONS INPUT_BUTTONS_LOWER EXAMPLES_BUTTONS
+ rg -q '^CONFIG_ESPRESSIF_GPIO_IRQ=y$' /home/regex/work/esp32s31-openvela/openvela-dev/out/esp32s31-cmake-demo/.config
+ for task_option in ARCH_IRQBUTTONS ESPRESSIF_GPIO_IRQ INPUT INPUT_BUTTONS INPUT_BUTTONS_LOWER EXAMPLES_BUTTONS
+ rg -q '^CONFIG_INPUT=y$' /home/regex/work/esp32s31-openvela/openvela-dev/out/esp32s31-cmake-demo/.config
+ for task_option in ARCH_IRQBUTTONS ESPRESSIF_GPIO_IRQ INPUT INPUT_BUTTONS INPUT_BUTTONS_LOWER EXAMPLES_BUTTONS
+ rg -q '^CONFIG_INPUT_BUTTONS=y$' /home/regex/work/esp32s31-openvela/openvela-dev/out/esp32s31-cmake-demo/.config
+ for task_option in ARCH_IRQBUTTONS ESPRESSIF_GPIO_IRQ INPUT INPUT_BUTTONS INPUT_BUTTONS_LOWER EXAMPLES_BUTTONS
+ rg -q '^CONFIG_INPUT_BUTTONS_LOWER=y$' /home/regex/work/esp32s31-openvela/openvela-dev/out/esp32s31-cmake-demo/.config
+ for task_option in ARCH_IRQBUTTONS ESPRESSIF_GPIO_IRQ INPUT INPUT_BUTTONS INPUT_BUTTONS_LOWER EXAMPLES_BUTTONS
+ rg -q '^CONFIG_EXAMPLES_BUTTONS=y$' /home/regex/work/esp32s31-openvela/openvela-dev/out/esp32s31-cmake-demo/.config
+ cmake --build /home/regex/work/esp32s31-openvela/openvela-dev/out/esp32s31-cmake-demo -j8
[1/3338] cd /home/regex/work/esp32s31-openvela/openvela-dev/out/esp32s31-cmake-demo/libs/libc/misc && /usr/bin/cmake -E touch /home/regex/work/esp32s31-openvela/openvela-dev/nuttx/libs/libc/misc/lib_utsname.c
[2/3338] cd /home/regex/work/esp32s31-openvela/openvela-dev/nuttx && /usr/bin/cmake -DKCONFIG_CONFIG=/home/regex/work/esp32s31-openvela/openvela-dev/out/esp32s31-cmake-demo/.defconfig.processed -DNUTTX_DIR=/home/regex/work/esp32s31-openvela/openvela-dev/nuttx -DCMAKE_BINARY_DIR=/home/regex/work/esp32s31-openvela/openvela-dev/out/esp32s31-cmake-demo -P /home/regex/work/esp32s31-openvela/openvela-dev/nuttx/cmake/nuttx_generate_dts.cmake
[3/3338] cd /home/regex/work/esp32s31-openvela/openvela-dev/out/esp32s31-cmake-demo/syscall && cmake --build /home/regex/work/esp32s31-openvela/openvela-dev/out/esp32s31-cmake-demo/bin_host --target mksyscall
Consolidate compiler generated dependencies of target csvparser
[ 50%] Built target csvparser
Consolidate compiler generated dependencies of target mksyscall
[100%] Built target mksyscall
[4/3338] Building C object arch/CMakeFiles/arch.dir/home/regex/work/esp32s31-openvela/s31-reference/deps/esp-hal-3rdparty/components/bootloader_support/src/bootloader_efuse.c.o
[5/3338] Building C object arch/CMakeFiles/arch.dir/home/regex/work/esp32s31-openvela/s31-reference/deps/esp-hal-3rdparty/components/esp_hw_support/port/esp32s31/cpu_region_protect.c.o
[6/3338] Building C object arch/CMakeFiles/arch.dir/home/regex/work/esp32s31-openvela/s31-reference/deps/esp-hal-3rdparty/components/esp_hw_support/periph_ctrl.c.o
[7/3338] Building C object arch/CMakeFiles/arch.dir/home/regex/work/esp32s31-openvela/s31-reference/deps/esp-hal-3rdparty/components/esp_hw_support/mac_addr.c.o
[8/3338] Building C object arch/CMakeFiles/arch.dir/home/regex/work/esp32s31-openvela/s31-reference/deps/esp-hal-3rdparty/components/esp_hw_support/ldo/esp_ldo_regulator.c.o
[9/3338] Building C object arch/CMakeFiles/arch.dir/home/regex/work/esp32s31-openvela/s31-reference/deps/esp-hal-3rdparty/components/esp_hal_timg/esp32s31/timer_periph.c.o
[10/3338] Building C object arch/CMakeFiles/arch.dir/home/regex/work/esp32s31-openvela/s31-reference/deps/esp-hal-3rdparty/components/esp_hw_support/mspi/mspi_timing_tuning/mspi_timing_tuning.c.o
[11/3338] Building C object arch/CMakeFiles/arch.dir/home/regex/work/esp32s31-openvela/s31-reference/deps/esp-hal-3rdparty/components/esp_hal_systimer/systimer_hal.c.o
[12/3338] Building C object arch/CMakeFiles/arch.dir/home/regex/work/esp32s31-openvela/s31-reference/deps/esp-hal-3rdparty/components/esp_hal_timg/timer_hal.c.o
[13/3338] Building C object arch/CMakeFiles/arch.dir/home/regex/work/esp32s31-openvela/s31-reference/deps/esp-hal-3rdparty/components/esp_hw_support/intr_alloc.c.o
[14/3338] Building C object arch/CMakeFiles/arch.dir/home/regex/work/esp32s31-openvela/s31-reference/deps/esp-hal-3rdparty/components/esp_hal_pmu/esp32s31/pmu_hal.c.o
[15/3338] Building C object arch/CMakeFiles/arch.dir/home/regex/work/esp32s31-openvela/s31-reference/deps/esp-hal-3rdparty/components/esp_hal_mspi/spi_flash_hal.c.o
[16/3338] Building C object arch/CMakeFiles/arch.dir/home/regex/work/esp32s31-openvela/s31-reference/deps/esp-hal-3rdparty/components/bootloader_support/src/flash_encrypt.c.o
[17/3338] Building C object arch/CMakeFiles/arch.dir/home/regex/work/esp32s31-openvela/s31-reference/deps/esp-hal-3rdparty/components/esp_hw_support/port/esp32s31/esp_clk_tree.c.o
[18/3338] Building C object arch/CMakeFiles/arch.dir/home/regex/work/esp32s31-openvela/s31-reference/deps/esp-hal-3rdparty/components/efuse/esp32s31/esp_efuse_table.c.o
[19/3338] Building C object arch/CMakeFiles/arch.dir/home/regex/work/esp32s31-openvela/s31-reference/deps/esp-hal-3rdparty/components/efuse/esp32s31/esp_efuse_fields.c.o
[20/3338] Building C object arch/CMakeFiles/arch.dir/home/regex/work/esp32s31-openvela/s31-reference/deps/esp-hal-3rdparty/components/bootloader_support/src/bootloader_init.c.o
[21/3338] Building C object arch/CMakeFiles/arch.dir/home/regex/work/esp32s31-openvela/s31-reference/deps/esp-hal-3rdparty/components/esp_hal_mspi/spi_flash_hal_iram.c.o
[22/3338] Building C object arch/CMakeFiles/arch.dir/home/regex/work/esp32s31-openvela/s31-reference/deps/esp-hal-3rdparty/components/efuse/esp32s31/esp_efuse_utility.c.o
[23/3338] Building C object arch/CMakeFiles/arch.dir/home/regex/work/esp32s31-openvela/s31-reference/deps/esp-hal-3rdparty/components/esp_hal_dma/esp32s31/gdma_periph.c.o
[24/3338] Building C object arch/CMakeFiles/arch.dir/home/regex/work/esp32s31-openvela/s31-reference/deps/esp-hal-3rdparty/components/bootloader_support/src/esp_image_format.c.o
[25/3338] Building C object arch/CMakeFiles/arch.dir/home/regex/work/esp32s31-openvela/s31-reference/deps/esp-hal-3rdparty/components/esp_hal_clock/esp32s31/clk_tree_hal.c.o
[26/3338] Building C object arch/CMakeFiles/arch.dir/home/regex/work/esp32s31-openvela/s31-reference/deps/esp-hal-3rdparty/components/efuse/src/efuse_controller/keys/with_key_purposes/esp_efuse_api_key.c.o
[27/3338] Building C object arch/CMakeFiles/arch.dir/home/regex/work/esp32s31-openvela/s31-reference/deps/esp-hal-3rdparty/components/efuse/src/esp_efuse_api.c.o
[28/3338] Building C object arch/CMakeFiles/arch.dir/home/regex/work/esp32s31-openvela/s31-reference/deps/esp-hal-3rdparty/components/esp_hal_dma/gdma_hal_ahb_v2.c.o
[29/3338] Building C object arch/CMakeFiles/arch.dir/home/regex/work/esp32s31-openvela/s31-reference/deps/esp-hal-3rdparty/components/efuse/src/esp_efuse_utility.c.o
[30/3338] Building C object arch/CMakeFiles/arch.dir/home/regex/work/esp32s31-openvela/s31-reference/deps/esp-hal-3rdparty/components/esp_hal_gpio/esp32s31/dedic_gpio_periph.c.o
[31/3338] Building C object arch/CMakeFiles/arch.dir/home/regex/work/esp32s31-openvela/s31-reference/deps/esp-hal-3rdparty/components/esp_psram/system_layer/esp_psram_mspi.c.o
[32/3338] Building C object arch/CMakeFiles/arch.dir/home/regex/work/esp32s31-openvela/s31-reference/deps/esp-hal-3rdparty/components/esp_hal_gpio/esp32s31/sdm_periph.c.o
[33/3338] Building C object arch/CMakeFiles/arch.dir/home/regex/work/esp32s31-openvela/s31-reference/deps/esp-hal-3rdparty/components/esp_hal_dma/gdma_hal_crc_gen.c.o
[34/3338] Building C object arch/CMakeFiles/arch.dir/home/regex/work/esp32s31-openvela/s31-reference/deps/esp-hal-3rdparty/components/esp_hal_dma/gdma_hal_axi.c.o
[35/3338] Building C object arch/CMakeFiles/arch.dir/home/regex/work/esp32s31-openvela/s31-reference/deps/esp-hal-3rdparty/components/esp_hal_dma/gdma_hal_top.c.o
[36/3338] Building C object arch/CMakeFiles/arch.dir/home/regex/work/esp32s31-openvela/s31-reference/deps/esp-hal-3rdparty/components/esp_hal_gpio/esp32s31/rtc_io_periph.c.o
[37/3338] Building C object arch/CMakeFiles/arch.dir/home/regex/work/esp32s31-openvela/s31-reference/deps/esp-hal-3rdparty/components/esp_hal_gpio/sdm_hal.c.o
[38/3338] Building C object arch/CMakeFiles/arch.dir/home/regex/work/esp32s31-openvela/s31-reference/deps/esp-hal-3rdparty/components/esp_psram/system_layer/esp_psram.c.o
[39/3338] Building C object arch/CMakeFiles/arch.dir/home/regex/work/esp32s31-openvela/s31-reference/deps/esp-hal-3rdparty/nuttx/src/bootloader_banner_wrap.c.o
[40/3338] Building C object arch/CMakeFiles/arch.dir/home/regex/work/esp32s31-openvela/s31-reference/deps/esp-hal-3rdparty/components/esp_hal_gpio/gpio_hal.c.o
[41/3338] Building C object arch/CMakeFiles/arch.dir/home/regex/work/esp32s31-openvela/s31-reference/deps/esp-hal-3rdparty/components/esp_hal_gpio/rtc_io_hal.c.o
[42/3338] Building C object arch/CMakeFiles/arch.dir/home/regex/work/esp32s31-openvela/s31-reference/deps/esp-hal-3rdparty/components/esp_hal_mspi/spi_flash_encrypt_hal_iram.c.o
[43/3338] Building C object arch/CMakeFiles/arch.dir/home/regex/work/esp32s31-openvela/s31-reference/deps/esp-hal-3rdparty/components/esp_hal_uart/esp32s31/uart_periph.c.o
[44/3338] Building C object arch/CMakeFiles/arch.dir/home/regex/work/esp32s31-openvela/s31-reference/deps/esp-hal-3rdparty/components/esp_hw_support/clk_ctrl_os.c.o
[45/3338] Building C object arch/CMakeFiles/arch.dir/home/regex/work/esp32s31-openvela/s31-reference/deps/esp-hal-3rdparty/components/esp_hal_uart/uart_hal_iram.c.o
[46/3338] Building C object arch/CMakeFiles/arch.dir/home/regex/work/esp32s31-openvela/s31-reference/deps/esp-hal-3rdparty/components/esp_hal_mspi/spi_flash_hal_gpspi.c.o
[47/3338] Building C object arch/CMakeFiles/arch.dir/home/regex/work/esp32s31-openvela/s31-reference/deps/esp-hal-3rdparty/components/esp_hal_wdt/wdt_hal_iram.c.o
[48/3338] Building C object arch/CMakeFiles/arch.dir/home/regex/work/esp32s31-openvela/s31-reference/deps/esp-hal-3rdparty/components/esp_hw_support/cpu.c.o
[49/3338] Building C object arch/CMakeFiles/arch.dir/home/regex/work/esp32s31-openvela/s31-reference/deps/esp-hal-3rdparty/components/esp_hw_support/clk_utils.c.o
[50/3338] Building C object arch/CMakeFiles/arch.dir/home/regex/work/esp32s31-openvela/s31-reference/deps/esp-hal-3rdparty/components/esp_hal_uart/uart_hal.c.o
[51/3338] Building C object arch/CMakeFiles/arch.dir/risc-v/src/esp32s31/hal_backports/esp_gpio_reserve.c.o
[52/3338] Building C object arch/CMakeFiles/arch.dir/home/regex/work/esp32s31-openvela/s31-reference/deps/esp-hal-3rdparty/components/esp_hw_support/esp_memory_utils.c.o
[53/3338] Building C object arch/CMakeFiles/arch.dir/home/regex/work/esp32s31-openvela/s31-reference/deps/esp-hal-3rdparty/components/esp_hw_support/esp_clk.c.o
[54/3338] Building C object arch/CMakeFiles/arch.dir/home/regex/work/esp32s31-openvela/s31-reference/deps/esp-hal-3rdparty/components/esp_hw_support/port/esp32s31/esp_cpu_intr.c.o
[55/3338] Building C object arch/CMakeFiles/arch.dir/home/regex/work/esp32s31-openvela/s31-reference/deps/esp-hal-3rdparty/components/esp_hw_support/hw_random.c.o
[56/3338] Building C object arch/CMakeFiles/arch.dir/home/regex/work/esp32s31-openvela/s31-reference/deps/esp-hal-3rdparty/components/esp_hw_support/port/esp32s31/pmu_param.c.o
[57/3338] Building C object arch/CMakeFiles/arch.dir/home/regex/work/esp32s31-openvela/s31-reference/deps/esp-hal-3rdparty/components/esp_hw_support/port/esp32s31/io_mux.c.o
[58/3338] Building C object arch/CMakeFiles/arch.dir/home/regex/work/esp32s31-openvela/s31-reference/deps/esp-hal-3rdparty/components/esp_hw_support/port/esp32s31/systimer.c.o
[59/3338] Building C object arch/CMakeFiles/arch.dir/home/regex/work/esp32s31-openvela/s31-reference/deps/esp-hal-3rdparty/components/esp_hw_support/port/esp32s31/pmu_init.c.o
[60/3338] Building C object arch/CMakeFiles/arch.dir/risc-v/src/esp32s31/hal_backports/rtc_clk_init.c.o
[61/3338] Building C object arch/CMakeFiles/arch.dir/home/regex/work/esp32s31-openvela/s31-reference/deps/esp-hal-3rdparty/components/esp_hw_support/port/esp32s31/rtc_time.c.o
[62/3338] Building C object arch/CMakeFiles/arch.dir/home/regex/work/esp32s31-openvela/s31-reference/deps/esp-hal-3rdparty/components/esp_hw_support/regi2c_ctrl.c.o
[63/3338] Building C object arch/CMakeFiles/arch.dir/home/regex/work/esp32s31-openvela/s31-reference/deps/esp-hal-3rdparty/components/esp_hw_support/rtc_module.c.o
[64/3338] Building C object arch/CMakeFiles/arch.dir/home/regex/work/esp32s31-openvela/s31-reference/deps/esp-hal-3rdparty/components/esp_mm/port/esp32s31/ext_mem_layout.c.o
[65/3338] Building C object arch/CMakeFiles/arch.dir/home/regex/work/esp32s31-openvela/s31-reference/deps/esp-hal-3rdparty/components/esp_hw_support/port/esp32s31/rtc_clk.c.o
[66/3338] Building C object arch/CMakeFiles/arch.dir/home/regex/work/esp32s31-openvela/s31-reference/deps/esp-hal-3rdparty/components/esp_hw_support/port/esp_clk_tree_common.c.o
[67/3338] Building C object arch/CMakeFiles/arch.dir/home/regex/work/esp32s31-openvela/s31-reference/deps/esp-hal-3rdparty/components/esp_rom/patches/esp_rom_clic.c.o
[68/3338] Building C object arch/CMakeFiles/arch.dir/home/regex/work/esp32s31-openvela/s31-reference/deps/esp-hal-3rdparty/components/esp_mm/esp_cache_msync.c.o
[69/3338] Building C object arch/CMakeFiles/arch.dir/home/regex/work/esp32s31-openvela/s31-reference/deps/esp-hal-3rdparty/components/esp_rom/patches/esp_rom_crc.c.o
[70/3338] Building C object arch/CMakeFiles/arch.dir/home/regex/work/esp32s31-openvela/s31-reference/deps/esp-hal-3rdparty/components/esp_mm/esp_cache_utils.c.o
[71/3338] Building C object arch/CMakeFiles/arch.dir/home/regex/work/esp32s31-openvela/s31-reference/deps/esp-hal-3rdparty/components/esp_rom/patches/esp_rom_efuse.c.o
[72/3338] Building C object arch/CMakeFiles/arch.dir/home/regex/work/esp32s31-openvela/s31-reference/deps/esp-hal-3rdparty/components/esp_rom/patches/esp_rom_gpio.c.o
[73/3338] Building C object arch/CMakeFiles/arch.dir/home/regex/work/esp32s31-openvela/s31-reference/deps/esp-hal-3rdparty/components/esp_rom/patches/esp_rom_sys.c.o
[74/3338] Building C object arch/CMakeFiles/arch.dir/home/regex/work/esp32s31-openvela/s31-reference/deps/esp-hal-3rdparty/components/esp_common/src/esp_err_to_name.c.o
[75/3338] Building C object arch/CMakeFiles/arch.dir/home/regex/work/esp32s31-openvela/s31-reference/deps/esp-hal-3rdparty/components/esp_rom/patches/esp_rom_spiflash.c.o
[76/3338] Building C object arch/CMakeFiles/arch.dir/home/regex/work/esp32s31-openvela/s31-reference/deps/esp-hal-3rdparty/components/esp_rom/patches/esp_rom_serial_output.c.o
[77/3338] Building C object arch/CMakeFiles/arch.dir/home/regex/work/esp32s31-openvela/s31-reference/deps/esp-hal-3rdparty/components/esp_rom/patches/esp_rom_print.c.o
[78/3338] Building C object arch/CMakeFiles/arch.dir/home/regex/work/esp32s31-openvela/s31-reference/deps/esp-hal-3rdparty/components/esp_system/esp_err.c.o
[79/3338] Building C object arch/CMakeFiles/arch.dir/home/regex/work/esp32s31-openvela/s31-reference/deps/esp-hal-3rdparty/components/esp_mm/esp_mmu_map.c.o
[80/3338] Building C object arch/CMakeFiles/arch.dir/home/regex/work/esp32s31-openvela/s31-reference/deps/esp-hal-3rdparty/components/esp_system/esp_system.c.o
[81/3338] Building C object arch/CMakeFiles/arch.dir/home/regex/work/esp32s31-openvela/s31-reference/deps/esp-hal-3rdparty/components/esp_system/port/soc/esp32s31/reset_reason.c.o
[82/3338] Building C object arch/CMakeFiles/arch.dir/home/regex/work/esp32s31-openvela/s31-reference/deps/esp-hal-3rdparty/components/esp_system/startup.c.o
[83/3338] Building C object arch/CMakeFiles/arch.dir/home/regex/work/esp32s31-openvela/s31-reference/deps/esp-hal-3rdparty/components/esp_system/system_time.c.o
[84/3338] Building C object arch/CMakeFiles/arch.dir/home/regex/work/esp32s31-openvela/s31-reference/deps/esp-hal-3rdparty/components/esp_timer/src/esp_timer_init.c.o
[85/3338] Building C object arch/CMakeFiles/arch.dir/home/regex/work/esp32s31-openvela/s31-reference/deps/esp-hal-3rdparty/components/esp_system/port/soc/esp32s31/system_internal.c.o
[86/3338] Building C object arch/CMakeFiles/arch.dir/home/regex/work/esp32s31-openvela/s31-reference/deps/esp-hal-3rdparty/components/esp_system/port/soc/esp32s31/clk.c.o
[87/3338] Building C object arch/CMakeFiles/arch.dir/home/regex/work/esp32s31-openvela/s31-reference/deps/esp-hal-3rdparty/components/esp_timer/src/system_time.c.o
[88/3338] Building C object arch/CMakeFiles/arch.dir/home/regex/work/esp32s31-openvela/s31-reference/deps/esp-hal-3rdparty/components/esp_system/startup_funcs.c.o
[89/3338] Building C object arch/CMakeFiles/arch.dir/home/regex/work/esp32s31-openvela/s31-reference/deps/esp-hal-3rdparty/components/esp_timer/src/esp_timer_impl_common.c.o
[90/3338] Building C object arch/CMakeFiles/arch.dir/home/regex/work/esp32s31-openvela/s31-reference/deps/esp-hal-3rdparty/components/esp_timer/src/esp_timer_impl_systimer.c.o
[91/3338] Building C object arch/CMakeFiles/arch.dir/home/regex/work/esp32s31-openvela/s31-reference/deps/esp-hal-3rdparty/components/hal/esp32s31/efuse_hal.c.o
[92/3338] Building C object arch/CMakeFiles/arch.dir/home/regex/work/esp32s31-openvela/s31-reference/deps/esp-hal-3rdparty/components/esp_timer/src/esp_timer.c.o
[93/3338] Building C object arch/CMakeFiles/arch.dir/home/regex/work/esp32s31-openvela/s31-reference/deps/esp-hal-3rdparty/components/hal/efuse_hal.c.o
[94/3338] Building C object arch/CMakeFiles/arch.dir/home/regex/work/esp32s31-openvela/s31-reference/deps/esp-hal-3rdparty/components/hal/hal_utils.c.o
[95/3338] Building C object arch/CMakeFiles/arch.dir/home/regex/work/esp32s31-openvela/s31-reference/deps/esp-hal-3rdparty/components/log/src/log_level/log_level.c.o
[96/3338] Building C object arch/CMakeFiles/arch.dir/home/regex/work/esp32s31-openvela/s31-reference/deps/esp-hal-3rdparty/components/hal/cache_hal.c.o
[97/3338] Building C object arch/CMakeFiles/arch.dir/home/regex/work/esp32s31-openvela/s31-reference/deps/esp-hal-3rdparty/components/log/src/log_level/tag_log_level/linked_list/log_linked_list.c.o
[98/3338] Building C object arch/CMakeFiles/arch.dir/home/regex/work/esp32s31-openvela/s31-reference/deps/esp-hal-3rdparty/components/log/src/log_level/tag_log_level/tag_log_level.c.o
[99/3338] Building C object arch/CMakeFiles/arch.dir/home/regex/work/esp32s31-openvela/s31-reference/deps/esp-hal-3rdparty/components/log/src/noos/log_lock.c.o
[100/3338] Building C object arch/CMakeFiles/arch.dir/home/regex/work/esp32s31-openvela/s31-reference/deps/esp-hal-3rdparty/components/log/src/log.c.o
[101/3338] Building C object arch/CMakeFiles/arch.dir/home/regex/work/esp32s31-openvela/s31-reference/deps/esp-hal-3rdparty/components/hal/mmu_hal.c.o
[102/3338] Building C object arch/CMakeFiles/arch.dir/home/regex/work/esp32s31-openvela/s31-reference/deps/esp-hal-3rdparty/components/log/src/noos/log_timestamp.c.o
[103/3338] Building C object arch/CMakeFiles/arch.dir/home/regex/work/esp32s31-openvela/s31-reference/deps/esp-hal-3rdparty/components/log/src/os/log_write.c.o
[104/3338] Building C object arch/CMakeFiles/arch.dir/home/regex/work/esp32s31-openvela/s31-reference/deps/esp-hal-3rdparty/components/riscv/instruction_decode.c.o
[105/3338] Building C object arch/CMakeFiles/arch.dir/home/regex/work/esp32s31-openvela/s31-reference/deps/esp-hal-3rdparty/components/log/src/os/util.c.o
[106/3338] Building C object arch/CMakeFiles/arch.dir/home/regex/work/esp32s31-openvela/s31-reference/deps/esp-hal-3rdparty/components/soc/esp32s31/interrupts.c.o
[107/3338] Building C object arch/CMakeFiles/arch.dir/home/regex/work/esp32s31-openvela/s31-reference/deps/esp-hal-3rdparty/components/riscv/interrupt.c.o
[108/3338] Building C object arch/CMakeFiles/arch.dir/home/regex/work/esp32s31-openvela/s31-reference/deps/esp-hal-3rdparty/components/soc/esp32s31/gpio_periph.c.o
[109/3338] Building C object arch/CMakeFiles/arch.dir/home/regex/work/esp32s31-openvela/s31-reference/deps/esp-hal-3rdparty/components/riscv/rv_utils.c.o
[110/3338] Building C object arch/CMakeFiles/arch.dir/home/regex/work/esp32s31-openvela/s31-reference/deps/esp-hal-3rdparty/components/riscv/interrupt_clic.c.o
[111/3338] Building C object arch/CMakeFiles/arch.dir/home/regex/work/esp32s31-openvela/s31-reference/deps/esp-hal-3rdparty/components/soc/lldesc.c.o
[112/3338] Building C object arch/CMakeFiles/arch.dir/home/regex/work/esp32s31-openvela/s31-reference/deps/esp-hal-3rdparty/components/spi_flash/flash_brownout_hook.c.o
[113/3338] Building C object arch/CMakeFiles/arch.dir/home/regex/work/esp32s31-openvela/s31-reference/deps/esp-hal-3rdparty/components/spi_flash/spi_flash_chip_drivers.c.o
[114/3338] Building C object arch/CMakeFiles/arch.dir/home/regex/work/esp32s31-openvela/s31-reference/deps/esp-hal-3rdparty/components/spi_flash/spi_flash_chip_gd.c.o
[115/3338] Building C object arch/CMakeFiles/arch.dir/home/regex/work/esp32s31-openvela/s31-reference/deps/esp-hal-3rdparty/components/spi_flash/memspi_host_driver.c.o
[116/3338] Building C object arch/CMakeFiles/arch.dir/home/regex/work/esp32s31-openvela/s31-reference/deps/esp-hal-3rdparty/components/spi_flash/flash_mmap.c.o
[117/3338] Building C object arch/CMakeFiles/arch.dir/home/regex/work/esp32s31-openvela/s31-reference/deps/esp-hal-3rdparty/components/spi_flash/flash_ops.c.o
[118/3338] Building C object arch/CMakeFiles/arch.dir/home/regex/work/esp32s31-openvela/s31-reference/deps/esp-hal-3rdparty/components/spi_flash/cache_utils.c.o
[119/3338] Building C object arch/CMakeFiles/arch.dir/home/regex/work/esp32s31-openvela/s31-reference/deps/esp-hal-3rdparty/components/spi_flash/spi_flash_chip_winbond.c.o
[120/3338] Building C object arch/CMakeFiles/arch.dir/home/regex/work/esp32s31-openvela/s31-reference/deps/esp-hal-3rdparty/components/spi_flash/esp_flash_spi_init.c.o
/home/regex/work/esp32s31-openvela/s31-reference/deps/esp-hal-3rdparty/components/spi_flash/esp_flash_spi_init.c: In function 'acquire_spi_device':
/home/regex/work/esp32s31-openvela/s31-reference/deps/esp-hal-3rdparty/components/spi_flash/esp_flash_spi_init.c:234:35: warning: declaration of 'config' shadows a parameter [-Wshadow]
  234 |         spi_bus_lock_dev_config_t config = {.flags = SPI_BUS_LOCK_DEV_FLAG_CS_REQUIRED};
      |                                   ^~~~~~
/home/regex/work/esp32s31-openvela/s31-reference/deps/esp-hal-3rdparty/components/spi_flash/esp_flash_spi_init.c:226:74: note: shadowed declaration is here
  226 | static esp_err_t acquire_spi_device(const esp_flash_spi_device_config_t *config, int* out_dev_id, spi_bus_lock_dev_handle_t* out_dev_handle)
      |                                     ~~~~~~~~~~~~~~~~~~~~~~~~~~~~~~~~~~~~~^~~~~~
[121/3338] Building C object arch/CMakeFiles/arch.dir/home/regex/work/esp32s31-openvela/s31-reference/deps/esp-hal-3rdparty/components/spi_flash/spi_flash_os_func_noos.c.o
[122/3338] Building C object arch/CMakeFiles/arch.dir/home/regex/work/esp32s31-openvela/s31-reference/deps/esp-hal-3rdparty/components/spi_flash/esp_flash_api.c.o
/home/regex/work/esp32s31-openvela/s31-reference/deps/esp-hal-3rdparty/components/spi_flash/esp_flash_api.c: In function 'esp_flash_write':
/home/regex/work/esp32s31-openvela/s31-reference/deps/esp-hal-3rdparty/components/spi_flash/esp_flash_api.c:57:23: warning: declaration of 'ret' shadows a previous local [-Wshadow]
   57 |             esp_err_t ret = CHIP->os_func->region_protected(CHIP->os_func_data, ADDR, SIZE); \
      |                       ^~~
/home/regex/work/esp32s31-openvela/s31-reference/deps/esp-hal-3rdparty/components/spi_flash/esp_flash_api.c:1121:5: note: in expansion of macro 'CHECK_WRITE_ADDRESS'
 1121 |     CHECK_WRITE_ADDRESS(chip, address, length);
      |     ^~~~~~~~~~~~~~~~~~~
/home/regex/work/esp32s31-openvela/s31-reference/deps/esp-hal-3rdparty/components/spi_flash/esp_flash_api.c:1113:15: note: shadowed declaration is here
 1113 |     esp_err_t ret = ESP_FAIL;
      |               ^~~
/home/regex/work/esp32s31-openvela/s31-reference/deps/esp-hal-3rdparty/components/spi_flash/esp_flash_api.c: In function 'esp_flash_write_encrypted':
/home/regex/work/esp32s31-openvela/s31-reference/deps/esp-hal-3rdparty/components/spi_flash/esp_flash_api.c:57:23: warning: declaration of 'ret' shadows a previous local [-Wshadow]
   57 |             esp_err_t ret = CHIP->os_func->region_protected(CHIP->os_func_data, ADDR, SIZE); \
      |                       ^~~
/home/regex/work/esp32s31-openvela/s31-reference/deps/esp-hal-3rdparty/components/spi_flash/esp_flash_api.c:1362:5: note: in expansion of macro 'CHECK_WRITE_ADDRESS'
 1362 |     CHECK_WRITE_ADDRESS(chip, address, length);
      |     ^~~~~~~~~~~~~~~~~~~
/home/regex/work/esp32s31-openvela/s31-reference/deps/esp-hal-3rdparty/components/spi_flash/esp_flash_api.c:1350:15: note: shadowed declaration is here
 1350 |     esp_err_t ret = ESP_FAIL;
      |               ^~~
[123/3338] Building C object arch/CMakeFiles/arch.dir/home/regex/work/esp32s31-openvela/s31-reference/deps/esp-hal-3rdparty/components/spi_flash/spi_flash_hpm_enable.c.o
[124/3338] Building C object arch/CMakeFiles/arch.dir/home/regex/work/esp32s31-openvela/s31-reference/deps/esp-hal-3rdparty/components/upper_hal_dma/src/esp_dma_utils.c.o
[125/3338] Building C object arch/CMakeFiles/arch.dir/home/regex/work/esp32s31-openvela/s31-reference/deps/esp-hal-3rdparty/components/spi_flash/spi_flash_chip_generic.c.o
[126/3338] Building C object arch/CMakeFiles/arch.dir/home/regex/work/esp32s31-openvela/s31-reference/deps/esp-hal-3rdparty/components/spi_flash/spi_flash_os_func_app.c.o
[127/3338] Building C object arch/CMakeFiles/arch.dir/home/regex/work/esp32s31-openvela/s31-reference/deps/esp-hal-3rdparty/nuttx/src/components/newlib/newlib/libc/misc/init.c.o
[128/3338] Building C object arch/CMakeFiles/arch.dir/home/regex/work/esp32s31-openvela/s31-reference/deps/esp-hal-3rdparty/components/upper_hal_uart/src/uart_wakeup.c.o
[129/3338] Building C object arch/CMakeFiles/arch.dir/home/regex/work/esp32s31-openvela/s31-reference/deps/esp-hal-3rdparty/components/upper_hal_dma/src/gdma_link.c.o
[130/3338] Building C object arch/CMakeFiles/arch.dir/home/regex/work/esp32s31-openvela/s31-reference/deps/esp-hal-3rdparty/nuttx/src/heap_caps.c.o
[131/3338] Building C object arch/CMakeFiles/arch.dir/risc-v/src/esp32s31/esp32s31_pm_stubs.c.o
[132/3338] Building C object arch/CMakeFiles/arch.dir/home/regex/work/esp32s31-openvela/s31-reference/deps/esp-hal-3rdparty/components/upper_hal_gpio/src/rtc_io.c.o
[133/3338] Building C object arch/CMakeFiles/arch.dir/home/regex/work/esp32s31-openvela/s31-reference/deps/esp-hal-3rdparty/components/esp_hal_regi2c/esp32s31/regi2c_impl.c.o
[134/3338] Building C object arch/CMakeFiles/arch.dir/risc-v/src/esp32s31/hal_backports/esp_sleep_pd_config_stub.c.o
[135/3338] Building C object arch/CMakeFiles/arch.dir/home/regex/work/esp32s31-openvela/s31-reference/deps/esp-hal-3rdparty/components/upper_hal_dma/src/gdma.c.o
[136/3338] Building C object arch/CMakeFiles/arch.dir/home/regex/work/esp32s31-openvela/s31-reference/deps/esp-hal-3rdparty/nuttx/src/esp_event.c.o
[137/3338] Building C object arch/CMakeFiles/arch.dir/home/regex/work/esp32s31-openvela/s31-reference/deps/esp-hal-3rdparty/components/bootloader_support/src/bootloader_mem.c.o
[138/3338] Building C object arch/CMakeFiles/arch.dir/home/regex/work/esp32s31-openvela/s31-reference/deps/esp-hal-3rdparty/components/esp_hw_support/modem/port/esp32s31/modem_clock_impl.c.o
[139/3338] Building C object arch/CMakeFiles/arch.dir/home/regex/work/esp32s31-openvela/s31-reference/deps/esp-hal-3rdparty/components/upper_hal_gpio/src/gpio.c.o
/home/regex/work/esp32s31-openvela/s31-reference/deps/esp-hal-3rdparty/components/upper_hal_gpio/src/gpio.c: In function 'gpio_dump_io_configuration':
/home/regex/work/esp32s31-openvela/s31-reference/deps/esp-hal-3rdparty/components/upper_hal_gpio/src/gpio.c:1105:29: warning: format '%lu' expects argument of type 'long unsigned int', but argument 3 has type 'int' [-Wformat=]
 1105 |         fprintf(out_stream, "  FuncSel: %"PRIu32" (%s)\n", io_config.fun_sel, (io_config.fun_sel == PIN_FUNC_GPIO) ? "GPIO" : "IOMUX");
      |                             ^~~~~~~~~~~~~~                 ~~~~~~~~~~~~~~~~~
      |                                                                     |
      |                                                                     int
In file included from /home/regex/work/esp32s31-openvela/openvela-dev/nuttx/include/stdint.h:37,
                 from /home/regex/work/esp32s31-openvela/openvela-dev/nuttx/include/sys/types.h:34,
                 from /home/regex/work/esp32s31-openvela/openvela-dev/nuttx/arch/risc-v/src/esp32s31/include/esp32s31/rom/ets_sys.h:15,
                 from <command-line>:
/home/regex/work/esp32s31-openvela/openvela-dev/nuttx/include/arch/inttypes.h:79:35: note: format string is defined here
   79 | #define PRIu32      _PRI32PREFIX "u"
/home/regex/work/esp32s31-openvela/s31-reference/deps/esp-hal-3rdparty/components/upper_hal_gpio/src/gpio.c:1107:33: warning: format '%lu' expects argument of type 'long unsigned int', but argument 3 has type 'int' [-Wformat=]
 1107 |             fprintf(out_stream, "  GPIO Matrix SigOut ID: %"PRIu32"%s\n", io_config.sig_out, (io_config.sig_out == SIG_GPIO_OUT_IDX) ? " (simple GPIO output)" : "");
      |                                 ^~~~~~~~~~~~~~~~~~~~~~~~~~~~              ~~~~~~~~~~~~~~~~~
      |                                                                                    |
      |                                                                                    int
/home/regex/work/esp32s31-openvela/openvela-dev/nuttx/include/arch/inttypes.h:79:35: note: format string is defined here
   79 | #define PRIu32      _PRI32PREFIX "u"
[140/3338] Building C object arch/CMakeFiles/arch.dir/home/regex/work/esp32s31-openvela/s31-reference/deps/esp-hal-3rdparty/components/hal/esp32s31/modem_clock_hal.c.o
[141/3338] Building C object arch/CMakeFiles/arch.dir/home/regex/work/esp32s31-openvela/s31-reference/deps/esp-hal-3rdparty/components/esp_hw_support/modem/modem_clock.c.o
[142/3338] Building C object arch/CMakeFiles/arch.dir/home/regex/work/esp32s31-openvela/s31-reference/deps/esp-hal-3rdparty/nuttx/src/platform/os.c.o
[143/3338] Building C object arch/CMakeFiles/arch.dir/home/regex/work/esp32s31-openvela/s31-reference/deps/esp-hal-3rdparty/components/bootloader_support/src/bootloader_clock_loader.c.o
[144/3338] Building C object arch/CMakeFiles/arch.dir/home/regex/work/esp32s31-openvela/s31-reference/deps/esp-hal-3rdparty/components/bootloader_support/src/esp32s31/bootloader_soc.c.o
[145/3338] Building C object arch/CMakeFiles/arch.dir/home/regex/work/esp32s31-openvela/s31-reference/deps/esp-hal-3rdparty/components/bootloader_support/bootloader_flash/src/bootloader_flash_config_esp32s31.c.o
[146/3338] Building C object arch/CMakeFiles/arch.dir/home/regex/work/esp32s31-openvela/s31-reference/deps/esp-hal-3rdparty/components/bootloader_support/src/bootloader_clock_init.c.o
[147/3338] Building C object arch/CMakeFiles/arch.dir/home/regex/work/esp32s31-openvela/s31-reference/deps/esp-hal-3rdparty/components/bootloader_support/bootloader_flash/src/flash_qio_mode.c.o
[148/3338] Building C object arch/CMakeFiles/arch.dir/home/regex/work/esp32s31-openvela/s31-reference/deps/esp-hal-3rdparty/components/bootloader_support/src/bootloader_console_loader.c.o
[149/3338] Building C object arch/CMakeFiles/arch.dir/home/regex/work/esp32s31-openvela/s31-reference/deps/esp-hal-3rdparty/components/bootloader_support/src/bootloader_common_loader.c.o
[150/3338] Building C object arch/CMakeFiles/arch.dir/home/regex/work/esp32s31-openvela/s31-reference/deps/esp-hal-3rdparty/components/bootloader_support/bootloader_flash/src/bootloader_flash.c.o
[151/3338] Building C object arch/CMakeFiles/arch.dir/home/regex/work/esp32s31-openvela/s31-reference/deps/esp-hal-3rdparty/components/bootloader_support/src/bootloader_random.c.o
[152/3338] Building C object arch/CMakeFiles/arch.dir/home/regex/work/esp32s31-openvela/s31-reference/deps/esp-hal-3rdparty/components/bootloader_support/src/bootloader_reset_common.c.o
[153/3338] Building C object arch/CMakeFiles/arch.dir/home/regex/work/esp32s31-openvela/s31-reference/deps/esp-hal-3rdparty/components/bootloader_support/src/bootloader_console.c.o
[154/3338] Building C object arch/CMakeFiles/arch.dir/risc-v/src/esp32s31/hal_backports/bootloader_random_esp32s31.c.o
[155/3338] Building C object arch/CMakeFiles/arch.dir/home/regex/work/esp32s31-openvela/s31-reference/deps/esp-hal-3rdparty/components/bootloader_support/src/esp32s31/bootloader_esp32s31.c.o
[156/3338] Building C object arch/CMakeFiles/arch.dir/home/regex/work/esp32s31-openvela/s31-reference/deps/esp-hal-3rdparty/components/bootloader_support/src/bootloader_sha.c.o
[157/3338] Building C object arch/CMakeFiles/arch.dir/home/regex/work/esp32s31-openvela/s31-reference/deps/esp-hal-3rdparty/components/bootloader_support/src/bootloader_common.c.o
[158/3338] Building C object arch/CMakeFiles/arch.dir/home/regex/work/esp32s31-openvela/s31-reference/deps/esp-hal-3rdparty/components/esp_hal_mspi/esp32s31/mspi_periph.c.o
[159/3338] Building C object arch/CMakeFiles/arch.dir/home/regex/work/esp32s31-openvela/s31-reference/deps/esp-hal-3rdparty/components/esp_hal_i2c/esp32s31/i2c_periph.c.o
[160/3338] Building C object arch/CMakeFiles/arch.dir/home/regex/work/esp32s31-openvela/s31-reference/deps/esp-hal-3rdparty/components/efuse/src/esp_efuse_fields.c.o
[161/3338] Building ASM object arch/CMakeFiles/arch.dir/risc-v/src/common/espressif/esp_head.S.o
[162/3338] Building ASM object arch/CMakeFiles/arch.dir/risc-v/src/common/espressif/esp_vectors.S.o
[163/3338] Building C object arch/CMakeFiles/arch.dir/home/regex/work/esp32s31-openvela/s31-reference/deps/esp-hal-3rdparty/components/esp_hal_rmt/esp32s31/rmt_periph.c.o
[164/3338] Building C object arch/CMakeFiles/arch.dir/home/regex/work/esp32s31-openvela/s31-reference/deps/esp-hal-3rdparty/components/esp_hal_rmt/rmt_hal.c.o
[165/3338] Building C object arch/CMakeFiles/arch.dir/home/regex/work/esp32s31-openvela/s31-reference/deps/esp-hal-3rdparty/components/esp_hw_support/mspi/mspi_timing_tuning/port/esp32s31/mspi_timing_config.c.o
[166/3338] Building C object arch/CMakeFiles/arch.dir/risc-v/src/common/espressif/esp_allocateheap.c.o
[167/3338] Building C object arch/CMakeFiles/arch.dir/home/regex/work/esp32s31-openvela/s31-reference/deps/esp-hal-3rdparty/components/esp_hw_support/mspi/mspi_timing_tuning/tuning_scheme_impl/mspi_timing_by_dqs.c.o
[168/3338] Building C object arch/CMakeFiles/arch.dir/home/regex/work/esp32s31-openvela/s31-reference/deps/esp-hal-3rdparty/components/esp_hal_i2c/i2c_hal.c.o
[169/3338] Building C object arch/CMakeFiles/arch.dir/home/regex/work/esp32s31-openvela/s31-reference/deps/esp-hal-3rdparty/components/esp_hal_i2c/i2c_hal_iram.c.o
[170/3338] Building C object arch/CMakeFiles/arch.dir/risc-v/src/common/espressif/esp_systemreset.c.o
[171/3338] Building C object arch/CMakeFiles/arch.dir/risc-v/src/common/espressif/esp_random.c.o
[172/3338] Building C object arch/CMakeFiles/arch.dir/home/regex/work/esp32s31-openvela/s31-reference/deps/esp-hal-3rdparty/components/esp_psram/device/esp_psram_impl_ap_hex.c.o
[173/3338] Building C object arch/CMakeFiles/arch.dir/risc-v/src/common/espressif/esp_timerisr.c.o
[174/3338] Building C object arch/CMakeFiles/arch.dir/risc-v/src/common/espressif/esp_serial.c.o
[175/3338] Building C object arch/CMakeFiles/arch.dir/risc-v/src/common/espressif/esp_ets_timer_legacy.c.o
[176/3338] Building C object arch/CMakeFiles/arch.dir/risc-v/src/common/espressif/esp_idle.c.o
[177/3338] Building C object arch/CMakeFiles/arch.dir/risc-v/src/common/espressif/esp_rtc.c.o
[178/3338] Building C object arch/CMakeFiles/arch.dir/risc-v/src/common/espressif/esp_start.c.o
[179/3338] Building C object arch/CMakeFiles/arch.dir/risc-v/src/common/espressif/esp_rtc_gpio.c.o
[180/3338] Building C object arch/CMakeFiles/arch.dir/risc-v/src/common/espressif/esp_hr_timer.c.o
[181/3338] Building C object arch/CMakeFiles/arch.dir/risc-v/src/common/espressif/esp_gpio.c.o
[182/3338] Building C object arch/CMakeFiles/arch.dir/risc-v/src/common/espressif/esp_irq.c.o
[183/3338] Building C object arch/CMakeFiles/arch.dir/risc-v/src/common/espressif/esp_lowputc.c.o
[184/3338] Building C object arch/CMakeFiles/arch.dir/risc-v/src/common/espressif/esp_libc_stubs.c.o
[185/3338] Building C object arch/CMakeFiles/arch.dir/risc-v/src/common/espressif/esp_spiflash_mtd.c.o
[186/3338] Building C object arch/CMakeFiles/arch.dir/risc-v/src/common/espressif/esp_ws2812.c.o
[187/3338] Building C object arch/CMakeFiles/arch.dir/risc-v/src/esp32s31/esp32s31_phy_timer.c.o
[188/3338] Building C object arch/CMakeFiles/arch.dir/risc-v/src/common/espressif/esp_wifi_init.c.o
[189/3338] Building C object arch/CMakeFiles/arch.dir/risc-v/src/common/espressif/esp_rmt.c.o
[190/3338] Building C object arch/CMakeFiles/arch.dir/risc-v/src/esp32s31/esp32s31_wifi_task.c.o
[191/3338] Building C object arch/CMakeFiles/arch.dir/risc-v/src/common/espressif/esp_spiflash.c.o
[192/3338] Building C object arch/CMakeFiles/arch.dir/risc-v/src/common/espressif/esp_i2c.c.o
[193/3338] Building C object arch/CMakeFiles/arch.dir/risc-v/src/esp32s31/esp_chip_rev.c.o
[194/3338] Building C object arch/CMakeFiles/arch.dir/home/regex/work/esp32s31-openvela/s31-reference/deps/esp-hal-3rdparty/components/mbedtls/mbedtls/tf-psa-crypto/drivers/builtin/src/cipher_wrap.c.o
[195/3338] Building C object arch/CMakeFiles/arch.dir/home/regex/work/esp32s31-openvela/s31-reference/deps/esp-hal-3rdparty/components/mbedtls/mbedtls/tf-psa-crypto/drivers/builtin/src/ccm.c.o
[196/3338] Building C object arch/CMakeFiles/arch.dir/risc-v/src/esp32s31/esp32s31_intctx.c.o
[197/3338] Building C object arch/CMakeFiles/arch.dir/home/regex/work/esp32s31-openvela/s31-reference/deps/esp-hal-3rdparty/components/mbedtls/mbedtls/tf-psa-crypto/drivers/builtin/src/bignum_core.c.o
[198/3338] Building C object arch/CMakeFiles/arch.dir/home/regex/work/esp32s31-openvela/s31-reference/deps/esp-hal-3rdparty/components/esp_coex/src/lib_printf.c.o
[199/3338] Building C object arch/CMakeFiles/arch.dir/home/regex/work/esp32s31-openvela/s31-reference/deps/esp-hal-3rdparty/components/esp_security/src/esp32s31/esp_crypto_clk.c.o
[200/3338] Building C object arch/CMakeFiles/arch.dir/risc-v/src/common/espressif/esp_wifi_utils.c.o
[201/3338] Building C object arch/CMakeFiles/arch.dir/risc-v/src/esp32s31/esp32s31_wifi_os_compat.c.o
[202/3338] Building C object arch/CMakeFiles/arch.dir/risc-v/src/common/espressif/esp_wlan.c.o
[203/3338] Building C object arch/CMakeFiles/arch.dir/home/regex/work/esp32s31-openvela/s31-reference/deps/esp-hal-3rdparty/components/mbedtls/mbedtls/tf-psa-crypto/drivers/builtin/src/constant_time.c.o
[204/3338] Building C object arch/CMakeFiles/arch.dir/home/regex/work/esp32s31-openvela/s31-reference/deps/esp-hal-3rdparty/components/mbedtls/mbedtls/tf-psa-crypto/drivers/builtin/src/entropy.c.o
[205/3338] Building C object arch/CMakeFiles/arch.dir/home/regex/work/esp32s31-openvela/s31-reference/deps/esp-hal-3rdparty/components/mbedtls/mbedtls/tf-psa-crypto/drivers/builtin/src/cipher.c.o
[206/3338] Building C object arch/CMakeFiles/arch.dir/home/regex/work/esp32s31-openvela/s31-reference/deps/esp-hal-3rdparty/components/mbedtls/mbedtls/tf-psa-crypto/drivers/builtin/src/cmac.c.o
[207/3338] Building C object arch/CMakeFiles/arch.dir/home/regex/work/esp32s31-openvela/s31-reference/deps/esp-hal-3rdparty/components/mbedtls/mbedtls/tf-psa-crypto/drivers/builtin/src/bignum.c.o
[208/3338] Building C object arch/CMakeFiles/arch.dir/home/regex/work/esp32s31-openvela/s31-reference/deps/esp-hal-3rdparty/components/mbedtls/mbedtls/tf-psa-crypto/drivers/builtin/src/ctr_drbg.c.o
[209/3338] Building C object arch/CMakeFiles/arch.dir/home/regex/work/esp32s31-openvela/s31-reference/deps/esp-hal-3rdparty/components/mbedtls/mbedtls/tf-psa-crypto/drivers/builtin/src/platform_util.c.o
[210/3338] Building C object arch/CMakeFiles/arch.dir/home/regex/work/esp32s31-openvela/s31-reference/deps/esp-hal-3rdparty/components/mbedtls/mbedtls/tf-psa-crypto/drivers/builtin/src/ecp_curves.c.o
[211/3338] Building C object arch/CMakeFiles/arch.dir/home/regex/work/esp32s31-openvela/s31-reference/deps/esp-hal-3rdparty/components/mbedtls/mbedtls/tf-psa-crypto/drivers/builtin/src/pkcs5.c.o
[212/3338] Building C object arch/CMakeFiles/arch.dir/home/regex/work/esp32s31-openvela/s31-reference/deps/esp-hal-3rdparty/components/mbedtls/mbedtls/tf-psa-crypto/drivers/builtin/src/md.c.o
[213/3338] Building C object arch/CMakeFiles/arch.dir/home/regex/work/esp32s31-openvela/s31-reference/deps/esp-hal-3rdparty/components/mbedtls/mbedtls/tf-psa-crypto/drivers/builtin/src/platform.c.o
[214/3338] Building C object arch/CMakeFiles/arch.dir/home/regex/work/esp32s31-openvela/s31-reference/deps/esp-hal-3rdparty/components/mbedtls/mbedtls/tf-psa-crypto/drivers/builtin/src/gcm.c.o
[215/3338] Building C object arch/CMakeFiles/arch.dir/home/regex/work/esp32s31-openvela/s31-reference/deps/esp-hal-3rdparty/components/mbedtls/mbedtls/tf-psa-crypto/drivers/builtin/src/aria.c.o
[216/3338] Building C object arch/CMakeFiles/arch.dir/home/regex/work/esp32s31-openvela/s31-reference/deps/esp-hal-3rdparty/components/mbedtls/mbedtls/tf-psa-crypto/drivers/builtin/src/ecp.c.o
[217/3338] Building C object arch/CMakeFiles/arch.dir/home/regex/work/esp32s31-openvela/s31-reference/deps/esp-hal-3rdparty/components/mbedtls/mbedtls/tf-psa-crypto/drivers/builtin/src/sha3.c.o
[218/3338] Building C object arch/CMakeFiles/arch.dir/home/regex/work/esp32s31-openvela/s31-reference/deps/esp-hal-3rdparty/components/mbedtls/mbedtls/tf-psa-crypto/drivers/builtin/src/aes.c.o
[219/3338] Building C object arch/CMakeFiles/arch.dir/home/regex/work/esp32s31-openvela/s31-reference/deps/esp-hal-3rdparty/components/mbedtls/mbedtls/tf-psa-crypto/drivers/builtin/src/sha1.c.o
[220/3338] Building C object arch/CMakeFiles/arch.dir/home/regex/work/esp32s31-openvela/s31-reference/deps/esp-hal-3rdparty/components/mbedtls/mbedtls/tf-psa-crypto/drivers/builtin/src/sha512.c.o
[221/3338] Building C object arch/CMakeFiles/arch.dir/home/regex/work/esp32s31-openvela/s31-reference/deps/esp-hal-3rdparty/components/mbedtls/mbedtls/tf-psa-crypto/drivers/builtin/src/sha256.c.o
[222/3338] Building C object arch/CMakeFiles/arch.dir/home/regex/work/esp32s31-openvela/s31-reference/deps/esp-hal-3rdparty/components/mbedtls/mbedtls/tf-psa-crypto/drivers/builtin/src/pk_wrap.c.o
[223/3338] Building C object arch/CMakeFiles/arch.dir/home/regex/work/esp32s31-openvela/s31-reference/deps/esp-hal-3rdparty/components/mbedtls/mbedtls/tf-psa-crypto/drivers/builtin/src/md5.c.o
[224/3338] Building C object arch/CMakeFiles/arch.dir/home/regex/work/esp32s31-openvela/s31-reference/deps/esp-hal-3rdparty/components/mbedtls/mbedtls/tf-psa-crypto/drivers/builtin/src/pk.c.o
[225/3338] Building C object arch/CMakeFiles/arch.dir/home/regex/work/esp32s31-openvela/s31-reference/deps/esp-hal-3rdparty/components/mbedtls/mbedtls/tf-psa-crypto/drivers/builtin/src/ecdsa.c.o
[226/3338] Building C object arch/CMakeFiles/arch.dir/home/regex/work/esp32s31-openvela/s31-reference/deps/esp-hal-3rdparty/components/mbedtls/mbedtls/tf-psa-crypto/drivers/builtin/src/asn1parse.c.o
[227/3338] Building C object arch/CMakeFiles/arch.dir/home/regex/work/esp32s31-openvela/s31-reference/deps/esp-hal-3rdparty/components/mbedtls/mbedtls/tf-psa-crypto/drivers/builtin/src/pkparse.c.o
[228/3338] Building C object arch/CMakeFiles/arch.dir/home/regex/work/esp32s31-openvela/s31-reference/deps/esp-hal-3rdparty/components/mbedtls/mbedtls/tf-psa-crypto/drivers/builtin/src/asn1write.c.o
[229/3338] Building C object arch/CMakeFiles/arch.dir/home/regex/work/esp32s31-openvela/s31-reference/deps/esp-hal-3rdparty/components/mbedtls/mbedtls/tf-psa-crypto/drivers/builtin/src/oid.c.o
[230/3338] Building C object arch/CMakeFiles/arch.dir/home/regex/work/esp32s31-openvela/s31-reference/deps/esp-hal-3rdparty/components/mbedtls/mbedtls/tf-psa-crypto/drivers/builtin/src/rsa_alt_helpers.c.o
[231/3338] Building C object arch/CMakeFiles/arch.dir/home/regex/work/esp32s31-openvela/s31-reference/deps/esp-hal-3rdparty/components/mbedtls/mbedtls/tf-psa-crypto/drivers/builtin/src/pem.c.o
[232/3338] Building C object arch/CMakeFiles/arch.dir/home/regex/work/esp32s31-openvela/s31-reference/deps/esp-hal-3rdparty/components/mbedtls/mbedtls/tf-psa-crypto/drivers/builtin/src/hmac_drbg.c.o
[233/3338] Building C object arch/CMakeFiles/arch.dir/home/regex/work/esp32s31-openvela/s31-reference/deps/esp-hal-3rdparty/components/mbedtls/mbedtls/tf-psa-crypto/drivers/builtin/src/pk_rsa.c.o
[234/3338] Building C object arch/CMakeFiles/arch.dir/home/regex/work/esp32s31-openvela/s31-reference/deps/esp-hal-3rdparty/components/mbedtls/mbedtls/tf-psa-crypto/drivers/builtin/src/pk_ecc.c.o
[235/3338] Building C object arch/CMakeFiles/arch.dir/home/regex/work/esp32s31-openvela/s31-reference/deps/esp-hal-3rdparty/components/mbedtls/mbedtls/tf-psa-crypto/drivers/builtin/src/ecdh.c.o
[236/3338] Building C object arch/CMakeFiles/arch.dir/home/regex/work/esp32s31-openvela/s31-reference/deps/esp-hal-3rdparty/components/mbedtls/mbedtls/tf-psa-crypto/drivers/builtin/src/base64.c.o
[237/3338] Building C object arch/CMakeFiles/arch.dir/home/regex/work/esp32s31-openvela/s31-reference/deps/esp-hal-3rdparty/components/mbedtls/mbedtls/tf-psa-crypto/drivers/builtin/src/psa_crypto_ffdh.c.o
[238/3338] Building C object arch/CMakeFiles/arch.dir/home/regex/work/esp32s31-openvela/s31-reference/deps/esp-hal-3rdparty/components/mbedtls/mbedtls/tf-psa-crypto/drivers/builtin/src/psa_util.c.o
[239/3338] Building C object arch/CMakeFiles/arch.dir/home/regex/work/esp32s31-openvela/s31-reference/deps/esp-hal-3rdparty/components/mbedtls/mbedtls/tf-psa-crypto/drivers/builtin/src/psa_crypto_ecp.c.o
[240/3338] Building C object arch/CMakeFiles/arch.dir/home/regex/work/esp32s31-openvela/s31-reference/deps/esp-hal-3rdparty/components/mbedtls/mbedtls/tf-psa-crypto/drivers/builtin/src/psa_crypto_mac.c.o
[241/3338] Building C object arch/CMakeFiles/arch.dir/home/regex/work/esp32s31-openvela/s31-reference/deps/esp-hal-3rdparty/components/mbedtls/mbedtls/tf-psa-crypto/drivers/builtin/src/psa_crypto_rsa.c.o
[242/3338] Building C object arch/CMakeFiles/arch.dir/home/regex/work/esp32s31-openvela/s31-reference/deps/esp-hal-3rdparty/components/mbedtls/mbedtls/tf-psa-crypto/drivers/builtin/src/rsa.c.o
[243/3338] Building C object arch/CMakeFiles/arch.dir/home/regex/work/esp32s31-openvela/s31-reference/deps/esp-hal-3rdparty/components/mbedtls/mbedtls/tf-psa-crypto/drivers/builtin/src/psa_crypto_cipher.c.o
[244/3338] Building C object arch/CMakeFiles/arch.dir/home/regex/work/esp32s31-openvela/s31-reference/deps/esp-hal-3rdparty/components/mbedtls/mbedtls/tf-psa-crypto/drivers/builtin/src/psa_crypto_hash.c.o
[245/3338] Building C object arch/CMakeFiles/arch.dir/home/regex/work/esp32s31-openvela/s31-reference/deps/esp-hal-3rdparty/components/mbedtls/mbedtls/tf-psa-crypto/core/psa_crypto_client.c.o
[246/3338] Building C object arch/CMakeFiles/arch.dir/home/regex/work/esp32s31-openvela/s31-reference/deps/esp-hal-3rdparty/components/mbedtls/mbedtls/tf-psa-crypto/core/psa_crypto_driver_wrappers_no_static.c.o
[247/3338] Building C object arch/CMakeFiles/arch.dir/home/regex/work/esp32s31-openvela/s31-reference/deps/esp-hal-3rdparty/components/mbedtls/mbedtls/tf-psa-crypto/core/tf_psa_crypto_config.c.o
[248/3338] Building C object arch/CMakeFiles/arch.dir/home/regex/work/esp32s31-openvela/s31-reference/deps/esp-hal-3rdparty/components/mbedtls/mbedtls/tf-psa-crypto/core/tf_psa_crypto_version.c.o
[249/3338] Building C object arch/CMakeFiles/arch.dir/home/regex/work/esp32s31-openvela/s31-reference/deps/esp-hal-3rdparty/components/mbedtls/mbedtls/tf-psa-crypto/core/psa_crypto_storage.c.o
[250/3338] Building C object arch/CMakeFiles/arch.dir/home/regex/work/esp32s31-openvela/s31-reference/deps/esp-hal-3rdparty/components/mbedtls/mbedtls/tf-psa-crypto/core/psa_its_file.c.o
[251/3338] Building C object arch/CMakeFiles/arch.dir/home/regex/work/esp32s31-openvela/s31-reference/deps/esp-hal-3rdparty/components/mbedtls/port/esp_psa_crypto_init.c.o
[252/3338] Building C object arch/CMakeFiles/arch.dir/home/regex/work/esp32s31-openvela/s31-reference/deps/esp-hal-3rdparty/components/mbedtls/port/esp_hardware.c.o
[253/3338] Building C object arch/CMakeFiles/arch.dir/home/regex/work/esp32s31-openvela/s31-reference/deps/esp-hal-3rdparty/components/mbedtls/mbedtls/tf-psa-crypto/core/psa_crypto_slot_management.c.o
[254/3338] Building C object arch/CMakeFiles/arch.dir/home/regex/work/esp32s31-openvela/s31-reference/deps/esp-hal-3rdparty/components/mbedtls/port/esp_timing.c.o
[255/3338] Building C object arch/CMakeFiles/arch.dir/home/regex/work/esp32s31-openvela/s31-reference/deps/esp-hal-3rdparty/components/mbedtls/port/esp_mem.c.o
[256/3338] Building C object arch/CMakeFiles/arch.dir/home/regex/work/esp32s31-openvela/s31-reference/deps/esp-hal-3rdparty/components/mbedtls/port/psa_driver/esp_md/psa_crypto_driver_esp_md5.c.o
[257/3338] Building C object arch/CMakeFiles/arch.dir/home/regex/work/esp32s31-openvela/s31-reference/deps/esp-hal-3rdparty/components/wpa_supplicant/src/ap/ap_config.c.o
[258/3338] Building C object arch/CMakeFiles/arch.dir/home/regex/work/esp32s31-openvela/s31-reference/deps/esp-hal-3rdparty/components/wpa_supplicant/src/common/dragonfly.c.o
[259/3338] Building C object arch/CMakeFiles/arch.dir/home/regex/work/esp32s31-openvela/s31-reference/deps/esp-hal-3rdparty/components/wpa_supplicant/src/common/scan.c.o
[260/3338] Building C object arch/CMakeFiles/arch.dir/home/regex/work/esp32s31-openvela/s31-reference/deps/esp-hal-3rdparty/components/wpa_supplicant/src/common/bss.c.o
[261/3338] Building C object arch/CMakeFiles/arch.dir/home/regex/work/esp32s31-openvela/s31-reference/deps/esp-hal-3rdparty/components/wpa_supplicant/src/ap/comeback_token.c.o
[262/3338] Building C object arch/CMakeFiles/arch.dir/home/regex/work/esp32s31-openvela/s31-reference/deps/esp-hal-3rdparty/components/wpa_supplicant/src/ap/ieee802_11.c.o
[263/3338] Building C object arch/CMakeFiles/arch.dir/home/regex/work/esp32s31-openvela/s31-reference/deps/esp-hal-3rdparty/components/wpa_supplicant/src/common/wpa_common.c.o
[264/3338] Building C object arch/CMakeFiles/arch.dir/home/regex/work/esp32s31-openvela/s31-reference/deps/esp-hal-3rdparty/components/wpa_supplicant/src/ap/pmksa_cache_auth.c.o
[265/3338] Building C object arch/CMakeFiles/arch.dir/home/regex/work/esp32s31-openvela/s31-reference/deps/esp-hal-3rdparty/components/wpa_supplicant/src/ap/sta_info.c.o
[266/3338] Building C object arch/CMakeFiles/arch.dir/home/regex/work/esp32s31-openvela/s31-reference/deps/esp-hal-3rdparty/components/wpa_supplicant/src/ap/wpa_auth.c.o
[267/3338] Building C object arch/CMakeFiles/arch.dir/home/regex/work/esp32s31-openvela/s31-reference/deps/esp-hal-3rdparty/components/wpa_supplicant/src/common/sae.c.o
[268/3338] Building C object arch/CMakeFiles/arch.dir/home/regex/work/esp32s31-openvela/s31-reference/deps/esp-hal-3rdparty/components/wpa_supplicant/src/common/ieee802_11_common.c.o
[269/3338] Building C object arch/CMakeFiles/arch.dir/home/regex/work/esp32s31-openvela/s31-reference/deps/esp-hal-3rdparty/components/wpa_supplicant/src/ap/wpa_auth_ie.c.o
[270/3338] Building C object arch/CMakeFiles/arch.dir/home/regex/work/esp32s31-openvela/s31-reference/deps/esp-hal-3rdparty/components/wpa_supplicant/src/crypto/aes-ccm.c.o
[271/3338] Building C object arch/CMakeFiles/arch.dir/home/regex/work/esp32s31-openvela/s31-reference/deps/esp-hal-3rdparty/components/wpa_supplicant/src/crypto/aes-unwrap.c.o
[272/3338] Building C object arch/CMakeFiles/arch.dir/home/regex/work/esp32s31-openvela/s31-reference/deps/esp-hal-3rdparty/components/wpa_supplicant/src/crypto/aes-wrap.c.o
[273/3338] Building C object arch/CMakeFiles/arch.dir/home/regex/work/esp32s31-openvela/s31-reference/deps/esp-hal-3rdparty/components/wpa_supplicant/src/crypto/aes-gcm.c.o
[274/3338] Building C object arch/CMakeFiles/arch.dir/home/regex/work/esp32s31-openvela/s31-reference/deps/esp-hal-3rdparty/components/wpa_supplicant/src/crypto/crypto_ops.c.o
[275/3338] Building C object arch/CMakeFiles/arch.dir/home/regex/work/esp32s31-openvela/s31-reference/deps/esp-hal-3rdparty/components/wpa_supplicant/src/crypto/ccmp.c.o
[276/3338] Building C object arch/CMakeFiles/arch.dir/home/regex/work/esp32s31-openvela/s31-reference/deps/esp-hal-3rdparty/components/wpa_supplicant/src/crypto/dh_groups.c.o
[277/3338] Building C object arch/CMakeFiles/arch.dir/home/regex/work/esp32s31-openvela/s31-reference/deps/esp-hal-3rdparty/components/wpa_supplicant/src/crypto/des-internal.c.o
[278/3338] Building C object arch/CMakeFiles/arch.dir/home/regex/work/esp32s31-openvela/s31-reference/deps/esp-hal-3rdparty/components/wpa_supplicant/src/crypto/rc4.c.o
[279/3338] Building C object arch/CMakeFiles/arch.dir/home/regex/work/esp32s31-openvela/s31-reference/deps/esp-hal-3rdparty/components/wpa_supplicant/src/crypto/sha1-prf.c.o
[280/3338] Building C object arch/CMakeFiles/arch.dir/home/regex/work/esp32s31-openvela/s31-reference/deps/esp-hal-3rdparty/components/wpa_supplicant/src/crypto/sha256-kdf.c.o
[281/3338] Building C object arch/CMakeFiles/arch.dir/home/regex/work/esp32s31-openvela/s31-reference/deps/esp-hal-3rdparty/components/wpa_supplicant/src/eap_peer/eap_mschapv2.c.o
[282/3338] Building C object arch/CMakeFiles/arch.dir/home/regex/work/esp32s31-openvela/s31-reference/deps/esp-hal-3rdparty/components/wpa_supplicant/src/crypto/sha256-prf.c.o
[283/3338] Building C object arch/CMakeFiles/arch.dir/home/regex/work/esp32s31-openvela/s31-reference/deps/esp-hal-3rdparty/components/wpa_supplicant/src/eap_peer/chap.c.o
[284/3338] Building C object arch/CMakeFiles/arch.dir/home/regex/work/esp32s31-openvela/s31-reference/deps/esp-hal-3rdparty/components/wpa_supplicant/src/eap_peer/eap_peap_common.c.o
[285/3338] Building C object arch/CMakeFiles/arch.dir/home/regex/work/esp32s31-openvela/s31-reference/deps/esp-hal-3rdparty/components/wpa_supplicant/src/eap_peer/eap_peap.c.o
[286/3338] Building C object arch/CMakeFiles/arch.dir/home/regex/work/esp32s31-openvela/s31-reference/deps/esp-hal-3rdparty/components/wpa_supplicant/src/eap_peer/eap_common.c.o
[287/3338] Building C object arch/CMakeFiles/arch.dir/home/regex/work/esp32s31-openvela/s31-reference/deps/esp-hal-3rdparty/components/wpa_supplicant/src/eap_peer/eap_tls.c.o
[288/3338] Building C object arch/CMakeFiles/arch.dir/home/regex/work/esp32s31-openvela/s31-reference/deps/esp-hal-3rdparty/components/wpa_supplicant/src/eap_peer/eap_ttls.c.o
[289/3338] Building C object arch/CMakeFiles/arch.dir/home/regex/work/esp32s31-openvela/s31-reference/deps/esp-hal-3rdparty/components/wpa_supplicant/src/eap_peer/mschapv2.c.o
[290/3338] Building C object arch/CMakeFiles/arch.dir/home/regex/work/esp32s31-openvela/s31-reference/deps/esp-hal-3rdparty/components/mbedtls/mbedtls/tf-psa-crypto/core/psa_crypto.c.o
[291/3338] Building C object arch/CMakeFiles/arch.dir/home/regex/work/esp32s31-openvela/s31-reference/deps/esp-hal-3rdparty/components/wpa_supplicant/src/rsn_supp/wpa_ie.c.o
[292/3338] Building C object arch/CMakeFiles/arch.dir/home/regex/work/esp32s31-openvela/s31-reference/deps/esp-hal-3rdparty/components/wpa_supplicant/src/eap_peer/eap_tls_common.c.o
[293/3338] Building C object arch/CMakeFiles/arch.dir/home/regex/work/esp32s31-openvela/s31-reference/deps/esp-hal-3rdparty/components/wpa_supplicant/src/utils/bitfield.c.o
[294/3338] Building C object arch/CMakeFiles/arch.dir/home/regex/work/esp32s31-openvela/s31-reference/deps/esp-hal-3rdparty/components/wpa_supplicant/src/utils/base64.c.o
[295/3338] Building C object arch/CMakeFiles/arch.dir/home/regex/work/esp32s31-openvela/s31-reference/deps/esp-hal-3rdparty/components/wpa_supplicant/src/rsn_supp/pmksa_cache.c.o
[296/3338] Building C object arch/CMakeFiles/arch.dir/home/regex/work/esp32s31-openvela/s31-reference/deps/esp-hal-3rdparty/components/wpa_supplicant/src/eap_peer/eap.c.o
[297/3338] Building C object arch/CMakeFiles/arch.dir/home/regex/work/esp32s31-openvela/s31-reference/deps/esp-hal-3rdparty/components/wpa_supplicant/src/utils/ext_password.c.o
[298/3338] Building C object arch/CMakeFiles/arch.dir/home/regex/work/esp32s31-openvela/s31-reference/deps/esp-hal-3rdparty/components/wpa_supplicant/src/utils/wpa_debug.c.o
[299/3338] Building C object arch/CMakeFiles/arch.dir/home/regex/work/esp32s31-openvela/s31-reference/deps/esp-hal-3rdparty/components/wpa_supplicant/src/utils/common.c.o
[300/3338] Building C object arch/CMakeFiles/arch.dir/home/regex/work/esp32s31-openvela/s31-reference/deps/esp-hal-3rdparty/components/wpa_supplicant/src/utils/uuid.c.o
[301/3338] Building C object arch/CMakeFiles/arch.dir/home/regex/work/esp32s31-openvela/s31-reference/deps/esp-hal-3rdparty/components/wpa_supplicant/src/utils/wpabuf.c.o
[302/3338] Building C object arch/CMakeFiles/arch.dir/home/regex/work/esp32s31-openvela/s31-reference/deps/esp-hal-3rdparty/components/wpa_supplicant/src/utils/json.c.o
[303/3338] Building C object arch/CMakeFiles/arch.dir/home/regex/work/esp32s31-openvela/s31-reference/deps/esp-hal-3rdparty/components/wpa_supplicant/port/os_xtensa.c.o
[304/3338] Building C object arch/CMakeFiles/arch.dir/home/regex/work/esp32s31-openvela/s31-reference/deps/esp-hal-3rdparty/components/wpa_supplicant/port/eloop.c.o
[305/3338] Building C object arch/CMakeFiles/arch.dir/home/regex/work/esp32s31-openvela/s31-reference/deps/esp-hal-3rdparty/components/wpa_supplicant/esp_supplicant/src/esp_owe.c.o
[306/3338] Building C object arch/CMakeFiles/arch.dir/home/regex/work/esp32s31-openvela/s31-reference/deps/esp-hal-3rdparty/components/wpa_supplicant/src/rsn_supp/wpa.c.o
[307/3338] Building C object arch/CMakeFiles/arch.dir/home/regex/work/esp32s31-openvela/s31-reference/deps/esp-hal-3rdparty/components/wpa_supplicant/esp_supplicant/src/esp_common.c.o
[308/3338] Building C object arch/CMakeFiles/arch.dir/home/regex/work/esp32s31-openvela/s31-reference/deps/esp-hal-3rdparty/components/wpa_supplicant/esp_supplicant/src/esp_hostap.c.o
[309/3338] Building C object arch/CMakeFiles/arch.dir/home/regex/work/esp32s31-openvela/s31-reference/deps/esp-hal-3rdparty/components/wpa_supplicant/esp_supplicant/src/esp_wpa_main.c.o
[310/3338] Building C object arch/CMakeFiles/arch.dir/home/regex/work/esp32s31-openvela/s31-reference/deps/esp-hal-3rdparty/components/wpa_supplicant/esp_supplicant/src/esp_wpa3.c.o
[311/3338] Building C object arch/CMakeFiles/arch.dir/home/regex/work/esp32s31-openvela/s31-reference/deps/esp-hal-3rdparty/components/wpa_supplicant/esp_supplicant/src/esp_wpas_glue.c.o
[312/3338] Building C object arch/CMakeFiles/arch.dir/home/regex/work/esp32s31-openvela/s31-reference/deps/esp-hal-3rdparty/components/wpa_supplicant/esp_supplicant/src/esp_scan.c.o
[313/3338] Building C object arch/CMakeFiles/arch.dir/risc-v/src/esp32s31/esp32s31_flash_guard.c.o
[314/3338] Building C object arch/CMakeFiles/arch.dir/home/regex/work/esp32s31-openvela/s31-reference/deps/esp-hal-3rdparty/components/wpa_supplicant/esp_supplicant/src/crypto/crypto_mbedtls-bignum.c.o
[315/3338] Building ASM object arch/CMakeFiles/arch.dir/risc-v/src/esp32s31/esp32s31_cpu1_boot.S.o
[316/3338] Building C object arch/CMakeFiles/arch.dir/risc-v/src/esp32s31/esp32s31_monstat.c.o
[317/3338] Building C object arch/CMakeFiles/arch.dir/home/regex/work/esp32s31-openvela/s31-reference/deps/esp-hal-3rdparty/components/wpa_supplicant/esp_supplicant/src/crypto/crypto_mbedtls-rsa.c.o
[318/3338] Building C object arch/CMakeFiles/arch.dir/home/regex/work/esp32s31-openvela/s31-reference/deps/esp-hal-3rdparty/components/wpa_supplicant/esp_supplicant/src/esp_eap_client.c.o
[319/3338] Building C object arch/CMakeFiles/arch.dir/risc-v/src/esp32s31/esp32s31_cpu1_boot.c.o
[320/3338] Building C object arch/CMakeFiles/arch.dir/risc-v/src/esp32s31/esp32s31_smp.c.o
[321/3338] Building C object arch/CMakeFiles/arch.dir/home/regex/work/esp32s31-openvela/s31-reference/deps/esp-hal-3rdparty/components/wpa_supplicant/esp_supplicant/src/esp_wps.c.o
[322/3338] Building C object arch/CMakeFiles/arch.dir/risc-v/src/esp32s31/esp32s31_tlb.c.o
[323/3338] Building C object arch/CMakeFiles/arch.dir/home/regex/work/esp32s31-openvela/s31-reference/deps/esp-hal-3rdparty/components/wpa_supplicant/esp_supplicant/src/crypto/crypto_mbedtls.c.o
[324/3338] Building C object arch/CMakeFiles/arch.dir/risc-v/src/esp32s31/esp32s31_pgalloc.c.o
[325/3338] Building C object arch/CMakeFiles/arch.dir/risc-v/src/esp32s31/esp32s31_mm_init.c.o
[326/3338] Building C object arch/CMakeFiles/arch.dir/home/regex/work/esp32s31-openvela/s31-reference/deps/esp-hal-3rdparty/components/wpa_supplicant/esp_supplicant/src/crypto/crypto_mbedtls-ec.c.o
[327/3338] Building C object arch/CMakeFiles/arch.dir/home/regex/work/esp32s31-openvela/s31-reference/deps/esp-hal-3rdparty/components/esp_wifi/src/lib_printf.c.o
[328/3338] Building C object arch/CMakeFiles/arch.dir/home/regex/work/esp32s31-openvela/s31-reference/deps/esp-hal-3rdparty/components/esp_wifi/regulatory/esp_wifi_regulatory.c.o
[329/3338] Building C object arch/CMakeFiles/arch.dir/home/regex/work/esp32s31-openvela/s31-reference/deps/esp-hal-3rdparty/components/esp_phy/src/lib_printf.c.o
[330/3338] Building C object arch/CMakeFiles/arch.dir/home/regex/work/esp32s31-openvela/s31-reference/deps/esp-hal-3rdparty/components/wpa_supplicant/src/crypto/aes-siv.c.o
[331/3338] Building C object arch/CMakeFiles/arch.dir/home/regex/work/esp32s31-openvela/s31-reference/deps/esp-hal-3rdparty/components/wpa_supplicant/esp_supplicant/src/crypto/tls_mbedtls.c.o
[332/3338] Building C object arch/CMakeFiles/arch.dir/home/regex/work/esp32s31-openvela/s31-reference/deps/esp-hal-3rdparty/components/esp_phy/src/phy_override.c.o
[333/3338] Building C object arch/CMakeFiles/arch.dir/home/regex/work/esp32s31-openvela/s31-reference/deps/esp-hal-3rdparty/components/esp_phy/src/phy_common.c.o
[334/3338] Building C object arch/CMakeFiles/arch.dir/home/regex/work/esp32s31-openvela/s31-reference/deps/esp-hal-3rdparty/components/esp_hw_support/sar_periph_ctrl_common.c.o
[335/3338] Building C object arch/CMakeFiles/arch.dir/home/regex/work/esp32s31-openvela/s31-reference/deps/esp-hal-3rdparty/components/esp_hal_ana_conv/esp32s31/temperature_sensor_periph.c.o
[336/3338] Building C object arch/CMakeFiles/arch.dir/home/regex/work/esp32s31-openvela/s31-reference/deps/esp-hal-3rdparty/components/esp_phy/src/phy_init.c.o
/home/regex/work/esp32s31-openvela/s31-reference/deps/esp-hal-3rdparty/components/esp_phy/src/phy_init.c: In function 'esp_phy_enable':
/home/regex/work/esp32s31-openvela/s31-reference/deps/esp-hal-3rdparty/components/esp_phy/src/phy_init.c:406:50: warning: extra tokens at end of '#endif' directive [-Wendif-labels]
  406 | #endif /* SOC_PM_SUPPORT_REGDMA_TRIGGERED_PHY */ */
      |                                                  ^
[337/3338] Building C object arch/CMakeFiles/arch.dir/home/regex/work/esp32s31-openvela/s31-reference/deps/esp-hal-3rdparty/components/esp_hw_support/sar_tsens_ctrl.c.o
[338/3338] Building ASM object arch/CMakeFiles/arch.dir/risc-v/src/esp32s31/esp32s31_supervisor.S.o
[339/3338] Building C object arch/CMakeFiles/arch.dir/home/regex/work/esp32s31-openvela/s31-reference/deps/esp-hal-3rdparty/components/esp_hw_support/port/esp32s31/sar_periph_ctrl.c.o
[340/3338] Building C object arch/CMakeFiles/arch.dir/home/regex/work/esp32s31-openvela/s31-reference/deps/esp-hal-3rdparty/components/esp_phy/esp32s31/phy_init_data.c.o
[341/3338] Building ASM object arch/CMakeFiles/arch.dir/risc-v/src/common/supervisor/riscv_syscall.S.o
[342/3338] Building C object arch/CMakeFiles/arch.dir/home/regex/work/esp32s31-openvela/s31-reference/deps/esp-hal-3rdparty/components/esp_hal_ana_conv/temperature_sensor_hal.c.o
[343/3338] Building ASM object arch/CMakeFiles/arch.dir/risc-v/src/common/riscv_exception_common.S.o
[344/3338] Building ASM object arch/CMakeFiles/arch.dir/risc-v/src/common/riscv_mhartid.S.o
[345/3338] Building ASM object arch/CMakeFiles/arch.dir/risc-v/src/common/riscv_saveusercontext.S.o
[346/3338] Building C object arch/CMakeFiles/arch.dir/risc-v/src/esp32s31/esp32s31_smode_libc.c.o
[347/3338] Building C object arch/CMakeFiles/arch.dir/risc-v/src/common/supervisor/riscv_sbi.c.o
[348/3338] Building C object arch/CMakeFiles/arch.dir/risc-v/src/esp32c6/esp_coex_adapter.c.o
[349/3338] Building C object arch/CMakeFiles/arch.dir/risc-v/src/common/supervisor/riscv_perform_syscall.c.o
[350/3338] Building C object arch/CMakeFiles/arch.dir/risc-v/src/common/riscv_allocateheap.c.o
[351/3338] Building C object arch/CMakeFiles/arch.dir/risc-v/src/common/riscv_cpuidlestack.c.o
[352/3338] Building C object arch/CMakeFiles/arch.dir/risc-v/src/esp32s31/esp32s31_wifi_event.c.o
[353/3338] Building C object arch/CMakeFiles/arch.dir/risc-v/src/common/riscv_cpuinfo.c.o
[354/3338] Building C object arch/CMakeFiles/arch.dir/risc-v/src/common/riscv_createstack.c.o
[355/3338] Building C object arch/CMakeFiles/arch.dir/risc-v/src/common/riscv_getintstack.c.o
[356/3338] Building C object arch/CMakeFiles/arch.dir/risc-v/src/common/riscv_doirq.c.o
[357/3338] Building C object arch/CMakeFiles/arch.dir/risc-v/src/common/riscv_exception.c.o
[358/3338] Building C object arch/CMakeFiles/arch.dir/risc-v/src/common/riscv_exit.c.o
[359/3338] Building C object arch/CMakeFiles/arch.dir/risc-v/src/common/riscv_getnewintctx.c.o
[360/3338] Building C object arch/CMakeFiles/arch.dir/risc-v/src/common/riscv_initialize.c.o
[361/3338] Building C object arch/CMakeFiles/arch.dir/risc-v/src/common/riscv_initialstate.c.o
[362/3338] Building C object arch/CMakeFiles/arch.dir/risc-v/src/common/riscv_nputs.c.o
[363/3338] Building C object arch/CMakeFiles/arch.dir/risc-v/src/common/riscv_modifyreg32.c.o
[364/3338] Building C object arch/CMakeFiles/arch.dir/risc-v/src/common/riscv_registerdump.c.o
[365/3338] Building C object arch/CMakeFiles/arch.dir/risc-v/src/common/riscv_releasestack.c.o
[366/3338] Building C object arch/CMakeFiles/arch.dir/risc-v/src/common/riscv_tcbinfo.c.o
[367/3338] Building C object arch/CMakeFiles/arch.dir/risc-v/src/common/riscv_stackframe.c.o
[368/3338] Building C object arch/CMakeFiles/arch.dir/risc-v/src/common/riscv_switchcontext.c.o
[369/3338] Building C object arch/CMakeFiles/arch.dir/risc-v/src/common/riscv_usestack.c.o
[370/3338] Building C object arch/CMakeFiles/arch.dir/risc-v/src/common/riscv_idle.c.o
[371/3338] Building C object arch/CMakeFiles/arch.dir/risc-v/src/common/riscv_swint.c.o
[372/3338] Building C object arch/CMakeFiles/arch.dir/risc-v/src/common/riscv_schedulesigaction.c.o
[373/3338] Building C object arch/CMakeFiles/arch.dir/risc-v/src/common/riscv_mdelay.c.o
[374/3338] Building C object arch/CMakeFiles/arch.dir/risc-v/src/common/riscv_sigdeliver.c.o
[375/3338] Building ASM object arch/CMakeFiles/arch.dir/risc-v/src/common/fork.S.o
[376/3338] Building C object arch/CMakeFiles/arch.dir/risc-v/src/common/riscv_udelay.c.o
[377/3338] Building C object arch/CMakeFiles/arch.dir/risc-v/src/common/riscv_cpuindex.c.o
[378/3338] Building C object arch/CMakeFiles/arch.dir/risc-v/src/common/riscv_signal_dispatch.c.o
[379/3338] Building ASM object arch/CMakeFiles/arch.dir/risc-v/src/common/riscv_fpu.S.o
[380/3338] Building C object arch/CMakeFiles/arch.dir/risc-v/src/esp32c6/esp_wifi_adapter.c.o
[381/3338] Building C object arch/CMakeFiles/arch.dir/risc-v/src/common/riscv_task_start.c.o
[382/3338] Building C object arch/CMakeFiles/arch.dir/risc-v/src/common/riscv_pthread_start.c.o
[383/3338] Building C object arch/CMakeFiles/arch.dir/risc-v/src/common/riscv_backtrace.c.o
[384/3338] Building C object arch/CMakeFiles/arch.dir/risc-v/src/common/riscv_fpucmp.c.o
[385/3338] Building C object arch/CMakeFiles/arch.dir/risc-v/src/common/riscv_fork.c.o
[386/3338] Building C object arch/risc-v/src/exclude_chip/CMakeFiles/STARTUP_OBJS.dir/__/common/crt0.c.o
[387/3338] Building C object arch/CMakeFiles/arch.dir/risc-v/src/common/riscv_mmu.c.o
[388/3338] Building C object arch/CMakeFiles/arch.dir/risc-v/src/common/riscv_addrenv_kstack.c.o
[389/3338] Building C object arch/CMakeFiles/arch_interface.dir/empty.c.o
[390/3338] Building C object arch/CMakeFiles/arch.dir/risc-v/src/common/riscv_pgalloc.c.o
[391/3338] Linking C static library arch/libarch_interface.a
[392/3338] Building C object arch/CMakeFiles/arch.dir/risc-v/src/common/riscv_pmp.c.o
[393/3338] Building C object arch/CMakeFiles/arch.dir/risc-v/src/common/riscv_addrenv.c.o
[394/3338] Building C object arch/CMakeFiles/arch.dir/risc-v/src/common/riscv_addrenv_perms.c.o
[395/3338] Building C object arch/CMakeFiles/arch.dir/risc-v/src/common/riscv_addrenv_shm.c.o
[396/3338] Building C object fs/CMakeFiles/fs.dir/vfs/fs_statfs.c.o
[397/3338] Building C object fs/CMakeFiles/fs.dir/vfs/fs_unlink.c.o
[398/3338] Building C object arch/CMakeFiles/arch.dir/risc-v/src/common/riscv_addrenv_utils.c.o
[399/3338] Building C object fs/CMakeFiles/fs.dir/vfs/fs_uio.c.o
[400/3338] Building C object arch/CMakeFiles/arch.dir/risc-v/src/common/riscv_percpu.c.o
[401/3338] Building C object binfmt/CMakeFiles/binfmt.dir/binfmt_globals.c.o
[402/3338] Building C object fs/CMakeFiles/fs.dir/vfs/fs_write.c.o
[403/3338] Building C object fs/CMakeFiles/fs.dir/vfs/fs_fsync.c.o
[404/3338] Building C object binfmt/CMakeFiles/binfmt.dir/binfmt_initialize.c.o
[405/3338] Building C object binfmt/CMakeFiles/binfmt.dir/binfmt_register.c.o
[406/3338] Building C object binfmt/CMakeFiles/binfmt.dir/binfmt_unregister.c.o
[407/3338] Building C object fs/CMakeFiles/fs.dir/vfs/fs_dir.c.o
[408/3338] Building C object binfmt/CMakeFiles/binfmt.dir/binfmt_loadmodule.c.o
[409/3338] Building C object binfmt/CMakeFiles/binfmt.dir/binfmt_unloadmodule.c.o
[410/3338] Building C object binfmt/CMakeFiles/binfmt.dir/binfmt_exec.c.o
[411/3338] Building C object binfmt/CMakeFiles/binfmt.dir/binfmt_copyargv.c.o
[412/3338] Building C object binfmt/CMakeFiles/binfmt.dir/binfmt_dumpmodule.c.o
[413/3338] Building C object binfmt/CMakeFiles/binfmt.dir/binfmt_execmodule.c.o
[414/3338] Building C object binfmt/CMakeFiles/binfmt.dir/binfmt_copyattr.c.o
[415/3338] Building C object binfmt/CMakeFiles/binfmt.dir/binfmt_copyactions.c.o
[416/3338] Building C object binfmt/CMakeFiles/binfmt.dir/binfmt_exit.c.o
[417/3338] Building C object binfmt/CMakeFiles/binfmt.dir/binfmt_execsymtab.c.o
[418/3338] Building C object crypto/CMakeFiles/crypto.dir/testmngr.c.o
[419/3338] Building C object binfmt/CMakeFiles/binfmt.dir/elf.c.o
[420/3338] Linking C static library binfmt/libbinfmt.a
[421/3338] Building C object crypto/CMakeFiles/crypto.dir/ecb_enc.c.o
[422/3338] Building C object crypto/CMakeFiles/crypto.dir/ecb3_enc.c.o
[423/3338] Building C object crypto/CMakeFiles/crypto.dir/blake2s.c.o
[424/3338] Building C object crypto/CMakeFiles/crypto.dir/blf.c.o
[425/3338] Building C object crypto/CMakeFiles/crypto.dir/set_key.c.o
[426/3338] Building C object crypto/CMakeFiles/crypto.dir/chachapoly.c.o
[427/3338] Linking C static library arch/libarch.a
[428/3338] Building C object crypto/CMakeFiles/crypto.dir/md5.c.o
[429/3338] Building C object crypto/CMakeFiles/crypto.dir/cast.c.o
[430/3338] Building C object crypto/CMakeFiles/crypto.dir/poly1305.c.o
[431/3338] Building C object crypto/CMakeFiles/crypto.dir/crypto.c.o
[432/3338] Building C object crypto/CMakeFiles/crypto.dir/gmac.c.o
[433/3338] Building C object crypto/CMakeFiles/crypto.dir/cmac.c.o
[434/3338] Building C object crypto/CMakeFiles/crypto.dir/rijndael.c.o
[435/3338] Building C object crypto/CMakeFiles/crypto.dir/sha1.c.o
[436/3338] Building C object crypto/CMakeFiles/crypto.dir/rmd160.c.o
[437/3338] Building C object crypto/CMakeFiles/crypto.dir/hmac_buff.c.o
[438/3338] Building C object crypto/CMakeFiles/crypto.dir/key_wrap.c.o
[439/3338] Building C object crypto/CMakeFiles/crypto.dir/hmac.c.o
[440/3338] Building C object crypto/CMakeFiles/crypto.dir/ecc.c.o
[441/3338] Building C object crypto/CMakeFiles/crypto.dir/siphash.c.o
[442/3338] Building C object drivers/CMakeFiles/drivers.dir/i2c/i2c_write.c.o
[443/3338] Building C object drivers/CMakeFiles/drivers.dir/i2c/i2c_read.c.o
[444/3338] Building C object crypto/CMakeFiles/crypto.dir/sha2.c.o
[445/3338] Building C object drivers/CMakeFiles/drivers.dir/i2c/i2c_writeread.c.o
[446/3338] Building C object drivers/CMakeFiles/drivers.dir/misc/dev_null.c.o
[447/3338] Building C object drivers/CMakeFiles/drivers.dir/input/button_lower.c.o
[448/3338] Building C object drivers/CMakeFiles/drivers.dir/misc/dev_zero.c.o
[449/3338] Building C object drivers/CMakeFiles/drivers.dir/leds/ws2812.c.o
[450/3338] Building C object drivers/CMakeFiles/drivers.dir/i2c/i2c_driver.c.o
[451/3338] Building C object drivers/CMakeFiles/drivers.dir/misc/mkrd.c.o
[452/3338] Building C object drivers/CMakeFiles/drivers.dir/loop/losetup.c.o
[453/3338] Building C object drivers/CMakeFiles/drivers.dir/misc/ramdisk.c.o
[454/3338] Building C object drivers/CMakeFiles/drivers.dir/pipes/pipe.c.o
[455/3338] Building C object drivers/CMakeFiles/drivers.dir/input/button_upper.c.o
[456/3338] Building C object drivers/CMakeFiles/drivers.dir/pipes/fifo.c.o
[457/3338] Building C object drivers/CMakeFiles/drivers.dir/pipes/pipe_common.c.o
[458/3338] Building C object drivers/CMakeFiles/drivers.dir/mtd/mtd_partition.c.o
[459/3338] Building C object drivers/CMakeFiles/drivers.dir/net/phy_notify.c.o
[460/3338] Building C object drivers/CMakeFiles/drivers.dir/mtd/ftl.c.o
[461/3338] Building C object crypto/CMakeFiles/crypto.dir/bn.c.o
[462/3338] Building C object drivers/CMakeFiles/drivers.dir/serial/serial_io.c.o
[463/3338] Building C object drivers/CMakeFiles/drivers.dir/spi/spi_transfer.c.o
[464/3338] Building C object drivers/CMakeFiles/drivers.dir/syslog/syslog_initialize.c.o
[465/3338] Linking C static library crypto/libcrypto.a
[466/3338] Building C object drivers/CMakeFiles/drivers.dir/syslog/setlogmask.c.o
[467/3338] Building C object drivers/CMakeFiles/drivers.dir/syslog/vsyslog.c.o
[468/3338] Building C object drivers/CMakeFiles/drivers.dir/syslog/syslog_flush.c.o
[469/3338] Building C object drivers/CMakeFiles/drivers.dir/syslog/syslog_channel.c.o
[470/3338] Building C object drivers/CMakeFiles/drivers.dir/syslog/syslog_write.c.o
[471/3338] Building C object libs/libc/CMakeFiles/c.dir/assert/lib_assert.c.o
[472/3338] Building C object drivers/CMakeFiles/drivers.dir/drivers_initialize.c.o
[473/3338] Building C object fs/CMakeFiles/fs.dir/fs_heap.c.o
[474/3338] Building C object drivers/CMakeFiles/drivers.dir/net/netdev_upperhalf.c.o
[475/3338] Building C object fs/CMakeFiles/fs.dir/fs_initialize.c.o
[476/3338] Building C object fs/CMakeFiles/fs.dir/driver/fs_registerdriver.c.o
[477/3338] Building C object fs/CMakeFiles/fs.dir/driver/fs_unregisterdriver.c.o
[478/3338] Building C object fs/CMakeFiles/fs.dir/driver/fs_registerpipedriver.c.o
[479/3338] Building C object fs/CMakeFiles/fs.dir/driver/fs_unregisterpipedriver.c.o
[480/3338] Building C object drivers/CMakeFiles/drivers.dir/timers/rtc.c.o
[481/3338] Building C object fs/CMakeFiles/fs.dir/driver/fs_registerblockdriver.c.o
[482/3338] Building C object fs/CMakeFiles/fs.dir/driver/fs_unregisterblockdriver.c.o
[483/3338] Building C object fs/CMakeFiles/fs.dir/driver/fs_findblockdriver.c.o
[484/3338] Building C object fs/CMakeFiles/fs.dir/driver/fs_closeblockdriver.c.o
[485/3338] Building C object fs/CMakeFiles/fs.dir/driver/fs_openblockdriver.c.o
[486/3338] Building C object fs/CMakeFiles/fs.dir/driver/fs_findmtddriver.c.o
[487/3338] Building C object fs/CMakeFiles/fs.dir/driver/fs_closemtddriver.c.o
[488/3338] Building C object fs/CMakeFiles/fs.dir/driver/fs_blockpartition.c.o
[489/3338] Building C object fs/CMakeFiles/fs.dir/driver/fs_registermtddriver.c.o
[490/3338] Building C object fs/CMakeFiles/fs.dir/driver/fs_unregistermtddriver.c.o
[491/3338] Building C object fs/CMakeFiles/fs.dir/driver/fs_mtdpartition.c.o
[492/3338] Building C object fs/CMakeFiles/fs.dir/driver/fs_blockmerge.c.o
[493/3338] Building C object drivers/CMakeFiles/drivers.dir/serial/serial.c.o
[494/3338] Building C object fs/CMakeFiles/fs.dir/driver/fs_mtdproxy.c.o
[495/3338] Building C object fs/CMakeFiles/fs.dir/inode/fs_foreachinode.c.o
[496/3338] Building C object fs/CMakeFiles/fs.dir/inode/fs_inodeaddref.c.o
[497/3338] Building C object fs/CMakeFiles/fs.dir/inode/fs_inode.c.o
[498/3338] Linking C static library drivers/libdrivers.a
[499/3338] Building C object fs/CMakeFiles/fs.dir/inode/fs_inodebasename.c.o
[500/3338] Building C object fs/CMakeFiles/fs.dir/inode/fs_inodefind.c.o
[501/3338] Building C object fs/CMakeFiles/fs.dir/inode/fs_inodefree.c.o
[502/3338] Building C object fs/CMakeFiles/fs.dir/inode/fs_inodegetpath.c.o
[503/3338] Building C object fs/CMakeFiles/fs.dir/inode/fs_inoderelease.c.o
[504/3338] Building C object fs/CMakeFiles/fs.dir/inode/fs_inoderemove.c.o
[505/3338] Building C object fs/CMakeFiles/fs.dir/inode/fs_inodereserve.c.o
[506/3338] Building C object fs/CMakeFiles/fs.dir/littlefs/littlefs/lfs_util.c.o
[507/3338] Building C object fs/CMakeFiles/fs.dir/inode/fs_inodesearch.c.o
[508/3338] Building C object fs/CMakeFiles/fs.dir/inode/fs_files.c.o
[509/3338] Building C object fs/CMakeFiles/fs.dir/mmap/fs_munmap.c.o
[510/3338] Building C object fs/CMakeFiles/fs.dir/mmap/fs_mmap.c.o
[511/3338] Building C object fs/CMakeFiles/fs.dir/mmap/fs_mmisc.c.o
[512/3338] Building C object fs/CMakeFiles/fs.dir/mmap/fs_msync.c.o
[513/3338] Building C object fs/CMakeFiles/fs.dir/mmap/fs_anonmap.c.o
[514/3338] Building C object fs/CMakeFiles/fs.dir/mount/fs_umount2.c.o
[515/3338] Building C object fs/CMakeFiles/fs.dir/mount/fs_mount.c.o
[516/3338] Building C object fs/CMakeFiles/fs.dir/mount/fs_foreachmountpoint.c.o
[517/3338] Building C object fs/CMakeFiles/fs.dir/mount/fs_gettype.c.o
[518/3338] Building C object fs/CMakeFiles/fs.dir/mount/fs_procfs_mount.c.o
[519/3338] Building C object fs/CMakeFiles/fs.dir/mqueue/mq_close.c.o
[520/3338] Building C object fs/CMakeFiles/fs.dir/mqueue/mq_unlink.c.o
[521/3338] Building C object fs/CMakeFiles/fs.dir/partition/fs_partition.c.o
[522/3338] Building C object fs/CMakeFiles/fs.dir/mqueue/mq_open.c.o
[523/3338] Building C object fs/CMakeFiles/fs.dir/procfs/fs_procfscpuload.c.o
[524/3338] Building C object fs/CMakeFiles/fs.dir/procfs/fs_procfscpuinfo.c.o
[525/3338] Building C object fs/CMakeFiles/fs.dir/procfs/fs_procfscritmon.c.o
[526/3338] Building C object fs/CMakeFiles/fs.dir/procfs/fs_procfsfdt.c.o
[527/3338] Building C object fs/CMakeFiles/fs.dir/procfs/fs_procfsiobinfo.c.o
[528/3338] Building C object fs/CMakeFiles/fs.dir/procfs/fs_procfs.c.o
[529/3338] Building C object fs/CMakeFiles/fs.dir/procfs/fs_procfsuptime.c.o
[530/3338] Building C object fs/CMakeFiles/fs.dir/procfs/fs_procfstcbinfo.c.o
[531/3338] Building C object fs/CMakeFiles/fs.dir/procfs/fs_procfsmeminfo.c.o
[532/3338] Building C object fs/CMakeFiles/fs.dir/procfs/fs_procfsutil.c.o
[533/3338] Building C object fs/CMakeFiles/fs.dir/procfs/fs_procfsversion.c.o
[534/3338] Building C object fs/CMakeFiles/fs.dir/procfs/fs_procfsproc.c.o
[535/3338] Building C object fs/CMakeFiles/fs.dir/socket/accept.c.o
[536/3338] Building C object fs/CMakeFiles/fs.dir/socket/socketpair.c.o
[537/3338] Building C object fs/CMakeFiles/fs.dir/socket/socket.c.o
[538/3338] Building C object fs/CMakeFiles/fs.dir/romfs/fs_romfsutil.c.o
[539/3338] Building C object fs/CMakeFiles/fs.dir/littlefs/lfs_vfs.c.o
[540/3338] Building C object fs/CMakeFiles/fs.dir/vfs/fs_close.c.o
[541/3338] Building C object fs/CMakeFiles/fs.dir/vfs/fs_chstat.c.o
[542/3338] Building C object fs/CMakeFiles/fs.dir/vfs/fs_dup.c.o
[543/3338] Building C object fs/CMakeFiles/fs.dir/vfs/fs_dup2.c.o
[544/3338] Building C object fs/CMakeFiles/fs.dir/vfs/fs_dup3.c.o
[545/3338] Building C object fs/CMakeFiles/fs.dir/vfs/fs_fcntl.c.o
[546/3338] Building C object fs/CMakeFiles/fs.dir/vfs/fs_fchstat.c.o
[547/3338] Building C object fs/CMakeFiles/fs.dir/vfs/fs_fstatfs.c.o
[548/3338] Building C object fs/CMakeFiles/fs.dir/vfs/fs_fstat.c.o
[549/3338] Building C object fs/CMakeFiles/fs.dir/vfs/fs_ioctl.c.o
[550/3338] Building C object fs/CMakeFiles/fs.dir/vfs/fs_lseek.c.o
[551/3338] Building C object fs/CMakeFiles/fs.dir/vfs/fs_mkdir.c.o
[552/3338] Building C object fs/CMakeFiles/fs.dir/romfs/fs_romfs.c.o
[553/3338] Building C object fs/CMakeFiles/fs.dir/vfs/fs_pread.c.o
[554/3338] Building C object fs/CMakeFiles/fs.dir/vfs/fs_pwrite.c.o
[555/3338] Building C object fs/CMakeFiles/fs.dir/vfs/fs_open.c.o
[556/3338] Building C object fs/CMakeFiles/fs.dir/vfs/fs_read.c.o
[557/3338] Building C object fs/CMakeFiles/fs.dir/vfs/fs_poll.c.o
[558/3338] Building C object fs/CMakeFiles/fs.dir/vfs/fs_rmdir.c.o
[559/3338] Building C object fs/CMakeFiles/fs.dir/vfs/fs_rename.c.o
[560/3338] Building C object fs/CMakeFiles/fs.dir/vfs/fs_select.c.o
[561/3338] Building C object libs/libc/CMakeFiles/kc.dir/uuid/lib_uuid_stream.c.o
[562/3338] Building C object fs/CMakeFiles/fs.dir/vfs/fs_epoll.c.o
[563/3338] Building C object libs/libc/CMakeFiles/kc.dir/uuid/lib_uuid_to_string.c.o
[564/3338] Building C object fs/CMakeFiles/fs.dir/vfs/fs_stat.c.o
[565/3338] Building C object fs/CMakeFiles/fs.dir/vfs/fs_sendfile.c.o
[566/3338] Building C object libs/libc/CMakeFiles/kc.dir/wchar/lib_wcscmp.c.o
[567/3338] Building C object libs/libc/CMakeFiles/kc.dir/wchar/lib_wcslen.c.o
[568/3338] Building C object libs/libc/CMakeFiles/kc.dir/wchar/lib_wmemchr.c.o
[569/3338] Building C object libs/libc/CMakeFiles/kc.dir/wchar/lib_wmemcmp.c.o
[570/3338] Building C object libs/libc/CMakeFiles/kc.dir/wchar/lib_wmemcpy.c.o
[571/3338] Building C object libs/libc/CMakeFiles/kc.dir/wchar/lib_wmemmove.c.o
[572/3338] Building C object libs/libc/CMakeFiles/kc.dir/wchar/lib_wmemset.c.o
[573/3338] Building C object libs/libc/CMakeFiles/kc.dir/wchar/lib_btowc.c.o
[574/3338] Building C object libs/libc/CMakeFiles/kc.dir/wchar/lib_mbrtowc.c.o
[575/3338] Building C object libs/libc/CMakeFiles/kc.dir/wchar/lib_wctob.c.o
[576/3338] Building C object libs/libc/CMakeFiles/kc.dir/wchar/lib_wcsxfrm.c.o
[577/3338] Building C object libs/libc/CMakeFiles/kc.dir/wchar/lib_wcslcpy.c.o
[578/3338] Building C object libs/libc/CMakeFiles/kc.dir/wchar/lib_wcrtomb.c.o
[579/3338] Building C object libs/libc/CMakeFiles/kc.dir/wchar/lib_wcsftime.c.o
[580/3338] Building C object fs/CMakeFiles/fs.dir/vfs/fs_link.c.o
[581/3338] Building C object fs/CMakeFiles/fs.dir/vfs/fs_syncfs.c.o
[582/3338] Building C object fs/CMakeFiles/fs.dir/vfs/fs_symlink.c.o
[583/3338] Building C object fs/CMakeFiles/fs.dir/littlefs/littlefs/lfs.c.o
[584/3338] Building C object libs/libc/CMakeFiles/c.dir/assert/lib_stackchk.c.o
[585/3338] Building C object fs/CMakeFiles/fs.dir/vfs/fs_readlink.c.o
[586/3338] Building C object fs/CMakeFiles/fs.dir/vfs/fs_truncate.c.o
[587/3338] Building C object libs/libc/CMakeFiles/c.dir/ctype/lib_isalpha.c.o
[588/3338] Building C object libs/libc/CMakeFiles/c.dir/ctype/lib_isalnum.c.o
[589/3338] Building C object libs/libc/CMakeFiles/c.dir/ctype/lib_isascii.c.o
[590/3338] Building C object libs/libc/CMakeFiles/c.dir/ctype/lib_isblank.c.o
[591/3338] Building C object libs/libc/CMakeFiles/c.dir/ctype/lib_iscntrl.c.o
[592/3338] Building C object libs/libc/CMakeFiles/c.dir/ctype/lib_isdigit.c.o
[593/3338] Building C object libs/libc/CMakeFiles/c.dir/ctype/lib_isgraph.c.o
[594/3338] Building C object libs/libc/CMakeFiles/c.dir/ctype/lib_islower.c.o
[595/3338] Building C object libs/libc/CMakeFiles/c.dir/ctype/lib_isprint.c.o
[596/3338] Building C object libs/libc/CMakeFiles/c.dir/ctype/lib_ispunct.c.o
[597/3338] Building C object libs/libc/CMakeFiles/c.dir/ctype/lib_isspace.c.o
[598/3338] Building C object libs/libc/CMakeFiles/c.dir/ctype/lib_isupper.c.o
[599/3338] Building C object libs/libc/CMakeFiles/c.dir/ctype/lib_isxdigit.c.o
[600/3338] Building C object libs/libc/CMakeFiles/c.dir/ctype/lib_tolower.c.o
[601/3338] Building C object libs/libc/CMakeFiles/c.dir/ctype/lib_ctype.c.o
[602/3338] Building C object libs/libc/CMakeFiles/c.dir/ctype/lib_toupper.c.o
[603/3338] Building C object libs/libc/CMakeFiles/c.dir/dirent/lib_readdirr.c.o
[604/3338] Building C object libs/libc/CMakeFiles/c.dir/dirent/lib_alphasort.c.o
[605/3338] Building C object libs/libc/CMakeFiles/c.dir/dirent/lib_ftw.c.o
[606/3338] Building C object libs/libc/CMakeFiles/c.dir/dirent/lib_telldir.c.o
[607/3338] Building C object libs/libc/CMakeFiles/c.dir/dirent/lib_scandir.c.o
[608/3338] Building C object libs/libc/CMakeFiles/c.dir/dirent/lib_opendir.c.o
[609/3338] Building C object libs/libc/CMakeFiles/c.dir/dirent/lib_fdopendir.c.o
[610/3338] Building C object libs/libc/CMakeFiles/c.dir/dirent/lib_nftw.c.o
[611/3338] Building C object libs/libc/CMakeFiles/c.dir/dirent/lib_rewinddir.c.o
[612/3338] Building C object libs/libc/CMakeFiles/c.dir/dirent/lib_closedir.c.o
[613/3338] Building C object fs/CMakeFiles/fs.dir/tmpfs/fs_tmpfs.c.o
[614/3338] Building C object libs/libc/CMakeFiles/c.dir/dirent/lib_dirfd.c.o
[615/3338] Building C object libs/libc/CMakeFiles/c.dir/dirent/lib_readdir.c.o
[616/3338] Building C object libs/libc/CMakeFiles/c.dir/dirent/lib_seekdir.c.o
[617/3338] Building C object libs/libc/CMakeFiles/c.dir/dirent/lib_versionsort.c.o
[618/3338] Building C object libs/libc/CMakeFiles/c.dir/dlfcn/lib_dlfind_object.c.o
[619/3338] Building C object libs/libc/CMakeFiles/c.dir/elf/elf_init.c.o
[620/3338] Building C object libs/libc/CMakeFiles/c.dir/elf/elf_depend.c.o
[621/3338] Building C object libs/libc/CMakeFiles/c.dir/elf/elf_addrenv.c.o
[622/3338] Building C object libs/libc/CMakeFiles/c.dir/elf/elf_iobuffer.c.o
[623/3338] Linking C static library fs/libfs.a
[624/3338] Building C object libs/libc/CMakeFiles/c.dir/elf/elf_loadhdrs.c.o
[625/3338] Building C object libs/libc/CMakeFiles/c.dir/elf/elf_verify.c.o
[626/3338] Building C object libs/libc/CMakeFiles/c.dir/elf/elf_read.c.o
[627/3338] Building C object libs/libc/CMakeFiles/c.dir/elf/elf_load.c.o
[628/3338] Building C object libs/libc/CMakeFiles/c.dir/elf/elf_symtab.c.o
[629/3338] Building C object libs/libc/CMakeFiles/c.dir/elf/elf_sections.c.o
[630/3338] Building C object libs/libc/CMakeFiles/c.dir/elf/elf_registry.c.o
[631/3338] Building C object libs/libc/CMakeFiles/c.dir/elf/elf_gethandle.c.o
[632/3338] Building C object libs/libc/CMakeFiles/c.dir/elf/elf_bind.c.o
[633/3338] Building C object libs/libc/CMakeFiles/c.dir/elf/elf_uninit.c.o
[634/3338] Building C object libs/libc/CMakeFiles/c.dir/elf/elf_unload.c.o
[635/3338] Building C object libs/libc/CMakeFiles/c.dir/elf/elf_getsymbol.c.o
[636/3338] Building C object libs/libc/CMakeFiles/c.dir/elf/elf_symbols.c.o
[637/3338] Building C object libs/libc/CMakeFiles/c.dir/environ/env_getenvironptr.c.o
[638/3338] Building C object libs/libc/CMakeFiles/c.dir/elf/elf_insert.c.o
[639/3338] Building C object libs/libc/CMakeFiles/c.dir/elf/elf_remove.c.o
[640/3338] Building C object libs/libc/CMakeFiles/c.dir/environ/env_release.c.o
[641/3338] Building C object libs/libc/CMakeFiles/c.dir/environ/env_findvar.c.o
[642/3338] Building C object libs/libc/CMakeFiles/c.dir/environ/env_removevar.c.o
[643/3338] Building C object libs/libc/CMakeFiles/c.dir/environ/env_dup.c.o
[644/3338] Building C object libs/libc/CMakeFiles/c.dir/environ/env_putenv.c.o
[645/3338] Building C object libs/libc/CMakeFiles/c.dir/environ/env_clearenv.c.o
[646/3338] Building C object libs/libc/CMakeFiles/c.dir/fixedmath/lib_fixedmath.c.o
[647/3338] Building C object libs/libc/CMakeFiles/c.dir/environ/env_foreach.c.o
[648/3338] Building C object libs/libc/CMakeFiles/c.dir/errno/lib_errno.c.o
[649/3338] Building C object libs/libc/CMakeFiles/c.dir/fixedmath/lib_b16sin.c.o
[650/3338] Building C object libs/libc/CMakeFiles/c.dir/environ/env_getenv.c.o
[651/3338] Building C object libs/libc/CMakeFiles/c.dir/fixedmath/lib_b16cos.c.o
[652/3338] Building C object libs/libc/CMakeFiles/c.dir/environ/env_setenv.c.o
[653/3338] Building C object libs/libc/CMakeFiles/c.dir/fixedmath/lib_b16atan2.c.o
[654/3338] Building C object libs/libc/CMakeFiles/c.dir/environ/env_unsetenv.c.o
[655/3338] Building C object libs/libc/CMakeFiles/c.dir/grp/lib_getgrgidr.c.o
[656/3338] Building C object libs/libc/CMakeFiles/c.dir/fixedmath/lib_ubsqrt.c.o
[657/3338] Building C object libs/libc/CMakeFiles/c.dir/grp/lib_getgrnamr.c.o
[658/3338] Building C object libs/libc/CMakeFiles/c.dir/grp/lib_initgroups.c.o
[659/3338] Building C object libs/libc/CMakeFiles/c.dir/grp/lib_getgrgid.c.o
[660/3338] Building C object libs/libc/CMakeFiles/c.dir/grp/lib_getgrnam.c.o
[661/3338] Building C object libs/libc/CMakeFiles/c.dir/grp/lib_getgrbufr.c.o
[662/3338] Building C object libs/libc/CMakeFiles/c.dir/inttypes/lib_imaxabs.c.o
[663/3338] Building C object libs/libc/CMakeFiles/c.dir/inttypes/lib_imaxdiv.c.o
[664/3338] Building C object libs/libc/CMakeFiles/c.dir/grp/lib_getgrbuf.c.o
[665/3338] Building C object libs/libc/CMakeFiles/c.dir/libgen/lib_basename.c.o
[666/3338] Building C object libs/libc/CMakeFiles/c.dir/inttypes/lib_strtoimax.c.o
[667/3338] Building C object libs/libc/CMakeFiles/c.dir/inttypes/lib_strtoumax.c.o
[668/3338] Building C object libs/libc/CMakeFiles/c.dir/libgen/lib_dirname.c.o
[669/3338] Building C object libs/libc/CMakeFiles/c.dir/misc/lib_creat.c.o
[670/3338] Building C object libs/libc/CMakeFiles/c.dir/misc/lib_bitmap.c.o
[671/3338] Building C object libs/libc/CMakeFiles/c.dir/misc/lib_xorshift128.c.o
[672/3338] Building C object libs/libc/CMakeFiles/c.dir/misc/lib_utsname.c.o
[673/3338] Building C object libs/libc/CMakeFiles/c.dir/misc/lib_getrandom.c.o
[674/3338] Building C object libs/libc/CMakeFiles/c.dir/misc/lib_mknod.c.o
[675/3338] Building C object libs/libc/CMakeFiles/c.dir/misc/lib_umask.c.o
[676/3338] Building C object libs/libc/CMakeFiles/c.dir/machine/risc-v/arch_elf.c.o
[677/3338] Building C object libs/libc/CMakeFiles/c.dir/misc/lib_impure.c.o
[678/3338] Building C object libs/libc/CMakeFiles/c.dir/misc/lib_tea_encrypt.c.o
[679/3338] Building C object libs/libc/CMakeFiles/c.dir/misc/lib_tea_decrypt.c.o
[680/3338] Building C object libs/libc/CMakeFiles/c.dir/misc/lib_circbuf.c.o
[681/3338] Building C object libs/libc/CMakeFiles/c.dir/misc/lib_cxx_initialize.c.o
[682/3338] Building C object libs/libc/CMakeFiles/c.dir/misc/lib_memfd.c.o
[683/3338] Building C object libs/libc/CMakeFiles/c.dir/misc/lib_fchmodat.c.o
[684/3338] Building C object libs/libc/CMakeFiles/c.dir/misc/lib_fstatat.c.o
[685/3338] Building C object libs/libc/CMakeFiles/c.dir/misc/lib_getfullpath.c.o
[686/3338] Building C object libs/libc/CMakeFiles/c.dir/misc/lib_openat.c.o
[687/3338] Building C object libs/libc/CMakeFiles/c.dir/misc/lib_mkdirat.c.o
[688/3338] Building C object libs/libc/CMakeFiles/c.dir/misc/lib_mallopt.c.o
[689/3338] Building C object libs/libc/CMakeFiles/c.dir/misc/lib_ratelimit.c.o
[690/3338] Building C object libs/libc/CMakeFiles/c.dir/misc/lib_getnprocs.c.o
[691/3338] Building C object libs/libc/CMakeFiles/c.dir/misc/lib_utimensat.c.o
[692/3338] Building C object libs/libc/CMakeFiles/c.dir/misc/lib_sem_mutex_noinline.c.o
[693/3338] Building C object libs/libc/CMakeFiles/c.dir/misc/lib_umul32.c.o
[694/3338] Building C object libs/libc/CMakeFiles/c.dir/misc/lib_tempbuffer.c.o
[695/3338] Building C object libs/libc/CMakeFiles/c.dir/misc/lib_umul32x64.c.o
[696/3338] Building C object libs/libc/CMakeFiles/c.dir/misc/lib_uadd32x64.c.o
[697/3338] Building C object libs/libc/CMakeFiles/c.dir/misc/lib_umul64.c.o
[698/3338] Building C object libs/libc/CMakeFiles/c.dir/misc/lib_uadd64.c.o
[699/3338] Building C object libs/libc/CMakeFiles/c.dir/misc/lib_usub64x32.c.o
[700/3338] Building C object libs/libc/CMakeFiles/c.dir/misc/lib_usub64.c.o
[701/3338] Building C object libs/libc/CMakeFiles/c.dir/misc/lib_idr.c.o
[702/3338] Building C object libs/libc/CMakeFiles/c.dir/misc/lib_dumpbuffer.c.o
[703/3338] Building C object libs/libc/CMakeFiles/c.dir/misc/lib_debug.c.o
[704/3338] Building C object libs/libc/CMakeFiles/c.dir/misc/lib_fnmatch.c.o
[705/3338] Building C object libs/libc/CMakeFiles/c.dir/misc/lib_crc64.c.o
[706/3338] Building C object libs/libc/CMakeFiles/c.dir/misc/lib_dumpvbuffer.c.o
[707/3338] Building C object libs/libc/CMakeFiles/c.dir/misc/lib_crc64emac.c.o
[708/3338] Building C object libs/libc/CMakeFiles/c.dir/misc/lib_crc32h04c11db7.c.o
[709/3338] Building C object libs/libc/CMakeFiles/c.dir/misc/lib_crc32.c.o
[710/3338] Building C object libs/libc/CMakeFiles/c.dir/misc/lib_crc32hf4acfb13.c.o
[711/3338] Building C object libs/libc/CMakeFiles/c.dir/misc/lib_crc16.c.o
[712/3338] Building C object libs/libc/CMakeFiles/c.dir/misc/lib_crc16ccitt.c.o
[713/3338] Building C object libs/libc/CMakeFiles/c.dir/misc/lib_crc16h1021.c.o
[714/3338] Building C object libs/libc/CMakeFiles/c.dir/misc/lib_crc16h8005.c.o
[715/3338] Building C object libs/libc/CMakeFiles/c.dir/misc/lib_crc8.c.o
[716/3338] Building C object libs/libc/CMakeFiles/c.dir/misc/lib_crc8ccitt.c.o
[717/3338] Building C object libs/libc/CMakeFiles/c.dir/misc/lib_crc8h1d.c.o
[718/3338] Building C object libs/libc/CMakeFiles/c.dir/misc/lib_crc8h2f.c.o
[719/3338] Building C object libs/libc/CMakeFiles/c.dir/misc/lib_crc8rohc.c.o
[720/3338] Building C object libs/libc/CMakeFiles/c.dir/misc/lib_crc8table.c.o
[721/3338] Building C object libs/libc/CMakeFiles/c.dir/misc/lib_ftok.c.o
[722/3338] Building C object libs/libc/CMakeFiles/c.dir/misc/lib_instrument.c.o
[723/3338] Building C object libs/libc/CMakeFiles/c.dir/misc/lib_err.c.o
[724/3338] Building C object libs/libc/CMakeFiles/c.dir/misc/lib_envpath.c.o
[725/3338] Building C object libs/libc/CMakeFiles/c.dir/misc/lib_backtrace.c.o
[726/3338] Building C object libs/libc/CMakeFiles/c.dir/misc/lib_fdcheck.c.o
[727/3338] Building C object libs/libc/CMakeFiles/c.dir/net/lib_addrconfig.c.o
[728/3338] Building C object libs/libc/CMakeFiles/c.dir/net/lib_htons.c.o
[729/3338] Building C object libs/libc/CMakeFiles/c.dir/net/lib_htonl.c.o
[730/3338] Building C object libs/libc/CMakeFiles/c.dir/net/lib_htonq.c.o
[731/3338] Building C object libs/libc/CMakeFiles/c.dir/net/lib_base64.c.o
[732/3338] Building C object libs/libc/CMakeFiles/c.dir/misc/lib_glob.c.o
[733/3338] Building C object libs/libc/CMakeFiles/c.dir/net/lib_inetaton.c.o
[734/3338] Building C object libs/libc/CMakeFiles/c.dir/net/lib_inetaddr.c.o
[735/3338] Building C object libs/libc/CMakeFiles/c.dir/net/lib_accept.c.o
[736/3338] Building C object libs/libc/CMakeFiles/c.dir/net/lib_inetntoa.c.o
[737/3338] Building C object libs/libc/CMakeFiles/c.dir/net/lib_inetnetwork.c.o
[738/3338] Building C object libs/libc/CMakeFiles/c.dir/net/lib_inetntop.c.o
[739/3338] Building C object libs/libc/CMakeFiles/c.dir/net/lib_inetpton.c.o
[740/3338] Building C object libs/libc/CMakeFiles/c.dir/net/lib_etherntoa.c.o
[741/3338] Building C object libs/libc/CMakeFiles/c.dir/net/lib_etheraton.c.o
[742/3338] Building C object libs/libc/CMakeFiles/c.dir/net/lib_freeifaddrs.c.o
[743/3338] Building C object libs/libc/CMakeFiles/c.dir/misc/lib_lrucache.c.o
[744/3338] Building C object libs/libc/CMakeFiles/c.dir/net/lib_indextoname.c.o
[745/3338] Building C object libs/libc/CMakeFiles/c.dir/net/lib_nametoindex.c.o
[746/3338] Building C object libs/libc/CMakeFiles/c.dir/net/lib_nameindex.c.o
[747/3338] Building C object libs/libc/CMakeFiles/c.dir/net/lib_freenameindex.c.o
[748/3338] Building C object libs/libc/CMakeFiles/c.dir/net/lib_getifaddrs.c.o
[749/3338] Building C object libs/libc/CMakeFiles/c.dir/netdb/lib_gethostbyname.c.o
[750/3338] Building C object libs/libc/CMakeFiles/c.dir/netdb/lib_gethostbynamer.c.o
[751/3338] Building C object libs/libc/CMakeFiles/c.dir/netdb/lib_h_errno.c.o
[752/3338] Building C object libs/libc/CMakeFiles/c.dir/netdb/lib_netdb.c.o
[753/3338] Building C object libs/libc/CMakeFiles/c.dir/netdb/lib_gethostbyname2r.c.o
[754/3338] Building C object libs/libc/CMakeFiles/c.dir/netdb/lib_gethostbyname2.c.o
[755/3338] Building C object libs/libc/CMakeFiles/c.dir/netdb/lib_gethostbyaddr.c.o
[756/3338] Building C object libs/libc/CMakeFiles/c.dir/netdb/lib_gethostbyaddrr.c.o
[757/3338] Building C object libs/libc/CMakeFiles/c.dir/netdb/lib_getservbyname.c.o
[758/3338] Building C object libs/libc/CMakeFiles/c.dir/netdb/lib_gethostentbynamer.c.o
[759/3338] Building C object libs/libc/CMakeFiles/c.dir/netdb/lib_getservbynamer.c.o
[760/3338] Building C object libs/libc/CMakeFiles/c.dir/netdb/lib_gaistrerror.c.o
[761/3338] Building C object libs/libc/CMakeFiles/c.dir/netdb/lib_getservbyport.c.o
[762/3338] Building C object libs/libc/CMakeFiles/c.dir/netdb/lib_freeaddrinfo.c.o
[763/3338] Building C object libs/libc/CMakeFiles/c.dir/netdb/lib_getservbyportr.c.o
[764/3338] Building C object libs/libc/CMakeFiles/c.dir/netdb/lib_getnameinfo.c.o
[765/3338] Building C object libs/libc/CMakeFiles/c.dir/netdb/lib_protor.c.o
[766/3338] Building C object libs/libc/CMakeFiles/c.dir/netdb/lib_getaddrinfo.c.o
[767/3338] Building C object libs/libc/CMakeFiles/c.dir/netdb/lib_rexec.c.o
[768/3338] Building C object libs/libc/CMakeFiles/c.dir/netdb/lib_proto.c.o
[769/3338] Building C object libs/libc/CMakeFiles/c.dir/netdb/lib_dnsbind.c.o
[770/3338] Building C object libs/libc/CMakeFiles/c.dir/netdb/lib_dn.c.o
[771/3338] Building C object libs/libc/CMakeFiles/c.dir/netdb/lib_dnsinit.c.o
[772/3338] Building C object libs/libc/CMakeFiles/c.dir/netdb/lib_dnsdefaultserver.c.o
[773/3338] Building C object libs/libc/CMakeFiles/c.dir/netdb/lib_dnsaddserver.c.o
[774/3338] Building C object libs/libc/CMakeFiles/c.dir/netdb/lib_dnsnotify.c.o
[775/3338] Building C object libs/libc/CMakeFiles/c.dir/netdb/lib_dnsforeach.c.o
[776/3338] Building C object libs/libc/CMakeFiles/c.dir/netdb/lib_dnsqueryfamily.c.o
[777/3338] Building C object libs/libc/CMakeFiles/c.dir/obstack/lib_obstack_init.c.o
[778/3338] Building C object libs/libc/CMakeFiles/c.dir/obstack/lib_obstack_alloc.c.o
[779/3338] Building C object libs/libc/CMakeFiles/c.dir/obstack/lib_obstack_copy.c.o
[780/3338] Building C object libs/libc/CMakeFiles/c.dir/netdb/lib_dnscache.c.o
[781/3338] Building C object libs/libc/CMakeFiles/c.dir/obstack/lib_obstack_blank.c.o
[782/3338] Building C object libs/libc/CMakeFiles/c.dir/obstack/lib_obstack_free.c.o
[783/3338] Building C object libs/libc/CMakeFiles/c.dir/obstack/lib_obstack_finish.c.o
[784/3338] Building C object libs/libc/CMakeFiles/c.dir/netdb/lib_dnsquery.c.o
[785/3338] Building C object libs/libc/CMakeFiles/c.dir/obstack/lib_obstack_make_room.c.o
[786/3338] Building C object libs/libc/CMakeFiles/c.dir/obstack/lib_obstack_object_size.c.o
[787/3338] Building C object libs/libc/CMakeFiles/c.dir/obstack/lib_obstack_grow.c.o
[788/3338] Building C object libs/libc/CMakeFiles/c.dir/obstack/lib_obstack_room.c.o
[789/3338] Building C object libs/libc/CMakeFiles/c.dir/obstack/lib_obstack_printf.c.o
[790/3338] Building C object libs/libc/CMakeFiles/c.dir/obstack/lib_obstack_vprintf.c.o
[791/3338] Building C object libs/libc/CMakeFiles/c.dir/pthread/pthread_getspecific.c.o
[792/3338] Building C object libs/libc/CMakeFiles/c.dir/obstack/lib_obstack_malloc.c.o
[793/3338] Building C object libs/libc/CMakeFiles/c.dir/pthread/pthread_setspecific.c.o
[794/3338] Building C object libs/libc/CMakeFiles/c.dir/pthread/pthread_attr_init.c.o
[795/3338] Building C object libs/libc/CMakeFiles/c.dir/pthread/pthread_attr_destroy.c.o
[796/3338] Building C object libs/libc/CMakeFiles/c.dir/pthread/pthread_keydelete.c.o
[797/3338] Building C object libs/libc/CMakeFiles/c.dir/pthread/pthread_keycreate.c.o
[798/3338] Building C object libs/libc/CMakeFiles/c.dir/pthread/pthread_attr_setschedpolicy.c.o
[799/3338] Building C object libs/libc/CMakeFiles/c.dir/pthread/pthread_attr_setinheritsched.c.o
[800/3338] Building C object libs/libc/CMakeFiles/c.dir/pthread/pthread_attr_getschedpolicy.c.o
[801/3338] Building C object libs/libc/CMakeFiles/c.dir/pthread/pthread_attr_setdetachstate.c.o
[802/3338] Building C object libs/libc/CMakeFiles/c.dir/pthread/pthread_attr_getinheritsched.c.o
[803/3338] Building C object libs/libc/CMakeFiles/c.dir/pthread/pthread_attr_getdetachstate.c.o
[804/3338] Building C object libs/libc/CMakeFiles/c.dir/pthread/pthread_attr_setstackaddr.c.o
[805/3338] Building C object libs/libc/CMakeFiles/c.dir/pthread/pthread_attr_getstackaddr.c.o
[806/3338] Building C object libs/libc/CMakeFiles/c.dir/pthread/pthread_attr_setstacksize.c.o
[807/3338] Building C object libs/libc/CMakeFiles/c.dir/pthread/pthread_attr_getstacksize.c.o
[808/3338] Building C object libs/libc/CMakeFiles/c.dir/pthread/pthread_attr_setstack.c.o
[809/3338] Building C object libs/libc/CMakeFiles/c.dir/pthread/pthread_attr_getstack.c.o
[810/3338] Building C object libs/libc/CMakeFiles/c.dir/pthread/pthread_attr_setschedparam.c.o
[811/3338] Building C object libs/libc/CMakeFiles/c.dir/pthread/pthread_attr_getschedparam.c.o
[812/3338] Building C object libs/libc/CMakeFiles/c.dir/pthread/pthread_attr_setscope.c.o
[813/3338] Building C object libs/libc/CMakeFiles/c.dir/pthread/pthread_attr_getscope.c.o
[814/3338] Building C object libs/libc/CMakeFiles/c.dir/pthread/pthread_attr_setguardsize.c.o
[815/3338] Building C object libs/libc/CMakeFiles/c.dir/pthread/pthread_attr_getguardsize.c.o
[816/3338] Building C object libs/libc/CMakeFiles/c.dir/pthread/pthread_barrierattr_init.c.o
[817/3338] Building C object libs/libc/CMakeFiles/c.dir/pthread/pthread_barrierattr_getpshared.c.o
[818/3338] Building C object libs/libc/CMakeFiles/c.dir/pthread/pthread_barrierattr_destroy.c.o
[819/3338] Building C object libs/libc/CMakeFiles/c.dir/pthread/pthread_barrierattr_setpshared.c.o
[820/3338] Building C object libs/libc/CMakeFiles/c.dir/pthread/pthread_barrierinit.c.o
[821/3338] Building C object libs/libc/CMakeFiles/c.dir/pthread/pthread_barrierdestroy.c.o
[822/3338] Building C object libs/libc/CMakeFiles/c.dir/pthread/pthread_barrierwait.c.o
[823/3338] Building C object libs/libc/CMakeFiles/c.dir/pthread/pthread_condattr_init.c.o
[824/3338] Building C object libs/libc/CMakeFiles/c.dir/pthread/pthread_condattr_destroy.c.o
[825/3338] Building C object libs/libc/CMakeFiles/c.dir/pthread/pthread_condattr_getpshared.c.o
[826/3338] Building C object libs/libc/CMakeFiles/c.dir/pthread/pthread_condattr_setpshared.c.o
[827/3338] Building C object libs/libc/CMakeFiles/c.dir/pthread/pthread_condattr_setclock.c.o
[828/3338] Building C object libs/libc/CMakeFiles/c.dir/pthread/pthread_condattr_getclock.c.o
[829/3338] Building C object libs/libc/CMakeFiles/c.dir/pthread/pthread_condbroadcast.c.o
[830/3338] Building C object libs/libc/CMakeFiles/c.dir/pthread/pthread_condinit.c.o
[831/3338] Building C object libs/libc/CMakeFiles/c.dir/pthread/pthread_conddestroy.c.o
[832/3338] Building C object libs/libc/CMakeFiles/c.dir/pthread/pthread_condtimedwait.c.o
[833/3338] Building C object libs/libc/CMakeFiles/c.dir/pthread/pthread_condsignal.c.o
[834/3338] Building C object libs/libc/CMakeFiles/c.dir/pthread/pthread_condclockwait.c.o
[835/3338] Building C object libs/libc/CMakeFiles/c.dir/pthread/pthread_condwait.c.o
[836/3338] Building C object libs/libc/CMakeFiles/c.dir/pthread/pthread_create.c.o
[837/3338] Building C object libs/libc/CMakeFiles/c.dir/pthread/pthread_equal.c.o
[838/3338] Building C object libs/libc/CMakeFiles/c.dir/pthread/pthread_kill.c.o
[839/3338] Building C object libs/libc/CMakeFiles/c.dir/pthread/pthread_setname_np.c.o
[840/3338] Building C object libs/libc/CMakeFiles/c.dir/pthread/pthread_exit.c.o
[841/3338] Building C object libs/libc/CMakeFiles/c.dir/pthread/pthread_get_stackaddr_np.c.o
[842/3338] Building C object libs/libc/CMakeFiles/c.dir/pthread/pthread_getname_np.c.o
[843/3338] Building C object libs/libc/CMakeFiles/c.dir/pthread/pthread_get_stacksize_np.c.o
[844/3338] Building C object libs/libc/CMakeFiles/c.dir/stream/lib_syslogstream.c.o
[845/3338] Building C object libs/libc/CMakeFiles/c.dir/pthread/pthread_mutexattr_init.c.o
[846/3338] Building C object libs/libc/CMakeFiles/c.dir/pthread/pthread_mutexattr_destroy.c.o
[847/3338] Building C object libs/libc/CMakeFiles/c.dir/pthread/pthread_mutexattr_getpshared.c.o
[848/3338] Building C object libs/libc/CMakeFiles/c.dir/pthread/pthread_mutexattr_setpshared.c.o
[849/3338] Building C object libs/libc/CMakeFiles/c.dir/pthread/pthread_mutexattr_setprotocol.c.o
[850/3338] Building C object libs/libc/CMakeFiles/c.dir/pthread/pthread_mutexattr_getprotocol.c.o
[851/3338] Building C object libs/libc/CMakeFiles/c.dir/pthread/pthread_mutexattr_settype.c.o
[852/3338] Building C object libs/libc/CMakeFiles/c.dir/pthread/pthread_mutexattr_gettype.c.o
[853/3338] Building C object libs/libc/CMakeFiles/c.dir/pthread/pthread_mutexattr_setrobust.c.o
[854/3338] Building C object libs/libc/CMakeFiles/c.dir/pthread/pthread_mutexattr_setprioceiling.c.o
[855/3338] Building C object libs/libc/CMakeFiles/c.dir/pthread/pthread_mutexattr_getrobust.c.o
[856/3338] Building C object libs/libc/CMakeFiles/c.dir/pthread/pthread_mutexattr_getprioceiling.c.o
[857/3338] Building C object libs/libc/CMakeFiles/c.dir/pthread/pthread_mutex_getprioceiling.c.o
[858/3338] Building C object libs/libc/CMakeFiles/c.dir/pthread/pthread_mutex_destroy.c.o
[859/3338] Building C object libs/libc/CMakeFiles/c.dir/pthread/pthread_mutex_lock.c.o
[860/3338] Building C object libs/libc/CMakeFiles/c.dir/pthread/pthread_mutex_init.c.o
[861/3338] Building C object libs/libc/CMakeFiles/c.dir/pthread/pthread_mutex_setprioceiling.c.o
[862/3338] Building C object libs/libc/CMakeFiles/c.dir/pthread/pthread_mutex_timedlock.c.o
[863/3338] Building C object libs/libc/CMakeFiles/c.dir/pthread/pthread_mutex_trylock.c.o
[864/3338] Building C object libs/libc/CMakeFiles/c.dir/pthread/pthread_yield.c.o
[865/3338] Building C object libs/libc/CMakeFiles/c.dir/pthread/pthread_once.c.o
[866/3338] Building C object libs/libc/CMakeFiles/c.dir/pthread/pthread_mutex_unlock.c.o
[867/3338] Building C object libs/libc/CMakeFiles/c.dir/pthread/pthread_atfork.c.o
[868/3338] Building C object libs/libc/CMakeFiles/c.dir/pthread/pthread_rwlockattr_init.c.o
[869/3338] Building C object libs/libc/CMakeFiles/c.dir/pthread/pthread_mutex.c.o
[870/3338] Building C object libs/libc/CMakeFiles/c.dir/pthread/pthread_rwlockattr_destroy.c.o
[871/3338] Building C object libs/libc/CMakeFiles/c.dir/pthread/pthread_rwlockattr_getpshared.c.o
[872/3338] Building C object libs/libc/CMakeFiles/c.dir/pthread/pthread_rwlockattr_setpshared.c.o
[873/3338] Building C object libs/libc/CMakeFiles/c.dir/pthread/pthread_setcancelstate.c.o
[874/3338] Building C object libs/libc/CMakeFiles/c.dir/pthread/pthread_rwlock.c.o
[875/3338] Building C object libs/libc/CMakeFiles/c.dir/pthread/pthread_setcanceltype.c.o
[876/3338] Building C object libs/libc/CMakeFiles/c.dir/pthread/pthread_testcancel.c.o
[877/3338] Building C object libs/libc/CMakeFiles/c.dir/pthread/pthread_rwlock_wrlock.c.o
[878/3338] Building C object libs/libc/CMakeFiles/c.dir/pthread/pthread_rwlock_rdlock.c.o
[879/3338] Building C object libs/libc/CMakeFiles/c.dir/pthread/pthread_getcpuclockid.c.o
[880/3338] Building C object libs/libc/CMakeFiles/c.dir/pthread/pthread_self.c.o
[881/3338] Building C object libs/libc/CMakeFiles/c.dir/pthread/pthread_gettid_np.c.o
[882/3338] Building C object libs/libc/CMakeFiles/c.dir/pthread/pthread_concurrency.c.o
[883/3338] Building C object libs/libc/CMakeFiles/c.dir/pthread/pthread_mutex_inconsistent.c.o
[884/3338] Building C object libs/libc/CMakeFiles/c.dir/pthread/pthread_mutex_consistent.c.o
[885/3338] Building C object libs/libc/CMakeFiles/c.dir/pthread/pthread_attr_getaffinity.c.o
[886/3338] Building C object libs/libc/CMakeFiles/c.dir/pwd/lib_getpwnam.c.o
[887/3338] Building C object libs/libc/CMakeFiles/c.dir/pwd/lib_getpwnamr.c.o
[888/3338] Building C object libs/libc/CMakeFiles/c.dir/pthread/pthread_attr_setaffinity.c.o
[889/3338] Building C object libs/libc/CMakeFiles/c.dir/pwd/lib_getpwuid.c.o
[890/3338] Building C object libs/libc/CMakeFiles/c.dir/queue/queue.c.o
[891/3338] Building C object libs/libc/CMakeFiles/c.dir/pwd/lib_getpwuidr.c.o
[892/3338] Building C object libs/libc/CMakeFiles/c.dir/pwd/lib_getspnam.c.o
[893/3338] Building C object libs/libc/CMakeFiles/c.dir/pwd/lib_getpwent.c.o
[894/3338] Building C object libs/libc/CMakeFiles/c.dir/pwd/lib_getpwbufr.c.o
[895/3338] Building C object libs/libc/CMakeFiles/c.dir/sched/sched_getprioritymax.c.o
[896/3338] Building C object libs/libc/CMakeFiles/c.dir/sched/sched_getprioritymin.c.o
[897/3338] Building C object libs/libc/CMakeFiles/c.dir/sched/task_cancelpt.c.o
[898/3338] Building C object libs/libc/CMakeFiles/c.dir/pwd/lib_getpwbuf.c.o
[899/3338] Building C object libs/libc/CMakeFiles/c.dir/sched/clock_getcpuclockid.c.o
[900/3338] Building C object libs/libc/CMakeFiles/c.dir/sched/sched_backtrace.c.o
[901/3338] Building C object libs/libc/CMakeFiles/c.dir/sched/task_testcancel.c.o
[902/3338] Building C object libs/libc/CMakeFiles/c.dir/sched/sched_cpucount.c.o
[903/3338] Building C object libs/libc/CMakeFiles/c.dir/sched/task_setcancelstate.c.o
[904/3338] Building C object libs/libc/CMakeFiles/c.dir/sched/task_setcanceltype.c.o
[905/3338] Building C object libs/libc/CMakeFiles/c.dir/sched/task_getpid.c.o
[906/3338] Building C object libs/libc/CMakeFiles/c.dir/search/hash_func.c.o
[907/3338] Building C object libs/libc/CMakeFiles/c.dir/sched/sched_dumpstack.c.o
[908/3338] Building C object libs/libc/CMakeFiles/c.dir/search/hcreate.c.o
[909/3338] Building C object libs/libc/CMakeFiles/c.dir/semaphore/sem_init.c.o
[910/3338] Building C object libs/libc/CMakeFiles/c.dir/semaphore/sem_getprotocol.c.o
[911/3338] Building C object libs/libc/CMakeFiles/c.dir/semaphore/sem_setprotocol.c.o
[912/3338] Building C object libs/libc/CMakeFiles/c.dir/search/hcreate_r.c.o
[913/3338] Building C object libs/libc/CMakeFiles/c.dir/semaphore/sem_getvalue.c.o
[914/3338] Building C object libs/libc/CMakeFiles/c.dir/semaphore/sem_destroy.c.o
[915/3338] Building C object libs/libc/CMakeFiles/c.dir/semaphore/sem_wait.c.o
[916/3338] Building C object libs/libc/CMakeFiles/c.dir/signal/sig_andset.c.o
[917/3338] Building C object libs/libc/CMakeFiles/c.dir/signal/sig_altstack.c.o
[918/3338] Building C object libs/libc/CMakeFiles/c.dir/semaphore/sem_trywait.c.o
[919/3338] Building C object libs/libc/CMakeFiles/c.dir/semaphore/sem_timedwait.c.o
[920/3338] Building C object libs/libc/CMakeFiles/c.dir/signal/sig_addset.c.o
[921/3338] Building C object libs/libc/CMakeFiles/c.dir/semaphore/sem_post.c.o
[922/3338] Building C object libs/libc/CMakeFiles/c.dir/semaphore/sem_clockwait.c.o
[923/3338] Building C object libs/libc/CMakeFiles/c.dir/signal/sig_delset.c.o
[924/3338] Building C object libs/libc/CMakeFiles/c.dir/signal/sig_hold.c.o
[925/3338] Building C object libs/libc/CMakeFiles/c.dir/signal/sig_longjmp.c.o
[926/3338] Building C object libs/libc/CMakeFiles/c.dir/signal/sig_killpg.c.o
[927/3338] Building C object libs/libc/CMakeFiles/c.dir/signal/sig_emptyset.c.o
[928/3338] Building C object libs/libc/CMakeFiles/c.dir/signal/sig_fillset.c.o
[929/3338] Building C object libs/libc/CMakeFiles/c.dir/signal/sig_isemptyset.c.o
[930/3338] Building C object libs/libc/CMakeFiles/c.dir/signal/sig_orset.c.o
[931/3338] Building C object libs/libc/CMakeFiles/c.dir/signal/sig_ismember.c.o
[932/3338] Building C object libs/libc/CMakeFiles/c.dir/signal/sig_nandset.c.o
[933/3338] Building C object libs/libc/CMakeFiles/c.dir/signal/sig_relse.c.o
[934/3338] Building C object libs/libc/CMakeFiles/c.dir/signal/sig_pause.c.o
[935/3338] Building C object libs/libc/CMakeFiles/c.dir/signal/sig_xorset.c.o
[936/3338] Building C object libs/libc/CMakeFiles/c.dir/signal/sig_raise.c.o
[937/3338] Building C object libs/libc/CMakeFiles/c.dir/signal/sig_ignore.c.o
[938/3338] Building C object libs/libc/CMakeFiles/c.dir/signal/sig_wait.c.o
[939/3338] Building C object libs/libc/CMakeFiles/c.dir/signal/sig_psignal.c.o
[940/3338] Building C object libs/libc/CMakeFiles/c.dir/signal/sig_interrupt.c.o
[941/3338] Building C object libs/libc/CMakeFiles/c.dir/signal/sig_set.c.o
[942/3338] Building C object libs/libc/CMakeFiles/c.dir/signal/sig_signal.c.o
[943/3338] Building C object libs/libc/CMakeFiles/c.dir/spawn/lib_psfa_addaction.c.o
[944/3338] Building C object libs/libc/CMakeFiles/c.dir/spawn/lib_psfa_addclose.c.o
[945/3338] Building C object libs/libc/CMakeFiles/c.dir/spawn/lib_psfa_destroy.c.o
[946/3338] Building C object libs/libc/CMakeFiles/c.dir/spawn/lib_psfa_addopen.c.o
[947/3338] Building C object libs/libc/CMakeFiles/c.dir/spawn/lib_psfa_init.c.o
[948/3338] Building C object libs/libc/CMakeFiles/c.dir/spawn/lib_psfa_adddup2.c.o
[949/3338] Building C object libs/libc/CMakeFiles/c.dir/spawn/lib_psa_getflags.c.o
[950/3338] Building C object libs/libc/CMakeFiles/c.dir/spawn/lib_psa_getschedparam.c.o
[951/3338] Building C object libs/libc/CMakeFiles/c.dir/spawn/lib_psa_getschedpolicy.c.o
[952/3338] Building C object libs/libc/CMakeFiles/c.dir/spawn/lib_psa_setflags.c.o
[953/3338] Building C object libs/libc/CMakeFiles/c.dir/spawn/lib_psa_setschedparam.c.o
[954/3338] Building C object libs/libc/CMakeFiles/c.dir/spawn/lib_psa_setschedpolicy.c.o
[955/3338] Building C object libs/libc/CMakeFiles/c.dir/spawn/lib_psa_getsigmask.c.o
[956/3338] Building C object libs/libc/CMakeFiles/c.dir/spawn/lib_psa_setsigmask.c.o
[957/3338] Building C object libs/libc/CMakeFiles/c.dir/spawn/lib_psa_init.c.o
[958/3338] Building C object libs/libc/CMakeFiles/c.dir/spawn/lib_psa_getstacksize.c.o
[959/3338] Building C object libs/libc/CMakeFiles/c.dir/spawn/lib_psa_setstacksize.c.o
[960/3338] Building C object libs/libc/CMakeFiles/c.dir/spawn/lib_psa_setpriority.c.o
[961/3338] Building C object libs/libc/CMakeFiles/c.dir/spawn/lib_psa_getpriority.c.o
[962/3338] Building C object libs/libc/CMakeFiles/c.dir/spawn/lib_psa_getheapsize.c.o
[963/3338] Building C object libs/libc/CMakeFiles/c.dir/spawn/lib_psa_setheapsize.c.o
[964/3338] Building C object libs/libc/CMakeFiles/c.dir/spawn/lib_psa_destroy.c.o
[965/3338] Building C object libs/libc/CMakeFiles/c.dir/stdio/lib_fileno.c.o
[966/3338] Building C object libs/libc/CMakeFiles/c.dir/spawn/lib_psfa_dump.c.o
[967/3338] Building C object libs/libc/CMakeFiles/c.dir/spawn/lib_psa_dump.c.o
[968/3338] Building C object libs/libc/CMakeFiles/c.dir/stdio/lib_sprintf.c.o
[969/3338] Building C object libs/libc/CMakeFiles/c.dir/stdio/lib_printf.c.o
[970/3338] Building C object libs/libc/CMakeFiles/c.dir/stdio/lib_asprintf.c.o
[971/3338] Building C object libs/libc/CMakeFiles/c.dir/stdio/lib_snprintf.c.o
[972/3338] Building C object libs/libc/CMakeFiles/c.dir/stdio/lib_vsprintf.c.o
[973/3338] Building C object libs/libc/CMakeFiles/c.dir/stdio/lib_vsnprintf.c.o
[974/3338] Building C object libs/libc/CMakeFiles/c.dir/stdio/lib_dprintf.c.o
[975/3338] Building C object libs/libc/CMakeFiles/c.dir/stdio/lib_vdprintf.c.o
[976/3338] Building C object libs/libc/CMakeFiles/c.dir/stdio/lib_vasprintf.c.o
[977/3338] Building C object libs/libc/CMakeFiles/c.dir/stdio/lib_vprintf.c.o
[978/3338] Building C object libs/libc/CMakeFiles/c.dir/stdio/lib_perror.c.o
[979/3338] Building C object libs/libc/CMakeFiles/c.dir/stdio/lib_putchar.c.o
[980/3338] Building C object libs/libc/CMakeFiles/c.dir/stdio/lib_getchar.c.o
[981/3338] Building C object libs/libc/CMakeFiles/c.dir/stdio/lib_gets_s.c.o
[982/3338] Building C object libs/libc/CMakeFiles/c.dir/stdio/lib_puts.c.o
[983/3338] Building C object libs/libc/CMakeFiles/c.dir/stdio/lib_vsscanf.c.o
[984/3338] Building C object libs/libc/CMakeFiles/c.dir/stdio/lib_gets.c.o
[985/3338] Building C object libs/libc/CMakeFiles/c.dir/stdio/lib_sscanf.c.o
[986/3338] Building C object libs/libc/CMakeFiles/c.dir/stdio/lib_tempnam.c.o
[987/3338] Building C object libs/libc/CMakeFiles/c.dir/stdio/lib_remove.c.o
[988/3338] Building C object libs/libc/CMakeFiles/c.dir/stdio/lib_libdgets.c.o
[989/3338] Building C object libs/libc/CMakeFiles/c.dir/stdio/lib_tmpnam.c.o
[990/3338] Building C object libs/libc/CMakeFiles/c.dir/stdio/lib_renameat.c.o
[991/3338] Building C object libs/libc/CMakeFiles/c.dir/stdio/lib_putwchar.c.o
[992/3338] Building C object libs/libc/CMakeFiles/c.dir/stdio/lib_fread.c.o
[993/3338] Building C object libs/libc/CMakeFiles/c.dir/stdio/lib_freopen.c.o
[994/3338] Building C object libs/libc/CMakeFiles/c.dir/stdio/lib_fseek.c.o
[995/3338] Building C object libs/libc/CMakeFiles/c.dir/stdio/lib_fclose.c.o
[996/3338] Building C object libs/libc/CMakeFiles/c.dir/stdio/lib_ftell.c.o
[997/3338] Building C object libs/libc/CMakeFiles/c.dir/stdio/lib_fopen.c.o
[998/3338] Building C object libs/libc/CMakeFiles/c.dir/stdio/lib_fseeko.c.o
[999/3338] Building C object libs/libc/CMakeFiles/c.dir/stdio/lib_libfread_unlocked.c.o
[1000/3338] Building C object libs/libc/CMakeFiles/c.dir/stdio/lib_fsetpos.c.o
[1001/3338] Building C object libs/libc/CMakeFiles/c.dir/stdio/lib_ftello.c.o
[1002/3338] Building C object libs/libc/CMakeFiles/c.dir/stdio/lib_fgetpos.c.o
[1003/3338] Building C object libs/libc/CMakeFiles/c.dir/stdio/lib_getdelim.c.o
[1004/3338] Building C object libs/libc/CMakeFiles/c.dir/stdio/lib_getc.c.o
[1005/3338] Building C object libs/libc/CMakeFiles/c.dir/stdio/lib_fgetc.c.o
[1006/3338] Building C object libs/libc/CMakeFiles/c.dir/stdio/lib_fgets.c.o
[1007/3338] Building C object libs/libc/CMakeFiles/c.dir/stdio/lib_fwrite.c.o
[1008/3338] Building C object libs/libc/CMakeFiles/c.dir/stdio/lib_libfgets.c.o
[1009/3338] Building C object libs/libc/CMakeFiles/c.dir/stdio/lib_fflush.c.o
[1010/3338] Building C object libs/libc/CMakeFiles/c.dir/stdio/lib_libfwrite.c.o
[1011/3338] Building C object libs/libc/CMakeFiles/c.dir/stdio/lib_wrflush_unlocked.c.o
[1012/3338] Building C object libs/libc/CMakeFiles/c.dir/stdio/lib_libfflush.c.o
[1013/3338] Building C object libs/libc/CMakeFiles/c.dir/stdio/lib_rdflush_unlocked.c.o
[1014/3338] Building C object libs/libc/CMakeFiles/c.dir/stdio/lib_putc.c.o
[1015/3338] Building C object libs/libc/CMakeFiles/c.dir/stdio/lib_libflushall.c.o
[1016/3338] Building C object libs/libc/CMakeFiles/c.dir/stdio/lib_fputc.c.o
[1017/3338] Building C object libs/libc/CMakeFiles/c.dir/stdio/lib_fprintf.c.o
[1018/3338] Building C object libs/libc/CMakeFiles/c.dir/stdio/lib_ungetc.c.o
[1019/3338] Building C object libs/libc/CMakeFiles/c.dir/stdio/lib_fputs.c.o
[1020/3338] Building C object libs/libc/CMakeFiles/c.dir/stdio/lib_feof.c.o
[1021/3338] Building C object libs/libc/CMakeFiles/c.dir/stdio/lib_vfprintf.c.o
[1022/3338] Building C object libs/libc/CMakeFiles/c.dir/stdio/lib_ferror.c.o
[1023/3338] Building C object libs/libc/CMakeFiles/c.dir/stdio/lib_rewind.c.o
[1024/3338] Building C object libs/libc/CMakeFiles/c.dir/stdio/lib_clearerr.c.o
[1025/3338] Building C object libs/libc/CMakeFiles/c.dir/stdio/lib_scanf.c.o
[1026/3338] Building C object libs/libc/CMakeFiles/c.dir/stdio/lib_vscanf.c.o
[1027/3338] Building C object libs/libc/CMakeFiles/c.dir/stdio/lib_fscanf.c.o
[1028/3338] Building C object libs/libc/CMakeFiles/c.dir/stdio/lib_setbuf.c.o
[1029/3338] Building C object libs/libc/CMakeFiles/c.dir/stdio/lib_vfscanf.c.o
[1030/3338] Building C object libs/libc/CMakeFiles/c.dir/stdio/lib_tmpfile.c.o
[1031/3338] Building C object libs/libc/CMakeFiles/c.dir/stdio/lib_setvbuf.c.o
[1032/3338] Building C object libs/libc/CMakeFiles/c.dir/stdio/lib_fputwc.c.o
[1033/3338] Building C object libs/libc/CMakeFiles/c.dir/stdio/lib_setbuffer.c.o
[1034/3338] Building C object libs/libc/CMakeFiles/c.dir/stdio/lib_putwc.c.o
[1035/3338] Building C object libs/libc/CMakeFiles/c.dir/stdio/lib_libgetstreams.c.o
[1036/3338] Building C object libs/libc/CMakeFiles/c.dir/stdio/lib_fputws.c.o
[1037/3338] Building C object libs/libc/CMakeFiles/c.dir/stdio/lib_libfilelock.c.o
[1038/3338] Building C object libs/libc/CMakeFiles/c.dir/stdio/lib_fopencookie.c.o
[1039/3338] Building C object libs/libc/CMakeFiles/c.dir/stdlib/lib_abs.c.o
[1040/3338] Building C object libs/libc/CMakeFiles/c.dir/stdio/lib_getwc.c.o
[1041/3338] Building C object libs/libc/CMakeFiles/c.dir/stdio/lib_fgetwc.c.o
[1042/3338] Building C object libs/libc/CMakeFiles/c.dir/stdio/lib_ungetwc.c.o
[1043/3338] Building C object libs/libc/CMakeFiles/c.dir/stdlib/lib_atof.c.o
[1044/3338] Building C object libs/libc/CMakeFiles/c.dir/stdio/lib_fmemopen.c.o
[1045/3338] Building C object libs/libc/CMakeFiles/c.dir/stdio/lib_open_memstream.c.o
[1046/3338] Building C object libs/libc/CMakeFiles/c.dir/stdlib/lib_atoi.c.o
[1047/3338] Building C object libs/libc/CMakeFiles/c.dir/stdlib/lib_abort.c.o
[1048/3338] Building C object libs/libc/CMakeFiles/c.dir/stdlib/lib_atol.c.o
[1049/3338] Building C object libs/libc/CMakeFiles/c.dir/stdlib/lib_atoll.c.o
[1050/3338] Building C object libs/libc/CMakeFiles/c.dir/stdlib/lib_div.c.o
[1051/3338] Building C object libs/libc/CMakeFiles/c.dir/stdlib/lib_getprogname.c.o
[1052/3338] Building C object libs/libc/CMakeFiles/c.dir/stdlib/lib_ldiv.c.o
[1053/3338] Building C object libs/libc/CMakeFiles/c.dir/stdlib/lib_lldiv.c.o
[1054/3338] Building C object libs/libc/CMakeFiles/c.dir/stdlib/lib_labs.c.o
[1055/3338] Building C object libs/libc/CMakeFiles/c.dir/stdlib/lib_llabs.c.o
[1056/3338] Building C object libs/libc/CMakeFiles/c.dir/stdlib/lib_itoa.c.o
[1057/3338] Building C object libs/libc/CMakeFiles/c.dir/stdlib/lib_exit.c.o
[1058/3338] Building C object libs/libc/CMakeFiles/c.dir/stdlib/lib_bsearch.c.o
[1059/3338] Building C object libs/libc/CMakeFiles/c.dir/stdlib/lib_rand.c.o
[1060/3338] Building C object libs/libc/CMakeFiles/c.dir/stdlib/lib_realpath.c.o
[1061/3338] Building C object libs/libc/CMakeFiles/c.dir/stdlib/lib_reallocarray.c.o
[1062/3338] Building C object libs/libc/CMakeFiles/c.dir/stdlib/lib_strtol.c.o
[1063/3338] Building C object libs/libc/CMakeFiles/c.dir/stdlib/lib_strtoll.c.o
[1064/3338] Building C object libs/libc/CMakeFiles/c.dir/stdlib/lib_srand.c.o
[1065/3338] Building C object libs/libc/CMakeFiles/c.dir/stdlib/lib_rand48.c.o
[1066/3338] Building C object libs/libc/CMakeFiles/c.dir/stdlib/lib_qsort.c.o
[1067/3338] Building C object libs/libc/CMakeFiles/c.dir/stdlib/lib_strtoul.c.o
[1068/3338] Building C object libs/libc/CMakeFiles/c.dir/stdlib/lib_aligned_alloc.c.o
[1069/3338] Building C object libs/libc/CMakeFiles/c.dir/stdlib/lib_checkbase.c.o
[1070/3338] Building C object libs/libc/CMakeFiles/c.dir/stdlib/lib_strtoull.c.o
[1071/3338] Building C object libs/libc/CMakeFiles/c.dir/stdlib/lib_mkstemp.c.o
[1072/3338] Building C object libs/libc/CMakeFiles/c.dir/stdlib/lib_posix_memalign.c.o
[1073/3338] Building C object libs/libc/CMakeFiles/c.dir/stdlib/lib_mkdtemp.c.o
[1074/3338] Building C object libs/libc/CMakeFiles/c.dir/stdlib/lib_mktemp.c.o
[1075/3338] Building C object libs/libc/CMakeFiles/c.dir/stdlib/lib_mblen.c.o
[1076/3338] Building C object libs/libc/CMakeFiles/c.dir/stdlib/lib_wctomb.c.o
[1077/3338] Building C object libs/libc/CMakeFiles/c.dir/stdlib/lib_mbtowc.c.o
[1078/3338] Building C object libs/libc/CMakeFiles/c.dir/stdlib/lib_valloc.c.o
[1079/3338] Building C object libs/libc/CMakeFiles/c.dir/stdlib/lib_mbstowcs.c.o
[1080/3338] Building C object libs/libc/CMakeFiles/c.dir/stdlib/lib_wcstombs.c.o
[1081/3338] Building C object libs/libc/CMakeFiles/c.dir/stdlib/lib_arc4random.c.o
[1082/3338] Building C object libs/libc/CMakeFiles/c.dir/stream/lib_memoutstream.c.o
[1083/3338] Building C object libs/libc/CMakeFiles/c.dir/stream/lib_meminstream.c.o
[1084/3338] Building C object libs/libc/CMakeFiles/c.dir/stdlib/lib_atexit.c.o
[1085/3338] Building C object libs/libc/CMakeFiles/c.dir/stream/lib_memsistream.c.o
[1086/3338] Building C object libs/libc/CMakeFiles/c.dir/stream/lib_memsostream.c.o
[1087/3338] Building C object libs/libc/CMakeFiles/c.dir/stream/lib_lowoutstream.c.o
[1088/3338] Building C object libs/libc/CMakeFiles/c.dir/stdlib/lib_strtold.c.o
[1089/3338] Building C object libs/libc/CMakeFiles/c.dir/stream/lib_rawinstream.c.o
[1090/3338] Building C object libs/libc/CMakeFiles/c.dir/stream/lib_zeroinstream.c.o
[1091/3338] Building C object libs/libc/CMakeFiles/c.dir/stream/lib_rawoutstream.c.o
[1092/3338] Building C object libs/libc/CMakeFiles/c.dir/stream/lib_nullinstream.c.o
[1093/3338] Building C object libs/libc/CMakeFiles/c.dir/stream/lib_nulloutstream.c.o
[1094/3338] Building C object libs/libc/CMakeFiles/c.dir/stream/lib_rawsistream.c.o
[1095/3338] Building C object libs/libc/CMakeFiles/c.dir/stream/lib_rawsostream.c.o
[1096/3338] Building C object libs/libc/CMakeFiles/c.dir/stream/lib_libnoflush.c.o
[1097/3338] Building C object libs/libc/CMakeFiles/c.dir/stream/lib_libsnoflush.c.o
[1098/3338] Building C object libs/libc/CMakeFiles/c.dir/stream/lib_mtdoutstream.c.o
[1099/3338] Building C object libs/libc/CMakeFiles/c.dir/stream/lib_bufferedoutstream.c.o
[1100/3338] Building C object libs/libc/CMakeFiles/c.dir/stream/lib_filesistream.c.o
[1101/3338] Building C object libs/libc/CMakeFiles/c.dir/stream/lib_hexdumpstream.c.o
[1102/3338] Building C object libs/libc/CMakeFiles/c.dir/stream/lib_base64outstream.c.o
[1103/3338] Building C object libs/libc/CMakeFiles/c.dir/stream/lib_mtdsostream.c.o
[1104/3338] Building C object libs/libc/CMakeFiles/c.dir/stream/lib_fileoutstream.c.o
[1105/3338] Building C object libs/libc/CMakeFiles/c.dir/stream/lib_ultoa_invert.c.o
[1106/3338] Building C object libs/libc/CMakeFiles/c.dir/stream/lib_dtoa_data.c.o
[1107/3338] Building C object libs/libc/CMakeFiles/c.dir/stream/lib_syslograwstream.c.o
[1108/3338] Building C object libs/libc/CMakeFiles/c.dir/stream/lib_libbsprintf.c.o
[1109/3338] Building C object libs/libc/CMakeFiles/c.dir/stream/lib_libosprintf.c.o
[1110/3338] Building C object libs/libc/CMakeFiles/c.dir/stream/lib_dtoa_engine.c.o
[1111/3338] Building C object libs/libc/CMakeFiles/c.dir/stream/lib_stdinstream.c.o
[1112/3338] Building C object libs/libc/CMakeFiles/c.dir/string/lib_bzero.c.o
[1113/3338] Building C object libs/libc/CMakeFiles/c.dir/stream/lib_stdsistream.c.o
[1114/3338] Building C object libs/libc/CMakeFiles/c.dir/stream/lib_stdoutstream.c.o
[1115/3338] Building C object libs/libc/CMakeFiles/c.dir/stream/lib_stdsostream.c.o
[1116/3338] Building C object libs/libc/CMakeFiles/c.dir/string/lib_isbasedigit.c.o
[1117/3338] Building C object libs/libc/CMakeFiles/c.dir/string/lib_popcount.c.o
[1118/3338] Building C object libs/libc/CMakeFiles/c.dir/string/lib_popcountl.c.o
[1119/3338] Building C object libs/libc/CMakeFiles/c.dir/string/lib_memmem.c.o
[1120/3338] Building C object libs/libc/CMakeFiles/c.dir/string/lib_popcountll.c.o
[1121/3338] Building C object libs/libc/CMakeFiles/c.dir/stream/lib_blkoutstream.c.o
[1122/3338] Building C object libs/libc/CMakeFiles/c.dir/stream/lib_libvscanf.c.o
[1123/3338] Building C object libs/libc/CMakeFiles/c.dir/string/lib_strcspn.c.o
[1124/3338] Building C object libs/libc/CMakeFiles/c.dir/string/lib_skipspace.c.o
[1125/3338] Building C object libs/libc/CMakeFiles/c.dir/string/lib_strcasecmp.c.o
[1126/3338] Building C object libs/libc/CMakeFiles/c.dir/string/lib_strerror.c.o
[1127/3338] Building C object libs/libc/CMakeFiles/c.dir/string/lib_strdup.c.o
[1128/3338] Building C object libs/libc/CMakeFiles/c.dir/string/lib_strncasecmp.c.o
[1129/3338] Building C object libs/libc/CMakeFiles/c.dir/string/lib_strncat.c.o
[1130/3338] Building C object libs/libc/CMakeFiles/c.dir/string/lib_strpbrk.c.o
[1131/3338] Building C object libs/libc/CMakeFiles/c.dir/string/lib_strcasestr.c.o
[1132/3338] Building C object libs/libc/CMakeFiles/c.dir/stream/lib_libvsprintf.c.o
[1133/3338] Building C object libs/libc/CMakeFiles/c.dir/string/lib_strspn.c.o
[1134/3338] Building C object libs/libc/CMakeFiles/c.dir/string/lib_strndup.c.o
[1135/3338] Building C object libs/libc/CMakeFiles/c.dir/string/lib_strstr.c.o
[1136/3338] Building C object libs/libc/CMakeFiles/c.dir/string/lib_strtokr.c.o
[1137/3338] Building C object libs/libc/CMakeFiles/c.dir/string/lib_strtok.c.o
[1138/3338] Building C object libs/libc/CMakeFiles/c.dir/string/lib_strsep.c.o
[1139/3338] Building C object libs/libc/CMakeFiles/c.dir/string/lib_strerrorr.c.o
[1140/3338] Building C object libs/libc/CMakeFiles/c.dir/string/lib_explicit_bzero.c.o
[1141/3338] Building C object libs/libc/CMakeFiles/c.dir/string/lib_index.c.o
[1142/3338] Building C object libs/libc/CMakeFiles/c.dir/string/lib_rindex.c.o
[1143/3338] Building C object libs/libc/CMakeFiles/c.dir/string/lib_strsignal.c.o
[1144/3338] Building C object libs/libc/CMakeFiles/c.dir/string/lib_timingsafe_bcmp.c.o
[1145/3338] Building C object libs/libc/CMakeFiles/c.dir/string/lib_mempcpy.c.o
[1146/3338] Building C object libs/libc/CMakeFiles/c.dir/string/lib_rawmemchr.c.o
[1147/3338] Building C object libs/libc/CMakeFiles/c.dir/string/lib_strverscmp.c.o
[1148/3338] Building C object libs/libc/CMakeFiles/c.dir/string/lib_memmove.c.o
[1149/3338] Building C object libs/libc/CMakeFiles/c.dir/string/lib_strlcat.c.o
[1150/3338] Building C object libs/libc/CMakeFiles/c.dir/string/lib_strlcpy.c.o
[1151/3338] Building C object libs/libc/CMakeFiles/c.dir/string/lib_strnlen.c.o
[1152/3338] Building C object libs/libc/CMakeFiles/c.dir/string/lib_bsdmemcpy.c.o
[1153/3338] Building C object libs/libc/CMakeFiles/c.dir/string/lib_bsdmemccpy.c.o
[1154/3338] Building C object libs/libc/CMakeFiles/c.dir/string/lib_bsdmemcmp.c.o
[1155/3338] Building C object libs/libc/CMakeFiles/c.dir/string/lib_bsdmemrchr.c.o
[1156/3338] Building C object libs/libc/CMakeFiles/c.dir/string/lib_bsdmemset.c.o
[1157/3338] Building C object libs/libc/CMakeFiles/c.dir/string/lib_bsdstpncpy.c.o
[1158/3338] Building C object libs/libc/CMakeFiles/c.dir/string/lib_bsdstrcmp.c.o
[1159/3338] Building C object libs/libc/CMakeFiles/c.dir/string/lib_bsdstrchr.c.o
[1160/3338] Building C object libs/libc/CMakeFiles/c.dir/string/lib_bsdstrlen.c.o
[1161/3338] Building C object libs/libc/CMakeFiles/c.dir/string/lib_bsdstrncpy.c.o
[1162/3338] Building C object libs/libc/CMakeFiles/c.dir/string/lib_bsdmemchr.c.o
[1163/3338] Building C object libs/libc/CMakeFiles/c.dir/string/lib_bsdstpcpy.c.o
[1164/3338] Building C object libs/libc/CMakeFiles/c.dir/string/lib_bsdstrcat.c.o
[1165/3338] Building C object libs/libc/CMakeFiles/c.dir/string/lib_bsdstrchrnul.c.o
[1166/3338] Building C object libs/libc/CMakeFiles/c.dir/string/lib_bsdstrcpy.c.o
[1167/3338] Building C object libs/libc/CMakeFiles/c.dir/string/lib_bsdstrncmp.c.o
[1168/3338] Building C object libs/libc/CMakeFiles/c.dir/string/lib_bsdstrrchr.c.o
[1169/3338] Building C object libs/libc/CMakeFiles/c.dir/symtab/symtab_sortbyname.c.o
[1170/3338] Building C object libs/libc/CMakeFiles/c.dir/symtab/symtab_findbyname.c.o
[1171/3338] Building C object libs/libc/CMakeFiles/c.dir/symtab/symtab_findbyvalue.c.o
[1172/3338] Building C object libs/libc/CMakeFiles/c.dir/termios/lib_cfspeed.c.o
[1173/3338] Building C object libs/libc/CMakeFiles/c.dir/termios/lib_cfmakeraw.c.o
[1174/3338] Building C object libs/libc/CMakeFiles/c.dir/syslog/lib_setlogmask.c.o
[1175/3338] Building C object libs/libc/CMakeFiles/c.dir/termios/lib_tcflush.c.o
[1176/3338] Building C object libs/libc/CMakeFiles/c.dir/syslog/lib_syslog.c.o
[1177/3338] Building C object libs/libc/CMakeFiles/c.dir/termios/lib_tcdrain.c.o
[1178/3338] Building C object libs/libc/CMakeFiles/c.dir/termios/lib_tcflow.c.o
[1179/3338] Building C object libs/libc/CMakeFiles/c.dir/termios/lib_isatty.c.o
[1180/3338] Building C object libs/libc/CMakeFiles/c.dir/termios/lib_tcgetattr.c.o
[1181/3338] Building C object libs/libc/CMakeFiles/c.dir/termios/lib_tcsetattr.c.o
[1182/3338] Building C object libs/libc/CMakeFiles/c.dir/termios/lib_tcsendbreak.c.o
[1183/3338] Building C object libs/libc/CMakeFiles/c.dir/termios/lib_ttyname.c.o
[1184/3338] Building C object libs/libc/CMakeFiles/c.dir/time/lib_daysbeforemonth.c.o
[1185/3338] Building C object libs/libc/CMakeFiles/c.dir/termios/lib_ttynamer.c.o
[1186/3338] Building C object libs/libc/CMakeFiles/c.dir/time/lib_gettimeofday.c.o
[1187/3338] Building C object libs/libc/CMakeFiles/c.dir/time/lib_isleapyear.c.o
[1188/3338] Building C object libs/libc/CMakeFiles/c.dir/time/lib_calendar2utc.c.o
[1189/3338] Building C object libs/libc/CMakeFiles/c.dir/time/lib_settimeofday.c.o
[1190/3338] Building C object libs/libc/CMakeFiles/c.dir/time/lib_time.c.o
[1191/3338] Building C object libs/libc/CMakeFiles/c.dir/time/lib_timespec_get.c.o
[1192/3338] Building C object libs/libc/CMakeFiles/c.dir/time/lib_nanosleep.c.o
[1193/3338] Building C object libs/libc/CMakeFiles/c.dir/time/lib_difftime.c.o
[1194/3338] Building C object libs/libc/CMakeFiles/c.dir/time/lib_dayofweek.c.o
[1195/3338] Building C object libs/libc/CMakeFiles/c.dir/time/lib_ctime.c.o
[1196/3338] Building C object libs/libc/CMakeFiles/c.dir/time/lib_asctime.c.o
[1197/3338] Building C object libs/libc/CMakeFiles/c.dir/time/lib_ctimer.c.o
[1198/3338] Building C object libs/libc/CMakeFiles/c.dir/time/lib_asctimer.c.o
[1199/3338] Building C object libs/libc/CMakeFiles/c.dir/time/lib_gethrtime.c.o
[1200/3338] Building C object libs/libc/CMakeFiles/c.dir/time/lib_strftime.c.o
[1201/3338] Building C object libs/libc/CMakeFiles/c.dir/tls/task_tls.c.o
[1202/3338] Building C object libs/libc/CMakeFiles/c.dir/tls/tls_getinfo.c.o
[1203/3338] Building C object libs/libc/CMakeFiles/c.dir/time/lib_gmtime.c.o
[1204/3338] Building C object libs/libc/CMakeFiles/c.dir/tls/task_tls_destruct.c.o
[1205/3338] Building C object libs/libc/CMakeFiles/c.dir/time/lib_timegm.c.o
[1206/3338] Building C object libs/libc/CMakeFiles/c.dir/uio/lib_preadv.c.o
[1207/3338] Building C object libs/libc/CMakeFiles/c.dir/time/lib_gmtimer.c.o
[1208/3338] Building C object libs/libc/CMakeFiles/c.dir/tls/tls_destruct.c.o
[1209/3338] Building C object libs/libc/CMakeFiles/c.dir/uio/lib_pwritev.c.o
[1210/3338] Building C object libs/libc/CMakeFiles/c.dir/unistd/lib_daemon.c.o
[1211/3338] Building C object libs/libc/CMakeFiles/c.dir/unistd/lib_swab.c.o
[1212/3338] Building C object libs/libc/CMakeFiles/c.dir/unistd/lib_pathconf.c.o
[1213/3338] Building C object libs/libc/CMakeFiles/c.dir/unistd/lib_access.c.o
[1214/3338] Building C object libs/libc/CMakeFiles/c.dir/unistd/lib_getentropy.c.o
[1215/3338] Building C object libs/libc/CMakeFiles/c.dir/unistd/lib_sysconf.c.o
[1216/3338] Building C object libs/libc/CMakeFiles/c.dir/unistd/lib_getcwd.c.o
[1217/3338] Building C object libs/libc/CMakeFiles/c.dir/unistd/lib_getopt.c.o
[1218/3338] Building C object libs/libc/CMakeFiles/c.dir/unistd/lib_getopt_longonly.c.o
[1219/3338] Building C object libs/libc/CMakeFiles/c.dir/unistd/lib_getopt_long.c.o
[1220/3338] Building C object libs/libc/CMakeFiles/c.dir/unistd/lib_getoptvars.c.o
[1221/3338] Building C object libs/libc/CMakeFiles/c.dir/unistd/lib_getoptargp.c.o
[1222/3338] Building C object libs/libc/CMakeFiles/c.dir/unistd/lib_getopterrp.c.o
[1223/3338] Building C object libs/libc/CMakeFiles/c.dir/unistd/lib_getoptindp.c.o
[1224/3338] Building C object libs/libc/CMakeFiles/c.dir/unistd/lib_getopt_common.c.o
[1225/3338] Building C object libs/libc/CMakeFiles/c.dir/unistd/lib_times.c.o
[1226/3338] Building C object libs/libc/CMakeFiles/c.dir/unistd/lib_fstatvfs.c.o
[1227/3338] Building C object libs/libc/CMakeFiles/c.dir/unistd/lib_statvfs.c.o
[1228/3338] Building C object libs/libc/CMakeFiles/c.dir/unistd/lib_getoptoptp.c.o
[1229/3338] Building C object libs/libc/CMakeFiles/c.dir/unistd/lib_alarm.c.o
[1230/3338] Building C object libs/libc/CMakeFiles/c.dir/unistd/lib_sleep.c.o
[1231/3338] Building C object libs/libc/CMakeFiles/c.dir/unistd/lib_nice.c.o
[1232/3338] Building C object libs/libc/CMakeFiles/c.dir/unistd/lib_getrusage.c.o
[1233/3338] Building C object libs/libc/CMakeFiles/c.dir/unistd/lib_utime.c.o
[1234/3338] Building C object libs/libc/CMakeFiles/c.dir/unistd/lib_setreuid.c.o
[1235/3338] Building C object libs/libc/CMakeFiles/c.dir/unistd/lib_setrlimit.c.o
[1236/3338] Building C object libs/libc/CMakeFiles/c.dir/unistd/lib_setregid.c.o
[1237/3338] Building C object libs/libc/CMakeFiles/c.dir/unistd/lib_utimes.c.o
[1238/3338] Building C object libs/libc/CMakeFiles/c.dir/unistd/lib_getrlimit.c.o
[1239/3338] Building C object libs/libc/CMakeFiles/c.dir/unistd/lib_setpriority.c.o
[1240/3338] Building C object libs/libc/CMakeFiles/c.dir/unistd/lib_futimes.c.o
[1241/3338] Building C object libs/libc/CMakeFiles/c.dir/unistd/lib_lutimes.c.o
[1242/3338] Building C object libs/libc/CMakeFiles/c.dir/unistd/lib_gethostname.c.o
[1243/3338] Building C object libs/libc/CMakeFiles/c.dir/unistd/lib_sethostname.c.o
[1244/3338] Building C object libs/libc/CMakeFiles/c.dir/unistd/lib_getpriority.c.o
[1245/3338] Building C object libs/libc/CMakeFiles/c.dir/unistd/lib_linkat.c.o
[1246/3338] Building C object libs/libc/CMakeFiles/c.dir/unistd/lib_readlinkat.c.o
[1247/3338] Building C object libs/libc/CMakeFiles/c.dir/unistd/lib_symlinkat.c.o
[1248/3338] Building C object libs/libc/CMakeFiles/c.dir/unistd/lib_fchownat.c.o
[1249/3338] Building C object libs/libc/CMakeFiles/c.dir/unistd/lib_usleep.c.o
[1250/3338] Building C object libs/libc/CMakeFiles/c.dir/unistd/lib_getpgrp.c.o
[1251/3338] Building C object libs/libc/CMakeFiles/c.dir/unistd/lib_unlinkat.c.o
[1252/3338] Building C object libs/libc/CMakeFiles/c.dir/unistd/lib_getpgid.c.o
[1253/3338] Building C object libs/libc/CMakeFiles/c.dir/unistd/lib_lockf.c.o
[1254/3338] Building C object libs/libc/CMakeFiles/c.dir/unistd/lib_flock.c.o
[1255/3338] Building C object libs/libc/CMakeFiles/c.dir/unistd/lib_ulimit.c.o
[1256/3338] Building C object libs/libc/CMakeFiles/c.dir/unistd/lib_confstr.c.o
[1257/3338] Building C object libs/libc/CMakeFiles/c.dir/unistd/lib_setuid.c.o
[1258/3338] Building C object libs/libc/CMakeFiles/c.dir/unistd/lib_setgid.c.o
[1259/3338] Building C object libs/libc/CMakeFiles/c.dir/unistd/lib_getpass.c.o
[1260/3338] Building C object libs/libc/CMakeFiles/c.dir/unistd/lib_getuid.c.o
[1261/3338] Building C object libs/libc/CMakeFiles/c.dir/unistd/lib_seteuid.c.o
[1262/3338] Building C object libs/libc/CMakeFiles/c.dir/unistd/lib_setegid.c.o
[1263/3338] Building C object libs/libc/CMakeFiles/c.dir/unistd/lib_getgid.c.o
[1264/3338] Building C object libs/libc/CMakeFiles/c.dir/unistd/lib_geteuid.c.o
[1265/3338] Building C object libs/libc/CMakeFiles/c.dir/unistd/lib_getegid.c.o
[1266/3338] Building C object libs/libc/CMakeFiles/c.dir/unistd/lib_fchdir.c.o
[1267/3338] Building C object libs/libc/CMakeFiles/c.dir/unistd/lib_chdir.c.o
[1268/3338] Building C object libs/libc/CMakeFiles/c.dir/unistd/lib_restoredir.c.o
[1269/3338] Building C object libs/libc/CMakeFiles/c.dir/unistd/lib_execv.c.o
[1270/3338] Building C object libs/libc/CMakeFiles/c.dir/unistd/lib_truncate.c.o
[1271/3338] Building C object libs/libc/CMakeFiles/c.dir/unistd/lib_execl.c.o
[1272/3338] Building C object libs/libc/CMakeFiles/c.dir/unistd/lib_execle.c.o
[1273/3338] Building C object libs/libc/CMakeFiles/c.dir/unistd/lib_posix_fallocate.c.o
[1274/3338] Building C object libs/libc/CMakeFiles/c.dir/unistd/lib_crypt.c.o
[1275/3338] Building C object libs/libc/CMakeFiles/c.dir/unistd/lib_fork.c.o
[1276/3338] Building C object libs/libc/CMakeFiles/c.dir/uuid/lib_uuid_compare.c.o
[1277/3338] Building C object libs/libc/CMakeFiles/c.dir/uuid/lib_uuid_create_nil.c.o
[1278/3338] Building C object libs/libc/CMakeFiles/c.dir/uuid/lib_uuid_create.c.o
[1279/3338] Building C object libs/libc/CMakeFiles/c.dir/uuid/lib_uuid_equal.c.o
[1280/3338] Building C object libs/libc/CMakeFiles/c.dir/uuid/lib_uuid_hash.c.o
[1281/3338] Building C object libs/libc/CMakeFiles/c.dir/uuid/lib_uuid_from_string.c.o
[1282/3338] Building C object libs/libc/CMakeFiles/c.dir/uuid/lib_uuid_is_nil.c.o
[1283/3338] Building C object libs/libc/CMakeFiles/c.dir/unistd/lib_crypt_r.c.o
[1284/3338] Building C object libs/libc/CMakeFiles/c.dir/uuid/lib_uuid_stream.c.o
[1285/3338] Building C object libs/libc/CMakeFiles/c.dir/wchar/lib_wcslen.c.o
[1286/3338] Building C object libs/libc/CMakeFiles/c.dir/uuid/lib_uuid_to_string.c.o
[1287/3338] Building C object libs/libc/CMakeFiles/c.dir/wchar/lib_wcscmp.c.o
[1288/3338] Building C object libs/libc/CMakeFiles/c.dir/wchar/lib_wmemchr.c.o
[1289/3338] Building C object libs/libc/CMakeFiles/c.dir/wchar/lib_wmemcmp.c.o
[1290/3338] Building C object libs/libc/CMakeFiles/c.dir/wchar/lib_wmemcpy.c.o
[1291/3338] Building C object libs/libc/CMakeFiles/c.dir/wchar/lib_wmemmove.c.o
[1292/3338] Building C object libs/libc/CMakeFiles/c.dir/wchar/lib_wmemset.c.o
[1293/3338] Building C object libs/libc/CMakeFiles/c.dir/wchar/lib_wctob.c.o
[1294/3338] Building C object libs/libc/CMakeFiles/c.dir/wchar/lib_btowc.c.o
[1295/3338] Building C object libs/libc/CMakeFiles/c.dir/wchar/lib_mbrtowc.c.o
[1296/3338] Building C object libs/libc/CMakeFiles/c.dir/wchar/lib_wcsxfrm.c.o
[1297/3338] Building C object libs/libc/CMakeFiles/c.dir/wchar/lib_wcslcpy.c.o
[1298/3338] Building C object libs/libc/CMakeFiles/c.dir/wchar/lib_wcsftime.c.o
[1299/3338] Building C object libs/libc/CMakeFiles/c.dir/wchar/lib_wcrtomb.c.o
[1300/3338] Building C object libs/libc/CMakeFiles/c.dir/wchar/lib_wcscoll.c.o
[1301/3338] Building C object libs/libc/CMakeFiles/c.dir/wchar/lib_wcstol.c.o
[1302/3338] Building C object libs/libc/CMakeFiles/c.dir/wchar/lib_wcstoll.c.o
[1303/3338] Building C object libs/libc/CMakeFiles/c.dir/wchar/lib_wcstof.c.o
[1304/3338] Building C object libs/libc/CMakeFiles/c.dir/wchar/lib_wcstoull.c.o
[1305/3338] Building C object libs/libc/CMakeFiles/c.dir/wchar/lib_wcstold.c.o
[1306/3338] Building C object libs/libc/CMakeFiles/c.dir/wchar/lib_wcstoul.c.o
[1307/3338] Building C object libs/libc/CMakeFiles/c.dir/wchar/lib_wcstod.c.o
[1308/3338] Building C object libs/libc/CMakeFiles/c.dir/wchar/lib_swprintf.c.o
[1309/3338] Building C object libs/libc/CMakeFiles/c.dir/wchar/lib_mbsnrtowcs.c.o
[1310/3338] Building C object libs/libc/CMakeFiles/c.dir/wchar/lib_mbrlen.c.o
[1311/3338] Building C object libs/libc/CMakeFiles/c.dir/wchar/lib_wcsnrtombs.c.o
[1312/3338] Building C object libs/libc/CMakeFiles/c.dir/wchar/lib_mbsinit.c.o
[1313/3338] Building C object libs/libc/CMakeFiles/c.dir/wchar/lib_wcsrtombs.c.o
[1314/3338] Building C object libs/libc/CMakeFiles/c.dir/wchar/lib_mbsrtowcs.c.o
[1315/3338] Building C object libs/libc/CMakeFiles/c.dir/wchar/lib_wcscpy.c.o
[1316/3338] Building C object libs/libc/CMakeFiles/c.dir/wchar/lib_wcscat.c.o
[1317/3338] Building C object libs/libc/CMakeFiles/c.dir/wchar/lib_wcslcat.c.o
[1318/3338] Building C object libs/libc/CMakeFiles/c.dir/wchar/lib_wcsncat.c.o
[1319/3338] Building C object libs/libc/CMakeFiles/c.dir/wchar/lib_wcsrchr.c.o
[1320/3338] Building C object libs/libc/CMakeFiles/c.dir/wchar/lib_wcsncpy.c.o
[1321/3338] Building C object libs/libc/CMakeFiles/c.dir/wchar/lib_wcsncmp.c.o
[1322/3338] Building C object libs/libc/CMakeFiles/c.dir/wchar/lib_wcschr.c.o
[1323/3338] Building C object libs/libc/CMakeFiles/c.dir/wchar/lib_wcscspn.c.o
[1324/3338] Building C object libs/libc/CMakeFiles/c.dir/wchar/lib_wcspbrk.c.o
[1325/3338] Building C object libs/libc/CMakeFiles/c.dir/wchar/lib_wcswcs.c.o
[1326/3338] Building C object libs/libc/CMakeFiles/c.dir/wchar/lib_wcsspn.c.o
[1327/3338] Building C object libs/libc/CMakeFiles/c.dir/wchar/lib_wcstok.c.o
[1328/3338] Building C object libs/libc/CMakeFiles/c.dir/wchar/lib_wcswidth.c.o
[1329/3338] Building C object libs/libc/CMakeFiles/c.dir/wchar/lib_wcwidth.c.o
[1330/3338] Building C object libs/libc/CMakeFiles/c.dir/wctype/lib_wctype.c.o
[1331/3338] Building C object libs/libc/CMakeFiles/c.dir/wctype/lib_towlower.c.o
[1332/3338] Building C object libs/libc/CMakeFiles/c.dir/wctype/lib_towupper.c.o
[1333/3338] Building C object libs/libc/CMakeFiles/c.dir/wchar/lib_wcsstr.c.o
[1334/3338] Building C object libs/libc/CMakeFiles/c.dir/wctype/lib_iswctype.c.o
[1335/3338] Building C object libs/libc/CMakeFiles/kc.dir/elf/elf_read.c.o
[1336/3338] Building C object libs/libc/CMakeFiles/kc.dir/elf/elf_symtab.c.o
[1337/3338] Building C object libs/libc/CMakeFiles/kc.dir/elf/elf_uninit.c.o
[1338/3338] Building C object libs/libc/CMakeFiles/kc.dir/elf/elf_sections.c.o
[1339/3338] Building C object libs/libc/CMakeFiles/kc.dir/elf/elf_registry.c.o
[1340/3338] Building C object libs/libc/CMakeFiles/kc.dir/elf/elf_loadhdrs.c.o
[1341/3338] Building C object libs/libc/CMakeFiles/kc.dir/elf/elf_verify.c.o
[1342/3338] Building C object libs/libc/CMakeFiles/kc.dir/elf/elf_iobuffer.c.o
[1343/3338] Building C object libs/libc/CMakeFiles/kc.dir/elf/elf_symbols.c.o
[1344/3338] Building C object libs/libc/CMakeFiles/kc.dir/elf/elf_load.c.o
[1345/3338] Building C object libs/libc/CMakeFiles/kc.dir/elf/elf_init.c.o
[1346/3338] Building C object libs/libc/CMakeFiles/kc.dir/elf/elf_unload.c.o
[1347/3338] Building C object libs/libc/CMakeFiles/kc.dir/elf/elf_gethandle.c.o
[1348/3338] Building C object libs/libc/CMakeFiles/kc.dir/elf/elf_getsymbol.c.o
[1349/3338] Building C object libs/libc/CMakeFiles/kc.dir/environ/env_getenvironptr.c.o
[1350/3338] Building C object libs/libc/CMakeFiles/kc.dir/elf/elf_remove.c.o
[1351/3338] Building C object libs/libc/CMakeFiles/kc.dir/elf/elf_insert.c.o
[1352/3338] Building C object libs/libc/CMakeFiles/kc.dir/environ/env_release.c.o
[1353/3338] Building C object libs/libc/CMakeFiles/kc.dir/environ/env_findvar.c.o
[1354/3338] Building C object libs/libc/CMakeFiles/kc.dir/environ/env_removevar.c.o
[1355/3338] Building C object libs/libc/CMakeFiles/kc.dir/environ/env_clearenv.c.o
[1356/3338] Building C object libs/libc/CMakeFiles/kc.dir/environ/env_dup.c.o
[1357/3338] Building C object libs/libc/CMakeFiles/kc.dir/environ/env_putenv.c.o
[1358/3338] Building C object libs/libc/CMakeFiles/kc.dir/assert/lib_stackchk.c.o
[1359/3338] Building C object libs/libc/CMakeFiles/kc.dir/ctype/lib_isalnum.c.o
[1360/3338] Building C object libs/libc/CMakeFiles/kc.dir/environ/env_foreach.c.o
[1361/3338] Building C object libs/libc/CMakeFiles/kc.dir/environ/env_getenv.c.o
[1362/3338] Building C object libs/libc/CMakeFiles/kc.dir/ctype/lib_isalpha.c.o
[1363/3338] Building C object libs/libc/CMakeFiles/kc.dir/assert/lib_assert.c.o
[1364/3338] Building C object libs/libc/CMakeFiles/kc.dir/ctype/lib_isascii.c.o
[1365/3338] Building C object libs/libc/CMakeFiles/kc.dir/environ/env_setenv.c.o
[1366/3338] Building C object libs/libc/CMakeFiles/kc.dir/environ/env_unsetenv.c.o
[1367/3338] Building C object libs/libc/CMakeFiles/kc.dir/ctype/lib_isblank.c.o
[1368/3338] Building C object libs/libc/CMakeFiles/kc.dir/ctype/lib_iscntrl.c.o
[1369/3338] Building C object libs/libc/CMakeFiles/kc.dir/ctype/lib_isdigit.c.o
[1370/3338] Building C object libs/libc/CMakeFiles/kc.dir/ctype/lib_isgraph.c.o
[1371/3338] Building C object libs/libc/CMakeFiles/kc.dir/ctype/lib_islower.c.o
[1372/3338] Building C object libs/libc/CMakeFiles/kc.dir/ctype/lib_isprint.c.o
[1373/3338] Building C object libs/libc/CMakeFiles/kc.dir/ctype/lib_ispunct.c.o
[1374/3338] Building C object libs/libc/CMakeFiles/kc.dir/ctype/lib_isspace.c.o
[1375/3338] Building C object libs/libc/CMakeFiles/kc.dir/ctype/lib_isupper.c.o
[1376/3338] Building C object libs/libc/CMakeFiles/kc.dir/ctype/lib_ctype.c.o
[1377/3338] Building C object libs/libc/CMakeFiles/kc.dir/ctype/lib_tolower.c.o
[1378/3338] Building C object libs/libc/CMakeFiles/kc.dir/ctype/lib_isxdigit.c.o
[1379/3338] Building C object libs/libc/CMakeFiles/kc.dir/ctype/lib_toupper.c.o
[1380/3338] Building C object libs/libc/CMakeFiles/kc.dir/dirent/lib_alphasort.c.o
[1381/3338] Building C object libs/libc/CMakeFiles/kc.dir/dirent/lib_readdirr.c.o
[1382/3338] Building C object libs/libc/CMakeFiles/kc.dir/dirent/lib_ftw.c.o
[1383/3338] Building C object libs/libc/CMakeFiles/kc.dir/dirent/lib_scandir.c.o
[1384/3338] Building C object libs/libc/CMakeFiles/kc.dir/dirent/lib_telldir.c.o
[1385/3338] Building C object libs/libc/CMakeFiles/kc.dir/dirent/lib_opendir.c.o
[1386/3338] Building C object libs/libc/CMakeFiles/kc.dir/dirent/lib_nftw.c.o
[1387/3338] Building C object libs/libc/CMakeFiles/kc.dir/dirent/lib_closedir.c.o
[1388/3338] Building C object libs/libc/CMakeFiles/kc.dir/dirent/lib_rewinddir.c.o
[1389/3338] Building C object libs/libc/CMakeFiles/kc.dir/dirent/lib_seekdir.c.o
[1390/3338] Building C object libs/libc/CMakeFiles/kc.dir/dirent/lib_dirfd.c.o
[1391/3338] Building C object libs/libc/CMakeFiles/kc.dir/dirent/lib_readdir.c.o
[1392/3338] Building C object libs/libc/CMakeFiles/kc.dir/dirent/lib_fdopendir.c.o
[1393/3338] Building C object libs/libc/CMakeFiles/kc.dir/fixedmath/lib_fixedmath.c.o
[1394/3338] Building C object libs/libc/CMakeFiles/kc.dir/dlfcn/lib_dlfind_object.c.o
[1395/3338] Building C object libs/libc/CMakeFiles/kc.dir/dirent/lib_versionsort.c.o
[1396/3338] Building C object libs/libc/CMakeFiles/kc.dir/errno/lib_errno.c.o
[1397/3338] Building C object libs/libc/CMakeFiles/kc.dir/fixedmath/lib_b16cos.c.o
[1398/3338] Building C object libs/libc/CMakeFiles/kc.dir/fixedmath/lib_b16sin.c.o
[1399/3338] Building C object libs/libc/CMakeFiles/kc.dir/elf/elf_depend.c.o
[1400/3338] Building C object libs/libc/CMakeFiles/kc.dir/elf/elf_addrenv.c.o
[1401/3338] Building C object libs/libc/CMakeFiles/kc.dir/fixedmath/lib_b16atan2.c.o
[1402/3338] Building C object libs/libc/CMakeFiles/kc.dir/grp/lib_getgrgidr.c.o
[1403/3338] Building C object libs/libc/CMakeFiles/kc.dir/fixedmath/lib_ubsqrt.c.o
[1404/3338] Building C object libs/libc/CMakeFiles/kc.dir/grp/lib_initgroups.c.o
[1405/3338] Building C object libs/libc/CMakeFiles/kc.dir/grp/lib_getgrnamr.c.o
[1406/3338] Building C object libs/libc/CMakeFiles/kc.dir/grp/lib_getgrgid.c.o
[1407/3338] Building C object libs/libc/CMakeFiles/kc.dir/grp/lib_getgrnam.c.o
[1408/3338] Building C object libs/libc/CMakeFiles/kc.dir/grp/lib_getgrbufr.c.o
[1409/3338] Building C object libs/libc/CMakeFiles/kc.dir/inttypes/lib_imaxabs.c.o
[1410/3338] Building C object libs/libc/CMakeFiles/kc.dir/inttypes/lib_imaxdiv.c.o
[1411/3338] Building C object libs/libc/CMakeFiles/kc.dir/elf/elf_bind.c.o
[1412/3338] Building C object libs/libc/CMakeFiles/kc.dir/grp/lib_getgrbuf.c.o
[1413/3338] Building C object libs/libc/CMakeFiles/kc.dir/inttypes/lib_strtoimax.c.o
[1414/3338] Building C object libs/libc/CMakeFiles/kc.dir/inttypes/lib_strtoumax.c.o
[1415/3338] Building C object libs/libc/CMakeFiles/kc.dir/libgen/lib_basename.c.o
[1416/3338] Building C object libs/libc/CMakeFiles/kc.dir/libgen/lib_dirname.c.o
[1417/3338] Building C object libs/libc/CMakeFiles/kc.dir/misc/lib_creat.c.o
[1418/3338] Building C object libs/libc/CMakeFiles/kc.dir/misc/lib_utsname.c.o
[1419/3338] Building C object libs/libc/CMakeFiles/kc.dir/misc/lib_bitmap.c.o
[1420/3338] Building C object libs/libc/CMakeFiles/kc.dir/misc/lib_umask.c.o
[1421/3338] Building C object libs/libc/CMakeFiles/kc.dir/misc/lib_mknod.c.o
[1422/3338] Building C object libs/libc/CMakeFiles/kc.dir/machine/risc-v/arch_elf.c.o
[1423/3338] Building C object libs/libc/CMakeFiles/kc.dir/misc/lib_getrandom.c.o
[1424/3338] Building C object libs/libc/CMakeFiles/kc.dir/misc/lib_xorshift128.c.o
[1425/3338] Building C object libs/libc/CMakeFiles/kc.dir/misc/lib_tea_decrypt.c.o
[1426/3338] Building C object libs/libc/CMakeFiles/kc.dir/misc/lib_circbuf.c.o
[1427/3338] Building C object libs/libc/CMakeFiles/kc.dir/misc/lib_tea_encrypt.c.o
[1428/3338] Building C object libs/libc/CMakeFiles/kc.dir/misc/lib_impure.c.o
[1429/3338] Building C object libs/libc/CMakeFiles/kc.dir/misc/lib_cxx_initialize.c.o
[1430/3338] Building C object libs/libc/CMakeFiles/kc.dir/misc/lib_memfd.c.o
[1431/3338] Building C object libs/libc/CMakeFiles/kc.dir/misc/lib_fchmodat.c.o
[1432/3338] Building C object libs/libc/CMakeFiles/kc.dir/misc/lib_getfullpath.c.o
[1433/3338] Building C object libs/libc/CMakeFiles/kc.dir/misc/lib_fstatat.c.o
[1434/3338] Building C object libs/libc/CMakeFiles/kc.dir/misc/lib_openat.c.o
[1435/3338] Building C object libs/libc/CMakeFiles/kc.dir/misc/lib_mkdirat.c.o
[1436/3338] Building C object libs/libc/CMakeFiles/kc.dir/misc/lib_mallopt.c.o
[1437/3338] Building C object libs/libc/CMakeFiles/kc.dir/misc/lib_getnprocs.c.o
[1438/3338] Building C object libs/libc/CMakeFiles/kc.dir/misc/lib_sem_mutex_noinline.c.o
[1439/3338] Building C object libs/libc/CMakeFiles/kc.dir/misc/lib_utimensat.c.o
[1440/3338] Building C object libs/libc/CMakeFiles/kc.dir/misc/lib_ratelimit.c.o
[1441/3338] Building C object libs/libc/CMakeFiles/kc.dir/misc/lib_umul32.c.o
[1442/3338] Building C object libs/libc/CMakeFiles/kc.dir/misc/lib_umul64.c.o
[1443/3338] Building C object libs/libc/CMakeFiles/kc.dir/misc/lib_umul32x64.c.o
[1444/3338] Building C object libs/libc/CMakeFiles/kc.dir/misc/lib_tempbuffer.c.o
[1445/3338] Building C object libs/libc/CMakeFiles/kc.dir/misc/lib_uadd32x64.c.o
[1446/3338] Building C object libs/libc/CMakeFiles/kc.dir/misc/lib_uadd64.c.o
[1447/3338] Linking C static library libs/libc/libc.a
[1448/3338] Building C object libs/libc/CMakeFiles/kc.dir/misc/lib_usub64x32.c.o
[1449/3338] Building C object libs/libc/CMakeFiles/kc.dir/misc/lib_usub64.c.o
[1450/3338] Building C object libs/libc/CMakeFiles/kc.dir/misc/lib_idr.c.o
[1451/3338] Building C object libs/libc/CMakeFiles/kc.dir/misc/lib_dumpbuffer.c.o
[1452/3338] Building C object libs/libc/CMakeFiles/kc.dir/misc/lib_crc64emac.c.o
[1453/3338] Building C object libs/libc/CMakeFiles/kc.dir/misc/lib_crc64.c.o
[1454/3338] Building C object libs/libc/CMakeFiles/kc.dir/misc/lib_fnmatch.c.o
[1455/3338] Building C object libs/libc/CMakeFiles/kc.dir/misc/lib_debug.c.o
[1456/3338] Building C object libs/libc/CMakeFiles/kc.dir/misc/lib_crc32.c.o
[1457/3338] Building C object libs/libc/CMakeFiles/kc.dir/misc/lib_dumpvbuffer.c.o
[1458/3338] Building C object libs/libc/CMakeFiles/kc.dir/misc/lib_crc32h04c11db7.c.o
[1459/3338] Building C object libs/libc/CMakeFiles/kc.dir/misc/lib_crc16ccitt.c.o
[1460/3338] Building C object libs/libc/CMakeFiles/kc.dir/misc/lib_crc16h1021.c.o
[1461/3338] Building C object libs/libc/CMakeFiles/kc.dir/misc/lib_crc32hf4acfb13.c.o
[1462/3338] Building C object libs/libc/CMakeFiles/kc.dir/misc/lib_crc16.c.o
[1463/3338] Building C object libs/libc/CMakeFiles/kc.dir/misc/lib_crc16h8005.c.o
[1464/3338] Building C object libs/libc/CMakeFiles/kc.dir/misc/lib_crc8.c.o
[1465/3338] Building C object libs/libc/CMakeFiles/kc.dir/misc/lib_crc8ccitt.c.o
[1466/3338] Building C object libs/libc/CMakeFiles/kc.dir/misc/lib_crc8h1d.c.o
[1467/3338] Building C object libs/libc/CMakeFiles/kc.dir/misc/lib_crc8h2f.c.o
[1468/3338] Building C object libs/libc/CMakeFiles/kc.dir/misc/lib_crc8rohc.c.o
[1469/3338] Building C object libs/libc/CMakeFiles/kc.dir/misc/lib_crc8table.c.o
[1470/3338] Building C object libs/libc/CMakeFiles/kc.dir/misc/lib_ftok.c.o
[1471/3338] Building C object libs/libc/CMakeFiles/kc.dir/misc/lib_instrument.c.o
[1472/3338] Building C object libs/libc/CMakeFiles/kc.dir/misc/lib_backtrace.c.o
[1473/3338] Building C object libs/libc/CMakeFiles/kc.dir/misc/lib_fdcheck.c.o
[1474/3338] Building C object libs/libc/CMakeFiles/kc.dir/misc/lib_err.c.o
[1475/3338] Building C object libs/libc/CMakeFiles/kc.dir/misc/lib_envpath.c.o
[1476/3338] Building C object libs/libc/CMakeFiles/kc.dir/net/lib_addrconfig.c.o
[1477/3338] Building C object libs/libc/CMakeFiles/kc.dir/net/lib_htons.c.o
[1478/3338] Building C object libs/libc/CMakeFiles/kc.dir/net/lib_htonl.c.o
[1479/3338] Building C object libs/libc/CMakeFiles/kc.dir/net/lib_htonq.c.o
[1480/3338] Building C object libs/libc/CMakeFiles/kc.dir/misc/lib_glob.c.o
[1481/3338] Building C object libs/libc/CMakeFiles/kc.dir/net/lib_base64.c.o
[1482/3338] Building C object libs/libc/CMakeFiles/kc.dir/net/lib_inetaton.c.o
[1483/3338] Building C object libs/libc/CMakeFiles/kc.dir/net/lib_inetaddr.c.o
[1484/3338] Building C object libs/libc/CMakeFiles/kc.dir/net/lib_accept.c.o
[1485/3338] Building C object libs/libc/CMakeFiles/kc.dir/net/lib_inetnetwork.c.o
[1486/3338] Building C object libs/libc/CMakeFiles/kc.dir/net/lib_inetntop.c.o
[1487/3338] Building C object libs/libc/CMakeFiles/kc.dir/net/lib_inetntoa.c.o
[1488/3338] Building C object libs/libc/CMakeFiles/kc.dir/net/lib_inetpton.c.o
[1489/3338] Building C object libs/libc/CMakeFiles/kc.dir/net/lib_etherntoa.c.o
[1490/3338] Building C object libs/libc/CMakeFiles/kc.dir/net/lib_etheraton.c.o
[1491/3338] Building C object libs/libc/CMakeFiles/kc.dir/net/lib_freeifaddrs.c.o
[1492/3338] Building C object libs/libc/CMakeFiles/kc.dir/net/lib_nametoindex.c.o
[1493/3338] Building C object libs/libc/CMakeFiles/kc.dir/net/lib_indextoname.c.o
[1494/3338] Building C object libs/libc/CMakeFiles/kc.dir/net/lib_getifaddrs.c.o
[1495/3338] Building C object libs/libc/CMakeFiles/kc.dir/net/lib_nameindex.c.o
[1496/3338] Building C object libs/libc/CMakeFiles/kc.dir/misc/lib_lrucache.c.o
[1497/3338] Building C object libs/libc/CMakeFiles/kc.dir/net/lib_freenameindex.c.o
[1498/3338] Building C object libs/libc/CMakeFiles/kc.dir/netdb/lib_gethostbynamer.c.o
[1499/3338] Building C object libs/libc/CMakeFiles/kc.dir/netdb/lib_gethostbyname.c.o
[1500/3338] Building C object libs/libc/CMakeFiles/kc.dir/netdb/lib_h_errno.c.o
[1501/3338] Building C object libs/libc/CMakeFiles/kc.dir/netdb/lib_netdb.c.o
[1502/3338] Building C object libs/libc/CMakeFiles/kc.dir/netdb/lib_gethostbyname2.c.o
[1503/3338] Building C object libs/libc/CMakeFiles/kc.dir/netdb/lib_gethostbyname2r.c.o
[1504/3338] Building C object libs/libc/CMakeFiles/kc.dir/netdb/lib_gethostbyaddr.c.o
[1505/3338] Building C object libs/libc/CMakeFiles/kc.dir/netdb/lib_getservbyname.c.o
[1506/3338] Building C object libs/libc/CMakeFiles/kc.dir/netdb/lib_gethostbyaddrr.c.o
[1507/3338] Building C object libs/libc/CMakeFiles/kc.dir/netdb/lib_getservbynamer.c.o
[1508/3338] Building C object libs/libc/CMakeFiles/kc.dir/netdb/lib_gaistrerror.c.o
[1509/3338] Building C object libs/libc/CMakeFiles/kc.dir/netdb/lib_gethostentbynamer.c.o
[1510/3338] Building C object libs/libc/CMakeFiles/kc.dir/netdb/lib_getservbyport.c.o
[1511/3338] Building C object libs/libc/CMakeFiles/kc.dir/netdb/lib_getservbyportr.c.o
[1512/3338] Building C object libs/libc/CMakeFiles/kc.dir/netdb/lib_freeaddrinfo.c.o
[1513/3338] Building C object libs/libc/CMakeFiles/kc.dir/netdb/lib_protor.c.o
[1514/3338] Building C object libs/libc/CMakeFiles/kc.dir/netdb/lib_getnameinfo.c.o
[1515/3338] Building C object libs/libc/CMakeFiles/kc.dir/netdb/lib_getaddrinfo.c.o
[1516/3338] Building C object libs/libc/CMakeFiles/kc.dir/netdb/lib_rexec.c.o
[1517/3338] Building C object libs/libc/CMakeFiles/kc.dir/netdb/lib_proto.c.o
[1518/3338] Building C object libs/libc/CMakeFiles/kc.dir/netdb/lib_dn.c.o
[1519/3338] Building C object libs/libc/CMakeFiles/kc.dir/netdb/lib_dnsbind.c.o
[1520/3338] Building C object libs/libc/CMakeFiles/kc.dir/netdb/lib_dnsinit.c.o
[1521/3338] Building C object libs/libc/CMakeFiles/kc.dir/netdb/lib_dnsdefaultserver.c.o
[1522/3338] Building C object libs/libc/CMakeFiles/kc.dir/netdb/lib_dnsaddserver.c.o
[1523/3338] Building C object libs/libc/CMakeFiles/kc.dir/netdb/lib_dnsnotify.c.o
[1524/3338] Building C object libs/libc/CMakeFiles/kc.dir/netdb/lib_dnsforeach.c.o
[1525/3338] Building C object libs/libc/CMakeFiles/kc.dir/netdb/lib_dnsqueryfamily.c.o
[1526/3338] Building C object libs/libc/CMakeFiles/kc.dir/obstack/lib_obstack_alloc.c.o
[1527/3338] Building C object libs/libc/CMakeFiles/kc.dir/obstack/lib_obstack_init.c.o
[1528/3338] Building C object libs/libc/CMakeFiles/kc.dir/obstack/lib_obstack_copy.c.o
[1529/3338] Building C object libs/libc/CMakeFiles/kc.dir/obstack/lib_obstack_blank.c.o
[1530/3338] Building C object libs/libc/CMakeFiles/kc.dir/netdb/lib_dnscache.c.o
[1531/3338] Building C object libs/libc/CMakeFiles/kc.dir/obstack/lib_obstack_free.c.o
[1532/3338] Building C object libs/libc/CMakeFiles/kc.dir/obstack/lib_obstack_grow.c.o
[1533/3338] Building C object libs/libc/CMakeFiles/kc.dir/netdb/lib_dnsquery.c.o
[1534/3338] Building C object libs/libc/CMakeFiles/kc.dir/obstack/lib_obstack_make_room.c.o
[1535/3338] Building C object libs/libc/CMakeFiles/kc.dir/obstack/lib_obstack_object_size.c.o
[1536/3338] Building C object libs/libc/CMakeFiles/kc.dir/obstack/lib_obstack_finish.c.o
[1537/3338] Building C object libs/libc/CMakeFiles/kc.dir/obstack/lib_obstack_printf.c.o
[1538/3338] Building C object libs/libc/CMakeFiles/kc.dir/obstack/lib_obstack_room.c.o
[1539/3338] Building C object libs/libc/CMakeFiles/kc.dir/obstack/lib_obstack_vprintf.c.o
[1540/3338] Building C object libs/libc/CMakeFiles/kc.dir/obstack/lib_obstack_malloc.c.o
[1541/3338] Building C object libs/libc/CMakeFiles/kc.dir/pthread/pthread_getspecific.c.o
[1542/3338] Building C object libs/libc/CMakeFiles/kc.dir/pthread/pthread_setspecific.c.o
[1543/3338] Building C object libs/libc/CMakeFiles/kc.dir/pthread/pthread_attr_init.c.o
[1544/3338] Building C object libs/libc/CMakeFiles/kc.dir/pthread/pthread_attr_destroy.c.o
[1545/3338] Building C object libs/libc/CMakeFiles/kc.dir/pthread/pthread_keycreate.c.o
[1546/3338] Building C object libs/libc/CMakeFiles/kc.dir/pthread/pthread_keydelete.c.o
[1547/3338] Building C object libs/libc/CMakeFiles/kc.dir/pthread/pthread_attr_setschedpolicy.c.o
[1548/3338] Building C object libs/libc/CMakeFiles/kc.dir/pthread/pthread_attr_getschedpolicy.c.o
[1549/3338] Building C object libs/libc/CMakeFiles/kc.dir/pthread/pthread_attr_setinheritsched.c.o
[1550/3338] Building C object libs/libc/CMakeFiles/kc.dir/pthread/pthread_attr_setdetachstate.c.o
[1551/3338] Building C object libs/libc/CMakeFiles/kc.dir/pthread/pthread_attr_getinheritsched.c.o
[1552/3338] Building C object libs/libc/CMakeFiles/kc.dir/pthread/pthread_attr_getdetachstate.c.o
[1553/3338] Building C object libs/libc/CMakeFiles/kc.dir/pthread/pthread_attr_setstackaddr.c.o
[1554/3338] Building C object libs/libc/CMakeFiles/kc.dir/pthread/pthread_attr_getstackaddr.c.o
[1555/3338] Building C object libs/libc/CMakeFiles/kc.dir/pthread/pthread_attr_getstacksize.c.o
[1556/3338] Building C object libs/libc/CMakeFiles/kc.dir/pthread/pthread_attr_setstacksize.c.o
[1557/3338] Building C object libs/libc/CMakeFiles/kc.dir/pthread/pthread_attr_getstack.c.o
[1558/3338] Building C object libs/libc/CMakeFiles/kc.dir/pthread/pthread_attr_setstack.c.o
[1559/3338] Building C object libs/libc/CMakeFiles/kc.dir/pthread/pthread_attr_setschedparam.c.o
[1560/3338] Building C object libs/libc/CMakeFiles/kc.dir/pthread/pthread_attr_getschedparam.c.o
[1561/3338] Building C object libs/libc/CMakeFiles/kc.dir/pthread/pthread_attr_setscope.c.o
[1562/3338] Building C object libs/libc/CMakeFiles/kc.dir/pthread/pthread_attr_getscope.c.o
[1563/3338] Building C object libs/libc/CMakeFiles/kc.dir/pthread/pthread_attr_setguardsize.c.o
[1564/3338] Building C object libs/libc/CMakeFiles/kc.dir/pthread/pthread_attr_getguardsize.c.o
[1565/3338] Building C object libs/libc/CMakeFiles/kc.dir/pthread/pthread_barrierattr_init.c.o
[1566/3338] Building C object libs/libc/CMakeFiles/kc.dir/pthread/pthread_barrierattr_destroy.c.o
[1567/3338] Building C object libs/libc/CMakeFiles/kc.dir/pthread/pthread_barrierattr_getpshared.c.o
[1568/3338] Building C object libs/libc/CMakeFiles/kc.dir/pthread/pthread_barrierattr_setpshared.c.o
[1569/3338] Building C object libs/libc/CMakeFiles/kc.dir/pthread/pthread_barrierdestroy.c.o
[1570/3338] Building C object libs/libc/CMakeFiles/kc.dir/pthread/pthread_barrierinit.c.o
[1571/3338] Building C object libs/libc/CMakeFiles/kc.dir/pthread/pthread_condattr_init.c.o
[1572/3338] Building C object libs/libc/CMakeFiles/kc.dir/pthread/pthread_condattr_destroy.c.o
[1573/3338] Building C object libs/libc/CMakeFiles/kc.dir/pthread/pthread_condattr_setclock.c.o
[1574/3338] Building C object libs/libc/CMakeFiles/kc.dir/pthread/pthread_condattr_getpshared.c.o
[1575/3338] Building C object libs/libc/CMakeFiles/kc.dir/pthread/pthread_condattr_setpshared.c.o
[1576/3338] Building C object libs/libc/CMakeFiles/kc.dir/pthread/pthread_barrierwait.c.o
[1577/3338] Building C object libs/libc/CMakeFiles/kc.dir/pthread/pthread_condattr_getclock.c.o
[1578/3338] Building C object libs/libc/CMakeFiles/kc.dir/pthread/pthread_condbroadcast.c.o
[1579/3338] Building C object libs/libc/CMakeFiles/kc.dir/pthread/pthread_condinit.c.o
[1580/3338] Building C object libs/libc/CMakeFiles/kc.dir/pthread/pthread_condtimedwait.c.o
[1581/3338] Building C object libs/libc/CMakeFiles/kc.dir/pthread/pthread_conddestroy.c.o
[1582/3338] Building C object libs/libc/CMakeFiles/kc.dir/pthread/pthread_condclockwait.c.o
[1583/3338] Building C object libs/libc/CMakeFiles/kc.dir/pthread/pthread_condsignal.c.o
[1584/3338] Building C object libs/libc/CMakeFiles/kc.dir/pthread/pthread_create.c.o
[1585/3338] Building C object libs/libc/CMakeFiles/kc.dir/pthread/pthread_condwait.c.o
[1586/3338] Building C object libs/libc/CMakeFiles/kc.dir/pthread/pthread_equal.c.o
[1587/3338] Building C object libs/libc/CMakeFiles/kc.dir/pthread/pthread_kill.c.o
[1588/3338] Building C object libs/libc/CMakeFiles/kc.dir/pthread/pthread_setname_np.c.o
[1589/3338] Building C object libs/libc/CMakeFiles/kc.dir/pthread/pthread_exit.c.o
[1590/3338] Building C object libs/libc/CMakeFiles/kc.dir/pthread/pthread_getname_np.c.o
[1591/3338] Building C object libs/libc/CMakeFiles/kc.dir/stream/lib_libsnoflush.c.o
[1592/3338] Building C object libs/libc/CMakeFiles/kc.dir/pthread/pthread_get_stackaddr_np.c.o
[1593/3338] Building C object libs/libc/CMakeFiles/kc.dir/pthread/pthread_get_stacksize_np.c.o
[1594/3338] Building C object libs/libc/CMakeFiles/kc.dir/pthread/pthread_mutexattr_init.c.o
[1595/3338] Building C object libs/libc/CMakeFiles/kc.dir/pthread/pthread_mutexattr_getpshared.c.o
[1596/3338] Building C object libs/libc/CMakeFiles/kc.dir/pthread/pthread_mutexattr_setpshared.c.o
[1597/3338] Building C object libs/libc/CMakeFiles/kc.dir/pthread/pthread_mutexattr_destroy.c.o
[1598/3338] Building C object libs/libc/CMakeFiles/kc.dir/pthread/pthread_mutexattr_setprotocol.c.o
[1599/3338] Building C object libs/libc/CMakeFiles/kc.dir/pthread/pthread_mutexattr_getprotocol.c.o
[1600/3338] Building C object libs/libc/CMakeFiles/kc.dir/pthread/pthread_mutexattr_settype.c.o
[1601/3338] Building C object libs/libc/CMakeFiles/kc.dir/pthread/pthread_mutexattr_gettype.c.o
[1602/3338] Building C object libs/libc/CMakeFiles/kc.dir/pthread/pthread_mutexattr_setrobust.c.o
[1603/3338] Building C object libs/libc/CMakeFiles/kc.dir/pthread/pthread_mutexattr_setprioceiling.c.o
[1604/3338] Building C object libs/libc/CMakeFiles/kc.dir/pthread/pthread_mutexattr_getprioceiling.c.o
[1605/3338] Building C object libs/libc/CMakeFiles/kc.dir/pthread/pthread_mutexattr_getrobust.c.o
[1606/3338] Building C object libs/libc/CMakeFiles/kc.dir/pthread/pthread_mutex_getprioceiling.c.o
[1607/3338] Building C object libs/libc/CMakeFiles/kc.dir/pthread/pthread_mutex_lock.c.o
[1608/3338] Building C object libs/libc/CMakeFiles/kc.dir/pthread/pthread_mutex_destroy.c.o
[1609/3338] Building C object libs/libc/CMakeFiles/kc.dir/pthread/pthread_mutex_init.c.o
[1610/3338] Building C object libs/libc/CMakeFiles/kc.dir/pthread/pthread_mutex_setprioceiling.c.o
[1611/3338] Building C object libs/libc/CMakeFiles/kc.dir/pthread/pthread_mutex_timedlock.c.o
[1612/3338] Building C object libs/libc/CMakeFiles/kc.dir/pthread/pthread_mutex_trylock.c.o
[1613/3338] Building C object libs/libc/CMakeFiles/kc.dir/pthread/pthread_yield.c.o
[1614/3338] Building C object libs/libc/CMakeFiles/kc.dir/pthread/pthread_once.c.o
[1615/3338] Building C object libs/libc/CMakeFiles/kc.dir/pthread/pthread_mutex_unlock.c.o
[1616/3338] Building C object libs/libc/CMakeFiles/kc.dir/pthread/pthread_atfork.c.o
[1617/3338] Building C object libs/libc/CMakeFiles/kc.dir/pthread/pthread_rwlockattr_init.c.o
[1618/3338] Building C object libs/libc/CMakeFiles/kc.dir/pthread/pthread_rwlockattr_destroy.c.o
[1619/3338] Building C object libs/libc/CMakeFiles/kc.dir/pthread/pthread_mutex.c.o
[1620/3338] Building C object libs/libc/CMakeFiles/kc.dir/pthread/pthread_rwlockattr_getpshared.c.o
[1621/3338] Building C object libs/libc/CMakeFiles/kc.dir/pthread/pthread_rwlockattr_setpshared.c.o
[1622/3338] Building C object libs/libc/CMakeFiles/kc.dir/pthread/pthread_rwlock.c.o
[1623/3338] Building C object libs/libc/CMakeFiles/kc.dir/pthread/pthread_rwlock_rdlock.c.o
[1624/3338] Building C object libs/libc/CMakeFiles/kc.dir/pthread/pthread_setcancelstate.c.o
[1625/3338] Building C object libs/libc/CMakeFiles/kc.dir/pthread/pthread_testcancel.c.o
[1626/3338] Building C object libs/libc/CMakeFiles/kc.dir/pthread/pthread_rwlock_wrlock.c.o
[1627/3338] Building C object libs/libc/CMakeFiles/kc.dir/pthread/pthread_setcanceltype.c.o
[1628/3338] Building C object libs/libc/CMakeFiles/kc.dir/pthread/pthread_getcpuclockid.c.o
[1629/3338] Building C object libs/libc/CMakeFiles/kc.dir/pthread/pthread_self.c.o
[1630/3338] Building C object libs/libc/CMakeFiles/kc.dir/pthread/pthread_gettid_np.c.o
[1631/3338] Building C object libs/libc/CMakeFiles/kc.dir/pwd/lib_getpwnam.c.o
[1632/3338] Building C object libs/libc/CMakeFiles/kc.dir/pthread/pthread_concurrency.c.o
[1633/3338] Building C object libs/libc/CMakeFiles/kc.dir/pthread/pthread_attr_getaffinity.c.o
[1634/3338] Building C object libs/libc/CMakeFiles/kc.dir/pthread/pthread_mutex_consistent.c.o
[1635/3338] Building C object libs/libc/CMakeFiles/kc.dir/pthread/pthread_attr_setaffinity.c.o
[1636/3338] Building C object libs/libc/CMakeFiles/kc.dir/pthread/pthread_mutex_inconsistent.c.o
[1637/3338] Building C object libs/libc/CMakeFiles/kc.dir/pwd/lib_getpwuid.c.o
[1638/3338] Building C object libs/libc/CMakeFiles/kc.dir/pwd/lib_getpwnamr.c.o
[1639/3338] Building C object libs/libc/CMakeFiles/kc.dir/pwd/lib_getpwuidr.c.o
[1640/3338] Building C object libs/libc/CMakeFiles/kc.dir/queue/queue.c.o
[1641/3338] Building C object libs/libc/CMakeFiles/kc.dir/pwd/lib_getpwbufr.c.o
[1642/3338] Building C object libs/libc/CMakeFiles/kc.dir/pwd/lib_getspnam.c.o
[1643/3338] Building C object libs/libc/CMakeFiles/kc.dir/sched/sched_getprioritymax.c.o
[1644/3338] Building C object libs/libc/CMakeFiles/kc.dir/sched/task_cancelpt.c.o
[1645/3338] Building C object libs/libc/CMakeFiles/kc.dir/sched/sched_getprioritymin.c.o
[1646/3338] Building C object libs/libc/CMakeFiles/kc.dir/pwd/lib_getpwbuf.c.o
[1647/3338] Building C object libs/libc/CMakeFiles/kc.dir/sched/clock_getcpuclockid.c.o
[1648/3338] Building C object libs/libc/CMakeFiles/kc.dir/pwd/lib_getpwent.c.o
[1649/3338] Building C object libs/libc/CMakeFiles/kc.dir/sched/sched_backtrace.c.o
[1650/3338] Building C object libs/libc/CMakeFiles/kc.dir/sched/task_testcancel.c.o
[1651/3338] Building C object libs/libc/CMakeFiles/kc.dir/sched/sched_cpucount.c.o
[1652/3338] Building C object libs/libc/CMakeFiles/kc.dir/sched/task_setcancelstate.c.o
[1653/3338] Building C object libs/libc/CMakeFiles/kc.dir/sched/task_setcanceltype.c.o
[1654/3338] Building C object libs/libc/CMakeFiles/kc.dir/search/hash_func.c.o
[1655/3338] Building C object libs/libc/CMakeFiles/kc.dir/sched/task_getpid.c.o
[1656/3338] Building C object libs/libc/CMakeFiles/kc.dir/sched/sched_dumpstack.c.o
[1657/3338] Building C object libs/libc/CMakeFiles/kc.dir/semaphore/sem_init.c.o
[1658/3338] Building C object libs/libc/CMakeFiles/kc.dir/semaphore/sem_setprotocol.c.o
[1659/3338] Building C object libs/libc/CMakeFiles/kc.dir/search/hcreate.c.o
[1660/3338] Building C object libs/libc/CMakeFiles/kc.dir/semaphore/sem_getprotocol.c.o
[1661/3338] Building C object libs/libc/CMakeFiles/kc.dir/semaphore/sem_getvalue.c.o
[1662/3338] Building C object libs/libc/CMakeFiles/kc.dir/semaphore/sem_destroy.c.o
[1663/3338] Building C object libs/libc/CMakeFiles/kc.dir/search/hcreate_r.c.o
[1664/3338] Building C object libs/libc/CMakeFiles/kc.dir/semaphore/sem_wait.c.o
[1665/3338] Building C object libs/libc/CMakeFiles/kc.dir/signal/sig_andset.c.o
[1666/3338] Building C object libs/libc/CMakeFiles/kc.dir/semaphore/sem_trywait.c.o
[1667/3338] Building C object libs/libc/CMakeFiles/kc.dir/signal/sig_altstack.c.o
[1668/3338] Building C object libs/libc/CMakeFiles/kc.dir/semaphore/sem_timedwait.c.o
[1669/3338] Building C object libs/libc/CMakeFiles/kc.dir/semaphore/sem_post.c.o
[1670/3338] Building C object libs/libc/CMakeFiles/kc.dir/semaphore/sem_clockwait.c.o
[1671/3338] Building C object libs/libc/CMakeFiles/kc.dir/signal/sig_addset.c.o
[1672/3338] Building C object libs/libc/CMakeFiles/kc.dir/signal/sig_longjmp.c.o
[1673/3338] Building C object libs/libc/CMakeFiles/kc.dir/signal/sig_hold.c.o
[1674/3338] Building C object libs/libc/CMakeFiles/kc.dir/signal/sig_delset.c.o
[1675/3338] Building C object libs/libc/CMakeFiles/kc.dir/signal/sig_killpg.c.o
[1676/3338] Building C object libs/libc/CMakeFiles/kc.dir/signal/sig_emptyset.c.o
[1677/3338] Building C object libs/libc/CMakeFiles/kc.dir/signal/sig_fillset.c.o
[1678/3338] Building C object libs/libc/CMakeFiles/kc.dir/signal/sig_isemptyset.c.o
[1679/3338] Building C object libs/libc/CMakeFiles/kc.dir/signal/sig_ismember.c.o
[1680/3338] Building C object libs/libc/CMakeFiles/kc.dir/signal/sig_orset.c.o
[1681/3338] Building C object libs/libc/CMakeFiles/kc.dir/signal/sig_relse.c.o
[1682/3338] Building C object libs/libc/CMakeFiles/kc.dir/signal/sig_nandset.c.o
[1683/3338] Building C object libs/libc/CMakeFiles/kc.dir/signal/sig_psignal.c.o
[1684/3338] Building C object libs/libc/CMakeFiles/kc.dir/signal/sig_pause.c.o
[1685/3338] Building C object libs/libc/CMakeFiles/kc.dir/signal/sig_wait.c.o
[1686/3338] Building C object libs/libc/CMakeFiles/kc.dir/signal/sig_xorset.c.o
[1687/3338] Building C object libs/libc/CMakeFiles/kc.dir/signal/sig_raise.c.o
[1688/3338] Building C object libs/libc/CMakeFiles/kc.dir/signal/sig_ignore.c.o
[1689/3338] Building C object libs/libc/CMakeFiles/kc.dir/signal/sig_interrupt.c.o
[1690/3338] Building C object libs/libc/CMakeFiles/kc.dir/signal/sig_set.c.o
[1691/3338] Building C object libs/libc/CMakeFiles/kc.dir/signal/sig_signal.c.o
[1692/3338] Building C object libs/libc/CMakeFiles/kc.dir/spawn/lib_psfa_addaction.c.o
[1693/3338] Building C object libs/libc/CMakeFiles/kc.dir/spawn/lib_psfa_addclose.c.o
[1694/3338] Building C object libs/libc/CMakeFiles/kc.dir/spawn/lib_psfa_init.c.o
[1695/3338] Building C object libs/libc/CMakeFiles/kc.dir/spawn/lib_psfa_adddup2.c.o
[1696/3338] Building C object libs/libc/CMakeFiles/kc.dir/spawn/lib_psfa_addopen.c.o
[1697/3338] Building C object libs/libc/CMakeFiles/kc.dir/spawn/lib_psfa_destroy.c.o
[1698/3338] Building C object libs/libc/CMakeFiles/kc.dir/spawn/lib_psa_getflags.c.o
[1699/3338] Building C object libs/libc/CMakeFiles/kc.dir/spawn/lib_psa_getschedparam.c.o
[1700/3338] Building C object libs/libc/CMakeFiles/kc.dir/spawn/lib_psa_getschedpolicy.c.o
[1701/3338] Building C object libs/libc/CMakeFiles/kc.dir/spawn/lib_psa_setschedparam.c.o
[1702/3338] Building C object libs/libc/CMakeFiles/kc.dir/spawn/lib_psa_setflags.c.o
[1703/3338] Building C object libs/libc/CMakeFiles/kc.dir/spawn/lib_psa_setschedpolicy.c.o
[1704/3338] Building C object libs/libc/CMakeFiles/kc.dir/spawn/lib_psa_getsigmask.c.o
[1705/3338] Building C object libs/libc/CMakeFiles/kc.dir/spawn/lib_psa_setsigmask.c.o
[1706/3338] Building C object libs/libc/CMakeFiles/kc.dir/spawn/lib_psa_getstacksize.c.o
[1707/3338] Building C object libs/libc/CMakeFiles/kc.dir/spawn/lib_psa_setstacksize.c.o
[1708/3338] Building C object libs/libc/CMakeFiles/kc.dir/spawn/lib_psa_init.c.o
[1709/3338] Building C object libs/libc/CMakeFiles/kc.dir/spawn/lib_psa_setpriority.c.o
[1710/3338] Building C object libs/libc/CMakeFiles/kc.dir/spawn/lib_psa_getpriority.c.o
[1711/3338] Building C object libs/libc/CMakeFiles/kc.dir/spawn/lib_psa_setheapsize.c.o
[1712/3338] Building C object libs/libc/CMakeFiles/kc.dir/spawn/lib_psa_getheapsize.c.o
[1713/3338] Building C object libs/libc/CMakeFiles/kc.dir/spawn/lib_psa_destroy.c.o
[1714/3338] Building C object libs/libc/CMakeFiles/kc.dir/spawn/lib_psfa_dump.c.o
[1715/3338] Building C object libs/libc/CMakeFiles/kc.dir/stdio/lib_fileno.c.o
[1716/3338] Building C object libs/libc/CMakeFiles/kc.dir/spawn/lib_psa_dump.c.o
[1717/3338] Building C object libs/libc/CMakeFiles/kc.dir/stdio/lib_sprintf.c.o
[1718/3338] Building C object libs/libc/CMakeFiles/kc.dir/stdio/lib_snprintf.c.o
[1719/3338] Building C object libs/libc/CMakeFiles/kc.dir/stdio/lib_asprintf.c.o
[1720/3338] Building C object libs/libc/CMakeFiles/kc.dir/stdio/lib_printf.c.o
[1721/3338] Building C object libs/libc/CMakeFiles/kc.dir/stdio/lib_vsprintf.c.o
[1722/3338] Building C object libs/libc/CMakeFiles/kc.dir/stdio/lib_vsnprintf.c.o
[1723/3338] Building C object libs/libc/CMakeFiles/kc.dir/stdio/lib_dprintf.c.o
[1724/3338] Building C object libs/libc/CMakeFiles/kc.dir/stdio/lib_vasprintf.c.o
[1725/3338] Building C object libs/libc/CMakeFiles/kc.dir/stdio/lib_vdprintf.c.o
[1726/3338] Building C object libs/libc/CMakeFiles/kc.dir/stdio/lib_vprintf.c.o
[1727/3338] Building C object libs/libc/CMakeFiles/kc.dir/stdio/lib_perror.c.o
[1728/3338] Building C object libs/libc/CMakeFiles/kc.dir/stdio/lib_putchar.c.o
[1729/3338] Building C object libs/libc/CMakeFiles/kc.dir/stdio/lib_getchar.c.o
[1730/3338] Building C object libs/libc/CMakeFiles/kc.dir/stdio/lib_gets_s.c.o
[1731/3338] Building C object libs/libc/CMakeFiles/kc.dir/stdio/lib_puts.c.o
[1732/3338] Building C object libs/libc/CMakeFiles/kc.dir/stdio/lib_gets.c.o
[1733/3338] Building C object libs/libc/CMakeFiles/kc.dir/stdio/lib_sscanf.c.o
[1734/3338] Building C object libs/libc/CMakeFiles/kc.dir/stdio/lib_vsscanf.c.o
[1735/3338] Building C object libs/libc/CMakeFiles/kc.dir/stdio/lib_remove.c.o
[1736/3338] Building C object libs/libc/CMakeFiles/kc.dir/stdio/lib_libdgets.c.o
[1737/3338] Building C object libs/libc/CMakeFiles/kc.dir/stdio/lib_tempnam.c.o
[1738/3338] Building C object libs/libc/CMakeFiles/kc.dir/stdio/lib_tmpnam.c.o
[1739/3338] Building C object libs/libc/CMakeFiles/kc.dir/stdio/lib_renameat.c.o
[1740/3338] Building C object libs/libc/CMakeFiles/kc.dir/stdio/lib_putwchar.c.o
[1741/3338] Building C object libs/libc/CMakeFiles/kc.dir/stdio/lib_freopen.c.o
[1742/3338] Building C object libs/libc/CMakeFiles/kc.dir/stdio/lib_fread.c.o
[1743/3338] Building C object libs/libc/CMakeFiles/kc.dir/stdio/lib_fseek.c.o
[1744/3338] Building C object libs/libc/CMakeFiles/kc.dir/stdio/lib_fclose.c.o
[1745/3338] Building C object libs/libc/CMakeFiles/kc.dir/stdio/lib_fseeko.c.o
[1746/3338] Building C object libs/libc/CMakeFiles/kc.dir/stdio/lib_libfread_unlocked.c.o
[1747/3338] Building C object libs/libc/CMakeFiles/kc.dir/stdio/lib_ftell.c.o
[1748/3338] Building C object libs/libc/CMakeFiles/kc.dir/stdio/lib_fopen.c.o
[1749/3338] Building C object libs/libc/CMakeFiles/kc.dir/stdio/lib_ftello.c.o
[1750/3338] Building C object libs/libc/CMakeFiles/kc.dir/stdio/lib_fsetpos.c.o
[1751/3338] Building C object libs/libc/CMakeFiles/kc.dir/stdio/lib_getdelim.c.o
[1752/3338] Building C object libs/libc/CMakeFiles/kc.dir/stdio/lib_getc.c.o
[1753/3338] Building C object libs/libc/CMakeFiles/kc.dir/stdio/lib_fgetpos.c.o
[1754/3338] Building C object libs/libc/CMakeFiles/kc.dir/stdio/lib_fgetc.c.o
[1755/3338] Building C object libs/libc/CMakeFiles/kc.dir/stdio/lib_fgets.c.o
[1756/3338] Building C object libs/libc/CMakeFiles/kc.dir/stdio/lib_libfgets.c.o
[1757/3338] Building C object libs/libc/CMakeFiles/kc.dir/stdio/lib_fwrite.c.o
[1758/3338] Building C object libs/libc/CMakeFiles/kc.dir/stdio/lib_fflush.c.o
[1759/3338] Building C object libs/libc/CMakeFiles/kc.dir/stdio/lib_libfwrite.c.o
[1760/3338] Building C object libs/libc/CMakeFiles/kc.dir/stdio/lib_wrflush_unlocked.c.o
[1761/3338] Building C object libs/libc/CMakeFiles/kc.dir/stdio/lib_rdflush_unlocked.c.o
[1762/3338] Building C object libs/libc/CMakeFiles/kc.dir/stdio/lib_libfflush.c.o
[1763/3338] Building C object libs/libc/CMakeFiles/kc.dir/stdio/lib_putc.c.o
[1764/3338] Building C object libs/libc/CMakeFiles/kc.dir/stdio/lib_libflushall.c.o
[1765/3338] Building C object libs/libc/CMakeFiles/kc.dir/stdio/lib_fputc.c.o
[1766/3338] Building C object libs/libc/CMakeFiles/kc.dir/stdio/lib_fprintf.c.o
[1767/3338] Building C object libs/libc/CMakeFiles/kc.dir/stdio/lib_ungetc.c.o
[1768/3338] Building C object libs/libc/CMakeFiles/kc.dir/stdio/lib_fputs.c.o
[1769/3338] Building C object libs/libc/CMakeFiles/kc.dir/stdio/lib_feof.c.o
[1770/3338] Building C object libs/libc/CMakeFiles/kc.dir/stdio/lib_vfprintf.c.o
[1771/3338] Building C object libs/libc/CMakeFiles/kc.dir/stdio/lib_ferror.c.o
[1772/3338] Building C object libs/libc/CMakeFiles/kc.dir/stdio/lib_clearerr.c.o
[1773/3338] Building C object libs/libc/CMakeFiles/kc.dir/stdio/lib_rewind.c.o
[1774/3338] Building C object libs/libc/CMakeFiles/kc.dir/stdio/lib_scanf.c.o
[1775/3338] Building C object libs/libc/CMakeFiles/kc.dir/stdio/lib_fscanf.c.o
[1776/3338] Building C object libs/libc/CMakeFiles/kc.dir/stdio/lib_vscanf.c.o
[1777/3338] Building C object libs/libc/CMakeFiles/kc.dir/stdio/lib_vfscanf.c.o
[1778/3338] Building C object libs/libc/CMakeFiles/kc.dir/stdio/lib_tmpfile.c.o
[1779/3338] Building C object libs/libc/CMakeFiles/kc.dir/stdio/lib_setbuf.c.o
[1780/3338] Building C object libs/libc/CMakeFiles/kc.dir/stdio/lib_setvbuf.c.o
[1781/3338] Building C object libs/libc/CMakeFiles/kc.dir/stdio/lib_setbuffer.c.o
[1782/3338] Building C object libs/libc/CMakeFiles/kc.dir/stdio/lib_putwc.c.o
[1783/3338] Building C object libs/libc/CMakeFiles/kc.dir/stdio/lib_libgetstreams.c.o
[1784/3338] Building C object libs/libc/CMakeFiles/kc.dir/stdio/lib_fputwc.c.o
[1785/3338] Building C object libs/libc/CMakeFiles/kc.dir/stdio/lib_fputws.c.o
[1786/3338] Building C object libs/libc/CMakeFiles/kc.dir/stdio/lib_libfilelock.c.o
[1787/3338] Building C object libs/libc/CMakeFiles/kc.dir/stdio/lib_fopencookie.c.o
[1788/3338] Building C object libs/libc/CMakeFiles/kc.dir/stdlib/lib_abs.c.o
[1789/3338] Building C object libs/libc/CMakeFiles/kc.dir/stdlib/lib_atof.c.o
[1790/3338] Building C object libs/libc/CMakeFiles/kc.dir/stdio/lib_getwc.c.o
[1791/3338] Building C object libs/libc/CMakeFiles/kc.dir/stdio/lib_fgetwc.c.o
[1792/3338] Building C object libs/libc/CMakeFiles/kc.dir/stdio/lib_ungetwc.c.o
[1793/3338] Building C object libs/libc/CMakeFiles/kc.dir/stdio/lib_fmemopen.c.o
[1794/3338] Building C object libs/libc/CMakeFiles/kc.dir/stdio/lib_open_memstream.c.o
[1795/3338] Building C object libs/libc/CMakeFiles/kc.dir/stdlib/lib_atoi.c.o
[1796/3338] Building C object libs/libc/CMakeFiles/kc.dir/stdlib/lib_abort.c.o
[1797/3338] Building C object libs/libc/CMakeFiles/kc.dir/stdlib/lib_atol.c.o
[1798/3338] Building C object libs/libc/CMakeFiles/kc.dir/stdlib/lib_atoll.c.o
[1799/3338] Building C object libs/libc/CMakeFiles/kc.dir/stdlib/lib_ldiv.c.o
[1800/3338] Building C object libs/libc/CMakeFiles/kc.dir/stdlib/lib_div.c.o
[1801/3338] Building C object libs/libc/CMakeFiles/kc.dir/stdlib/lib_lldiv.c.o
[1802/3338] Building C object libs/libc/CMakeFiles/kc.dir/stdlib/lib_getprogname.c.o
[1803/3338] Building C object libs/libc/CMakeFiles/kc.dir/stdlib/lib_itoa.c.o
[1804/3338] Building C object libs/libc/CMakeFiles/kc.dir/stdlib/lib_exit.c.o
[1805/3338] Building C object libs/libc/CMakeFiles/kc.dir/stdlib/lib_labs.c.o
[1806/3338] Building C object libs/libc/CMakeFiles/kc.dir/stdlib/lib_llabs.c.o
[1807/3338] Building C object libs/libc/CMakeFiles/kc.dir/stdlib/lib_bsearch.c.o
[1808/3338] Building C object libs/libc/CMakeFiles/kc.dir/stdlib/lib_rand.c.o
[1809/3338] Building C object libs/libc/CMakeFiles/kc.dir/stdlib/lib_realpath.c.o
[1810/3338] Building C object libs/libc/CMakeFiles/kc.dir/stdlib/lib_reallocarray.c.o
[1811/3338] Building C object libs/libc/CMakeFiles/kc.dir/stdlib/lib_strtol.c.o
[1812/3338] Building C object libs/libc/CMakeFiles/kc.dir/stdlib/lib_srand.c.o
[1813/3338] Building C object libs/libc/CMakeFiles/kc.dir/stdlib/lib_qsort.c.o
[1814/3338] Building C object libs/libc/CMakeFiles/kc.dir/stdlib/lib_strtoll.c.o
[1815/3338] Building C object libs/libc/CMakeFiles/kc.dir/stdlib/lib_rand48.c.o
[1816/3338] Building C object libs/libc/CMakeFiles/kc.dir/stdlib/lib_strtoul.c.o
[1817/3338] Building C object libs/libc/CMakeFiles/kc.dir/stdlib/lib_strtoull.c.o
[1818/3338] Building C object libs/libc/CMakeFiles/kc.dir/stdlib/lib_checkbase.c.o
[1819/3338] Building C object libs/libc/CMakeFiles/kc.dir/stdlib/lib_mkstemp.c.o
[1820/3338] Building C object libs/libc/CMakeFiles/kc.dir/stdlib/lib_mkdtemp.c.o
[1821/3338] Building C object libs/libc/CMakeFiles/kc.dir/stdlib/lib_aligned_alloc.c.o
[1822/3338] Building C object libs/libc/CMakeFiles/kc.dir/stdlib/lib_posix_memalign.c.o
[1823/3338] Building C object libs/libc/CMakeFiles/kc.dir/stdlib/lib_mktemp.c.o
[1824/3338] Building C object libs/libc/CMakeFiles/kc.dir/stdlib/lib_valloc.c.o
[1825/3338] Building C object libs/libc/CMakeFiles/kc.dir/stdlib/lib_mblen.c.o
[1826/3338] Building C object libs/libc/CMakeFiles/kc.dir/stdlib/lib_mbtowc.c.o
[1827/3338] Building C object libs/libc/CMakeFiles/kc.dir/stdlib/lib_wctomb.c.o
[1828/3338] Building C object libs/libc/CMakeFiles/kc.dir/stdlib/lib_mbstowcs.c.o
[1829/3338] Building C object libs/libc/CMakeFiles/kc.dir/stdlib/lib_wcstombs.c.o
[1830/3338] Building C object libs/libc/CMakeFiles/kc.dir/stdlib/lib_arc4random.c.o
[1831/3338] Building C object libs/libc/CMakeFiles/kc.dir/stdlib/lib_atexit.c.o
[1832/3338] Building C object libs/libc/CMakeFiles/kc.dir/stream/lib_meminstream.c.o
[1833/3338] Building C object libs/libc/CMakeFiles/kc.dir/stream/lib_memoutstream.c.o
[1834/3338] Building C object libs/libc/CMakeFiles/kc.dir/stdlib/lib_strtold.c.o
[1835/3338] Building C object libs/libc/CMakeFiles/kc.dir/stream/lib_memsistream.c.o
[1836/3338] Building C object libs/libc/CMakeFiles/kc.dir/stream/lib_memsostream.c.o
[1837/3338] Building C object libs/libc/CMakeFiles/kc.dir/stream/lib_lowoutstream.c.o
[1838/3338] Building C object libs/libc/CMakeFiles/kc.dir/stream/lib_rawinstream.c.o
[1839/3338] Building C object libs/libc/CMakeFiles/kc.dir/stream/lib_rawoutstream.c.o
[1840/3338] Building C object libs/libc/CMakeFiles/kc.dir/stream/lib_rawsistream.c.o
[1841/3338] Building C object libs/libc/CMakeFiles/kc.dir/stream/lib_zeroinstream.c.o
[1842/3338] Building C object libs/libc/CMakeFiles/kc.dir/stream/lib_nullinstream.c.o
[1843/3338] Building C object libs/libc/CMakeFiles/kc.dir/stream/lib_rawsostream.c.o
[1844/3338] Building C object libs/libc/CMakeFiles/kc.dir/stream/lib_nulloutstream.c.o
[1845/3338] Building C object libs/libc/CMakeFiles/kc.dir/stream/lib_libnoflush.c.o
[1846/3338] Building C object libs/libc/CMakeFiles/kc.dir/stream/lib_syslogstream.c.o
[1847/3338] Building C object libs/libc/CMakeFiles/kc.dir/stream/lib_bufferedoutstream.c.o
[1848/3338] Building C object libs/libc/CMakeFiles/kc.dir/stream/lib_mtdoutstream.c.o
[1849/3338] Building C object libs/libc/CMakeFiles/kc.dir/stream/lib_mtdsostream.c.o
[1850/3338] Building C object libs/libc/CMakeFiles/kc.dir/stream/lib_filesistream.c.o
[1851/3338] Building C object libs/libc/CMakeFiles/kc.dir/stream/lib_base64outstream.c.o
[1852/3338] Building C object libs/libc/CMakeFiles/kc.dir/stream/lib_hexdumpstream.c.o
[1853/3338] Building C object libs/libc/CMakeFiles/kc.dir/stream/lib_fileoutstream.c.o
[1854/3338] Building C object libs/libc/CMakeFiles/kc.dir/stream/lib_ultoa_invert.c.o
[1855/3338] Building C object libs/libc/CMakeFiles/kc.dir/stream/lib_dtoa_data.c.o
[1856/3338] Building C object libs/libc/CMakeFiles/kc.dir/stream/lib_syslograwstream.c.o
[1857/3338] Building C object libs/libc/CMakeFiles/kc.dir/stream/lib_libbsprintf.c.o
[1858/3338] Building C object libs/libc/CMakeFiles/kc.dir/stream/lib_dtoa_engine.c.o
[1859/3338] Building C object libs/libc/CMakeFiles/kc.dir/stream/lib_libosprintf.c.o
[1860/3338] Building C object libs/libc/CMakeFiles/kc.dir/stream/lib_stdinstream.c.o
[1861/3338] Building C object libs/libc/CMakeFiles/kc.dir/string/lib_bzero.c.o
[1862/3338] Building C object libs/libc/CMakeFiles/kc.dir/stream/lib_stdoutstream.c.o
[1863/3338] Building C object libs/libc/CMakeFiles/kc.dir/stream/lib_stdsistream.c.o
[1864/3338] Building C object libs/libc/CMakeFiles/kc.dir/stream/lib_stdsostream.c.o
[1865/3338] Building C object libs/libc/CMakeFiles/kc.dir/string/lib_memmem.c.o
[1866/3338] Building C object libs/libc/CMakeFiles/kc.dir/string/lib_popcount.c.o
[1867/3338] Building C object libs/libc/CMakeFiles/kc.dir/string/lib_isbasedigit.c.o
[1868/3338] Building C object libs/libc/CMakeFiles/kc.dir/string/lib_popcountl.c.o
[1869/3338] Building C object libs/libc/CMakeFiles/kc.dir/stream/lib_blkoutstream.c.o
[1870/3338] Building C object libs/libc/CMakeFiles/kc.dir/stream/lib_libvscanf.c.o
[1871/3338] Building C object libs/libc/CMakeFiles/kc.dir/string/lib_popcountll.c.o
[1872/3338] Building C object libs/libc/CMakeFiles/kc.dir/string/lib_strcspn.c.o
[1873/3338] Building C object libs/libc/CMakeFiles/kc.dir/string/lib_skipspace.c.o
[1874/3338] Building C object libs/libc/CMakeFiles/kc.dir/string/lib_strcasecmp.c.o
[1875/3338] Building C object libs/libc/CMakeFiles/kc.dir/string/lib_strerror.c.o
[1876/3338] Building C object libs/libc/CMakeFiles/kc.dir/string/lib_strncat.c.o
[1877/3338] Building C object libs/libc/CMakeFiles/kc.dir/string/lib_strdup.c.o
[1878/3338] Building C object libs/libc/CMakeFiles/kc.dir/stream/lib_libvsprintf.c.o
[1879/3338] Building C object libs/libc/CMakeFiles/kc.dir/string/lib_strncasecmp.c.o
[1880/3338] Building C object libs/libc/CMakeFiles/kc.dir/string/lib_strpbrk.c.o
[1881/3338] Building C object libs/libc/CMakeFiles/kc.dir/string/lib_strcasestr.c.o
[1882/3338] Building C object libs/libc/CMakeFiles/kc.dir/string/lib_strndup.c.o
[1883/3338] Building C object libs/libc/CMakeFiles/kc.dir/string/lib_strspn.c.o
[1884/3338] Building C object libs/libc/CMakeFiles/kc.dir/string/lib_strstr.c.o
[1885/3338] Building C object libs/libc/CMakeFiles/kc.dir/string/lib_strsep.c.o
[1886/3338] Building C object libs/libc/CMakeFiles/kc.dir/string/lib_strtokr.c.o
[1887/3338] Building C object libs/libc/CMakeFiles/kc.dir/string/lib_strerrorr.c.o
[1888/3338] Building C object libs/libc/CMakeFiles/kc.dir/string/lib_explicit_bzero.c.o
[1889/3338] Building C object libs/libc/CMakeFiles/kc.dir/string/lib_strtok.c.o
[1890/3338] Building C object libs/libc/CMakeFiles/kc.dir/string/lib_index.c.o
[1891/3338] Building C object libs/libc/CMakeFiles/kc.dir/string/lib_rindex.c.o
[1892/3338] Building C object libs/libc/CMakeFiles/kc.dir/string/lib_timingsafe_bcmp.c.o
[1893/3338] Building C object libs/libc/CMakeFiles/kc.dir/string/lib_mempcpy.c.o
[1894/3338] Building C object libs/libc/CMakeFiles/kc.dir/string/lib_strsignal.c.o
[1895/3338] Building C object libs/libc/CMakeFiles/kc.dir/string/lib_strverscmp.c.o
[1896/3338] Building C object libs/libc/CMakeFiles/kc.dir/string/lib_rawmemchr.c.o
[1897/3338] Building C object libs/libc/CMakeFiles/kc.dir/string/lib_strlcat.c.o
[1898/3338] Building C object libs/libc/CMakeFiles/kc.dir/string/lib_memmove.c.o
[1899/3338] Building C object libs/libc/CMakeFiles/kc.dir/string/lib_strlcpy.c.o
[1900/3338] Building C object libs/libc/CMakeFiles/kc.dir/string/lib_strnlen.c.o
[1901/3338] Building C object libs/libc/CMakeFiles/kc.dir/string/lib_bsdmemcpy.c.o
[1902/3338] Building C object libs/libc/CMakeFiles/kc.dir/string/lib_bsdmemccpy.c.o
[1903/3338] Building C object libs/libc/CMakeFiles/kc.dir/string/lib_bsdmemcmp.c.o
[1904/3338] Building C object libs/libc/CMakeFiles/kc.dir/string/lib_bsdmemrchr.c.o
[1905/3338] Building C object libs/libc/CMakeFiles/kc.dir/string/lib_bsdmemset.c.o
[1906/3338] Building C object libs/libc/CMakeFiles/kc.dir/string/lib_bsdstpncpy.c.o
[1907/3338] Building C object libs/libc/CMakeFiles/kc.dir/string/lib_bsdstrcmp.c.o
[1908/3338] Building C object libs/libc/CMakeFiles/kc.dir/string/lib_bsdstrchr.c.o
[1909/3338] Building C object libs/libc/CMakeFiles/kc.dir/string/lib_bsdstrlen.c.o
[1910/3338] Building C object libs/libc/CMakeFiles/kc.dir/string/lib_bsdstrncpy.c.o
[1911/3338] Building C object libs/libc/CMakeFiles/kc.dir/string/lib_bsdmemchr.c.o
[1912/3338] Building C object libs/libc/CMakeFiles/kc.dir/string/lib_bsdstpcpy.c.o
[1913/3338] Building C object libs/libc/CMakeFiles/kc.dir/string/lib_bsdstrchrnul.c.o
[1914/3338] Building C object libs/libc/CMakeFiles/kc.dir/string/lib_bsdstrcat.c.o
[1915/3338] Building C object libs/libc/CMakeFiles/kc.dir/string/lib_bsdstrcpy.c.o
[1916/3338] Building C object libs/libc/CMakeFiles/kc.dir/symtab/symtab_sortbyname.c.o
[1917/3338] Building C object libs/libc/CMakeFiles/kc.dir/string/lib_bsdstrrchr.c.o
[1918/3338] Building C object libs/libc/CMakeFiles/kc.dir/string/lib_bsdstrncmp.c.o
[1919/3338] Building C object libs/libc/CMakeFiles/kc.dir/symtab/symtab_findbyname.c.o
[1920/3338] Building C object libs/libc/CMakeFiles/kc.dir/symtab/symtab_findbyvalue.c.o
[1921/3338] Building C object libs/libc/CMakeFiles/kc.dir/termios/lib_cfmakeraw.c.o
[1922/3338] Building C object libs/libc/CMakeFiles/kc.dir/termios/lib_cfspeed.c.o
[1923/3338] Building C object libs/libc/CMakeFiles/kc.dir/termios/lib_tcflush.c.o
[1924/3338] Building C object libs/libc/CMakeFiles/kc.dir/syslog/lib_setlogmask.c.o
[1925/3338] Building C object libs/libc/CMakeFiles/kc.dir/termios/lib_tcdrain.c.o
[1926/3338] Building C object libs/libc/CMakeFiles/kc.dir/termios/lib_tcflow.c.o
[1927/3338] Building C object libs/libc/CMakeFiles/kc.dir/termios/lib_isatty.c.o
[1928/3338] Building C object libs/libc/CMakeFiles/kc.dir/syslog/lib_syslog.c.o
[1929/3338] Building C object libs/libc/CMakeFiles/kc.dir/termios/lib_tcgetattr.c.o
[1930/3338] Building C object libs/libc/CMakeFiles/kc.dir/termios/lib_tcsetattr.c.o
[1931/3338] Building C object libs/libc/CMakeFiles/kc.dir/termios/lib_tcsendbreak.c.o
[1932/3338] Building C object libs/libc/CMakeFiles/kc.dir/time/lib_daysbeforemonth.c.o
[1933/3338] Building C object libs/libc/CMakeFiles/kc.dir/termios/lib_ttynamer.c.o
[1934/3338] Building C object libs/libc/CMakeFiles/kc.dir/termios/lib_ttyname.c.o
[1935/3338] Building C object libs/libc/CMakeFiles/kc.dir/time/lib_calendar2utc.c.o
[1936/3338] Building C object libs/libc/CMakeFiles/kc.dir/time/lib_gettimeofday.c.o
[1937/3338] Building C object libs/libc/CMakeFiles/kc.dir/time/lib_isleapyear.c.o
[1938/3338] Building C object libs/libc/CMakeFiles/kc.dir/time/lib_settimeofday.c.o
[1939/3338] Building C object libs/libc/CMakeFiles/kc.dir/time/lib_time.c.o
[1940/3338] Building C object libs/libc/CMakeFiles/kc.dir/time/lib_nanosleep.c.o
[1941/3338] Building C object libs/libc/CMakeFiles/kc.dir/time/lib_timespec_get.c.o
[1942/3338] Building C object libs/libc/CMakeFiles/kc.dir/time/lib_difftime.c.o
[1943/3338] Building C object libs/libc/CMakeFiles/kc.dir/time/lib_dayofweek.c.o
[1944/3338] Building C object libs/libc/CMakeFiles/kc.dir/time/lib_strftime.c.o
[1945/3338] Building C object libs/libc/CMakeFiles/kc.dir/time/lib_ctime.c.o
[1946/3338] Building C object libs/libc/CMakeFiles/kc.dir/time/lib_ctimer.c.o
[1947/3338] Building C object libs/libc/CMakeFiles/kc.dir/time/lib_asctime.c.o
[1948/3338] Building C object libs/libc/CMakeFiles/kc.dir/time/lib_asctimer.c.o
[1949/3338] Building C object libs/libc/CMakeFiles/kc.dir/time/lib_gethrtime.c.o
[1950/3338] Building C object libs/libc/CMakeFiles/kc.dir/tls/task_tls.c.o
[1951/3338] Building C object libs/libc/CMakeFiles/kc.dir/tls/tls_getinfo.c.o
[1952/3338] Building C object libs/libc/CMakeFiles/kc.dir/time/lib_gmtime.c.o
[1953/3338] Building C object libs/libc/CMakeFiles/kc.dir/tls/task_tls_destruct.c.o
[1954/3338] Building C object libs/libc/CMakeFiles/kc.dir/time/lib_timegm.c.o
[1955/3338] Building C object libs/libc/CMakeFiles/kc.dir/uio/lib_preadv.c.o
[1956/3338] Building C object libs/libc/CMakeFiles/kc.dir/time/lib_gmtimer.c.o
[1957/3338] Building C object libs/libc/CMakeFiles/kc.dir/tls/tls_destruct.c.o
[1958/3338] Building C object libs/libc/CMakeFiles/kc.dir/unistd/lib_daemon.c.o
[1959/3338] Building C object libs/libc/CMakeFiles/kc.dir/uio/lib_pwritev.c.o
[1960/3338] Building C object libs/libc/CMakeFiles/kc.dir/unistd/lib_swab.c.o
[1961/3338] Building C object libs/libc/CMakeFiles/kc.dir/unistd/lib_access.c.o
[1962/3338] Building C object libs/libc/CMakeFiles/kc.dir/unistd/lib_pathconf.c.o
[1963/3338] Building C object libs/libc/CMakeFiles/kc.dir/unistd/lib_getentropy.c.o
[1964/3338] Building C object libs/libc/CMakeFiles/kc.dir/unistd/lib_sysconf.c.o
[1965/3338] Building C object libs/libc/CMakeFiles/kc.dir/unistd/lib_getcwd.c.o
[1966/3338] Building C object libs/libc/CMakeFiles/kc.dir/unistd/lib_getopt.c.o
[1967/3338] Building C object libs/libc/CMakeFiles/kc.dir/unistd/lib_getopt_long.c.o
[1968/3338] Building C object libs/libc/CMakeFiles/kc.dir/unistd/lib_getopt_longonly.c.o
[1969/3338] Building C object libs/libc/CMakeFiles/kc.dir/unistd/lib_getoptvars.c.o
[1970/3338] Building C object libs/libc/CMakeFiles/kc.dir/unistd/lib_getopterrp.c.o
[1971/3338] Building C object libs/libc/CMakeFiles/kc.dir/unistd/lib_getoptargp.c.o
[1972/3338] Building C object libs/libc/CMakeFiles/kc.dir/unistd/lib_getoptindp.c.o
[1973/3338] Building C object libs/libc/CMakeFiles/kc.dir/unistd/lib_getopt_common.c.o
[1974/3338] Building C object libs/libc/CMakeFiles/kc.dir/unistd/lib_times.c.o
[1975/3338] Building C object libs/libc/CMakeFiles/kc.dir/unistd/lib_fstatvfs.c.o
[1976/3338] Building C object libs/libc/CMakeFiles/kc.dir/unistd/lib_getoptoptp.c.o
[1977/3338] Building C object libs/libc/CMakeFiles/kc.dir/unistd/lib_statvfs.c.o
[1978/3338] Building C object libs/libc/CMakeFiles/kc.dir/unistd/lib_alarm.c.o
[1979/3338] Building C object libs/libc/CMakeFiles/kc.dir/unistd/lib_sleep.c.o
[1980/3338] Building C object libs/libc/CMakeFiles/kc.dir/unistd/lib_nice.c.o
[1981/3338] Building C object libs/libc/CMakeFiles/kc.dir/unistd/lib_setreuid.c.o
[1982/3338] Building C object libs/libc/CMakeFiles/kc.dir/unistd/lib_getrusage.c.o
[1983/3338] Building C object libs/libc/CMakeFiles/kc.dir/unistd/lib_utime.c.o
[1984/3338] Building C object libs/libc/CMakeFiles/kc.dir/unistd/lib_setrlimit.c.o
[1985/3338] Building C object libs/libc/CMakeFiles/kc.dir/unistd/lib_setregid.c.o
[1986/3338] Building C object libs/libc/CMakeFiles/kc.dir/unistd/lib_utimes.c.o
[1987/3338] Building C object libs/libc/CMakeFiles/kc.dir/unistd/lib_getrlimit.c.o
[1988/3338] Building C object libs/libc/CMakeFiles/kc.dir/unistd/lib_futimes.c.o
[1989/3338] Building C object libs/libc/CMakeFiles/kc.dir/unistd/lib_lutimes.c.o
[1990/3338] Building C object libs/libc/CMakeFiles/kc.dir/unistd/lib_setpriority.c.o
[1991/3338] Building C object libs/libc/CMakeFiles/kc.dir/unistd/lib_getpriority.c.o
[1992/3338] Building C object libs/libc/CMakeFiles/kc.dir/unistd/lib_gethostname.c.o
[1993/3338] Building C object libs/libc/CMakeFiles/kc.dir/unistd/lib_sethostname.c.o
[1994/3338] Building C object libs/libc/CMakeFiles/kc.dir/unistd/lib_linkat.c.o
[1995/3338] Building C object libs/libc/CMakeFiles/kc.dir/unistd/lib_readlinkat.c.o
[1996/3338] Building C object libs/libc/CMakeFiles/kc.dir/unistd/lib_symlinkat.c.o
[1997/3338] Building C object libs/libc/CMakeFiles/kc.dir/unistd/lib_fchownat.c.o
[1998/3338] Building C object libs/libc/CMakeFiles/kc.dir/unistd/lib_unlinkat.c.o
[1999/3338] Building C object libs/libc/CMakeFiles/kc.dir/unistd/lib_usleep.c.o
[2000/3338] Building C object libs/libc/CMakeFiles/kc.dir/unistd/lib_getpgid.c.o
[2001/3338] Building C object libs/libc/CMakeFiles/kc.dir/unistd/lib_getpgrp.c.o
[2002/3338] Building C object libs/libc/CMakeFiles/kc.dir/unistd/lib_lockf.c.o
[2003/3338] Building C object libs/libc/CMakeFiles/kc.dir/unistd/lib_flock.c.o
[2004/3338] Building C object libs/libc/CMakeFiles/kc.dir/unistd/lib_confstr.c.o
[2005/3338] Building C object libs/libc/CMakeFiles/kc.dir/unistd/lib_ulimit.c.o
[2006/3338] Building C object libs/libc/CMakeFiles/kc.dir/unistd/lib_getpass.c.o
[2007/3338] Building C object libs/libc/CMakeFiles/kc.dir/unistd/lib_setuid.c.o
[2008/3338] Building C object libs/libc/CMakeFiles/kc.dir/unistd/lib_setgid.c.o
[2009/3338] Building C object libs/libc/CMakeFiles/kc.dir/unistd/lib_getuid.c.o
[2010/3338] Building C object libs/libc/CMakeFiles/kc.dir/unistd/lib_setegid.c.o
[2011/3338] Building C object libs/libc/CMakeFiles/kc.dir/unistd/lib_geteuid.c.o
[2012/3338] Building C object libs/libc/CMakeFiles/kc.dir/unistd/lib_getgid.c.o
[2013/3338] Building C object libs/libc/CMakeFiles/kc.dir/unistd/lib_seteuid.c.o
[2014/3338] Building C object libs/libc/CMakeFiles/kc.dir/unistd/lib_getegid.c.o
[2015/3338] Building C object libs/libc/CMakeFiles/kc.dir/unistd/lib_chdir.c.o
[2016/3338] Building C object libs/libc/CMakeFiles/kc.dir/unistd/lib_fchdir.c.o
[2017/3338] Building C object libs/libc/CMakeFiles/kc.dir/unistd/lib_restoredir.c.o
[2018/3338] Building C object libs/libc/CMakeFiles/kc.dir/unistd/lib_execv.c.o
[2019/3338] Building C object libs/libc/CMakeFiles/kc.dir/unistd/lib_truncate.c.o
[2020/3338] Building C object libs/libc/CMakeFiles/kc.dir/unistd/lib_execle.c.o
[2021/3338] Building C object libs/libc/CMakeFiles/kc.dir/unistd/lib_execl.c.o
[2022/3338] Building C object libs/libc/CMakeFiles/kc.dir/unistd/lib_posix_fallocate.c.o
[2023/3338] Building C object libs/libc/CMakeFiles/kc.dir/unistd/lib_crypt.c.o
[2024/3338] Building C object libs/libc/CMakeFiles/kc.dir/uuid/lib_uuid_compare.c.o
[2025/3338] Building C object libs/libc/CMakeFiles/kc.dir/uuid/lib_uuid_create.c.o
[2026/3338] Building C object libs/libc/CMakeFiles/kc.dir/uuid/lib_uuid_create_nil.c.o
[2027/3338] Building C object libs/libc/CMakeFiles/kc.dir/unistd/lib_fork.c.o
[2028/3338] Building C object libs/libc/CMakeFiles/kc.dir/uuid/lib_uuid_equal.c.o
[2029/3338] Building C object libs/libc/CMakeFiles/kc.dir/uuid/lib_uuid_hash.c.o
[2030/3338] Building C object libs/libc/CMakeFiles/kc.dir/uuid/lib_uuid_is_nil.c.o
[2031/3338] Building C object libs/libc/CMakeFiles/kc.dir/uuid/lib_uuid_from_string.c.o
[2032/3338] Building C object libs/libc/CMakeFiles/kc.dir/unistd/lib_crypt_r.c.o
[2033/3338] Building C object libs/libc/CMakeFiles/kc.dir/wchar/lib_wcscoll.c.o
[2034/3338] Building C object libs/libc/CMakeFiles/kc.dir/wchar/lib_wcstol.c.o
[2035/3338] Building C object libs/libc/CMakeFiles/kc.dir/wchar/lib_wcstoll.c.o
[2036/3338] Building C object libs/libc/CMakeFiles/kc.dir/wchar/lib_wcstoul.c.o
[2037/3338] Building C object libs/libc/CMakeFiles/kc.dir/wchar/lib_wcstoull.c.o
[2038/3338] Building C object libs/libc/CMakeFiles/kc.dir/wchar/lib_wcstold.c.o
[2039/3338] Building C object libs/libc/CMakeFiles/kc.dir/wchar/lib_wcstof.c.o
[2040/3338] Building C object libs/libc/CMakeFiles/kc.dir/wchar/lib_wcstod.c.o
[2041/3338] Building C object libs/libc/CMakeFiles/kc.dir/wchar/lib_swprintf.c.o
[2042/3338] Building C object libs/libc/CMakeFiles/kc.dir/wchar/lib_mbsinit.c.o
[2043/3338] Building C object libs/libc/CMakeFiles/kc.dir/wchar/lib_mbsnrtowcs.c.o
[2044/3338] Building C object libs/libc/CMakeFiles/kc.dir/wchar/lib_wcsnrtombs.c.o
[2045/3338] Building C object libs/libc/CMakeFiles/kc.dir/wchar/lib_mbrlen.c.o
[2046/3338] Building C object libs/libc/CMakeFiles/kc.dir/wchar/lib_wcsrtombs.c.o
[2047/3338] Building C object libs/libc/CMakeFiles/kc.dir/wchar/lib_mbsrtowcs.c.o
[2048/3338] Building C object libs/libc/CMakeFiles/kc.dir/wchar/lib_wcscpy.c.o
[2049/3338] Building C object libs/libc/CMakeFiles/kc.dir/wchar/lib_wcscat.c.o
[2050/3338] Building C object libs/libc/CMakeFiles/kc.dir/wchar/lib_wcsncat.c.o
[2051/3338] Building C object libs/libc/CMakeFiles/kc.dir/wchar/lib_wcsrchr.c.o
[2052/3338] Building C object libs/libc/CMakeFiles/kc.dir/wchar/lib_wcslcat.c.o
[2053/3338] Building C object libs/libc/CMakeFiles/kc.dir/wchar/lib_wcschr.c.o
[2054/3338] Building C object libs/libc/CMakeFiles/kc.dir/wchar/lib_wcsncpy.c.o
[2055/3338] Building C object libs/libc/CMakeFiles/kc.dir/wchar/lib_wcsncmp.c.o
[2056/3338] Building C object libs/libc/CMakeFiles/kc.dir/wchar/lib_wcscspn.c.o
[2057/3338] Building C object libs/libc/CMakeFiles/kc.dir/wchar/lib_wcspbrk.c.o
[2058/3338] Building C object libs/libc/CMakeFiles/kc.dir/wchar/lib_wcsspn.c.o
[2059/3338] Building C object libs/libc/CMakeFiles/kc.dir/wchar/lib_wcstok.c.o
[2060/3338] Building C object libs/libc/CMakeFiles/kc.dir/wchar/lib_wcswcs.c.o
[2061/3338] Building C object libs/libc/CMakeFiles/kc.dir/wctype/lib_wctype.c.o
[2062/3338] Building C object libs/libc/CMakeFiles/kc.dir/wchar/lib_wcsstr.c.o
[2063/3338] Building C object libs/libc/CMakeFiles/kc.dir/wctype/lib_towlower.c.o
[2064/3338] Building C object libs/libc/CMakeFiles/kc.dir/wctype/lib_towupper.c.o
[2065/3338] Building C object libs/libc/CMakeFiles/kc.dir/wchar/lib_wcswidth.c.o
[2066/3338] Building C object libs/libc/CMakeFiles/kc.dir/wctype/lib_iswctype.c.o
[2067/3338] Building C object libs/libc/CMakeFiles/kc.dir/wchar/lib_wcwidth.c.o
[2068/3338] Building C object mm/CMakeFiles/mm.dir/iob/iob_add_queue.c.o
[2069/3338] Building C object mm/CMakeFiles/mm.dir/iob/iob_concat.c.o
[2070/3338] Building C object mm/CMakeFiles/mm.dir/iob/iob_alloc_qentry.c.o
[2071/3338] Building C object mm/CMakeFiles/mm.dir/iob/iob_copyout.c.o
[2072/3338] Building C object mm/CMakeFiles/mm.dir/iob/iob_clone.c.o
[2073/3338] Building C object mm/CMakeFiles/mm.dir/iob/iob_copyin.c.o
[2074/3338] Building C object mm/CMakeFiles/mm.dir/iob/iob_alloc.c.o
[2075/3338] Building C object mm/CMakeFiles/mm.dir/iob/iob_contig.c.o
[2076/3338] Building C object mm/CMakeFiles/mm.dir/iob/iob_free_chain.c.o
[2077/3338] Building C object mm/CMakeFiles/mm.dir/iob/iob_free_queue.c.o
[2078/3338] Building C object mm/CMakeFiles/mm.dir/iob/iob_free_qentry.c.o
[2079/3338] Building C object mm/CMakeFiles/mm.dir/iob/iob_free.c.o
[2080/3338] Building C object mm/CMakeFiles/mm.dir/iob/iob_initialize.c.o
[2081/3338] Building C object mm/CMakeFiles/mm.dir/iob/iob_pack.c.o
[2082/3338] Building C object mm/CMakeFiles/mm.dir/iob/iob_peek_queue.c.o
[2083/3338] Building C object mm/CMakeFiles/mm.dir/iob/iob_remove_queue.c.o
[2084/3338] Building C object mm/CMakeFiles/mm.dir/iob/iob_statistics.c.o
[2085/3338] Building C object mm/CMakeFiles/mm.dir/iob/iob_trimhead_queue.c.o
[2086/3338] Building C object mm/CMakeFiles/mm.dir/iob/iob_trimhead.c.o
[2087/3338] Building C object mm/CMakeFiles/mm.dir/iob/iob_trimtail.c.o
[2088/3338] Building C object mm/CMakeFiles/mm.dir/iob/iob_navail.c.o
[2089/3338] Building C object mm/CMakeFiles/mm.dir/iob/iob_free_queue_qentry.c.o
[2090/3338] Building C object mm/CMakeFiles/mm.dir/iob/iob_tailroom.c.o
[2091/3338] Building C object mm/CMakeFiles/mm.dir/iob/iob_reserve.c.o
[2092/3338] Building C object mm/CMakeFiles/mm.dir/iob/iob_count.c.o
[2093/3338] Building C object mm/CMakeFiles/mm.dir/iob/iob_get_queue_info.c.o
[2094/3338] Building C object mm/CMakeFiles/mm.dir/iob/iob_update_pktlen.c.o
[2095/3338] Building C object mm/CMakeFiles/mm.dir/kasan/hook.c.o
[2096/3338] Building C object mm/CMakeFiles/mm.dir/iob/iob_dump.c.o
[2097/3338] Building C object mm/CMakeFiles/mm.dir/kmm_heap/kmm_initialize.c.o
[2098/3338] Building C object mm/CMakeFiles/mm.dir/kmm_heap/kmm_addregion.c.o
[2099/3338] Building C object mm/CMakeFiles/mm.dir/kmm_heap/kmm_malloc_size.c.o
[2100/3338] Building C object mm/CMakeFiles/mm.dir/kmm_heap/kmm_brkaddr.c.o
[2101/3338] Building C object mm/CMakeFiles/mm.dir/kmm_heap/kmm_calloc.c.o
[2102/3338] Building C object mm/CMakeFiles/mm.dir/kmm_heap/kmm_extend.c.o
[2103/3338] Building C object mm/CMakeFiles/mm.dir/kmm_heap/kmm_free.c.o
[2104/3338] Building C object mm/CMakeFiles/mm.dir/kmm_heap/kmm_mallinfo.c.o
[2105/3338] Building C object mm/CMakeFiles/mm.dir/kmm_heap/kmm_malloc.c.o
[2106/3338] Building C object mm/CMakeFiles/mm.dir/kmm_heap/kmm_memalign.c.o
[2107/3338] Building C object mm/CMakeFiles/mm.dir/kmm_heap/kmm_realloc.c.o
[2108/3338] Building C object mm/CMakeFiles/mm.dir/kmm_heap/kmm_zalloc.c.o
[2109/3338] Building C object mm/CMakeFiles/mm.dir/kmm_heap/kmm_heapmember.c.o
[2110/3338] Building C object mm/CMakeFiles/mm.dir/kmm_heap/kmm_memdump.c.o
[2111/3338] Building C object mm/CMakeFiles/mm.dir/map/mm_map.c.o
[2112/3338] Building C object mm/CMakeFiles/mm.dir/mempool/mempool_procfs.c.o
[2113/3338] Building C object mm/CMakeFiles/mm.dir/mm_gran/mm_granrelease.c.o
[2114/3338] Building C object mm/CMakeFiles/mm.dir/mm_gran/mm_graninit.c.o
[2115/3338] Building C object mm/CMakeFiles/mm.dir/mm_gran/mm_grancritical.c.o
[2116/3338] Building C object mm/CMakeFiles/mm.dir/mm_gran/mm_graninfo.c.o
[2117/3338] Building C object mm/CMakeFiles/mm.dir/mm_gran/mm_granalloc.c.o
[2118/3338] Building C object mm/CMakeFiles/mm.dir/mm_gran/mm_granfree.c.o
[2119/3338] Building C object mm/CMakeFiles/mm.dir/mm_gran/mm_granreserve.c.o
[2120/3338] Building C object mm/CMakeFiles/mm.dir/mm_gran/mm_grantable.c.o
[2121/3338] Building C object mm/CMakeFiles/mm.dir/mempool/mempool.c.o
[2122/3338] Building C object mm/CMakeFiles/mm.dir/mm_gran/mm_pgalloc.c.o
[2123/3338] Building C object mm/CMakeFiles/mm.dir/mm_heap/mm_malloc_size.c.o
[2124/3338] Linking C static library libs/libc/libkc.a
[2125/3338] Building C object mm/CMakeFiles/mm.dir/mm_heap/mm_calloc.c.o
[2126/3338] Building C object mm/CMakeFiles/mm.dir/mempool/mempool_multiple.c.o
[2127/3338] Building C object mm/CMakeFiles/mm.dir/mm_heap/mm_brkaddr.c.o
[2128/3338] Building C object mm/CMakeFiles/mm.dir/mm_heap/mm_shrinkchunk.c.o
[2129/3338] Building C object mm/CMakeFiles/mm.dir/mm_heap/mm_initialize.c.o
[2130/3338] Building C object mm/CMakeFiles/mm.dir/mm_heap/mm_extend.c.o
[2131/3338] Building C object mm/CMakeFiles/mm.dir/mm_heap/mm_zalloc.c.o
[2132/3338] Building C object mm/CMakeFiles/mm.dir/mm_heap/mm_mallinfo.c.o
[2133/3338] Building C object mm/CMakeFiles/mm.dir/mm_heap/mm_foreach.c.o
[2134/3338] Building C object mm/CMakeFiles/mm.dir/mm_heap/mm_malloc.c.o
[2135/3338] Building C object mm/CMakeFiles/mm.dir/mm_heap/mm_heapmember.c.o
[2136/3338] Building C object mm/CMakeFiles/mm.dir/mm_heap/mm_free.c.o
[2137/3338] Building C object mm/CMakeFiles/mm.dir/mm_heap/mm_memalign.c.o
[2138/3338] Building C object mm/CMakeFiles/mm.dir/mm_heap/mm_realloc.c.o
[2139/3338] Building C object mm/CMakeFiles/mm.dir/mm_heap/mm_sbrk.c.o
[2140/3338] Building C object mm/CMakeFiles/mm.dir/umm_heap/umm_globals.c.o
[2141/3338] Building C object mm/CMakeFiles/mm.dir/umm_heap/umm_addregion.c.o
[2142/3338] Building C object mm/CMakeFiles/mm.dir/umm_heap/umm_malloc_size.c.o
[2143/3338] Building C object mm/CMakeFiles/mm.dir/umm_heap/umm_initialize.c.o
[2144/3338] Building C object mm/CMakeFiles/mm.dir/mm_heap/mm_memdump.c.o
[2145/3338] Building C object mm/CMakeFiles/mm.dir/umm_heap/umm_brkaddr.c.o
[2146/3338] Building C object mm/CMakeFiles/mm.dir/umm_heap/umm_calloc.c.o
[2147/3338] Building C object mm/CMakeFiles/mm.dir/umm_heap/umm_extend.c.o
[2148/3338] Building C object mm/CMakeFiles/mm.dir/umm_heap/umm_free.c.o
[2149/3338] Building C object mm/CMakeFiles/mm.dir/umm_heap/umm_malloc.c.o
[2150/3338] Building C object mm/CMakeFiles/mm.dir/umm_heap/umm_mallinfo.c.o
[2151/3338] Building C object mm/CMakeFiles/mm.dir/umm_heap/umm_memalign.c.o
[2152/3338] Building C object mm/CMakeFiles/mm.dir/umm_heap/umm_zalloc.c.o
[2153/3338] Building C object mm/CMakeFiles/mm.dir/umm_heap/umm_realloc.c.o
[2154/3338] Building C object mm/CMakeFiles/mm.dir/umm_heap/umm_heapmember.c.o
[2155/3338] Building C object mm/CMakeFiles/mm.dir/umm_heap/umm_sbrk.c.o
[2156/3338] Building C object mm/CMakeFiles/mm.dir/umm_heap/umm_memdump.c.o
[2157/3338] Building C object mm/CMakeFiles/kmm.dir/iob/iob_concat.c.o
[2158/3338] Building C object mm/CMakeFiles/kmm.dir/iob/iob_copyin.c.o
[2159/3338] Building C object mm/CMakeFiles/kmm.dir/iob/iob_add_queue.c.o
[2160/3338] Building C object mm/CMakeFiles/kmm.dir/iob/iob_clone.c.o
[2161/3338] Building C object mm/CMakeFiles/kmm.dir/iob/iob_copyout.c.o
[2162/3338] Building C object mm/CMakeFiles/kmm.dir/iob/iob_alloc.c.o
[2163/3338] Building C object mm/CMakeFiles/kmm.dir/iob/iob_alloc_qentry.c.o
[2164/3338] Linking C static library mm/libmm.a
[2165/3338] Building C object mm/CMakeFiles/kmm.dir/iob/iob_contig.c.o
[2166/3338] Building C object mm/CMakeFiles/kmm.dir/iob/iob_free_chain.c.o
[2167/3338] Building C object mm/CMakeFiles/kmm.dir/iob/iob_free.c.o
[2168/3338] Building C object mm/CMakeFiles/kmm.dir/iob/iob_free_qentry.c.o
[2169/3338] Building C object mm/CMakeFiles/kmm.dir/iob/iob_free_queue.c.o
[2170/3338] Building C object mm/CMakeFiles/kmm.dir/iob/iob_remove_queue.c.o
[2171/3338] Building C object mm/CMakeFiles/kmm.dir/iob/iob_peek_queue.c.o
[2172/3338] Building C object mm/CMakeFiles/kmm.dir/iob/iob_pack.c.o
[2173/3338] Building C object mm/CMakeFiles/kmm.dir/iob/iob_initialize.c.o
[2174/3338] Building C object mm/CMakeFiles/kmm.dir/iob/iob_statistics.c.o
[2175/3338] Building C object mm/CMakeFiles/kmm.dir/iob/iob_trimhead_queue.c.o
[2176/3338] Building C object mm/CMakeFiles/kmm.dir/iob/iob_trimhead.c.o
[2177/3338] Building C object mm/CMakeFiles/kmm.dir/iob/iob_navail.c.o
[2178/3338] Building C object mm/CMakeFiles/kmm.dir/iob/iob_trimtail.c.o
[2179/3338] Building C object mm/CMakeFiles/kmm.dir/iob/iob_free_queue_qentry.c.o
[2180/3338] Building C object mm/CMakeFiles/kmm.dir/iob/iob_tailroom.c.o
[2181/3338] Building C object mm/CMakeFiles/kmm.dir/iob/iob_get_queue_info.c.o
[2182/3338] Building C object mm/CMakeFiles/kmm.dir/iob/iob_reserve.c.o
[2183/3338] Building C object mm/CMakeFiles/kmm.dir/iob/iob_count.c.o
[2184/3338] Building C object mm/CMakeFiles/kmm.dir/kasan/hook.c.o
[2185/3338] Building C object mm/CMakeFiles/kmm.dir/kmm_heap/kmm_addregion.c.o
[2186/3338] Building C object mm/CMakeFiles/kmm.dir/kmm_heap/kmm_initialize.c.o
[2187/3338] Building C object mm/CMakeFiles/kmm.dir/iob/iob_update_pktlen.c.o
[2188/3338] Building C object mm/CMakeFiles/kmm.dir/kmm_heap/kmm_malloc_size.c.o
[2189/3338] Building C object mm/CMakeFiles/kmm.dir/kmm_heap/kmm_brkaddr.c.o
[2190/3338] Building C object mm/CMakeFiles/kmm.dir/iob/iob_dump.c.o
[2191/3338] Building C object mm/CMakeFiles/kmm.dir/kmm_heap/kmm_calloc.c.o
[2192/3338] Building C object mm/CMakeFiles/kmm.dir/kmm_heap/kmm_extend.c.o
[2193/3338] Building C object mm/CMakeFiles/kmm.dir/kmm_heap/kmm_malloc.c.o
[2194/3338] Building C object mm/CMakeFiles/kmm.dir/kmm_heap/kmm_mallinfo.c.o
[2195/3338] Building C object mm/CMakeFiles/kmm.dir/kmm_heap/kmm_free.c.o
[2196/3338] Building C object mm/CMakeFiles/kmm.dir/kmm_heap/kmm_memalign.c.o
[2197/3338] Building C object mm/CMakeFiles/kmm.dir/kmm_heap/kmm_realloc.c.o
[2198/3338] Building C object mm/CMakeFiles/kmm.dir/kmm_heap/kmm_zalloc.c.o
[2199/3338] Building C object mm/CMakeFiles/kmm.dir/kmm_heap/kmm_heapmember.c.o
[2200/3338] Building C object mm/CMakeFiles/kmm.dir/kmm_heap/kmm_memdump.c.o
[2201/3338] Building C object mm/CMakeFiles/kmm.dir/mempool/mempool_procfs.c.o
[2202/3338] Building C object mm/CMakeFiles/kmm.dir/mm_gran/mm_graninit.c.o
[2203/3338] Building C object mm/CMakeFiles/kmm.dir/mm_gran/mm_granrelease.c.o
[2204/3338] Building C object mm/CMakeFiles/kmm.dir/mm_gran/mm_grancritical.c.o
[2205/3338] Building C object mm/CMakeFiles/kmm.dir/mm_gran/mm_graninfo.c.o
[2206/3338] Building C object mm/CMakeFiles/kmm.dir/mm_gran/mm_granfree.c.o
[2207/3338] Building C object mm/CMakeFiles/kmm.dir/mm_gran/mm_granalloc.c.o
[2208/3338] Building C object mm/CMakeFiles/kmm.dir/mm_gran/mm_grantable.c.o
[2209/3338] Building C object mm/CMakeFiles/kmm.dir/map/mm_map.c.o
[2210/3338] Building C object mm/CMakeFiles/kmm.dir/mm_gran/mm_granreserve.c.o
[2211/3338] Building C object mm/CMakeFiles/kmm.dir/mm_gran/mm_pgalloc.c.o
[2212/3338] Building C object mm/CMakeFiles/kmm.dir/mempool/mempool.c.o
[2213/3338] Building C object mm/CMakeFiles/kmm.dir/mm_heap/mm_malloc_size.c.o
[2214/3338] Building C object mm/CMakeFiles/kmm.dir/mm_heap/mm_calloc.c.o
[2215/3338] Building C object mm/CMakeFiles/kmm.dir/mm_heap/mm_brkaddr.c.o
[2216/3338] Building C object mm/CMakeFiles/kmm.dir/mempool/mempool_multiple.c.o
[2217/3338] Building C object mm/CMakeFiles/kmm.dir/mm_heap/mm_shrinkchunk.c.o
[2218/3338] Building C object mm/CMakeFiles/kmm.dir/mm_heap/mm_initialize.c.o
[2219/3338] Building C object mm/CMakeFiles/kmm.dir/mm_heap/mm_extend.c.o
[2220/3338] Building C object mm/CMakeFiles/kmm.dir/mm_heap/mm_free.c.o
[2221/3338] Building C object mm/CMakeFiles/kmm.dir/mm_heap/mm_mallinfo.c.o
[2222/3338] Building C object mm/CMakeFiles/kmm.dir/mm_heap/mm_zalloc.c.o
[2223/3338] Building C object mm/CMakeFiles/kmm.dir/mm_heap/mm_foreach.c.o
[2224/3338] Building C object mm/CMakeFiles/kmm.dir/mm_heap/mm_malloc.c.o
[2225/3338] Building C object mm/CMakeFiles/kmm.dir/mm_heap/mm_heapmember.c.o
[2226/3338] Building C object mm/CMakeFiles/kmm.dir/mm_heap/mm_memalign.c.o
[2227/3338] Building C object mm/CMakeFiles/kmm.dir/mm_heap/mm_sbrk.c.o
[2228/3338] Building C object mm/CMakeFiles/kmm.dir/umm_heap/umm_globals.c.o
[2229/3338] Building C object mm/CMakeFiles/kmm.dir/mm_heap/mm_realloc.c.o
[2230/3338] Building C object mm/CMakeFiles/kmm.dir/umm_heap/umm_initialize.c.o
[2231/3338] Building C object mm/CMakeFiles/kmm.dir/umm_heap/umm_malloc_size.c.o
[2232/3338] Building C object mm/CMakeFiles/kmm.dir/umm_heap/umm_addregion.c.o
[2233/3338] Building C object mm/CMakeFiles/kmm.dir/mm_heap/mm_memdump.c.o
[2234/3338] Building C object mm/CMakeFiles/kmm.dir/umm_heap/umm_brkaddr.c.o
[2235/3338] Building C object mm/CMakeFiles/kmm.dir/umm_heap/umm_extend.c.o
[2236/3338] Building C object mm/CMakeFiles/kmm.dir/umm_heap/umm_calloc.c.o
[2237/3338] Building C object mm/CMakeFiles/kmm.dir/umm_heap/umm_free.c.o
[2238/3338] Building C object mm/CMakeFiles/kmm.dir/umm_heap/umm_mallinfo.c.o
[2239/3338] Building C object mm/CMakeFiles/kmm.dir/umm_heap/umm_malloc.c.o
[2240/3338] Building C object mm/CMakeFiles/kmm.dir/umm_heap/umm_memalign.c.o
[2241/3338] Building C object mm/CMakeFiles/kmm.dir/umm_heap/umm_zalloc.c.o
[2242/3338] Building C object mm/CMakeFiles/kmm.dir/umm_heap/umm_realloc.c.o
[2243/3338] Building C object mm/CMakeFiles/kmm.dir/umm_heap/umm_heapmember.c.o
[2244/3338] Building C object mm/CMakeFiles/kmm.dir/umm_heap/umm_memdump.c.o
[2245/3338] Building C object mm/CMakeFiles/kmm.dir/umm_heap/umm_sbrk.c.o
[2246/3338] Building C object net/CMakeFiles/net.dir/arp/arp_input.c.o
[2247/3338] Building C object net/CMakeFiles/net.dir/arp/arp_out.c.o
[2248/3338] Building C object net/CMakeFiles/net.dir/arp/arp_format.c.o
[2249/3338] Building C object net/CMakeFiles/net.dir/arp/arp_poll.c.o
[2250/3338] Linking C static library mm/libkmm.a
[2251/3338] Building C object net/CMakeFiles/net.dir/arp/arp_table.c.o
[2252/3338] Building C object net/CMakeFiles/net.dir/arp/arp_notify.c.o
[2253/3338] Building C object net/CMakeFiles/net.dir/devif/devif_send.c.o
[2254/3338] Building C object net/CMakeFiles/net.dir/devif/devif_loopback.c.o
[2255/3338] Building C object net/CMakeFiles/net.dir/arp/arp_send.c.o
[2256/3338] Building C object net/CMakeFiles/net.dir/devif/devif_callback.c.o
[2257/3338] Building C object net/CMakeFiles/net.dir/devif/devif_iobsend.c.o
[2258/3338] Building C object net/CMakeFiles/net.dir/devif/ipv4_input.c.o
[2259/3338] Building C object net/CMakeFiles/net.dir/devif/devif_filesend.c.o
[2260/3338] Building C object net/CMakeFiles/net.dir/icmp/icmp_reply.c.o
[2261/3338] Building C object net/CMakeFiles/net.dir/icmp/icmp_poll.c.o
[2262/3338] Building C object net/CMakeFiles/net.dir/icmp/icmp_input.c.o
[2263/3338] Building C object net/CMakeFiles/net.dir/icmp/icmp_sockif.c.o
[2264/3338] Building C object net/CMakeFiles/net.dir/devif/devif_poll.c.o
[2265/3338] Building C object net/CMakeFiles/net.dir/inet/inet_txdrain.c.o
[2266/3338] Building C object net/CMakeFiles/net.dir/icmp/icmp_ioctl.c.o
[2267/3338] Building C object net/CMakeFiles/net.dir/icmp/icmp_recvmsg.c.o
[2268/3338] Building C object net/CMakeFiles/net.dir/inet/inet_globals.c.o
[2269/3338] Building C object net/CMakeFiles/net.dir/icmp/icmp_conn.c.o
[2270/3338] Building C object net/CMakeFiles/net.dir/icmp/icmp_sendmsg.c.o
[2271/3338] Building C object net/CMakeFiles/net.dir/icmp/icmp_netpoll.c.o
[2272/3338] Building C object net/CMakeFiles/net.dir/inet/ipv4_build_header.c.o
[2273/3338] Building C object net/CMakeFiles/net.dir/inet/ipv4_getsockopt.c.o
[2274/3338] Building C object net/CMakeFiles/net.dir/inet/ipv4_getpeername.c.o
[2275/3338] Building C object net/CMakeFiles/net.dir/inet/ipv4_getsockname.c.o
[2276/3338] Building C object net/CMakeFiles/net.dir/inet/ipv4_setsockopt.c.o
[2277/3338] Building C object net/CMakeFiles/net.dir/netdev/netdev_register.c.o
[2278/3338] Building C object net/CMakeFiles/net.dir/inet/inet_sockif.c.o
[2279/3338] Building C object net/CMakeFiles/net.dir/netdev/netdev_txnotify.c.o
[2280/3338] Building C object net/CMakeFiles/net.dir/netdev/netdev_findbyname.c.o
[2281/3338] Building C object net/CMakeFiles/net.dir/netdev/netdev_findbyindex.c.o
[2282/3338] Building C object net/CMakeFiles/net.dir/netdev/netdev_findbyaddr.c.o
[2283/3338] Building C object net/CMakeFiles/net.dir/netdev/netdev_count.c.o
[2284/3338] Building C object net/CMakeFiles/net.dir/netdev/netdev_ioctl.c.o
[2285/3338] Building C object net/CMakeFiles/net.dir/netdev/netdev_foreach.c.o
[2286/3338] Building C object net/CMakeFiles/net.dir/netdev/netdev_ifconf.c.o
[2287/3338] Building C object net/CMakeFiles/net.dir/netdev/netdev_unregister.c.o
[2288/3338] Building C object net/CMakeFiles/net.dir/netdev/netdev_carrier.c.o
[2289/3338] Building C object net/CMakeFiles/net.dir/netdev/netdev_lladdrsize.c.o
[2290/3338] Building C object net/CMakeFiles/net.dir/netdev/netdev_default.c.o
[2291/3338] Building C object net/CMakeFiles/net.dir/netdev/netdev_verify.c.o
[2292/3338] Building C object net/CMakeFiles/net.dir/netdev/netdev_input.c.o
[2293/3338] Building C object net/CMakeFiles/net.dir/netdev/netdev_checksum.c.o
[2294/3338] Building C object net/CMakeFiles/net.dir/netdev/netdev_iob.c.o
[2295/3338] Building C object net/CMakeFiles/net.dir/socket/accept.c.o
[2296/3338] Building C object net/CMakeFiles/net.dir/socket/bind.c.o
[2297/3338] Building C object net/CMakeFiles/net.dir/socket/connect.c.o
[2298/3338] Building C object net/CMakeFiles/net.dir/procfs/netdev_statistics.c.o
[2299/3338] Building C object net/CMakeFiles/net.dir/socket/getsockname.c.o
[2300/3338] Building C object net/CMakeFiles/net.dir/socket/getpeername.c.o
[2301/3338] Building C object net/CMakeFiles/net.dir/procfs/net_procfs.c.o
[2302/3338] Building C object net/CMakeFiles/net.dir/socket/recv.c.o
[2303/3338] Building C object net/CMakeFiles/net.dir/socket/listen.c.o
[2304/3338] Building C object net/CMakeFiles/net.dir/socket/send.c.o
[2305/3338] Building C object net/CMakeFiles/net.dir/socket/recvfrom.c.o
[2306/3338] Building C object net/CMakeFiles/net.dir/socket/sendto.c.o
[2307/3338] Building C object net/CMakeFiles/net.dir/socket/socketpair.c.o
[2308/3338] Building C object net/CMakeFiles/net.dir/socket/net_close.c.o
[2309/3338] Building C object net/CMakeFiles/net.dir/socket/recvmsg.c.o
[2310/3338] Building C object net/CMakeFiles/net.dir/socket/socket.c.o
[2311/3338] Building C object net/CMakeFiles/net.dir/socket/sendmsg.c.o
[2312/3338] Building C object net/CMakeFiles/net.dir/socket/shutdown.c.o
[2313/3338] Building C object net/CMakeFiles/net.dir/socket/net_sockif.c.o
[2314/3338] Building C object net/CMakeFiles/net.dir/socket/net_poll.c.o
[2315/3338] Building C object net/CMakeFiles/net.dir/socket/net_mmap.c.o
[2316/3338] Building C object net/CMakeFiles/net.dir/socket/net_dup2.c.o
[2317/3338] Building C object net/CMakeFiles/net.dir/socket/net_fstat.c.o
[2318/3338] Building C object net/CMakeFiles/net.dir/socket/net_timeo.c.o
[2319/3338] Building C object net/CMakeFiles/net.dir/socket/getsockopt.c.o
[2320/3338] Building C object net/CMakeFiles/net.dir/socket/setsockopt.c.o
[2321/3338] Building C object net/CMakeFiles/net.dir/tcp/tcp_setsockopt.c.o
[2322/3338] Building C object net/CMakeFiles/net.dir/tcp/tcp_getsockopt.c.o
[2323/3338] Building C object net/CMakeFiles/net.dir/tcp/tcp_accept.c.o
[2324/3338] Building C object net/CMakeFiles/net.dir/tcp/tcp_connect.c.o
[2325/3338] Building C object net/CMakeFiles/net.dir/tcp/tcp_seqno.c.o
[2326/3338] Building C object net/CMakeFiles/net.dir/tcp/tcp_recvfrom.c.o
[2327/3338] Building C object net/CMakeFiles/net.dir/tcp/tcp_finddev.c.o
[2328/3338] Building C object net/CMakeFiles/net.dir/tcp/tcp_devpoll.c.o
[2329/3338] Building C object net/CMakeFiles/net.dir/tcp/tcp_send.c.o
[2330/3338] Building C object net/CMakeFiles/net.dir/tcp/tcp_appsend.c.o
[2331/3338] Building C object net/CMakeFiles/net.dir/tcp/tcp_timer.c.o
[2332/3338] Building C object net/CMakeFiles/net.dir/tcp/tcp_listen.c.o
[2333/3338] Building C object net/CMakeFiles/net.dir/tcp/tcp_send_buffered.c.o
[2334/3338] Building C object net/CMakeFiles/net.dir/tcp/tcp_backlog.c.o
[2335/3338] Building C object net/CMakeFiles/net.dir/tcp/tcp_conn.c.o
[2336/3338] Building C object net/CMakeFiles/net.dir/tcp/tcp_input.c.o
[2337/3338] Building C object net/CMakeFiles/net.dir/tcp/tcp_monitor.c.o
[2338/3338] Building C object net/CMakeFiles/net.dir/tcp/tcp_close.c.o
[2339/3338] Building C object net/CMakeFiles/net.dir/tcp/tcp_callback.c.o
[2340/3338] Building C object net/CMakeFiles/net.dir/tcp/tcp_ipselect.c.o
[2341/3338] Building C object net/CMakeFiles/net.dir/tcp/tcp_recvwindow.c.o
[2342/3338] Building C object net/CMakeFiles/net.dir/tcp/tcp_dump.c.o
[2343/3338] Building C object net/CMakeFiles/net.dir/tcp/tcp_wrbuffer.c.o
[2344/3338] Building C object net/CMakeFiles/net.dir/tcp/tcp_ioctl.c.o
[2345/3338] Building C object net/CMakeFiles/net.dir/tcp/tcp_shutdown.c.o
[2346/3338] Building C object net/CMakeFiles/net.dir/udp/udp_devpoll.c.o
[2347/3338] Building C object net/CMakeFiles/net.dir/tcp/tcp_netpoll.c.o
[2348/3338] Building C object net/CMakeFiles/net.dir/udp/udp_send.c.o
[2349/3338] Building C object net/CMakeFiles/net.dir/udp/udp_finddev.c.o
[2350/3338] Building C object net/CMakeFiles/net.dir/udp/udp_recvfrom.c.o
[2351/3338] Building C object net/CMakeFiles/net.dir/udp/udp_ipselect.c.o
[2352/3338] Building C object net/CMakeFiles/net.dir/udp/udp_input.c.o
[2353/3338] Building C object net/CMakeFiles/net.dir/udp/udp_sendto_buffered.c.o
[2354/3338] Building C object net/CMakeFiles/net.dir/udp/udp_close.c.o
[2355/3338] Building C object net/CMakeFiles/net.dir/udp/udp_conn.c.o
[2356/3338] Building C object net/CMakeFiles/net.dir/udp/udp_ioctl.c.o
[2357/3338] Building C object net/CMakeFiles/net.dir/udp/udp_wrbuffer_dump.c.o
[2358/3338] Building C object net/CMakeFiles/net.dir/utils/net_dsec2tick.c.o
[2359/3338] Building C object net/CMakeFiles/net.dir/udp/udp_callback.c.o
[2360/3338] Building C object net/CMakeFiles/net.dir/udp/udp_wrbuffer.c.o
[2361/3338] Building C object net/CMakeFiles/net.dir/utils/net_dsec2timeval.c.o
[2362/3338] Building C object net/CMakeFiles/net.dir/utils/net_timeval2dsec.c.o
[2363/3338] Building C object net/CMakeFiles/net.dir/udp/udp_netpoll.c.o
[2364/3338] Building C object net/CMakeFiles/net.dir/utils/net_incr32.c.o
[2365/3338] Building C object net/CMakeFiles/net.dir/utils/net_ipchksum.c.o
[2366/3338] Building C object net/CMakeFiles/net.dir/utils/net_iob_concat.c.o
[2367/3338] Building C object net/CMakeFiles/net.dir/utils/net_chksum.c.o
[2368/3338] Building C object net/CMakeFiles/net.dir/utils/net_cmsg.c.o
[2369/3338] Building C object net/CMakeFiles/net.dir/utils/net_mask2pref.c.o
[2370/3338] Building C object net/CMakeFiles/net.dir/utils/net_tcpchksum.c.o
[2371/3338] Building C object net/CMakeFiles/net.dir/utils/net_udpchksum.c.o
[2372/3338] Building C object net/CMakeFiles/net.dir/utils/net_icmpchksum.c.o
[2373/3338] Building C object net/CMakeFiles/net.dir/utils/net_snoop.c.o
[2374/3338] Building C object net/CMakeFiles/net.dir/net_initialize.c.o
[2375/3338] Building C object sched/CMakeFiles/sched.dir/clock/clock.c.o
[2376/3338] Building C object sched/CMakeFiles/sched.dir/clock/clock_getres.c.o
[2377/3338] Building C object sched/CMakeFiles/sched.dir/addrenv/addrenv.c.o
[2378/3338] Building C object sched/CMakeFiles/sched.dir/clock/clock_settime.c.o
[2379/3338] Building C object net/CMakeFiles/net.dir/utils/net_lock.c.o
[2380/3338] Building C object sched/CMakeFiles/sched.dir/clock/clock_notifier.c.o
[2381/3338] Building C object sched/CMakeFiles/sched.dir/clock/clock_initialize.c.o
[2382/3338] Building C object sched/CMakeFiles/sched.dir/clock/clock_gettime.c.o
[2383/3338] Building C object sched/CMakeFiles/sched.dir/clock/clock_systime_ticks.c.o
[2384/3338] Building C object sched/CMakeFiles/sched.dir/clock/clock_realtime2absticks.c.o
[2385/3338] Building C object sched/CMakeFiles/sched.dir/clock/clock_systime_timespec.c.o
[2386/3338] Building C object sched/CMakeFiles/sched.dir/clock/clock_perf.c.o
[2387/3338] Building C object sched/CMakeFiles/sched.dir/group/group_join.c.o
[2388/3338] Building C object sched/CMakeFiles/sched.dir/group/group_create.c.o
[2389/3338] Building C object sched/CMakeFiles/sched.dir/group/group_setupidlefiles.c.o
[2390/3338] Building C object sched/CMakeFiles/sched.dir/group/group_leave.c.o
[2391/3338] Building C object sched/CMakeFiles/sched.dir/group/group_foreachchild.c.o
[2392/3338] Linking C static library net/libnet.a
[2393/3338] Building C object sched/CMakeFiles/sched.dir/group/group_setuptaskfiles.c.o
[2394/3338] Building C object sched/CMakeFiles/sched.dir/group/group_killchildren.c.o
[2395/3338] Building C object sched/CMakeFiles/sched.dir/group/group_continue.c.o
[2396/3338] Building C object sched/CMakeFiles/sched.dir/group/group_suspendchildren.c.o
[2397/3338] Building C object sched/CMakeFiles/sched.dir/group/group_signal.c.o
[2398/3338] Building C object sched/CMakeFiles/sched.dir/group/group_zalloc.c.o
[2399/3338] Building C object sched/CMakeFiles/sched.dir/group/group_malloc.c.o
[2400/3338] Building C object sched/CMakeFiles/sched.dir/group/group_realloc.c.o
[2401/3338] Building C object sched/CMakeFiles/sched.dir/group/group_free.c.o
[2402/3338] Building C object sched/CMakeFiles/sched.dir/group/group_memalign.c.o
[2403/3338] Building C object sched/CMakeFiles/sched.dir/instrument/instrument.c.o
[2404/3338] Building C object sched/CMakeFiles/sched.dir/group/group_heap.c.o
[2405/3338] Building C object sched/CMakeFiles/sched.dir/init/nx_bringup.c.o
[2406/3338] Building C object sched/CMakeFiles/sched.dir/init/nx_smpstart.c.o
[2407/3338] Building C object sched/CMakeFiles/sched.dir/irq/irq_initialize.c.o
[2408/3338] Building C object sched/CMakeFiles/sched.dir/irq/irq_attach.c.o
[2409/3338] Building C object sched/CMakeFiles/sched.dir/init/nx_start.c.o
[2410/3338] Building C object sched/CMakeFiles/sched.dir/irq/irq_csection.c.o
[2411/3338] Building C object sched/CMakeFiles/sched.dir/irq/irq_dispatch.c.o
[2412/3338] Building C object sched/CMakeFiles/sched.dir/irq/irq_attach_thread.c.o
[2413/3338] Building C object sched/CMakeFiles/sched.dir/irq/irq_spinlock.c.o
[2414/3338] Building C object sched/CMakeFiles/sched.dir/irq/irq_unexpectedisr.c.o
[2415/3338] Building C object sched/CMakeFiles/sched.dir/irq/irq_attach_wqueue.c.o
[2416/3338] Building C object sched/CMakeFiles/sched.dir/mqueue/mq_initialize.c.o
[2417/3338] Building C object sched/CMakeFiles/sched.dir/mqueue/mq_recover.c.o
[2418/3338] Building C object sched/CMakeFiles/sched.dir/mqueue/mq_waitirq.c.o
[2419/3338] Building C object sched/CMakeFiles/sched.dir/misc/panic_notifier.c.o
[2420/3338] Building C object sched/CMakeFiles/sched.dir/misc/reboot_notifier.c.o
[2421/3338] Building C object sched/CMakeFiles/sched.dir/mqueue/mq_sndinternal.c.o
[2422/3338] Building C object sched/CMakeFiles/sched.dir/misc/assert.c.o
[2423/3338] Building C object sched/CMakeFiles/sched.dir/mqueue/mq_msgfree.c.o
[2424/3338] Building C object sched/CMakeFiles/sched.dir/mqueue/mq_send.c.o
[2425/3338] Building C object sched/CMakeFiles/sched.dir/mqueue/mq_msgqalloc.c.o
[2426/3338] Building C object sched/CMakeFiles/sched.dir/mqueue/mq_receive.c.o
[2427/3338] Building C object sched/CMakeFiles/sched.dir/mqueue/mq_rcvinternal.c.o
[2428/3338] Building C object sched/CMakeFiles/sched.dir/mqueue/mq_msgqfree.c.o
[2429/3338] Building C object sched/CMakeFiles/sched.dir/mqueue/mq_setattr.c.o
[2430/3338] Building C object sched/CMakeFiles/sched.dir/mqueue/mq_getattr.c.o
[2431/3338] Building C object sched/CMakeFiles/sched.dir/mqueue/msgget.c.o
[2432/3338] Building C object sched/CMakeFiles/sched.dir/mqueue/msgctl.c.o
[2433/3338] Building C object sched/CMakeFiles/sched.dir/mqueue/mq_notify.c.o
[2434/3338] Building C object sched/CMakeFiles/sched.dir/mqueue/msginternal.c.o
[2435/3338] Building C object sched/CMakeFiles/sched.dir/pthread/pthread_exit.c.o
[2436/3338] Building C object sched/CMakeFiles/sched.dir/mqueue/msgsnd.c.o
[2437/3338] Building C object sched/CMakeFiles/sched.dir/mqueue/msgrcv.c.o
[2438/3338] Building C object sched/CMakeFiles/sched.dir/pthread/pthread_getschedparam.c.o
[2439/3338] Building C object sched/CMakeFiles/sched.dir/pthread/pthread_create.c.o
[2440/3338] Building C object sched/CMakeFiles/sched.dir/pthread/pthread_setschedparam.c.o
[2441/3338] Building C object sched/CMakeFiles/sched.dir/pthread/pthread_detach.c.o
[2442/3338] Building C object sched/CMakeFiles/sched.dir/pthread/pthread_sigmask.c.o
[2443/3338] Building C object sched/CMakeFiles/sched.dir/pthread/pthread_cancel.c.o
[2444/3338] Building C object sched/CMakeFiles/sched.dir/pthread/pthread_join.c.o
[2445/3338] Building C object sched/CMakeFiles/sched.dir/pthread/pthread_release.c.o
[2446/3338] Building C object sched/CMakeFiles/sched.dir/pthread/pthread_setschedprio.c.o
[2447/3338] Building C object sched/CMakeFiles/sched.dir/pthread/pthread_setaffinity.c.o
[2448/3338] Building C object sched/CMakeFiles/sched.dir/pthread/pthread_findjoininfo.c.o
[2449/3338] Building C object sched/CMakeFiles/sched.dir/pthread/pthread_getaffinity.c.o
[2450/3338] Building C object sched/CMakeFiles/sched.dir/sched/sched_getfiles.c.o
[2451/3338] Building C object sched/CMakeFiles/sched.dir/pthread/pthread_completejoin.c.o
[2452/3338] Building C object sched/CMakeFiles/sched.dir/sched/sched_profil.c.o
[2453/3338] Building C object sched/CMakeFiles/sched.dir/sched/sched_removereadytorun.c.o
[2454/3338] Building C object sched/CMakeFiles/sched.dir/sched/sched_addreadytorun.c.o
[2455/3338] Building C object sched/CMakeFiles/sched.dir/sched/sched_addblocked.c.o
[2456/3338] Building C object sched/CMakeFiles/sched.dir/sched/sched_removeblocked.c.o
[2457/3338] Building C object sched/CMakeFiles/sched.dir/sched/sched_verifytcb.c.o
[2458/3338] Building C object sched/CMakeFiles/sched.dir/sched/sched_releasetcb.c.o
[2459/3338] Building C object sched/CMakeFiles/sched.dir/sched/sched_setparam.c.o
[2460/3338] Building C object sched/CMakeFiles/sched.dir/sched/sched_getparam.c.o
[2461/3338] Building C object sched/CMakeFiles/sched.dir/sched/sched_getscheduler.c.o
[2462/3338] Building C object sched/CMakeFiles/sched.dir/sched/sched_gettcb.c.o
[2463/3338] Building C object sched/CMakeFiles/sched.dir/sched/sched_yield.c.o
[2464/3338] Building C object sched/CMakeFiles/sched.dir/sched/sched_setpriority.c.o
[2465/3338] Building C object sched/CMakeFiles/sched.dir/sched/sched_setscheduler.c.o
[2466/3338] Building C object sched/CMakeFiles/sched.dir/sched/sched_rrgetinterval.c.o
[2467/3338] Building C object sched/CMakeFiles/sched.dir/sched/sched_foreach.c.o
[2468/3338] Building C object sched/CMakeFiles/sched.dir/sched/sched_lockcount.c.o
[2469/3338] Building C object sched/CMakeFiles/sched.dir/sched/sched_lock.c.o
[2470/3338] Building C object sched/CMakeFiles/sched.dir/sched/sched_self.c.o
[2471/3338] Building C object sched/CMakeFiles/sched.dir/sched/sched_getcpu.c.o
[2472/3338] Building C object sched/CMakeFiles/sched.dir/sched/sched_unlock.c.o
[2473/3338] Building C object sched/CMakeFiles/sched.dir/sched/sched_idletask.c.o
[2474/3338] Building C object sched/CMakeFiles/sched.dir/sched/sched_get_tls.c.o
[2475/3338] Building C object sched/CMakeFiles/sched.dir/sched/sched_get_stackinfo.c.o
[2476/3338] Building C object sched/CMakeFiles/sched.dir/sched/sched_sysinfo.c.o
[2477/3338] Building C object sched/CMakeFiles/sched.dir/sched/sched_get_stateinfo.c.o
[2478/3338] Building C object sched/CMakeFiles/sched.dir/sched/sched_switchcontext.c.o
[2479/3338] Building C object sched/CMakeFiles/sched.dir/sched/sched_getaffinity.c.o
[2480/3338] Building C object sched/CMakeFiles/sched.dir/sched/sched_setaffinity.c.o
[2481/3338] Building C object sched/CMakeFiles/sched.dir/sched/sched_process_delivered.c.o
[2482/3338] Building C object sched/CMakeFiles/sched.dir/sched/sched_wait.c.o
[2483/3338] Building C object sched/CMakeFiles/sched.dir/sched/sched_waitpid.c.o
[2484/3338] Building C object sched/CMakeFiles/sched.dir/sched/sched_waitid.c.o
[2485/3338] Building C object sched/CMakeFiles/sched.dir/sched/sched_suspend.c.o
[2486/3338] Building C object sched/CMakeFiles/sched.dir/sched/sched_processtimer.c.o
[2487/3338] Building C object sched/CMakeFiles/sched.dir/sched/sched_roundrobin.c.o
[2488/3338] Building C object sched/CMakeFiles/sched.dir/sched/sched_backtrace.c.o
[2489/3338] Building C object sched/CMakeFiles/sched.dir/semaphore/sem_destroy.c.o
[2490/3338] Building C object sched/CMakeFiles/sched.dir/semaphore/sem_trywait.c.o
[2491/3338] Building C object sched/CMakeFiles/sched.dir/semaphore/sem_wait.c.o
[2492/3338] Building C object sched/CMakeFiles/sched.dir/semaphore/sem_tickwait.c.o
[2493/3338] Building C object sched/CMakeFiles/sched.dir/semaphore/sem_timeout.c.o
[2494/3338] Building C object sched/CMakeFiles/sched.dir/sched/sched_smp.c.o
[2495/3338] Building C object sched/CMakeFiles/sched.dir/semaphore/sem_recover.c.o
[2496/3338] Building C object sched/CMakeFiles/sched.dir/semaphore/sem_clockwait.c.o
[2497/3338] Building C object sched/CMakeFiles/sched.dir/semaphore/sem_post.c.o
[2498/3338] Building C object sched/CMakeFiles/sched.dir/semaphore/sem_waitirq.c.o
[2499/3338] Building C object sched/CMakeFiles/sched.dir/semaphore/sem_reset.c.o
[2500/3338] Building C object sched/CMakeFiles/sched.dir/signal/sig_allocpendingsigaction.c.o
[2501/3338] Building C object sched/CMakeFiles/sched.dir/signal/sig_cleanup.c.o
[2502/3338] Building C object sched/CMakeFiles/sched.dir/signal/sig_findaction.c.o
[2503/3338] Building C object sched/CMakeFiles/sched.dir/signal/sig_action.c.o
[2504/3338] Building C object sched/CMakeFiles/sched.dir/signal/sig_deliver.c.o
[2505/3338] Building C object sched/CMakeFiles/sched.dir/signal/sig_initialize.c.o
[2506/3338] Building C object sched/CMakeFiles/sched.dir/signal/sig_pending.c.o
[2507/3338] Building C object sched/CMakeFiles/sched.dir/signal/sig_releasependingsigaction.c.o
[2508/3338] Building C object sched/CMakeFiles/sched.dir/signal/sig_releasependingsignal.c.o
[2509/3338] Building C object sched/CMakeFiles/sched.dir/signal/sig_removependingsignal.c.o
[2510/3338] Building C object sched/CMakeFiles/sched.dir/signal/sig_unmaskpendingsignal.c.o
[2511/3338] Building C object sched/CMakeFiles/sched.dir/signal/sig_kill.c.o
[2512/3338] Building C object sched/CMakeFiles/sched.dir/signal/sig_nanosleep.c.o
[2513/3338] Building C object sched/CMakeFiles/sched.dir/signal/sig_lowest.c.o
[2514/3338] Building C object sched/CMakeFiles/sched.dir/semaphore/sem_rw.c.o
[2515/3338] Building C object sched/CMakeFiles/sched.dir/signal/sig_pause.c.o
[2516/3338] Building C object sched/CMakeFiles/sched.dir/signal/sig_notification.c.o
[2517/3338] Building C object sched/CMakeFiles/sched.dir/signal/sig_queue.c.o
[2518/3338] Building C object sched/CMakeFiles/sched.dir/signal/sig_ppoll.c.o
[2519/3338] Building C object sched/CMakeFiles/sched.dir/signal/sig_sleep.c.o
[2520/3338] Building C object sched/CMakeFiles/sched.dir/signal/sig_pselect.c.o
[2521/3338] Building C object sched/CMakeFiles/sched.dir/signal/sig_procmask.c.o
[2522/3338] Building C object sched/CMakeFiles/sched.dir/signal/sig_tgkill.c.o
[2523/3338] Building C object sched/CMakeFiles/sched.dir/signal/sig_suspend.c.o
[2524/3338] Building C object sched/CMakeFiles/sched.dir/signal/sig_dispatch.c.o
[2525/3338] Building C object sched/CMakeFiles/sched.dir/signal/sig_waitinfo.c.o
[2526/3338] Building C object sched/CMakeFiles/sched.dir/signal/sig_usleep.c.o
[2527/3338] Building C object sched/CMakeFiles/sched.dir/task/task_argvstr.c.o
[2528/3338] Building C object sched/CMakeFiles/sched.dir/signal/sig_default.c.o
[2529/3338] Building C object sched/CMakeFiles/sched.dir/task/task_start.c.o
[2530/3338] Building C object sched/CMakeFiles/sched.dir/task/task_create.c.o
[2531/3338] Building C object sched/CMakeFiles/sched.dir/task/task_init.c.o
[2532/3338] Building C object sched/CMakeFiles/sched.dir/task/task_activate.c.o
[2533/3338] Building C object sched/CMakeFiles/sched.dir/task/task_delete.c.o
[2534/3338] Building C object sched/CMakeFiles/sched.dir/signal/sig_timedwait.c.o
[2535/3338] Building C object sched/CMakeFiles/sched.dir/task/task_exit.c.o
[2536/3338] Building C object sched/CMakeFiles/sched.dir/task/task_setup.c.o
[2537/3338] Building C object sched/CMakeFiles/sched.dir/task/task_restart.c.o
[2538/3338] Building C object sched/CMakeFiles/sched.dir/task/task_recover.c.o
[2539/3338] Building C object sched/CMakeFiles/sched.dir/task/task_exithook.c.o
[2540/3338] Building C object sched/CMakeFiles/sched.dir/task/task_prctl.c.o
[2541/3338] Building C object sched/CMakeFiles/sched.dir/task/task_spawnparms.c.o
[2542/3338] Building C object sched/CMakeFiles/sched.dir/task/task_cancelpt.c.o
[2543/3338] Building C object sched/CMakeFiles/sched.dir/task/task_join.c.o
[2544/3338] Building C object sched/CMakeFiles/sched.dir/task/task_getppid.c.o
[2545/3338] Building C object sched/CMakeFiles/sched.dir/task/exit.c.o
[2546/3338] Building C object sched/CMakeFiles/sched.dir/task/task_terminate.c.o
[2547/3338] Building C object sched/CMakeFiles/sched.dir/task/task_reparent.c.o
[2548/3338] Building C object sched/CMakeFiles/sched.dir/task/task_execve.c.o
[2549/3338] Building C object sched/CMakeFiles/sched.dir/task/task_fork.c.o
[2550/3338] Building C object sched/CMakeFiles/sched.dir/task/task_posixspawn.c.o
[2551/3338] Building C object sched/CMakeFiles/sched.dir/timer/timer_getoverrun.c.o
[2552/3338] Building C object sched/CMakeFiles/sched.dir/timer/timer_delete.c.o
[2553/3338] Building C object sched/CMakeFiles/sched.dir/timer/timer_initialize.c.o
[2554/3338] Building C object sched/CMakeFiles/sched.dir/timer/timer_getitimer.c.o
[2555/3338] Building C object sched/CMakeFiles/sched.dir/timer/timer_create.c.o
[2556/3338] Building C object sched/CMakeFiles/sched.dir/timer/timer_gettime.c.o
[2557/3338] Building C object sched/CMakeFiles/sched.dir/tls/tls_initinfo.c.o
[2558/3338] Building C object sched/CMakeFiles/sched.dir/tls/tls_dupinfo.c.o
[2559/3338] Building C object sched/CMakeFiles/sched.dir/timer/timer_release.c.o
[2560/3338] Building C object sched/CMakeFiles/sched.dir/tls/task_uninitinfo.c.o
[2561/3338] Building C object sched/CMakeFiles/sched.dir/tls/task_initinfo.c.o
[2562/3338] Building C object sched/CMakeFiles/sched.dir/timer/timer_setitimer.c.o
[2563/3338] Building C object sched/CMakeFiles/sched.dir/wdog/wd_initialize.c.o
[2564/3338] Building C object sched/CMakeFiles/sched.dir/wdog/wd_gettime.c.o
[2565/3338] Building C object sched/CMakeFiles/sched.dir/timer/timer_settime.c.o
[2566/3338] Building C object syscall/proxies/CMakeFiles/proxies.dir/PROXY_getitimer.c.o
[2567/3338] Building C object sched/CMakeFiles/sched.dir/wdog/wd_cancel.c.o
[2568/3338] Building C object sched/CMakeFiles/sched.dir/wqueue/kwork_queue.c.o
[2569/3338] Building C object sched/CMakeFiles/sched.dir/wdog/wd_start.c.o
[2570/3338] Building C object syscall/proxies/CMakeFiles/proxies.dir/PROXY_getgid.c.o
[2571/3338] Building C object sched/CMakeFiles/sched.dir/wqueue/kwork_cancel.c.o
[2572/3338] Building C object syscall/proxies/CMakeFiles/proxies.dir/PROXY_accept4.c.o
[2573/3338] Building C object syscall/proxies/CMakeFiles/proxies.dir/PROXY_gethostname.c.o
[2574/3338] Building C object syscall/proxies/CMakeFiles/proxies.dir/PROXY__exit.c.o
[2575/3338] Building C object syscall/proxies/CMakeFiles/proxies.dir/PROXY_adjtime.c.o
[2576/3338] Building C object syscall/proxies/CMakeFiles/proxies.dir/PROXY_aio_cancel.c.o
[2577/3338] Building C object syscall/proxies/CMakeFiles/proxies.dir/PROXY_aio_fsync.c.o
[2578/3338] Building C object syscall/proxies/CMakeFiles/proxies.dir/PROXY_aio_read.c.o
[2579/3338] Building C object syscall/proxies/CMakeFiles/proxies.dir/PROXY_bind.c.o
[2580/3338] Building C object syscall/proxies/CMakeFiles/proxies.dir/PROXY_boardctl.c.o
[2581/3338] Building C object syscall/proxies/CMakeFiles/proxies.dir/PROXY_aio_write.c.o
[2582/3338] Building C object syscall/proxies/CMakeFiles/proxies.dir/PROXY_chmod.c.o
[2583/3338] Building C object syscall/proxies/CMakeFiles/proxies.dir/PROXY_clock_adjtime.c.o
[2584/3338] Building C object syscall/proxies/CMakeFiles/proxies.dir/PROXY_clock.c.o
[2585/3338] Building C object syscall/proxies/CMakeFiles/proxies.dir/PROXY_clock_gettime.c.o
[2586/3338] Building C object syscall/proxies/CMakeFiles/proxies.dir/PROXY_clock_getres.c.o
[2587/3338] Building C object syscall/proxies/CMakeFiles/proxies.dir/PROXY_clock_nanosleep.c.o
[2588/3338] Building C object syscall/proxies/CMakeFiles/proxies.dir/PROXY_clock_settime.c.o
[2589/3338] Building C object syscall/proxies/CMakeFiles/proxies.dir/PROXY_chown.c.o
[2590/3338] Building C object sched/CMakeFiles/sched.dir/wqueue/kwork_thread.c.o
[2591/3338] Building C object syscall/proxies/CMakeFiles/proxies.dir/PROXY_connect.c.o
[2592/3338] Building C object syscall/proxies/CMakeFiles/proxies.dir/PROXY_close.c.o
[2593/3338] Building C object syscall/proxies/CMakeFiles/proxies.dir/PROXY_epoll_close.c.o
[2594/3338] Building C object syscall/proxies/CMakeFiles/proxies.dir/PROXY_epoll_create.c.o
[2595/3338] Building C object syscall/proxies/CMakeFiles/proxies.dir/PROXY_coredump.c.o
[2596/3338] Building C object syscall/proxies/CMakeFiles/proxies.dir/PROXY_dup.c.o
[2597/3338] Building C object syscall/proxies/CMakeFiles/proxies.dir/PROXY_dup2.c.o
[2598/3338] Building C object syscall/proxies/CMakeFiles/proxies.dir/PROXY_epoll_create1.c.o
[2599/3338] Building C object syscall/proxies/CMakeFiles/proxies.dir/PROXY_eventfd.c.o
[2600/3338] Building C object syscall/proxies/CMakeFiles/proxies.dir/PROXY_epoll_ctl.c.o
[2601/3338] Building C object syscall/proxies/CMakeFiles/proxies.dir/PROXY_epoll_pwait.c.o
[2602/3338] Building C object syscall/proxies/CMakeFiles/proxies.dir/PROXY_epoll_wait.c.o
[2603/3338] Building C object syscall/proxies/CMakeFiles/proxies.dir/PROXY_exec.c.o
[2604/3338] Building C object syscall/proxies/CMakeFiles/proxies.dir/PROXY_fchmod.c.o
[2605/3338] Building C object syscall/proxies/CMakeFiles/proxies.dir/PROXY_execve.c.o
[2606/3338] Building C object syscall/proxies/CMakeFiles/proxies.dir/PROXY_fstat.c.o
[2607/3338] Building C object syscall/proxies/CMakeFiles/proxies.dir/PROXY_fcntl.c.o
[2608/3338] Building C object syscall/proxies/CMakeFiles/proxies.dir/PROXY_fstatfs.c.o
[2609/3338] Building C object syscall/proxies/CMakeFiles/proxies.dir/PROXY_fchown.c.o
[2610/3338] Building C object syscall/proxies/CMakeFiles/proxies.dir/PROXY_fsync.c.o
[2611/3338] Building C object syscall/proxies/CMakeFiles/proxies.dir/PROXY_futimens.c.o
[2612/3338] Building C object syscall/proxies/CMakeFiles/proxies.dir/PROXY_ftruncate.c.o
[2613/3338] Building C object syscall/proxies/CMakeFiles/proxies.dir/PROXY_getpeername.c.o
[2614/3338] Building C object syscall/proxies/CMakeFiles/proxies.dir/PROXY_geteuid.c.o
[2615/3338] Building C object syscall/proxies/CMakeFiles/proxies.dir/PROXY_getegid.c.o
[2616/3338] Building C object syscall/proxies/CMakeFiles/proxies.dir/PROXY_getppid.c.o
[2617/3338] Building C object syscall/proxies/CMakeFiles/proxies.dir/PROXY_inotify_init1.c.o
[2618/3338] Building C object syscall/proxies/CMakeFiles/proxies.dir/PROXY_inotify_add_watch.c.o
[2619/3338] Linking C static library sched/libsched.a
[2620/3338] Building C object syscall/proxies/CMakeFiles/proxies.dir/PROXY_inotify_init.c.o
[2621/3338] Building C object syscall/proxies/CMakeFiles/proxies.dir/PROXY_getsockopt.c.o
[2622/3338] Building C object syscall/proxies/CMakeFiles/proxies.dir/PROXY_getsockname.c.o
[2623/3338] Building C object syscall/proxies/CMakeFiles/proxies.dir/PROXY_getuid.c.o
[2624/3338] Building C object syscall/proxies/CMakeFiles/proxies.dir/PROXY_inotify_rm_watch.c.o
[2625/3338] Building C object syscall/proxies/CMakeFiles/proxies.dir/PROXY_insmod.c.o
[2626/3338] Building C object syscall/proxies/CMakeFiles/proxies.dir/PROXY_kill.c.o
[2627/3338] Building C object syscall/proxies/CMakeFiles/proxies.dir/PROXY_lchmod.c.o
[2628/3338] Building C object syscall/proxies/CMakeFiles/proxies.dir/PROXY_ioctl.c.o
[2629/3338] Building C object syscall/proxies/CMakeFiles/proxies.dir/PROXY_listen.c.o
[2630/3338] Building C object syscall/proxies/CMakeFiles/proxies.dir/PROXY_link.c.o
[2631/3338] Building C object syscall/proxies/CMakeFiles/proxies.dir/PROXY_lchown.c.o
[2632/3338] Building C object syscall/proxies/CMakeFiles/proxies.dir/PROXY_lstat.c.o
[2633/3338] Building C object syscall/proxies/CMakeFiles/proxies.dir/PROXY_lseek.c.o
[2634/3338] Building C object syscall/proxies/CMakeFiles/proxies.dir/PROXY_modhandle.c.o
[2635/3338] Building C object syscall/proxies/CMakeFiles/proxies.dir/PROXY_lutimens.c.o
[2636/3338] Building C object syscall/proxies/CMakeFiles/proxies.dir/PROXY_mkdir.c.o
[2637/3338] Building C object syscall/proxies/CMakeFiles/proxies.dir/PROXY_mmap.c.o
[2638/3338] Building C object syscall/proxies/CMakeFiles/proxies.dir/PROXY_mount.c.o
[2639/3338] Building C object syscall/proxies/CMakeFiles/proxies.dir/PROXY_mq_close.c.o
[2640/3338] Building C object syscall/proxies/CMakeFiles/proxies.dir/PROXY_mq_getattr.c.o
[2641/3338] Building C object syscall/proxies/CMakeFiles/proxies.dir/PROXY_mq_notify.c.o
[2642/3338] Building C object syscall/proxies/CMakeFiles/proxies.dir/PROXY_mq_open.c.o
[2643/3338] Building C object syscall/proxies/CMakeFiles/proxies.dir/PROXY_mq_receive.c.o
[2644/3338] Building C object syscall/proxies/CMakeFiles/proxies.dir/PROXY_mq_send.c.o
[2645/3338] Building C object syscall/proxies/CMakeFiles/proxies.dir/PROXY_mq_setattr.c.o
[2646/3338] Building C object syscall/proxies/CMakeFiles/proxies.dir/PROXY_mq_timedreceive.c.o
[2647/3338] Building C object syscall/proxies/CMakeFiles/proxies.dir/PROXY_mq_timedsend.c.o
[2648/3338] Building C object syscall/proxies/CMakeFiles/proxies.dir/PROXY_mq_unlink.c.o
[2649/3338] Building C object syscall/proxies/CMakeFiles/proxies.dir/PROXY_msync.c.o
[2650/3338] Building C object syscall/proxies/CMakeFiles/proxies.dir/PROXY_nx_mkfifo.c.o
[2651/3338] Building C object syscall/proxies/CMakeFiles/proxies.dir/PROXY_munmap.c.o
[2652/3338] Building C object syscall/proxies/CMakeFiles/proxies.dir/PROXY_nx_setlogmask.c.o
[2653/3338] Building C object syscall/proxies/CMakeFiles/proxies.dir/PROXY_nx_pthread_exit.c.o
[2654/3338] Building C object syscall/proxies/CMakeFiles/proxies.dir/PROXY_nx_pthread_create.c.o
[2655/3338] Building C object syscall/proxies/CMakeFiles/proxies.dir/PROXY_nx_vsyslog.c.o
[2656/3338] Building C object syscall/proxies/CMakeFiles/proxies.dir/PROXY_nxsem_close.c.o
[2657/3338] Building C object syscall/proxies/CMakeFiles/proxies.dir/PROXY_nxsched_get_stackinfo.c.o
[2658/3338] Building C object syscall/proxies/CMakeFiles/proxies.dir/PROXY_nxsem_clockwait_slow.c.o
[2659/3338] Building C object syscall/proxies/CMakeFiles/proxies.dir/PROXY_nxsem_destroy.c.o
[2660/3338] Building C object syscall/proxies/CMakeFiles/proxies.dir/PROXY_nxsem_open.c.o
[2661/3338] Building C object syscall/proxies/CMakeFiles/proxies.dir/PROXY_nxsem_getprioceiling.c.o
[2662/3338] Building C object syscall/proxies/CMakeFiles/proxies.dir/PROXY_nxsem_set_protocol.c.o
[2663/3338] Building C object syscall/proxies/CMakeFiles/proxies.dir/PROXY_nxsem_post_slow.c.o
[2664/3338] Building C object syscall/proxies/CMakeFiles/proxies.dir/PROXY_nxsem_reset.c.o
[2665/3338] Building C object syscall/proxies/CMakeFiles/proxies.dir/PROXY_nxsem_setprioceiling.c.o
[2666/3338] Building C object syscall/proxies/CMakeFiles/proxies.dir/PROXY_nxsem_tickwait_slow.c.o
[2667/3338] Building C object syscall/proxies/CMakeFiles/proxies.dir/PROXY_nxsem_trywait_slow.c.o
[2668/3338] Building C object syscall/proxies/CMakeFiles/proxies.dir/PROXY_nxsem_unlink.c.o
[2669/3338] Building C object syscall/proxies/CMakeFiles/proxies.dir/PROXY_open.c.o
[2670/3338] Building C object syscall/proxies/CMakeFiles/proxies.dir/PROXY_perf_gettime.c.o
[2671/3338] Building C object syscall/proxies/CMakeFiles/proxies.dir/PROXY_perf_convert.c.o
[2672/3338] Building C object syscall/proxies/CMakeFiles/proxies.dir/PROXY_nxsem_wait_slow.c.o
[2673/3338] Building C object syscall/proxies/CMakeFiles/proxies.dir/PROXY_pgalloc.c.o
[2674/3338] Building C object syscall/proxies/CMakeFiles/proxies.dir/PROXY_pipe2.c.o
[2675/3338] Building C object syscall/proxies/CMakeFiles/proxies.dir/PROXY_poll.c.o
[2676/3338] Building C object syscall/proxies/CMakeFiles/proxies.dir/PROXY_posix_spawn.c.o
[2677/3338] Building C object syscall/proxies/CMakeFiles/proxies.dir/PROXY_ppoll.c.o
[2678/3338] Building C object syscall/proxies/CMakeFiles/proxies.dir/PROXY_prctl.c.o
[2679/3338] Building C object syscall/proxies/CMakeFiles/proxies.dir/PROXY_pselect.c.o
[2680/3338] Building C object syscall/proxies/CMakeFiles/proxies.dir/PROXY_pread.c.o
[2681/3338] Building C object syscall/proxies/CMakeFiles/proxies.dir/PROXY_pthread_cancel.c.o
[2682/3338] Building C object syscall/proxies/CMakeFiles/proxies.dir/PROXY_pthread_detach.c.o
[2683/3338] Building C object syscall/proxies/CMakeFiles/proxies.dir/PROXY_pthread_getaffinity_np.c.o
[2684/3338] Building C object syscall/proxies/CMakeFiles/proxies.dir/PROXY_pthread_getschedparam.c.o
[2685/3338] Building C object syscall/proxies/CMakeFiles/proxies.dir/PROXY_pthread_join.c.o
[2686/3338] Building C object syscall/proxies/CMakeFiles/proxies.dir/PROXY_pthread_setaffinity_np.c.o
[2687/3338] Building C object syscall/proxies/CMakeFiles/proxies.dir/PROXY_pthread_setschedparam.c.o
[2688/3338] Building C object syscall/proxies/CMakeFiles/proxies.dir/PROXY_pthread_setschedprio.c.o
[2689/3338] Building C object syscall/proxies/CMakeFiles/proxies.dir/PROXY_readv.c.o
[2690/3338] Building C object syscall/proxies/CMakeFiles/proxies.dir/PROXY_pthread_sigmask.c.o
[2691/3338] Building C object syscall/proxies/CMakeFiles/proxies.dir/PROXY_pwrite.c.o
[2692/3338] Building C object syscall/proxies/CMakeFiles/proxies.dir/PROXY_readlink.c.o
[2693/3338] Building C object syscall/proxies/CMakeFiles/proxies.dir/PROXY_recv.c.o
[2694/3338] Building C object syscall/proxies/CMakeFiles/proxies.dir/PROXY_read.c.o
[2695/3338] Building C object syscall/proxies/CMakeFiles/proxies.dir/PROXY_recvfrom.c.o
[2696/3338] Building C object syscall/proxies/CMakeFiles/proxies.dir/PROXY_rmmod.c.o
[2697/3338] Building C object syscall/proxies/CMakeFiles/proxies.dir/PROXY_recvmsg.c.o
[2698/3338] Building C object syscall/proxies/CMakeFiles/proxies.dir/PROXY_sched_backtrace.c.o
[2699/3338] Building C object syscall/proxies/CMakeFiles/proxies.dir/PROXY_rename.c.o
[2700/3338] Building C object syscall/proxies/CMakeFiles/proxies.dir/PROXY_sched_getcpu.c.o
[2701/3338] Building C object syscall/proxies/CMakeFiles/proxies.dir/PROXY_sched_getaffinity.c.o
[2702/3338] Building C object syscall/proxies/CMakeFiles/proxies.dir/PROXY_rmdir.c.o
[2703/3338] Building C object syscall/proxies/CMakeFiles/proxies.dir/PROXY_sched_getparam.c.o
[2704/3338] Building C object syscall/proxies/CMakeFiles/proxies.dir/PROXY_sched_getscheduler.c.o
[2705/3338] Building C object syscall/proxies/CMakeFiles/proxies.dir/PROXY_sched_lockcount.c.o
[2706/3338] Building C object syscall/proxies/CMakeFiles/proxies.dir/PROXY_sched_rr_get_interval.c.o
[2707/3338] Building C object syscall/proxies/CMakeFiles/proxies.dir/PROXY_sched_note_event_ip.c.o
[2708/3338] Building C object syscall/proxies/CMakeFiles/proxies.dir/PROXY_sched_lock.c.o
[2709/3338] Building C object syscall/proxies/CMakeFiles/proxies.dir/PROXY_sched_note_vprintf_ip.c.o
[2710/3338] Building C object syscall/proxies/CMakeFiles/proxies.dir/PROXY_sched_setaffinity.c.o
[2711/3338] Building C object syscall/proxies/CMakeFiles/proxies.dir/PROXY_sched_setparam.c.o
[2712/3338] Building C object syscall/proxies/CMakeFiles/proxies.dir/PROXY_sched_setscheduler.c.o
[2713/3338] Building C object syscall/proxies/CMakeFiles/proxies.dir/PROXY_sched_yield.c.o
[2714/3338] Building C object syscall/proxies/CMakeFiles/proxies.dir/PROXY_send.c.o
[2715/3338] Building C object syscall/proxies/CMakeFiles/proxies.dir/PROXY_select.c.o
[2716/3338] Building C object syscall/proxies/CMakeFiles/proxies.dir/PROXY_sendfile.c.o
[2717/3338] Building C object syscall/proxies/CMakeFiles/proxies.dir/PROXY_sendmsg.c.o
[2718/3338] Building C object syscall/proxies/CMakeFiles/proxies.dir/PROXY_sendto.c.o
[2719/3338] Building C object syscall/proxies/CMakeFiles/proxies.dir/PROXY_sched_unlock.c.o
[2720/3338] Building C object syscall/proxies/CMakeFiles/proxies.dir/PROXY_setegid.c.o
[2721/3338] Building C object syscall/proxies/CMakeFiles/proxies.dir/PROXY_shm_open.c.o
[2722/3338] Building C object syscall/proxies/CMakeFiles/proxies.dir/PROXY_shm_unlink.c.o
[2723/3338] Building C object syscall/proxies/CMakeFiles/proxies.dir/PROXY_seteuid.c.o
[2724/3338] Building C object syscall/proxies/CMakeFiles/proxies.dir/PROXY_setgid.c.o
[2725/3338] Building C object syscall/proxies/CMakeFiles/proxies.dir/PROXY_setitimer.c.o
[2726/3338] Building C object syscall/proxies/CMakeFiles/proxies.dir/PROXY_setsockopt.c.o
[2727/3338] Building C object syscall/proxies/CMakeFiles/proxies.dir/PROXY_setuid.c.o
[2728/3338] Building C object syscall/proxies/CMakeFiles/proxies.dir/PROXY_shmat.c.o
[2729/3338] Building C object syscall/proxies/CMakeFiles/proxies.dir/PROXY_sethostname.c.o
[2730/3338] Building C object syscall/proxies/CMakeFiles/proxies.dir/PROXY_shmctl.c.o
[2731/3338] Building C object syscall/proxies/CMakeFiles/proxies.dir/PROXY_shmdt.c.o
[2732/3338] Building C object syscall/proxies/CMakeFiles/proxies.dir/PROXY_shmget.c.o
[2733/3338] Building C object syscall/proxies/CMakeFiles/proxies.dir/PROXY_signalfd.c.o
[2734/3338] Building C object syscall/proxies/CMakeFiles/proxies.dir/PROXY_sigaction.c.o
[2735/3338] Building C object syscall/proxies/CMakeFiles/proxies.dir/PROXY_shutdown.c.o
[2736/3338] Building C object syscall/proxies/CMakeFiles/proxies.dir/PROXY_sigpending.c.o
[2737/3338] Building C object syscall/proxies/CMakeFiles/proxies.dir/PROXY_sigprocmask.c.o
[2738/3338] Building C object syscall/proxies/CMakeFiles/proxies.dir/PROXY_sigqueue.c.o
[2739/3338] Building C object syscall/proxies/CMakeFiles/proxies.dir/PROXY_sigsuspend.c.o
[2740/3338] Building C object syscall/proxies/CMakeFiles/proxies.dir/PROXY_sigtimedwait.c.o
[2741/3338] Building C object syscall/proxies/CMakeFiles/proxies.dir/PROXY_sigwaitinfo.c.o
[2742/3338] Building C object syscall/proxies/CMakeFiles/proxies.dir/PROXY_socket.c.o
[2743/3338] Building C object syscall/proxies/CMakeFiles/proxies.dir/PROXY_socketpair.c.o
[2744/3338] Building C object syscall/proxies/CMakeFiles/proxies.dir/PROXY_stat.c.o
[2745/3338] Building C object syscall/proxies/CMakeFiles/proxies.dir/PROXY_statfs.c.o
[2746/3338] Building C object syscall/proxies/CMakeFiles/proxies.dir/PROXY_task_create.c.o
[2747/3338] Building C object syscall/proxies/CMakeFiles/proxies.dir/PROXY_sysinfo.c.o
[2748/3338] Building C object syscall/proxies/CMakeFiles/proxies.dir/PROXY_task_delete.c.o
[2749/3338] Building C object syscall/proxies/CMakeFiles/proxies.dir/PROXY_symlink.c.o
[2750/3338] Building C object syscall/proxies/CMakeFiles/proxies.dir/PROXY_task_restart.c.o
[2751/3338] Building C object syscall/proxies/CMakeFiles/proxies.dir/PROXY_task_spawn.c.o
[2752/3338] Building C object syscall/proxies/CMakeFiles/proxies.dir/PROXY_sync.c.o
[2753/3338] Building C object syscall/proxies/CMakeFiles/proxies.dir/PROXY_tgkill.c.o
[2754/3338] Building C object syscall/proxies/CMakeFiles/proxies.dir/PROXY_timer_create.c.o
[2755/3338] Building C object syscall/proxies/CMakeFiles/proxies.dir/PROXY_timer_delete.c.o
[2756/3338] Building C object syscall/proxies/CMakeFiles/proxies.dir/PROXY_timer_getoverrun.c.o
[2757/3338] Building C object syscall/proxies/CMakeFiles/proxies.dir/PROXY_timerfd_create.c.o
[2758/3338] Building C object syscall/proxies/CMakeFiles/proxies.dir/PROXY_timer_gettime.c.o
[2759/3338] Building C object syscall/proxies/CMakeFiles/proxies.dir/PROXY_timer_settime.c.o
[2760/3338] Building C object syscall/proxies/CMakeFiles/proxies.dir/PROXY_timerfd_gettime.c.o
[2761/3338] Building C object syscall/proxies/CMakeFiles/proxies.dir/PROXY_timerfd_settime.c.o
[2762/3338] Building C object syscall/proxies/CMakeFiles/proxies.dir/PROXY_umount2.c.o
[2763/3338] Building C object syscall/proxies/CMakeFiles/proxies.dir/PROXY_utimens.c.o
[2764/3338] Building C object syscall/proxies/CMakeFiles/proxies.dir/PROXY_wait.c.o
[2765/3338] Building C object syscall/proxies/CMakeFiles/proxies.dir/PROXY_waitid.c.o
[2766/3338] Building C object syscall/proxies/CMakeFiles/proxies.dir/PROXY_waitpid.c.o
[2767/3338] Building C object syscall/proxies/CMakeFiles/proxies.dir/PROXY_up_fork.c.o
[2768/3338] Building C object syscall/proxies/CMakeFiles/proxies.dir/PROXY_unlink.c.o
[2769/3338] Building C object syscall/proxies/CMakeFiles/proxies.dir/PROXY_writev.c.o
[2770/3338] Building C object syscall/proxies/CMakeFiles/proxies.dir/PROXY_write.c.o
[2771/3338] Building C object syscall/proxies/CMakeFiles/proxies.dir/PROXY_perf_event_open.c.o
[2772/3338] Building C object syscall/stubs/CMakeFiles/stubs.dir/STUB_clock.c.o
[2773/3338] Building C object syscall/stubs/CMakeFiles/stubs.dir/STUB__exit.c.o
[2774/3338] Building C object syscall/stubs/CMakeFiles/stubs.dir/STUB_accept4.c.o
[2775/3338] Building C object syscall/stubs/CMakeFiles/stubs.dir/STUB_boardctl.c.o
[2776/3338] Building C object syscall/stubs/CMakeFiles/stubs.dir/STUB_chmod.c.o
[2777/3338] Building C object syscall/stubs/CMakeFiles/stubs.dir/STUB_clock_adjtime.c.o
[2778/3338] Building C object syscall/stubs/CMakeFiles/stubs.dir/STUB_chown.c.o
[2779/3338] Building C object syscall/stubs/CMakeFiles/stubs.dir/STUB_adjtime.c.o
[2780/3338] Building C object syscall/stubs/CMakeFiles/stubs.dir/STUB_aio_cancel.c.o
[2781/3338] Building C object syscall/stubs/CMakeFiles/stubs.dir/STUB_clock_gettime.c.o
[2782/3338] Building C object syscall/stubs/CMakeFiles/stubs.dir/STUB_aio_fsync.c.o
[2783/3338] Building C object syscall/stubs/CMakeFiles/stubs.dir/STUB_aio_read.c.o
[2784/3338] Building C object syscall/stubs/CMakeFiles/stubs.dir/STUB_aio_write.c.o
[2785/3338] Building C object syscall/stubs/CMakeFiles/stubs.dir/STUB_bind.c.o
[2786/3338] Building C object syscall/stubs/CMakeFiles/stubs.dir/STUB_coredump.c.o
[2787/3338] Building C object syscall/stubs/CMakeFiles/stubs.dir/STUB_clock_nanosleep.c.o
[2788/3338] Building C object syscall/stubs/CMakeFiles/stubs.dir/STUB_clock_settime.c.o
[2789/3338] Building C object syscall/stubs/CMakeFiles/stubs.dir/STUB_clock_getres.c.o
[2790/3338] Building C object syscall/stubs/CMakeFiles/stubs.dir/STUB_close.c.o
[2791/3338] Building C object syscall/stubs/CMakeFiles/stubs.dir/STUB_connect.c.o
[2792/3338] Building C object syscall/stubs/CMakeFiles/stubs.dir/STUB_dup.c.o
[2793/3338] Linking C static library syscall/proxies/libproxies.a
[2794/3338] Building C object syscall/stubs/CMakeFiles/stubs.dir/STUB_epoll_close.c.o
[2795/3338] Building C object syscall/stubs/CMakeFiles/stubs.dir/STUB_dup2.c.o
[2796/3338] Building C object syscall/stubs/CMakeFiles/stubs.dir/STUB_epoll_create1.c.o
[2797/3338] Building C object syscall/stubs/CMakeFiles/stubs.dir/STUB_epoll_create.c.o
[2798/3338] Building C object syscall/stubs/CMakeFiles/stubs.dir/STUB_epoll_ctl.c.o
[2799/3338] Building C object syscall/stubs/CMakeFiles/stubs.dir/STUB_epoll_pwait.c.o
[2800/3338] Building C object syscall/stubs/CMakeFiles/stubs.dir/STUB_epoll_wait.c.o
[2801/3338] Building C object syscall/stubs/CMakeFiles/stubs.dir/STUB_eventfd.c.o
[2802/3338] Building C object syscall/stubs/CMakeFiles/stubs.dir/STUB_exec.c.o
[2803/3338] Building C object syscall/stubs/CMakeFiles/stubs.dir/STUB_fchown.c.o
[2804/3338] Building C object syscall/stubs/CMakeFiles/stubs.dir/STUB_execve.c.o
[2805/3338] Building C object syscall/stubs/CMakeFiles/stubs.dir/STUB_fcntl.c.o
[2806/3338] Building C object syscall/stubs/CMakeFiles/stubs.dir/STUB_fchmod.c.o
[2807/3338] Building C object syscall/stubs/CMakeFiles/stubs.dir/STUB_fstat.c.o
[2808/3338] Building C object syscall/stubs/CMakeFiles/stubs.dir/STUB_fstatfs.c.o
[2809/3338] Building C object syscall/stubs/CMakeFiles/stubs.dir/STUB_fsync.c.o
[2810/3338] Building C object syscall/stubs/CMakeFiles/stubs.dir/STUB_ftruncate.c.o
[2811/3338] Building C object syscall/stubs/CMakeFiles/stubs.dir/STUB_getegid.c.o
[2812/3338] Building C object syscall/stubs/CMakeFiles/stubs.dir/STUB_geteuid.c.o
[2813/3338] Building C object syscall/stubs/CMakeFiles/stubs.dir/STUB_getgid.c.o
[2814/3338] Building C object syscall/stubs/CMakeFiles/stubs.dir/STUB_futimens.c.o
[2815/3338] Building C object syscall/stubs/CMakeFiles/stubs.dir/STUB_gethostname.c.o
[2816/3338] Building C object syscall/stubs/CMakeFiles/stubs.dir/STUB_getuid.c.o
[2817/3338] Building C object syscall/stubs/CMakeFiles/stubs.dir/STUB_getitimer.c.o
[2818/3338] Building C object syscall/stubs/CMakeFiles/stubs.dir/STUB_getppid.c.o
[2819/3338] Building C object syscall/stubs/CMakeFiles/stubs.dir/STUB_getpeername.c.o
[2820/3338] Building C object syscall/stubs/CMakeFiles/stubs.dir/STUB_inotify_add_watch.c.o
[2821/3338] Building C object syscall/stubs/CMakeFiles/stubs.dir/STUB_inotify_init.c.o
[2822/3338] Building C object syscall/stubs/CMakeFiles/stubs.dir/STUB_getsockname.c.o
[2823/3338] Building C object syscall/stubs/CMakeFiles/stubs.dir/STUB_getsockopt.c.o
[2824/3338] Building C object syscall/stubs/CMakeFiles/stubs.dir/STUB_inotify_rm_watch.c.o
[2825/3338] Building C object syscall/stubs/CMakeFiles/stubs.dir/STUB_inotify_init1.c.o
[2826/3338] Building C object syscall/stubs/CMakeFiles/stubs.dir/STUB_insmod.c.o
[2827/3338] Building C object syscall/stubs/CMakeFiles/stubs.dir/STUB_link.c.o
[2828/3338] Building C object syscall/stubs/CMakeFiles/stubs.dir/STUB_ioctl.c.o
[2829/3338] Building C object syscall/stubs/CMakeFiles/stubs.dir/STUB_kill.c.o
[2830/3338] Building C object syscall/stubs/CMakeFiles/stubs.dir/STUB_lchmod.c.o
[2831/3338] Building C object syscall/stubs/CMakeFiles/stubs.dir/STUB_lchown.c.o
[2832/3338] Building C object syscall/stubs/CMakeFiles/stubs.dir/STUB_lseek.c.o
[2833/3338] Building C object syscall/stubs/CMakeFiles/stubs.dir/STUB_listen.c.o
[2834/3338] Building C object syscall/stubs/CMakeFiles/stubs.dir/STUB_modhandle.c.o
[2835/3338] Building C object syscall/stubs/CMakeFiles/stubs.dir/STUB_lstat.c.o
[2836/3338] Building C object syscall/stubs/CMakeFiles/stubs.dir/STUB_lutimens.c.o
[2837/3338] Building C object syscall/stubs/CMakeFiles/stubs.dir/STUB_mkdir.c.o
[2838/3338] Building C object syscall/stubs/CMakeFiles/stubs.dir/STUB_mount.c.o
[2839/3338] Building C object syscall/stubs/CMakeFiles/stubs.dir/STUB_mmap.c.o
[2840/3338] Building C object syscall/stubs/CMakeFiles/stubs.dir/STUB_mq_close.c.o
[2841/3338] Building C object syscall/stubs/CMakeFiles/stubs.dir/STUB_mq_getattr.c.o
[2842/3338] Building C object syscall/stubs/CMakeFiles/stubs.dir/STUB_mq_receive.c.o
[2843/3338] Building C object syscall/stubs/CMakeFiles/stubs.dir/STUB_mq_notify.c.o
[2844/3338] Building C object syscall/stubs/CMakeFiles/stubs.dir/STUB_mq_open.c.o
[2845/3338] Building C object syscall/stubs/CMakeFiles/stubs.dir/STUB_mq_send.c.o
[2846/3338] Building C object syscall/stubs/CMakeFiles/stubs.dir/STUB_mq_setattr.c.o
[2847/3338] Building C object syscall/stubs/CMakeFiles/stubs.dir/STUB_mq_timedreceive.c.o
[2848/3338] Building C object syscall/stubs/CMakeFiles/stubs.dir/STUB_nx_mkfifo.c.o
[2849/3338] Building C object syscall/stubs/CMakeFiles/stubs.dir/STUB_mq_timedsend.c.o
[2850/3338] Building C object syscall/stubs/CMakeFiles/stubs.dir/STUB_mq_unlink.c.o
[2851/3338] Building C object syscall/stubs/CMakeFiles/stubs.dir/STUB_msync.c.o
[2852/3338] Building C object syscall/stubs/CMakeFiles/stubs.dir/STUB_nx_pthread_create.c.o
[2853/3338] Building C object syscall/stubs/CMakeFiles/stubs.dir/STUB_nx_setlogmask.c.o
[2854/3338] Building C object syscall/stubs/CMakeFiles/stubs.dir/STUB_munmap.c.o
[2855/3338] Building C object syscall/stubs/CMakeFiles/stubs.dir/STUB_nx_pthread_exit.c.o
[2856/3338] Building C object syscall/stubs/CMakeFiles/stubs.dir/STUB_nxsem_close.c.o
[2857/3338] Building C object syscall/stubs/CMakeFiles/stubs.dir/STUB_nx_vsyslog.c.o
[2858/3338] Building C object syscall/stubs/CMakeFiles/stubs.dir/STUB_nxsched_get_stackinfo.c.o
[2859/3338] Building C object syscall/stubs/CMakeFiles/stubs.dir/STUB_nxsem_clockwait_slow.c.o
[2860/3338] Building C object syscall/stubs/CMakeFiles/stubs.dir/STUB_nxsem_getprioceiling.c.o
[2861/3338] Building C object syscall/stubs/CMakeFiles/stubs.dir/STUB_nxsem_open.c.o
[2862/3338] Building C object syscall/stubs/CMakeFiles/stubs.dir/STUB_nxsem_destroy.c.o
[2863/3338] Building C object syscall/stubs/CMakeFiles/stubs.dir/STUB_nxsem_post_slow.c.o
[2864/3338] Building C object syscall/stubs/CMakeFiles/stubs.dir/STUB_nxsem_set_protocol.c.o
[2865/3338] Building C object syscall/stubs/CMakeFiles/stubs.dir/STUB_nxsem_setprioceiling.c.o
[2866/3338] Building C object syscall/stubs/CMakeFiles/stubs.dir/STUB_nxsem_unlink.c.o
[2867/3338] Building C object syscall/stubs/CMakeFiles/stubs.dir/STUB_nxsem_reset.c.o
[2868/3338] Building C object syscall/stubs/CMakeFiles/stubs.dir/STUB_nxsem_trywait_slow.c.o
[2869/3338] Building C object syscall/stubs/CMakeFiles/stubs.dir/STUB_nxsem_tickwait_slow.c.o
[2870/3338] Building C object syscall/stubs/CMakeFiles/stubs.dir/STUB_nxsem_wait_slow.c.o
[2871/3338] Building C object syscall/stubs/CMakeFiles/stubs.dir/STUB_open.c.o
[2872/3338] Building C object syscall/stubs/CMakeFiles/stubs.dir/STUB_pipe2.c.o
[2873/3338] Building C object syscall/stubs/CMakeFiles/stubs.dir/STUB_perf_convert.c.o
[2874/3338] Building C object syscall/stubs/CMakeFiles/stubs.dir/STUB_perf_gettime.c.o
[2875/3338] Building C object syscall/stubs/CMakeFiles/stubs.dir/STUB_poll.c.o
[2876/3338] Building C object syscall/stubs/CMakeFiles/stubs.dir/STUB_posix_spawn.c.o
[2877/3338] Building C object syscall/stubs/CMakeFiles/stubs.dir/STUB_ppoll.c.o
[2878/3338] Building C object syscall/stubs/CMakeFiles/stubs.dir/STUB_pgalloc.c.o
[2879/3338] Building C object syscall/stubs/CMakeFiles/stubs.dir/STUB_prctl.c.o
[2880/3338] Building C object syscall/stubs/CMakeFiles/stubs.dir/STUB_pread.c.o
[2881/3338] Building C object syscall/stubs/CMakeFiles/stubs.dir/STUB_pselect.c.o
[2882/3338] Building C object syscall/stubs/CMakeFiles/stubs.dir/STUB_pthread_detach.c.o
[2883/3338] Building C object syscall/stubs/CMakeFiles/stubs.dir/STUB_pthread_cancel.c.o
[2884/3338] Building C object syscall/stubs/CMakeFiles/stubs.dir/STUB_pthread_getaffinity_np.c.o
[2885/3338] Building C object syscall/stubs/CMakeFiles/stubs.dir/STUB_pthread_join.c.o
[2886/3338] Building C object syscall/stubs/CMakeFiles/stubs.dir/STUB_pthread_getschedparam.c.o
[2887/3338] Building C object syscall/stubs/CMakeFiles/stubs.dir/STUB_pthread_setaffinity_np.c.o
[2888/3338] Building C object syscall/stubs/CMakeFiles/stubs.dir/STUB_pthread_setschedparam.c.o
[2889/3338] Building C object syscall/stubs/CMakeFiles/stubs.dir/STUB_pthread_setschedprio.c.o
[2890/3338] Building C object syscall/stubs/CMakeFiles/stubs.dir/STUB_readlink.c.o
[2891/3338] Building C object syscall/stubs/CMakeFiles/stubs.dir/STUB_pthread_sigmask.c.o
[2892/3338] Building C object syscall/stubs/CMakeFiles/stubs.dir/STUB_pwrite.c.o
[2893/3338] Building C object syscall/stubs/CMakeFiles/stubs.dir/STUB_read.c.o
[2894/3338] Building C object syscall/stubs/CMakeFiles/stubs.dir/STUB_readv.c.o
[2895/3338] Building C object syscall/stubs/CMakeFiles/stubs.dir/STUB_recv.c.o
[2896/3338] Building C object syscall/stubs/CMakeFiles/stubs.dir/STUB_recvmsg.c.o
[2897/3338] Building C object syscall/stubs/CMakeFiles/stubs.dir/STUB_recvfrom.c.o
[2898/3338] Building C object syscall/stubs/CMakeFiles/stubs.dir/STUB_rmmod.c.o
[2899/3338] Building C object syscall/stubs/CMakeFiles/stubs.dir/STUB_rename.c.o
[2900/3338] Building C object syscall/stubs/CMakeFiles/stubs.dir/STUB_rmdir.c.o
[2901/3338] Building C object syscall/stubs/CMakeFiles/stubs.dir/STUB_sched_backtrace.c.o
[2902/3338] Building C object syscall/stubs/CMakeFiles/stubs.dir/STUB_sched_getaffinity.c.o
[2903/3338] Building C object syscall/stubs/CMakeFiles/stubs.dir/STUB_sched_getcpu.c.o
[2904/3338] Building C object syscall/stubs/CMakeFiles/stubs.dir/STUB_sched_getparam.c.o
[2905/3338] Building C object syscall/stubs/CMakeFiles/stubs.dir/STUB_sched_getscheduler.c.o
[2906/3338] Building C object syscall/stubs/CMakeFiles/stubs.dir/STUB_sched_note_event_ip.c.o
[2907/3338] Building C object syscall/stubs/CMakeFiles/stubs.dir/STUB_sched_lock.c.o
[2908/3338] Building C object syscall/stubs/CMakeFiles/stubs.dir/STUB_sched_note_vprintf_ip.c.o
[2909/3338] Building C object syscall/stubs/CMakeFiles/stubs.dir/STUB_sched_lockcount.c.o
[2910/3338] Building C object syscall/stubs/CMakeFiles/stubs.dir/STUB_sched_rr_get_interval.c.o
[2911/3338] Building C object syscall/stubs/CMakeFiles/stubs.dir/STUB_sched_setaffinity.c.o
[2912/3338] Building C object syscall/stubs/CMakeFiles/stubs.dir/STUB_sched_setscheduler.c.o
[2913/3338] Building C object syscall/stubs/CMakeFiles/stubs.dir/STUB_sched_setparam.c.o
[2914/3338] Building C object syscall/stubs/CMakeFiles/stubs.dir/STUB_sched_unlock.c.o
[2915/3338] Building C object syscall/stubs/CMakeFiles/stubs.dir/STUB_select.c.o
[2916/3338] Building C object syscall/stubs/CMakeFiles/stubs.dir/STUB_send.c.o
[2917/3338] Building C object syscall/stubs/CMakeFiles/stubs.dir/STUB_sched_yield.c.o
[2918/3338] Building C object syscall/stubs/CMakeFiles/stubs.dir/STUB_sendfile.c.o
[2919/3338] Building C object syscall/stubs/CMakeFiles/stubs.dir/STUB_seteuid.c.o
[2920/3338] Building C object syscall/stubs/CMakeFiles/stubs.dir/STUB_setegid.c.o
[2921/3338] Building C object syscall/stubs/CMakeFiles/stubs.dir/STUB_sendmsg.c.o
[2922/3338] Building C object syscall/stubs/CMakeFiles/stubs.dir/STUB_setgid.c.o
[2923/3338] Building C object syscall/stubs/CMakeFiles/stubs.dir/STUB_sendto.c.o
[2924/3338] Building C object syscall/stubs/CMakeFiles/stubs.dir/STUB_sethostname.c.o
[2925/3338] Building C object syscall/stubs/CMakeFiles/stubs.dir/STUB_setitimer.c.o
[2926/3338] Building C object syscall/stubs/CMakeFiles/stubs.dir/STUB_setsockopt.c.o
[2927/3338] Building C object syscall/stubs/CMakeFiles/stubs.dir/STUB_setuid.c.o
[2928/3338] Building C object syscall/stubs/CMakeFiles/stubs.dir/STUB_shm_open.c.o
[2929/3338] Building C object syscall/stubs/CMakeFiles/stubs.dir/STUB_shm_unlink.c.o
[2930/3338] Building C object syscall/stubs/CMakeFiles/stubs.dir/STUB_shmat.c.o
[2931/3338] Building C object syscall/stubs/CMakeFiles/stubs.dir/STUB_shmctl.c.o
[2932/3338] Building C object syscall/stubs/CMakeFiles/stubs.dir/STUB_shmdt.c.o
[2933/3338] Building C object syscall/stubs/CMakeFiles/stubs.dir/STUB_shmget.c.o
[2934/3338] Building C object syscall/stubs/CMakeFiles/stubs.dir/STUB_signalfd.c.o
[2935/3338] Building C object syscall/stubs/CMakeFiles/stubs.dir/STUB_shutdown.c.o
[2936/3338] Building C object syscall/stubs/CMakeFiles/stubs.dir/STUB_sigaction.c.o
[2937/3338] Building C object syscall/stubs/CMakeFiles/stubs.dir/STUB_sigprocmask.c.o
[2938/3338] Building C object syscall/stubs/CMakeFiles/stubs.dir/STUB_sigpending.c.o
[2939/3338] Building C object syscall/stubs/CMakeFiles/stubs.dir/STUB_sigqueue.c.o
[2940/3338] Building C object syscall/stubs/CMakeFiles/stubs.dir/STUB_sigsuspend.c.o
[2941/3338] Building C object syscall/stubs/CMakeFiles/stubs.dir/STUB_sigtimedwait.c.o
[2942/3338] Building C object syscall/stubs/CMakeFiles/stubs.dir/STUB_sigwaitinfo.c.o
[2943/3338] Building C object syscall/stubs/CMakeFiles/stubs.dir/STUB_socket.c.o
[2944/3338] Building C object syscall/stubs/CMakeFiles/stubs.dir/STUB_symlink.c.o
[2945/3338] Building C object syscall/stubs/CMakeFiles/stubs.dir/STUB_stat.c.o
[2946/3338] Building C object syscall/stubs/CMakeFiles/stubs.dir/STUB_statfs.c.o
[2947/3338] Building C object syscall/stubs/CMakeFiles/stubs.dir/STUB_socketpair.c.o
[2948/3338] Building C object syscall/stubs/CMakeFiles/stubs.dir/STUB_sync.c.o
[2949/3338] Building C object syscall/stubs/CMakeFiles/stubs.dir/STUB_sysinfo.c.o
[2950/3338] Building C object syscall/stubs/CMakeFiles/stubs.dir/STUB_task_delete.c.o
[2951/3338] Building C object syscall/stubs/CMakeFiles/stubs.dir/STUB_task_create.c.o
[2952/3338] Building C object syscall/stubs/CMakeFiles/stubs.dir/STUB_task_restart.c.o
[2953/3338] Building C object syscall/stubs/CMakeFiles/stubs.dir/STUB_task_spawn.c.o
[2954/3338] Building C object syscall/stubs/CMakeFiles/stubs.dir/STUB_tgkill.c.o
[2955/3338] Building C object syscall/stubs/CMakeFiles/stubs.dir/STUB_timer_create.c.o
[2956/3338] Building C object syscall/stubs/CMakeFiles/stubs.dir/STUB_timer_delete.c.o
[2957/3338] Building C object syscall/stubs/CMakeFiles/stubs.dir/STUB_timerfd_create.c.o
[2958/3338] Building C object syscall/stubs/CMakeFiles/stubs.dir/STUB_timer_getoverrun.c.o
[2959/3338] Building C object syscall/stubs/CMakeFiles/stubs.dir/STUB_timerfd_gettime.c.o
[2960/3338] Building C object syscall/stubs/CMakeFiles/stubs.dir/STUB_timer_gettime.c.o
[2961/3338] Building C object syscall/stubs/CMakeFiles/stubs.dir/STUB_timer_settime.c.o
[2962/3338] Building C object syscall/stubs/CMakeFiles/stubs.dir/STUB_timerfd_settime.c.o
[2963/3338] Building C object syscall/stubs/CMakeFiles/stubs.dir/STUB_umount2.c.o
[2964/3338] Building C object syscall/stubs/CMakeFiles/stubs.dir/STUB_unlink.c.o
[2965/3338] Building C object syscall/stubs/CMakeFiles/stubs.dir/STUB_up_fork.c.o
[2966/3338] Building C object syscall/stubs/CMakeFiles/stubs.dir/STUB_wait.c.o
[2967/3338] Building C object syscall/stubs/CMakeFiles/stubs.dir/STUB_utimens.c.o
[2968/3338] Building C object syscall/stubs/CMakeFiles/stubs.dir/STUB_waitid.c.o
[2969/3338] Building C object syscall/stubs/CMakeFiles/stubs.dir/STUB_waitpid.c.o
[2970/3338] Building C object syscall/stubs/CMakeFiles/stubs.dir/STUB_write.c.o
[2971/3338] Building C object apps/CMakeFiles/apps.dir/dummy.c.o
[2972/3338] Building C object syscall/stubs/CMakeFiles/stubs.dir/__/syscall_stublookup.c.o
[2973/3338] Building C object syscall/stubs/CMakeFiles/stubs.dir/STUB_writev.c.o
[2974/3338] Building C object syscall/stubs/CMakeFiles/stubs.dir/STUB_perf_event_open.c.o
[2975/3338] Building C object apps/CMakeFiles/apps.dir/netutils/netinit/netinit_associate.c.o
[2976/3338] Building C object apps/CMakeFiles/apps.dir/netutils/netinit/netinit.c.o
[2977/3338] Building C object apps/CMakeFiles/apps.dir/netutils/netlib/netlib_ipv4addrconv.c.o
[2978/3338] Building C object apps/CMakeFiles/apps.dir/netutils/netlib/netlib_ethaddrconv.c.o
[2979/3338] Building C object apps/CMakeFiles/apps.dir/netutils/netlib/netlib_parsehttpurl.c.o
[2980/3338] Building C object apps/CMakeFiles/apps.dir/netutils/netlib/netlib_setifstatus.c.o
[2981/3338] Building C object apps/CMakeFiles/apps.dir/netutils/netlib/netlib_getifstatus.c.o
[2982/3338] Building C object apps/CMakeFiles/apps.dir/netutils/netlib/netlib_setipv4addr.c.o
[2983/3338] Building C object apps/CMakeFiles/apps.dir/netutils/netlib/netlib_parseurl.c.o
[2984/3338] Building C object apps/CMakeFiles/apps.dir/netutils/netlib/netlib_getipv4addr.c.o
[2985/3338] Building C object apps/CMakeFiles/apps.dir/netutils/netlib/netlib_setdripv4addr.c.o
[2986/3338] Building C object apps/CMakeFiles/apps.dir/netutils/dhcpc/dhcpc.c.o
[2987/3338] Building C object apps/CMakeFiles/apps.dir/netutils/netlib/netlib_setipv4netmask.c.o
[2988/3338] Building C object apps/CMakeFiles/apps.dir/netutils/netlib/netlib_getdripv4addr.c.o
[2989/3338] Building C object apps/CMakeFiles/apps.dir/netutils/netlib/netlib_getipv4netmask.c.o
[2990/3338] Linking C static library syscall/stubs/libstubs.a
[2991/3338] Building C object apps/CMakeFiles/apps.dir/netutils/netlib/netlib_getarp.c.o
[2992/3338] Building C object apps/CMakeFiles/apps.dir/netutils/netlib/netlib_ipv4adaptor.c.o
[2993/3338] Building C object apps/CMakeFiles/apps.dir/netutils/netlib/netlib_delarp.c.o
[2994/3338] Building C object apps/CMakeFiles/apps.dir/netutils/netlib/netlib_setarp.c.o
[2995/3338] Building C object apps/CMakeFiles/apps.dir/netutils/netlib/netlib_setipv4dnsaddr.c.o
[2996/3338] Building C object apps/CMakeFiles/apps.dir/netutils/netlib/netlib_obtainipv4addr.c.o
[2997/3338] Building C object apps/CMakeFiles/apps.dir/netutils/netlib/netlib_server.c.o
[2998/3338] Building C object apps/CMakeFiles/apps.dir/netutils/netlib/netlib_cleardnsaddr.c.o
[2999/3338] Building C object apps/CMakeFiles/apps.dir/netutils/netlib/netlib_listenon.c.o
[3000/3338] Building C object apps/CMakeFiles/apps.dir/netutils/netlib/netlib_getessid.c.o
[3001/3338] Building C object apps/CMakeFiles/apps.dir/netutils/netlib/netlib_setessid.c.o
[3002/3338] Building C object apps/CMakeFiles/apps.dir/netutils/netlib/netlib_getmacaddr.c.o
[3003/3338] Building C object apps/CMakeFiles/apps.dir/netutils/netlib/netlib_setmacaddr.c.o
[3004/3338] Building C object apps/CMakeFiles/apps.dir/netutils/netlib/netlib_setmtu.c.o
[3005/3338] Building C object apps/CMakeFiles/apps.dir/netutils/netlib/netlib_getiobinfo.c.o
[3006/3338] Building C object apps/CMakeFiles/apps.dir/netutils/netlib/netlib_checkifconnectivity.c.o
[3007/3338] Building C object apps/CMakeFiles/apps.dir/netutils/netlib/netlib_checkipconnectivity.c.o
[3008/3338] Building C object apps/CMakeFiles/apps.dir/netutils/netlib/netlib_checkhttpconnectivity.c.o
[3009/3338] Building C object apps/CMakeFiles/apps.dir/nshlib/nsh_init.c.o
[3010/3338] Building C object apps/CMakeFiles/apps.dir/netutils/ping/icmp_ping.c.o
[3011/3338] Building C object apps/CMakeFiles/apps.dir/nshlib/nsh_system.c.o
[3012/3338] Building C object apps/CMakeFiles/apps.dir/nshlib/nsh_script.c.o
[3013/3338] Building C object apps/CMakeFiles/apps.dir/nshlib/nsh_console.c.o
[3014/3338] Building C object apps/CMakeFiles/apps.dir/nshlib/nsh_command.c.o
[3015/3338] Building C object apps/CMakeFiles/apps.dir/nshlib/nsh_mmcmds.c.o
[3016/3338] Building C object apps/CMakeFiles/apps.dir/nshlib/nsh_ddcmd.c.o
[3017/3338] Building C object apps/CMakeFiles/apps.dir/nshlib/nsh_prompt.c.o
[3018/3338] Building C object apps/CMakeFiles/apps.dir/nshlib/nsh_timcmds.c.o
[3019/3338] Building C object apps/CMakeFiles/apps.dir/nshlib/nsh_proccmds.c.o
[3020/3338] Building C object apps/CMakeFiles/apps.dir/nshlib/nsh_envcmds.c.o
[3021/3338] Building C object apps/CMakeFiles/apps.dir/nshlib/nsh_syscmds.c.o
[3022/3338] Building C object apps/CMakeFiles/apps.dir/netutils/webclient/webclient.c.o
[3023/3338] Building C object apps/CMakeFiles/apps.dir/nshlib/nsh_session.c.o
[3024/3338] Building C object apps/CMakeFiles/apps.dir/nshlib/nsh_parse.c.o
[3025/3338] Building C object apps/CMakeFiles/apps.dir/nshlib/nsh_dbgcmds.c.o
[3026/3338] Building C object apps/CMakeFiles/apps.dir/nshlib/nsh_fileapps.c.o
[3027/3338] Building C object apps/CMakeFiles/apps.dir/nshlib/nsh_fscmds.c.o
[3028/3338] Building C object apps/CMakeFiles/apps.dir/nshlib/nsh_consolemain.c.o
[3029/3338] Building C object apps/CMakeFiles/apps.dir/nshlib/nsh_fsutils.c.o
[3030/3338] Building C object apps/CMakeFiles/apps.dir/nshlib/nsh_mntcmds.c.o
[3031/3338] Building C object apps/CMakeFiles/apps.dir/nshlib/nsh_printf.c.o
[3032/3338] Building C object apps/CMakeFiles/apps.dir/system/readline/readline.c.o
[3033/3338] Building C object apps/CMakeFiles/apps.dir/system/readline/readline_stream.c.o
[3034/3338] Building C object apps/CMakeFiles/apps.dir/nshlib/nsh_wait.c.o
[3035/3338] Building C object apps/CMakeFiles/apps.dir/nshlib/nsh_test.c.o
[3036/3338] Building C object apps/CMakeFiles/apps.dir/system/readline/readline_fd.c.o
[3037/3338] Building C object apps/CMakeFiles/apps.dir/nshlib/nsh_alias.c.o
[3038/3338] Building C object apps/CMakeFiles/apps.dir/system/readline/readline_common.c.o
[3039/3338] Building C object apps/CMakeFiles/apps.dir/nshlib/nsh_netcmds.c.o
[3040/3338] Building C object apps/CMakeFiles/apps.dir/wireless/wapi/src/util.c.o
[3041/3338] Building C object apps/crypto/mbedtls/CMakeFiles/mbedtls.dir/mbedtls/library/aesce.c.o
[3042/3338] Building C object apps/CMakeFiles/apps.dir/wireless/wapi/src/network.c.o
[3043/3338] Building C object apps/CMakeFiles/apps.dir/examples/nettest/nettest_cmdline.c.o
[3044/3338] Building C object apps/crypto/mbedtls/CMakeFiles/mbedtls.dir/mbedtls/library/aesni.c.o
[3045/3338] Building C object apps/crypto/mbedtls/CMakeFiles/mbedtls.dir/mbedtls/library/arc4.c.o
[3046/3338] Building C object apps/CMakeFiles/apps.dir/examples/nettest/nettest_server.c.o
[3047/3338] Building C object apps/CMakeFiles/apps.dir/wireless/wapi/src/driver_wext.c.o
[3048/3338] Building C object apps/crypto/mbedtls/CMakeFiles/mbedtls.dir/mbedtls/library/base64.c.o
[3049/3338] Building C object apps/crypto/mbedtls/CMakeFiles/mbedtls.dir/mbedtls/library/asn1write.c.o
[3050/3338] Building C object apps/crypto/mbedtls/CMakeFiles/mbedtls.dir/mbedtls/library/asn1parse.c.o
[3051/3338] Building C object apps/crypto/mbedtls/CMakeFiles/mbedtls.dir/mbedtls/library/aria.c.o
[3052/3338] Building C object apps/crypto/mbedtls/CMakeFiles/mbedtls.dir/mbedtls/library/blowfish.c.o
[3053/3338] Building C object apps/CMakeFiles/apps.dir/wireless/wapi/src/wireless.c.o
[3054/3338] Building C object apps/crypto/mbedtls/CMakeFiles/mbedtls.dir/mbedtls/library/bignum_mod_raw.c.o
[3055/3338] Building C object apps/crypto/mbedtls/CMakeFiles/mbedtls.dir/mbedtls/library/bignum_mod.c.o
[3056/3338] Building C object apps/crypto/mbedtls/CMakeFiles/mbedtls.dir/mbedtls/library/aes.c.o
[3057/3338] Linking C static library apps/libapps.a
[3058/3338] Building C object apps/crypto/mbedtls/CMakeFiles/mbedtls.dir/mbedtls/library/bignum_core.c.o
[3059/3338] Building C object apps/crypto/mbedtls/CMakeFiles/mbedtls.dir/mbedtls/library/ccm.c.o
[3060/3338] Building C object apps/crypto/mbedtls/CMakeFiles/mbedtls.dir/mbedtls/library/chachapoly.c.o
[3061/3338] Building C object apps/crypto/mbedtls/CMakeFiles/mbedtls.dir/mbedtls/library/chacha20.c.o
[3062/3338] Building C object apps/crypto/mbedtls/CMakeFiles/mbedtls.dir/mbedtls/library/camellia.c.o
[3063/3338] Building C object apps/crypto/mbedtls/CMakeFiles/mbedtls.dir/mbedtls/library/debug.c.o
[3064/3338] Building C object apps/crypto/mbedtls/CMakeFiles/mbedtls.dir/mbedtls/library/cmac.c.o
[3065/3338] Building C object apps/crypto/mbedtls/CMakeFiles/mbedtls.dir/mbedtls/library/cipher_wrap.c.o
[3066/3338] Building C object apps/crypto/mbedtls/CMakeFiles/mbedtls.dir/mbedtls/library/ctr_drbg.c.o
[3067/3338] Building C object apps/crypto/mbedtls/CMakeFiles/mbedtls.dir/mbedtls/library/constant_time.c.o
[3068/3338] Building C object apps/crypto/mbedtls/CMakeFiles/mbedtls.dir/mbedtls/library/cipher.c.o
[3069/3338] Building C object apps/crypto/mbedtls/CMakeFiles/mbedtls.dir/mbedtls/library/ecdh.c.o
[3070/3338] Building C object apps/crypto/mbedtls/CMakeFiles/mbedtls.dir/mbedtls/library/dhm.c.o
[3071/3338] Building C object apps/crypto/mbedtls/CMakeFiles/mbedtls.dir/mbedtls/library/ecdsa.c.o
[3072/3338] Building C object apps/crypto/mbedtls/CMakeFiles/mbedtls.dir/mbedtls/library/entropy_poll.c.o
[3073/3338] Building C object apps/crypto/mbedtls/CMakeFiles/mbedtls.dir/mbedtls/library/bignum.c.o
[3074/3338] Building C object apps/crypto/mbedtls/CMakeFiles/mbedtls.dir/mbedtls/library/des.c.o
[3075/3338] Building C object apps/crypto/mbedtls/CMakeFiles/mbedtls.dir/mbedtls/library/entropy.c.o
[3076/3338] Building C object apps/crypto/mbedtls/CMakeFiles/mbedtls.dir/mbedtls/library/hkdf.c.o
[3077/3338] Building C object apps/crypto/mbedtls/CMakeFiles/mbedtls.dir/mbedtls/library/hash_info.c.o
[3078/3338] Building C object apps/crypto/mbedtls/CMakeFiles/mbedtls.dir/mbedtls/library/ecjpake.c.o
[3079/3338] Building C object apps/crypto/mbedtls/CMakeFiles/mbedtls.dir/mbedtls/library/error.c.o
[3080/3338] Building C object apps/crypto/mbedtls/CMakeFiles/mbedtls.dir/mbedtls/library/hmac_drbg.c.o
[3081/3338] Building C object apps/crypto/mbedtls/CMakeFiles/mbedtls.dir/mbedtls/library/md2.c.o
[3082/3338] Building C object apps/crypto/mbedtls/CMakeFiles/mbedtls.dir/mbedtls/library/md4.c.o
[3083/3338] Building C object apps/crypto/mbedtls/CMakeFiles/mbedtls.dir/mbedtls/library/lms.c.o
[3084/3338] Building C object apps/crypto/mbedtls/CMakeFiles/mbedtls.dir/mbedtls/library/gcm.c.o
[3085/3338] Building C object apps/crypto/mbedtls/CMakeFiles/mbedtls.dir/mbedtls/library/ecp_curves.c.o
[3086/3338] Building C object apps/crypto/mbedtls/CMakeFiles/mbedtls.dir/mbedtls/library/lmots.c.o
[3087/3338] Building C object apps/crypto/mbedtls/CMakeFiles/mbedtls.dir/mbedtls/library/memory_buffer_alloc.c.o
[3088/3338] Building C object apps/crypto/mbedtls/CMakeFiles/mbedtls.dir/mbedtls/library/mps_reader.c.o
[3089/3338] Building C object apps/crypto/mbedtls/CMakeFiles/mbedtls.dir/mbedtls/library/mps_trace.c.o
[3090/3338] Building C object apps/crypto/mbedtls/CMakeFiles/mbedtls.dir/mbedtls/library/md.c.o
[3091/3338] Building C object apps/crypto/mbedtls/CMakeFiles/mbedtls.dir/mbedtls/library/padlock.c.o
[3092/3338] Building C object apps/crypto/mbedtls/CMakeFiles/mbedtls.dir/mbedtls/library/md5.c.o
[3093/3338] Building C object apps/crypto/mbedtls/CMakeFiles/mbedtls.dir/mbedtls/library/nist_kw.c.o
[3094/3338] Building C object apps/crypto/mbedtls/CMakeFiles/mbedtls.dir/mbedtls/library/net_sockets.c.o
[3095/3338] Building C object apps/crypto/mbedtls/CMakeFiles/mbedtls.dir/mbedtls/library/pem.c.o
[3096/3338] Building C object apps/crypto/mbedtls/CMakeFiles/mbedtls.dir/mbedtls/library/pk.c.o
[3097/3338] Building C object apps/crypto/mbedtls/CMakeFiles/mbedtls.dir/mbedtls/library/ecp.c.o
[3098/3338] Building C object apps/crypto/mbedtls/CMakeFiles/mbedtls.dir/mbedtls/library/oid.c.o
[3099/3338] Building C object apps/crypto/mbedtls/CMakeFiles/mbedtls.dir/mbedtls/library/pk_wrap.c.o
[3100/3338] Building C object apps/crypto/mbedtls/CMakeFiles/mbedtls.dir/mbedtls/library/platform.c.o
[3101/3338] Building C object apps/crypto/mbedtls/CMakeFiles/mbedtls.dir/mbedtls/library/pkcs12.c.o
[3102/3338] Building C object apps/crypto/mbedtls/CMakeFiles/mbedtls.dir/mbedtls/library/platform_util.c.o
[3103/3338] Building C object apps/crypto/mbedtls/CMakeFiles/mbedtls.dir/mbedtls/library/pkcs5.c.o
[3104/3338] Building C object apps/crypto/mbedtls/CMakeFiles/mbedtls.dir/mbedtls/library/pkwrite.c.o
[3105/3338] Building C object apps/crypto/mbedtls/CMakeFiles/mbedtls.dir/mbedtls/library/poly1305.c.o
[3106/3338] Building C object apps/crypto/mbedtls/CMakeFiles/mbedtls.dir/mbedtls/library/psa_crypto_client.c.o
[3107/3338] Building C object apps/crypto/mbedtls/CMakeFiles/mbedtls.dir/mbedtls/library/pkcs7.c.o
[3108/3338] Building C object apps/crypto/mbedtls/CMakeFiles/mbedtls.dir/mbedtls/library/psa_crypto_aead.c.o
[3109/3338] Building C object apps/crypto/mbedtls/CMakeFiles/mbedtls.dir/mbedtls/library/psa_crypto_cipher.c.o
[3110/3338] Building C object apps/crypto/mbedtls/CMakeFiles/mbedtls.dir/mbedtls/library/pkparse.c.o
[3111/3338] Building C object apps/crypto/mbedtls/CMakeFiles/mbedtls.dir/mbedtls/library/psa_crypto_hash.c.o
[3112/3338] Building C object apps/crypto/mbedtls/CMakeFiles/mbedtls.dir/mbedtls/library/psa_crypto_se.c.o
[3113/3338] Building C object apps/crypto/mbedtls/CMakeFiles/mbedtls.dir/mbedtls/library/psa_crypto_ecp.c.o
[3114/3338] Building C object apps/crypto/mbedtls/CMakeFiles/mbedtls.dir/mbedtls/library/psa_crypto_pake.c.o
[3115/3338] Building C object apps/crypto/mbedtls/CMakeFiles/mbedtls.dir/mbedtls/library/psa_crypto_mac.c.o
[3116/3338] Building C object apps/crypto/mbedtls/CMakeFiles/mbedtls.dir/mbedtls/library/psa_crypto_driver_wrappers.c.o
[3117/3338] Building C object apps/crypto/mbedtls/CMakeFiles/mbedtls.dir/mbedtls/library/psa_its_file.c.o
[3118/3338] Building C object apps/crypto/mbedtls/CMakeFiles/mbedtls.dir/mbedtls/library/psa_crypto_rsa.c.o
[3119/3338] Building C object apps/crypto/mbedtls/CMakeFiles/mbedtls.dir/mbedtls/library/psa_util.c.o
[3120/3338] Building C object apps/crypto/mbedtls/CMakeFiles/mbedtls.dir/mbedtls/library/psa_crypto_storage.c.o
[3121/3338] Building C object apps/crypto/mbedtls/CMakeFiles/mbedtls.dir/mbedtls/library/psa_crypto_slot_management.c.o
[3122/3338] Building C object apps/crypto/mbedtls/CMakeFiles/mbedtls.dir/mbedtls/library/rsa_alt_helpers.c.o
[3123/3338] Building C object apps/crypto/mbedtls/CMakeFiles/mbedtls.dir/mbedtls/library/sha3.c.o
[3124/3338] Building C object apps/crypto/mbedtls/CMakeFiles/mbedtls.dir/mbedtls/library/ripemd160.c.o
[3125/3338] Building C object apps/crypto/mbedtls/CMakeFiles/mbedtls.dir/mbedtls/library/sha256.c.o
[3126/3338] Building C object apps/crypto/mbedtls/CMakeFiles/mbedtls.dir/mbedtls/library/sha512.c.o
[3127/3338] Building C object apps/crypto/mbedtls/CMakeFiles/mbedtls.dir/mbedtls/library/sha1.c.o
[3128/3338] Building C object apps/crypto/mbedtls/CMakeFiles/mbedtls.dir/mbedtls/library/ssl_cookie.c.o
[3129/3338] Building C object apps/crypto/mbedtls/CMakeFiles/mbedtls.dir/mbedtls/library/ssl_debug_helpers_generated.c.o
[3130/3338] Building C object apps/crypto/mbedtls/CMakeFiles/mbedtls.dir/mbedtls/library/ssl_cache.c.o
[3131/3338] Building C object apps/crypto/mbedtls/CMakeFiles/mbedtls.dir/mbedtls/library/ssl_ciphersuites.c.o
[3132/3338] Building C object apps/crypto/mbedtls/CMakeFiles/mbedtls.dir/mbedtls/library/ssl_ticket.c.o
[3133/3338] Building C object apps/crypto/mbedtls/CMakeFiles/mbedtls.dir/mbedtls/library/ssl_tls13_client.c.o
[3134/3338] Building C object apps/crypto/mbedtls/CMakeFiles/mbedtls.dir/mbedtls/library/ssl_tls13_generic.c.o
[3135/3338] Building C object apps/crypto/mbedtls/CMakeFiles/mbedtls.dir/mbedtls/library/ssl_tls13_keys.c.o
[3136/3338] Building C object apps/crypto/mbedtls/CMakeFiles/mbedtls.dir/mbedtls/library/ssl_client.c.o
[3137/3338] Building C object apps/crypto/mbedtls/CMakeFiles/mbedtls.dir/mbedtls/library/ssl_tls13_server.c.o
[3138/3338] Building C object apps/crypto/mbedtls/CMakeFiles/mbedtls.dir/mbedtls/library/rsa.c.o
[3139/3338] Building C object apps/crypto/mbedtls/CMakeFiles/mbedtls.dir/mbedtls/library/threading.c.o
[3140/3338] Building C object apps/crypto/mbedtls/CMakeFiles/mbedtls.dir/mbedtls/library/version.c.o
[3141/3338] Building C object apps/crypto/mbedtls/CMakeFiles/mbedtls.dir/mbedtls/library/version_features.c.o
[3142/3338] Building C object apps/crypto/mbedtls/CMakeFiles/mbedtls.dir/mbedtls/library/timing.c.o
[3143/3338] Building C object apps/crypto/mbedtls/CMakeFiles/mbedtls.dir/mbedtls/library/x509_create.c.o
[3144/3338] Building C object apps/crypto/mbedtls/CMakeFiles/mbedtls.dir/mbedtls/library/ssl_tls12_client.c.o
[3145/3338] Building C object apps/crypto/mbedtls/CMakeFiles/mbedtls.dir/mbedtls/library/x509_crt_pool.c.o
[3146/3338] Building C object apps/crypto/mbedtls/CMakeFiles/mbedtls.dir/mbedtls/library/x509_crl.c.o
[3147/3338] Building C object apps/crypto/mbedtls/CMakeFiles/mbedtls.dir/mbedtls/library/ssl_tls12_server.c.o
[3148/3338] Building C object apps/crypto/mbedtls/CMakeFiles/mbedtls.dir/mbedtls/library/x509_csr.c.o
[3149/3338] Building C object apps/crypto/mbedtls/CMakeFiles/mbedtls.dir/mbedtls/library/xtea.c.o
[3150/3338] Building C object apps/crypto/mbedtls/CMakeFiles/mbedtls.dir/mbedtls/library/x509.c.o
[3151/3338] Building C object apps/crypto/mbedtls/CMakeFiles/mbedtls.dir/mbedtls/library/x509write_crt.c.o
[3152/3338] Building C object apps/crypto/mbedtls/CMakeFiles/kmbedtls.dir/mbedtls/library/aesce.c.o
[3153/3338] Building C object apps/crypto/mbedtls/CMakeFiles/kmbedtls.dir/mbedtls/library/aesni.c.o
[3154/3338] Building C object apps/crypto/mbedtls/CMakeFiles/mbedtls.dir/mbedtls/library/x509write_csr.c.o
[3155/3338] Building C object apps/crypto/mbedtls/CMakeFiles/kmbedtls.dir/mbedtls/library/arc4.c.o
[3156/3338] Building C object apps/crypto/mbedtls/CMakeFiles/mbedtls.dir/mbedtls/library/ssl_msg.c.o
[3157/3338] Building C object apps/crypto/mbedtls/CMakeFiles/mbedtls.dir/mbedtls/library/psa_crypto.c.o
[3158/3338] Building C object apps/crypto/mbedtls/CMakeFiles/mbedtls.dir/mbedtls/library/x509_crt.c.o
[3159/3338] Building C object apps/crypto/mbedtls/CMakeFiles/kmbedtls.dir/mbedtls/library/base64.c.o
[3160/3338] Building C object apps/crypto/mbedtls/CMakeFiles/kmbedtls.dir/mbedtls/library/asn1write.c.o
[3161/3338] Building C object apps/crypto/mbedtls/CMakeFiles/kmbedtls.dir/mbedtls/library/asn1parse.c.o
[3162/3338] Building C object apps/crypto/mbedtls/CMakeFiles/kmbedtls.dir/mbedtls/library/aria.c.o
[3163/3338] Building C object apps/crypto/mbedtls/CMakeFiles/kmbedtls.dir/mbedtls/library/blowfish.c.o
[3164/3338] Building C object apps/crypto/mbedtls/CMakeFiles/kmbedtls.dir/mbedtls/library/bignum_mod_raw.c.o
[3165/3338] Building C object apps/crypto/mbedtls/CMakeFiles/kmbedtls.dir/mbedtls/library/aes.c.o
[3166/3338] Building C object apps/crypto/mbedtls/CMakeFiles/kmbedtls.dir/mbedtls/library/bignum_mod.c.o
[3167/3338] Building C object apps/crypto/mbedtls/CMakeFiles/mbedtls.dir/mbedtls/library/ssl_tls.c.o
[3168/3338] Building C object apps/crypto/mbedtls/CMakeFiles/kmbedtls.dir/mbedtls/library/ccm.c.o
[3169/3338] Building C object apps/crypto/mbedtls/CMakeFiles/kmbedtls.dir/mbedtls/library/bignum_core.c.o
[3170/3338] Building C object apps/crypto/mbedtls/CMakeFiles/kmbedtls.dir/mbedtls/library/chacha20.c.o
[3171/3338] Building C object apps/crypto/mbedtls/CMakeFiles/kmbedtls.dir/mbedtls/library/camellia.c.o
[3172/3338] Building C object apps/crypto/mbedtls/CMakeFiles/kmbedtls.dir/mbedtls/library/chachapoly.c.o
[3173/3338] Linking C static library apps/crypto/mbedtls/libmbedtls.a
[3174/3338] Building C object apps/crypto/mbedtls/CMakeFiles/kmbedtls.dir/mbedtls/library/debug.c.o
[3175/3338] Building C object apps/crypto/mbedtls/CMakeFiles/kmbedtls.dir/mbedtls/library/cmac.c.o
[3176/3338] Building C object apps/crypto/mbedtls/CMakeFiles/kmbedtls.dir/mbedtls/library/cipher_wrap.c.o
[3177/3338] Building C object apps/crypto/mbedtls/CMakeFiles/kmbedtls.dir/mbedtls/library/cipher.c.o
[3178/3338] Building C object apps/crypto/mbedtls/CMakeFiles/kmbedtls.dir/mbedtls/library/ctr_drbg.c.o
[3179/3338] Building C object apps/crypto/mbedtls/CMakeFiles/kmbedtls.dir/mbedtls/library/constant_time.c.o
[3180/3338] Building C object apps/crypto/mbedtls/CMakeFiles/kmbedtls.dir/mbedtls/library/dhm.c.o
[3181/3338] Building C object apps/crypto/mbedtls/CMakeFiles/kmbedtls.dir/mbedtls/library/ecdh.c.o
[3182/3338] Building C object apps/crypto/mbedtls/CMakeFiles/kmbedtls.dir/mbedtls/library/bignum.c.o
[3183/3338] Building C object apps/crypto/mbedtls/CMakeFiles/kmbedtls.dir/mbedtls/library/ecdsa.c.o
[3184/3338] Building C object apps/crypto/mbedtls/CMakeFiles/kmbedtls.dir/mbedtls/library/des.c.o
[3185/3338] Building C object apps/crypto/mbedtls/CMakeFiles/kmbedtls.dir/mbedtls/library/entropy_poll.c.o
[3186/3338] Building C object apps/crypto/mbedtls/CMakeFiles/kmbedtls.dir/mbedtls/library/entropy.c.o
[3187/3338] Building C object apps/crypto/mbedtls/CMakeFiles/kmbedtls.dir/mbedtls/library/ecjpake.c.o
[3188/3338] Building C object apps/crypto/mbedtls/CMakeFiles/kmbedtls.dir/mbedtls/library/hkdf.c.o
[3189/3338] Building C object apps/crypto/mbedtls/CMakeFiles/kmbedtls.dir/mbedtls/library/hash_info.c.o
[3190/3338] Building C object apps/crypto/mbedtls/CMakeFiles/kmbedtls.dir/mbedtls/library/error.c.o
[3191/3338] Building C object apps/crypto/mbedtls/CMakeFiles/kmbedtls.dir/mbedtls/library/md2.c.o
[3192/3338] Building C object apps/crypto/mbedtls/CMakeFiles/kmbedtls.dir/mbedtls/library/hmac_drbg.c.o
[3193/3338] Building C object apps/crypto/mbedtls/CMakeFiles/kmbedtls.dir/mbedtls/library/md4.c.o
[3194/3338] Building C object apps/crypto/mbedtls/CMakeFiles/kmbedtls.dir/mbedtls/library/gcm.c.o
[3195/3338] Building C object apps/crypto/mbedtls/CMakeFiles/kmbedtls.dir/mbedtls/library/lms.c.o
[3196/3338] Building C object apps/crypto/mbedtls/CMakeFiles/kmbedtls.dir/mbedtls/library/memory_buffer_alloc.c.o
[3197/3338] Building C object apps/crypto/mbedtls/CMakeFiles/kmbedtls.dir/mbedtls/library/ecp_curves.c.o
[3198/3338] Building C object apps/crypto/mbedtls/CMakeFiles/kmbedtls.dir/mbedtls/library/mps_reader.c.o
[3199/3338] Building C object apps/crypto/mbedtls/CMakeFiles/kmbedtls.dir/mbedtls/library/lmots.c.o
[3200/3338] Building C object apps/crypto/mbedtls/CMakeFiles/kmbedtls.dir/mbedtls/library/mps_trace.c.o
[3201/3338] Building C object apps/crypto/mbedtls/CMakeFiles/kmbedtls.dir/mbedtls/library/md.c.o
[3202/3338] Building C object apps/crypto/mbedtls/CMakeFiles/kmbedtls.dir/mbedtls/library/padlock.c.o
[3203/3338] Building C object apps/crypto/mbedtls/CMakeFiles/kmbedtls.dir/mbedtls/library/md5.c.o
[3204/3338] Building C object apps/crypto/mbedtls/CMakeFiles/kmbedtls.dir/mbedtls/library/ecp.c.o
[3205/3338] Building C object apps/crypto/mbedtls/CMakeFiles/kmbedtls.dir/mbedtls/library/nist_kw.c.o
[3206/3338] Building C object apps/crypto/mbedtls/CMakeFiles/kmbedtls.dir/mbedtls/library/net_sockets.c.o
[3207/3338] Building C object apps/crypto/mbedtls/CMakeFiles/kmbedtls.dir/mbedtls/library/pem.c.o
[3208/3338] Building C object apps/crypto/mbedtls/CMakeFiles/kmbedtls.dir/mbedtls/library/oid.c.o
[3209/3338] Building C object apps/crypto/mbedtls/CMakeFiles/kmbedtls.dir/mbedtls/library/pk_wrap.c.o
[3210/3338] Building C object apps/crypto/mbedtls/CMakeFiles/kmbedtls.dir/mbedtls/library/pk.c.o
[3211/3338] Building C object apps/crypto/mbedtls/CMakeFiles/kmbedtls.dir/mbedtls/library/pkcs12.c.o
[3212/3338] Building C object apps/crypto/mbedtls/CMakeFiles/kmbedtls.dir/mbedtls/library/pkcs5.c.o
[3213/3338] Building C object apps/crypto/mbedtls/CMakeFiles/kmbedtls.dir/mbedtls/library/platform.c.o
[3214/3338] Building C object apps/crypto/mbedtls/CMakeFiles/kmbedtls.dir/mbedtls/library/platform_util.c.o
[3215/3338] Building C object apps/crypto/mbedtls/CMakeFiles/kmbedtls.dir/mbedtls/library/pkwrite.c.o
[3216/3338] Building C object apps/crypto/mbedtls/CMakeFiles/kmbedtls.dir/mbedtls/library/pkcs7.c.o
[3217/3338] Building C object apps/crypto/mbedtls/CMakeFiles/kmbedtls.dir/mbedtls/library/psa_crypto_client.c.o
[3218/3338] Building C object apps/crypto/mbedtls/CMakeFiles/kmbedtls.dir/mbedtls/library/poly1305.c.o
[3219/3338] Building C object apps/crypto/mbedtls/CMakeFiles/kmbedtls.dir/mbedtls/library/psa_crypto_aead.c.o
[3220/3338] Building C object apps/crypto/mbedtls/CMakeFiles/kmbedtls.dir/mbedtls/library/psa_crypto_cipher.c.o
[3221/3338] Building C object apps/crypto/mbedtls/CMakeFiles/kmbedtls.dir/mbedtls/library/pkparse.c.o
[3222/3338] Building C object apps/crypto/mbedtls/CMakeFiles/kmbedtls.dir/mbedtls/library/psa_crypto_hash.c.o
[3223/3338] Building C object apps/crypto/mbedtls/CMakeFiles/kmbedtls.dir/mbedtls/library/psa_crypto_se.c.o
[3224/3338] Building C object apps/crypto/mbedtls/CMakeFiles/kmbedtls.dir/mbedtls/library/psa_crypto_mac.c.o
[3225/3338] Building C object apps/crypto/mbedtls/CMakeFiles/kmbedtls.dir/mbedtls/library/psa_crypto_ecp.c.o
[3226/3338] Building C object apps/crypto/mbedtls/CMakeFiles/kmbedtls.dir/mbedtls/library/psa_crypto_pake.c.o
[3227/3338] Building C object apps/crypto/mbedtls/CMakeFiles/kmbedtls.dir/mbedtls/library/psa_crypto_driver_wrappers.c.o
[3228/3338] Building C object apps/crypto/mbedtls/CMakeFiles/kmbedtls.dir/mbedtls/library/psa_crypto_rsa.c.o
[3229/3338] Building C object apps/crypto/mbedtls/CMakeFiles/kmbedtls.dir/mbedtls/library/psa_util.c.o
[3230/3338] Building C object apps/crypto/mbedtls/CMakeFiles/kmbedtls.dir/mbedtls/library/psa_its_file.c.o
[3231/3338] Building C object apps/crypto/mbedtls/CMakeFiles/kmbedtls.dir/mbedtls/library/psa_crypto_slot_management.c.o
[3232/3338] Building C object apps/crypto/mbedtls/CMakeFiles/kmbedtls.dir/mbedtls/library/psa_crypto_storage.c.o
[3233/3338] Building C object apps/crypto/mbedtls/CMakeFiles/kmbedtls.dir/mbedtls/library/rsa_alt_helpers.c.o
[3234/3338] Building C object apps/crypto/mbedtls/CMakeFiles/kmbedtls.dir/mbedtls/library/sha3.c.o
[3235/3338] Building C object apps/crypto/mbedtls/CMakeFiles/kmbedtls.dir/mbedtls/library/ripemd160.c.o
[3236/3338] Building C object apps/crypto/mbedtls/CMakeFiles/kmbedtls.dir/mbedtls/library/sha512.c.o
[3237/3338] Building C object apps/crypto/mbedtls/CMakeFiles/kmbedtls.dir/mbedtls/library/sha1.c.o
[3238/3338] Building C object apps/crypto/mbedtls/CMakeFiles/kmbedtls.dir/mbedtls/library/sha256.c.o
[3239/3338] Building C object apps/crypto/mbedtls/CMakeFiles/kmbedtls.dir/mbedtls/library/ssl_cookie.c.o
[3240/3338] Building C object apps/crypto/mbedtls/CMakeFiles/kmbedtls.dir/mbedtls/library/ssl_debug_helpers_generated.c.o
[3241/3338] Building C object apps/crypto/mbedtls/CMakeFiles/kmbedtls.dir/mbedtls/library/ssl_cache.c.o
[3242/3338] Building C object apps/crypto/mbedtls/CMakeFiles/kmbedtls.dir/mbedtls/library/ssl_ticket.c.o
[3243/3338] Building C object apps/crypto/mbedtls/CMakeFiles/kmbedtls.dir/mbedtls/library/ssl_ciphersuites.c.o
[3244/3338] Building C object apps/crypto/mbedtls/CMakeFiles/kmbedtls.dir/mbedtls/library/ssl_tls13_client.c.o
[3245/3338] Building C object apps/crypto/mbedtls/CMakeFiles/kmbedtls.dir/mbedtls/library/ssl_tls13_generic.c.o
[3246/3338] Building C object apps/crypto/mbedtls/CMakeFiles/kmbedtls.dir/mbedtls/library/ssl_client.c.o
[3247/3338] Building C object apps/crypto/mbedtls/CMakeFiles/kmbedtls.dir/mbedtls/library/ssl_tls13_keys.c.o
[3248/3338] Building C object apps/crypto/mbedtls/CMakeFiles/kmbedtls.dir/mbedtls/library/rsa.c.o
[3249/3338] Building C object apps/crypto/mbedtls/CMakeFiles/kmbedtls.dir/mbedtls/library/ssl_tls13_server.c.o
[3250/3338] Building C object apps/crypto/mbedtls/CMakeFiles/kmbedtls.dir/mbedtls/library/threading.c.o
[3251/3338] Building C object apps/crypto/mbedtls/CMakeFiles/kmbedtls.dir/mbedtls/library/version.c.o
[3252/3338] Building C object apps/crypto/mbedtls/CMakeFiles/kmbedtls.dir/mbedtls/library/version_features.c.o
[3253/3338] Building C object apps/crypto/mbedtls/CMakeFiles/kmbedtls.dir/mbedtls/library/timing.c.o
[3254/3338] Building C object apps/crypto/mbedtls/CMakeFiles/kmbedtls.dir/mbedtls/library/x509_create.c.o
[3255/3338] Building C object apps/crypto/mbedtls/CMakeFiles/kmbedtls.dir/mbedtls/library/ssl_tls12_client.c.o
[3256/3338] Building C object apps/crypto/mbedtls/CMakeFiles/kmbedtls.dir/mbedtls/library/x509_crt_pool.c.o
[3257/3338] Building C object apps/crypto/mbedtls/CMakeFiles/kmbedtls.dir/mbedtls/library/x509_crl.c.o
[3258/3338] Building C object apps/crypto/mbedtls/CMakeFiles/kmbedtls.dir/mbedtls/library/ssl_tls12_server.c.o
[3259/3338] Building C object apps/crypto/mbedtls/CMakeFiles/kmbedtls.dir/mbedtls/library/x509_csr.c.o
[3260/3338] Building C object apps/crypto/mbedtls/CMakeFiles/kmbedtls.dir/mbedtls/library/xtea.c.o
[3261/3338] Building C object apps/crypto/mbedtls/CMakeFiles/kmbedtls.dir/mbedtls/library/x509.c.o
[3262/3338] Building C object apps/crypto/mbedtls/CMakeFiles/kmbedtls.dir/mbedtls/library/x509write_crt.c.o
[3263/3338] Building C object apps/external/android/CMakeFiles/android.dir/dummy.c.o
[3264/3338] Linking C static library apps/external/android/libandroid.a
[3265/3338] Refreshing ELF relink sentinel:renew
[3266/3338] Refreshing ELF relink sentinel:i2c
[3267/3338] Refreshing ELF relink sentinel:init
[3268/3338] Building C object apps/crypto/mbedtls/CMakeFiles/kmbedtls.dir/mbedtls/library/x509write_csr.c.o
[3269/3338] Building C object apps/system/i2c/CMakeFiles/ELF_i2c.dir/i2c_bus.c.o
[3270/3338] Building C object apps/system/dhcpc/CMakeFiles/ELF_renew.dir/renew_main.c.o
[3271/3338] Building C object apps/crypto/mbedtls/CMakeFiles/kmbedtls.dir/mbedtls/library/ssl_msg.c.o
[3272/3338] Building C object apps/system/i2c/CMakeFiles/ELF_i2c.dir/i2c_common.c.o
[3273/3338] Building C object apps/crypto/mbedtls/CMakeFiles/kmbedtls.dir/mbedtls/library/psa_crypto.c.o
[3274/3338] Building C object apps/system/i2c/CMakeFiles/ELF_i2c.dir/i2c_main.c.o
[3275/3338] Building C object apps/system/i2c/CMakeFiles/ELF_i2c.dir/i2c_dev.c.o
[3276/3338] Building C object apps/crypto/mbedtls/CMakeFiles/kmbedtls.dir/mbedtls/library/x509_crt.c.o
[3277/3338] Building C object apps/system/i2c/CMakeFiles/ELF_i2c.dir/i2c_get.c.o
[3278/3338] Building C object apps/system/i2c/CMakeFiles/ELF_i2c.dir/i2c_verf.c.o
[3279/3338] Building C object apps/system/i2c/CMakeFiles/ELF_i2c.dir/i2c_set.c.o
[3280/3338] Building C object apps/system/i2c/CMakeFiles/ELF_i2c.dir/i2c_devif.c.o
[3281/3338] Building C object apps/system/i2c/CMakeFiles/ELF_i2c.dir/ELF_i2c_relink.c.o
[3282/3338] Building C object apps/system/i2c/CMakeFiles/ELF_i2c.dir/i2c_dump.c.o
[3283/3338] Building C object apps/system/dhcpc/CMakeFiles/ELF_renew.dir/ELF_renew_relink.c.o
[3284/3338] Refreshing ELF relink sentinel:sh
[3285/3338] Building C object apps/system/nsh/CMakeFiles/ELF_init.dir/ELF_init_relink.c.o
[3286/3338] Refreshing ELF relink sentinel:ping
[3287/3338] Building C object apps/system/nsh/CMakeFiles/ELF_sh.dir/ELF_sh_relink.c.o
[3288/3338] Building C object apps/system/i2c/CMakeFiles/ELF_i2c.dir/i2c_hexdump.c.o
[3289/3338] Building C object apps/system/i2c/CMakeFiles/ELF_i2c.dir/i2c_reset.c.o
[3290/3338] Refreshing ELF relink sentinel:wapi
[3291/3338] Building C object apps/system/nsh/CMakeFiles/ELF_sh.dir/sh_main.c.o
[3292/3338] Building C object apps/system/nsh/CMakeFiles/ELF_init.dir/nsh_main.c.o
[3293/3338] Building C object apps/system/ping/CMakeFiles/ELF_ping.dir/ELF_ping_relink.c.o
[3294/3338] Building C object apps/wireless/wapi/CMakeFiles/ELF_wapi.dir/ELF_wapi_relink.c.o
[3295/3338] Refreshing ELF relink sentinel:buttons
[3296/3338] Building C object apps/system/ping/CMakeFiles/ELF_ping.dir/ping.c.o
[3297/3338] Building C object apps/examples/buttons/CMakeFiles/ELF_buttons.dir/buttons_main.c.o
[3298/3338] Linking C static library apps/system/dhcpc/libELF_renew.a
[3299/3338] Linking C static library apps/system/i2c/libELF_i2c.a
[3300/3338] Refreshing ELF relink sentinel:s31demo
[3301/3338] Refreshing ELF relink sentinel:nettest
[3302/3338] Building C object apps/examples/buttons/CMakeFiles/ELF_buttons.dir/ELF_buttons_relink.c.o
[3303/3338] Building C object apps/crypto/mbedtls/CMakeFiles/kmbedtls.dir/mbedtls/library/ssl_tls.c.o
[3304/3338] Linking C static library apps/system/nsh/libELF_sh.a
[3305/3338] Building C object apps/examples/nettest/CMakeFiles/ELF_nettest.dir/ELF_nettest_relink.c.o
[3306/3338] Building C object apps/examples/nettest/CMakeFiles/ELF_nettest.dir/nettest_target1.c.o
[3307/3338] Building C object apps/wireless/wapi/CMakeFiles/ELF_wapi.dir/src/wapi.c.o
[3308/3338] Linking C static library apps/system/nsh/libELF_init.a
[3309/3338] Building C object apps/examples/s31demo/CMakeFiles/ELF_s31demo.dir/ELF_s31demo_relink.c.o
[3310/3338] Refreshing ELF relink sentinel:s31led
[3311/3338] Refreshing ELF relink sentinel:udpserver
[3312/3338] Linking C static library apps/system/ping/libELF_ping.a
[3313/3338] Building C object apps/examples/s31demo/CMakeFiles/ELF_s31demo.dir/s31demo_main.c.o
[3314/3338] Building C object apps/examples/s31led/CMakeFiles/ELF_s31led.dir/ELF_s31led_relink.c.o
[3315/3338] Linking C static library apps/crypto/mbedtls/libkmbedtls.a
[3316/3338] Linking C static library apps/examples/buttons/libELF_buttons.a
[3317/3338] Building C object apps/examples/s31led/CMakeFiles/ELF_s31led.dir/s31led_main.c.o
[3318/3338] Building C object apps/examples/udp/CMakeFiles/ELF_udpserver.dir/udp_target1.c.o
[3319/3338] Building C object apps/examples/udp/CMakeFiles/ELF_udpserver.dir/ELF_udpserver_relink.c.o
[3320/3338] Building C object apps/examples/udp/CMakeFiles/ELF_udpserver.dir/udp_cmdline.c.o
[3321/3338] Linking C static library apps/examples/nettest/libELF_nettest.a
[3322/3338] Linking C static library apps/wireless/wapi/libELF_wapi.a
[3323/3338] Building C object apps/examples/udp/CMakeFiles/ELF_udpserver.dir/udp_server.c.o
[3324/3338] Linking C static library apps/examples/s31demo/libELF_s31demo.a
[3325/3338] Linking C static library apps/examples/s31led/libELF_s31led.a
[3326/3338] Linking C static library apps/examples/udp/libELF_udpserver.a
[3327/3338] Generating external ESP32-S31 application ROMFS
[3328/3338] Building C object CMakeFiles/nuttx.dir/empty.c.o
[3329/3338] Building C object boards/CMakeFiles/board.dir/__/dummy.c.o
[3330/3338] Building C object boards/CMakeFiles/board.dir/risc-v/esp32s31/esp32s31-core-function-board/src/esp32s31_buttons.c.o
In file included from /home/regex/work/esp32s31-openvela/openvela-dev/nuttx/arch/risc-v/src/common/espressif/esp_gpio.h:34,
                 from /home/regex/work/esp32s31-openvela/openvela-dev/nuttx/boards/risc-v/esp32s31/esp32s31-core-function-board/src/esp32s31_buttons.c:21:
/home/regex/work/esp32s31-openvela/s31-reference/deps/esp-hal-3rdparty/components/esp_hal_gpio/include/hal/gpio_types.h:148:5: warning: 'SOC_GPIO_SUPPORT_PIN_HYS_CTRL_BY_EFUSE' is not defined, evaluates to '0' [-Wundef]
  148 | #if SOC_GPIO_SUPPORT_PIN_HYS_CTRL_BY_EFUSE
      |     ^~~~~~~~~~~~~~~~~~~~~~~~~~~~~~~~~~~~~~
[3331/3338] Building C object boards/CMakeFiles/board.dir/risc-v/esp32s31/esp32s31-core-function-board/src/esp32s31_boot.c.o
[3332/3338] Building C object boards/CMakeFiles/board.dir/boardctl.c.o
[3333/3338] Building C object boards/CMakeFiles/board.dir/risc-v/esp32s31/esp32s31-core-function-board/src/esp32s31_bringup.c.o
[3334/3338] Linking C static library boards/libboard.a
[3335/3338] Linking C executable nuttx
[3336/3338] Generating nuttx.hex
[3337/3338] Generating System.map
[3338/3338] Generating ESP32-S31 simple-boot image for offset 0x2000
esptool v5.4.0
Creating ESP32-S31 image...
Image has only RAM segments visible. ROM segments are hidden and SHA256 digest is not appended.
NOTE: Inserting 60 bytes padding between .iram0.text and .dram0.data
Merged 2 ELF sections.
Successfully created ESP32-S31 image.
+ python3 /home/regex/work/esp32s31-openvela/backups/2026-09-10-scan-stress/verify-wifi-artifact.py /home/regex/work/esp32s31-openvela/openvela-dev/out/esp32s31-cmake-demo
WIFI_ARTIFACT_CONFIG=PASS booleans=1682 protocol=7
+ test -f /home/regex/work/esp32s31-openvela/openvela-dev/out/esp32s31-cmake-demo/bin/s31demo
+ test -f /home/regex/work/esp32s31-openvela/openvela-dev/out/esp32s31-cmake-demo/appfs-root/s31demo
+ test -f /home/regex/work/esp32s31-openvela/openvela-dev/out/esp32s31-cmake-demo/appfs-root/s31demo.sha256
+ [[ demo-rmt = demo-rmt* ]]
+ test -f /home/regex/work/esp32s31-openvela/openvela-dev/out/esp32s31-cmake-demo/appfs-root/s31led
+ test -f /home/regex/work/esp32s31-openvela/openvela-dev/out/esp32s31-cmake-demo/appfs-root/s31led.sha256
+ [[ demo-rmt = demo-i2c* ]]
+ [[ demo-rmt = demo-rmt* ]]
+ test -f /home/regex/work/esp32s31-openvela/openvela-dev/out/esp32s31-cmake-demo/appfs-root/i2c
+ rg -q '^CONFIG_ARCH_BUTTONS=y$' /home/regex/work/esp32s31-openvela/openvela-dev/out/esp32s31-cmake-demo/.config
+ test -f /home/regex/work/esp32s31-openvela/openvela-dev/out/esp32s31-cmake-demo/appfs-root/buttons
+ set -o noclobber
+ sha256sum /home/regex/work/esp32s31-openvela/openvela-dev/out/esp32s31-cmake-demo/nuttx.bin /home/regex/work/esp32s31-openvela/openvela-dev/out/esp32s31-cmake-demo/appfs.img
+ restore_config
+ '[' -f /tmp/s31-demo-source-config.xoR4pU/.config ']'
+ mv /tmp/s31-demo-source-config.xoR4pU/.config .config
+ '[' -f /tmp/s31-demo-source-config.xoR4pU/config.h ']'
+ mv /tmp/s31-demo-source-config.xoR4pU/config.h include/nuttx/config.h
+ rmdir /tmp/s31-demo-source-config.xoR4pU
