+ cmake -S . -B /home/regex/work/esp32s31-openvela/openvela-dev/out/esp32s31-xts-flat-media -G Ninja -DBOARD_CONFIG=esp32s31-core-function-board:xts-flat-media -DFETCHCONTENT_FULLY_DISCONNECTED=ON
-- Processing includes: /home/regex/work/esp32s31-openvela/openvela-dev/nuttx/boards/risc-v/esp32s31/esp32s31-core-function-board/configs/xts-flat-media/defconfig → /home/regex/work/esp32s31-openvela/openvela-dev/out/esp32s31-xts-flat-media/.defconfig.processed
-- NuttX Host Tools
-- Configuring done
-- Generating done
-- Build files have been written to: /home/regex/work/esp32s31-openvela/openvela-dev/out/esp32s31-xts-flat-media/bin_host
-- Configuring done
-- Generating done
-- Build files have been written to: /home/regex/work/esp32s31-openvela/openvela-dev/out/esp32s31-xts-flat-media
+ cmake --build /home/regex/work/esp32s31-openvela/openvela-dev/out/esp32s31-xts-flat-media --target resetconfig
[1/1] cd /home/regex/work/esp32s31-openvela/openvela-dev/nuttx && /usr/bin/cmake -E copy /home/regex/work/esp32s31-openvela/openvela-dev/out/esp32s31-xts-flat-media/.defconfig.processed /home/regex/work/esp32s31-openvela/openvela-dev/out/esp32s31-xts-flat-media/.config && /usr/bin/cmake -E env KCONFIG_CONFIG=/home/regex/work/esp32s31-openvela/openvela-dev/out/esp32s31-xts-flat-media/.config EXTERNALDIR=dummy APPSDIR=/home/regex/work/esp32s31-openvela/openvela-dev/apps DRIVERS_PLATFORM_DIR=dummy APPSBINDIR=/home/regex/work/esp32s31-openvela/openvela-dev/out/esp32s31-xts-flat-media/apps BINDIR=/home/regex/work/esp32s31-openvela/openvela-dev/out/esp32s31-xts-flat-media olddefconfig && /usr/bin/cmake -E copy /home/regex/work/esp32s31-openvela/openvela-dev/out/esp32s31-xts-flat-media/.config /home/regex/work/esp32s31-openvela/openvela-dev/out/esp32s31-xts-flat-media/.config.orig && /usr/bin/cmake -E remove -f /home/regex/work/esp32s31-openvela/openvela-dev/out/esp32s31-xts-flat-media/include/nuttx/config.h && /usr/bin/cmake -E touch /home/regex/work/esp32s31-openvela/openvela-dev/nuttx/CMakeLists.txt
Loaded configuration '/home/regex/work/esp32s31-openvela/openvela-dev/out/esp32s31-xts-flat-media/.config'
Configuration saved to '/home/regex/work/esp32s31-openvela/openvela-dev/out/esp32s31-xts-flat-media/.config'
+ cmake -S . -B /home/regex/work/esp32s31-openvela/openvela-dev/out/esp32s31-xts-flat-media -G Ninja -DBOARD_CONFIG=esp32s31-core-function-board:xts-flat-media -DFETCHCONTENT_FULLY_DISCONNECTED=ON
-- Processing includes: /home/regex/work/esp32s31-openvela/openvela-dev/nuttx/boards/risc-v/esp32s31/esp32s31-core-function-board/configs/xts-flat-media/defconfig → /home/regex/work/esp32s31-openvela/openvela-dev/out/esp32s31-xts-flat-media/.defconfig.processed
-- NuttX Host Tools
-- Configuring done
-- Generating done
-- Build files have been written to: /home/regex/work/esp32s31-openvela/openvela-dev/out/esp32s31-xts-flat-media/bin_host
-- Configuring done
-- Generating done
-- Build files have been written to: /home/regex/work/esp32s31-openvela/openvela-dev/out/esp32s31-xts-flat-media
+ for task_option in ARCH_CHIP_ESP32S31 ESPRESSIF_ESP32S31 BUILD_FLAT TESTING_MM TESTING_CMOCKA TESTING_DRIVER_TEST BCH ESPRESSIF_SPIRAM_USE_8LINE_MODE
+ rg -q '^CONFIG_ARCH_CHIP_ESP32S31=y$' /home/regex/work/esp32s31-openvela/openvela-dev/out/esp32s31-xts-flat-media/.config
+ for task_option in ARCH_CHIP_ESP32S31 ESPRESSIF_ESP32S31 BUILD_FLAT TESTING_MM TESTING_CMOCKA TESTING_DRIVER_TEST BCH ESPRESSIF_SPIRAM_USE_8LINE_MODE
+ rg -q '^CONFIG_ESPRESSIF_ESP32S31=y$' /home/regex/work/esp32s31-openvela/openvela-dev/out/esp32s31-xts-flat-media/.config
+ for task_option in ARCH_CHIP_ESP32S31 ESPRESSIF_ESP32S31 BUILD_FLAT TESTING_MM TESTING_CMOCKA TESTING_DRIVER_TEST BCH ESPRESSIF_SPIRAM_USE_8LINE_MODE
+ rg -q '^CONFIG_BUILD_FLAT=y$' /home/regex/work/esp32s31-openvela/openvela-dev/out/esp32s31-xts-flat-media/.config
+ for task_option in ARCH_CHIP_ESP32S31 ESPRESSIF_ESP32S31 BUILD_FLAT TESTING_MM TESTING_CMOCKA TESTING_DRIVER_TEST BCH ESPRESSIF_SPIRAM_USE_8LINE_MODE
+ rg -q '^CONFIG_TESTING_MM=y$' /home/regex/work/esp32s31-openvela/openvela-dev/out/esp32s31-xts-flat-media/.config
+ for task_option in ARCH_CHIP_ESP32S31 ESPRESSIF_ESP32S31 BUILD_FLAT TESTING_MM TESTING_CMOCKA TESTING_DRIVER_TEST BCH ESPRESSIF_SPIRAM_USE_8LINE_MODE
+ rg -q '^CONFIG_TESTING_CMOCKA=y$' /home/regex/work/esp32s31-openvela/openvela-dev/out/esp32s31-xts-flat-media/.config
+ for task_option in ARCH_CHIP_ESP32S31 ESPRESSIF_ESP32S31 BUILD_FLAT TESTING_MM TESTING_CMOCKA TESTING_DRIVER_TEST BCH ESPRESSIF_SPIRAM_USE_8LINE_MODE
+ rg -q '^CONFIG_TESTING_DRIVER_TEST=y$' /home/regex/work/esp32s31-openvela/openvela-dev/out/esp32s31-xts-flat-media/.config
+ for task_option in ARCH_CHIP_ESP32S31 ESPRESSIF_ESP32S31 BUILD_FLAT TESTING_MM TESTING_CMOCKA TESTING_DRIVER_TEST BCH ESPRESSIF_SPIRAM_USE_8LINE_MODE
+ rg -q '^CONFIG_BCH=y$' /home/regex/work/esp32s31-openvela/openvela-dev/out/esp32s31-xts-flat-media/.config
+ for task_option in ARCH_CHIP_ESP32S31 ESPRESSIF_ESP32S31 BUILD_FLAT TESTING_MM TESTING_CMOCKA TESTING_DRIVER_TEST BCH ESPRESSIF_SPIRAM_USE_8LINE_MODE
+ rg -q '^CONFIG_ESPRESSIF_SPIRAM_USE_8LINE_MODE=y$' /home/regex/work/esp32s31-openvela/openvela-dev/out/esp32s31-xts-flat-media/.config
+ rg -q '^CONFIG_BUILD_(KERNEL|PROTECTED)=y$' /home/regex/work/esp32s31-openvela/openvela-dev/out/esp32s31-xts-flat-media/.config
+ cmake --build /home/regex/work/esp32s31-openvela/openvela-dev/out/esp32s31-xts-flat-media -j8
[1/1490] cd /home/regex/work/esp32s31-openvela/openvela-dev/out/esp32s31-xts-flat-media/libs/libc/misc && /usr/bin/cmake -E touch /home/regex/work/esp32s31-openvela/openvela-dev/nuttx/libs/libc/misc/lib_utsname.c
[2/1490] cd /home/regex/work/esp32s31-openvela/openvela-dev/nuttx && /usr/bin/cmake -DKCONFIG_CONFIG=/home/regex/work/esp32s31-openvela/openvela-dev/out/esp32s31-xts-flat-media/.defconfig.processed -DNUTTX_DIR=/home/regex/work/esp32s31-openvela/openvela-dev/nuttx -DCMAKE_BINARY_DIR=/home/regex/work/esp32s31-openvela/openvela-dev/out/esp32s31-xts-flat-media -P /home/regex/work/esp32s31-openvela/openvela-dev/nuttx/cmake/nuttx_generate_dts.cmake
[3/1490] cd /home/regex/work/esp32s31-openvela/openvela-dev/out/esp32s31-xts-flat-media/apps && cmake --build /home/regex/work/esp32s31-openvela/openvela-dev/out/esp32s31-xts-flat-media/bin_host --target mkdeps
Consolidate compiler generated dependencies of target mkdeps
[100%] Built target mkdeps
[4/1490] cd /home/regex/work/esp32s31-openvela/openvela-dev/out/esp32s31-xts-flat-media/apps && cmake --build /home/regex/work/esp32s31-openvela/openvela-dev/out/esp32s31-xts-flat-media/bin_host --target incdir
Consolidate compiler generated dependencies of target incdir
[200%] Built target incdir
[5/1490] Building C object arch/CMakeFiles/arch.dir/home/regex/work/esp32s31-openvela/s31-reference/deps/esp-hal-3rdparty/components/esp_hal_mspi/esp32s31/mspi_periph.c.o
[6/1490] Building C object arch/CMakeFiles/arch.dir/home/regex/work/esp32s31-openvela/s31-reference/deps/esp-hal-3rdparty/components/efuse/esp32s31/esp_efuse_table.c.o
[7/1490] Building C object arch/CMakeFiles/arch.dir/home/regex/work/esp32s31-openvela/s31-reference/deps/esp-hal-3rdparty/components/bootloader_support/src/bootloader_efuse.c.o
[8/1490] Building C object arch/CMakeFiles/arch.dir/home/regex/work/esp32s31-openvela/s31-reference/deps/esp-hal-3rdparty/components/efuse/esp32s31/esp_efuse_fields.c.o
[9/1490] Building C object arch/CMakeFiles/arch.dir/home/regex/work/esp32s31-openvela/s31-reference/deps/esp-hal-3rdparty/components/esp_hal_dma/esp32s31/gdma_periph.c.o
[10/1490] Building C object arch/CMakeFiles/arch.dir/home/regex/work/esp32s31-openvela/s31-reference/deps/esp-hal-3rdparty/components/efuse/src/esp_efuse_utility.c.o
[11/1490] Building C object arch/CMakeFiles/arch.dir/home/regex/work/esp32s31-openvela/s31-reference/deps/esp-hal-3rdparty/components/efuse/src/esp_efuse_api.c.o
[12/1490] Building C object arch/CMakeFiles/arch.dir/home/regex/work/esp32s31-openvela/s31-reference/deps/esp-hal-3rdparty/components/bootloader_support/src/flash_encrypt.c.o
[13/1490] Building C object arch/CMakeFiles/arch.dir/home/regex/work/esp32s31-openvela/s31-reference/deps/esp-hal-3rdparty/components/esp_hal_clock/esp32s31/clk_tree_hal.c.o
[14/1490] Building C object arch/CMakeFiles/arch.dir/home/regex/work/esp32s31-openvela/s31-reference/deps/esp-hal-3rdparty/components/efuse/esp32s31/esp_efuse_utility.c.o
[15/1490] Building C object arch/CMakeFiles/arch.dir/home/regex/work/esp32s31-openvela/s31-reference/deps/esp-hal-3rdparty/components/esp_hal_gpio/esp32s31/sdm_periph.c.o
[16/1490] Building C object arch/CMakeFiles/arch.dir/home/regex/work/esp32s31-openvela/s31-reference/deps/esp-hal-3rdparty/components/esp_hal_gpio/esp32s31/rtc_io_periph.c.o
[17/1490] Building C object arch/CMakeFiles/arch.dir/home/regex/work/esp32s31-openvela/s31-reference/deps/esp-hal-3rdparty/components/bootloader_support/src/bootloader_init.c.o
[18/1490] Building C object arch/CMakeFiles/arch.dir/home/regex/work/esp32s31-openvela/s31-reference/deps/esp-hal-3rdparty/components/esp_hal_gpio/sdm_hal.c.o
[19/1490] Building C object arch/CMakeFiles/arch.dir/home/regex/work/esp32s31-openvela/s31-reference/deps/esp-hal-3rdparty/components/efuse/src/efuse_controller/keys/with_key_purposes/esp_efuse_api_key.c.o
[20/1490] Building C object arch/CMakeFiles/arch.dir/home/regex/work/esp32s31-openvela/s31-reference/deps/esp-hal-3rdparty/components/esp_hal_gpio/rtc_io_hal.c.o
[21/1490] Building C object arch/CMakeFiles/arch.dir/home/regex/work/esp32s31-openvela/s31-reference/deps/esp-hal-3rdparty/components/esp_hal_dma/gdma_hal_ahb_v2.c.o
[22/1490] Building C object arch/CMakeFiles/arch.dir/home/regex/work/esp32s31-openvela/s31-reference/deps/esp-hal-3rdparty/components/esp_hal_gpio/gpio_hal.c.o
[23/1490] Building C object arch/CMakeFiles/arch.dir/home/regex/work/esp32s31-openvela/s31-reference/deps/esp-hal-3rdparty/components/esp_hal_mspi/spi_flash_encrypt_hal_iram.c.o
[24/1490] Building C object arch/CMakeFiles/arch.dir/home/regex/work/esp32s31-openvela/s31-reference/deps/esp-hal-3rdparty/components/esp_hal_dma/gdma_hal_crc_gen.c.o
[25/1490] Building C object arch/CMakeFiles/arch.dir/home/regex/work/esp32s31-openvela/s31-reference/deps/esp-hal-3rdparty/components/esp_hal_gpio/esp32s31/dedic_gpio_periph.c.o
[26/1490] Building C object arch/CMakeFiles/arch.dir/home/regex/work/esp32s31-openvela/s31-reference/deps/esp-hal-3rdparty/components/bootloader_support/src/esp_image_format.c.o
[27/1490] Building C object arch/CMakeFiles/arch.dir/home/regex/work/esp32s31-openvela/s31-reference/deps/esp-hal-3rdparty/components/esp_hal_timg/esp32s31/timer_periph.c.o
[28/1490] Building C object arch/CMakeFiles/arch.dir/home/regex/work/esp32s31-openvela/s31-reference/deps/esp-hal-3rdparty/components/esp_hal_uart/esp32s31/uart_periph.c.o
[29/1490] Building C object arch/CMakeFiles/arch.dir/home/regex/work/esp32s31-openvela/s31-reference/deps/esp-hal-3rdparty/components/esp_hal_dma/gdma_hal_top.c.o
[30/1490] Building C object arch/CMakeFiles/arch.dir/home/regex/work/esp32s31-openvela/s31-reference/deps/esp-hal-3rdparty/components/esp_hal_dma/gdma_hal_axi.c.o
[31/1490] Building C object arch/CMakeFiles/arch.dir/home/regex/work/esp32s31-openvela/s31-reference/deps/esp-hal-3rdparty/components/esp_hal_timg/timer_hal.c.o
[32/1490] Building C object arch/CMakeFiles/arch.dir/home/regex/work/esp32s31-openvela/s31-reference/deps/esp-hal-3rdparty/components/esp_hal_systimer/systimer_hal.c.o
[33/1490] Building C object arch/CMakeFiles/arch.dir/home/regex/work/esp32s31-openvela/s31-reference/deps/esp-hal-3rdparty/components/esp_hal_pmu/esp32s31/pmu_hal.c.o
[34/1490] Building C object arch/CMakeFiles/arch.dir/home/regex/work/esp32s31-openvela/s31-reference/deps/esp-hal-3rdparty/components/esp_hal_uart/uart_hal_iram.c.o
[35/1490] Building C object arch/CMakeFiles/arch.dir/risc-v/src/esp32s31/hal_backports/esp_gpio_reserve.c.o
[36/1490] Building C object arch/CMakeFiles/arch.dir/home/regex/work/esp32s31-openvela/s31-reference/deps/esp-hal-3rdparty/components/esp_hal_uart/uart_hal.c.o
[37/1490] Building C object arch/CMakeFiles/arch.dir/home/regex/work/esp32s31-openvela/s31-reference/deps/esp-hal-3rdparty/components/esp_hw_support/esp_memory_utils.c.o
[38/1490] Building C object arch/CMakeFiles/arch.dir/home/regex/work/esp32s31-openvela/s31-reference/deps/esp-hal-3rdparty/components/esp_hw_support/hw_random.c.o
[39/1490] Building C object arch/CMakeFiles/arch.dir/home/regex/work/esp32s31-openvela/s31-reference/deps/esp-hal-3rdparty/components/esp_hal_mspi/spi_flash_hal_gpspi.c.o
[40/1490] Building C object arch/CMakeFiles/arch.dir/home/regex/work/esp32s31-openvela/s31-reference/deps/esp-hal-3rdparty/components/esp_hal_mspi/spi_flash_hal.c.o
[41/1490] Building C object arch/CMakeFiles/arch.dir/home/regex/work/esp32s31-openvela/s31-reference/deps/esp-hal-3rdparty/components/esp_hw_support/esp_clk.c.o
[42/1490] Building C object arch/CMakeFiles/arch.dir/home/regex/work/esp32s31-openvela/s31-reference/deps/esp-hal-3rdparty/components/esp_hw_support/mac_addr.c.o
[43/1490] Building C object arch/CMakeFiles/arch.dir/home/regex/work/esp32s31-openvela/s31-reference/deps/esp-hal-3rdparty/components/esp_hw_support/clk_ctrl_os.c.o
[44/1490] Building C object arch/CMakeFiles/arch.dir/home/regex/work/esp32s31-openvela/s31-reference/deps/esp-hal-3rdparty/components/esp_hal_mspi/spi_flash_hal_iram.c.o
[45/1490] Building C object arch/CMakeFiles/arch.dir/home/regex/work/esp32s31-openvela/s31-reference/deps/esp-hal-3rdparty/components/esp_hal_wdt/wdt_hal_iram.c.o
[46/1490] Building C object arch/CMakeFiles/arch.dir/home/regex/work/esp32s31-openvela/s31-reference/deps/esp-hal-3rdparty/components/esp_hw_support/clk_utils.c.o
[47/1490] Building C object arch/CMakeFiles/arch.dir/home/regex/work/esp32s31-openvela/s31-reference/deps/esp-hal-3rdparty/components/esp_hw_support/port/esp32s31/esp_cpu_intr.c.o
[48/1490] Building C object arch/CMakeFiles/arch.dir/home/regex/work/esp32s31-openvela/s31-reference/deps/esp-hal-3rdparty/components/esp_hw_support/cpu.c.o
[49/1490] Building C object arch/CMakeFiles/arch.dir/home/regex/work/esp32s31-openvela/s31-reference/deps/esp-hal-3rdparty/components/esp_hw_support/ldo/esp_ldo_regulator.c.o
[50/1490] Building C object arch/CMakeFiles/arch.dir/home/regex/work/esp32s31-openvela/s31-reference/deps/esp-hal-3rdparty/components/esp_hw_support/port/esp32s31/pmu_param.c.o
[51/1490] Building C object arch/CMakeFiles/arch.dir/home/regex/work/esp32s31-openvela/s31-reference/deps/esp-hal-3rdparty/components/esp_hw_support/port/esp32s31/io_mux.c.o
[52/1490] Building C object arch/CMakeFiles/arch.dir/home/regex/work/esp32s31-openvela/s31-reference/deps/esp-hal-3rdparty/components/esp_hw_support/port/esp32s31/pmu_init.c.o
[53/1490] Building C object arch/CMakeFiles/arch.dir/home/regex/work/esp32s31-openvela/s31-reference/deps/esp-hal-3rdparty/components/esp_hw_support/port/esp32s31/cpu_region_protect.c.o
[54/1490] Building C object arch/CMakeFiles/arch.dir/home/regex/work/esp32s31-openvela/s31-reference/deps/esp-hal-3rdparty/components/esp_hw_support/intr_alloc.c.o
[55/1490] Building C object arch/CMakeFiles/arch.dir/home/regex/work/esp32s31-openvela/s31-reference/deps/esp-hal-3rdparty/components/esp_hw_support/periph_ctrl.c.o
[56/1490] Building C object arch/CMakeFiles/arch.dir/risc-v/src/esp32s31/hal_backports/rtc_clk_init.c.o
[57/1490] Building C object arch/CMakeFiles/arch.dir/home/regex/work/esp32s31-openvela/s31-reference/deps/esp-hal-3rdparty/components/esp_hw_support/mspi/mspi_timing_tuning/mspi_timing_tuning.c.o
[58/1490] Building C object arch/CMakeFiles/arch.dir/home/regex/work/esp32s31-openvela/s31-reference/deps/esp-hal-3rdparty/components/esp_mm/port/esp32s31/ext_mem_layout.c.o
[59/1490] Building C object arch/CMakeFiles/arch.dir/home/regex/work/esp32s31-openvela/s31-reference/deps/esp-hal-3rdparty/components/esp_rom/patches/esp_rom_clic.c.o
[60/1490] Building C object arch/CMakeFiles/arch.dir/home/regex/work/esp32s31-openvela/s31-reference/deps/esp-hal-3rdparty/components/esp_rom/patches/esp_rom_crc.c.o
[61/1490] Building C object arch/CMakeFiles/arch.dir/home/regex/work/esp32s31-openvela/s31-reference/deps/esp-hal-3rdparty/components/esp_hw_support/port/esp32s31/rtc_clk.c.o
[62/1490] Building C object arch/CMakeFiles/arch.dir/home/regex/work/esp32s31-openvela/s31-reference/deps/esp-hal-3rdparty/components/esp_hw_support/port/esp32s31/systimer.c.o
[63/1490] Building C object arch/CMakeFiles/arch.dir/home/regex/work/esp32s31-openvela/s31-reference/deps/esp-hal-3rdparty/components/esp_mm/esp_cache_utils.c.o
[64/1490] Building C object arch/CMakeFiles/arch.dir/home/regex/work/esp32s31-openvela/s31-reference/deps/esp-hal-3rdparty/components/esp_hw_support/port/esp32s31/rtc_time.c.o
[65/1490] Building C object arch/CMakeFiles/arch.dir/home/regex/work/esp32s31-openvela/s31-reference/deps/esp-hal-3rdparty/components/esp_mm/esp_cache_msync.c.o
[66/1490] Building C object arch/CMakeFiles/arch.dir/home/regex/work/esp32s31-openvela/s31-reference/deps/esp-hal-3rdparty/components/esp_rom/patches/esp_rom_sys.c.o
[67/1490] Building C object arch/CMakeFiles/arch.dir/home/regex/work/esp32s31-openvela/s31-reference/deps/esp-hal-3rdparty/components/esp_hw_support/port/esp32s31/esp_clk_tree.c.o
[68/1490] Building C object arch/CMakeFiles/arch.dir/home/regex/work/esp32s31-openvela/s31-reference/deps/esp-hal-3rdparty/components/esp_rom/patches/esp_rom_spiflash.c.o
[69/1490] Building C object arch/CMakeFiles/arch.dir/home/regex/work/esp32s31-openvela/s31-reference/deps/esp-hal-3rdparty/components/esp_common/src/esp_err_to_name.c.o
[70/1490] Building C object arch/CMakeFiles/arch.dir/home/regex/work/esp32s31-openvela/s31-reference/deps/esp-hal-3rdparty/components/esp_rom/patches/esp_rom_efuse.c.o
[71/1490] Building C object arch/CMakeFiles/arch.dir/home/regex/work/esp32s31-openvela/s31-reference/deps/esp-hal-3rdparty/components/esp_hw_support/regi2c_ctrl.c.o
[72/1490] Building C object arch/CMakeFiles/arch.dir/home/regex/work/esp32s31-openvela/s31-reference/deps/esp-hal-3rdparty/components/esp_hw_support/rtc_module.c.o
[73/1490] Building C object arch/CMakeFiles/arch.dir/home/regex/work/esp32s31-openvela/s31-reference/deps/esp-hal-3rdparty/components/esp_rom/patches/esp_rom_gpio.c.o
[74/1490] Building C object arch/CMakeFiles/arch.dir/home/regex/work/esp32s31-openvela/s31-reference/deps/esp-hal-3rdparty/components/esp_system/esp_err.c.o
[75/1490] Building C object arch/CMakeFiles/arch.dir/home/regex/work/esp32s31-openvela/s31-reference/deps/esp-hal-3rdparty/components/esp_hw_support/port/esp_clk_tree_common.c.o
[76/1490] Building C object arch/CMakeFiles/arch.dir/home/regex/work/esp32s31-openvela/s31-reference/deps/esp-hal-3rdparty/components/esp_mm/esp_mmu_map.c.o
[77/1490] Building C object arch/CMakeFiles/arch.dir/home/regex/work/esp32s31-openvela/s31-reference/deps/esp-hal-3rdparty/components/esp_rom/patches/esp_rom_serial_output.c.o
[78/1490] Building C object arch/CMakeFiles/arch.dir/home/regex/work/esp32s31-openvela/s31-reference/deps/esp-hal-3rdparty/components/esp_system/esp_system.c.o
[79/1490] Building C object arch/CMakeFiles/arch.dir/home/regex/work/esp32s31-openvela/s31-reference/deps/esp-hal-3rdparty/components/esp_rom/patches/esp_rom_print.c.o
[80/1490] Building C object arch/CMakeFiles/arch.dir/home/regex/work/esp32s31-openvela/s31-reference/deps/esp-hal-3rdparty/components/esp_timer/src/system_time.c.o
[81/1490] Building C object arch/CMakeFiles/arch.dir/home/regex/work/esp32s31-openvela/s31-reference/deps/esp-hal-3rdparty/components/esp_system/port/soc/esp32s31/reset_reason.c.o
[82/1490] Building C object arch/CMakeFiles/arch.dir/home/regex/work/esp32s31-openvela/s31-reference/deps/esp-hal-3rdparty/components/esp_timer/src/esp_timer_init.c.o
[83/1490] Building C object arch/CMakeFiles/arch.dir/home/regex/work/esp32s31-openvela/s31-reference/deps/esp-hal-3rdparty/components/hal/esp32s31/efuse_hal.c.o
[84/1490] Building C object arch/CMakeFiles/arch.dir/home/regex/work/esp32s31-openvela/s31-reference/deps/esp-hal-3rdparty/components/esp_system/port/soc/esp32s31/clk.c.o
[85/1490] Building C object arch/CMakeFiles/arch.dir/home/regex/work/esp32s31-openvela/s31-reference/deps/esp-hal-3rdparty/components/esp_timer/src/esp_timer_impl_common.c.o
[86/1490] Building C object arch/CMakeFiles/arch.dir/home/regex/work/esp32s31-openvela/s31-reference/deps/esp-hal-3rdparty/components/log/src/log_level/log_level.c.o
[87/1490] Building C object arch/CMakeFiles/arch.dir/home/regex/work/esp32s31-openvela/s31-reference/deps/esp-hal-3rdparty/components/esp_timer/src/esp_timer_impl_systimer.c.o
[88/1490] Building C object arch/CMakeFiles/arch.dir/home/regex/work/esp32s31-openvela/s31-reference/deps/esp-hal-3rdparty/components/esp_system/startup.c.o
[89/1490] Building C object arch/CMakeFiles/arch.dir/home/regex/work/esp32s31-openvela/s31-reference/deps/esp-hal-3rdparty/components/esp_system/port/soc/esp32s31/system_internal.c.o
[90/1490] Building C object arch/CMakeFiles/arch.dir/home/regex/work/esp32s31-openvela/s31-reference/deps/esp-hal-3rdparty/components/esp_timer/src/esp_timer.c.o
[91/1490] Building C object arch/CMakeFiles/arch.dir/home/regex/work/esp32s31-openvela/s31-reference/deps/esp-hal-3rdparty/components/log/src/log_level/tag_log_level/linked_list/log_linked_list.c.o
[92/1490] Building C object arch/CMakeFiles/arch.dir/home/regex/work/esp32s31-openvela/s31-reference/deps/esp-hal-3rdparty/components/esp_system/system_time.c.o
[93/1490] Building C object arch/CMakeFiles/arch.dir/home/regex/work/esp32s31-openvela/s31-reference/deps/esp-hal-3rdparty/components/log/src/log_level/tag_log_level/tag_log_level.c.o
[94/1490] Building C object arch/CMakeFiles/arch.dir/home/regex/work/esp32s31-openvela/s31-reference/deps/esp-hal-3rdparty/components/log/src/log.c.o
[95/1490] Building C object arch/CMakeFiles/arch.dir/home/regex/work/esp32s31-openvela/s31-reference/deps/esp-hal-3rdparty/components/log/src/noos/log_lock.c.o
[96/1490] Building C object arch/CMakeFiles/arch.dir/home/regex/work/esp32s31-openvela/s31-reference/deps/esp-hal-3rdparty/components/esp_system/startup_funcs.c.o
[97/1490] Building C object arch/CMakeFiles/arch.dir/home/regex/work/esp32s31-openvela/s31-reference/deps/esp-hal-3rdparty/components/log/src/noos/log_timestamp.c.o
[98/1490] Building C object arch/CMakeFiles/arch.dir/home/regex/work/esp32s31-openvela/s31-reference/deps/esp-hal-3rdparty/components/soc/esp32s31/interrupts.c.o
[99/1490] Building C object arch/CMakeFiles/arch.dir/home/regex/work/esp32s31-openvela/s31-reference/deps/esp-hal-3rdparty/components/soc/esp32s31/gpio_periph.c.o
[100/1490] Building C object arch/CMakeFiles/arch.dir/home/regex/work/esp32s31-openvela/s31-reference/deps/esp-hal-3rdparty/components/hal/efuse_hal.c.o
[101/1490] Building C object arch/CMakeFiles/arch.dir/home/regex/work/esp32s31-openvela/s31-reference/deps/esp-hal-3rdparty/components/riscv/rv_utils.c.o
[102/1490] Building C object arch/CMakeFiles/arch.dir/home/regex/work/esp32s31-openvela/s31-reference/deps/esp-hal-3rdparty/components/log/src/os/log_write.c.o
[103/1490] Building C object arch/CMakeFiles/arch.dir/home/regex/work/esp32s31-openvela/s31-reference/deps/esp-hal-3rdparty/components/soc/lldesc.c.o
[104/1490] Building C object arch/CMakeFiles/arch.dir/home/regex/work/esp32s31-openvela/s31-reference/deps/esp-hal-3rdparty/components/hal/hal_utils.c.o
[105/1490] Building C object arch/CMakeFiles/arch.dir/home/regex/work/esp32s31-openvela/s31-reference/deps/esp-hal-3rdparty/components/riscv/instruction_decode.c.o
[106/1490] Building C object arch/CMakeFiles/arch.dir/home/regex/work/esp32s31-openvela/s31-reference/deps/esp-hal-3rdparty/components/riscv/interrupt_clic.c.o
[107/1490] Building C object arch/CMakeFiles/arch.dir/home/regex/work/esp32s31-openvela/s31-reference/deps/esp-hal-3rdparty/components/riscv/interrupt.c.o
[108/1490] Building C object arch/CMakeFiles/arch.dir/home/regex/work/esp32s31-openvela/s31-reference/deps/esp-hal-3rdparty/components/hal/cache_hal.c.o
[109/1490] Building C object arch/CMakeFiles/arch.dir/home/regex/work/esp32s31-openvela/s31-reference/deps/esp-hal-3rdparty/components/log/src/os/util.c.o
[110/1490] Building C object arch/CMakeFiles/arch.dir/home/regex/work/esp32s31-openvela/s31-reference/deps/esp-hal-3rdparty/components/hal/mmu_hal.c.o
[111/1490] Building C object arch/CMakeFiles/arch.dir/home/regex/work/esp32s31-openvela/s31-reference/deps/esp-hal-3rdparty/components/spi_flash/spi_flash_chip_drivers.c.o
[112/1490] Building C object arch/CMakeFiles/arch.dir/home/regex/work/esp32s31-openvela/s31-reference/deps/esp-hal-3rdparty/components/spi_flash/spi_flash_chip_gd.c.o
[113/1490] Building C object arch/CMakeFiles/arch.dir/home/regex/work/esp32s31-openvela/s31-reference/deps/esp-hal-3rdparty/components/spi_flash/cache_utils.c.o
[114/1490] Building C object arch/CMakeFiles/arch.dir/home/regex/work/esp32s31-openvela/s31-reference/deps/esp-hal-3rdparty/components/spi_flash/spi_flash_chip_winbond.c.o
[115/1490] Building C object arch/CMakeFiles/arch.dir/home/regex/work/esp32s31-openvela/s31-reference/deps/esp-hal-3rdparty/components/spi_flash/flash_brownout_hook.c.o
[116/1490] Building C object arch/CMakeFiles/arch.dir/home/regex/work/esp32s31-openvela/s31-reference/deps/esp-hal-3rdparty/components/spi_flash/spi_flash_hpm_enable.c.o
[117/1490] Building C object arch/CMakeFiles/arch.dir/home/regex/work/esp32s31-openvela/s31-reference/deps/esp-hal-3rdparty/components/spi_flash/esp_flash_spi_init.c.o
/home/regex/work/esp32s31-openvela/s31-reference/deps/esp-hal-3rdparty/components/spi_flash/esp_flash_spi_init.c: In function 'acquire_spi_device':
/home/regex/work/esp32s31-openvela/s31-reference/deps/esp-hal-3rdparty/components/spi_flash/esp_flash_spi_init.c:234:35: warning: declaration of 'config' shadows a parameter [-Wshadow]
  234 |         spi_bus_lock_dev_config_t config = {.flags = SPI_BUS_LOCK_DEV_FLAG_CS_REQUIRED};
      |                                   ^~~~~~
/home/regex/work/esp32s31-openvela/s31-reference/deps/esp-hal-3rdparty/components/spi_flash/esp_flash_spi_init.c:226:74: note: shadowed declaration is here
  226 | static esp_err_t acquire_spi_device(const esp_flash_spi_device_config_t *config, int* out_dev_id, spi_bus_lock_dev_handle_t* out_dev_handle)
      |                                     ~~~~~~~~~~~~~~~~~~~~~~~~~~~~~~~~~~~~~^~~~~~
[118/1490] Building C object arch/CMakeFiles/arch.dir/home/regex/work/esp32s31-openvela/s31-reference/deps/esp-hal-3rdparty/components/spi_flash/esp_flash_api.c.o
/home/regex/work/esp32s31-openvela/s31-reference/deps/esp-hal-3rdparty/components/spi_flash/esp_flash_api.c: In function 'esp_flash_write':
/home/regex/work/esp32s31-openvela/s31-reference/deps/esp-hal-3rdparty/components/spi_flash/esp_flash_api.c:57:23: warning: declaration of 'ret' shadows a previous local [-Wshadow]
   57 |             esp_err_t ret = CHIP->os_func->region_protected(CHIP->os_func_data, ADDR, SIZE); \
      |                       ^~~
/home/regex/work/esp32s31-openvela/s31-reference/deps/esp-hal-3rdparty/components/spi_flash/esp_flash_api.c:1121:5: note: in expansion of macro 'CHECK_WRITE_ADDRESS'
 1121 |     CHECK_WRITE_ADDRESS(chip, address, length);
      |     ^~~~~~~~~~~~~~~~~~~
/home/regex/work/esp32s31-openvela/s31-reference/deps/esp-hal-3rdparty/components/spi_flash/esp_flash_api.c:1113:15: note: shadowed declaration is here
 1113 |     esp_err_t ret = ESP_FAIL;
      |               ^~~
/home/regex/work/esp32s31-openvela/s31-reference/deps/esp-hal-3rdparty/components/spi_flash/esp_flash_api.c: In function 'esp_flash_write_encrypted':
/home/regex/work/esp32s31-openvela/s31-reference/deps/esp-hal-3rdparty/components/spi_flash/esp_flash_api.c:57:23: warning: declaration of 'ret' shadows a previous local [-Wshadow]
   57 |             esp_err_t ret = CHIP->os_func->region_protected(CHIP->os_func_data, ADDR, SIZE); \
      |                       ^~~
/home/regex/work/esp32s31-openvela/s31-reference/deps/esp-hal-3rdparty/components/spi_flash/esp_flash_api.c:1362:5: note: in expansion of macro 'CHECK_WRITE_ADDRESS'
 1362 |     CHECK_WRITE_ADDRESS(chip, address, length);
      |     ^~~~~~~~~~~~~~~~~~~
/home/regex/work/esp32s31-openvela/s31-reference/deps/esp-hal-3rdparty/components/spi_flash/esp_flash_api.c:1350:15: note: shadowed declaration is here
 1350 |     esp_err_t ret = ESP_FAIL;
      |               ^~~
[119/1490] Building C object arch/CMakeFiles/arch.dir/home/regex/work/esp32s31-openvela/s31-reference/deps/esp-hal-3rdparty/components/spi_flash/spi_flash_os_func_app.c.o
[120/1490] Building C object arch/CMakeFiles/arch.dir/home/regex/work/esp32s31-openvela/s31-reference/deps/esp-hal-3rdparty/components/spi_flash/flash_mmap.c.o
[121/1490] Building C object arch/CMakeFiles/arch.dir/home/regex/work/esp32s31-openvela/s31-reference/deps/esp-hal-3rdparty/components/spi_flash/spi_flash_chip_generic.c.o
[122/1490] Building C object arch/CMakeFiles/arch.dir/home/regex/work/esp32s31-openvela/s31-reference/deps/esp-hal-3rdparty/components/spi_flash/memspi_host_driver.c.o
[123/1490] Building C object arch/CMakeFiles/arch.dir/home/regex/work/esp32s31-openvela/s31-reference/deps/esp-hal-3rdparty/nuttx/src/components/newlib/newlib/libc/misc/init.c.o
[124/1490] Building C object arch/CMakeFiles/arch.dir/home/regex/work/esp32s31-openvela/s31-reference/deps/esp-hal-3rdparty/components/spi_flash/flash_ops.c.o
[125/1490] Building C object arch/CMakeFiles/arch.dir/risc-v/src/esp32s31/esp32s31_pm_stubs.c.o
[126/1490] Building C object arch/CMakeFiles/arch.dir/home/regex/work/esp32s31-openvela/s31-reference/deps/esp-hal-3rdparty/components/upper_hal_uart/src/uart_wakeup.c.o
[127/1490] Building C object arch/CMakeFiles/arch.dir/home/regex/work/esp32s31-openvela/s31-reference/deps/esp-hal-3rdparty/components/spi_flash/spi_flash_os_func_noos.c.o
[128/1490] Building C object arch/CMakeFiles/arch.dir/home/regex/work/esp32s31-openvela/s31-reference/deps/esp-hal-3rdparty/nuttx/src/heap_caps.c.o
[129/1490] Building C object arch/CMakeFiles/arch.dir/home/regex/work/esp32s31-openvela/s31-reference/deps/esp-hal-3rdparty/components/upper_hal_dma/src/esp_dma_utils.c.o
[130/1490] Building C object arch/CMakeFiles/arch.dir/home/regex/work/esp32s31-openvela/s31-reference/deps/esp-hal-3rdparty/components/upper_hal_gpio/src/rtc_io.c.o
[131/1490] Building C object arch/CMakeFiles/arch.dir/home/regex/work/esp32s31-openvela/s31-reference/deps/esp-hal-3rdparty/components/upper_hal_dma/src/gdma_link.c.o
[132/1490] Building C object arch/CMakeFiles/arch.dir/home/regex/work/esp32s31-openvela/s31-reference/deps/esp-hal-3rdparty/components/bootloader_support/src/esp32s31/bootloader_soc.c.o
[133/1490] Building C object arch/CMakeFiles/arch.dir/home/regex/work/esp32s31-openvela/s31-reference/deps/esp-hal-3rdparty/components/bootloader_support/src/bootloader_clock_loader.c.o
[134/1490] Building C object arch/CMakeFiles/arch.dir/home/regex/work/esp32s31-openvela/s31-reference/deps/esp-hal-3rdparty/components/bootloader_support/bootloader_flash/src/flash_qio_mode.c.o
[135/1490] Building C object arch/CMakeFiles/arch.dir/risc-v/src/esp32s31/esp32s31_os_adapter.c.o
[136/1490] Building C object arch/CMakeFiles/arch.dir/home/regex/work/esp32s31-openvela/s31-reference/deps/esp-hal-3rdparty/components/bootloader_support/src/bootloader_clock_init.c.o
[137/1490] Building C object arch/CMakeFiles/arch.dir/home/regex/work/esp32s31-openvela/s31-reference/deps/esp-hal-3rdparty/components/upper_hal_gpio/src/gpio.c.o
/home/regex/work/esp32s31-openvela/s31-reference/deps/esp-hal-3rdparty/components/upper_hal_gpio/src/gpio.c: In function 'gpio_dump_io_configuration':
/home/regex/work/esp32s31-openvela/s31-reference/deps/esp-hal-3rdparty/components/upper_hal_gpio/src/gpio.c:1105:29: warning: format '%lu' expects argument of type 'long unsigned int', but argument 3 has type 'int' [-Wformat=]
 1105 |         fprintf(out_stream, "  FuncSel: %"PRIu32" (%s)\n", io_config.fun_sel, (io_config.fun_sel == PIN_FUNC_GPIO) ? "GPIO" : "IOMUX");
      |                             ^~~~~~~~~~~~~~                 ~~~~~~~~~~~~~~~~~
      |                                                                     |
      |                                                                     int
In file included from /home/regex/work/esp32s31-openvela/openvela-dev/nuttx/include/stdint.h:37,
                 from /home/regex/work/esp32s31-openvela/openvela-dev/nuttx/include/sys/types.h:34,
                 from /home/regex/work/esp32s31-openvela/openvela-dev/nuttx/arch/risc-v/src/esp32s31/include/esp32s31/rom/ets_sys.h:15,
                 from <command-line>:
/home/regex/work/esp32s31-openvela/openvela-dev/nuttx/include/arch/inttypes.h:79:35: note: format string is defined here
   79 | #define PRIu32      _PRI32PREFIX "u"
/home/regex/work/esp32s31-openvela/s31-reference/deps/esp-hal-3rdparty/components/upper_hal_gpio/src/gpio.c:1107:33: warning: format '%lu' expects argument of type 'long unsigned int', but argument 3 has type 'int' [-Wformat=]
 1107 |             fprintf(out_stream, "  GPIO Matrix SigOut ID: %"PRIu32"%s\n", io_config.sig_out, (io_config.sig_out == SIG_GPIO_OUT_IDX) ? " (simple GPIO output)" : "");
      |                                 ^~~~~~~~~~~~~~~~~~~~~~~~~~~~              ~~~~~~~~~~~~~~~~~
      |                                                                                    |
      |                                                                                    int
/home/regex/work/esp32s31-openvela/openvela-dev/nuttx/include/arch/inttypes.h:79:35: note: format string is defined here
   79 | #define PRIu32      _PRI32PREFIX "u"
[138/1490] Building C object arch/CMakeFiles/arch.dir/home/regex/work/esp32s31-openvela/s31-reference/deps/esp-hal-3rdparty/components/esp_hal_regi2c/esp32s31/regi2c_impl.c.o
[139/1490] Building C object arch/CMakeFiles/arch.dir/home/regex/work/esp32s31-openvela/s31-reference/deps/esp-hal-3rdparty/components/bootloader_support/src/bootloader_mem.c.o
[140/1490] Building C object arch/CMakeFiles/arch.dir/home/regex/work/esp32s31-openvela/s31-reference/deps/esp-hal-3rdparty/components/upper_hal_dma/src/gdma.c.o
[141/1490] Building C object arch/CMakeFiles/arch.dir/home/regex/work/esp32s31-openvela/s31-reference/deps/esp-hal-3rdparty/components/bootloader_support/src/esp32s31/bootloader_esp32s31.c.o
[142/1490] Building C object arch/CMakeFiles/arch.dir/risc-v/src/esp32s31/hal_backports/bootloader_random_esp32s31.c.o
[143/1490] Building C object arch/CMakeFiles/arch.dir/home/regex/work/esp32s31-openvela/s31-reference/deps/esp-hal-3rdparty/components/bootloader_support/bootloader_flash/src/bootloader_flash.c.o
[144/1490] Building C object arch/CMakeFiles/arch.dir/home/regex/work/esp32s31-openvela/s31-reference/deps/esp-hal-3rdparty/components/bootloader_support/src/bootloader_reset_common.c.o
[145/1490] Building C object arch/CMakeFiles/arch.dir/home/regex/work/esp32s31-openvela/s31-reference/deps/esp-hal-3rdparty/nuttx/src/bootloader_banner_wrap.c.o
[146/1490] Building C object arch/CMakeFiles/arch.dir/home/regex/work/esp32s31-openvela/s31-reference/deps/esp-hal-3rdparty/components/bootloader_support/src/bootloader_sha.c.o
[147/1490] Building C object arch/CMakeFiles/arch.dir/home/regex/work/esp32s31-openvela/s31-reference/deps/esp-hal-3rdparty/components/bootloader_support/src/bootloader_console_loader.c.o
[148/1490] Building C object arch/CMakeFiles/arch.dir/home/regex/work/esp32s31-openvela/s31-reference/deps/esp-hal-3rdparty/components/efuse/src/esp_efuse_fields.c.o
[149/1490] Building C object arch/CMakeFiles/arch.dir/home/regex/work/esp32s31-openvela/s31-reference/deps/esp-hal-3rdparty/components/bootloader_support/src/bootloader_common_loader.c.o
[150/1490] Building C object arch/CMakeFiles/arch.dir/home/regex/work/esp32s31-openvela/s31-reference/deps/esp-hal-3rdparty/components/bootloader_support/bootloader_flash/src/bootloader_flash_config_esp32s31.c.o
[151/1490] Building C object arch/CMakeFiles/arch.dir/home/regex/work/esp32s31-openvela/s31-reference/deps/esp-hal-3rdparty/components/bootloader_support/src/bootloader_random.c.o
[152/1490] Building C object arch/CMakeFiles/arch.dir/home/regex/work/esp32s31-openvela/s31-reference/deps/esp-hal-3rdparty/components/bootloader_support/src/bootloader_console.c.o
[153/1490] Building C object arch/CMakeFiles/arch.dir/home/regex/work/esp32s31-openvela/s31-reference/deps/esp-hal-3rdparty/components/esp_psram/device/esp_psram_impl_ap_hex.c.o
[154/1490] Building C object arch/CMakeFiles/arch.dir/home/regex/work/esp32s31-openvela/s31-reference/deps/esp-hal-3rdparty/components/esp_hal_i2c/esp32s31/i2c_periph.c.o
[155/1490] Building ASM object arch/CMakeFiles/arch.dir/risc-v/src/common/espressif/esp_head.S.o
[156/1490] Building C object arch/CMakeFiles/arch.dir/home/regex/work/esp32s31-openvela/s31-reference/deps/esp-hal-3rdparty/components/esp_hw_support/mspi/mspi_timing_tuning/port/esp32s31/mspi_timing_config.c.o
[157/1490] Building ASM object arch/CMakeFiles/arch.dir/risc-v/src/common/espressif/esp_vectors.S.o
[158/1490] Building C object arch/CMakeFiles/arch.dir/home/regex/work/esp32s31-openvela/s31-reference/deps/esp-hal-3rdparty/components/esp_hal_i2c/i2c_hal_iram.c.o
[159/1490] Building C object arch/CMakeFiles/arch.dir/home/regex/work/esp32s31-openvela/s31-reference/deps/esp-hal-3rdparty/components/esp_psram/system_layer/esp_psram_mspi.c.o
[160/1490] Building C object arch/CMakeFiles/arch.dir/home/regex/work/esp32s31-openvela/s31-reference/deps/esp-hal-3rdparty/components/esp_hal_i2c/i2c_hal.c.o
[161/1490] Building C object arch/CMakeFiles/arch.dir/home/regex/work/esp32s31-openvela/s31-reference/deps/esp-hal-3rdparty/components/bootloader_support/src/bootloader_common.c.o
[162/1490] Building C object arch/CMakeFiles/arch.dir/risc-v/src/common/espressif/esp_idle.c.o
[163/1490] Building C object arch/CMakeFiles/arch.dir/risc-v/src/common/espressif/esp_allocateheap.c.o
[164/1490] Building C object arch/CMakeFiles/arch.dir/home/regex/work/esp32s31-openvela/s31-reference/deps/esp-hal-3rdparty/components/esp_psram/system_layer/esp_psram.c.o
[165/1490] Building C object arch/CMakeFiles/arch.dir/risc-v/src/common/espressif/esp_rtc_gpio.c.o
[166/1490] Building C object arch/CMakeFiles/arch.dir/home/regex/work/esp32s31-openvela/s31-reference/deps/esp-hal-3rdparty/components/esp_hw_support/mspi/mspi_timing_tuning/tuning_scheme_impl/mspi_timing_by_dqs.c.o
[167/1490] Building C object arch/CMakeFiles/arch.dir/risc-v/src/common/espressif/esp_gpio.c.o
[168/1490] Building C object arch/CMakeFiles/arch.dir/risc-v/src/common/espressif/esp_irq.c.o
[169/1490] Building C object arch/CMakeFiles/arch.dir/risc-v/src/common/espressif/esp_systemreset.c.o
[170/1490] Building C object arch/CMakeFiles/arch.dir/risc-v/src/common/espressif/esp_lowputc.c.o
[171/1490] Building C object arch/CMakeFiles/arch.dir/risc-v/src/common/espressif/esp_random.c.o
[172/1490] Building ASM object arch/CMakeFiles/arch.dir/risc-v/src/common/riscv_saveusercontext.S.o
[173/1490] Building C object arch/CMakeFiles/arch.dir/risc-v/src/common/espressif/esp_timerisr.c.o
[174/1490] Building C object arch/CMakeFiles/arch.dir/risc-v/src/common/espressif/esp_libc_stubs.c.o
[175/1490] Building C object arch/CMakeFiles/arch.dir/risc-v/src/common/riscv_cpuidlestack.c.o
[176/1490] Building C object arch/CMakeFiles/arch.dir/risc-v/src/common/espressif/esp_serial.c.o
[177/1490] Building C object arch/CMakeFiles/arch.dir/risc-v/src/common/riscv_allocateheap.c.o
[178/1490] Building C object arch/CMakeFiles/arch.dir/risc-v/src/common/riscv_cpuinfo.c.o
[179/1490] Building C object arch/CMakeFiles/arch.dir/risc-v/src/common/espressif/esp_start.c.o
[180/1490] Building C object arch/CMakeFiles/arch.dir/risc-v/src/common/riscv_createstack.c.o
[181/1490] Building C object arch/CMakeFiles/arch.dir/risc-v/src/esp32s31/esp_chip_rev.c.o
[182/1490] Building C object arch/CMakeFiles/arch.dir/home/regex/work/esp32s31-openvela/s31-reference/deps/esp-hal-3rdparty/components/esp_hal_i2s/i2s_hal.c.o
[183/1490] Building C object arch/CMakeFiles/arch.dir/risc-v/src/common/riscv_doirq.c.o
[184/1490] Building C object arch/CMakeFiles/arch.dir/risc-v/src/common/espressif/esp_ets_timer_legacy.c.o
[185/1490] Building ASM object arch/CMakeFiles/arch.dir/risc-v/src/common/riscv_exception_common.S.o
[186/1490] Building C object arch/CMakeFiles/arch.dir/risc-v/src/common/espressif/esp_rtc.c.o
[187/1490] Building C object arch/CMakeFiles/arch.dir/risc-v/src/common/riscv_exception.c.o
[188/1490] Building ASM object arch/CMakeFiles/arch.dir/risc-v/src/common/riscv_mhartid.S.o
[189/1490] Building C object arch/CMakeFiles/arch.dir/risc-v/src/esp32s31/esp32s31_heap.c.o
[190/1490] Building C object arch/CMakeFiles/arch.dir/risc-v/src/common/espressif/esp_hr_timer.c.o
[191/1490] Building C object arch/CMakeFiles/arch.dir/risc-v/src/esp32s31/esp32s31_rtc_periodic.c.o
[192/1490] Building C object arch/CMakeFiles/arch.dir/risc-v/src/common/riscv_initialstate.c.o
[193/1490] Building C object arch/CMakeFiles/arch.dir/risc-v/src/common/riscv_nputs.c.o
[194/1490] Building C object arch/CMakeFiles/arch.dir/risc-v/src/common/riscv_modifyreg32.c.o
[195/1490] Building C object arch/CMakeFiles/arch.dir/risc-v/src/common/riscv_registerdump.c.o
[196/1490] Building C object arch/CMakeFiles/arch.dir/risc-v/src/common/riscv_tcbinfo.c.o
[197/1490] Building C object arch/CMakeFiles/arch.dir/risc-v/src/common/riscv_releasestack.c.o
[198/1490] Building C object arch/CMakeFiles/arch.dir/risc-v/src/common/espressif/esp_i2c.c.o
[199/1490] Building C object arch/CMakeFiles/arch.dir/risc-v/src/common/riscv_getintstack.c.o
[200/1490] Building C object arch/CMakeFiles/arch.dir/risc-v/src/common/riscv_stackframe.c.o
[201/1490] Building C object arch/CMakeFiles/arch.dir/risc-v/src/common/riscv_exit.c.o
[202/1490] Building C object arch/CMakeFiles/arch.dir/risc-v/src/common/riscv_initialize.c.o
[203/1490] Building ASM object arch/CMakeFiles/arch.dir/risc-v/src/common/fork.S.o
[204/1490] Building C object arch/CMakeFiles/arch.dir/risc-v/src/common/riscv_getnewintctx.c.o
[205/1490] Building ASM object arch/CMakeFiles/arch.dir/risc-v/src/common/riscv_fpu.S.o
[206/1490] Building C object arch/CMakeFiles/arch.dir/risc-v/src/esp32s31/esp32s31_i2s_duplex.c.o
[207/1490] Building C object arch/CMakeFiles/arch.dir/risc-v/src/common/riscv_idle.c.o
[208/1490] Building C object arch/CMakeFiles/arch.dir/risc-v/src/common/riscv_swint.c.o
[209/1490] Building C object arch/CMakeFiles/arch.dir/risc-v/src/common/riscv_mdelay.c.o
[210/1490] Building C object arch/CMakeFiles/arch.dir/risc-v/src/common/riscv_udelay.c.o
[211/1490] Building C object arch/CMakeFiles/arch.dir/risc-v/src/common/riscv_fpucmp.c.o
[212/1490] Building C object arch/CMakeFiles/arch.dir/risc-v/src/common/riscv_switchcontext.c.o
[213/1490] Building C object arch/CMakeFiles/arch.dir/risc-v/src/common/riscv_fork.c.o
[214/1490] Building C object arch/CMakeFiles/arch.dir/risc-v/src/common/riscv_usestack.c.o
[215/1490] Building C object arch/CMakeFiles/arch.dir/risc-v/src/common/riscv_schedulesigaction.c.o
[216/1490] Building C object binfmt/CMakeFiles/binfmt.dir/binfmt_globals.c.o
[217/1490] Building C object arch/CMakeFiles/arch.dir/risc-v/src/common/riscv_sigdeliver.c.o
[218/1490] Building C object binfmt/CMakeFiles/binfmt.dir/binfmt_initialize.c.o
[219/1490] Building C object binfmt/CMakeFiles/binfmt.dir/binfmt_register.c.o
[220/1490] Building C object binfmt/CMakeFiles/binfmt.dir/binfmt_loadmodule.c.o
[221/1490] Building C object binfmt/CMakeFiles/binfmt.dir/binfmt_unloadmodule.c.o
[222/1490] Building C object binfmt/CMakeFiles/binfmt.dir/binfmt_unregister.c.o
[223/1490] Building C object arch/CMakeFiles/arch.dir/risc-v/src/common/riscv_pmp.c.o
[224/1490] Building C object audio/CMakeFiles/audio.dir/pcm_decode.c.o
[225/1490] Building C object binfmt/CMakeFiles/binfmt.dir/binfmt_copyargv.c.o
[226/1490] Building C object binfmt/CMakeFiles/binfmt.dir/binfmt_execmodule.c.o
[227/1490] Building C object binfmt/CMakeFiles/binfmt.dir/binfmt_copyactions.c.o
[228/1490] Building C object binfmt/CMakeFiles/binfmt.dir/binfmt_copyattr.c.o
[229/1490] Building C object binfmt/CMakeFiles/binfmt.dir/binfmt_exec.c.o
[230/1490] Building C object binfmt/CMakeFiles/binfmt.dir/binfmt_dumpmodule.c.o
[231/1490] Building C object binfmt/CMakeFiles/binfmt.dir/binfmt_execsymtab.c.o
[232/1490] Building C object binfmt/CMakeFiles/binfmt.dir/builtin.c.o
[233/1490] Building C object drivers/CMakeFiles/drivers.dir/bch/bchlib_teardown.c.o
[234/1490] Building C object drivers/CMakeFiles/drivers.dir/bch/bchlib_setup.c.o
[235/1490] Linking C static library binfmt/libbinfmt.a
[236/1490] Building C object audio/CMakeFiles/audio.dir/audio.c.o
[237/1490] Linking C static library audio/libaudio.a
[238/1490] Building C object drivers/CMakeFiles/drivers.dir/bch/bchlib_read.c.o
[239/1490] Building C object drivers/CMakeFiles/drivers.dir/bch/bchlib_write.c.o
[240/1490] Building C object drivers/CMakeFiles/drivers.dir/bch/bchlib_cache.c.o
[241/1490] Building C object drivers/CMakeFiles/drivers.dir/bch/bchdev_register.c.o
[242/1490] Building C object drivers/CMakeFiles/drivers.dir/bch/bchdev_unregister.c.o
[243/1490] Building C object drivers/CMakeFiles/drivers.dir/i2c/i2c_read.c.o
[244/1490] Linking C static library arch/libarch.a
[245/1490] Building C object drivers/CMakeFiles/drivers.dir/i2c/i2c_write.c.o
[246/1490] Building C object drivers/CMakeFiles/drivers.dir/i2c/i2c_writeread.c.o
[247/1490] Building C object drivers/CMakeFiles/drivers.dir/misc/dev_null.c.o
[248/1490] Building C object drivers/CMakeFiles/drivers.dir/misc/dev_zero.c.o
[249/1490] Building C object drivers/CMakeFiles/drivers.dir/misc/mkrd.c.o
[250/1490] Building C object drivers/CMakeFiles/drivers.dir/loop/losetup.c.o
[251/1490] Building C object drivers/CMakeFiles/drivers.dir/misc/ramdisk.c.o
[252/1490] Building C object drivers/CMakeFiles/drivers.dir/pipes/fifo.c.o
[253/1490] Building C object drivers/CMakeFiles/drivers.dir/bch/bchdev_driver.c.o
[254/1490] Building C object drivers/CMakeFiles/drivers.dir/pipes/pipe.c.o
[255/1490] Building C object drivers/CMakeFiles/drivers.dir/syslog/syslog_initialize.c.o
[256/1490] Building C object drivers/CMakeFiles/drivers.dir/syslog/setlogmask.c.o
[257/1490] Building C object drivers/CMakeFiles/drivers.dir/serial/serial_io.c.o
[258/1490] Building C object drivers/CMakeFiles/drivers.dir/syslog/vsyslog.c.o
[259/1490] Building C object drivers/CMakeFiles/drivers.dir/misc/rwbuffer.c.o
[260/1490] Building C object drivers/CMakeFiles/drivers.dir/syslog/syslog_channel.c.o
[261/1490] Building C object drivers/CMakeFiles/drivers.dir/syslog/syslog_flush.c.o
[262/1490] Building C object drivers/CMakeFiles/drivers.dir/syslog/syslog_write.c.o
[263/1490] Building C object libs/libc/CMakeFiles/c.dir/signal/sig_killpg.c.o
[264/1490] Building C object drivers/CMakeFiles/drivers.dir/audio/es8311.c.o
In file included from /home/regex/work/esp32s31-openvela/openvela-dev/nuttx/include/debug.h:44,
                 from /home/regex/work/esp32s31-openvela/openvela-dev/nuttx/drivers/audio/es8311.c:34:
/home/regex/work/esp32s31-openvela/openvela-dev/nuttx/drivers/audio/es8311.c: In function 'es8311_getcoeff':
/home/regex/work/esp32s31-openvela/openvela-dev/nuttx/drivers/audio/es8311.c:554:19: warning: format '%d' expects argument of type 'int', but argument 3 has type 'uint32_t' {aka 'long unsigned int'} [-Wformat=]
  554 |           audinfo("MCLK: %d, samplerate: %d\n", priv->mclk, samplerate);
      |                   ^~~~~~~~~~~~~~~~~~~~~~~~~~~~  ~~~~~~~~~~
      |                                                     |
      |                                                     uint32_t {aka long unsigned int}
/home/regex/work/esp32s31-openvela/openvela-dev/nuttx/drivers/audio/es8311.c:554:27: note: format string is defined here
  554 |           audinfo("MCLK: %d, samplerate: %d\n", priv->mclk, samplerate);
      |                          ~^
      |                           |
      |                           int
      |                          %ld
/home/regex/work/esp32s31-openvela/openvela-dev/nuttx/drivers/audio/es8311.c:554:19: warning: format '%d' expects argument of type 'int', but argument 4 has type 'uint32_t' {aka 'long unsigned int'} [-Wformat=]
  554 |           audinfo("MCLK: %d, samplerate: %d\n", priv->mclk, samplerate);
      |                   ^~~~~~~~~~~~~~~~~~~~~~~~~~~~              ~~~~~~~~~~
      |                                                             |
      |                                                             uint32_t {aka long unsigned int}
/home/regex/work/esp32s31-openvela/openvela-dev/nuttx/drivers/audio/es8311.c:554:43: note: format string is defined here
  554 |           audinfo("MCLK: %d, samplerate: %d\n", priv->mclk, samplerate);
      |                                          ~^
      |                                           |
      |                                           int
      |                                          %ld
/home/regex/work/esp32s31-openvela/openvela-dev/nuttx/drivers/audio/es8311.c:559:10: warning: format '%d' expects argument of type 'int', but argument 3 has type 'uint32_t' {aka 'long unsigned int'} [-Wformat=]
  559 |   auderr("MCLK = %d and samplerate = %d not supported.\n",
      |          ^~~~~~~~~~~~~~~~~~~~~~~~~~~~~~~~~~~~~~~~~~~~~~~~
  560 |          priv->mclk, samplerate);
      |          ~~~~~~~~~~
      |              |
      |              uint32_t {aka long unsigned int}
/home/regex/work/esp32s31-openvela/openvela-dev/nuttx/drivers/audio/es8311.c:559:19: note: format string is defined here
  559 |   auderr("MCLK = %d and samplerate = %d not supported.\n",
      |                  ~^
      |                   |
      |                   int
      |                  %ld
/home/regex/work/esp32s31-openvela/openvela-dev/nuttx/drivers/audio/es8311.c:559:10: warning: format '%d' expects argument of type 'int', but argument 4 has type 'uint32_t' {aka 'long unsigned int'} [-Wformat=]
  559 |   auderr("MCLK = %d and samplerate = %d not supported.\n",
      |          ^~~~~~~~~~~~~~~~~~~~~~~~~~~~~~~~~~~~~~~~~~~~~~~~
  560 |          priv->mclk, samplerate);
      |                      ~~~~~~~~~~
      |                      |
      |                      uint32_t {aka long unsigned int}
/home/regex/work/esp32s31-openvela/openvela-dev/nuttx/drivers/audio/es8311.c:559:39: note: format string is defined here
  559 |   auderr("MCLK = %d and samplerate = %d not supported.\n",
      |                                      ~^
      |                                       |
      |                                       int
      |                                      %ld
/home/regex/work/esp32s31-openvela/openvela-dev/nuttx/drivers/audio/es8311.c: In function 'es8311_setsamplerate':
/home/regex/work/esp32s31-openvela/openvela-dev/nuttx/drivers/audio/es8311.c:850:15: warning: format '%d' expects argument of type 'int', but argument 3 has type 'uint32_t' {aka 'long unsigned int'} [-Wformat=]
  850 |       audinfo("Sample rate set to: %d.\n", priv->samprate);
      |               ^~~~~~~~~~~~~~~~~~~~~~~~~~~  ~~~~~~~~~~~~~~
      |                                                |
      |                                                uint32_t {aka long unsigned int}
/home/regex/work/esp32s31-openvela/openvela-dev/nuttx/drivers/audio/es8311.c:850:37: note: format string is defined here
  850 |       audinfo("Sample rate set to: %d.\n", priv->samprate);
      |                                    ~^
      |                                     |
      |                                     int
      |                                    %ld
[265/1490] Building C object libs/libc/CMakeFiles/c.dir/assert/lib_assert.c.o
[266/1490] Building C object libs/libc/CMakeFiles/c.dir/signal/sig_longjmp.c.o
[267/1490] Building C object drivers/CMakeFiles/drivers.dir/drivers_initialize.c.o
[268/1490] Building C object drivers/CMakeFiles/drivers.dir/pipes/pipe_common.c.o
[269/1490] Building C object libs/libc/CMakeFiles/c.dir/signal/sig_orset.c.o
[270/1490] Building C object libs/libc/CMakeFiles/c.dir/signal/sig_nandset.c.o
[271/1490] Building C object libs/libc/CMakeFiles/c.dir/signal/sig_pause.c.o
[272/1490] Building C object fs/CMakeFiles/fs.dir/fs_heap.c.o
[273/1490] Building C object libs/libc/CMakeFiles/c.dir/signal/sig_psignal.c.o
[274/1490] Building C object fs/CMakeFiles/fs.dir/fs_initialize.c.o
[275/1490] Building C object fs/CMakeFiles/fs.dir/driver/fs_registerdriver.c.o
[276/1490] Building C object fs/CMakeFiles/fs.dir/driver/fs_unregisterdriver.c.o
[277/1490] Building C object drivers/CMakeFiles/drivers.dir/timers/rtc.c.o
[278/1490] Building C object fs/CMakeFiles/fs.dir/driver/fs_unregisterpipedriver.c.o
[279/1490] Building C object fs/CMakeFiles/fs.dir/driver/fs_registerpipedriver.c.o
[280/1490] Building C object fs/CMakeFiles/fs.dir/driver/fs_registerblockdriver.c.o
[281/1490] Building C object fs/CMakeFiles/fs.dir/driver/fs_unregisterblockdriver.c.o
[282/1490] Building C object fs/CMakeFiles/fs.dir/driver/fs_findblockdriver.c.o
[283/1490] Building C object fs/CMakeFiles/fs.dir/driver/fs_openblockdriver.c.o
[284/1490] Building C object fs/CMakeFiles/fs.dir/driver/fs_closeblockdriver.c.o
[285/1490] Building C object fs/CMakeFiles/fs.dir/driver/fs_findmtddriver.c.o
[286/1490] Building C object fs/CMakeFiles/fs.dir/driver/fs_closemtddriver.c.o
[287/1490] Building C object fs/CMakeFiles/fs.dir/driver/fs_blockpartition.c.o
[288/1490] Building C object drivers/CMakeFiles/drivers.dir/serial/serial.c.o
[289/1490] Building C object fs/CMakeFiles/fs.dir/inode/fs_foreachinode.c.o
[290/1490] Building C object fs/CMakeFiles/fs.dir/driver/fs_blockmerge.c.o
[291/1490] Building C object fs/CMakeFiles/fs.dir/driver/fs_blockproxy.c.o
[292/1490] Building C object fs/CMakeFiles/fs.dir/inode/fs_inode.c.o
[293/1490] Building C object fs/CMakeFiles/fs.dir/inode/fs_inodeaddref.c.o
[294/1490] Linking C static library drivers/libdrivers.a
[295/1490] Building C object fs/CMakeFiles/fs.dir/inode/fs_inodebasename.c.o
[296/1490] Building C object fs/CMakeFiles/fs.dir/inode/fs_inodefind.c.o
[297/1490] Building C object fs/CMakeFiles/fs.dir/inode/fs_inodefree.c.o
[298/1490] Building C object fs/CMakeFiles/fs.dir/inode/fs_inodegetpath.c.o
[299/1490] Building C object fs/CMakeFiles/fs.dir/inode/fs_inoderelease.c.o
[300/1490] Building C object fs/CMakeFiles/fs.dir/inode/fs_inoderemove.c.o
[301/1490] Building C object fs/CMakeFiles/fs.dir/inode/fs_files.c.o
[302/1490] Building C object fs/CMakeFiles/fs.dir/inode/fs_inodereserve.c.o
[303/1490] Building C object fs/CMakeFiles/fs.dir/mmap/fs_mmisc.c.o
[304/1490] Building C object fs/CMakeFiles/fs.dir/inode/fs_inodesearch.c.o
[305/1490] Building C object fs/CMakeFiles/fs.dir/mmap/fs_munmap.c.o
[306/1490] Building C object fs/CMakeFiles/fs.dir/mmap/fs_msync.c.o
[307/1490] Building C object fs/CMakeFiles/fs.dir/mmap/fs_mmap.c.o
[308/1490] Building C object fs/CMakeFiles/fs.dir/mmap/fs_anonmap.c.o
[309/1490] Building C object fs/CMakeFiles/fs.dir/mount/fs_gettype.c.o
[310/1490] Building C object fs/CMakeFiles/fs.dir/mount/fs_foreachmountpoint.c.o
[311/1490] Building C object fs/CMakeFiles/fs.dir/mount/fs_umount2.c.o
[312/1490] Building C object fs/CMakeFiles/fs.dir/mount/fs_mount.c.o
[313/1490] Building C object fs/CMakeFiles/fs.dir/mqueue/mq_close.c.o
[314/1490] Building C object fs/CMakeFiles/fs.dir/mount/fs_procfs_mount.c.o
[315/1490] Building C object fs/CMakeFiles/fs.dir/mqueue/mq_unlink.c.o
[316/1490] Building C object fs/CMakeFiles/fs.dir/procfs/fs_procfscpuload.c.o
[317/1490] Building C object fs/CMakeFiles/fs.dir/partition/fs_partition.c.o
[318/1490] Building C object fs/CMakeFiles/fs.dir/procfs/fs_procfscritmon.c.o
[319/1490] Building C object fs/CMakeFiles/fs.dir/mqueue/mq_open.c.o
[320/1490] Building C object fs/CMakeFiles/fs.dir/procfs/fs_procfscpuinfo.c.o
[321/1490] Building C object fs/CMakeFiles/fs.dir/procfs/fs_procfsfdt.c.o
[322/1490] Building C object fs/CMakeFiles/fs.dir/procfs/fs_procfsiobinfo.c.o
[323/1490] Building C object fs/CMakeFiles/fs.dir/procfs/fs_procfsutil.c.o
[324/1490] Building C object fs/CMakeFiles/fs.dir/procfs/fs_procfstcbinfo.c.o
[325/1490] Building C object fs/CMakeFiles/fs.dir/procfs/fs_procfsuptime.c.o
[326/1490] Building C object fs/CMakeFiles/fs.dir/procfs/fs_procfsmeminfo.c.o
[327/1490] Building C object fs/CMakeFiles/fs.dir/procfs/fs_procfsversion.c.o
[328/1490] Building C object fs/CMakeFiles/fs.dir/procfs/fs_procfs.c.o
[329/1490] Building C object fs/CMakeFiles/fs.dir/socket/socket.c.o
[330/1490] Building C object fs/CMakeFiles/fs.dir/socket/accept.c.o
[331/1490] Building C object fs/CMakeFiles/fs.dir/socket/socketpair.c.o
[332/1490] Building C object fs/CMakeFiles/fs.dir/vfs/fs_close.c.o
[333/1490] Building C object fs/CMakeFiles/fs.dir/vfs/fs_dup.c.o
[334/1490] Building C object fs/CMakeFiles/fs.dir/vfs/fs_chstat.c.o
[335/1490] Building C object fs/CMakeFiles/fs.dir/procfs/fs_procfsproc.c.o
[336/1490] Building C object fs/CMakeFiles/fs.dir/vfs/fs_dup3.c.o
[337/1490] Building C object fs/CMakeFiles/fs.dir/vfs/fs_dup2.c.o
[338/1490] Building C object fs/CMakeFiles/fs.dir/vfs/fs_fcntl.c.o
[339/1490] Building C object fs/CMakeFiles/fs.dir/vfs/fs_fstatfs.c.o
[340/1490] Building C object fs/CMakeFiles/fs.dir/vfs/fs_fchstat.c.o
[341/1490] Building C object fs/CMakeFiles/fs.dir/vfs/fs_fstat.c.o
[342/1490] Building C object fs/CMakeFiles/fs.dir/vfs/fs_lseek.c.o
[343/1490] Building C object fs/CMakeFiles/fs.dir/vfs/fs_ioctl.c.o
[344/1490] Building C object fs/CMakeFiles/fs.dir/vfs/fs_mkdir.c.o
[345/1490] Building C object fs/CMakeFiles/fs.dir/vfs/fs_pread.c.o
[346/1490] Building C object fs/CMakeFiles/fs.dir/vfs/fs_pwrite.c.o
[347/1490] Building C object fs/CMakeFiles/fs.dir/vfs/fs_open.c.o
[348/1490] Building C object fs/CMakeFiles/fs.dir/vfs/fs_read.c.o
[349/1490] Building C object fs/CMakeFiles/fs.dir/vfs/fs_rename.c.o
[350/1490] Building C object fs/CMakeFiles/fs.dir/vfs/fs_poll.c.o
[351/1490] Building C object fs/CMakeFiles/fs.dir/vfs/fs_rmdir.c.o
[352/1490] Building C object fs/CMakeFiles/fs.dir/vfs/fs_stat.c.o
[353/1490] Building C object fs/CMakeFiles/fs.dir/vfs/fs_sendfile.c.o
[354/1490] Building C object fs/CMakeFiles/fs.dir/vfs/fs_select.c.o
[355/1490] Building C object fs/CMakeFiles/fs.dir/vfs/fs_statfs.c.o
[356/1490] Building C object fs/CMakeFiles/fs.dir/vfs/fs_unlink.c.o
[357/1490] Building C object fs/CMakeFiles/fs.dir/vfs/fs_uio.c.o
[358/1490] Building C object fs/CMakeFiles/fs.dir/vfs/fs_epoll.c.o
[359/1490] Building C object fs/CMakeFiles/fs.dir/vfs/fs_fsync.c.o
[360/1490] Building C object fs/CMakeFiles/fs.dir/vfs/fs_syncfs.c.o
[361/1490] Building C object fs/CMakeFiles/fs.dir/vfs/fs_write.c.o
[362/1490] Building C object fs/CMakeFiles/fs.dir/vfs/fs_link.c.o
[363/1490] Building C object fs/CMakeFiles/fs.dir/vfs/fs_truncate.c.o
[364/1490] Building C object fs/CMakeFiles/fs.dir/vfs/fs_dir.c.o
[365/1490] Building C object fs/CMakeFiles/fs.dir/vfs/fs_symlink.c.o
[366/1490] Building C object fs/CMakeFiles/fs.dir/vfs/fs_readlink.c.o
[367/1490] Building C object libs/libc/CMakeFiles/c.dir/assert/lib_stackchk.c.o
[368/1490] Building C object libs/libc/CMakeFiles/c.dir/builtin/lib_builtin_getname.c.o
[369/1490] Building C object libs/libc/CMakeFiles/c.dir/builtin/lib_builtin_isavail.c.o
[370/1490] Building C object libs/libc/CMakeFiles/c.dir/builtin/lib_builtin_forindex.c.o
[371/1490] Building C object libs/libc/CMakeFiles/c.dir/ctype/lib_isalnum.c.o
[372/1490] Building C object libs/libc/CMakeFiles/c.dir/ctype/lib_isalpha.c.o
[373/1490] Building C object libs/libc/CMakeFiles/c.dir/ctype/lib_isascii.c.o
[374/1490] Building C object libs/libc/CMakeFiles/c.dir/ctype/lib_isblank.c.o
[375/1490] Building C object libs/libc/CMakeFiles/c.dir/ctype/lib_iscntrl.c.o
[376/1490] Building C object libs/libc/CMakeFiles/c.dir/audio/lib_buffer.c.o
[377/1490] Building C object libs/libc/CMakeFiles/c.dir/ctype/lib_isdigit.c.o
[378/1490] Building C object libs/libc/CMakeFiles/c.dir/ctype/lib_isgraph.c.o
[379/1490] Building C object libs/libc/CMakeFiles/c.dir/ctype/lib_islower.c.o
[380/1490] Building C object libs/libc/CMakeFiles/c.dir/ctype/lib_isprint.c.o
[381/1490] Building C object libs/libc/CMakeFiles/c.dir/ctype/lib_isupper.c.o
[382/1490] Building C object libs/libc/CMakeFiles/c.dir/ctype/lib_ispunct.c.o
[383/1490] Building C object libs/libc/CMakeFiles/c.dir/ctype/lib_isspace.c.o
[384/1490] Building C object libs/libc/CMakeFiles/c.dir/ctype/lib_isxdigit.c.o
[385/1490] Building C object libs/libc/CMakeFiles/c.dir/ctype/lib_ctype.c.o
[386/1490] Building C object libs/libc/CMakeFiles/c.dir/ctype/lib_tolower.c.o
[387/1490] Building C object libs/libc/CMakeFiles/c.dir/ctype/lib_toupper.c.o
[388/1490] Building C object libs/libc/CMakeFiles/c.dir/dirent/lib_alphasort.c.o
[389/1490] Building C object libs/libc/CMakeFiles/c.dir/dirent/lib_readdirr.c.o
[390/1490] Building C object libs/libc/CMakeFiles/c.dir/dirent/lib_telldir.c.o
[391/1490] Building C object libs/libc/CMakeFiles/c.dir/dirent/lib_ftw.c.o
[392/1490] Building C object fs/CMakeFiles/fs.dir/vfs/fs_eventfd.c.o
[393/1490] Building C object libs/libc/CMakeFiles/c.dir/dirent/lib_opendir.c.o
[394/1490] Building C object libs/libc/CMakeFiles/c.dir/dirent/lib_scandir.c.o
[395/1490] Building C object libs/libc/CMakeFiles/c.dir/dirent/lib_fdopendir.c.o
[396/1490] Building C object libs/libc/CMakeFiles/c.dir/dirent/lib_closedir.c.o
[397/1490] Building C object libs/libc/CMakeFiles/c.dir/dirent/lib_dirfd.c.o
[398/1490] Building C object libs/libc/CMakeFiles/c.dir/dirent/lib_readdir.c.o
[399/1490] Building C object libs/libc/CMakeFiles/c.dir/dirent/lib_rewinddir.c.o
[400/1490] Building C object libs/libc/CMakeFiles/c.dir/dirent/lib_nftw.c.o
[401/1490] Building C object libs/libc/CMakeFiles/c.dir/dirent/lib_versionsort.c.o
[402/1490] Building C object libs/libc/CMakeFiles/c.dir/dirent/lib_seekdir.c.o
[403/1490] Building C object libs/libc/CMakeFiles/c.dir/dlfcn/lib_dlfind_object.c.o
[404/1490] Building C object libs/libc/CMakeFiles/c.dir/environ/env_getenvironptr.c.o
[405/1490] Building C object libs/libc/CMakeFiles/c.dir/environ/env_release.c.o
[406/1490] Building C object libs/libc/CMakeFiles/c.dir/environ/env_removevar.c.o
[407/1490] Building C object libs/libc/CMakeFiles/c.dir/environ/env_findvar.c.o
[408/1490] Building C object libs/libc/CMakeFiles/c.dir/environ/env_clearenv.c.o
[409/1490] Building C object libs/libc/CMakeFiles/c.dir/environ/env_dup.c.o
[410/1490] Building C object libs/libc/CMakeFiles/c.dir/environ/env_putenv.c.o
[411/1490] Building C object fs/CMakeFiles/fs.dir/tmpfs/fs_tmpfs.c.o
[412/1490] Building C object libs/libc/CMakeFiles/c.dir/environ/env_getenv.c.o
[413/1490] Building C object libs/libc/CMakeFiles/c.dir/fixedmath/lib_fixedmath.c.o
[414/1490] Building C object libs/libc/CMakeFiles/c.dir/errno/lib_errno.c.o
[415/1490] Building C object libs/libc/CMakeFiles/c.dir/environ/env_foreach.c.o
[416/1490] Building C object libs/libc/CMakeFiles/c.dir/eventfd/lib_eventfd.c.o
[417/1490] Building C object libs/libc/CMakeFiles/c.dir/fixedmath/lib_b16cos.c.o
[418/1490] Building C object libs/libc/CMakeFiles/c.dir/environ/env_unsetenv.c.o
[419/1490] Building C object libs/libc/CMakeFiles/c.dir/environ/env_setenv.c.o
[420/1490] Building C object libs/libc/CMakeFiles/c.dir/fixedmath/lib_b16sin.c.o
[421/1490] Building C object libs/libc/CMakeFiles/c.dir/fixedmath/lib_b16atan2.c.o
[422/1490] Building C object libs/libc/CMakeFiles/c.dir/fixedmath/lib_ubsqrt.c.o
[423/1490] Building C object libs/libc/CMakeFiles/c.dir/grp/lib_getgrgidr.c.o
[424/1490] Building C object libs/libc/CMakeFiles/c.dir/grp/lib_initgroups.c.o
[425/1490] Building C object libs/libc/CMakeFiles/c.dir/grp/lib_getgrnamr.c.o
[426/1490] Linking C static library fs/libfs.a
[427/1490] Building C object libs/libc/CMakeFiles/c.dir/grp/lib_getgrgid.c.o
[428/1490] Building C object libs/libc/CMakeFiles/c.dir/grp/lib_getgrnam.c.o
[429/1490] Building C object libs/libc/CMakeFiles/c.dir/inttypes/lib_imaxabs.c.o
[430/1490] Building C object libs/libc/CMakeFiles/c.dir/grp/lib_getgrbufr.c.o
[431/1490] Building C object libs/libc/CMakeFiles/c.dir/inttypes/lib_imaxdiv.c.o
[432/1490] Building ASM object libs/libc/CMakeFiles/c.dir/machine/risc-v/arch_setjmp.S.o
[433/1490] Building C object libs/libc/CMakeFiles/c.dir/grp/lib_getgrbuf.c.o
[434/1490] Building C object libs/libc/CMakeFiles/c.dir/libgen/lib_basename.c.o
[435/1490] Building C object libs/libc/CMakeFiles/c.dir/inttypes/lib_strtoimax.c.o
[436/1490] Building C object libs/libc/CMakeFiles/c.dir/libgen/lib_dirname.c.o
[437/1490] Building C object libs/libc/CMakeFiles/c.dir/inttypes/lib_strtoumax.c.o
[438/1490] Building C object libs/libc/CMakeFiles/c.dir/misc/lib_creat.c.o
[439/1490] Building C object libs/libc/CMakeFiles/c.dir/misc/lib_xorshift128.c.o
[440/1490] Building C object libs/libc/CMakeFiles/c.dir/misc/lib_umask.c.o
[441/1490] Building C object libs/libc/CMakeFiles/c.dir/misc/lib_utsname.c.o
[442/1490] Building C object libs/libc/CMakeFiles/c.dir/misc/lib_bitmap.c.o
[443/1490] Building C object libs/libc/CMakeFiles/c.dir/misc/lib_tea_encrypt.c.o
[444/1490] Building C object libs/libc/CMakeFiles/c.dir/misc/lib_mknod.c.o
[445/1490] Building C object libs/libc/CMakeFiles/c.dir/misc/lib_getrandom.c.o
[446/1490] Building C object libs/libc/CMakeFiles/c.dir/misc/lib_tea_decrypt.c.o
[447/1490] Building C object libs/libc/CMakeFiles/c.dir/misc/lib_impure.c.o
[448/1490] Building C object libs/libc/CMakeFiles/c.dir/misc/lib_circbuf.c.o
[449/1490] Building C object libs/libc/CMakeFiles/c.dir/misc/lib_fchmodat.c.o
[450/1490] Building C object libs/libc/CMakeFiles/c.dir/misc/lib_cxx_initialize.c.o
[451/1490] Building C object libs/libc/CMakeFiles/c.dir/misc/lib_fstatat.c.o
[452/1490] Building C object libs/libc/CMakeFiles/c.dir/misc/lib_memfd.c.o
[453/1490] Building C object libs/libc/CMakeFiles/c.dir/misc/lib_getfullpath.c.o
[454/1490] Building C object libs/libc/CMakeFiles/c.dir/misc/lib_openat.c.o
[455/1490] Building C object libs/libc/CMakeFiles/c.dir/misc/lib_mallopt.c.o
[456/1490] Building C object libs/libc/CMakeFiles/c.dir/misc/lib_getnprocs.c.o
[457/1490] Building C object libs/libc/CMakeFiles/c.dir/misc/lib_mkdirat.c.o
[458/1490] Building C object libs/libc/CMakeFiles/c.dir/misc/lib_utimensat.c.o
[459/1490] Building C object libs/libc/CMakeFiles/c.dir/misc/lib_ratelimit.c.o
[460/1490] Building C object libs/libc/CMakeFiles/c.dir/misc/lib_sem_mutex_noinline.c.o
[461/1490] Building C object libs/libc/CMakeFiles/c.dir/misc/lib_umul64.c.o
[462/1490] Building C object libs/libc/CMakeFiles/c.dir/misc/lib_umul32.c.o
[463/1490] Building C object libs/libc/CMakeFiles/c.dir/misc/lib_umul32x64.c.o
[464/1490] Building C object libs/libc/CMakeFiles/c.dir/misc/lib_uadd32x64.c.o
[465/1490] Building C object libs/libc/CMakeFiles/c.dir/misc/lib_tempbuffer.c.o
[466/1490] Building C object libs/libc/CMakeFiles/c.dir/misc/lib_uadd64.c.o
[467/1490] Building C object libs/libc/CMakeFiles/c.dir/misc/lib_usub64.c.o
[468/1490] Building C object libs/libc/CMakeFiles/c.dir/misc/lib_usub64x32.c.o
[469/1490] Building C object libs/libc/CMakeFiles/c.dir/misc/lib_mkfifo.c.o
[470/1490] Building C object libs/libc/CMakeFiles/c.dir/misc/lib_dumpbuffer.c.o
[471/1490] Building C object libs/libc/CMakeFiles/c.dir/misc/lib_fnmatch.c.o
[472/1490] Building C object libs/libc/CMakeFiles/c.dir/misc/lib_debug.c.o
[473/1490] Building C object libs/libc/CMakeFiles/c.dir/misc/lib_crc64.c.o
[474/1490] Building C object libs/libc/CMakeFiles/c.dir/misc/lib_dumpvbuffer.c.o
[475/1490] Building C object libs/libc/CMakeFiles/c.dir/misc/lib_crc64emac.c.o
[476/1490] Building C object libs/libc/CMakeFiles/c.dir/misc/lib_crc32.c.o
[477/1490] Building C object libs/libc/CMakeFiles/c.dir/misc/lib_crc32h04c11db7.c.o
[478/1490] Building C object libs/libc/CMakeFiles/c.dir/misc/lib_idr.c.o
[479/1490] Building C object libs/libc/CMakeFiles/c.dir/misc/lib_crc32hf4acfb13.c.o
[480/1490] Building C object libs/libc/CMakeFiles/c.dir/misc/lib_crc16.c.o
[481/1490] Building C object libs/libc/CMakeFiles/c.dir/misc/lib_crc16ccitt.c.o
[482/1490] Building C object libs/libc/CMakeFiles/c.dir/misc/lib_crc16h1021.c.o
[483/1490] Building C object libs/libc/CMakeFiles/c.dir/misc/lib_crc8.c.o
[484/1490] Building C object libs/libc/CMakeFiles/c.dir/misc/lib_crc8ccitt.c.o
[485/1490] Building C object libs/libc/CMakeFiles/c.dir/misc/lib_crc16h8005.c.o
[486/1490] Building C object libs/libc/CMakeFiles/c.dir/misc/lib_crc8h1d.c.o
[487/1490] Building C object libs/libc/CMakeFiles/c.dir/misc/lib_crc8rohc.c.o
[488/1490] Building C object libs/libc/CMakeFiles/c.dir/misc/lib_crc8table.c.o
[489/1490] Building C object libs/libc/CMakeFiles/c.dir/misc/lib_crc8h2f.c.o
[490/1490] Building C object libs/libc/CMakeFiles/c.dir/misc/lib_ftok.c.o
[491/1490] Building C object libs/libc/CMakeFiles/c.dir/net/lib_addrconfig.c.o
[492/1490] Building C object libs/libc/CMakeFiles/c.dir/misc/lib_err.c.o
[493/1490] Building C object libs/libc/CMakeFiles/c.dir/misc/lib_instrument.c.o
[494/1490] Building C object libs/libc/CMakeFiles/c.dir/misc/lib_fdcheck.c.o
[495/1490] Building C object libs/libc/CMakeFiles/c.dir/misc/lib_backtrace.c.o
[496/1490] Building C object libs/libc/CMakeFiles/c.dir/net/lib_htons.c.o
[497/1490] Building C object libs/libc/CMakeFiles/c.dir/net/lib_htonq.c.o
[498/1490] Building C object libs/libc/CMakeFiles/c.dir/net/lib_htonl.c.o
[499/1490] Building C object libs/libc/CMakeFiles/c.dir/net/lib_base64.c.o
[500/1490] Building C object libs/libc/CMakeFiles/c.dir/net/lib_inetaddr.c.o
[501/1490] Building C object libs/libc/CMakeFiles/c.dir/net/lib_inetaton.c.o
[502/1490] Building C object libs/libc/CMakeFiles/c.dir/net/lib_inetntoa.c.o
[503/1490] Building C object libs/libc/CMakeFiles/c.dir/misc/lib_glob.c.o
[504/1490] Building C object libs/libc/CMakeFiles/c.dir/net/lib_inetntop.c.o
[505/1490] Building C object libs/libc/CMakeFiles/c.dir/net/lib_accept.c.o
[506/1490] Building C object libs/libc/CMakeFiles/c.dir/net/lib_inetpton.c.o
[507/1490] Building C object libs/libc/CMakeFiles/c.dir/net/lib_inetnetwork.c.o
[508/1490] Building C object libs/libc/CMakeFiles/c.dir/net/lib_etherntoa.c.o
[509/1490] Building C object libs/libc/CMakeFiles/c.dir/obstack/lib_obstack_init.c.o
[510/1490] Building C object libs/libc/CMakeFiles/c.dir/obstack/lib_obstack_copy.c.o
[511/1490] Building C object libs/libc/CMakeFiles/c.dir/net/lib_etheraton.c.o
[512/1490] Building C object libs/libc/CMakeFiles/c.dir/obstack/lib_obstack_alloc.c.o
[513/1490] Building C object libs/libc/CMakeFiles/c.dir/obstack/lib_obstack_free.c.o
[514/1490] Building C object libs/libc/CMakeFiles/c.dir/obstack/lib_obstack_blank.c.o
[515/1490] Building C object libs/libc/CMakeFiles/c.dir/obstack/lib_obstack_make_room.c.o
[516/1490] Building C object libs/libc/CMakeFiles/c.dir/obstack/lib_obstack_grow.c.o
[517/1490] Building C object libs/libc/CMakeFiles/c.dir/obstack/lib_obstack_object_size.c.o
[518/1490] Building C object libs/libc/CMakeFiles/c.dir/obstack/lib_obstack_finish.c.o
[519/1490] Building C object libs/libc/CMakeFiles/c.dir/obstack/lib_obstack_room.c.o
[520/1490] Building C object libs/libc/CMakeFiles/c.dir/obstack/lib_obstack_printf.c.o
[521/1490] Building C object libs/libc/CMakeFiles/c.dir/misc/lib_lrucache.c.o
[522/1490] Building C object libs/libc/CMakeFiles/c.dir/obstack/lib_obstack_vprintf.c.o
[523/1490] Building C object libs/libc/CMakeFiles/c.dir/obstack/lib_obstack_malloc.c.o
[524/1490] Building C object libs/libc/CMakeFiles/c.dir/pthread/pthread_attr_destroy.c.o
[525/1490] Building C object libs/libc/CMakeFiles/c.dir/pthread/pthread_attr_init.c.o
[526/1490] Building C object libs/libc/CMakeFiles/c.dir/pthread/pthread_attr_setschedpolicy.c.o
[527/1490] Building C object libs/libc/CMakeFiles/c.dir/pthread/pthread_attr_setinheritsched.c.o
[528/1490] Building C object libs/libc/CMakeFiles/c.dir/pthread/pthread_attr_getschedpolicy.c.o
[529/1490] Building C object libs/libc/CMakeFiles/c.dir/pthread/pthread_attr_getinheritsched.c.o
[530/1490] Building C object libs/libc/CMakeFiles/c.dir/pthread/pthread_attr_setdetachstate.c.o
[531/1490] Building C object libs/libc/CMakeFiles/c.dir/pthread/pthread_attr_getdetachstate.c.o
[532/1490] Building C object libs/libc/CMakeFiles/c.dir/pthread/pthread_attr_setstackaddr.c.o
[533/1490] Building C object libs/libc/CMakeFiles/c.dir/pthread/pthread_attr_getstackaddr.c.o
[534/1490] Building C object libs/libc/CMakeFiles/c.dir/pthread/pthread_attr_setstacksize.c.o
[535/1490] Building C object libs/libc/CMakeFiles/c.dir/pthread/pthread_attr_setstack.c.o
[536/1490] Building C object libs/libc/CMakeFiles/c.dir/pthread/pthread_attr_getstacksize.c.o
[537/1490] Building C object libs/libc/CMakeFiles/c.dir/pthread/pthread_attr_setschedparam.c.o
[538/1490] Building C object libs/libc/CMakeFiles/c.dir/pthread/pthread_attr_getstack.c.o
[539/1490] Building C object libs/libc/CMakeFiles/c.dir/pthread/pthread_attr_setscope.c.o
[540/1490] Building C object libs/libc/CMakeFiles/c.dir/pthread/pthread_attr_getscope.c.o
[541/1490] Building C object libs/libc/CMakeFiles/c.dir/pthread/pthread_attr_getschedparam.c.o
[542/1490] Building C object libs/libc/CMakeFiles/c.dir/pthread/pthread_attr_setguardsize.c.o
[543/1490] Building C object libs/libc/CMakeFiles/c.dir/pthread/pthread_attr_getguardsize.c.o
[544/1490] Building C object libs/libc/CMakeFiles/c.dir/pthread/pthread_barrierattr_init.c.o
[545/1490] Building C object libs/libc/CMakeFiles/c.dir/pthread/pthread_barrierattr_destroy.c.o
[546/1490] Building C object libs/libc/CMakeFiles/c.dir/pthread/pthread_barrierattr_getpshared.c.o
[547/1490] Building C object libs/libc/CMakeFiles/c.dir/pthread/pthread_barrierattr_setpshared.c.o
[548/1490] Building C object libs/libc/CMakeFiles/c.dir/pthread/pthread_barrierdestroy.c.o
[549/1490] Building C object libs/libc/CMakeFiles/c.dir/pthread/pthread_barrierinit.c.o
[550/1490] Building C object libs/libc/CMakeFiles/c.dir/pthread/pthread_condattr_init.c.o
[551/1490] Building C object libs/libc/CMakeFiles/c.dir/pthread/pthread_condattr_destroy.c.o
[552/1490] Building C object libs/libc/CMakeFiles/c.dir/pthread/pthread_barrierwait.c.o
[553/1490] Building C object libs/libc/CMakeFiles/c.dir/pthread/pthread_condattr_getpshared.c.o
[554/1490] Building C object libs/libc/CMakeFiles/c.dir/pthread/pthread_condattr_setpshared.c.o
[555/1490] Building C object libs/libc/CMakeFiles/c.dir/pthread/pthread_condattr_setclock.c.o
[556/1490] Building C object libs/libc/CMakeFiles/c.dir/pthread/pthread_condattr_getclock.c.o
[557/1490] Building C object libs/libc/CMakeFiles/c.dir/pthread/pthread_condbroadcast.c.o
[558/1490] Building C object libs/libc/CMakeFiles/c.dir/pthread/pthread_condinit.c.o
[559/1490] Building C object libs/libc/CMakeFiles/c.dir/pthread/pthread_conddestroy.c.o
[560/1490] Building C object libs/libc/CMakeFiles/c.dir/pthread/pthread_condclockwait.c.o
[561/1490] Building C object libs/libc/CMakeFiles/c.dir/pthread/pthread_condtimedwait.c.o
[562/1490] Building C object libs/libc/CMakeFiles/c.dir/pthread/pthread_create.c.o
[563/1490] Building C object libs/libc/CMakeFiles/c.dir/pthread/pthread_condsignal.c.o
[564/1490] Building C object libs/libc/CMakeFiles/c.dir/pthread/pthread_equal.c.o
[565/1490] Building C object libs/libc/CMakeFiles/c.dir/pthread/pthread_condwait.c.o
[566/1490] Building C object libs/libc/CMakeFiles/c.dir/pthread/pthread_exit.c.o
[567/1490] Building C object libs/libc/CMakeFiles/c.dir/pthread/pthread_kill.c.o
[568/1490] Building C object libs/libc/CMakeFiles/c.dir/pthread/pthread_setname_np.c.o
[569/1490] Building C object libs/libc/CMakeFiles/c.dir/pthread/pthread_getname_np.c.o
[570/1490] Building C object libs/libc/CMakeFiles/c.dir/pthread/pthread_get_stackaddr_np.c.o
[571/1490] Building C object libs/libc/CMakeFiles/c.dir/pthread/pthread_get_stacksize_np.c.o
[572/1490] Building C object libs/libc/CMakeFiles/c.dir/pthread/pthread_mutexattr_init.c.o
[573/1490] Building C object libs/libc/CMakeFiles/c.dir/pthread/pthread_mutexattr_destroy.c.o
[574/1490] Building C object libs/libc/CMakeFiles/c.dir/pthread/pthread_mutexattr_getpshared.c.o
[575/1490] Building C object libs/libc/CMakeFiles/c.dir/pthread/pthread_mutexattr_setpshared.c.o
[576/1490] Building C object libs/libc/CMakeFiles/c.dir/pthread/pthread_mutexattr_getprotocol.c.o
[577/1490] Building C object libs/libc/CMakeFiles/c.dir/pthread/pthread_mutexattr_setprotocol.c.o
[578/1490] Building C object libs/libc/CMakeFiles/c.dir/pthread/pthread_mutexattr_settype.c.o
[579/1490] Building C object libs/libc/CMakeFiles/c.dir/pthread/pthread_mutexattr_gettype.c.o
[580/1490] Building C object libs/libc/CMakeFiles/c.dir/pthread/pthread_mutexattr_setrobust.c.o
[581/1490] Building C object libs/libc/CMakeFiles/c.dir/pthread/pthread_mutexattr_getrobust.c.o
[582/1490] Building C object libs/libc/CMakeFiles/c.dir/pthread/pthread_mutexattr_setprioceiling.c.o
[583/1490] Building C object libs/libc/CMakeFiles/c.dir/pthread/pthread_mutexattr_getprioceiling.c.o
[584/1490] Building C object libs/libc/CMakeFiles/c.dir/pthread/pthread_mutex_destroy.c.o
[585/1490] Building C object libs/libc/CMakeFiles/c.dir/pthread/pthread_mutex_getprioceiling.c.o
[586/1490] Building C object libs/libc/CMakeFiles/c.dir/pthread/pthread_mutex_init.c.o
[587/1490] Building C object libs/libc/CMakeFiles/c.dir/pthread/pthread_mutex_lock.c.o
[588/1490] Building C object libs/libc/CMakeFiles/c.dir/pthread/pthread_mutex_setprioceiling.c.o
[589/1490] Building C object libs/libc/CMakeFiles/c.dir/pthread/pthread_mutex_timedlock.c.o
[590/1490] Building C object libs/libc/CMakeFiles/c.dir/pthread/pthread_mutex_trylock.c.o
[591/1490] Building C object libs/libc/CMakeFiles/c.dir/pthread/pthread_mutex.c.o
[592/1490] Building C object libs/libc/CMakeFiles/c.dir/pthread/pthread_yield.c.o
[593/1490] Building C object libs/libc/CMakeFiles/c.dir/pthread/pthread_mutex_unlock.c.o
[594/1490] Building C object libs/libc/CMakeFiles/c.dir/pthread/pthread_once.c.o
[595/1490] Building C object libs/libc/CMakeFiles/c.dir/pthread/pthread_atfork.c.o
[596/1490] Building C object libs/libc/CMakeFiles/c.dir/pthread/pthread_rwlockattr_init.c.o
[597/1490] Building C object libs/libc/CMakeFiles/c.dir/pthread/pthread_rwlockattr_destroy.c.o
[598/1490] Building C object libs/libc/CMakeFiles/c.dir/pthread/pthread_rwlockattr_getpshared.c.o
[599/1490] Building C object libs/libc/CMakeFiles/c.dir/pthread/pthread_rwlockattr_setpshared.c.o
[600/1490] Building C object libs/libc/CMakeFiles/c.dir/pthread/pthread_setcancelstate.c.o
[601/1490] Building C object libs/libc/CMakeFiles/c.dir/pthread/pthread_rwlock.c.o
[602/1490] Building C object libs/libc/CMakeFiles/c.dir/pthread/pthread_rwlock_wrlock.c.o
[603/1490] Building C object libs/libc/CMakeFiles/c.dir/pthread/pthread_rwlock_rdlock.c.o
[604/1490] Building C object libs/libc/CMakeFiles/c.dir/pthread/pthread_testcancel.c.o
[605/1490] Building C object libs/libc/CMakeFiles/c.dir/pthread/pthread_setcanceltype.c.o
[606/1490] Building C object libs/libc/CMakeFiles/c.dir/pthread/pthread_getcpuclockid.c.o
[607/1490] Building C object libs/libc/CMakeFiles/c.dir/pthread/pthread_gettid_np.c.o
[608/1490] Building C object libs/libc/CMakeFiles/c.dir/pthread/pthread_self.c.o
[609/1490] Building C object libs/libc/CMakeFiles/c.dir/pwd/lib_getpwnamr.c.o
[610/1490] Building C object libs/libc/CMakeFiles/c.dir/pwd/lib_getpwuid.c.o
[611/1490] Building C object libs/libc/CMakeFiles/c.dir/pwd/lib_getpwnam.c.o
[612/1490] Building C object libs/libc/CMakeFiles/c.dir/pthread/pthread_concurrency.c.o
[613/1490] Building C object libs/libc/CMakeFiles/c.dir/pthread/pthread_mutex_inconsistent.c.o
[614/1490] Building C object libs/libc/CMakeFiles/c.dir/pthread/pthread_mutex_consistent.c.o
[615/1490] Building C object libs/libc/CMakeFiles/c.dir/queue/queue.c.o
[616/1490] Building C object libs/libc/CMakeFiles/c.dir/pwd/lib_getpwuidr.c.o
[617/1490] Building C object libs/libc/CMakeFiles/c.dir/pwd/lib_getpwbufr.c.o
[618/1490] Building C object libs/libc/CMakeFiles/c.dir/pwd/lib_getspnam.c.o
[619/1490] Building C object libs/libc/CMakeFiles/c.dir/pwd/lib_getpwbuf.c.o
[620/1490] Building C object libs/libc/CMakeFiles/c.dir/pwd/lib_getpwent.c.o
[621/1490] Building C object libs/libc/CMakeFiles/c.dir/regex/regerror.c.o
[622/1490] Building C object libs/libc/CMakeFiles/c.dir/string/lib_rawmemchr.c.o
[623/1490] Building C object libs/libc/CMakeFiles/c.dir/regex/tre-mem.c.o
[624/1490] Building C object libs/libc/CMakeFiles/c.dir/sched/sched_getprioritymax.c.o
[625/1490] Building C object libs/libc/CMakeFiles/c.dir/sched/sched_getprioritymin.c.o
[626/1490] Building C object libs/libc/CMakeFiles/c.dir/sched/task_cancelpt.c.o
[627/1490] Building C object libs/libc/CMakeFiles/c.dir/sched/clock_getcpuclockid.c.o
[628/1490] Building C object libs/libc/CMakeFiles/c.dir/sched/task_setcanceltype.c.o
[629/1490] Building C object libs/libc/CMakeFiles/c.dir/sched/task_setcancelstate.c.o
[630/1490] Building C object libs/libc/CMakeFiles/c.dir/sched/task_testcancel.c.o
[631/1490] Building C object libs/libc/CMakeFiles/c.dir/search/hash_func.c.o
[632/1490] Building C object libs/libc/CMakeFiles/c.dir/sched/task_getpid.c.o
[633/1490] Building C object libs/libc/CMakeFiles/c.dir/sched/task_startup.c.o
[634/1490] Building C object libs/libc/CMakeFiles/c.dir/semaphore/sem_init.c.o
[635/1490] Building C object libs/libc/CMakeFiles/c.dir/search/hcreate.c.o
[636/1490] Building C object libs/libc/CMakeFiles/c.dir/semaphore/sem_setprotocol.c.o
[637/1490] Building C object libs/libc/CMakeFiles/c.dir/semaphore/sem_getprotocol.c.o
[638/1490] Building C object libs/libc/CMakeFiles/c.dir/search/hcreate_r.c.o
[639/1490] Building C object libs/libc/CMakeFiles/c.dir/semaphore/sem_getvalue.c.o
[640/1490] Building C object libs/libc/CMakeFiles/c.dir/semaphore/sem_destroy.c.o
[641/1490] Building C object libs/libc/CMakeFiles/c.dir/semaphore/sem_wait.c.o
[642/1490] Building C object libs/libc/CMakeFiles/c.dir/semaphore/sem_timedwait.c.o
[643/1490] Building C object libs/libc/CMakeFiles/c.dir/semaphore/sem_trywait.c.o
[644/1490] Building C object libs/libc/CMakeFiles/c.dir/semaphore/sem_post.c.o
[645/1490] Building C object libs/libc/CMakeFiles/c.dir/semaphore/sem_clockwait.c.o
[646/1490] Building C object libs/libc/CMakeFiles/c.dir/signal/sig_altstack.c.o
[647/1490] Building C object libs/libc/CMakeFiles/c.dir/signal/sig_andset.c.o
[648/1490] Building C object libs/libc/CMakeFiles/c.dir/signal/sig_addset.c.o
[649/1490] Building C object libs/libc/CMakeFiles/c.dir/signal/sig_delset.c.o
[650/1490] Building C object libs/libc/CMakeFiles/c.dir/signal/sig_emptyset.c.o
[651/1490] Building C object libs/libc/CMakeFiles/c.dir/signal/sig_fillset.c.o
[652/1490] Building C object libs/libc/CMakeFiles/c.dir/regex/regexec.c.o
[653/1490] Building C object libs/libc/CMakeFiles/c.dir/signal/sig_hold.c.o
[654/1490] Building C object libs/libc/CMakeFiles/c.dir/signal/sig_ismember.c.o
[655/1490] Building C object libs/libc/CMakeFiles/c.dir/signal/sig_isemptyset.c.o
[656/1490] Building C object libs/libc/CMakeFiles/c.dir/signal/sig_relse.c.o
[657/1490] Building C object libs/libc/CMakeFiles/c.dir/signal/sig_ignore.c.o
[658/1490] Building C object libs/libc/CMakeFiles/c.dir/signal/sig_wait.c.o
[659/1490] Building C object libs/libc/CMakeFiles/c.dir/signal/sig_raise.c.o
[660/1490] Building C object libs/libc/CMakeFiles/c.dir/signal/sig_xorset.c.o
[661/1490] Building C object libs/libc/CMakeFiles/c.dir/signal/sig_interrupt.c.o
[662/1490] Building C object libs/libc/CMakeFiles/c.dir/signal/sig_set.c.o
[663/1490] Building C object libs/libc/CMakeFiles/c.dir/signal/sig_signal.c.o
[664/1490] Building C object libs/libc/CMakeFiles/c.dir/spawn/lib_psfa_addaction.c.o
[665/1490] Building C object libs/libc/CMakeFiles/c.dir/spawn/lib_psfa_addclose.c.o
[666/1490] Building C object libs/libc/CMakeFiles/c.dir/spawn/lib_psfa_addopen.c.o
[667/1490] Building C object libs/libc/CMakeFiles/c.dir/spawn/lib_psfa_adddup2.c.o
[668/1490] Building C object libs/libc/CMakeFiles/c.dir/spawn/lib_psfa_init.c.o
[669/1490] Building C object libs/libc/CMakeFiles/c.dir/spawn/lib_psfa_destroy.c.o
[670/1490] Building C object libs/libc/CMakeFiles/c.dir/spawn/lib_psa_getflags.c.o
[671/1490] Building C object libs/libc/CMakeFiles/c.dir/spawn/lib_psa_getschedparam.c.o
[672/1490] Building C object libs/libc/CMakeFiles/c.dir/spawn/lib_psa_getschedpolicy.c.o
[673/1490] Building C object libs/libc/CMakeFiles/c.dir/spawn/lib_psa_setflags.c.o
[674/1490] Building C object libs/libc/CMakeFiles/c.dir/spawn/lib_psa_setschedparam.c.o
[675/1490] Building C object libs/libc/CMakeFiles/c.dir/spawn/lib_psa_getsigmask.c.o
[676/1490] Building C object libs/libc/CMakeFiles/c.dir/spawn/lib_psa_setschedpolicy.c.o
[677/1490] Building C object libs/libc/CMakeFiles/c.dir/spawn/lib_psa_setsigmask.c.o
[678/1490] Building C object libs/libc/CMakeFiles/c.dir/spawn/lib_psa_init.c.o
[679/1490] Building C object libs/libc/CMakeFiles/c.dir/spawn/lib_psa_getstacksize.c.o
[680/1490] Building C object libs/libc/CMakeFiles/c.dir/spawn/lib_psa_setstacksize.c.o
[681/1490] Building C object libs/libc/CMakeFiles/c.dir/spawn/lib_psa_setpriority.c.o
[682/1490] Building C object libs/libc/CMakeFiles/c.dir/spawn/lib_psa_getpriority.c.o
[683/1490] Building C object libs/libc/CMakeFiles/c.dir/spawn/lib_psa_getstackaddr.c.o
[684/1490] Building C object libs/libc/CMakeFiles/c.dir/spawn/lib_psa_setstackaddr.c.o
[685/1490] Building C object libs/libc/CMakeFiles/c.dir/spawn/lib_psa_destroy.c.o
[686/1490] Building C object libs/libc/CMakeFiles/c.dir/spawn/lib_psfa_dump.c.o
[687/1490] Building C object libs/libc/CMakeFiles/c.dir/stdio/lib_fileno.c.o
[688/1490] Building C object libs/libc/CMakeFiles/c.dir/stdio/lib_sprintf.c.o
[689/1490] Building C object libs/libc/CMakeFiles/c.dir/stdio/lib_asprintf.c.o
[690/1490] Building C object libs/libc/CMakeFiles/c.dir/stdio/lib_printf.c.o
[691/1490] Building C object libs/libc/CMakeFiles/c.dir/stdio/lib_snprintf.c.o
[692/1490] Building C object libs/libc/CMakeFiles/c.dir/spawn/lib_psa_dump.c.o
[693/1490] Building C object libs/libc/CMakeFiles/c.dir/regex/regcomp.c.o
[694/1490] Building C object libs/libc/CMakeFiles/c.dir/stdio/lib_vsprintf.c.o
[695/1490] Building C object libs/libc/CMakeFiles/c.dir/stdio/lib_dprintf.c.o
[696/1490] Building C object libs/libc/CMakeFiles/c.dir/stdio/lib_vdprintf.c.o
[697/1490] Building C object libs/libc/CMakeFiles/c.dir/stdio/lib_vsnprintf.c.o
[698/1490] Building C object libs/libc/CMakeFiles/c.dir/stdio/lib_vprintf.c.o
[699/1490] Building C object libs/libc/CMakeFiles/c.dir/stdio/lib_vasprintf.c.o
[700/1490] Building C object libs/libc/CMakeFiles/c.dir/stdio/lib_perror.c.o
[701/1490] Building C object libs/libc/CMakeFiles/c.dir/stdio/lib_putchar.c.o
[702/1490] Building C object libs/libc/CMakeFiles/c.dir/stdio/lib_getchar.c.o
[703/1490] Building C object libs/libc/CMakeFiles/c.dir/stdio/lib_gets_s.c.o
[704/1490] Building C object libs/libc/CMakeFiles/c.dir/stdio/lib_puts.c.o
[705/1490] Building C object libs/libc/CMakeFiles/c.dir/stdio/lib_gets.c.o
[706/1490] Building C object libs/libc/CMakeFiles/c.dir/stdio/lib_sscanf.c.o
[707/1490] Building C object libs/libc/CMakeFiles/c.dir/stdio/lib_vsscanf.c.o
[708/1490] Building C object libs/libc/CMakeFiles/c.dir/stdio/lib_remove.c.o
[709/1490] Building C object libs/libc/CMakeFiles/c.dir/stdio/lib_libdgets.c.o
[710/1490] Building C object libs/libc/CMakeFiles/c.dir/stdio/lib_tmpnam.c.o
[711/1490] Building C object libs/libc/CMakeFiles/c.dir/stdio/lib_tempnam.c.o
[712/1490] Building C object libs/libc/CMakeFiles/c.dir/stdio/lib_renameat.c.o
[713/1490] Building C object libs/libc/CMakeFiles/c.dir/stdio/lib_putwchar.c.o
[714/1490] Building C object libs/libc/CMakeFiles/c.dir/stdio/lib_freopen.c.o
[715/1490] Building C object libs/libc/CMakeFiles/c.dir/stdio/lib_fread.c.o
[716/1490] Building C object libs/libc/CMakeFiles/c.dir/stdio/lib_fseek.c.o
[717/1490] Building C object libs/libc/CMakeFiles/c.dir/stdio/lib_ftell.c.o
[718/1490] Building C object libs/libc/CMakeFiles/c.dir/stdio/lib_fclose.c.o
[719/1490] Building C object libs/libc/CMakeFiles/c.dir/stdio/lib_fseeko.c.o
[720/1490] Building C object libs/libc/CMakeFiles/c.dir/stdio/lib_fopen.c.o
[721/1490] Building C object libs/libc/CMakeFiles/c.dir/stdio/lib_libfread_unlocked.c.o
[722/1490] Building C object libs/libc/CMakeFiles/c.dir/stdio/lib_fsetpos.c.o
[723/1490] Building C object libs/libc/CMakeFiles/c.dir/stdio/lib_ftello.c.o
[724/1490] Building C object libs/libc/CMakeFiles/c.dir/stdio/lib_getdelim.c.o
[725/1490] Building C object libs/libc/CMakeFiles/c.dir/stdio/lib_fgetpos.c.o
[726/1490] Building C object libs/libc/CMakeFiles/c.dir/stdio/lib_getc.c.o
[727/1490] Building C object libs/libc/CMakeFiles/c.dir/stdio/lib_fgetc.c.o
[728/1490] Building C object libs/libc/CMakeFiles/c.dir/stdio/lib_fgets.c.o
[729/1490] Building C object libs/libc/CMakeFiles/c.dir/stdio/lib_fwrite.c.o
[730/1490] Building C object libs/libc/CMakeFiles/c.dir/stdio/lib_fflush.c.o
[731/1490] Building C object libs/libc/CMakeFiles/c.dir/stdio/lib_libfgets.c.o
[732/1490] Building C object libs/libc/CMakeFiles/c.dir/stdio/lib_libfwrite.c.o
[733/1490] Building C object libs/libc/CMakeFiles/c.dir/stdio/lib_wrflush_unlocked.c.o
[734/1490] Building C object libs/libc/CMakeFiles/c.dir/stdio/lib_libfflush.c.o
[735/1490] Building C object libs/libc/CMakeFiles/c.dir/stdio/lib_rdflush_unlocked.c.o
[736/1490] Building C object libs/libc/CMakeFiles/c.dir/stdio/lib_putc.c.o
[737/1490] Building C object libs/libc/CMakeFiles/c.dir/stdio/lib_libflushall.c.o
[738/1490] Building C object libs/libc/CMakeFiles/c.dir/stdio/lib_fputc.c.o
[739/1490] Building C object libs/libc/CMakeFiles/c.dir/stdio/lib_fprintf.c.o
[740/1490] Building C object libs/libc/CMakeFiles/c.dir/stdio/lib_ungetc.c.o
[741/1490] Building C object libs/libc/CMakeFiles/c.dir/stdio/lib_feof.c.o
[742/1490] Building C object libs/libc/CMakeFiles/c.dir/stdio/lib_vfprintf.c.o
[743/1490] Building C object libs/libc/CMakeFiles/c.dir/stdio/lib_fputs.c.o
[744/1490] Building C object libs/libc/CMakeFiles/c.dir/stdio/lib_ferror.c.o
[745/1490] Building C object libs/libc/CMakeFiles/c.dir/stdio/lib_rewind.c.o
[746/1490] Building C object libs/libc/CMakeFiles/c.dir/stdio/lib_clearerr.c.o
[747/1490] Building C object libs/libc/CMakeFiles/c.dir/stdio/lib_scanf.c.o
[748/1490] Building C object libs/libc/CMakeFiles/c.dir/stdio/lib_vfscanf.c.o
[749/1490] Building C object libs/libc/CMakeFiles/c.dir/stdio/lib_vscanf.c.o
[750/1490] Building C object libs/libc/CMakeFiles/c.dir/stdio/lib_setbuf.c.o
[751/1490] Building C object libs/libc/CMakeFiles/c.dir/stdio/lib_fscanf.c.o
[752/1490] Building C object libs/libc/CMakeFiles/c.dir/stdio/lib_tmpfile.c.o
[753/1490] Building C object libs/libc/CMakeFiles/c.dir/stdio/lib_setvbuf.c.o
[754/1490] Building C object libs/libc/CMakeFiles/c.dir/stdio/lib_libgetstreams.c.o
[755/1490] Building C object libs/libc/CMakeFiles/c.dir/stdio/lib_putwc.c.o
[756/1490] Building C object libs/libc/CMakeFiles/c.dir/stdio/lib_setbuffer.c.o
[757/1490] Building C object libs/libc/CMakeFiles/c.dir/stdio/lib_fputwc.c.o
[758/1490] Building C object libs/libc/CMakeFiles/c.dir/stdio/lib_fputws.c.o
[759/1490] Building C object libs/libc/CMakeFiles/c.dir/stdio/lib_fopencookie.c.o
[760/1490] Building C object libs/libc/CMakeFiles/c.dir/stdio/lib_libfilelock.c.o
[761/1490] Building C object libs/libc/CMakeFiles/c.dir/stdlib/lib_abs.c.o
[762/1490] Building C object libs/libc/CMakeFiles/c.dir/stdio/lib_getwc.c.o
[763/1490] Building C object libs/libc/CMakeFiles/c.dir/stdio/lib_fgetwc.c.o
[764/1490] Building C object libs/libc/CMakeFiles/c.dir/stdio/lib_ungetwc.c.o
[765/1490] Building C object libs/libc/CMakeFiles/c.dir/stdlib/lib_atof.c.o
[766/1490] Building C object libs/libc/CMakeFiles/c.dir/stdio/lib_open_memstream.c.o
[767/1490] Building C object libs/libc/CMakeFiles/c.dir/stdlib/lib_abort.c.o
[768/1490] Building C object libs/libc/CMakeFiles/c.dir/stdio/lib_fmemopen.c.o
[769/1490] Building C object libs/libc/CMakeFiles/c.dir/stdlib/lib_atoi.c.o
[770/1490] Building C object libs/libc/CMakeFiles/c.dir/stdlib/lib_atol.c.o
[771/1490] Building C object libs/libc/CMakeFiles/c.dir/stdlib/lib_atoll.c.o
[772/1490] Building C object libs/libc/CMakeFiles/c.dir/stdlib/lib_div.c.o
[773/1490] Building C object libs/libc/CMakeFiles/c.dir/stdlib/lib_getprogname.c.o
[774/1490] Building C object libs/libc/CMakeFiles/c.dir/stdlib/lib_ldiv.c.o
[775/1490] Building C object libs/libc/CMakeFiles/c.dir/stdlib/lib_lldiv.c.o
[776/1490] Building C object libs/libc/CMakeFiles/c.dir/stdlib/lib_labs.c.o
[777/1490] Building C object libs/libc/CMakeFiles/c.dir/stdlib/lib_itoa.c.o
[778/1490] Building C object libs/libc/CMakeFiles/c.dir/stdlib/lib_llabs.c.o
[779/1490] Building C object libs/libc/CMakeFiles/c.dir/stdlib/lib_exit.c.o
[780/1490] Building C object libs/libc/CMakeFiles/c.dir/stdlib/lib_bsearch.c.o
[781/1490] Building C object libs/libc/CMakeFiles/c.dir/stdlib/lib_rand.c.o
[782/1490] Building C object libs/libc/CMakeFiles/c.dir/stdlib/lib_realpath.c.o
[783/1490] Building C object libs/libc/CMakeFiles/c.dir/stdlib/lib_reallocarray.c.o
[784/1490] Building C object libs/libc/CMakeFiles/c.dir/stdlib/lib_strtol.c.o
[785/1490] Building C object libs/libc/CMakeFiles/c.dir/stdlib/lib_rand48.c.o
[786/1490] Building C object libs/libc/CMakeFiles/c.dir/stdlib/lib_srand.c.o
[787/1490] Building C object libs/libc/CMakeFiles/c.dir/stdlib/lib_qsort.c.o
[788/1490] Building C object libs/libc/CMakeFiles/c.dir/stdlib/lib_strtoll.c.o
[789/1490] Building C object libs/libc/CMakeFiles/c.dir/stdlib/lib_strtoul.c.o
[790/1490] Building C object libs/libc/CMakeFiles/c.dir/stdlib/lib_strtoull.c.o
[791/1490] Building C object libs/libc/CMakeFiles/c.dir/stdlib/lib_checkbase.c.o
[792/1490] Building C object libs/libc/CMakeFiles/c.dir/stdlib/lib_aligned_alloc.c.o
[793/1490] Building C object libs/libc/CMakeFiles/c.dir/stdlib/lib_mkstemp.c.o
[794/1490] Building C object libs/libc/CMakeFiles/c.dir/stdlib/lib_posix_memalign.c.o
[795/1490] Building C object libs/libc/CMakeFiles/c.dir/stdlib/lib_mkdtemp.c.o
[796/1490] Building C object libs/libc/CMakeFiles/c.dir/stdlib/lib_mblen.c.o
[797/1490] Building C object libs/libc/CMakeFiles/c.dir/stdlib/lib_mktemp.c.o
[798/1490] Building C object libs/libc/CMakeFiles/c.dir/stdlib/lib_valloc.c.o
[799/1490] Building C object libs/libc/CMakeFiles/c.dir/stdlib/lib_mbtowc.c.o
[800/1490] Building C object libs/libc/CMakeFiles/c.dir/stdlib/lib_wctomb.c.o
[801/1490] Building C object libs/libc/CMakeFiles/c.dir/stdlib/lib_mbstowcs.c.o
[802/1490] Building C object libs/libc/CMakeFiles/c.dir/stdlib/lib_wcstombs.c.o
[803/1490] Building C object libs/libc/CMakeFiles/c.dir/stdlib/lib_arc4random.c.o
[804/1490] Building C object libs/libc/CMakeFiles/c.dir/stream/lib_meminstream.c.o
[805/1490] Building C object libs/libc/CMakeFiles/c.dir/stream/lib_memoutstream.c.o
[806/1490] Building C object libs/libc/CMakeFiles/c.dir/stdlib/lib_atexit.c.o
[807/1490] Building C object libs/libc/CMakeFiles/c.dir/stream/lib_memsistream.c.o
[808/1490] Building C object libs/libc/CMakeFiles/c.dir/stream/lib_lowoutstream.c.o
[809/1490] Building C object libs/libc/CMakeFiles/c.dir/stream/lib_memsostream.c.o
[810/1490] Building C object libs/libc/CMakeFiles/c.dir/stdlib/lib_strtold.c.o
[811/1490] Building C object libs/libc/CMakeFiles/c.dir/stream/lib_rawinstream.c.o
[812/1490] Building C object libs/libc/CMakeFiles/c.dir/stream/lib_zeroinstream.c.o
[813/1490] Building C object libs/libc/CMakeFiles/c.dir/stream/lib_nullinstream.c.o
[814/1490] Building C object libs/libc/CMakeFiles/c.dir/stream/lib_rawoutstream.c.o
[815/1490] Building C object libs/libc/CMakeFiles/c.dir/stream/lib_nulloutstream.c.o
[816/1490] Building C object libs/libc/CMakeFiles/c.dir/stream/lib_rawsistream.c.o
[817/1490] Building C object libs/libc/CMakeFiles/c.dir/stream/lib_rawsostream.c.o
[818/1490] Building C object libs/libc/CMakeFiles/c.dir/stream/lib_mtdoutstream.c.o
[819/1490] Building C object libs/libc/CMakeFiles/c.dir/stream/lib_mtdsostream.c.o
[820/1490] Building C object libs/libc/CMakeFiles/c.dir/stream/lib_libnoflush.c.o
[821/1490] Building C object libs/libc/CMakeFiles/c.dir/stream/lib_libsnoflush.c.o
[822/1490] Building C object libs/libc/CMakeFiles/c.dir/stream/lib_syslogstream.c.o
[823/1490] Building C object libs/libc/CMakeFiles/c.dir/stream/lib_bufferedoutstream.c.o
[824/1490] Building C object libs/libc/CMakeFiles/c.dir/stream/lib_hexdumpstream.c.o
[825/1490] Building C object libs/libc/CMakeFiles/c.dir/stream/lib_filesistream.c.o
[826/1490] Building C object libs/libc/CMakeFiles/c.dir/stream/lib_base64outstream.c.o
[827/1490] Building C object libs/libc/CMakeFiles/c.dir/stream/lib_fileoutstream.c.o
[828/1490] Building C object libs/libc/CMakeFiles/c.dir/stream/lib_ultoa_invert.c.o
[829/1490] Building C object libs/libc/CMakeFiles/c.dir/stream/lib_libbsprintf.c.o
[830/1490] Building C object libs/libc/CMakeFiles/c.dir/stream/lib_dtoa_data.c.o
[831/1490] Building C object libs/libc/CMakeFiles/c.dir/stream/lib_libosprintf.c.o
[832/1490] Building C object libs/libc/CMakeFiles/c.dir/stream/lib_syslograwstream.c.o
[833/1490] Building C object libs/libc/CMakeFiles/c.dir/stream/lib_dtoa_engine.c.o
[834/1490] Building C object libs/libc/CMakeFiles/c.dir/stream/lib_stdinstream.c.o
[835/1490] Building C object libs/libc/CMakeFiles/c.dir/stream/lib_stdoutstream.c.o
[836/1490] Building C object libs/libc/CMakeFiles/c.dir/stream/lib_stdsistream.c.o
[837/1490] Building C object libs/libc/CMakeFiles/c.dir/string/lib_bzero.c.o
[838/1490] Building C object libs/libc/CMakeFiles/c.dir/stream/lib_stdsostream.c.o
[839/1490] Building C object libs/libc/CMakeFiles/c.dir/string/lib_popcount.c.o
[840/1490] Building C object libs/libc/CMakeFiles/c.dir/string/lib_popcountl.c.o
[841/1490] Building C object libs/libc/CMakeFiles/c.dir/string/lib_isbasedigit.c.o
[842/1490] Building C object libs/libc/CMakeFiles/c.dir/stream/lib_blkoutstream.c.o
[843/1490] Building C object libs/libc/CMakeFiles/c.dir/string/lib_popcountll.c.o
[844/1490] Building C object libs/libc/CMakeFiles/c.dir/string/lib_memmem.c.o
[845/1490] Building C object libs/libc/CMakeFiles/c.dir/stream/lib_libvscanf.c.o
[846/1490] Building C object libs/libc/CMakeFiles/c.dir/string/lib_strcspn.c.o
[847/1490] Building C object libs/libc/CMakeFiles/c.dir/string/lib_skipspace.c.o
[848/1490] Building C object libs/libc/CMakeFiles/c.dir/string/lib_strcasecmp.c.o
[849/1490] Building C object libs/libc/CMakeFiles/c.dir/string/lib_strerror.c.o
[850/1490] Building C object libs/libc/CMakeFiles/c.dir/string/lib_strdup.c.o
[851/1490] Building C object libs/libc/CMakeFiles/c.dir/string/lib_strncat.c.o
[852/1490] Building C object libs/libc/CMakeFiles/c.dir/string/lib_strpbrk.c.o
[853/1490] Building C object libs/libc/CMakeFiles/c.dir/stream/lib_libvsprintf.c.o
[854/1490] Building C object libs/libc/CMakeFiles/c.dir/string/lib_strcasestr.c.o
[855/1490] Building C object libs/libc/CMakeFiles/c.dir/string/lib_strncasecmp.c.o
[856/1490] Building C object libs/libc/CMakeFiles/c.dir/string/lib_strspn.c.o
[857/1490] Building C object libs/libc/CMakeFiles/c.dir/string/lib_strndup.c.o
[858/1490] Building C object libs/libc/CMakeFiles/c.dir/string/lib_strsep.c.o
[859/1490] Building C object libs/libc/CMakeFiles/c.dir/string/lib_strerrorr.c.o
[860/1490] Building C object libs/libc/CMakeFiles/c.dir/string/lib_strtokr.c.o
[861/1490] Building C object libs/libc/CMakeFiles/c.dir/string/lib_explicit_bzero.c.o
[862/1490] Building C object libs/libc/CMakeFiles/c.dir/string/lib_index.c.o
[863/1490] Building C object libs/libc/CMakeFiles/c.dir/string/lib_strtok.c.o
[864/1490] Building C object libs/libc/CMakeFiles/c.dir/string/lib_strstr.c.o
[865/1490] Building C object libs/libc/CMakeFiles/c.dir/string/lib_strsignal.c.o
[866/1490] Building C object libs/libc/CMakeFiles/c.dir/string/lib_rindex.c.o
[867/1490] Building C object libs/libc/CMakeFiles/c.dir/string/lib_timingsafe_bcmp.c.o
[868/1490] Building C object libs/libc/CMakeFiles/c.dir/string/lib_mempcpy.c.o
[869/1490] Building C object libs/libc/CMakeFiles/c.dir/string/lib_memmove.c.o
[870/1490] Building C object libs/libc/CMakeFiles/c.dir/string/lib_strverscmp.c.o
[871/1490] Building C object libs/libc/CMakeFiles/c.dir/string/lib_strlcpy.c.o
[872/1490] Building C object libs/libc/CMakeFiles/c.dir/string/lib_strnlen.c.o
[873/1490] Building C object libs/libc/CMakeFiles/c.dir/string/lib_bsdmemcpy.c.o
[874/1490] Building C object libs/libc/CMakeFiles/c.dir/string/lib_strlcat.c.o
[875/1490] Building C object libs/libc/CMakeFiles/c.dir/string/lib_bsdmemcmp.c.o
[876/1490] Building C object libs/libc/CMakeFiles/c.dir/string/lib_bsdmemset.c.o
[877/1490] Building C object libs/libc/CMakeFiles/c.dir/string/lib_bsdstrchr.c.o
[878/1490] Building C object libs/libc/CMakeFiles/c.dir/string/lib_bsdmemccpy.c.o
[879/1490] Building C object libs/libc/CMakeFiles/c.dir/string/lib_bsdstrlen.c.o
[880/1490] Building C object libs/libc/CMakeFiles/c.dir/string/lib_bsdstrcmp.c.o
[881/1490] Building C object libs/libc/CMakeFiles/c.dir/string/lib_bsdmemrchr.c.o
[882/1490] Building C object libs/libc/CMakeFiles/c.dir/string/lib_bsdstrncpy.c.o
[883/1490] Building C object libs/libc/CMakeFiles/c.dir/string/lib_bsdstpncpy.c.o
[884/1490] Building C object libs/libc/CMakeFiles/c.dir/string/lib_bsdmemchr.c.o
[885/1490] Building C object libs/libc/CMakeFiles/c.dir/string/lib_bsdstrcpy.c.o
[886/1490] Building C object libs/libc/CMakeFiles/c.dir/string/lib_bsdstpcpy.c.o
[887/1490] Building C object libs/libc/CMakeFiles/c.dir/string/lib_bsdstrchrnul.c.o
[888/1490] Building C object libs/libc/CMakeFiles/c.dir/string/lib_bsdstrcat.c.o
[889/1490] Building C object libs/libc/CMakeFiles/c.dir/string/lib_bsdstrrchr.c.o
[890/1490] Building C object libs/libc/CMakeFiles/c.dir/string/lib_bsdstrncmp.c.o
[891/1490] Building C object libs/libc/CMakeFiles/c.dir/symtab/symtab_sortbyname.c.o
[892/1490] Building C object libs/libc/CMakeFiles/c.dir/symtab/symtab_findbyvalue.c.o
[893/1490] Building C object libs/libc/CMakeFiles/c.dir/symtab/symtab_findbyname.c.o
[894/1490] Building C object libs/libc/CMakeFiles/c.dir/termios/lib_cfmakeraw.c.o
[895/1490] Building C object libs/libc/CMakeFiles/c.dir/termios/lib_cfspeed.c.o
[896/1490] Building C object libs/libc/CMakeFiles/c.dir/syslog/lib_setlogmask.c.o
[897/1490] Building C object libs/libc/CMakeFiles/c.dir/termios/lib_tcflush.c.o
[898/1490] Building C object libs/libc/CMakeFiles/c.dir/termios/lib_tcdrain.c.o
[899/1490] Building C object libs/libc/CMakeFiles/c.dir/termios/lib_tcflow.c.o
[900/1490] Building C object libs/libc/CMakeFiles/c.dir/syslog/lib_syslog.c.o
[901/1490] Building C object libs/libc/CMakeFiles/c.dir/termios/lib_isatty.c.o
[902/1490] Building C object libs/libc/CMakeFiles/c.dir/termios/lib_tcgetattr.c.o
[903/1490] Building C object libs/libc/CMakeFiles/c.dir/termios/lib_tcsetattr.c.o
[904/1490] Building C object libs/libc/CMakeFiles/c.dir/termios/lib_tcsendbreak.c.o
[905/1490] Building C object libs/libc/CMakeFiles/c.dir/time/lib_daysbeforemonth.c.o
[906/1490] Building C object libs/libc/CMakeFiles/c.dir/termios/lib_ttyname.c.o
[907/1490] Building C object libs/libc/CMakeFiles/c.dir/termios/lib_ttynamer.c.o
[908/1490] Building C object libs/libc/CMakeFiles/c.dir/time/lib_gettimeofday.c.o
[909/1490] Building C object libs/libc/CMakeFiles/c.dir/time/lib_calendar2utc.c.o
[910/1490] Building C object libs/libc/CMakeFiles/c.dir/time/lib_isleapyear.c.o
[911/1490] Building C object libs/libc/CMakeFiles/c.dir/time/lib_settimeofday.c.o
[912/1490] Building C object libs/libc/CMakeFiles/c.dir/time/lib_time.c.o
[913/1490] Building C object libs/libc/CMakeFiles/c.dir/time/lib_timespec_get.c.o
[914/1490] Building C object libs/libc/CMakeFiles/c.dir/time/lib_nanosleep.c.o
[915/1490] Building C object libs/libc/CMakeFiles/c.dir/time/lib_difftime.c.o
[916/1490] Building C object libs/libc/CMakeFiles/c.dir/time/lib_dayofweek.c.o
[917/1490] Building C object libs/libc/CMakeFiles/c.dir/time/lib_ctime.c.o
[918/1490] Building C object libs/libc/CMakeFiles/c.dir/time/lib_ctimer.c.o
[919/1490] Building C object libs/libc/CMakeFiles/c.dir/time/lib_strftime.c.o
[920/1490] Building C object libs/libc/CMakeFiles/c.dir/time/lib_asctimer.c.o
[921/1490] Building C object libs/libc/CMakeFiles/c.dir/time/lib_asctime.c.o
[922/1490] Building C object libs/libc/CMakeFiles/c.dir/time/lib_gethrtime.c.o
[923/1490] Building C object libs/libc/CMakeFiles/c.dir/time/lib_gmtime.c.o
[924/1490] Building C object libs/libc/CMakeFiles/c.dir/time/lib_timegm.c.o
[925/1490] Building C object libs/libc/CMakeFiles/c.dir/tls/tls_getinfo.c.o
[926/1490] Building C object libs/libc/CMakeFiles/c.dir/uio/lib_pwritev.c.o
[927/1490] Building C object libs/libc/CMakeFiles/c.dir/time/lib_gmtimer.c.o
[928/1490] Building C object libs/libc/CMakeFiles/c.dir/unistd/lib_access.c.o
[929/1490] Building C object libs/libc/CMakeFiles/c.dir/uio/lib_preadv.c.o
[930/1490] Building C object libs/libc/CMakeFiles/c.dir/time/lib_strptime.c.o
[931/1490] Building C object libs/libc/CMakeFiles/c.dir/unistd/lib_daemon.c.o
[932/1490] Building C object libs/libc/CMakeFiles/c.dir/unistd/lib_swab.c.o
[933/1490] Building C object libs/libc/CMakeFiles/c.dir/unistd/lib_pathconf.c.o
[934/1490] Building C object libs/libc/CMakeFiles/c.dir/unistd/lib_sysconf.c.o
[935/1490] Building C object libs/libc/CMakeFiles/c.dir/unistd/lib_getentropy.c.o
[936/1490] Building C object libs/libc/CMakeFiles/c.dir/unistd/lib_getcwd.c.o
[937/1490] Building C object libs/libc/CMakeFiles/c.dir/unistd/lib_getopt_long.c.o
[938/1490] Building C object libs/libc/CMakeFiles/c.dir/unistd/lib_getopt.c.o
[939/1490] Building C object libs/libc/CMakeFiles/c.dir/unistd/lib_getopt_common.c.o
[940/1490] Building C object libs/libc/CMakeFiles/c.dir/unistd/lib_getopt_longonly.c.o
[941/1490] Building C object libs/libc/CMakeFiles/c.dir/unistd/lib_getoptvars.c.o
[942/1490] Building C object libs/libc/CMakeFiles/c.dir/unistd/lib_getoptargp.c.o
[943/1490] Building C object libs/libc/CMakeFiles/c.dir/unistd/lib_getopterrp.c.o
[944/1490] Building C object libs/libc/CMakeFiles/c.dir/unistd/lib_getoptindp.c.o
[945/1490] Building C object libs/libc/CMakeFiles/c.dir/unistd/lib_times.c.o
[946/1490] Building C object libs/libc/CMakeFiles/c.dir/unistd/lib_statvfs.c.o
[947/1490] Building C object libs/libc/CMakeFiles/c.dir/unistd/lib_fstatvfs.c.o
[948/1490] Building C object libs/libc/CMakeFiles/c.dir/unistd/lib_alarm.c.o
[949/1490] Building C object libs/libc/CMakeFiles/c.dir/unistd/lib_getoptoptp.c.o
[950/1490] Building C object libs/libc/CMakeFiles/c.dir/unistd/lib_sleep.c.o
[951/1490] Building C object libs/libc/CMakeFiles/c.dir/unistd/lib_nice.c.o
[952/1490] Building C object libs/libc/CMakeFiles/c.dir/unistd/lib_setreuid.c.o
[953/1490] Building C object libs/libc/CMakeFiles/c.dir/unistd/lib_getrusage.c.o
[954/1490] Building C object libs/libc/CMakeFiles/c.dir/unistd/lib_setregid.c.o
[955/1490] Building C object libs/libc/CMakeFiles/c.dir/unistd/lib_utime.c.o
[956/1490] Building C object libs/libc/CMakeFiles/c.dir/unistd/lib_setrlimit.c.o
[957/1490] Building C object libs/libc/CMakeFiles/c.dir/unistd/lib_utimes.c.o
[958/1490] Building C object libs/libc/CMakeFiles/c.dir/unistd/lib_getrlimit.c.o
[959/1490] Building C object libs/libc/CMakeFiles/c.dir/unistd/lib_setpriority.c.o
[960/1490] Building C object libs/libc/CMakeFiles/c.dir/unistd/lib_futimes.c.o
[961/1490] Building C object libs/libc/CMakeFiles/c.dir/unistd/lib_getpriority.c.o
[962/1490] Building C object libs/libc/CMakeFiles/c.dir/unistd/lib_lutimes.c.o
[963/1490] Building C object libs/libc/CMakeFiles/c.dir/unistd/lib_gethostname.c.o
[964/1490] Building C object libs/libc/CMakeFiles/c.dir/unistd/lib_sethostname.c.o
[965/1490] Building C object libs/libc/CMakeFiles/c.dir/unistd/lib_linkat.c.o
[966/1490] Building C object libs/libc/CMakeFiles/c.dir/unistd/lib_readlinkat.c.o
[967/1490] Building C object libs/libc/CMakeFiles/c.dir/unistd/lib_symlinkat.c.o
[968/1490] Building C object libs/libc/CMakeFiles/c.dir/unistd/lib_fchownat.c.o
[969/1490] Building C object libs/libc/CMakeFiles/c.dir/unistd/lib_usleep.c.o
[970/1490] Building C object libs/libc/CMakeFiles/c.dir/unistd/lib_unlinkat.c.o
[971/1490] Building C object libs/libc/CMakeFiles/c.dir/unistd/lib_getpgrp.c.o
[972/1490] Building C object libs/libc/CMakeFiles/c.dir/unistd/lib_getpgid.c.o
[973/1490] Building C object libs/libc/CMakeFiles/c.dir/unistd/lib_lockf.c.o
[974/1490] Building C object libs/libc/CMakeFiles/c.dir/unistd/lib_confstr.c.o
[975/1490] Building C object libs/libc/CMakeFiles/c.dir/unistd/lib_flock.c.o
[976/1490] Building C object libs/libc/CMakeFiles/c.dir/unistd/lib_ulimit.c.o
[977/1490] Building C object libs/libc/CMakeFiles/c.dir/unistd/lib_getpass.c.o
[978/1490] Building C object libs/libc/CMakeFiles/c.dir/unistd/lib_setuid.c.o
[979/1490] Building C object libs/libc/CMakeFiles/c.dir/unistd/lib_setgid.c.o
[980/1490] Building C object libs/libc/CMakeFiles/c.dir/unistd/lib_getuid.c.o
[981/1490] Building C object libs/libc/CMakeFiles/c.dir/unistd/lib_getgid.c.o
[982/1490] Building C object libs/libc/CMakeFiles/c.dir/unistd/lib_geteuid.c.o
[983/1490] Building C object libs/libc/CMakeFiles/c.dir/unistd/lib_seteuid.c.o
[984/1490] Building C object libs/libc/CMakeFiles/c.dir/unistd/lib_setegid.c.o
[985/1490] Building C object libs/libc/CMakeFiles/c.dir/unistd/lib_getegid.c.o
[986/1490] Building C object libs/libc/CMakeFiles/c.dir/unistd/lib_chdir.c.o
[987/1490] Building C object libs/libc/CMakeFiles/c.dir/unistd/lib_fchdir.c.o
[988/1490] Building C object libs/libc/CMakeFiles/c.dir/unistd/lib_restoredir.c.o
[989/1490] Building C object libs/libc/CMakeFiles/c.dir/unistd/lib_execv.c.o
[990/1490] Building C object libs/libc/CMakeFiles/c.dir/unistd/lib_truncate.c.o
[991/1490] Building C object libs/libc/CMakeFiles/c.dir/unistd/lib_execl.c.o
[992/1490] Building C object libs/libc/CMakeFiles/c.dir/unistd/lib_execle.c.o
[993/1490] Building C object libs/libc/CMakeFiles/c.dir/unistd/lib_posix_fallocate.c.o
[994/1490] Building C object libs/libc/CMakeFiles/c.dir/unistd/lib_pipe.c.o
[995/1490] Building C object libs/libc/CMakeFiles/c.dir/uuid/lib_uuid_compare.c.o
[996/1490] Building C object libs/libc/CMakeFiles/c.dir/uuid/lib_uuid_create.c.o
[997/1490] Building C object libs/libc/CMakeFiles/c.dir/uuid/lib_uuid_create_nil.c.o
[998/1490] Building C object libs/libc/CMakeFiles/c.dir/unistd/lib_fork.c.o
[999/1490] Building C object libs/libc/CMakeFiles/c.dir/uuid/lib_uuid_equal.c.o
[1000/1490] Building C object libs/libc/CMakeFiles/c.dir/uuid/lib_uuid_hash.c.o
[1001/1490] Building C object libs/libc/CMakeFiles/c.dir/uuid/lib_uuid_from_string.c.o
[1002/1490] Building C object libs/libc/CMakeFiles/c.dir/uuid/lib_uuid_is_nil.c.o
[1003/1490] Building C object libs/libc/CMakeFiles/c.dir/uuid/lib_uuid_stream.c.o
[1004/1490] Building C object libs/libc/CMakeFiles/c.dir/wchar/lib_wcscmp.c.o
[1005/1490] Building C object libs/libc/CMakeFiles/c.dir/uuid/lib_uuid_to_string.c.o
[1006/1490] Building C object libs/libc/CMakeFiles/c.dir/wchar/lib_wcslen.c.o
[1007/1490] Building C object libs/libc/CMakeFiles/c.dir/wchar/lib_wmemchr.c.o
[1008/1490] Building C object libs/libc/CMakeFiles/c.dir/wchar/lib_wmemcmp.c.o
[1009/1490] Building C object libs/libc/CMakeFiles/c.dir/wchar/lib_wmemcpy.c.o
[1010/1490] Building C object libs/libc/CMakeFiles/c.dir/wchar/lib_wmemmove.c.o
[1011/1490] Building C object libs/libc/CMakeFiles/c.dir/wchar/lib_wmemset.c.o
[1012/1490] Building C object libs/libc/CMakeFiles/c.dir/wchar/lib_btowc.c.o
[1013/1490] Building C object libs/libc/CMakeFiles/c.dir/wchar/lib_wcslcpy.c.o
[1014/1490] Building C object libs/libc/CMakeFiles/c.dir/wchar/lib_wctob.c.o
[1015/1490] Building C object libs/libc/CMakeFiles/c.dir/wchar/lib_wcsxfrm.c.o
[1016/1490] Building C object libs/libc/CMakeFiles/c.dir/wchar/lib_mbrtowc.c.o
[1017/1490] Building C object libs/libc/CMakeFiles/c.dir/wchar/lib_wcsftime.c.o
[1018/1490] Building C object libs/libc/CMakeFiles/c.dir/wchar/lib_wcrtomb.c.o
[1019/1490] Building C object libs/libc/CMakeFiles/c.dir/wchar/lib_wcscoll.c.o
[1020/1490] Building C object libs/libc/CMakeFiles/c.dir/wchar/lib_wcstol.c.o
[1021/1490] Building C object libs/libc/CMakeFiles/c.dir/wchar/lib_wcstoul.c.o
[1022/1490] Building C object libs/libc/CMakeFiles/c.dir/wchar/lib_wcstoll.c.o
[1023/1490] Building C object libs/libc/CMakeFiles/c.dir/wchar/lib_wcstoull.c.o
[1024/1490] Building C object libs/libc/CMakeFiles/c.dir/wchar/lib_wcstold.c.o
[1025/1490] Building C object libs/libc/CMakeFiles/c.dir/wchar/lib_wcstof.c.o
[1026/1490] Building C object libs/libc/CMakeFiles/c.dir/wchar/lib_wcstod.c.o
[1027/1490] Building C object libs/libc/CMakeFiles/c.dir/wchar/lib_swprintf.c.o
[1028/1490] Building C object libs/libc/CMakeFiles/c.dir/wchar/lib_mbsnrtowcs.c.o
[1029/1490] Building C object libs/libc/CMakeFiles/c.dir/wchar/lib_mbsinit.c.o
[1030/1490] Building C object libs/libc/CMakeFiles/c.dir/wchar/lib_mbsrtowcs.c.o
[1031/1490] Building C object libs/libc/CMakeFiles/c.dir/wchar/lib_mbrlen.c.o
[1032/1490] Building C object libs/libc/CMakeFiles/c.dir/wchar/lib_wcsnrtombs.c.o
[1033/1490] Building C object libs/libc/CMakeFiles/c.dir/wchar/lib_wcscpy.c.o
[1034/1490] Building C object libs/libc/CMakeFiles/c.dir/wchar/lib_wcsrtombs.c.o
[1035/1490] Building C object libs/libc/CMakeFiles/c.dir/wchar/lib_wcscat.c.o
[1036/1490] Building C object libs/libc/CMakeFiles/c.dir/wchar/lib_wcslcat.c.o
[1037/1490] Building C object libs/libc/CMakeFiles/c.dir/wchar/lib_wcsncat.c.o
[1038/1490] Building C object libs/libc/CMakeFiles/c.dir/wchar/lib_wcschr.c.o
[1039/1490] Building C object libs/libc/CMakeFiles/c.dir/wchar/lib_wcsrchr.c.o
[1040/1490] Building C object libs/libc/CMakeFiles/c.dir/wchar/lib_wcsncpy.c.o
[1041/1490] Building C object libs/libc/CMakeFiles/c.dir/wchar/lib_wcsncmp.c.o
[1042/1490] Building C object libs/libc/CMakeFiles/c.dir/wchar/lib_wcscspn.c.o
[1043/1490] Building C object libs/libc/CMakeFiles/c.dir/wchar/lib_wcspbrk.c.o
[1044/1490] Building C object libs/libc/CMakeFiles/c.dir/wchar/lib_wcswcs.c.o
[1045/1490] Building C object libs/libc/CMakeFiles/c.dir/wchar/lib_wcsspn.c.o
[1046/1490] Building C object libs/libc/CMakeFiles/c.dir/wchar/lib_wcstok.c.o
[1047/1490] Building C object libs/libc/CMakeFiles/c.dir/wchar/lib_wcwidth.c.o
[1048/1490] Building C object libs/libc/CMakeFiles/c.dir/wctype/lib_wctype.c.o
[1049/1490] Building C object libs/libc/CMakeFiles/c.dir/wchar/lib_wcsstr.c.o
[1050/1490] Building C object libs/libc/CMakeFiles/c.dir/wchar/lib_wcswidth.c.o
[1051/1490] Building C object libs/libc/CMakeFiles/c.dir/wctype/lib_towlower.c.o
[1052/1490] Building C object libs/libc/CMakeFiles/c.dir/wctype/lib_towupper.c.o
[1053/1490] Building C object mm/CMakeFiles/mm.dir/kasan/hook.c.o
[1054/1490] Building C object libs/libc/CMakeFiles/c.dir/wctype/lib_iswctype.c.o
[1055/1490] Building C object mm/CMakeFiles/mm.dir/mm_heap/mm_malloc_size.c.o
[1056/1490] Building C object mm/CMakeFiles/mm.dir/mempool/mempool_procfs.c.o
[1057/1490] Building C object mm/CMakeFiles/mm.dir/mm_heap/mm_calloc.c.o
[1058/1490] Building C object mm/CMakeFiles/mm.dir/mm_heap/mm_initialize.c.o
[1059/1490] Building C object mm/CMakeFiles/mm.dir/mm_heap/mm_shrinkchunk.c.o
[1060/1490] Building C object mm/CMakeFiles/mm.dir/mm_heap/mm_brkaddr.c.o
[1061/1490] Building C object mm/CMakeFiles/mm.dir/mempool/mempool.c.o
[1062/1490] Building C object mm/CMakeFiles/mm.dir/map/mm_map.c.o
[1063/1490] Building C object mm/CMakeFiles/mm.dir/mm_heap/mm_extend.c.o
[1064/1490] Building C object mm/CMakeFiles/mm.dir/mm_heap/mm_mallinfo.c.o
[1065/1490] Building C object mm/CMakeFiles/mm.dir/mempool/mempool_multiple.c.o
[1066/1490] Building C object mm/CMakeFiles/mm.dir/mm_heap/mm_free.c.o
[1067/1490] Building C object mm/CMakeFiles/mm.dir/mm_heap/mm_malloc.c.o
[1068/1490] Building C object mm/CMakeFiles/mm.dir/mm_heap/mm_foreach.c.o
[1069/1490] Building C object mm/CMakeFiles/mm.dir/mm_heap/mm_zalloc.c.o
[1070/1490] Building C object mm/CMakeFiles/mm.dir/mm_heap/mm_memalign.c.o
[1071/1490] Building C object mm/CMakeFiles/mm.dir/umm_heap/umm_globals.c.o
[1072/1490] Building C object mm/CMakeFiles/mm.dir/mm_heap/mm_heapmember.c.o
[1073/1490] Building C object mm/CMakeFiles/mm.dir/umm_heap/umm_addregion.c.o
[1074/1490] Building C object mm/CMakeFiles/mm.dir/umm_heap/umm_initialize.c.o
[1075/1490] Building C object mm/CMakeFiles/mm.dir/umm_heap/umm_malloc_size.c.o
[1076/1490] Building C object mm/CMakeFiles/mm.dir/umm_heap/umm_brkaddr.c.o
[1077/1490] Building C object mm/CMakeFiles/mm.dir/mm_heap/mm_realloc.c.o
[1078/1490] Building C object mm/CMakeFiles/mm.dir/umm_heap/umm_calloc.c.o
[1079/1490] Building C object mm/CMakeFiles/mm.dir/mm_heap/mm_memdump.c.o
[1080/1490] Building C object mm/CMakeFiles/mm.dir/umm_heap/umm_extend.c.o
[1081/1490] Building C object mm/CMakeFiles/mm.dir/umm_heap/umm_free.c.o
[1082/1490] Building C object mm/CMakeFiles/mm.dir/umm_heap/umm_mallinfo.c.o
[1083/1490] Building C object mm/CMakeFiles/mm.dir/umm_heap/umm_malloc.c.o
[1084/1490] Building C object mm/CMakeFiles/mm.dir/umm_heap/umm_realloc.c.o
[1085/1490] Building C object mm/CMakeFiles/mm.dir/umm_heap/umm_memalign.c.o
[1086/1490] Building C object mm/CMakeFiles/mm.dir/umm_heap/umm_zalloc.c.o
[1087/1490] Building C object mm/CMakeFiles/mm.dir/umm_heap/umm_heapmember.c.o
[1088/1490] Building C object mm/CMakeFiles/mm.dir/umm_heap/umm_memdump.c.o
[1089/1490] Linking C static library mm/libmm.a
[1090/1490] Building C object net/CMakeFiles/net.dir/inet/inet_txdrain.c.o
[1091/1490] Building C object net/CMakeFiles/net.dir/local/local_release.c.o
[1092/1490] Building C object net/CMakeFiles/net.dir/local/local_bind.c.o
[1093/1490] Building C object net/CMakeFiles/net.dir/devif/devif_callback.c.o
[1094/1490] Building C object net/CMakeFiles/net.dir/local/local_conn.c.o
[1095/1490] Building C object net/CMakeFiles/net.dir/local/local_fifo.c.o
[1096/1490] Linking C static library libs/libc/libc.a
[1097/1490] Building C object net/CMakeFiles/net.dir/local/local_sendpacket.c.o
[1098/1490] Building C object net/CMakeFiles/net.dir/local/local_recvutils.c.o
[1099/1490] Building C object net/CMakeFiles/net.dir/local/local_recvmsg.c.o
[1100/1490] Building C object net/CMakeFiles/net.dir/local/local_sendmsg.c.o
[1101/1490] Building C object net/CMakeFiles/net.dir/local/local_netpoll.c.o
[1102/1490] Building C object net/CMakeFiles/net.dir/local/local_listen.c.o
[1103/1490] Building C object net/CMakeFiles/net.dir/local/local_connect.c.o
[1104/1490] Building C object net/CMakeFiles/net.dir/netdev/netdev_register.c.o
[1105/1490] Building C object net/CMakeFiles/net.dir/local/local_accept.c.o
[1106/1490] Building C object net/CMakeFiles/net.dir/netdev/netdev_txnotify.c.o
[1107/1490] Building C object net/CMakeFiles/net.dir/netdev/netdev_findbyaddr.c.o
[1108/1490] Building C object net/CMakeFiles/net.dir/netdev/netdev_findbyname.c.o
[1109/1490] Building C object net/CMakeFiles/net.dir/local/local_sockif.c.o
[1110/1490] Building C object net/CMakeFiles/net.dir/netdev/netdev_ioctl.c.o
[1111/1490] Building C object net/CMakeFiles/net.dir/netdev/netdev_ifconf.c.o
[1112/1490] Building C object net/CMakeFiles/net.dir/netdev/netdev_findbyindex.c.o
[1113/1490] Building C object net/CMakeFiles/net.dir/netdev/netdev_count.c.o
[1114/1490] Building C object net/CMakeFiles/net.dir/netdev/netdev_foreach.c.o
[1115/1490] Building C object net/CMakeFiles/net.dir/netdev/netdev_lladdrsize.c.o
[1116/1490] Building C object net/CMakeFiles/net.dir/netdev/netdev_carrier.c.o
[1117/1490] Building C object net/CMakeFiles/net.dir/netdev/netdev_checksum.c.o
[1118/1490] Building C object net/CMakeFiles/net.dir/netdev/netdev_unregister.c.o
[1119/1490] Building C object net/CMakeFiles/net.dir/netdev/netdev_verify.c.o
[1120/1490] Building C object net/CMakeFiles/net.dir/netdev/netdev_default.c.o
[1121/1490] Building C object net/CMakeFiles/net.dir/procfs/netdev_statistics.c.o
[1122/1490] Building C object net/CMakeFiles/net.dir/socket/getsockname.c.o
[1123/1490] Building C object net/CMakeFiles/net.dir/socket/getpeername.c.o
[1124/1490] Building C object net/CMakeFiles/net.dir/socket/accept.c.o
[1125/1490] Building C object net/CMakeFiles/net.dir/socket/bind.c.o
[1126/1490] Building C object net/CMakeFiles/net.dir/socket/connect.c.o
[1127/1490] Building C object net/CMakeFiles/net.dir/socket/listen.c.o
[1128/1490] Building C object net/CMakeFiles/net.dir/procfs/net_procfs.c.o
[1129/1490] Building C object net/CMakeFiles/net.dir/socket/send.c.o
[1130/1490] Building C object net/CMakeFiles/net.dir/socket/recvfrom.c.o
[1131/1490] Building C object net/CMakeFiles/net.dir/socket/recv.c.o
[1132/1490] Building C object net/CMakeFiles/net.dir/socket/sendto.c.o
[1133/1490] Building C object net/CMakeFiles/net.dir/socket/socket.c.o
[1134/1490] Building C object net/CMakeFiles/net.dir/socket/recvmsg.c.o
[1135/1490] Building C object net/CMakeFiles/net.dir/socket/net_close.c.o
[1136/1490] Building C object net/CMakeFiles/net.dir/socket/socketpair.c.o
[1137/1490] Building C object net/CMakeFiles/net.dir/socket/shutdown.c.o
[1138/1490] Building C object net/CMakeFiles/net.dir/socket/sendmsg.c.o
[1139/1490] Building C object net/CMakeFiles/net.dir/socket/net_poll.c.o
[1140/1490] Building C object net/CMakeFiles/net.dir/socket/net_sockif.c.o
[1141/1490] Building C object net/CMakeFiles/net.dir/socket/net_mmap.c.o
[1142/1490] Building C object net/CMakeFiles/net.dir/socket/net_fstat.c.o
[1143/1490] Building C object net/CMakeFiles/net.dir/socket/net_dup2.c.o
[1144/1490] Building C object net/CMakeFiles/net.dir/socket/net_timeo.c.o
[1145/1490] Building C object net/CMakeFiles/net.dir/utils/net_dsec2tick.c.o
[1146/1490] Building C object net/CMakeFiles/net.dir/socket/setsockopt.c.o
[1147/1490] Building C object net/CMakeFiles/net.dir/utils/net_dsec2timeval.c.o
[1148/1490] Building C object net/CMakeFiles/net.dir/utils/net_timeval2dsec.c.o
[1149/1490] Building C object net/CMakeFiles/net.dir/socket/getsockopt.c.o
[1150/1490] Building C object net/CMakeFiles/net.dir/utils/net_ipchksum.c.o
[1151/1490] Building C object net/CMakeFiles/net.dir/utils/net_iob_concat.c.o
[1152/1490] Building C object net/CMakeFiles/net.dir/utils/net_chksum.c.o
[1153/1490] Building C object net/CMakeFiles/net.dir/utils/net_incr32.c.o
[1154/1490] Building C object net/CMakeFiles/net.dir/utils/net_mask2pref.c.o
[1155/1490] Building C object sched/CMakeFiles/sched.dir/clock/clock.c.o
[1156/1490] Building C object net/CMakeFiles/net.dir/utils/net_cmsg.c.o
[1157/1490] Building C object net/CMakeFiles/net.dir/net_initialize.c.o
[1158/1490] Building C object sched/CMakeFiles/sched.dir/clock/clock_getres.c.o
[1159/1490] Building C object net/CMakeFiles/net.dir/utils/net_snoop.c.o
[1160/1490] Building C object sched/CMakeFiles/sched.dir/clock/clock_initialize.c.o
[1161/1490] Building C object sched/CMakeFiles/sched.dir/clock/clock_notifier.c.o
[1162/1490] Building C object sched/CMakeFiles/sched.dir/clock/clock_settime.c.o
[1163/1490] Building C object sched/CMakeFiles/sched.dir/clock/clock_gettime.c.o
[1164/1490] Building C object sched/CMakeFiles/sched.dir/clock/clock_systime_ticks.c.o
[1165/1490] Building C object sched/CMakeFiles/sched.dir/clock/clock_systime_timespec.c.o
[1166/1490] Building C object net/CMakeFiles/net.dir/utils/net_lock.c.o
[1167/1490] Building C object sched/CMakeFiles/sched.dir/clock/clock_perf.c.o
[1168/1490] Building C object sched/CMakeFiles/sched.dir/clock/clock_realtime2absticks.c.o
[1169/1490] Building C object sched/CMakeFiles/sched.dir/group/group_create.c.o
[1170/1490] Building C object sched/CMakeFiles/sched.dir/group/group_join.c.o
[1171/1490] Building C object sched/CMakeFiles/sched.dir/group/group_setupidlefiles.c.o
[1172/1490] Building C object sched/CMakeFiles/sched.dir/group/group_leave.c.o
[1173/1490] Building C object sched/CMakeFiles/sched.dir/group/group_setuptaskfiles.c.o
[1174/1490] Building C object sched/CMakeFiles/sched.dir/group/group_foreachchild.c.o
[1175/1490] Linking C static library net/libnet.a
[1176/1490] Building C object sched/CMakeFiles/sched.dir/group/group_killchildren.c.o
[1177/1490] Building C object sched/CMakeFiles/sched.dir/instrument/instrument.c.o
[1178/1490] Building C object sched/CMakeFiles/sched.dir/group/group_signal.c.o
[1179/1490] Building C object sched/CMakeFiles/sched.dir/init/nx_bringup.c.o
[1180/1490] Building C object sched/CMakeFiles/sched.dir/irq/irq_attach.c.o
[1181/1490] Building C object sched/CMakeFiles/sched.dir/init/nx_start.c.o
[1182/1490] Building C object sched/CMakeFiles/sched.dir/irq/irq_initialize.c.o
[1183/1490] Building C object sched/CMakeFiles/sched.dir/irq/irq_dispatch.c.o
[1184/1490] Building C object sched/CMakeFiles/sched.dir/irq/irq_unexpectedisr.c.o
[1185/1490] Building C object sched/CMakeFiles/sched.dir/irq/irq_attach_thread.c.o
[1186/1490] Building C object sched/CMakeFiles/sched.dir/irq/irq_csection.c.o
[1187/1490] Building C object sched/CMakeFiles/sched.dir/irq/irq_attach_wqueue.c.o
[1188/1490] Building C object sched/CMakeFiles/sched.dir/misc/panic_notifier.c.o
[1189/1490] Building C object sched/CMakeFiles/sched.dir/mqueue/mq_recover.c.o
[1190/1490] Building C object sched/CMakeFiles/sched.dir/mqueue/mq_initialize.c.o
[1191/1490] Building C object sched/CMakeFiles/sched.dir/mqueue/mq_waitirq.c.o
[1192/1490] Building C object sched/CMakeFiles/sched.dir/misc/reboot_notifier.c.o
[1193/1490] Building C object sched/CMakeFiles/sched.dir/misc/assert.c.o
[1194/1490] Building C object sched/CMakeFiles/sched.dir/mqueue/mq_send.c.o
[1195/1490] Building C object sched/CMakeFiles/sched.dir/mqueue/mq_sndinternal.c.o
[1196/1490] Building C object sched/CMakeFiles/sched.dir/mqueue/mq_msgfree.c.o
[1197/1490] Building C object sched/CMakeFiles/sched.dir/mqueue/mq_msgqalloc.c.o
[1198/1490] Building C object sched/CMakeFiles/sched.dir/mqueue/mq_rcvinternal.c.o
[1199/1490] Building C object sched/CMakeFiles/sched.dir/mqueue/mq_msgqfree.c.o
[1200/1490] Building C object sched/CMakeFiles/sched.dir/mqueue/mq_setattr.c.o
[1201/1490] Building C object sched/CMakeFiles/sched.dir/mqueue/mq_receive.c.o
[1202/1490] Building C object sched/CMakeFiles/sched.dir/mqueue/mq_notify.c.o
[1203/1490] Building C object sched/CMakeFiles/sched.dir/mqueue/mq_getattr.c.o
[1204/1490] Building C object sched/CMakeFiles/sched.dir/mqueue/msgctl.c.o
[1205/1490] Building C object sched/CMakeFiles/sched.dir/mqueue/msgget.c.o
[1206/1490] Building C object sched/CMakeFiles/sched.dir/mqueue/msginternal.c.o
[1207/1490] Building C object sched/CMakeFiles/sched.dir/mqueue/msgsnd.c.o
[1208/1490] Building C object sched/CMakeFiles/sched.dir/pthread/pthread_create.c.o
[1209/1490] Building C object sched/CMakeFiles/sched.dir/mqueue/msgrcv.c.o
[1210/1490] Building C object sched/CMakeFiles/sched.dir/pthread/pthread_exit.c.o
[1211/1490] Building C object sched/CMakeFiles/sched.dir/pthread/pthread_getschedparam.c.o
[1212/1490] Building C object sched/CMakeFiles/sched.dir/pthread/pthread_setschedparam.c.o
[1213/1490] Building C object sched/CMakeFiles/sched.dir/pthread/pthread_detach.c.o
[1214/1490] Building C object sched/CMakeFiles/sched.dir/pthread/pthread_sigmask.c.o
[1215/1490] Building C object sched/CMakeFiles/sched.dir/pthread/pthread_join.c.o
[1216/1490] Building C object sched/CMakeFiles/sched.dir/pthread/pthread_cancel.c.o
[1217/1490] Building C object sched/CMakeFiles/sched.dir/pthread/pthread_release.c.o
[1218/1490] Building C object sched/CMakeFiles/sched.dir/pthread/pthread_findjoininfo.c.o
[1219/1490] Building C object sched/CMakeFiles/sched.dir/pthread/pthread_setschedprio.c.o
[1220/1490] Building C object sched/CMakeFiles/sched.dir/sched/sched_getfiles.c.o
[1221/1490] Building C object sched/CMakeFiles/sched.dir/sched/sched_profil.c.o
[1222/1490] Building C object sched/CMakeFiles/sched.dir/pthread/pthread_completejoin.c.o
[1223/1490] Building C object sched/CMakeFiles/sched.dir/sched/sched_addreadytorun.c.o
[1224/1490] Building C object sched/CMakeFiles/sched.dir/sched/sched_removereadytorun.c.o
[1225/1490] Building C object sched/CMakeFiles/sched.dir/sched/sched_addblocked.c.o
[1226/1490] Building C object sched/CMakeFiles/sched.dir/sched/sched_verifytcb.c.o
[1227/1490] Building C object sched/CMakeFiles/sched.dir/sched/sched_removeblocked.c.o
[1228/1490] Building C object sched/CMakeFiles/sched.dir/sched/sched_getparam.c.o
[1229/1490] Building C object sched/CMakeFiles/sched.dir/sched/sched_setparam.c.o
[1230/1490] Building C object sched/CMakeFiles/sched.dir/sched/sched_gettcb.c.o
[1231/1490] Building C object sched/CMakeFiles/sched.dir/sched/sched_releasetcb.c.o
[1232/1490] Building C object sched/CMakeFiles/sched.dir/sched/sched_setpriority.c.o
[1233/1490] Building C object sched/CMakeFiles/sched.dir/sched/sched_setscheduler.c.o
[1234/1490] Building C object sched/CMakeFiles/sched.dir/sched/sched_yield.c.o
[1235/1490] Building C object sched/CMakeFiles/sched.dir/sched/sched_getscheduler.c.o
[1236/1490] Building C object sched/CMakeFiles/sched.dir/sched/sched_foreach.c.o
[1237/1490] Building C object sched/CMakeFiles/sched.dir/sched/sched_rrgetinterval.c.o
[1238/1490] Building C object sched/CMakeFiles/sched.dir/sched/sched_lock.c.o
[1239/1490] Building C object sched/CMakeFiles/sched.dir/sched/sched_lockcount.c.o
[1240/1490] Building C object sched/CMakeFiles/sched.dir/sched/sched_unlock.c.o
[1241/1490] Building C object sched/CMakeFiles/sched.dir/sched/sched_self.c.o
[1242/1490] Building C object sched/CMakeFiles/sched.dir/sched/sched_idletask.c.o
[1243/1490] Building C object sched/CMakeFiles/sched.dir/sched/sched_getcpu.c.o
[1244/1490] Building C object sched/CMakeFiles/sched.dir/sched/sched_sysinfo.c.o
[1245/1490] Building C object sched/CMakeFiles/sched.dir/sched/sched_get_tls.c.o
[1246/1490] Building C object sched/CMakeFiles/sched.dir/sched/sched_get_stackinfo.c.o
[1247/1490] Building C object sched/CMakeFiles/sched.dir/sched/sched_switchcontext.c.o
[1248/1490] Building C object sched/CMakeFiles/sched.dir/sched/sched_get_stateinfo.c.o
[1249/1490] Building C object sched/CMakeFiles/sched.dir/sched/sched_reprioritizertr.c.o
[1250/1490] Building C object sched/CMakeFiles/sched.dir/sched/sched_mergepending.c.o
[1251/1490] Building C object sched/CMakeFiles/sched.dir/sched/sched_waitpid.c.o
[1252/1490] Building C object sched/CMakeFiles/sched.dir/semaphore/sem_destroy.c.o
[1253/1490] Building C object sched/CMakeFiles/sched.dir/sched/sched_roundrobin.c.o
[1254/1490] Building C object sched/CMakeFiles/sched.dir/sched/sched_processtimer.c.o
[1255/1490] Building C object sched/CMakeFiles/sched.dir/semaphore/sem_trywait.c.o
[1256/1490] Building C object sched/CMakeFiles/sched.dir/semaphore/sem_tickwait.c.o
[1257/1490] Building C object sched/CMakeFiles/sched.dir/semaphore/sem_wait.c.o
[1258/1490] Building C object sched/CMakeFiles/sched.dir/semaphore/sem_timeout.c.o
[1259/1490] Building C object sched/CMakeFiles/sched.dir/semaphore/sem_recover.c.o
[1260/1490] Building C object sched/CMakeFiles/sched.dir/semaphore/sem_clockwait.c.o
[1261/1490] Building C object sched/CMakeFiles/sched.dir/semaphore/sem_post.c.o
[1262/1490] Building C object sched/CMakeFiles/sched.dir/semaphore/sem_reset.c.o
[1263/1490] Building C object sched/CMakeFiles/sched.dir/semaphore/sem_waitirq.c.o
[1264/1490] Building C object sched/CMakeFiles/sched.dir/signal/sig_allocpendingsigaction.c.o
[1265/1490] Building C object sched/CMakeFiles/sched.dir/signal/sig_findaction.c.o
[1266/1490] Building C object sched/CMakeFiles/sched.dir/signal/sig_action.c.o
[1267/1490] Building C object sched/CMakeFiles/sched.dir/signal/sig_cleanup.c.o
[1268/1490] Building C object sched/CMakeFiles/sched.dir/signal/sig_deliver.c.o
[1269/1490] Building C object sched/CMakeFiles/sched.dir/signal/sig_pending.c.o
[1270/1490] Building C object sched/CMakeFiles/sched.dir/signal/sig_initialize.c.o
[1271/1490] Building C object sched/CMakeFiles/sched.dir/signal/sig_releasependingsigaction.c.o
[1272/1490] Building C object sched/CMakeFiles/sched.dir/signal/sig_releasependingsignal.c.o
[1273/1490] Building C object sched/CMakeFiles/sched.dir/signal/sig_unmaskpendingsignal.c.o
[1274/1490] Building C object sched/CMakeFiles/sched.dir/signal/sig_removependingsignal.c.o
[1275/1490] Building C object sched/CMakeFiles/sched.dir/signal/sig_lowest.c.o
[1276/1490] Building C object sched/CMakeFiles/sched.dir/signal/sig_kill.c.o
[1277/1490] Building C object sched/CMakeFiles/sched.dir/signal/sig_nanosleep.c.o
[1278/1490] Building C object sched/CMakeFiles/sched.dir/semaphore/sem_rw.c.o
[1279/1490] Building C object sched/CMakeFiles/sched.dir/signal/sig_pause.c.o
[1280/1490] Building C object sched/CMakeFiles/sched.dir/signal/sig_notification.c.o
[1281/1490] Building C object sched/CMakeFiles/sched.dir/signal/sig_ppoll.c.o
[1282/1490] Building C object sched/CMakeFiles/sched.dir/signal/sig_dispatch.c.o
[1283/1490] Building C object sched/CMakeFiles/sched.dir/signal/sig_pselect.c.o
[1284/1490] Building C object sched/CMakeFiles/sched.dir/signal/sig_procmask.c.o
[1285/1490] Building C object sched/CMakeFiles/sched.dir/signal/sig_queue.c.o
[1286/1490] Building C object sched/CMakeFiles/sched.dir/signal/sig_sleep.c.o
[1287/1490] Building C object sched/CMakeFiles/sched.dir/signal/sig_tgkill.c.o
[1288/1490] Building C object sched/CMakeFiles/sched.dir/signal/sig_suspend.c.o
[1289/1490] Building C object sched/CMakeFiles/sched.dir/signal/sig_usleep.c.o
[1290/1490] Building C object sched/CMakeFiles/sched.dir/signal/sig_waitinfo.c.o
[1291/1490] Building C object sched/CMakeFiles/sched.dir/task/task_argvstr.c.o
[1292/1490] Building C object sched/CMakeFiles/sched.dir/task/task_create.c.o
[1293/1490] Building C object sched/CMakeFiles/sched.dir/task/task_init.c.o
[1294/1490] Building C object sched/CMakeFiles/sched.dir/task/task_start.c.o
[1295/1490] Building C object sched/CMakeFiles/sched.dir/task/task_delete.c.o
[1296/1490] Building C object sched/CMakeFiles/sched.dir/task/task_activate.c.o
[1297/1490] Building C object sched/CMakeFiles/sched.dir/task/task_exit.c.o
[1298/1490] Building C object sched/CMakeFiles/sched.dir/signal/sig_timedwait.c.o
[1299/1490] Building C object sched/CMakeFiles/sched.dir/task/task_setup.c.o
[1300/1490] Building C object sched/CMakeFiles/sched.dir/task/task_exithook.c.o
[1301/1490] Building C object sched/CMakeFiles/sched.dir/task/task_recover.c.o
[1302/1490] Building C object sched/CMakeFiles/sched.dir/task/task_prctl.c.o
[1303/1490] Building C object sched/CMakeFiles/sched.dir/task/task_restart.c.o
[1304/1490] Building C object sched/CMakeFiles/sched.dir/task/task_cancelpt.c.o
[1305/1490] Building C object sched/CMakeFiles/sched.dir/task/task_terminate.c.o
[1306/1490] Building C object sched/CMakeFiles/sched.dir/task/task_spawnparms.c.o
[1307/1490] Building C object sched/CMakeFiles/sched.dir/task/task_join.c.o
[1308/1490] Building C object sched/CMakeFiles/sched.dir/task/exit.c.o
[1309/1490] Building C object sched/CMakeFiles/sched.dir/task/task_execve.c.o
[1310/1490] Building C object sched/CMakeFiles/sched.dir/task/task_spawn.c.o
[1311/1490] Building C object sched/CMakeFiles/sched.dir/task/task_fork.c.o
[1312/1490] Building C object sched/CMakeFiles/sched.dir/task/task_posixspawn.c.o
[1313/1490] Building C object sched/CMakeFiles/sched.dir/timer/timer_delete.c.o
[1314/1490] Building C object sched/CMakeFiles/sched.dir/timer/timer_initialize.c.o
[1315/1490] Building C object sched/CMakeFiles/sched.dir/timer/timer_getoverrun.c.o
[1316/1490] Building C object sched/CMakeFiles/sched.dir/timer/timer_create.c.o
[1317/1490] Building C object sched/CMakeFiles/sched.dir/timer/timer_getitimer.c.o
[1318/1490] Building C object sched/CMakeFiles/sched.dir/timer/timer_gettime.c.o
[1319/1490] Building C object sched/CMakeFiles/sched.dir/timer/timer_release.c.o
[1320/1490] Building C object sched/CMakeFiles/sched.dir/tls/tls_initinfo.c.o
[1321/1490] Building C object sched/CMakeFiles/sched.dir/timer/timer_setitimer.c.o
[1322/1490] Building C object sched/CMakeFiles/sched.dir/tls/task_uninitinfo.c.o
[1323/1490] Building C object sched/CMakeFiles/sched.dir/tls/task_initinfo.c.o
[1324/1490] Building C object sched/CMakeFiles/sched.dir/tls/tls_dupinfo.c.o
[1325/1490] Building C object sched/CMakeFiles/sched.dir/wdog/wd_initialize.c.o
[1326/1490] Building C object sched/CMakeFiles/sched.dir/timer/timer_settime.c.o
[1327/1490] Building C object sched/CMakeFiles/sched.dir/wdog/wd_cancel.c.o
[1328/1490] Building C object sched/CMakeFiles/sched.dir/wdog/wd_gettime.c.o
[1329/1490] Building C object sched/CMakeFiles/sched.dir/wdog/wd_start.c.o
[1330/1490] Building C object boards/CMakeFiles/board.dir/__/dummy.c.o
[1331/1490] Building C object sched/CMakeFiles/sched.dir/wqueue/kwork_queue.c.o
[1332/1490] Building C object sched/CMakeFiles/sched.dir/wqueue/kwork_cancel.c.o
[1333/1490] Building C object apps/CMakeFiles/apps.dir/dummy.c.o
[1334/1490] Building C object boards/CMakeFiles/board.dir/risc-v/esp32s31/esp32s31-core-function-board/src/esp32s31_bringup.c.o
[1335/1490] Building C object boards/CMakeFiles/board.dir/risc-v/esp32s31/esp32s31-core-function-board/src/esp32s31_audio.c.o
In file included from /home/regex/work/esp32s31-openvela/openvela-dev/nuttx/arch/risc-v/src/common/espressif/esp_gpio.h:34,
                 from /home/regex/work/esp32s31-openvela/openvela-dev/nuttx/boards/risc-v/esp32s31/esp32s31-core-function-board/src/esp32s31_audio.c:18:
/home/regex/work/esp32s31-openvela/s31-reference/deps/esp-hal-3rdparty/components/esp_hal_gpio/include/hal/gpio_types.h:148:5: warning: 'SOC_GPIO_SUPPORT_PIN_HYS_CTRL_BY_EFUSE' is not defined, evaluates to '0' [-Wundef]
  148 | #if SOC_GPIO_SUPPORT_PIN_HYS_CTRL_BY_EFUSE
      |     ^~~~~~~~~~~~~~~~~~~~~~~~~~~~~~~~~~~~~~
[1336/1490] Building C object boards/CMakeFiles/board.dir/risc-v/esp32s31/esp32s31-core-function-board/src/esp32s31_reset.c.o
[1337/1490] Building C object boards/CMakeFiles/board.dir/risc-v/esp32s31/esp32s31-core-function-board/src/esp32s31_boot.c.o
[1338/1490] Building C object apps/CMakeFiles/apps.dir/audioutils/alsa-lib/error.c.o
[1339/1490] Building C object sched/CMakeFiles/sched.dir/wqueue/kwork_thread.c.o
[1340/1490] Building C object boards/CMakeFiles/board.dir/boardctl.c.o
[1341/1490] Building C object apps/CMakeFiles/apps.dir/audioutils/alsa-lib/channels_map.c.o
[1342/1490] Building C object apps/CMakeFiles/apps.dir/audioutils/alsa-lib/bits_convert.c.o
[1343/1490] Linking C static library boards/libboard.a
[1344/1490] Building C object apps/CMakeFiles/apps.dir/audioutils/alsa-lib/pcm_softvol.c.o
[1345/1490] Building C object apps/CMakeFiles/apps.dir/netutils/netinit/netinit.c.o
[1346/1490] Building C object apps/CMakeFiles/apps.dir/netutils/netlib/netlib_ipv4addrconv.c.o
[1347/1490] Building C object apps/CMakeFiles/apps.dir/netutils/netlib/netlib_ethaddrconv.c.o
[1348/1490] Building C object apps/CMakeFiles/apps.dir/netutils/netlib/netlib_parsehttpurl.c.o
[1349/1490] Linking C static library sched/libsched.a
[1350/1490] Building C object apps/CMakeFiles/apps.dir/netutils/netlib/netlib_getifstatus.c.o
[1351/1490] Building C object apps/CMakeFiles/apps.dir/netutils/netlib/netlib_setmacaddr.c.o
[1352/1490] Building C object apps/CMakeFiles/apps.dir/netutils/netlib/netlib_setifstatus.c.o
[1353/1490] Building C object apps/CMakeFiles/apps.dir/audioutils/alsa-lib/pcm_hw.c.o
[1354/1490] Building C object apps/CMakeFiles/apps.dir/netutils/netlib/netlib_getmacaddr.c.o
[1355/1490] Building C object apps/CMakeFiles/apps.dir/netutils/netlib/netlib_setmtu.c.o
[1356/1490] Building C object apps/CMakeFiles/apps.dir/nshlib/nsh_init.c.o
[1357/1490] Building C object apps/CMakeFiles/apps.dir/netutils/netlib/netlib_checkhttpconnectivity.c.o
[1358/1490] Building C object apps/CMakeFiles/apps.dir/audioutils/alsa-lib/pcm_params.c.o
[1359/1490] Building C object apps/CMakeFiles/apps.dir/audioutils/alsa-lib/pcm.c.o
[1360/1490] Building C object apps/CMakeFiles/apps.dir/nshlib/nsh_script.c.o
[1361/1490] Building C object apps/CMakeFiles/apps.dir/nshlib/nsh_system.c.o
[1362/1490] Building C object apps/CMakeFiles/apps.dir/nshlib/nsh_console.c.o
[1363/1490] Building C object apps/CMakeFiles/apps.dir/nshlib/nsh_mmcmds.c.o
[1364/1490] Building C object apps/CMakeFiles/apps.dir/nshlib/nsh_command.c.o
[1365/1490] Building C object apps/CMakeFiles/apps.dir/nshlib/nsh_ddcmd.c.o
[1366/1490] Building C object apps/CMakeFiles/apps.dir/nshlib/nsh_timcmds.c.o
[1367/1490] Building C object apps/CMakeFiles/apps.dir/nshlib/nsh_prompt.c.o
[1368/1490] Building C object apps/CMakeFiles/apps.dir/nshlib/nsh_envcmds.c.o
[1369/1490] Building C object apps/CMakeFiles/apps.dir/nshlib/nsh_proccmds.c.o
[1370/1490] Building C object apps/CMakeFiles/apps.dir/nshlib/nsh_syscmds.c.o
[1371/1490] Building C object apps/CMakeFiles/apps.dir/nshlib/nsh_session.c.o
[1372/1490] Building C object apps/CMakeFiles/apps.dir/nshlib/nsh_parse.c.o
[1373/1490] Building C object apps/CMakeFiles/apps.dir/nshlib/nsh_dbgcmds.c.o
[1374/1490] Building C object apps/CMakeFiles/apps.dir/nshlib/nsh_fileapps.c.o
[1375/1490] Building C object apps/CMakeFiles/apps.dir/nshlib/nsh_consolemain.c.o
[1376/1490] Building C object apps/CMakeFiles/apps.dir/nshlib/nsh_fsutils.c.o
[1377/1490] Building C object apps/CMakeFiles/apps.dir/nshlib/nsh_printf.c.o
[1378/1490] Building C object apps/CMakeFiles/apps.dir/nshlib/nsh_fscmds.c.o
[1379/1490] Building C object apps/CMakeFiles/apps.dir/nshlib/nsh_netcmds.c.o
[1380/1490] Building C object apps/CMakeFiles/apps.dir/nshlib/nsh_mntcmds.c.o
[1381/1490] Building C object apps/CMakeFiles/apps.dir/nshlib/nsh_test.c.o
[1382/1490] Building C object apps/CMakeFiles/apps.dir/nshlib/nsh_wait.c.o
[1383/1490] Building C object apps/CMakeFiles/apps.dir/system/nxplayer/nxplayer_common.c.o
[1384/1490] Building C object apps/CMakeFiles/apps.dir/system/nxplayer/nxplayer_sbc.c.o
[1385/1490] Building C object apps/CMakeFiles/apps.dir/nshlib/nsh_alias.c.o
[1386/1490] Building C object apps/CMakeFiles/apps.dir/system/nxplayer/nxplayer_mp3.c.o
[1387/1490] Building C object apps/CMakeFiles/apps.dir/system/nxrecorder/nxrecorder_common.c.o
[1388/1490] Building C object apps/CMakeFiles/apps.dir/system/nxrecorder/nxrecorder_amr.c.o
[1389/1490] Building C object apps/CMakeFiles/apps.dir/system/readline/readline.c.o
[1390/1490] Building C object apps/CMakeFiles/apps.dir/system/readline/readline_stream.c.o
[1391/1490] Building C object apps/CMakeFiles/apps.dir/system/readline/readline_fd.c.o
[1392/1490] Building C object apps/CMakeFiles/apps.dir/system/readline/readline_common.c.o
[1393/1490] Building C object apps/system/nsh/CMakeFiles/apps_sh.dir/sh_main.c.o
[1394/1490] Building C object apps/CMakeFiles/apps.dir/system/nxlooper/nxlooper.c.o
[1395/1490] Building C object apps/system/nsh/CMakeFiles/apps_nsh.dir/nsh_main.c.o
[1396/1490] Building C object apps/CMakeFiles/apps.dir/system/nxrecorder/nxrecorder.c.o
[1397/1490] Linking C static library apps/system/nsh/libapps_sh.a
[1398/1490] Linking C static library apps/system/nsh/libapps_nsh.a
[1399/1490] Building C object apps/CMakeFiles/apps.dir/system/nxplayer/nxplayer.c.o
[1400/1490] Building C object apps/CMakeFiles/apps.dir/system/ymodem/ymodem.c.o
[1401/1490] Building C object apps/system/nxlooper/CMakeFiles/apps_nxlooper.dir/nxlooper_main.c.o
[1402/1490] Linking C static library apps/system/nxlooper/libapps_nxlooper.a
[1403/1490] Building C object apps/system/nxrecorder/CMakeFiles/apps_nxrecorder.dir/nxrecorder_main.c.o
[1404/1490] Linking C static library apps/system/nxrecorder/libapps_nxrecorder.a
[1405/1490] Building C object apps/system/nxplayer/CMakeFiles/apps_nxplayer.dir/nxplayer_main.c.o
[1406/1490] Linking C static library apps/libapps.a
[1407/1490] Building C object apps/system/ymodem/CMakeFiles/apps_sb.dir/sb_main.c.o
[1408/1490] Linking C static library apps/system/nxplayer/libapps_nxplayer.a
[1409/1490] Linking C static library apps/system/ymodem/libapps_sb.a
[1410/1490] Building C object apps/system/ymodem/CMakeFiles/apps_rb.dir/rb_main.c.o
[1411/1490] Building C object apps/testing/drivers/drivertest/CMakeFiles/apps_cmocka_driver_simple.dir/drivertest_simple.c.o
[1412/1490] Building C object apps/testing/cmocka/CMakeFiles/apps_cmocka.dir/cmocka_main.c.o
[1413/1490] Linking C static library apps/system/ymodem/libapps_rb.a
[1414/1490] Building C object apps/external/android/CMakeFiles/android.dir/dummy.c.o
[1415/1490] Linking C static library apps/external/android/libandroid.a
[1416/1490] Building C object apps/testing/drivers/drivertest/CMakeFiles/apps_cmocka_posix_timer.dir/drivertest_posix_timer.c.o
[1417/1490] Building C object apps/testing/drivers/drivertest/CMakeFiles/apps_cmocka_driver_uart.dir/drivertest_uart.c.o
[1418/1490] Building C object apps/testing/drivers/drivertest/CMakeFiles/apps_cmocka_driver_rtc.dir/drivertest_rtc.c.o
[1419/1490] Building C object apps/testing/drivers/drivertest/CMakeFiles/apps_cmocka_driver_block.dir/drivertest_block.c.o
[1420/1490] Creating directories for 'ffmpeg_out_tree'
[1421/1490] No download step for 'ffmpeg_out_tree'
[1422/1490] No update step for 'ffmpeg_out_tree'
[1423/1490] Building C object apps/testing/mm/heaptest/CMakeFiles/apps_mm.dir/mm_main.c.o
[1424/1490] No patch step for 'ffmpeg_out_tree'
[1425/1490] Building C object apps/frameworks/multimedia/media/CMakeFiles/apps_mediad.dir/server/media_daemon.c.o
[1426/1490] Building C object apps/testing/drivers/drivertest/CMakeFiles/apps_cmocka_driver_audio.dir/drivertest_audio.c.o
[1427/1490] Building C object apps/frameworks/multimedia/media/CMakeFiles/apps_mediad.dir/server/media_plugin.c.o
[1428/1490] Linking C static library apps/testing/mm/heaptest/libapps_mm.a
[1429/1490] Building C object apps/frameworks/multimedia/media/CMakeFiles/apps_mediad.dir/server/media_stub.c.o
[1430/1490] Building C object apps/frameworks/multimedia/media/pfw/CMakeFiles/libpfw.dir/context.c.o
[1431/1490] Building C object apps/frameworks/multimedia/media/pfw/CMakeFiles/libpfw.dir/dump.c.o
[1432/1490] Building C object apps/frameworks/multimedia/media/CMakeFiles/apps_mediad.dir/server/media_server.c.o
[1433/1490] Linking C static library apps/frameworks/multimedia/media/libapps_mediad.a
[1434/1490] Building C object apps/frameworks/multimedia/media/pfw/CMakeFiles/libpfw.dir/vector.c.o
[1435/1490] Building C object apps/frameworks/multimedia/media/pfw/CMakeFiles/libpfw.dir/sanitizer.c.o
[1436/1490] Building C object apps/frameworks/multimedia/media/pfw/CMakeFiles/libpfw.dir/criterion.c.o
[1437/1490] Building C object apps/frameworks/multimedia/media/pfw/CMakeFiles/libpfw.dir/parser.c.o
[1438/1490] Building C object apps/frameworks/multimedia/media/pfw/CMakeFiles/libpfw.dir/system.c.o
[1439/1490] Linking C static library apps/frameworks/multimedia/media/pfw/liblibpfw.a
[1440/1490] Building C object apps/frameworks/system/utils/CMakeFiles/framework_utils.dir/trace/trace.c.o
[1441/1490] Building C object apps/frameworks/system/utils/CMakeFiles/framework_utils.dir/kvdb/direct.c.o
[1442/1490] Building C object apps/frameworks/system/utils/CMakeFiles/framework_utils.dir/kvdb/system_properties.c.o
[1443/1490] Building C object apps/frameworks/system/utils/CMakeFiles/framework_utils.dir/kvdb/backend.c.o
[1444/1490] Building C object apps/testing/cmocka/CMakeFiles/cmocka.dir/cmocka/src/cmocka.c.o
[1445/1490] Building C object apps/builtin/CMakeFiles/apps_builtin.dir/builtin_list.c.o
[1446/1490] Linking C static library apps/testing/cmocka/libcmocka.a
[1447/1490] Building C object apps/frameworks/system/utils/CMakeFiles/apps_setprop.dir/kvdb/setprop.c.o
[1448/1490] Linking C static library apps/builtin/libapps_builtin.a
[1449/1490] Linking C static library apps/testing/cmocka/libapps_cmocka.a
[1450/1490] Building C object apps/frameworks/system/utils/CMakeFiles/apps_getprop.dir/kvdb/getprop.c.o
[1451/1490] Linking C static library apps/testing/drivers/drivertest/libapps_cmocka_driver_simple.a
[1452/1490] Building C object apps/frameworks/system/utils/CMakeFiles/framework_utils.dir/kvdb/common.c.o
[1453/1490] Linking C static library apps/testing/drivers/drivertest/libapps_cmocka_driver_block.a
[1454/1490] Building C object apps/frameworks/system/utils/CMakeFiles/framework_utils.dir/kvdb/file.c.o
[1455/1490] Linking C static library apps/testing/drivers/drivertest/libapps_cmocka_driver_rtc.a
[1456/1490] Linking C static library apps/testing/drivers/drivertest/libapps_cmocka_posix_timer.a
[1457/1490] Linking C static library apps/testing/drivers/drivertest/libapps_cmocka_driver_uart.a
[1458/1490] Linking C static library apps/testing/drivers/drivertest/libapps_cmocka_driver_audio.a
[1459/1490] Linking C static library apps/frameworks/system/utils/libframework_utils.a
[1460/1490] Linking C static library apps/frameworks/system/utils/libapps_setprop.a
[1461/1490] Linking C static library apps/frameworks/system/utils/libapps_getprop.a
[1462/1490] Building C object apps/frameworks/multimedia/media/CMakeFiles/apps_mediatool.dir/media_tool.c.o
[1463/1490] Linking C static library apps/frameworks/multimedia/media/libapps_mediatool.a
[1464/1490] Performing configure step for 'ffmpeg_out_tree'
FAILED: apps/external/ffmpeg/ffmpeg_out_tree-prefix/src/ffmpeg_out_tree-stamp/ffmpeg_out_tree-configure /home/regex/work/esp32s31-openvela/openvela-dev/out/esp32s31-xts-flat-media/apps/external/ffmpeg/ffmpeg_out_tree-prefix/src/ffmpeg_out_tree-stamp/ffmpeg_out_tree-configure 
cd /home/regex/work/esp32s31-openvela/openvela-dev/out/esp32s31-xts-flat-media/apps/external/ffmpeg && /usr/bin/cmake -P /home/regex/work/esp32s31-openvela/openvela-dev/out/esp32s31-xts-flat-media/apps/external/ffmpeg/ffmpeg_out_tree-prefix/src/ffmpeg_out_tree-stamp/ffmpeg_out_tree-configure-.cmake && /usr/bin/cmake -E touch /home/regex/work/esp32s31-openvela/openvela-dev/out/esp32s31-xts-flat-media/apps/external/ffmpeg/ffmpeg_out_tree-prefix/src/ffmpeg_out_tree-stamp/ffmpeg_out_tree-configure
CMake Error at ffmpeg_out_tree-prefix/src/ffmpeg_out_tree-stamp/ffmpeg_out_tree-configure-.cmake:49 (message):
  Command failed: 2

   'bash' '-c' 'make -C /home/regex/work/esp32s31-openvela/openvela-dev/apps/external/ffmpeg DST_PATH=/home/regex/work/esp32s31-openvela/openvela-dev/out/esp32s31-xts-flat-media/apps/external/ffmpeg context V=1 -j32'

  See also

    /home/regex/work/esp32s31-openvela/openvela-dev/out/esp32s31-xts-flat-media/apps/external/ffmpeg/ffmpeg_out_tree-configure-*.log


ninja: build stopped: subcommand failed.
+ restore_config
+ '[' -f /tmp/s31-flat-source-config.aaL1H2/.config ']'
+ mv /tmp/s31-flat-source-config.aaL1H2/.config .config
+ '[' -f /tmp/s31-flat-source-config.aaL1H2/config.h ']'
+ mv /tmp/s31-flat-source-config.aaL1H2/config.h include/nuttx/config.h
+ rmdir /tmp/s31-flat-source-config.aaL1H2
