+ cmake -S . -B /home/regex/work/esp32s31-openvela/openvela-dev/out/esp32s31-xts-flat-rtc -G Ninja -DBOARD_CONFIG=esp32s31-core-function-board:xts-flat-rtc -DFETCHCONTENT_FULLY_DISCONNECTED=ON
-- Processing includes: /home/regex/work/esp32s31-openvela/openvela-dev/nuttx/boards/risc-v/esp32s31/esp32s31-core-function-board/configs/xts-flat-rtc/defconfig → /home/regex/work/esp32s31-openvela/openvela-dev/out/esp32s31-xts-flat-rtc/.defconfig.processed
-- NuttX Host Tools
-- Configuring done
-- Generating done
-- Build files have been written to: /home/regex/work/esp32s31-openvela/openvela-dev/out/esp32s31-xts-flat-rtc/bin_host
-- Configuring done
-- Generating done
-- Build files have been written to: /home/regex/work/esp32s31-openvela/openvela-dev/out/esp32s31-xts-flat-rtc
+ cmake --build /home/regex/work/esp32s31-openvela/openvela-dev/out/esp32s31-xts-flat-rtc --target resetconfig
[1/1] cd /home/regex/work/esp32s31-openvela/openvela-dev/nuttx && /usr/bin/cmake -E copy /home/regex/work/esp32s31-openvela/openvela-dev/out/esp32s31-xts-flat-rtc/.defconfig.processed /home/regex/work/esp32s31-openvela/openvela-dev/out/esp32s31-xts-flat-rtc/.config && /usr/bin/cmake -E env KCONFIG_CONFIG=/home/regex/work/esp32s31-openvela/openvela-dev/out/esp32s31-xts-flat-rtc/.config EXTERNALDIR=dummy APPSDIR=/home/regex/work/esp32s31-openvela/openvela-dev/apps DRIVERS_PLATFORM_DIR=dummy APPSBINDIR=/home/regex/work/esp32s31-openvela/openvela-dev/out/esp32s31-xts-flat-rtc/apps BINDIR=/home/regex/work/esp32s31-openvela/openvela-dev/out/esp32s31-xts-flat-rtc olddefconfig && /usr/bin/cmake -E copy /home/regex/work/esp32s31-openvela/openvela-dev/out/esp32s31-xts-flat-rtc/.config /home/regex/work/esp32s31-openvela/openvela-dev/out/esp32s31-xts-flat-rtc/.config.orig && /usr/bin/cmake -E remove -f /home/regex/work/esp32s31-openvela/openvela-dev/out/esp32s31-xts-flat-rtc/include/nuttx/config.h && /usr/bin/cmake -E touch /home/regex/work/esp32s31-openvela/openvela-dev/nuttx/CMakeLists.txt
Loaded configuration '/home/regex/work/esp32s31-openvela/openvela-dev/out/esp32s31-xts-flat-rtc/.config'
Configuration saved to '/home/regex/work/esp32s31-openvela/openvela-dev/out/esp32s31-xts-flat-rtc/.config'
+ cmake -S . -B /home/regex/work/esp32s31-openvela/openvela-dev/out/esp32s31-xts-flat-rtc -G Ninja -DBOARD_CONFIG=esp32s31-core-function-board:xts-flat-rtc -DFETCHCONTENT_FULLY_DISCONNECTED=ON
-- Processing includes: /home/regex/work/esp32s31-openvela/openvela-dev/nuttx/boards/risc-v/esp32s31/esp32s31-core-function-board/configs/xts-flat-rtc/defconfig → /home/regex/work/esp32s31-openvela/openvela-dev/out/esp32s31-xts-flat-rtc/.defconfig.processed
-- NuttX Host Tools
-- Configuring done
-- Generating done
-- Build files have been written to: /home/regex/work/esp32s31-openvela/openvela-dev/out/esp32s31-xts-flat-rtc/bin_host
-- Configuring done
-- Generating done
-- Build files have been written to: /home/regex/work/esp32s31-openvela/openvela-dev/out/esp32s31-xts-flat-rtc
+ for task_option in ARCH_CHIP_ESP32S31 ESPRESSIF_ESP32S31 BUILD_FLAT TESTING_MM TESTING_CMOCKA TESTING_DRIVER_TEST BCH
+ rg -q '^CONFIG_ARCH_CHIP_ESP32S31=y$' /home/regex/work/esp32s31-openvela/openvela-dev/out/esp32s31-xts-flat-rtc/.config
+ for task_option in ARCH_CHIP_ESP32S31 ESPRESSIF_ESP32S31 BUILD_FLAT TESTING_MM TESTING_CMOCKA TESTING_DRIVER_TEST BCH
+ rg -q '^CONFIG_ESPRESSIF_ESP32S31=y$' /home/regex/work/esp32s31-openvela/openvela-dev/out/esp32s31-xts-flat-rtc/.config
+ for task_option in ARCH_CHIP_ESP32S31 ESPRESSIF_ESP32S31 BUILD_FLAT TESTING_MM TESTING_CMOCKA TESTING_DRIVER_TEST BCH
+ rg -q '^CONFIG_BUILD_FLAT=y$' /home/regex/work/esp32s31-openvela/openvela-dev/out/esp32s31-xts-flat-rtc/.config
+ for task_option in ARCH_CHIP_ESP32S31 ESPRESSIF_ESP32S31 BUILD_FLAT TESTING_MM TESTING_CMOCKA TESTING_DRIVER_TEST BCH
+ rg -q '^CONFIG_TESTING_MM=y$' /home/regex/work/esp32s31-openvela/openvela-dev/out/esp32s31-xts-flat-rtc/.config
+ for task_option in ARCH_CHIP_ESP32S31 ESPRESSIF_ESP32S31 BUILD_FLAT TESTING_MM TESTING_CMOCKA TESTING_DRIVER_TEST BCH
+ rg -q '^CONFIG_TESTING_CMOCKA=y$' /home/regex/work/esp32s31-openvela/openvela-dev/out/esp32s31-xts-flat-rtc/.config
+ for task_option in ARCH_CHIP_ESP32S31 ESPRESSIF_ESP32S31 BUILD_FLAT TESTING_MM TESTING_CMOCKA TESTING_DRIVER_TEST BCH
+ rg -q '^CONFIG_TESTING_DRIVER_TEST=y$' /home/regex/work/esp32s31-openvela/openvela-dev/out/esp32s31-xts-flat-rtc/.config
+ for task_option in ARCH_CHIP_ESP32S31 ESPRESSIF_ESP32S31 BUILD_FLAT TESTING_MM TESTING_CMOCKA TESTING_DRIVER_TEST BCH
+ rg -q '^CONFIG_BCH=y$' /home/regex/work/esp32s31-openvela/openvela-dev/out/esp32s31-xts-flat-rtc/.config
+ rg -q '^CONFIG_BUILD_(KERNEL|PROTECTED)=y$' /home/regex/work/esp32s31-openvela/openvela-dev/out/esp32s31-xts-flat-rtc/.config
+ cmake --build /home/regex/work/esp32s31-openvela/openvela-dev/out/esp32s31-xts-flat-rtc -j8
[1/1303] cd /home/regex/work/esp32s31-openvela/openvela-dev/out/esp32s31-xts-flat-rtc/libs/libc/misc && /usr/bin/cmake -E touch /home/regex/work/esp32s31-openvela/openvela-dev/nuttx/libs/libc/misc/lib_utsname.c
[2/1303] cd /home/regex/work/esp32s31-openvela/openvela-dev/nuttx && /usr/bin/cmake -DKCONFIG_CONFIG=/home/regex/work/esp32s31-openvela/openvela-dev/out/esp32s31-xts-flat-rtc/.defconfig.processed -DNUTTX_DIR=/home/regex/work/esp32s31-openvela/openvela-dev/nuttx -DCMAKE_BINARY_DIR=/home/regex/work/esp32s31-openvela/openvela-dev/out/esp32s31-xts-flat-rtc -P /home/regex/work/esp32s31-openvela/openvela-dev/nuttx/cmake/nuttx_generate_dts.cmake
[3/1303] Building C object CMakeFiles/nuttx.dir/empty.c.o
[4/1303] Building C object arch/CMakeFiles/arch.dir/home/regex/work/esp32s31-openvela/s31-reference/deps/esp-hal-3rdparty/components/bootloader_support/src/bootloader_efuse.c.o
[5/1303] Building C object arch/CMakeFiles/arch.dir/home/regex/work/esp32s31-openvela/s31-reference/deps/esp-hal-3rdparty/components/efuse/esp32s31/esp_efuse_utility.c.o
[6/1303] Building C object arch/CMakeFiles/arch.dir/home/regex/work/esp32s31-openvela/s31-reference/deps/esp-hal-3rdparty/components/esp_hal_clock/esp32s31/clk_tree_hal.c.o
[7/1303] Building C object arch/CMakeFiles/arch.dir/home/regex/work/esp32s31-openvela/s31-reference/deps/esp-hal-3rdparty/components/esp_hal_dma/esp32s31/gdma_periph.c.o
[8/1303] Building C object arch/CMakeFiles/arch.dir/home/regex/work/esp32s31-openvela/s31-reference/deps/esp-hal-3rdparty/components/efuse/src/efuse_controller/keys/with_key_purposes/esp_efuse_api_key.c.o
[9/1303] Building C object arch/CMakeFiles/arch.dir/home/regex/work/esp32s31-openvela/s31-reference/deps/esp-hal-3rdparty/components/efuse/src/esp_efuse_utility.c.o
[10/1303] Building C object arch/CMakeFiles/arch.dir/home/regex/work/esp32s31-openvela/s31-reference/deps/esp-hal-3rdparty/components/bootloader_support/src/bootloader_init.c.o
[11/1303] Building C object arch/CMakeFiles/arch.dir/home/regex/work/esp32s31-openvela/s31-reference/deps/esp-hal-3rdparty/components/efuse/src/esp_efuse_api.c.o
[12/1303] Building C object arch/CMakeFiles/arch.dir/home/regex/work/esp32s31-openvela/s31-reference/deps/esp-hal-3rdparty/components/bootloader_support/src/flash_encrypt.c.o
[13/1303] Building C object arch/CMakeFiles/arch.dir/home/regex/work/esp32s31-openvela/s31-reference/deps/esp-hal-3rdparty/components/efuse/esp32s31/esp_efuse_table.c.o
[14/1303] Building C object arch/CMakeFiles/arch.dir/home/regex/work/esp32s31-openvela/s31-reference/deps/esp-hal-3rdparty/components/efuse/esp32s31/esp_efuse_fields.c.o
[15/1303] Building C object arch/CMakeFiles/arch.dir/home/regex/work/esp32s31-openvela/s31-reference/deps/esp-hal-3rdparty/components/esp_hal_mspi/spi_flash_encrypt_hal_iram.c.o
[16/1303] Building C object arch/CMakeFiles/arch.dir/risc-v/src/common/espressif/esp_systemreset.c.o
[17/1303] Building C object arch/CMakeFiles/arch.dir/home/regex/work/esp32s31-openvela/s31-reference/deps/esp-hal-3rdparty/components/esp_hal_pmu/esp32s31/pmu_hal.c.o
[18/1303] Building C object arch/CMakeFiles/arch.dir/home/regex/work/esp32s31-openvela/s31-reference/deps/esp-hal-3rdparty/components/bootloader_support/src/esp_image_format.c.o
[19/1303] Building C object arch/CMakeFiles/arch.dir/home/regex/work/esp32s31-openvela/s31-reference/deps/esp-hal-3rdparty/components/esp_hal_dma/gdma_hal_crc_gen.c.o
[20/1303] Building C object arch/CMakeFiles/arch.dir/home/regex/work/esp32s31-openvela/s31-reference/deps/esp-hal-3rdparty/components/esp_hal_gpio/esp32s31/dedic_gpio_periph.c.o
[21/1303] Building C object arch/CMakeFiles/arch.dir/home/regex/work/esp32s31-openvela/s31-reference/deps/esp-hal-3rdparty/components/esp_hal_dma/gdma_hal_ahb_v2.c.o
[22/1303] Building C object arch/CMakeFiles/arch.dir/home/regex/work/esp32s31-openvela/s31-reference/deps/esp-hal-3rdparty/components/esp_hal_dma/gdma_hal_top.c.o
[23/1303] Building C object arch/CMakeFiles/arch.dir/home/regex/work/esp32s31-openvela/s31-reference/deps/esp-hal-3rdparty/components/esp_hal_gpio/esp32s31/sdm_periph.c.o
[24/1303] Building C object arch/CMakeFiles/arch.dir/home/regex/work/esp32s31-openvela/s31-reference/deps/esp-hal-3rdparty/components/esp_hal_dma/gdma_hal_axi.c.o
[25/1303] Building C object arch/CMakeFiles/arch.dir/home/regex/work/esp32s31-openvela/s31-reference/deps/esp-hal-3rdparty/components/esp_hal_mspi/spi_flash_hal.c.o
[26/1303] Building C object arch/CMakeFiles/arch.dir/home/regex/work/esp32s31-openvela/s31-reference/deps/esp-hal-3rdparty/components/esp_hal_gpio/esp32s31/rtc_io_periph.c.o
[27/1303] Building C object arch/CMakeFiles/arch.dir/home/regex/work/esp32s31-openvela/s31-reference/deps/esp-hal-3rdparty/components/esp_hal_mspi/spi_flash_hal_gpspi.c.o
[28/1303] Building C object arch/CMakeFiles/arch.dir/home/regex/work/esp32s31-openvela/s31-reference/deps/esp-hal-3rdparty/components/esp_hal_gpio/sdm_hal.c.o
[29/1303] Building C object arch/CMakeFiles/arch.dir/home/regex/work/esp32s31-openvela/s31-reference/deps/esp-hal-3rdparty/components/esp_hal_systimer/systimer_hal.c.o
[30/1303] Building C object arch/CMakeFiles/arch.dir/home/regex/work/esp32s31-openvela/s31-reference/deps/esp-hal-3rdparty/components/esp_hal_gpio/gpio_hal.c.o
[31/1303] Building C object arch/CMakeFiles/arch.dir/home/regex/work/esp32s31-openvela/s31-reference/deps/esp-hal-3rdparty/components/esp_hal_mspi/spi_flash_hal_iram.c.o
[32/1303] Building C object arch/CMakeFiles/arch.dir/home/regex/work/esp32s31-openvela/s31-reference/deps/esp-hal-3rdparty/components/esp_hal_gpio/rtc_io_hal.c.o
[33/1303] Building C object arch/CMakeFiles/arch.dir/home/regex/work/esp32s31-openvela/s31-reference/deps/esp-hal-3rdparty/components/esp_hw_support/clk_ctrl_os.c.o
[34/1303] Building C object arch/CMakeFiles/arch.dir/home/regex/work/esp32s31-openvela/s31-reference/deps/esp-hal-3rdparty/components/esp_hal_timg/esp32s31/timer_periph.c.o
[35/1303] Building C object arch/CMakeFiles/arch.dir/home/regex/work/esp32s31-openvela/s31-reference/deps/esp-hal-3rdparty/components/esp_hal_wdt/wdt_hal_iram.c.o
[36/1303] Building C object arch/CMakeFiles/arch.dir/home/regex/work/esp32s31-openvela/s31-reference/deps/esp-hal-3rdparty/components/esp_hal_timg/timer_hal.c.o
[37/1303] Building C object arch/CMakeFiles/arch.dir/home/regex/work/esp32s31-openvela/s31-reference/deps/esp-hal-3rdparty/components/esp_hal_uart/esp32s31/uart_periph.c.o
[38/1303] Building C object arch/CMakeFiles/arch.dir/home/regex/work/esp32s31-openvela/s31-reference/deps/esp-hal-3rdparty/components/esp_hal_uart/uart_hal.c.o
[39/1303] Building C object arch/CMakeFiles/arch.dir/home/regex/work/esp32s31-openvela/s31-reference/deps/esp-hal-3rdparty/components/esp_hw_support/clk_utils.c.o
[40/1303] Building C object arch/CMakeFiles/arch.dir/home/regex/work/esp32s31-openvela/s31-reference/deps/esp-hal-3rdparty/components/esp_hw_support/cpu.c.o
[41/1303] Building C object arch/CMakeFiles/arch.dir/home/regex/work/esp32s31-openvela/s31-reference/deps/esp-hal-3rdparty/components/esp_hal_uart/uart_hal_iram.c.o
[42/1303] Building C object arch/CMakeFiles/arch.dir/home/regex/work/esp32s31-openvela/s31-reference/deps/esp-hal-3rdparty/components/esp_hw_support/esp_clk.c.o
[43/1303] Building C object arch/CMakeFiles/arch.dir/home/regex/work/esp32s31-openvela/s31-reference/deps/esp-hal-3rdparty/components/esp_hw_support/mac_addr.c.o
[44/1303] Building C object arch/CMakeFiles/arch.dir/home/regex/work/esp32s31-openvela/s31-reference/deps/esp-hal-3rdparty/components/esp_hw_support/port/esp32s31/esp_cpu_intr.c.o
[45/1303] Building C object arch/CMakeFiles/arch.dir/home/regex/work/esp32s31-openvela/s31-reference/deps/esp-hal-3rdparty/components/esp_hw_support/ldo/esp_ldo_regulator.c.o
[46/1303] Building C object arch/CMakeFiles/arch.dir/home/regex/work/esp32s31-openvela/s31-reference/deps/esp-hal-3rdparty/components/esp_hw_support/periph_ctrl.c.o
[47/1303] Building C object arch/CMakeFiles/arch.dir/risc-v/src/esp32s31/hal_backports/esp_gpio_reserve.c.o
[48/1303] Building C object arch/CMakeFiles/arch.dir/home/regex/work/esp32s31-openvela/s31-reference/deps/esp-hal-3rdparty/components/esp_hw_support/mspi/mspi_timing_tuning/mspi_timing_tuning.c.o
[49/1303] Building C object arch/CMakeFiles/arch.dir/home/regex/work/esp32s31-openvela/s31-reference/deps/esp-hal-3rdparty/components/esp_hw_support/esp_memory_utils.c.o
[50/1303] Building C object arch/CMakeFiles/arch.dir/home/regex/work/esp32s31-openvela/s31-reference/deps/esp-hal-3rdparty/components/esp_hw_support/port/esp32s31/cpu_region_protect.c.o
[51/1303] Building C object arch/CMakeFiles/arch.dir/home/regex/work/esp32s31-openvela/s31-reference/deps/esp-hal-3rdparty/components/esp_hw_support/hw_random.c.o
[52/1303] Building C object arch/CMakeFiles/arch.dir/home/regex/work/esp32s31-openvela/s31-reference/deps/esp-hal-3rdparty/components/esp_hw_support/port/esp32s31/systimer.c.o
[53/1303] Building C object arch/CMakeFiles/arch.dir/home/regex/work/esp32s31-openvela/s31-reference/deps/esp-hal-3rdparty/components/esp_hw_support/port/esp32s31/esp_clk_tree.c.o
[54/1303] Building C object arch/CMakeFiles/arch.dir/risc-v/src/esp32s31/hal_backports/rtc_clk_init.c.o
[55/1303] Building C object arch/CMakeFiles/arch.dir/home/regex/work/esp32s31-openvela/s31-reference/deps/esp-hal-3rdparty/components/esp_hw_support/port/esp32s31/rtc_time.c.o
[56/1303] Building C object arch/CMakeFiles/arch.dir/home/regex/work/esp32s31-openvela/s31-reference/deps/esp-hal-3rdparty/components/esp_hw_support/regi2c_ctrl.c.o
[57/1303] Building C object arch/CMakeFiles/arch.dir/home/regex/work/esp32s31-openvela/s31-reference/deps/esp-hal-3rdparty/components/esp_hw_support/port/esp32s31/io_mux.c.o
[58/1303] Building C object arch/CMakeFiles/arch.dir/home/regex/work/esp32s31-openvela/s31-reference/deps/esp-hal-3rdparty/components/esp_hw_support/rtc_module.c.o
[59/1303] Building C object arch/CMakeFiles/arch.dir/home/regex/work/esp32s31-openvela/s31-reference/deps/esp-hal-3rdparty/components/esp_hw_support/port/esp32s31/pmu_param.c.o
[60/1303] Building C object arch/CMakeFiles/arch.dir/home/regex/work/esp32s31-openvela/s31-reference/deps/esp-hal-3rdparty/components/esp_rom/patches/esp_rom_crc.c.o
[61/1303] Building C object arch/CMakeFiles/arch.dir/home/regex/work/esp32s31-openvela/s31-reference/deps/esp-hal-3rdparty/components/esp_rom/patches/esp_rom_efuse.c.o
[62/1303] Building C object arch/CMakeFiles/arch.dir/home/regex/work/esp32s31-openvela/s31-reference/deps/esp-hal-3rdparty/components/esp_rom/patches/esp_rom_gpio.c.o
[63/1303] Building C object arch/CMakeFiles/arch.dir/home/regex/work/esp32s31-openvela/s31-reference/deps/esp-hal-3rdparty/components/esp_hw_support/port/esp_clk_tree_common.c.o
[64/1303] Building C object arch/CMakeFiles/arch.dir/home/regex/work/esp32s31-openvela/s31-reference/deps/esp-hal-3rdparty/components/esp_hw_support/intr_alloc.c.o
[65/1303] Building C object arch/CMakeFiles/arch.dir/home/regex/work/esp32s31-openvela/s31-reference/deps/esp-hal-3rdparty/components/esp_hw_support/port/esp32s31/pmu_init.c.o
[66/1303] Building C object arch/CMakeFiles/arch.dir/home/regex/work/esp32s31-openvela/s31-reference/deps/esp-hal-3rdparty/components/esp_rom/patches/esp_rom_serial_output.c.o
[67/1303] Building C object arch/CMakeFiles/arch.dir/home/regex/work/esp32s31-openvela/s31-reference/deps/esp-hal-3rdparty/components/esp_mm/port/esp32s31/ext_mem_layout.c.o
[68/1303] Building C object arch/CMakeFiles/arch.dir/home/regex/work/esp32s31-openvela/s31-reference/deps/esp-hal-3rdparty/components/esp_rom/patches/esp_rom_print.c.o
[69/1303] Building C object arch/CMakeFiles/arch.dir/home/regex/work/esp32s31-openvela/s31-reference/deps/esp-hal-3rdparty/components/esp_rom/patches/esp_rom_spiflash.c.o
[70/1303] Building C object arch/CMakeFiles/arch.dir/home/regex/work/esp32s31-openvela/s31-reference/deps/esp-hal-3rdparty/components/esp_mm/esp_cache_msync.c.o
[71/1303] Building C object arch/CMakeFiles/arch.dir/home/regex/work/esp32s31-openvela/s31-reference/deps/esp-hal-3rdparty/components/esp_rom/patches/esp_rom_clic.c.o
[72/1303] Building C object arch/CMakeFiles/arch.dir/home/regex/work/esp32s31-openvela/s31-reference/deps/esp-hal-3rdparty/components/esp_hw_support/port/esp32s31/rtc_clk.c.o
[73/1303] Building C object arch/CMakeFiles/arch.dir/home/regex/work/esp32s31-openvela/s31-reference/deps/esp-hal-3rdparty/components/esp_mm/esp_cache_utils.c.o
[74/1303] Building C object arch/CMakeFiles/arch.dir/home/regex/work/esp32s31-openvela/s31-reference/deps/esp-hal-3rdparty/components/esp_system/port/soc/esp32s31/reset_reason.c.o
[75/1303] Building C object arch/CMakeFiles/arch.dir/home/regex/work/esp32s31-openvela/s31-reference/deps/esp-hal-3rdparty/components/esp_system/startup.c.o
[76/1303] Building C object arch/CMakeFiles/arch.dir/home/regex/work/esp32s31-openvela/s31-reference/deps/esp-hal-3rdparty/components/esp_rom/patches/esp_rom_sys.c.o
[77/1303] Building C object arch/CMakeFiles/arch.dir/home/regex/work/esp32s31-openvela/s31-reference/deps/esp-hal-3rdparty/components/esp_system/port/soc/esp32s31/system_internal.c.o
[78/1303] Building C object arch/CMakeFiles/arch.dir/home/regex/work/esp32s31-openvela/s31-reference/deps/esp-hal-3rdparty/components/esp_common/src/esp_err_to_name.c.o
[79/1303] Building C object arch/CMakeFiles/arch.dir/home/regex/work/esp32s31-openvela/s31-reference/deps/esp-hal-3rdparty/components/esp_system/esp_err.c.o
[80/1303] Building C object arch/CMakeFiles/arch.dir/home/regex/work/esp32s31-openvela/s31-reference/deps/esp-hal-3rdparty/components/esp_system/port/soc/esp32s31/clk.c.o
[81/1303] Building C object arch/CMakeFiles/arch.dir/home/regex/work/esp32s31-openvela/s31-reference/deps/esp-hal-3rdparty/components/log/src/log_level/log_level.c.o
[82/1303] Building C object arch/CMakeFiles/arch.dir/home/regex/work/esp32s31-openvela/s31-reference/deps/esp-hal-3rdparty/components/esp_system/startup_funcs.c.o
[83/1303] Building C object arch/CMakeFiles/arch.dir/home/regex/work/esp32s31-openvela/s31-reference/deps/esp-hal-3rdparty/components/esp_system/system_time.c.o
[84/1303] Building C object arch/CMakeFiles/arch.dir/home/regex/work/esp32s31-openvela/s31-reference/deps/esp-hal-3rdparty/components/esp_mm/esp_mmu_map.c.o
[85/1303] Building C object arch/CMakeFiles/arch.dir/home/regex/work/esp32s31-openvela/s31-reference/deps/esp-hal-3rdparty/components/esp_system/esp_system.c.o
[86/1303] Building C object arch/CMakeFiles/arch.dir/home/regex/work/esp32s31-openvela/s31-reference/deps/esp-hal-3rdparty/components/log/src/log_level/tag_log_level/linked_list/log_linked_list.c.o
[87/1303] Building C object arch/CMakeFiles/arch.dir/home/regex/work/esp32s31-openvela/s31-reference/deps/esp-hal-3rdparty/components/log/src/log_level/tag_log_level/tag_log_level.c.o
[88/1303] Building C object arch/CMakeFiles/arch.dir/home/regex/work/esp32s31-openvela/s31-reference/deps/esp-hal-3rdparty/components/esp_timer/src/system_time.c.o
[89/1303] Building C object arch/CMakeFiles/arch.dir/home/regex/work/esp32s31-openvela/s31-reference/deps/esp-hal-3rdparty/components/log/src/log.c.o
[90/1303] Building C object arch/CMakeFiles/arch.dir/home/regex/work/esp32s31-openvela/s31-reference/deps/esp-hal-3rdparty/components/log/src/noos/log_timestamp.c.o
[91/1303] Building C object arch/CMakeFiles/arch.dir/home/regex/work/esp32s31-openvela/s31-reference/deps/esp-hal-3rdparty/components/esp_timer/src/esp_timer_init.c.o
[92/1303] Building C object arch/CMakeFiles/arch.dir/home/regex/work/esp32s31-openvela/s31-reference/deps/esp-hal-3rdparty/components/log/src/noos/log_lock.c.o
[93/1303] Building C object arch/CMakeFiles/arch.dir/home/regex/work/esp32s31-openvela/s31-reference/deps/esp-hal-3rdparty/components/hal/esp32s31/efuse_hal.c.o
[94/1303] Building C object arch/CMakeFiles/arch.dir/home/regex/work/esp32s31-openvela/s31-reference/deps/esp-hal-3rdparty/components/hal/efuse_hal.c.o
[95/1303] Building C object arch/CMakeFiles/arch.dir/home/regex/work/esp32s31-openvela/s31-reference/deps/esp-hal-3rdparty/components/esp_timer/src/esp_timer_impl_common.c.o
[96/1303] Building C object arch/CMakeFiles/arch.dir/home/regex/work/esp32s31-openvela/s31-reference/deps/esp-hal-3rdparty/components/hal/hal_utils.c.o
[97/1303] Building C object arch/CMakeFiles/arch.dir/home/regex/work/esp32s31-openvela/s31-reference/deps/esp-hal-3rdparty/components/soc/esp32s31/interrupts.c.o
[98/1303] Building C object arch/CMakeFiles/arch.dir/home/regex/work/esp32s31-openvela/s31-reference/deps/esp-hal-3rdparty/components/esp_timer/src/esp_timer_impl_systimer.c.o
[99/1303] Building C object arch/CMakeFiles/arch.dir/home/regex/work/esp32s31-openvela/s31-reference/deps/esp-hal-3rdparty/components/soc/esp32s31/gpio_periph.c.o
[100/1303] Building C object arch/CMakeFiles/arch.dir/home/regex/work/esp32s31-openvela/s31-reference/deps/esp-hal-3rdparty/components/riscv/rv_utils.c.o
[101/1303] Building C object arch/CMakeFiles/arch.dir/home/regex/work/esp32s31-openvela/s31-reference/deps/esp-hal-3rdparty/components/log/src/os/log_write.c.o
[102/1303] Building C object arch/CMakeFiles/arch.dir/home/regex/work/esp32s31-openvela/s31-reference/deps/esp-hal-3rdparty/components/esp_timer/src/esp_timer.c.o
[103/1303] Building C object arch/CMakeFiles/arch.dir/home/regex/work/esp32s31-openvela/s31-reference/deps/esp-hal-3rdparty/components/soc/lldesc.c.o
[104/1303] Building C object arch/CMakeFiles/arch.dir/home/regex/work/esp32s31-openvela/s31-reference/deps/esp-hal-3rdparty/components/hal/cache_hal.c.o
[105/1303] Building C object arch/CMakeFiles/arch.dir/home/regex/work/esp32s31-openvela/s31-reference/deps/esp-hal-3rdparty/components/riscv/instruction_decode.c.o
[106/1303] Building C object arch/CMakeFiles/arch.dir/home/regex/work/esp32s31-openvela/s31-reference/deps/esp-hal-3rdparty/components/hal/mmu_hal.c.o
[107/1303] Building C object arch/CMakeFiles/arch.dir/home/regex/work/esp32s31-openvela/s31-reference/deps/esp-hal-3rdparty/components/log/src/os/util.c.o
[108/1303] Building C object arch/CMakeFiles/arch.dir/home/regex/work/esp32s31-openvela/s31-reference/deps/esp-hal-3rdparty/components/riscv/interrupt.c.o
[109/1303] Building C object arch/CMakeFiles/arch.dir/home/regex/work/esp32s31-openvela/s31-reference/deps/esp-hal-3rdparty/components/riscv/interrupt_clic.c.o
[110/1303] Building C object arch/CMakeFiles/arch.dir/home/regex/work/esp32s31-openvela/s31-reference/deps/esp-hal-3rdparty/components/spi_flash/spi_flash_chip_drivers.c.o
[111/1303] Building C object arch/CMakeFiles/arch.dir/home/regex/work/esp32s31-openvela/s31-reference/deps/esp-hal-3rdparty/components/spi_flash/spi_flash_chip_gd.c.o
[112/1303] Building C object arch/CMakeFiles/arch.dir/home/regex/work/esp32s31-openvela/s31-reference/deps/esp-hal-3rdparty/components/spi_flash/cache_utils.c.o
[113/1303] Building C object arch/CMakeFiles/arch.dir/home/regex/work/esp32s31-openvela/s31-reference/deps/esp-hal-3rdparty/components/spi_flash/spi_flash_chip_winbond.c.o
[114/1303] Building C object arch/CMakeFiles/arch.dir/home/regex/work/esp32s31-openvela/s31-reference/deps/esp-hal-3rdparty/components/spi_flash/spi_flash_hpm_enable.c.o
[115/1303] Building C object arch/CMakeFiles/arch.dir/home/regex/work/esp32s31-openvela/s31-reference/deps/esp-hal-3rdparty/components/spi_flash/flash_brownout_hook.c.o
[116/1303] Building C object arch/CMakeFiles/arch.dir/home/regex/work/esp32s31-openvela/s31-reference/deps/esp-hal-3rdparty/components/spi_flash/esp_flash_spi_init.c.o
/home/regex/work/esp32s31-openvela/s31-reference/deps/esp-hal-3rdparty/components/spi_flash/esp_flash_spi_init.c: In function 'acquire_spi_device':
/home/regex/work/esp32s31-openvela/s31-reference/deps/esp-hal-3rdparty/components/spi_flash/esp_flash_spi_init.c:234:35: warning: declaration of 'config' shadows a parameter [-Wshadow]
  234 |         spi_bus_lock_dev_config_t config = {.flags = SPI_BUS_LOCK_DEV_FLAG_CS_REQUIRED};
      |                                   ^~~~~~
/home/regex/work/esp32s31-openvela/s31-reference/deps/esp-hal-3rdparty/components/spi_flash/esp_flash_spi_init.c:226:74: note: shadowed declaration is here
  226 | static esp_err_t acquire_spi_device(const esp_flash_spi_device_config_t *config, int* out_dev_id, spi_bus_lock_dev_handle_t* out_dev_handle)
      |                                     ~~~~~~~~~~~~~~~~~~~~~~~~~~~~~~~~~~~~~^~~~~~
[117/1303] Building C object arch/CMakeFiles/arch.dir/home/regex/work/esp32s31-openvela/s31-reference/deps/esp-hal-3rdparty/components/spi_flash/esp_flash_api.c.o
/home/regex/work/esp32s31-openvela/s31-reference/deps/esp-hal-3rdparty/components/spi_flash/esp_flash_api.c: In function 'esp_flash_write':
/home/regex/work/esp32s31-openvela/s31-reference/deps/esp-hal-3rdparty/components/spi_flash/esp_flash_api.c:57:23: warning: declaration of 'ret' shadows a previous local [-Wshadow]
   57 |             esp_err_t ret = CHIP->os_func->region_protected(CHIP->os_func_data, ADDR, SIZE); \
      |                       ^~~
/home/regex/work/esp32s31-openvela/s31-reference/deps/esp-hal-3rdparty/components/spi_flash/esp_flash_api.c:1121:5: note: in expansion of macro 'CHECK_WRITE_ADDRESS'
 1121 |     CHECK_WRITE_ADDRESS(chip, address, length);
      |     ^~~~~~~~~~~~~~~~~~~
/home/regex/work/esp32s31-openvela/s31-reference/deps/esp-hal-3rdparty/components/spi_flash/esp_flash_api.c:1113:15: note: shadowed declaration is here
 1113 |     esp_err_t ret = ESP_FAIL;
      |               ^~~
/home/regex/work/esp32s31-openvela/s31-reference/deps/esp-hal-3rdparty/components/spi_flash/esp_flash_api.c: In function 'esp_flash_write_encrypted':
/home/regex/work/esp32s31-openvela/s31-reference/deps/esp-hal-3rdparty/components/spi_flash/esp_flash_api.c:57:23: warning: declaration of 'ret' shadows a previous local [-Wshadow]
   57 |             esp_err_t ret = CHIP->os_func->region_protected(CHIP->os_func_data, ADDR, SIZE); \
      |                       ^~~
/home/regex/work/esp32s31-openvela/s31-reference/deps/esp-hal-3rdparty/components/spi_flash/esp_flash_api.c:1362:5: note: in expansion of macro 'CHECK_WRITE_ADDRESS'
 1362 |     CHECK_WRITE_ADDRESS(chip, address, length);
      |     ^~~~~~~~~~~~~~~~~~~
/home/regex/work/esp32s31-openvela/s31-reference/deps/esp-hal-3rdparty/components/spi_flash/esp_flash_api.c:1350:15: note: shadowed declaration is here
 1350 |     esp_err_t ret = ESP_FAIL;
      |               ^~~
[118/1303] Building C object arch/CMakeFiles/arch.dir/home/regex/work/esp32s31-openvela/s31-reference/deps/esp-hal-3rdparty/components/spi_flash/spi_flash_os_func_app.c.o
[119/1303] Building C object arch/CMakeFiles/arch.dir/home/regex/work/esp32s31-openvela/s31-reference/deps/esp-hal-3rdparty/components/spi_flash/spi_flash_chip_generic.c.o
[120/1303] Building C object arch/CMakeFiles/arch.dir/home/regex/work/esp32s31-openvela/s31-reference/deps/esp-hal-3rdparty/components/spi_flash/flash_mmap.c.o
[121/1303] Building C object arch/CMakeFiles/arch.dir/home/regex/work/esp32s31-openvela/s31-reference/deps/esp-hal-3rdparty/components/spi_flash/flash_ops.c.o
[122/1303] Building C object arch/CMakeFiles/arch.dir/home/regex/work/esp32s31-openvela/s31-reference/deps/esp-hal-3rdparty/nuttx/src/components/newlib/newlib/libc/misc/init.c.o
[123/1303] Building C object arch/CMakeFiles/arch.dir/home/regex/work/esp32s31-openvela/s31-reference/deps/esp-hal-3rdparty/components/spi_flash/memspi_host_driver.c.o
[124/1303] Building C object arch/CMakeFiles/arch.dir/risc-v/src/esp32s31/esp32s31_pm_stubs.c.o
[125/1303] Building C object arch/CMakeFiles/arch.dir/home/regex/work/esp32s31-openvela/s31-reference/deps/esp-hal-3rdparty/components/upper_hal_uart/src/uart_wakeup.c.o
[126/1303] Building C object arch/CMakeFiles/arch.dir/home/regex/work/esp32s31-openvela/s31-reference/deps/esp-hal-3rdparty/components/spi_flash/spi_flash_os_func_noos.c.o
[127/1303] Building C object arch/CMakeFiles/arch.dir/home/regex/work/esp32s31-openvela/s31-reference/deps/esp-hal-3rdparty/components/upper_hal_gpio/src/rtc_io.c.o
[128/1303] Building C object arch/CMakeFiles/arch.dir/home/regex/work/esp32s31-openvela/s31-reference/deps/esp-hal-3rdparty/nuttx/src/heap_caps.c.o
[129/1303] Building C object arch/CMakeFiles/arch.dir/home/regex/work/esp32s31-openvela/s31-reference/deps/esp-hal-3rdparty/components/upper_hal_dma/src/esp_dma_utils.c.o
[130/1303] Building C object arch/CMakeFiles/arch.dir/home/regex/work/esp32s31-openvela/s31-reference/deps/esp-hal-3rdparty/components/bootloader_support/src/bootloader_clock_loader.c.o
[131/1303] Building C object arch/CMakeFiles/arch.dir/home/regex/work/esp32s31-openvela/s31-reference/deps/esp-hal-3rdparty/components/upper_hal_dma/src/gdma_link.c.o
[132/1303] Building C object arch/CMakeFiles/arch.dir/home/regex/work/esp32s31-openvela/s31-reference/deps/esp-hal-3rdparty/components/bootloader_support/src/esp32s31/bootloader_soc.c.o
[133/1303] Building C object arch/CMakeFiles/arch.dir/risc-v/src/esp32s31/esp32s31_os_adapter.c.o
[134/1303] Building C object arch/CMakeFiles/arch.dir/home/regex/work/esp32s31-openvela/s31-reference/deps/esp-hal-3rdparty/components/bootloader_support/src/bootloader_clock_init.c.o
[135/1303] Building C object arch/CMakeFiles/arch.dir/home/regex/work/esp32s31-openvela/s31-reference/deps/esp-hal-3rdparty/components/bootloader_support/bootloader_flash/src/flash_qio_mode.c.o
[136/1303] Building C object arch/CMakeFiles/arch.dir/home/regex/work/esp32s31-openvela/s31-reference/deps/esp-hal-3rdparty/components/esp_hal_regi2c/esp32s31/regi2c_impl.c.o
[137/1303] Building C object arch/CMakeFiles/arch.dir/home/regex/work/esp32s31-openvela/s31-reference/deps/esp-hal-3rdparty/components/bootloader_support/src/bootloader_mem.c.o
[138/1303] Building C object arch/CMakeFiles/arch.dir/home/regex/work/esp32s31-openvela/s31-reference/deps/esp-hal-3rdparty/components/upper_hal_gpio/src/gpio.c.o
/home/regex/work/esp32s31-openvela/s31-reference/deps/esp-hal-3rdparty/components/upper_hal_gpio/src/gpio.c: In function 'gpio_dump_io_configuration':
/home/regex/work/esp32s31-openvela/s31-reference/deps/esp-hal-3rdparty/components/upper_hal_gpio/src/gpio.c:1105:29: warning: format '%lu' expects argument of type 'long unsigned int', but argument 3 has type 'int' [-Wformat=]
 1105 |         fprintf(out_stream, "  FuncSel: %"PRIu32" (%s)\n", io_config.fun_sel, (io_config.fun_sel == PIN_FUNC_GPIO) ? "GPIO" : "IOMUX");
      |                             ^~~~~~~~~~~~~~                 ~~~~~~~~~~~~~~~~~
      |                                                                     |
      |                                                                     int
In file included from /home/regex/work/esp32s31-openvela/openvela-dev/nuttx/include/stdint.h:37,
                 from /home/regex/work/esp32s31-openvela/openvela-dev/nuttx/include/sys/types.h:34,
                 from /home/regex/work/esp32s31-openvela/openvela-dev/nuttx/arch/risc-v/src/esp32s31/include/esp32s31/rom/ets_sys.h:15,
                 from <command-line>:
/home/regex/work/esp32s31-openvela/openvela-dev/nuttx/include/arch/inttypes.h:79:35: note: format string is defined here
   79 | #define PRIu32      _PRI32PREFIX "u"
/home/regex/work/esp32s31-openvela/s31-reference/deps/esp-hal-3rdparty/components/upper_hal_gpio/src/gpio.c:1107:33: warning: format '%lu' expects argument of type 'long unsigned int', but argument 3 has type 'int' [-Wformat=]
 1107 |             fprintf(out_stream, "  GPIO Matrix SigOut ID: %"PRIu32"%s\n", io_config.sig_out, (io_config.sig_out == SIG_GPIO_OUT_IDX) ? " (simple GPIO output)" : "");
      |                                 ^~~~~~~~~~~~~~~~~~~~~~~~~~~~              ~~~~~~~~~~~~~~~~~
      |                                                                                    |
      |                                                                                    int
/home/regex/work/esp32s31-openvela/openvela-dev/nuttx/include/arch/inttypes.h:79:35: note: format string is defined here
   79 | #define PRIu32      _PRI32PREFIX "u"
[139/1303] Building C object arch/CMakeFiles/arch.dir/risc-v/src/esp32s31/hal_backports/bootloader_random_esp32s31.c.o
[140/1303] Building C object arch/CMakeFiles/arch.dir/home/regex/work/esp32s31-openvela/s31-reference/deps/esp-hal-3rdparty/components/bootloader_support/src/esp32s31/bootloader_esp32s31.c.o
[141/1303] Building C object arch/CMakeFiles/arch.dir/home/regex/work/esp32s31-openvela/s31-reference/deps/esp-hal-3rdparty/components/bootloader_support/src/bootloader_reset_common.c.o
[142/1303] Building C object arch/CMakeFiles/arch.dir/home/regex/work/esp32s31-openvela/s31-reference/deps/esp-hal-3rdparty/components/upper_hal_dma/src/gdma.c.o
[143/1303] Building C object arch/CMakeFiles/arch.dir/home/regex/work/esp32s31-openvela/s31-reference/deps/esp-hal-3rdparty/nuttx/src/bootloader_banner_wrap.c.o
[144/1303] Building C object arch/CMakeFiles/arch.dir/home/regex/work/esp32s31-openvela/s31-reference/deps/esp-hal-3rdparty/components/bootloader_support/src/bootloader_sha.c.o
[145/1303] Building C object arch/CMakeFiles/arch.dir/home/regex/work/esp32s31-openvela/s31-reference/deps/esp-hal-3rdparty/components/bootloader_support/bootloader_flash/src/bootloader_flash_config_esp32s31.c.o
[146/1303] Building C object arch/CMakeFiles/arch.dir/home/regex/work/esp32s31-openvela/s31-reference/deps/esp-hal-3rdparty/components/esp_hal_mspi/esp32s31/mspi_periph.c.o
[147/1303] Building C object arch/CMakeFiles/arch.dir/home/regex/work/esp32s31-openvela/s31-reference/deps/esp-hal-3rdparty/components/bootloader_support/src/bootloader_common_loader.c.o
[148/1303] Building C object arch/CMakeFiles/arch.dir/home/regex/work/esp32s31-openvela/s31-reference/deps/esp-hal-3rdparty/components/bootloader_support/src/bootloader_console_loader.c.o
[149/1303] Building ASM object arch/CMakeFiles/arch.dir/risc-v/src/common/espressif/esp_head.S.o
[150/1303] Building C object arch/CMakeFiles/arch.dir/home/regex/work/esp32s31-openvela/s31-reference/deps/esp-hal-3rdparty/components/efuse/src/esp_efuse_fields.c.o
[151/1303] Building ASM object arch/CMakeFiles/arch.dir/risc-v/src/common/espressif/esp_vectors.S.o
[152/1303] Building C object arch/CMakeFiles/arch.dir/home/regex/work/esp32s31-openvela/s31-reference/deps/esp-hal-3rdparty/components/bootloader_support/src/bootloader_random.c.o
[153/1303] Building C object arch/CMakeFiles/arch.dir/home/regex/work/esp32s31-openvela/s31-reference/deps/esp-hal-3rdparty/components/bootloader_support/src/bootloader_console.c.o
[154/1303] Building C object arch/CMakeFiles/arch.dir/home/regex/work/esp32s31-openvela/s31-reference/deps/esp-hal-3rdparty/components/bootloader_support/bootloader_flash/src/bootloader_flash.c.o
[155/1303] Building C object arch/CMakeFiles/arch.dir/risc-v/src/common/espressif/esp_allocateheap.c.o
[156/1303] Building C object arch/CMakeFiles/arch.dir/risc-v/src/common/espressif/esp_idle.c.o
[157/1303] Building C object arch/CMakeFiles/arch.dir/home/regex/work/esp32s31-openvela/s31-reference/deps/esp-hal-3rdparty/components/bootloader_support/src/bootloader_common.c.o
[158/1303] Building C object arch/CMakeFiles/arch.dir/home/regex/work/esp32s31-openvela/s31-reference/deps/esp-hal-3rdparty/components/esp_hw_support/mspi/mspi_timing_tuning/port/esp32s31/mspi_timing_config.c.o
[159/1303] Building C object arch/CMakeFiles/arch.dir/home/regex/work/esp32s31-openvela/s31-reference/deps/esp-hal-3rdparty/components/esp_psram/device/esp_psram_impl_ap_hex.c.o
[160/1303] Building C object arch/CMakeFiles/arch.dir/home/regex/work/esp32s31-openvela/s31-reference/deps/esp-hal-3rdparty/components/esp_psram/system_layer/esp_psram_mspi.c.o
[161/1303] Building C object arch/CMakeFiles/arch.dir/risc-v/src/common/espressif/esp_random.c.o
[162/1303] Building C object arch/CMakeFiles/arch.dir/risc-v/src/common/espressif/esp_timerisr.c.o
[163/1303] Building C object arch/CMakeFiles/arch.dir/home/regex/work/esp32s31-openvela/s31-reference/deps/esp-hal-3rdparty/components/esp_hw_support/mspi/mspi_timing_tuning/tuning_scheme_impl/mspi_timing_by_dqs.c.o
[164/1303] Building C object arch/CMakeFiles/arch.dir/risc-v/src/common/espressif/esp_rtc.c.o
[165/1303] Building C object arch/CMakeFiles/arch.dir/risc-v/src/common/espressif/esp_irq.c.o
[166/1303] Building C object arch/CMakeFiles/arch.dir/home/regex/work/esp32s31-openvela/s31-reference/deps/esp-hal-3rdparty/components/esp_psram/system_layer/esp_psram.c.o
[167/1303] Building C object arch/CMakeFiles/arch.dir/risc-v/src/common/espressif/esp_start.c.o
[168/1303] Building C object arch/CMakeFiles/arch.dir/risc-v/src/common/espressif/esp_rtc_gpio.c.o
[169/1303] Building ASM object arch/CMakeFiles/arch.dir/risc-v/src/common/riscv_exception_common.S.o
[170/1303] Building ASM object arch/CMakeFiles/arch.dir/risc-v/src/common/riscv_mhartid.S.o
[171/1303] Building ASM object arch/CMakeFiles/arch.dir/risc-v/src/common/riscv_saveusercontext.S.o
[172/1303] Building C object arch/CMakeFiles/arch.dir/risc-v/src/common/espressif/esp_gpio.c.o
[173/1303] Building C object arch/CMakeFiles/arch.dir/risc-v/src/common/espressif/esp_lowputc.c.o
[174/1303] Building C object arch/CMakeFiles/arch.dir/risc-v/src/common/riscv_cpuidlestack.c.o
[175/1303] Building C object arch/CMakeFiles/arch.dir/risc-v/src/common/riscv_allocateheap.c.o
[176/1303] Building C object arch/CMakeFiles/arch.dir/risc-v/src/common/riscv_createstack.c.o
[177/1303] Building C object arch/CMakeFiles/arch.dir/risc-v/src/common/riscv_cpuinfo.c.o
[178/1303] Building C object arch/CMakeFiles/arch.dir/risc-v/src/common/espressif/esp_libc_stubs.c.o
[179/1303] Building C object arch/CMakeFiles/arch.dir/risc-v/src/esp32s31/esp_chip_rev.c.o
[180/1303] Building C object arch/CMakeFiles/arch.dir/risc-v/src/common/espressif/esp_serial.c.o
[181/1303] Building C object arch/CMakeFiles/arch.dir/risc-v/src/common/espressif/esp_hr_timer.c.o
[182/1303] Building C object arch/CMakeFiles/arch.dir/risc-v/src/common/espressif/esp_ets_timer_legacy.c.o
[183/1303] Building C object arch/CMakeFiles/arch.dir/risc-v/src/common/riscv_initialize.c.o
[184/1303] Building C object arch/CMakeFiles/arch.dir/risc-v/src/common/riscv_getnewintctx.c.o
[185/1303] Building C object arch/CMakeFiles/arch.dir/risc-v/src/esp32s31/esp32s31_heap.c.o
[186/1303] Building C object arch/CMakeFiles/arch.dir/risc-v/src/esp32s31/esp32s31_rtc_periodic.c.o
[187/1303] Building C object arch/CMakeFiles/arch.dir/risc-v/src/common/riscv_initialstate.c.o
[188/1303] Building C object arch/CMakeFiles/arch.dir/risc-v/src/common/riscv_nputs.c.o
[189/1303] Building C object arch/CMakeFiles/arch.dir/risc-v/src/common/riscv_modifyreg32.c.o
[190/1303] Building C object arch/CMakeFiles/arch.dir/risc-v/src/common/riscv_registerdump.c.o
[191/1303] Building ASM object arch/CMakeFiles/arch.dir/risc-v/src/common/riscv_fpu.S.o
[192/1303] Building C object arch/CMakeFiles/arch.dir/risc-v/src/common/riscv_releasestack.c.o
[193/1303] Building C object arch/CMakeFiles/arch.dir/risc-v/src/common/riscv_getintstack.c.o
[194/1303] Building C object arch/CMakeFiles/arch.dir/risc-v/src/common/riscv_doirq.c.o
[195/1303] Building C object arch/CMakeFiles/arch.dir/risc-v/src/common/riscv_exit.c.o
[196/1303] Building C object arch/CMakeFiles/arch.dir/risc-v/src/common/riscv_exception.c.o
[197/1303] Building C object arch/CMakeFiles/arch.dir/risc-v/src/common/riscv_fpucmp.c.o
[198/1303] Building C object arch/CMakeFiles/arch.dir/risc-v/src/common/riscv_fork.c.o
[199/1303] Building C object arch/CMakeFiles/arch.dir/risc-v/src/common/riscv_tcbinfo.c.o
[200/1303] Building C object arch/CMakeFiles/arch.dir/risc-v/src/common/riscv_stackframe.c.o
[201/1303] Building C object arch/CMakeFiles/arch.dir/risc-v/src/common/riscv_pmp.c.o
[202/1303] Building C object arch/CMakeFiles/arch.dir/risc-v/src/common/riscv_switchcontext.c.o
[203/1303] Building C object arch/CMakeFiles/arch.dir/risc-v/src/common/riscv_swint.c.o
[204/1303] Building C object arch/CMakeFiles/arch.dir/risc-v/src/common/riscv_usestack.c.o
[205/1303] Building ASM object arch/CMakeFiles/arch.dir/risc-v/src/common/fork.S.o
[206/1303] Building C object arch/CMakeFiles/arch.dir/risc-v/src/common/riscv_schedulesigaction.c.o
[207/1303] Building C object binfmt/CMakeFiles/binfmt.dir/binfmt_globals.c.o
[208/1303] Building C object arch/CMakeFiles/arch.dir/risc-v/src/common/riscv_idle.c.o
[209/1303] Building C object arch/CMakeFiles/arch.dir/risc-v/src/common/riscv_sigdeliver.c.o
[210/1303] Building C object binfmt/CMakeFiles/binfmt.dir/binfmt_initialize.c.o
[211/1303] Building C object arch/CMakeFiles/arch.dir/risc-v/src/common/riscv_mdelay.c.o
[212/1303] Building C object binfmt/CMakeFiles/binfmt.dir/binfmt_register.c.o
[213/1303] Building C object arch/CMakeFiles/arch.dir/risc-v/src/common/riscv_udelay.c.o
[214/1303] Building C object binfmt/CMakeFiles/binfmt.dir/binfmt_unregister.c.o
[215/1303] Building C object binfmt/CMakeFiles/binfmt.dir/binfmt_loadmodule.c.o
[216/1303] Building C object binfmt/CMakeFiles/binfmt.dir/binfmt_unloadmodule.c.o
[217/1303] Building C object binfmt/CMakeFiles/binfmt.dir/binfmt_copyargv.c.o
[218/1303] Building C object binfmt/CMakeFiles/binfmt.dir/binfmt_copyactions.c.o
[219/1303] Building C object binfmt/CMakeFiles/binfmt.dir/binfmt_exec.c.o
[220/1303] Building C object binfmt/CMakeFiles/binfmt.dir/binfmt_execmodule.c.o
[221/1303] Building C object binfmt/CMakeFiles/binfmt.dir/binfmt_copyattr.c.o
[222/1303] Building C object binfmt/CMakeFiles/binfmt.dir/binfmt_dumpmodule.c.o
[223/1303] Building C object binfmt/CMakeFiles/binfmt.dir/binfmt_execsymtab.c.o
[224/1303] Building C object binfmt/CMakeFiles/binfmt.dir/builtin.c.o
[225/1303] Building C object drivers/CMakeFiles/drivers.dir/bch/bchlib_teardown.c.o
[226/1303] Building C object drivers/CMakeFiles/drivers.dir/bch/bchlib_setup.c.o
[227/1303] Linking C static library binfmt/libbinfmt.a
[228/1303] Building C object drivers/CMakeFiles/drivers.dir/bch/bchlib_write.c.o
[229/1303] Building C object drivers/CMakeFiles/drivers.dir/bch/bchlib_read.c.o
[230/1303] Building C object drivers/CMakeFiles/drivers.dir/bch/bchlib_cache.c.o
[231/1303] Building C object drivers/CMakeFiles/drivers.dir/bch/bchdev_register.c.o
[232/1303] Building C object drivers/CMakeFiles/drivers.dir/bch/bchdev_unregister.c.o
[233/1303] Building C object drivers/CMakeFiles/drivers.dir/misc/dev_null.c.o
[234/1303] Linking C static library arch/libarch.a
[235/1303] Building C object drivers/CMakeFiles/drivers.dir/misc/dev_zero.c.o
[236/1303] Building C object drivers/CMakeFiles/drivers.dir/misc/mkrd.c.o
[237/1303] Building C object drivers/CMakeFiles/drivers.dir/pipes/fifo.c.o
[238/1303] Building C object drivers/CMakeFiles/drivers.dir/pipes/pipe.c.o
[239/1303] Building C object drivers/CMakeFiles/drivers.dir/misc/ramdisk.c.o
[240/1303] Building C object drivers/CMakeFiles/drivers.dir/pipes/pipe_common.c.o
[241/1303] Building C object drivers/CMakeFiles/drivers.dir/loop/losetup.c.o
[242/1303] Building C object drivers/CMakeFiles/drivers.dir/syslog/syslog_initialize.c.o
[243/1303] Building C object drivers/CMakeFiles/drivers.dir/bch/bchdev_driver.c.o
[244/1303] Building C object drivers/CMakeFiles/drivers.dir/syslog/setlogmask.c.o
[245/1303] Building C object drivers/CMakeFiles/drivers.dir/syslog/vsyslog.c.o
[246/1303] Building C object drivers/CMakeFiles/drivers.dir/serial/serial_io.c.o
[247/1303] Building C object drivers/CMakeFiles/drivers.dir/syslog/syslog_channel.c.o
[248/1303] Building C object drivers/CMakeFiles/drivers.dir/syslog/syslog_flush.c.o
[249/1303] Building C object libs/libc/CMakeFiles/c.dir/dirent/lib_ftw.c.o
[250/1303] Building C object drivers/CMakeFiles/drivers.dir/syslog/syslog_write.c.o
[251/1303] Building C object libs/libc/CMakeFiles/c.dir/dirent/lib_opendir.c.o
[252/1303] Building C object drivers/CMakeFiles/drivers.dir/misc/rwbuffer.c.o
[253/1303] Building C object drivers/CMakeFiles/drivers.dir/drivers_initialize.c.o
[254/1303] Building C object libs/libc/CMakeFiles/c.dir/dirent/lib_fdopendir.c.o
[255/1303] Building C object libs/libc/CMakeFiles/c.dir/dirent/lib_closedir.c.o
[256/1303] Building C object libs/libc/CMakeFiles/c.dir/dirent/lib_nftw.c.o
[257/1303] Building C object libs/libc/CMakeFiles/c.dir/spawn/lib_psa_setflags.c.o
[258/1303] Building C object libs/libc/CMakeFiles/c.dir/dirent/lib_readdir.c.o
[259/1303] Building C object libs/libc/CMakeFiles/c.dir/dirent/lib_rewinddir.c.o
[260/1303] Building C object libs/libc/CMakeFiles/c.dir/spawn/lib_psa_setschedparam.c.o
[261/1303] Building C object libs/libc/CMakeFiles/c.dir/spawn/lib_psa_setschedpolicy.c.o
[262/1303] Building C object libs/libc/CMakeFiles/c.dir/spawn/lib_psa_getsigmask.c.o
[263/1303] Building C object libs/libc/CMakeFiles/c.dir/spawn/lib_psa_setsigmask.c.o
[264/1303] Building C object drivers/CMakeFiles/drivers.dir/timers/rtc.c.o
[265/1303] Building C object libs/libc/CMakeFiles/c.dir/spawn/lib_psa_getstacksize.c.o
[266/1303] Building C object fs/CMakeFiles/fs.dir/fs_heap.c.o
[267/1303] Building C object fs/CMakeFiles/fs.dir/driver/fs_unregisterdriver.c.o
[268/1303] Building C object fs/CMakeFiles/fs.dir/driver/fs_registerdriver.c.o
[269/1303] Building C object fs/CMakeFiles/fs.dir/fs_initialize.c.o
[270/1303] Building C object fs/CMakeFiles/fs.dir/driver/fs_registerpipedriver.c.o
[271/1303] Building C object fs/CMakeFiles/fs.dir/driver/fs_unregisterpipedriver.c.o
[272/1303] Building C object fs/CMakeFiles/fs.dir/driver/fs_registerblockdriver.c.o
[273/1303] Building C object fs/CMakeFiles/fs.dir/driver/fs_unregisterblockdriver.c.o
[274/1303] Building C object fs/CMakeFiles/fs.dir/driver/fs_findmtddriver.c.o
[275/1303] Building C object fs/CMakeFiles/fs.dir/driver/fs_openblockdriver.c.o
[276/1303] Building C object fs/CMakeFiles/fs.dir/driver/fs_closeblockdriver.c.o
[277/1303] Building C object fs/CMakeFiles/fs.dir/driver/fs_findblockdriver.c.o
[278/1303] Building C object fs/CMakeFiles/fs.dir/driver/fs_closemtddriver.c.o
[279/1303] Building C object drivers/CMakeFiles/drivers.dir/serial/serial.c.o
[280/1303] Building C object fs/CMakeFiles/fs.dir/driver/fs_blockpartition.c.o
[281/1303] Linking C static library drivers/libdrivers.a
[282/1303] Building C object fs/CMakeFiles/fs.dir/inode/fs_inode.c.o
[283/1303] Building C object fs/CMakeFiles/fs.dir/inode/fs_foreachinode.c.o
[284/1303] Building C object fs/CMakeFiles/fs.dir/driver/fs_blockmerge.c.o
[285/1303] Building C object fs/CMakeFiles/fs.dir/inode/fs_inodeaddref.c.o
[286/1303] Building C object fs/CMakeFiles/fs.dir/driver/fs_blockproxy.c.o
[287/1303] Building C object fs/CMakeFiles/fs.dir/inode/fs_inodebasename.c.o
[288/1303] Building C object fs/CMakeFiles/fs.dir/inode/fs_inodefind.c.o
[289/1303] Building C object fs/CMakeFiles/fs.dir/inode/fs_inodefree.c.o
[290/1303] Building C object fs/CMakeFiles/fs.dir/inode/fs_inodegetpath.c.o
[291/1303] Building C object fs/CMakeFiles/fs.dir/inode/fs_inoderelease.c.o
[292/1303] Building C object fs/CMakeFiles/fs.dir/inode/fs_inoderemove.c.o
[293/1303] Building C object fs/CMakeFiles/fs.dir/mmap/fs_mmisc.c.o
[294/1303] Building C object fs/CMakeFiles/fs.dir/inode/fs_inodereserve.c.o
[295/1303] Building C object fs/CMakeFiles/fs.dir/inode/fs_files.c.o
[296/1303] Building C object fs/CMakeFiles/fs.dir/inode/fs_inodesearch.c.o
[297/1303] Building C object fs/CMakeFiles/fs.dir/mmap/fs_munmap.c.o
[298/1303] Building C object fs/CMakeFiles/fs.dir/mmap/fs_msync.c.o
[299/1303] Building C object fs/CMakeFiles/fs.dir/mmap/fs_mmap.c.o
[300/1303] Building C object fs/CMakeFiles/fs.dir/mmap/fs_anonmap.c.o
[301/1303] Building C object fs/CMakeFiles/fs.dir/mount/fs_gettype.c.o
[302/1303] Building C object fs/CMakeFiles/fs.dir/mount/fs_foreachmountpoint.c.o
[303/1303] Building C object fs/CMakeFiles/fs.dir/mount/fs_umount2.c.o
[304/1303] Building C object fs/CMakeFiles/fs.dir/mount/fs_mount.c.o
[305/1303] Building C object fs/CMakeFiles/fs.dir/mqueue/mq_close.c.o
[306/1303] Building C object fs/CMakeFiles/fs.dir/mqueue/mq_unlink.c.o
[307/1303] Building C object fs/CMakeFiles/fs.dir/mount/fs_procfs_mount.c.o
[308/1303] Building C object fs/CMakeFiles/fs.dir/procfs/fs_procfscpuload.c.o
[309/1303] Building C object fs/CMakeFiles/fs.dir/procfs/fs_procfscritmon.c.o
[310/1303] Building C object fs/CMakeFiles/fs.dir/partition/fs_partition.c.o
[311/1303] Building C object fs/CMakeFiles/fs.dir/mqueue/mq_open.c.o
[312/1303] Building C object fs/CMakeFiles/fs.dir/procfs/fs_procfscpuinfo.c.o
[313/1303] Building C object fs/CMakeFiles/fs.dir/procfs/fs_procfsfdt.c.o
[314/1303] Building C object fs/CMakeFiles/fs.dir/procfs/fs_procfsiobinfo.c.o
[315/1303] Building C object fs/CMakeFiles/fs.dir/procfs/fs_procfsuptime.c.o
[316/1303] Building C object fs/CMakeFiles/fs.dir/procfs/fs_procfstcbinfo.c.o
[317/1303] Building C object fs/CMakeFiles/fs.dir/procfs/fs_procfsutil.c.o
[318/1303] Building C object fs/CMakeFiles/fs.dir/procfs/fs_procfsversion.c.o
[319/1303] Building C object fs/CMakeFiles/fs.dir/procfs/fs_procfsmeminfo.c.o
[320/1303] Building C object fs/CMakeFiles/fs.dir/procfs/fs_procfs.c.o
[321/1303] Building C object fs/CMakeFiles/fs.dir/vfs/fs_dup.c.o
[322/1303] Building C object fs/CMakeFiles/fs.dir/vfs/fs_close.c.o
[323/1303] Building C object fs/CMakeFiles/fs.dir/vfs/fs_dup3.c.o
[324/1303] Building C object fs/CMakeFiles/fs.dir/vfs/fs_chstat.c.o
[325/1303] Building C object fs/CMakeFiles/fs.dir/vfs/fs_dup2.c.o
[326/1303] Building C object fs/CMakeFiles/fs.dir/vfs/fs_fcntl.c.o
[327/1303] Building C object fs/CMakeFiles/fs.dir/procfs/fs_procfsproc.c.o
[328/1303] Building C object fs/CMakeFiles/fs.dir/vfs/fs_fstatfs.c.o
[329/1303] Building C object fs/CMakeFiles/fs.dir/vfs/fs_fchstat.c.o
[330/1303] Building C object fs/CMakeFiles/fs.dir/vfs/fs_fstat.c.o
[331/1303] Building C object fs/CMakeFiles/fs.dir/vfs/fs_ioctl.c.o
[332/1303] Building C object fs/CMakeFiles/fs.dir/vfs/fs_lseek.c.o
[333/1303] Building C object fs/CMakeFiles/fs.dir/vfs/fs_mkdir.c.o
[334/1303] Building C object fs/CMakeFiles/fs.dir/vfs/fs_pread.c.o
[335/1303] Building C object fs/CMakeFiles/fs.dir/vfs/fs_pwrite.c.o
[336/1303] Building C object fs/CMakeFiles/fs.dir/vfs/fs_open.c.o
[337/1303] Building C object fs/CMakeFiles/fs.dir/vfs/fs_read.c.o
[338/1303] Building C object fs/CMakeFiles/fs.dir/vfs/fs_poll.c.o
[339/1303] Building C object fs/CMakeFiles/fs.dir/vfs/fs_rename.c.o
[340/1303] Building C object fs/CMakeFiles/fs.dir/vfs/fs_rmdir.c.o
[341/1303] Building C object fs/CMakeFiles/fs.dir/vfs/fs_select.c.o
[342/1303] Building C object fs/CMakeFiles/fs.dir/vfs/fs_stat.c.o
[343/1303] Building C object fs/CMakeFiles/fs.dir/vfs/fs_sendfile.c.o
[344/1303] Building C object fs/CMakeFiles/fs.dir/vfs/fs_statfs.c.o
[345/1303] Building C object fs/CMakeFiles/fs.dir/vfs/fs_unlink.c.o
[346/1303] Building C object fs/CMakeFiles/fs.dir/vfs/fs_uio.c.o
[347/1303] Building C object fs/CMakeFiles/fs.dir/vfs/fs_epoll.c.o
[348/1303] Building C object fs/CMakeFiles/fs.dir/vfs/fs_syncfs.c.o
[349/1303] Building C object fs/CMakeFiles/fs.dir/vfs/fs_write.c.o
[350/1303] Building C object fs/CMakeFiles/fs.dir/vfs/fs_fsync.c.o
[351/1303] Building C object fs/CMakeFiles/fs.dir/vfs/fs_link.c.o
[352/1303] Building C object fs/CMakeFiles/fs.dir/vfs/fs_symlink.c.o
[353/1303] Building C object fs/CMakeFiles/fs.dir/vfs/fs_truncate.c.o
[354/1303] Building C object fs/CMakeFiles/fs.dir/vfs/fs_readlink.c.o
[355/1303] Building C object fs/CMakeFiles/fs.dir/vfs/fs_dir.c.o
[356/1303] Building C object libs/libc/CMakeFiles/c.dir/assert/lib_stackchk.c.o
[357/1303] Building C object libs/libc/CMakeFiles/c.dir/builtin/lib_builtin_getname.c.o
[358/1303] Building C object libs/libc/CMakeFiles/c.dir/assert/lib_assert.c.o
[359/1303] Building C object libs/libc/CMakeFiles/c.dir/builtin/lib_builtin_forindex.c.o
[360/1303] Building C object libs/libc/CMakeFiles/c.dir/builtin/lib_builtin_isavail.c.o
[361/1303] Building C object libs/libc/CMakeFiles/c.dir/ctype/lib_isalnum.c.o
[362/1303] Building C object libs/libc/CMakeFiles/c.dir/ctype/lib_isalpha.c.o
[363/1303] Building C object libs/libc/CMakeFiles/c.dir/ctype/lib_isascii.c.o
[364/1303] Building C object libs/libc/CMakeFiles/c.dir/ctype/lib_isblank.c.o
[365/1303] Building C object libs/libc/CMakeFiles/c.dir/ctype/lib_iscntrl.c.o
[366/1303] Building C object libs/libc/CMakeFiles/c.dir/ctype/lib_isdigit.c.o
[367/1303] Building C object libs/libc/CMakeFiles/c.dir/ctype/lib_isgraph.c.o
[368/1303] Building C object libs/libc/CMakeFiles/c.dir/ctype/lib_islower.c.o
[369/1303] Building C object libs/libc/CMakeFiles/c.dir/ctype/lib_isprint.c.o
[370/1303] Building C object libs/libc/CMakeFiles/c.dir/ctype/lib_ispunct.c.o
[371/1303] Building C object libs/libc/CMakeFiles/c.dir/ctype/lib_isspace.c.o
[372/1303] Building C object libs/libc/CMakeFiles/c.dir/ctype/lib_isupper.c.o
[373/1303] Building C object libs/libc/CMakeFiles/c.dir/ctype/lib_isxdigit.c.o
[374/1303] Building C object libs/libc/CMakeFiles/c.dir/ctype/lib_tolower.c.o
[375/1303] Building C object libs/libc/CMakeFiles/c.dir/ctype/lib_ctype.c.o
[376/1303] Building C object libs/libc/CMakeFiles/c.dir/ctype/lib_toupper.c.o
[377/1303] Building C object libs/libc/CMakeFiles/c.dir/dirent/lib_readdirr.c.o
[378/1303] Building C object libs/libc/CMakeFiles/c.dir/dirent/lib_alphasort.c.o
[379/1303] Building C object libs/libc/CMakeFiles/c.dir/dirent/lib_dirfd.c.o
[380/1303] Building C object libs/libc/CMakeFiles/c.dir/dirent/lib_telldir.c.o
[381/1303] Building C object libs/libc/CMakeFiles/c.dir/dirent/lib_versionsort.c.o
[382/1303] Building C object libs/libc/CMakeFiles/c.dir/dirent/lib_seekdir.c.o
[383/1303] Building C object libs/libc/CMakeFiles/c.dir/dirent/lib_scandir.c.o
[384/1303] Building C object libs/libc/CMakeFiles/c.dir/dlfcn/lib_dlfind_object.c.o
[385/1303] Building C object libs/libc/CMakeFiles/c.dir/environ/env_getenvironptr.c.o
[386/1303] Building C object libs/libc/CMakeFiles/c.dir/environ/env_release.c.o
[387/1303] Building C object libs/libc/CMakeFiles/c.dir/environ/env_findvar.c.o
[388/1303] Building C object libs/libc/CMakeFiles/c.dir/environ/env_clearenv.c.o
[389/1303] Building C object libs/libc/CMakeFiles/c.dir/environ/env_removevar.c.o
[390/1303] Building C object libs/libc/CMakeFiles/c.dir/environ/env_dup.c.o
[391/1303] Building C object libs/libc/CMakeFiles/c.dir/environ/env_putenv.c.o
[392/1303] Building C object libs/libc/CMakeFiles/c.dir/fixedmath/lib_fixedmath.c.o
[393/1303] Building C object libs/libc/CMakeFiles/c.dir/environ/env_getenv.c.o
[394/1303] Building C object libs/libc/CMakeFiles/c.dir/errno/lib_errno.c.o
[395/1303] Building C object fs/CMakeFiles/fs.dir/tmpfs/fs_tmpfs.c.o
[396/1303] Building C object libs/libc/CMakeFiles/c.dir/environ/env_foreach.c.o
[397/1303] Building C object libs/libc/CMakeFiles/c.dir/fixedmath/lib_b16sin.c.o
[398/1303] Building C object libs/libc/CMakeFiles/c.dir/fixedmath/lib_b16cos.c.o
[399/1303] Building C object libs/libc/CMakeFiles/c.dir/fixedmath/lib_b16atan2.c.o
[400/1303] Building C object libs/libc/CMakeFiles/c.dir/environ/env_setenv.c.o
[401/1303] Building C object libs/libc/CMakeFiles/c.dir/environ/env_unsetenv.c.o
[402/1303] Building C object libs/libc/CMakeFiles/c.dir/fixedmath/lib_ubsqrt.c.o
[403/1303] Building C object libs/libc/CMakeFiles/c.dir/grp/lib_getgrgidr.c.o
[404/1303] Building C object libs/libc/CMakeFiles/c.dir/grp/lib_getgrgid.c.o
[405/1303] Building C object libs/libc/CMakeFiles/c.dir/grp/lib_initgroups.c.o
[406/1303] Building C object libs/libc/CMakeFiles/c.dir/grp/lib_getgrnamr.c.o
[407/1303] Building C object libs/libc/CMakeFiles/c.dir/grp/lib_getgrnam.c.o
[408/1303] Building C object libs/libc/CMakeFiles/c.dir/inttypes/lib_imaxabs.c.o
[409/1303] Building C object libs/libc/CMakeFiles/c.dir/grp/lib_getgrbufr.c.o
[410/1303] Linking C static library fs/libfs.a
[411/1303] Building C object libs/libc/CMakeFiles/c.dir/grp/lib_getgrbuf.c.o
[412/1303] Building C object libs/libc/CMakeFiles/c.dir/inttypes/lib_imaxdiv.c.o
[413/1303] Building ASM object libs/libc/CMakeFiles/c.dir/machine/risc-v/arch_setjmp.S.o
[414/1303] Building C object libs/libc/CMakeFiles/c.dir/libgen/lib_basename.c.o
[415/1303] Building C object libs/libc/CMakeFiles/c.dir/inttypes/lib_strtoimax.c.o
[416/1303] Building C object libs/libc/CMakeFiles/c.dir/inttypes/lib_strtoumax.c.o
[417/1303] Building C object libs/libc/CMakeFiles/c.dir/libgen/lib_dirname.c.o
[418/1303] Building C object libs/libc/CMakeFiles/c.dir/misc/lib_creat.c.o
[419/1303] Building C object libs/libc/CMakeFiles/c.dir/misc/lib_xorshift128.c.o
[420/1303] Building C object libs/libc/CMakeFiles/c.dir/misc/lib_mknod.c.o
[421/1303] Building C object libs/libc/CMakeFiles/c.dir/misc/lib_bitmap.c.o
[422/1303] Building C object libs/libc/CMakeFiles/c.dir/misc/lib_tea_encrypt.c.o
[423/1303] Building C object libs/libc/CMakeFiles/c.dir/misc/lib_umask.c.o
[424/1303] Building C object libs/libc/CMakeFiles/c.dir/misc/lib_utsname.c.o
[425/1303] Building C object libs/libc/CMakeFiles/c.dir/misc/lib_getrandom.c.o
[426/1303] Building C object libs/libc/CMakeFiles/c.dir/misc/lib_impure.c.o
[427/1303] Building C object libs/libc/CMakeFiles/c.dir/misc/lib_tea_decrypt.c.o
[428/1303] Building C object libs/libc/CMakeFiles/c.dir/misc/lib_circbuf.c.o
[429/1303] Building C object libs/libc/CMakeFiles/c.dir/misc/lib_cxx_initialize.c.o
[430/1303] Building C object libs/libc/CMakeFiles/c.dir/misc/lib_fchmodat.c.o
[431/1303] Building C object libs/libc/CMakeFiles/c.dir/misc/lib_fstatat.c.o
[432/1303] Building C object libs/libc/CMakeFiles/c.dir/misc/lib_memfd.c.o
[433/1303] Building C object libs/libc/CMakeFiles/c.dir/misc/lib_getfullpath.c.o
[434/1303] Building C object libs/libc/CMakeFiles/c.dir/misc/lib_openat.c.o
[435/1303] Building C object libs/libc/CMakeFiles/c.dir/misc/lib_mkdirat.c.o
[436/1303] Building C object libs/libc/CMakeFiles/c.dir/misc/lib_mallopt.c.o
[437/1303] Building C object libs/libc/CMakeFiles/c.dir/misc/lib_getnprocs.c.o
[438/1303] Building C object libs/libc/CMakeFiles/c.dir/misc/lib_utimensat.c.o
[439/1303] Building C object libs/libc/CMakeFiles/c.dir/misc/lib_ratelimit.c.o
[440/1303] Building C object libs/libc/CMakeFiles/c.dir/misc/lib_sem_mutex_noinline.c.o
[441/1303] Building C object libs/libc/CMakeFiles/c.dir/misc/lib_umul32.c.o
[442/1303] Building C object libs/libc/CMakeFiles/c.dir/misc/lib_umul64.c.o
[443/1303] Building C object libs/libc/CMakeFiles/c.dir/misc/lib_umul32x64.c.o
[444/1303] Building C object libs/libc/CMakeFiles/c.dir/misc/lib_tempbuffer.c.o
[445/1303] Building C object libs/libc/CMakeFiles/c.dir/misc/lib_uadd32x64.c.o
[446/1303] Building C object libs/libc/CMakeFiles/c.dir/misc/lib_uadd64.c.o
[447/1303] Building C object libs/libc/CMakeFiles/c.dir/misc/lib_usub64x32.c.o
[448/1303] Building C object libs/libc/CMakeFiles/c.dir/misc/lib_usub64.c.o
[449/1303] Building C object libs/libc/CMakeFiles/c.dir/misc/lib_debug.c.o
[450/1303] Building C object libs/libc/CMakeFiles/c.dir/misc/lib_dumpbuffer.c.o
[451/1303] Building C object libs/libc/CMakeFiles/c.dir/misc/lib_idr.c.o
[452/1303] Building C object libs/libc/CMakeFiles/c.dir/misc/lib_fnmatch.c.o
[453/1303] Building C object libs/libc/CMakeFiles/c.dir/misc/lib_crc64emac.c.o
[454/1303] Building C object libs/libc/CMakeFiles/c.dir/misc/lib_crc64.c.o
[455/1303] Building C object libs/libc/CMakeFiles/c.dir/misc/lib_dumpvbuffer.c.o
[456/1303] Building C object libs/libc/CMakeFiles/c.dir/misc/lib_crc32.c.o
[457/1303] Building C object libs/libc/CMakeFiles/c.dir/misc/lib_crc32h04c11db7.c.o
[458/1303] Building C object libs/libc/CMakeFiles/c.dir/misc/lib_crc32hf4acfb13.c.o
[459/1303] Building C object libs/libc/CMakeFiles/c.dir/misc/lib_crc16.c.o
[460/1303] Building C object libs/libc/CMakeFiles/c.dir/misc/lib_crc16ccitt.c.o
[461/1303] Building C object libs/libc/CMakeFiles/c.dir/misc/lib_crc16h1021.c.o
[462/1303] Building C object libs/libc/CMakeFiles/c.dir/misc/lib_crc16h8005.c.o
[463/1303] Building C object libs/libc/CMakeFiles/c.dir/misc/lib_crc8.c.o
[464/1303] Building C object libs/libc/CMakeFiles/c.dir/misc/lib_crc8ccitt.c.o
[465/1303] Building C object libs/libc/CMakeFiles/c.dir/misc/lib_crc8h1d.c.o
[466/1303] Building C object libs/libc/CMakeFiles/c.dir/misc/lib_crc8h2f.c.o
[467/1303] Building C object libs/libc/CMakeFiles/c.dir/misc/lib_crc8rohc.c.o
[468/1303] Building C object libs/libc/CMakeFiles/c.dir/misc/lib_crc8table.c.o
[469/1303] Building C object libs/libc/CMakeFiles/c.dir/net/lib_addrconfig.c.o
[470/1303] Building C object libs/libc/CMakeFiles/c.dir/misc/lib_ftok.c.o
[471/1303] Building C object libs/libc/CMakeFiles/c.dir/misc/lib_instrument.c.o
[472/1303] Building C object libs/libc/CMakeFiles/c.dir/misc/lib_fdcheck.c.o
[473/1303] Building C object libs/libc/CMakeFiles/c.dir/misc/lib_err.c.o
[474/1303] Building C object libs/libc/CMakeFiles/c.dir/misc/lib_backtrace.c.o
[475/1303] Building C object libs/libc/CMakeFiles/c.dir/net/lib_htons.c.o
[476/1303] Building C object libs/libc/CMakeFiles/c.dir/sched/task_testcancel.c.o
[477/1303] Building C object libs/libc/CMakeFiles/c.dir/net/lib_htonl.c.o
[478/1303] Building C object libs/libc/CMakeFiles/c.dir/net/lib_htonq.c.o
[479/1303] Building C object libs/libc/CMakeFiles/c.dir/net/lib_base64.c.o
[480/1303] Building C object libs/libc/CMakeFiles/c.dir/misc/lib_glob.c.o
[481/1303] Building C object libs/libc/CMakeFiles/c.dir/net/lib_inetaton.c.o
[482/1303] Building C object libs/libc/CMakeFiles/c.dir/net/lib_inetaddr.c.o
[483/1303] Building C object libs/libc/CMakeFiles/c.dir/net/lib_inetntoa.c.o
[484/1303] Building C object libs/libc/CMakeFiles/c.dir/net/lib_inetntop.c.o
[485/1303] Building C object libs/libc/CMakeFiles/c.dir/net/lib_inetpton.c.o
[486/1303] Building C object libs/libc/CMakeFiles/c.dir/net/lib_inetnetwork.c.o
[487/1303] Building C object libs/libc/CMakeFiles/c.dir/obstack/lib_obstack_init.c.o
[488/1303] Building C object libs/libc/CMakeFiles/c.dir/obstack/lib_obstack_alloc.c.o
[489/1303] Building C object libs/libc/CMakeFiles/c.dir/obstack/lib_obstack_copy.c.o
[490/1303] Building C object libs/libc/CMakeFiles/c.dir/obstack/lib_obstack_free.c.o
[491/1303] Building C object libs/libc/CMakeFiles/c.dir/obstack/lib_obstack_blank.c.o
[492/1303] Building C object libs/libc/CMakeFiles/c.dir/obstack/lib_obstack_object_size.c.o
[493/1303] Building C object libs/libc/CMakeFiles/c.dir/obstack/lib_obstack_finish.c.o
[494/1303] Building C object libs/libc/CMakeFiles/c.dir/obstack/lib_obstack_room.c.o
[495/1303] Building C object libs/libc/CMakeFiles/c.dir/obstack/lib_obstack_grow.c.o
[496/1303] Building C object libs/libc/CMakeFiles/c.dir/obstack/lib_obstack_make_room.c.o
[497/1303] Building C object libs/libc/CMakeFiles/c.dir/obstack/lib_obstack_printf.c.o
[498/1303] Building C object libs/libc/CMakeFiles/c.dir/obstack/lib_obstack_vprintf.c.o
[499/1303] Building C object libs/libc/CMakeFiles/c.dir/misc/lib_lrucache.c.o
[500/1303] Building C object libs/libc/CMakeFiles/c.dir/pthread/pthread_attr_init.c.o
[501/1303] Building C object libs/libc/CMakeFiles/c.dir/pthread/pthread_attr_setinheritsched.c.o
[502/1303] Building C object libs/libc/CMakeFiles/c.dir/pthread/pthread_attr_destroy.c.o
[503/1303] Building C object libs/libc/CMakeFiles/c.dir/pthread/pthread_attr_setschedpolicy.c.o
[504/1303] Building C object libs/libc/CMakeFiles/c.dir/obstack/lib_obstack_malloc.c.o
[505/1303] Building C object libs/libc/CMakeFiles/c.dir/pthread/pthread_attr_getschedpolicy.c.o
[506/1303] Building C object libs/libc/CMakeFiles/c.dir/pthread/pthread_attr_setdetachstate.c.o
[507/1303] Building C object libs/libc/CMakeFiles/c.dir/pthread/pthread_attr_getinheritsched.c.o
[508/1303] Building C object libs/libc/CMakeFiles/c.dir/pthread/pthread_attr_getdetachstate.c.o
[509/1303] Building C object libs/libc/CMakeFiles/c.dir/pthread/pthread_attr_setstackaddr.c.o
[510/1303] Building C object libs/libc/CMakeFiles/c.dir/pthread/pthread_attr_getstackaddr.c.o
[511/1303] Building C object libs/libc/CMakeFiles/c.dir/pthread/pthread_attr_getstacksize.c.o
[512/1303] Building C object libs/libc/CMakeFiles/c.dir/pthread/pthread_attr_setstacksize.c.o
[513/1303] Building C object libs/libc/CMakeFiles/c.dir/pthread/pthread_attr_setstack.c.o
[514/1303] Building C object libs/libc/CMakeFiles/c.dir/pthread/pthread_attr_getstack.c.o
[515/1303] Building C object libs/libc/CMakeFiles/c.dir/pthread/pthread_attr_setschedparam.c.o
[516/1303] Building C object libs/libc/CMakeFiles/c.dir/pthread/pthread_attr_setscope.c.o
[517/1303] Building C object libs/libc/CMakeFiles/c.dir/pthread/pthread_attr_getscope.c.o
[518/1303] Building C object libs/libc/CMakeFiles/c.dir/pthread/pthread_attr_getschedparam.c.o
[519/1303] Building C object libs/libc/CMakeFiles/c.dir/pthread/pthread_attr_setguardsize.c.o
[520/1303] Building C object libs/libc/CMakeFiles/c.dir/pthread/pthread_attr_getguardsize.c.o
[521/1303] Building C object libs/libc/CMakeFiles/c.dir/pthread/pthread_barrierattr_init.c.o
[522/1303] Building C object libs/libc/CMakeFiles/c.dir/pthread/pthread_barrierattr_destroy.c.o
[523/1303] Building C object libs/libc/CMakeFiles/c.dir/pthread/pthread_barrierattr_getpshared.c.o
[524/1303] Building C object libs/libc/CMakeFiles/c.dir/pthread/pthread_barrierattr_setpshared.c.o
[525/1303] Building C object libs/libc/CMakeFiles/c.dir/pthread/pthread_barrierdestroy.c.o
[526/1303] Building C object libs/libc/CMakeFiles/c.dir/pthread/pthread_condattr_init.c.o
[527/1303] Building C object libs/libc/CMakeFiles/c.dir/pthread/pthread_barrierinit.c.o
[528/1303] Building C object libs/libc/CMakeFiles/c.dir/pthread/pthread_condattr_destroy.c.o
[529/1303] Building C object libs/libc/CMakeFiles/c.dir/pthread/pthread_barrierwait.c.o
[530/1303] Building C object libs/libc/CMakeFiles/c.dir/pthread/pthread_condattr_getpshared.c.o
[531/1303] Building C object libs/libc/CMakeFiles/c.dir/pthread/pthread_condattr_setpshared.c.o
[532/1303] Building C object libs/libc/CMakeFiles/c.dir/pthread/pthread_condattr_setclock.c.o
[533/1303] Building C object libs/libc/CMakeFiles/c.dir/pthread/pthread_condattr_getclock.c.o
[534/1303] Building C object libs/libc/CMakeFiles/c.dir/pthread/pthread_condinit.c.o
[535/1303] Building C object libs/libc/CMakeFiles/c.dir/pthread/pthread_condbroadcast.c.o
[536/1303] Building C object libs/libc/CMakeFiles/c.dir/pthread/pthread_condclockwait.c.o
[537/1303] Building C object libs/libc/CMakeFiles/c.dir/pthread/pthread_conddestroy.c.o
[538/1303] Building C object libs/libc/CMakeFiles/c.dir/pthread/pthread_condtimedwait.c.o
[539/1303] Building C object libs/libc/CMakeFiles/c.dir/pthread/pthread_create.c.o
[540/1303] Building C object libs/libc/CMakeFiles/c.dir/pthread/pthread_condsignal.c.o
[541/1303] Building C object libs/libc/CMakeFiles/c.dir/pthread/pthread_equal.c.o
[542/1303] Building C object libs/libc/CMakeFiles/c.dir/pthread/pthread_condwait.c.o
[543/1303] Building C object libs/libc/CMakeFiles/c.dir/pthread/pthread_exit.c.o
[544/1303] Building C object libs/libc/CMakeFiles/c.dir/pthread/pthread_kill.c.o
[545/1303] Building C object libs/libc/CMakeFiles/c.dir/pthread/pthread_setname_np.c.o
[546/1303] Building C object libs/libc/CMakeFiles/c.dir/pthread/pthread_getname_np.c.o
[547/1303] Building C object libs/libc/CMakeFiles/c.dir/pthread/pthread_get_stackaddr_np.c.o
[548/1303] Building C object libs/libc/CMakeFiles/c.dir/pthread/pthread_get_stacksize_np.c.o
[549/1303] Building C object libs/libc/CMakeFiles/c.dir/pthread/pthread_mutexattr_init.c.o
[550/1303] Building C object libs/libc/CMakeFiles/c.dir/pthread/pthread_mutexattr_destroy.c.o
[551/1303] Building C object libs/libc/CMakeFiles/c.dir/pthread/pthread_mutexattr_getpshared.c.o
[552/1303] Building C object libs/libc/CMakeFiles/c.dir/pthread/pthread_mutexattr_setpshared.c.o
[553/1303] Building C object libs/libc/CMakeFiles/c.dir/pthread/pthread_mutexattr_setprotocol.c.o
[554/1303] Building C object libs/libc/CMakeFiles/c.dir/pthread/pthread_mutexattr_getprotocol.c.o
[555/1303] Building C object libs/libc/CMakeFiles/c.dir/pthread/pthread_mutexattr_settype.c.o
[556/1303] Building C object libs/libc/CMakeFiles/c.dir/pthread/pthread_mutexattr_gettype.c.o
[557/1303] Building C object libs/libc/CMakeFiles/c.dir/pthread/pthread_mutexattr_setrobust.c.o
[558/1303] Building C object libs/libc/CMakeFiles/c.dir/pthread/pthread_mutexattr_setprioceiling.c.o
[559/1303] Building C object libs/libc/CMakeFiles/c.dir/pthread/pthread_mutexattr_getrobust.c.o
[560/1303] Building C object libs/libc/CMakeFiles/c.dir/pthread/pthread_mutexattr_getprioceiling.c.o
[561/1303] Building C object libs/libc/CMakeFiles/c.dir/pthread/pthread_mutex_destroy.c.o
[562/1303] Building C object libs/libc/CMakeFiles/c.dir/pthread/pthread_mutex_getprioceiling.c.o
[563/1303] Building C object libs/libc/CMakeFiles/c.dir/pthread/pthread_mutex_lock.c.o
[564/1303] Building C object libs/libc/CMakeFiles/c.dir/pthread/pthread_mutex_init.c.o
[565/1303] Building C object libs/libc/CMakeFiles/c.dir/pthread/pthread_mutex_setprioceiling.c.o
[566/1303] Building C object libs/libc/CMakeFiles/c.dir/pthread/pthread_mutex_timedlock.c.o
[567/1303] Building C object libs/libc/CMakeFiles/c.dir/pthread/pthread_mutex_trylock.c.o
[568/1303] Building C object libs/libc/CMakeFiles/c.dir/pthread/pthread_mutex.c.o
[569/1303] Building C object libs/libc/CMakeFiles/c.dir/pthread/pthread_yield.c.o
[570/1303] Building C object libs/libc/CMakeFiles/c.dir/pthread/pthread_once.c.o
[571/1303] Building C object libs/libc/CMakeFiles/c.dir/pthread/pthread_mutex_unlock.c.o
[572/1303] Building C object libs/libc/CMakeFiles/c.dir/pthread/pthread_atfork.c.o
[573/1303] Building C object libs/libc/CMakeFiles/c.dir/pthread/pthread_rwlockattr_init.c.o
[574/1303] Building C object libs/libc/CMakeFiles/c.dir/pthread/pthread_rwlockattr_destroy.c.o
[575/1303] Building C object libs/libc/CMakeFiles/c.dir/pthread/pthread_rwlockattr_getpshared.c.o
[576/1303] Building C object libs/libc/CMakeFiles/c.dir/pthread/pthread_rwlockattr_setpshared.c.o
[577/1303] Building C object libs/libc/CMakeFiles/c.dir/pthread/pthread_setcancelstate.c.o
[578/1303] Building C object libs/libc/CMakeFiles/c.dir/pthread/pthread_rwlock.c.o
[579/1303] Building C object libs/libc/CMakeFiles/c.dir/pthread/pthread_setcanceltype.c.o
[580/1303] Building C object libs/libc/CMakeFiles/c.dir/pthread/pthread_rwlock_wrlock.c.o
[581/1303] Building C object libs/libc/CMakeFiles/c.dir/pthread/pthread_testcancel.c.o
[582/1303] Building C object libs/libc/CMakeFiles/c.dir/pthread/pthread_rwlock_rdlock.c.o
[583/1303] Building C object libs/libc/CMakeFiles/c.dir/pthread/pthread_getcpuclockid.c.o
[584/1303] Building C object libs/libc/CMakeFiles/c.dir/pwd/lib_getpwnam.c.o
[585/1303] Building C object libs/libc/CMakeFiles/c.dir/pthread/pthread_self.c.o
[586/1303] Building C object libs/libc/CMakeFiles/c.dir/pwd/lib_getpwnamr.c.o
[587/1303] Building C object libs/libc/CMakeFiles/c.dir/pthread/pthread_gettid_np.c.o
[588/1303] Building C object libs/libc/CMakeFiles/c.dir/pwd/lib_getpwuid.c.o
[589/1303] Building C object libs/libc/CMakeFiles/c.dir/pthread/pthread_concurrency.c.o
[590/1303] Building C object libs/libc/CMakeFiles/c.dir/pthread/pthread_mutex_inconsistent.c.o
[591/1303] Building C object libs/libc/CMakeFiles/c.dir/pthread/pthread_mutex_consistent.c.o
[592/1303] Building C object libs/libc/CMakeFiles/c.dir/pwd/lib_getpwuidr.c.o
[593/1303] Building C object libs/libc/CMakeFiles/c.dir/queue/queue.c.o
[594/1303] Building C object libs/libc/CMakeFiles/c.dir/pwd/lib_getspnam.c.o
[595/1303] Building C object libs/libc/CMakeFiles/c.dir/pwd/lib_getpwbufr.c.o
[596/1303] Building C object libs/libc/CMakeFiles/c.dir/pwd/lib_getpwent.c.o
[597/1303] Building C object libs/libc/CMakeFiles/c.dir/pwd/lib_getpwbuf.c.o
[598/1303] Building C object libs/libc/CMakeFiles/c.dir/regex/regerror.c.o
[599/1303] Building C object libs/libc/CMakeFiles/c.dir/regex/tre-mem.c.o
[600/1303] Building C object libs/libc/CMakeFiles/c.dir/sched/task_cancelpt.c.o
[601/1303] Building C object libs/libc/CMakeFiles/c.dir/sched/sched_getprioritymin.c.o
[602/1303] Building C object libs/libc/CMakeFiles/c.dir/sched/sched_getprioritymax.c.o
[603/1303] Building C object libs/libc/CMakeFiles/c.dir/sched/clock_getcpuclockid.c.o
[604/1303] Building C object libs/libc/CMakeFiles/c.dir/sched/task_setcancelstate.c.o
[605/1303] Building C object libs/libc/CMakeFiles/c.dir/sched/task_setcanceltype.c.o
[606/1303] Building C object libs/libc/CMakeFiles/c.dir/search/hash_func.c.o
[607/1303] Building C object libs/libc/CMakeFiles/c.dir/string/lib_bsdmemccpy.c.o
[608/1303] Building C object libs/libc/CMakeFiles/c.dir/sched/task_getpid.c.o
[609/1303] Building C object libs/libc/CMakeFiles/c.dir/sched/task_startup.c.o
[610/1303] Building C object libs/libc/CMakeFiles/c.dir/search/hcreate.c.o
[611/1303] Building C object libs/libc/CMakeFiles/c.dir/semaphore/sem_init.c.o
[612/1303] Building C object libs/libc/CMakeFiles/c.dir/semaphore/sem_setprotocol.c.o
[613/1303] Building C object libs/libc/CMakeFiles/c.dir/semaphore/sem_getprotocol.c.o
[614/1303] Building C object libs/libc/CMakeFiles/c.dir/semaphore/sem_getvalue.c.o
[615/1303] Building C object libs/libc/CMakeFiles/c.dir/search/hcreate_r.c.o
[616/1303] Building C object libs/libc/CMakeFiles/c.dir/semaphore/sem_destroy.c.o
[617/1303] Building C object libs/libc/CMakeFiles/c.dir/semaphore/sem_timedwait.c.o
[618/1303] Building C object libs/libc/CMakeFiles/c.dir/semaphore/sem_trywait.c.o
[619/1303] Building C object libs/libc/CMakeFiles/c.dir/semaphore/sem_wait.c.o
[620/1303] Building C object libs/libc/CMakeFiles/c.dir/semaphore/sem_clockwait.c.o
[621/1303] Building C object libs/libc/CMakeFiles/c.dir/semaphore/sem_post.c.o
[622/1303] Building C object libs/libc/CMakeFiles/c.dir/signal/sig_andset.c.o
[623/1303] Building C object libs/libc/CMakeFiles/c.dir/signal/sig_altstack.c.o
[624/1303] Building C object libs/libc/CMakeFiles/c.dir/signal/sig_addset.c.o
[625/1303] Building C object libs/libc/CMakeFiles/c.dir/signal/sig_delset.c.o
[626/1303] Building C object libs/libc/CMakeFiles/c.dir/signal/sig_emptyset.c.o
[627/1303] Building C object libs/libc/CMakeFiles/c.dir/regex/regexec.c.o
[628/1303] Building C object libs/libc/CMakeFiles/c.dir/signal/sig_fillset.c.o
[629/1303] Building C object libs/libc/CMakeFiles/c.dir/signal/sig_hold.c.o
[630/1303] Building C object libs/libc/CMakeFiles/c.dir/signal/sig_isemptyset.c.o
[631/1303] Building C object libs/libc/CMakeFiles/c.dir/signal/sig_killpg.c.o
[632/1303] Building C object libs/libc/CMakeFiles/c.dir/signal/sig_ismember.c.o
[633/1303] Building C object libs/libc/CMakeFiles/c.dir/signal/sig_longjmp.c.o
[634/1303] Building C object libs/libc/CMakeFiles/c.dir/signal/sig_orset.c.o
[635/1303] Building C object libs/libc/CMakeFiles/c.dir/signal/sig_nandset.c.o
[636/1303] Building C object libs/libc/CMakeFiles/c.dir/signal/sig_pause.c.o
[637/1303] Building C object libs/libc/CMakeFiles/c.dir/signal/sig_relse.c.o
[638/1303] Building C object libs/libc/CMakeFiles/c.dir/signal/sig_wait.c.o
[639/1303] Building C object libs/libc/CMakeFiles/c.dir/signal/sig_raise.c.o
[640/1303] Building C object libs/libc/CMakeFiles/c.dir/signal/sig_psignal.c.o
[641/1303] Building C object libs/libc/CMakeFiles/c.dir/signal/sig_xorset.c.o
[642/1303] Building C object libs/libc/CMakeFiles/c.dir/signal/sig_ignore.c.o
[643/1303] Building C object libs/libc/CMakeFiles/c.dir/signal/sig_interrupt.c.o
[644/1303] Building C object libs/libc/CMakeFiles/c.dir/signal/sig_set.c.o
[645/1303] Building C object libs/libc/CMakeFiles/c.dir/spawn/lib_psfa_addaction.c.o
[646/1303] Building C object libs/libc/CMakeFiles/c.dir/signal/sig_signal.c.o
[647/1303] Building C object libs/libc/CMakeFiles/c.dir/spawn/lib_psfa_addclose.c.o
[648/1303] Building C object libs/libc/CMakeFiles/c.dir/spawn/lib_psfa_addopen.c.o
[649/1303] Building C object libs/libc/CMakeFiles/c.dir/spawn/lib_psfa_adddup2.c.o
[650/1303] Building C object libs/libc/CMakeFiles/c.dir/spawn/lib_psfa_destroy.c.o
[651/1303] Building C object libs/libc/CMakeFiles/c.dir/spawn/lib_psfa_init.c.o
[652/1303] Building C object libs/libc/CMakeFiles/c.dir/spawn/lib_psa_getflags.c.o
[653/1303] Building C object libs/libc/CMakeFiles/c.dir/spawn/lib_psa_getschedparam.c.o
[654/1303] Building C object libs/libc/CMakeFiles/c.dir/spawn/lib_psa_getschedpolicy.c.o
[655/1303] Building C object libs/libc/CMakeFiles/c.dir/spawn/lib_psa_getpriority.c.o
[656/1303] Building C object libs/libc/CMakeFiles/c.dir/spawn/lib_psa_setpriority.c.o
[657/1303] Building C object libs/libc/CMakeFiles/c.dir/spawn/lib_psa_setstacksize.c.o
[658/1303] Building C object libs/libc/CMakeFiles/c.dir/spawn/lib_psa_getstackaddr.c.o
[659/1303] Building C object libs/libc/CMakeFiles/c.dir/spawn/lib_psa_destroy.c.o
[660/1303] Building C object libs/libc/CMakeFiles/c.dir/spawn/lib_psa_setstackaddr.c.o
[661/1303] Building C object libs/libc/CMakeFiles/c.dir/spawn/lib_psa_init.c.o
[662/1303] Building C object libs/libc/CMakeFiles/c.dir/regex/regcomp.c.o
[663/1303] Building C object libs/libc/CMakeFiles/c.dir/stdio/lib_fileno.c.o
[664/1303] Building C object libs/libc/CMakeFiles/c.dir/spawn/lib_psfa_dump.c.o
[665/1303] Building C object libs/libc/CMakeFiles/c.dir/spawn/lib_psa_dump.c.o
[666/1303] Building C object libs/libc/CMakeFiles/c.dir/stdio/lib_printf.c.o
[667/1303] Building C object libs/libc/CMakeFiles/c.dir/stdio/lib_sprintf.c.o
[668/1303] Building C object libs/libc/CMakeFiles/c.dir/stdio/lib_asprintf.c.o
[669/1303] Building C object libs/libc/CMakeFiles/c.dir/stdio/lib_snprintf.c.o
[670/1303] Building C object libs/libc/CMakeFiles/c.dir/stdio/lib_vsprintf.c.o
[671/1303] Building C object libs/libc/CMakeFiles/c.dir/stdio/lib_vsnprintf.c.o
[672/1303] Building C object libs/libc/CMakeFiles/c.dir/stdio/lib_dprintf.c.o
[673/1303] Building C object libs/libc/CMakeFiles/c.dir/stdio/lib_vdprintf.c.o
[674/1303] Building C object libs/libc/CMakeFiles/c.dir/stdio/lib_vprintf.c.o
[675/1303] Building C object libs/libc/CMakeFiles/c.dir/stdio/lib_perror.c.o
[676/1303] Building C object libs/libc/CMakeFiles/c.dir/stdio/lib_vasprintf.c.o
[677/1303] Building C object libs/libc/CMakeFiles/c.dir/stdio/lib_putchar.c.o
[678/1303] Building C object libs/libc/CMakeFiles/c.dir/stdio/lib_getchar.c.o
[679/1303] Building C object libs/libc/CMakeFiles/c.dir/stdio/lib_gets.c.o
[680/1303] Building C object libs/libc/CMakeFiles/c.dir/stdio/lib_gets_s.c.o
[681/1303] Building C object libs/libc/CMakeFiles/c.dir/stdio/lib_puts.c.o
[682/1303] Building C object libs/libc/CMakeFiles/c.dir/stdio/lib_sscanf.c.o
[683/1303] Building C object libs/libc/CMakeFiles/c.dir/stdio/lib_vsscanf.c.o
[684/1303] Building C object libs/libc/CMakeFiles/c.dir/stdio/lib_remove.c.o
[685/1303] Building C object libs/libc/CMakeFiles/c.dir/stdio/lib_libdgets.c.o
[686/1303] Building C object libs/libc/CMakeFiles/c.dir/stdio/lib_tempnam.c.o
[687/1303] Building C object libs/libc/CMakeFiles/c.dir/stdio/lib_tmpnam.c.o
[688/1303] Building C object libs/libc/CMakeFiles/c.dir/stdio/lib_renameat.c.o
[689/1303] Building C object libs/libc/CMakeFiles/c.dir/stdio/lib_putwchar.c.o
[690/1303] Building C object libs/libc/CMakeFiles/c.dir/stdio/lib_freopen.c.o
[691/1303] Building C object libs/libc/CMakeFiles/c.dir/stdio/lib_fread.c.o
[692/1303] Building C object libs/libc/CMakeFiles/c.dir/stdio/lib_fseek.c.o
[693/1303] Building C object libs/libc/CMakeFiles/c.dir/stdio/lib_ftell.c.o
[694/1303] Building C object libs/libc/CMakeFiles/c.dir/stdio/lib_fclose.c.o
[695/1303] Building C object libs/libc/CMakeFiles/c.dir/stdio/lib_fopen.c.o
[696/1303] Building C object libs/libc/CMakeFiles/c.dir/stdio/lib_fseeko.c.o
[697/1303] Building C object libs/libc/CMakeFiles/c.dir/stdio/lib_libfread_unlocked.c.o
[698/1303] Building C object libs/libc/CMakeFiles/c.dir/stdio/lib_fsetpos.c.o
[699/1303] Building C object libs/libc/CMakeFiles/c.dir/stdio/lib_ftello.c.o
[700/1303] Building C object libs/libc/CMakeFiles/c.dir/stdio/lib_fgetpos.c.o
[701/1303] Building C object libs/libc/CMakeFiles/c.dir/stdio/lib_getc.c.o
[702/1303] Building C object libs/libc/CMakeFiles/c.dir/stdio/lib_getdelim.c.o
[703/1303] Building C object libs/libc/CMakeFiles/c.dir/stdio/lib_fgetc.c.o
[704/1303] Building C object libs/libc/CMakeFiles/c.dir/stdio/lib_fgets.c.o
[705/1303] Building C object libs/libc/CMakeFiles/c.dir/stdio/lib_fwrite.c.o
[706/1303] Building C object libs/libc/CMakeFiles/c.dir/stdio/lib_libfgets.c.o
[707/1303] Building C object libs/libc/CMakeFiles/c.dir/stdio/lib_fflush.c.o
[708/1303] Building C object libs/libc/CMakeFiles/c.dir/stdio/lib_libfwrite.c.o
[709/1303] Building C object libs/libc/CMakeFiles/c.dir/stdio/lib_wrflush_unlocked.c.o
[710/1303] Building C object libs/libc/CMakeFiles/c.dir/stdio/lib_libfflush.c.o
[711/1303] Building C object libs/libc/CMakeFiles/c.dir/stdio/lib_rdflush_unlocked.c.o
[712/1303] Building C object libs/libc/CMakeFiles/c.dir/stdio/lib_putc.c.o
[713/1303] Building C object libs/libc/CMakeFiles/c.dir/stdio/lib_libflushall.c.o
[714/1303] Building C object libs/libc/CMakeFiles/c.dir/stdio/lib_fputc.c.o
[715/1303] Building C object libs/libc/CMakeFiles/c.dir/stdio/lib_fprintf.c.o
[716/1303] Building C object libs/libc/CMakeFiles/c.dir/stdio/lib_ungetc.c.o
[717/1303] Building C object libs/libc/CMakeFiles/c.dir/stdio/lib_feof.c.o
[718/1303] Building C object libs/libc/CMakeFiles/c.dir/stdio/lib_fputs.c.o
[719/1303] Building C object libs/libc/CMakeFiles/c.dir/stdio/lib_ferror.c.o
[720/1303] Building C object libs/libc/CMakeFiles/c.dir/stdio/lib_vfprintf.c.o
[721/1303] Building C object libs/libc/CMakeFiles/c.dir/stdio/lib_rewind.c.o
[722/1303] Building C object libs/libc/CMakeFiles/c.dir/stdio/lib_clearerr.c.o
[723/1303] Building C object libs/libc/CMakeFiles/c.dir/stdio/lib_scanf.c.o
[724/1303] Building C object libs/libc/CMakeFiles/c.dir/stdio/lib_vscanf.c.o
[725/1303] Building C object libs/libc/CMakeFiles/c.dir/stdio/lib_fscanf.c.o
[726/1303] Building C object libs/libc/CMakeFiles/c.dir/stdio/lib_vfscanf.c.o
[727/1303] Building C object libs/libc/CMakeFiles/c.dir/stdio/lib_setbuf.c.o
[728/1303] Building C object libs/libc/CMakeFiles/c.dir/stdio/lib_tmpfile.c.o
[729/1303] Building C object libs/libc/CMakeFiles/c.dir/stdio/lib_setvbuf.c.o
[730/1303] Building C object libs/libc/CMakeFiles/c.dir/stdio/lib_setbuffer.c.o
[731/1303] Building C object libs/libc/CMakeFiles/c.dir/stdio/lib_libgetstreams.c.o
[732/1303] Building C object libs/libc/CMakeFiles/c.dir/stdio/lib_putwc.c.o
[733/1303] Building C object libs/libc/CMakeFiles/c.dir/stdio/lib_fputwc.c.o
[734/1303] Building C object libs/libc/CMakeFiles/c.dir/stdio/lib_fputws.c.o
[735/1303] Building C object libs/libc/CMakeFiles/c.dir/stdio/lib_libfilelock.c.o
[736/1303] Building C object libs/libc/CMakeFiles/c.dir/stdio/lib_fopencookie.c.o
[737/1303] Building C object libs/libc/CMakeFiles/c.dir/stdlib/lib_abs.c.o
[738/1303] Building C object libs/libc/CMakeFiles/c.dir/stdio/lib_getwc.c.o
[739/1303] Building C object libs/libc/CMakeFiles/c.dir/stdio/lib_fgetwc.c.o
[740/1303] Building C object libs/libc/CMakeFiles/c.dir/stdio/lib_ungetwc.c.o
[741/1303] Building C object libs/libc/CMakeFiles/c.dir/stdlib/lib_atof.c.o
[742/1303] Building C object libs/libc/CMakeFiles/c.dir/stdio/lib_open_memstream.c.o
[743/1303] Building C object libs/libc/CMakeFiles/c.dir/stdio/lib_fmemopen.c.o
[744/1303] Building C object libs/libc/CMakeFiles/c.dir/stdlib/lib_atoi.c.o
[745/1303] Building C object libs/libc/CMakeFiles/c.dir/stdlib/lib_abort.c.o
[746/1303] Building C object libs/libc/CMakeFiles/c.dir/stdlib/lib_atol.c.o
[747/1303] Building C object libs/libc/CMakeFiles/c.dir/stdlib/lib_atoll.c.o
[748/1303] Building C object libs/libc/CMakeFiles/c.dir/stdlib/lib_div.c.o
[749/1303] Building C object libs/libc/CMakeFiles/c.dir/stdlib/lib_getprogname.c.o
[750/1303] Building C object libs/libc/CMakeFiles/c.dir/stdlib/lib_ldiv.c.o
[751/1303] Building C object libs/libc/CMakeFiles/c.dir/stdlib/lib_lldiv.c.o
[752/1303] Building C object libs/libc/CMakeFiles/c.dir/stdlib/lib_labs.c.o
[753/1303] Building C object libs/libc/CMakeFiles/c.dir/stdlib/lib_itoa.c.o
[754/1303] Building C object libs/libc/CMakeFiles/c.dir/stdlib/lib_llabs.c.o
[755/1303] Building C object libs/libc/CMakeFiles/c.dir/stdlib/lib_exit.c.o
[756/1303] Building C object libs/libc/CMakeFiles/c.dir/stdlib/lib_bsearch.c.o
[757/1303] Building C object libs/libc/CMakeFiles/c.dir/stdlib/lib_rand.c.o
[758/1303] Building C object libs/libc/CMakeFiles/c.dir/stdlib/lib_realpath.c.o
[759/1303] Building C object libs/libc/CMakeFiles/c.dir/stdlib/lib_reallocarray.c.o
[760/1303] Building C object libs/libc/CMakeFiles/c.dir/stdlib/lib_srand.c.o
[761/1303] Building C object libs/libc/CMakeFiles/c.dir/stdlib/lib_strtol.c.o
[762/1303] Building C object libs/libc/CMakeFiles/c.dir/stdlib/lib_rand48.c.o
[763/1303] Building C object libs/libc/CMakeFiles/c.dir/stdlib/lib_strtoll.c.o
[764/1303] Building C object libs/libc/CMakeFiles/c.dir/stdlib/lib_qsort.c.o
[765/1303] Building C object libs/libc/CMakeFiles/c.dir/stdlib/lib_strtoul.c.o
[766/1303] Building C object libs/libc/CMakeFiles/c.dir/stdlib/lib_strtoull.c.o
[767/1303] Building C object libs/libc/CMakeFiles/c.dir/stdlib/lib_checkbase.c.o
[768/1303] Building C object libs/libc/CMakeFiles/c.dir/stdlib/lib_mkstemp.c.o
[769/1303] Building C object libs/libc/CMakeFiles/c.dir/stdlib/lib_mkdtemp.c.o
[770/1303] Building C object libs/libc/CMakeFiles/c.dir/stdlib/lib_aligned_alloc.c.o
[771/1303] Building C object libs/libc/CMakeFiles/c.dir/stdlib/lib_posix_memalign.c.o
[772/1303] Building C object libs/libc/CMakeFiles/c.dir/stdlib/lib_valloc.c.o
[773/1303] Building C object libs/libc/CMakeFiles/c.dir/stdlib/lib_mktemp.c.o
[774/1303] Building C object libs/libc/CMakeFiles/c.dir/stdlib/lib_mblen.c.o
[775/1303] Building C object libs/libc/CMakeFiles/c.dir/stdlib/lib_wctomb.c.o
[776/1303] Building C object libs/libc/CMakeFiles/c.dir/stdlib/lib_mbtowc.c.o
[777/1303] Building C object libs/libc/CMakeFiles/c.dir/stdlib/lib_mbstowcs.c.o
[778/1303] Building C object libs/libc/CMakeFiles/c.dir/stdlib/lib_wcstombs.c.o
[779/1303] Building C object libs/libc/CMakeFiles/c.dir/stdlib/lib_arc4random.c.o
[780/1303] Building C object libs/libc/CMakeFiles/c.dir/stream/lib_meminstream.c.o
[781/1303] Building C object libs/libc/CMakeFiles/c.dir/stream/lib_memoutstream.c.o
[782/1303] Building C object libs/libc/CMakeFiles/c.dir/stdlib/lib_atexit.c.o
[783/1303] Building C object libs/libc/CMakeFiles/c.dir/stream/lib_memsistream.c.o
[784/1303] Building C object libs/libc/CMakeFiles/c.dir/stream/lib_memsostream.c.o
[785/1303] Building C object libs/libc/CMakeFiles/c.dir/stream/lib_lowoutstream.c.o
[786/1303] Building C object libs/libc/CMakeFiles/c.dir/stdlib/lib_strtold.c.o
[787/1303] Building C object libs/libc/CMakeFiles/c.dir/stream/lib_zeroinstream.c.o
[788/1303] Building C object libs/libc/CMakeFiles/c.dir/stream/lib_nullinstream.c.o
[789/1303] Building C object libs/libc/CMakeFiles/c.dir/stream/lib_rawoutstream.c.o
[790/1303] Building C object libs/libc/CMakeFiles/c.dir/stream/lib_rawinstream.c.o
[791/1303] Building C object libs/libc/CMakeFiles/c.dir/stream/lib_rawsistream.c.o
[792/1303] Building C object libs/libc/CMakeFiles/c.dir/stream/lib_nulloutstream.c.o
[793/1303] Building C object libs/libc/CMakeFiles/c.dir/stream/lib_rawsostream.c.o
[794/1303] Building C object libs/libc/CMakeFiles/c.dir/stream/lib_mtdoutstream.c.o
[795/1303] Building C object libs/libc/CMakeFiles/c.dir/stream/lib_mtdsostream.c.o
[796/1303] Building C object libs/libc/CMakeFiles/c.dir/stream/lib_libnoflush.c.o
[797/1303] Building C object libs/libc/CMakeFiles/c.dir/stream/lib_libsnoflush.c.o
[798/1303] Building C object libs/libc/CMakeFiles/c.dir/stream/lib_syslogstream.c.o
[799/1303] Building C object libs/libc/CMakeFiles/c.dir/stream/lib_bufferedoutstream.c.o
[800/1303] Building C object libs/libc/CMakeFiles/c.dir/stream/lib_filesistream.c.o
[801/1303] Building C object libs/libc/CMakeFiles/c.dir/stream/lib_hexdumpstream.c.o
[802/1303] Building C object libs/libc/CMakeFiles/c.dir/stream/lib_base64outstream.c.o
[803/1303] Building C object libs/libc/CMakeFiles/c.dir/stream/lib_fileoutstream.c.o
[804/1303] Building C object libs/libc/CMakeFiles/c.dir/stream/lib_ultoa_invert.c.o
[805/1303] Building C object libs/libc/CMakeFiles/c.dir/stream/lib_libbsprintf.c.o
[806/1303] Building C object libs/libc/CMakeFiles/c.dir/stream/lib_libosprintf.c.o
[807/1303] Building C object libs/libc/CMakeFiles/c.dir/stream/lib_dtoa_data.c.o
[808/1303] Building C object libs/libc/CMakeFiles/c.dir/stream/lib_syslograwstream.c.o
[809/1303] Building C object libs/libc/CMakeFiles/c.dir/stream/lib_dtoa_engine.c.o
[810/1303] Building C object libs/libc/CMakeFiles/c.dir/stream/lib_stdinstream.c.o
[811/1303] Building C object libs/libc/CMakeFiles/c.dir/stream/lib_stdoutstream.c.o
[812/1303] Building C object libs/libc/CMakeFiles/c.dir/stream/lib_stdsistream.c.o
[813/1303] Building C object libs/libc/CMakeFiles/c.dir/stream/lib_stdsostream.c.o
[814/1303] Building C object libs/libc/CMakeFiles/c.dir/string/lib_bzero.c.o
[815/1303] Building C object libs/libc/CMakeFiles/c.dir/string/lib_popcount.c.o
[816/1303] Building C object libs/libc/CMakeFiles/c.dir/string/lib_isbasedigit.c.o
[817/1303] Building C object libs/libc/CMakeFiles/c.dir/stream/lib_blkoutstream.c.o
[818/1303] Building C object libs/libc/CMakeFiles/c.dir/string/lib_popcountl.c.o
[819/1303] Building C object libs/libc/CMakeFiles/c.dir/string/lib_popcountll.c.o
[820/1303] Building C object libs/libc/CMakeFiles/c.dir/stream/lib_libvscanf.c.o
[821/1303] Building C object libs/libc/CMakeFiles/c.dir/string/lib_memmem.c.o
[822/1303] Building C object libs/libc/CMakeFiles/c.dir/string/lib_strcspn.c.o
[823/1303] Building C object libs/libc/CMakeFiles/c.dir/string/lib_skipspace.c.o
[824/1303] Building C object libs/libc/CMakeFiles/c.dir/string/lib_strcasecmp.c.o
[825/1303] Building C object libs/libc/CMakeFiles/c.dir/string/lib_strerror.c.o
[826/1303] Building C object libs/libc/CMakeFiles/c.dir/string/lib_strdup.c.o
[827/1303] Building C object libs/libc/CMakeFiles/c.dir/string/lib_strncasecmp.c.o
[828/1303] Building C object libs/libc/CMakeFiles/c.dir/string/lib_strncat.c.o
[829/1303] Building C object libs/libc/CMakeFiles/c.dir/string/lib_strcasestr.c.o
[830/1303] Building C object libs/libc/CMakeFiles/c.dir/string/lib_strpbrk.c.o
[831/1303] Building C object libs/libc/CMakeFiles/c.dir/stream/lib_libvsprintf.c.o
[832/1303] Building C object libs/libc/CMakeFiles/c.dir/string/lib_strspn.c.o
[833/1303] Building C object libs/libc/CMakeFiles/c.dir/string/lib_strndup.c.o
[834/1303] Building C object libs/libc/CMakeFiles/c.dir/string/lib_strtokr.c.o
[835/1303] Building C object libs/libc/CMakeFiles/c.dir/string/lib_strsep.c.o
[836/1303] Building C object libs/libc/CMakeFiles/c.dir/string/lib_strstr.c.o
[837/1303] Building C object libs/libc/CMakeFiles/c.dir/string/lib_explicit_bzero.c.o
[838/1303] Building C object libs/libc/CMakeFiles/c.dir/string/lib_strerrorr.c.o
[839/1303] Building C object libs/libc/CMakeFiles/c.dir/string/lib_strtok.c.o
[840/1303] Building C object libs/libc/CMakeFiles/c.dir/string/lib_index.c.o
[841/1303] Building C object libs/libc/CMakeFiles/c.dir/string/lib_strsignal.c.o
[842/1303] Building C object libs/libc/CMakeFiles/c.dir/string/lib_rindex.c.o
[843/1303] Building C object libs/libc/CMakeFiles/c.dir/string/lib_timingsafe_bcmp.c.o
[844/1303] Building C object libs/libc/CMakeFiles/c.dir/string/lib_memmove.c.o
[845/1303] Building C object libs/libc/CMakeFiles/c.dir/string/lib_mempcpy.c.o
[846/1303] Building C object libs/libc/CMakeFiles/c.dir/string/lib_rawmemchr.c.o
[847/1303] Building C object libs/libc/CMakeFiles/c.dir/string/lib_strverscmp.c.o
[848/1303] Building C object libs/libc/CMakeFiles/c.dir/string/lib_strlcpy.c.o
[849/1303] Building C object libs/libc/CMakeFiles/c.dir/string/lib_strlcat.c.o
[850/1303] Building C object libs/libc/CMakeFiles/c.dir/string/lib_strnlen.c.o
[851/1303] Building C object libs/libc/CMakeFiles/c.dir/string/lib_bsdmemcpy.c.o
[852/1303] Building C object libs/libc/CMakeFiles/c.dir/string/lib_bsdmemcmp.c.o
[853/1303] Building C object libs/libc/CMakeFiles/c.dir/string/lib_bsdmemset.c.o
[854/1303] Building C object libs/libc/CMakeFiles/c.dir/string/lib_bsdstrchr.c.o
[855/1303] Building C object libs/libc/CMakeFiles/c.dir/string/lib_bsdstrcmp.c.o
[856/1303] Building C object libs/libc/CMakeFiles/c.dir/string/lib_bsdstrlen.c.o
[857/1303] Building C object libs/libc/CMakeFiles/c.dir/string/lib_bsdmemrchr.c.o
[858/1303] Building C object libs/libc/CMakeFiles/c.dir/string/lib_bsdstrncpy.c.o
[859/1303] Building C object libs/libc/CMakeFiles/c.dir/string/lib_bsdmemchr.c.o
[860/1303] Building C object libs/libc/CMakeFiles/c.dir/string/lib_bsdstpncpy.c.o
[861/1303] Building C object libs/libc/CMakeFiles/c.dir/string/lib_bsdstpcpy.c.o
[862/1303] Building C object libs/libc/CMakeFiles/c.dir/string/lib_bsdstrcpy.c.o
[863/1303] Building C object libs/libc/CMakeFiles/c.dir/string/lib_bsdstrcat.c.o
[864/1303] Building C object libs/libc/CMakeFiles/c.dir/string/lib_bsdstrchrnul.c.o
[865/1303] Building C object libs/libc/CMakeFiles/c.dir/string/lib_bsdstrrchr.c.o
[866/1303] Building C object libs/libc/CMakeFiles/c.dir/string/lib_bsdstrncmp.c.o
[867/1303] Building C object libs/libc/CMakeFiles/c.dir/symtab/symtab_findbyname.c.o
[868/1303] Building C object libs/libc/CMakeFiles/c.dir/symtab/symtab_sortbyname.c.o
[869/1303] Building C object libs/libc/CMakeFiles/c.dir/symtab/symtab_findbyvalue.c.o
[870/1303] Building C object libs/libc/CMakeFiles/c.dir/syslog/lib_setlogmask.c.o
[871/1303] Building C object libs/libc/CMakeFiles/c.dir/termios/lib_cfspeed.c.o
[872/1303] Building C object libs/libc/CMakeFiles/c.dir/termios/lib_cfmakeraw.c.o
[873/1303] Building C object libs/libc/CMakeFiles/c.dir/termios/lib_tcflush.c.o
[874/1303] Building C object libs/libc/CMakeFiles/c.dir/syslog/lib_syslog.c.o
[875/1303] Building C object libs/libc/CMakeFiles/c.dir/termios/lib_tcdrain.c.o
[876/1303] Building C object libs/libc/CMakeFiles/c.dir/termios/lib_tcflow.c.o
[877/1303] Building C object libs/libc/CMakeFiles/c.dir/termios/lib_isatty.c.o
[878/1303] Building C object libs/libc/CMakeFiles/c.dir/termios/lib_tcgetattr.c.o
[879/1303] Building C object libs/libc/CMakeFiles/c.dir/termios/lib_tcsendbreak.c.o
[880/1303] Building C object libs/libc/CMakeFiles/c.dir/termios/lib_tcsetattr.c.o
[881/1303] Building C object libs/libc/CMakeFiles/c.dir/time/lib_daysbeforemonth.c.o
[882/1303] Building C object libs/libc/CMakeFiles/c.dir/termios/lib_ttyname.c.o
[883/1303] Building C object libs/libc/CMakeFiles/c.dir/termios/lib_ttynamer.c.o
[884/1303] Building C object libs/libc/CMakeFiles/c.dir/time/lib_calendar2utc.c.o
[885/1303] Building C object libs/libc/CMakeFiles/c.dir/time/lib_gettimeofday.c.o
[886/1303] Building C object libs/libc/CMakeFiles/c.dir/time/lib_isleapyear.c.o
[887/1303] Building C object libs/libc/CMakeFiles/c.dir/time/lib_settimeofday.c.o
[888/1303] Building C object libs/libc/CMakeFiles/c.dir/time/lib_timespec_get.c.o
[889/1303] Building C object libs/libc/CMakeFiles/c.dir/time/lib_time.c.o
[890/1303] Building C object libs/libc/CMakeFiles/c.dir/time/lib_nanosleep.c.o
[891/1303] Building C object libs/libc/CMakeFiles/c.dir/time/lib_difftime.c.o
[892/1303] Building C object libs/libc/CMakeFiles/c.dir/time/lib_dayofweek.c.o
[893/1303] Building C object libs/libc/CMakeFiles/c.dir/time/lib_strftime.c.o
[894/1303] Building C object libs/libc/CMakeFiles/c.dir/time/lib_ctime.c.o
[895/1303] Building C object libs/libc/CMakeFiles/c.dir/time/lib_ctimer.c.o
[896/1303] Building C object libs/libc/CMakeFiles/c.dir/time/lib_asctime.c.o
[897/1303] Building C object libs/libc/CMakeFiles/c.dir/time/lib_asctimer.c.o
[898/1303] Building C object libs/libc/CMakeFiles/c.dir/time/lib_gethrtime.c.o
[899/1303] Building C object libs/libc/CMakeFiles/c.dir/time/lib_gmtime.c.o
[900/1303] Building C object libs/libc/CMakeFiles/c.dir/tls/tls_getinfo.c.o
[901/1303] Building C object libs/libc/CMakeFiles/c.dir/time/lib_timegm.c.o
[902/1303] Building C object libs/libc/CMakeFiles/c.dir/uio/lib_preadv.c.o
[903/1303] Building C object libs/libc/CMakeFiles/c.dir/uio/lib_pwritev.c.o
[904/1303] Building C object libs/libc/CMakeFiles/c.dir/time/lib_gmtimer.c.o
[905/1303] Building C object libs/libc/CMakeFiles/c.dir/unistd/lib_access.c.o
[906/1303] Building C object libs/libc/CMakeFiles/c.dir/time/lib_strptime.c.o
[907/1303] Building C object libs/libc/CMakeFiles/c.dir/unistd/lib_daemon.c.o
[908/1303] Building C object libs/libc/CMakeFiles/c.dir/unistd/lib_swab.c.o
[909/1303] Building C object libs/libc/CMakeFiles/c.dir/unistd/lib_pathconf.c.o
[910/1303] Building C object libs/libc/CMakeFiles/c.dir/unistd/lib_getentropy.c.o
[911/1303] Building C object libs/libc/CMakeFiles/c.dir/unistd/lib_sysconf.c.o
[912/1303] Building C object libs/libc/CMakeFiles/c.dir/unistd/lib_getcwd.c.o
[913/1303] Building C object libs/libc/CMakeFiles/c.dir/unistd/lib_getopt.c.o
[914/1303] Building C object libs/libc/CMakeFiles/c.dir/unistd/lib_getopt_long.c.o
[915/1303] Building C object libs/libc/CMakeFiles/c.dir/unistd/lib_getopt_common.c.o
[916/1303] Building C object libs/libc/CMakeFiles/c.dir/unistd/lib_getopt_longonly.c.o
[917/1303] Building C object libs/libc/CMakeFiles/c.dir/unistd/lib_getoptvars.c.o
[918/1303] Building C object libs/libc/CMakeFiles/c.dir/unistd/lib_getoptargp.c.o
[919/1303] Building C object libs/libc/CMakeFiles/c.dir/unistd/lib_getopterrp.c.o
[920/1303] Building C object libs/libc/CMakeFiles/c.dir/unistd/lib_getoptindp.c.o
[921/1303] Building C object libs/libc/CMakeFiles/c.dir/unistd/lib_times.c.o
[922/1303] Building C object libs/libc/CMakeFiles/c.dir/unistd/lib_fstatvfs.c.o
[923/1303] Building C object libs/libc/CMakeFiles/c.dir/unistd/lib_getoptoptp.c.o
[924/1303] Building C object libs/libc/CMakeFiles/c.dir/unistd/lib_statvfs.c.o
[925/1303] Building C object libs/libc/CMakeFiles/c.dir/unistd/lib_alarm.c.o
[926/1303] Building C object libs/libc/CMakeFiles/c.dir/unistd/lib_sleep.c.o
[927/1303] Building C object libs/libc/CMakeFiles/c.dir/unistd/lib_nice.c.o
[928/1303] Building C object libs/libc/CMakeFiles/c.dir/unistd/lib_setreuid.c.o
[929/1303] Building C object libs/libc/CMakeFiles/c.dir/unistd/lib_getrusage.c.o
[930/1303] Building C object libs/libc/CMakeFiles/c.dir/unistd/lib_utime.c.o
[931/1303] Building C object libs/libc/CMakeFiles/c.dir/unistd/lib_setrlimit.c.o
[932/1303] Building C object libs/libc/CMakeFiles/c.dir/unistd/lib_setregid.c.o
[933/1303] Building C object libs/libc/CMakeFiles/c.dir/unistd/lib_utimes.c.o
[934/1303] Building C object libs/libc/CMakeFiles/c.dir/unistd/lib_futimes.c.o
[935/1303] Building C object libs/libc/CMakeFiles/c.dir/unistd/lib_getrlimit.c.o
[936/1303] Building C object libs/libc/CMakeFiles/c.dir/unistd/lib_lutimes.c.o
[937/1303] Building C object libs/libc/CMakeFiles/c.dir/unistd/lib_setpriority.c.o
[938/1303] Building C object libs/libc/CMakeFiles/c.dir/unistd/lib_getpriority.c.o
[939/1303] Building C object libs/libc/CMakeFiles/c.dir/unistd/lib_gethostname.c.o
[940/1303] Building C object libs/libc/CMakeFiles/c.dir/unistd/lib_sethostname.c.o
[941/1303] Building C object libs/libc/CMakeFiles/c.dir/unistd/lib_fchownat.c.o
[942/1303] Building C object libs/libc/CMakeFiles/c.dir/unistd/lib_linkat.c.o
[943/1303] Building C object libs/libc/CMakeFiles/c.dir/unistd/lib_readlinkat.c.o
[944/1303] Building C object libs/libc/CMakeFiles/c.dir/unistd/lib_symlinkat.c.o
[945/1303] Building C object libs/libc/CMakeFiles/c.dir/unistd/lib_usleep.c.o
[946/1303] Building C object libs/libc/CMakeFiles/c.dir/unistd/lib_unlinkat.c.o
[947/1303] Building C object libs/libc/CMakeFiles/c.dir/unistd/lib_getpgrp.c.o
[948/1303] Building C object libs/libc/CMakeFiles/c.dir/unistd/lib_getpgid.c.o
[949/1303] Building C object libs/libc/CMakeFiles/c.dir/unistd/lib_lockf.c.o
[950/1303] Building C object libs/libc/CMakeFiles/c.dir/unistd/lib_confstr.c.o
[951/1303] Building C object libs/libc/CMakeFiles/c.dir/unistd/lib_ulimit.c.o
[952/1303] Building C object libs/libc/CMakeFiles/c.dir/unistd/lib_flock.c.o
[953/1303] Building C object libs/libc/CMakeFiles/c.dir/unistd/lib_getpass.c.o
[954/1303] Building C object libs/libc/CMakeFiles/c.dir/unistd/lib_setuid.c.o
[955/1303] Building C object libs/libc/CMakeFiles/c.dir/unistd/lib_setgid.c.o
[956/1303] Building C object libs/libc/CMakeFiles/c.dir/unistd/lib_getuid.c.o
[957/1303] Building C object libs/libc/CMakeFiles/c.dir/unistd/lib_getgid.c.o
[958/1303] Building C object libs/libc/CMakeFiles/c.dir/unistd/lib_seteuid.c.o
[959/1303] Building C object libs/libc/CMakeFiles/c.dir/unistd/lib_setegid.c.o
[960/1303] Building C object libs/libc/CMakeFiles/c.dir/unistd/lib_geteuid.c.o
[961/1303] Building C object libs/libc/CMakeFiles/c.dir/unistd/lib_getegid.c.o
[962/1303] Building C object libs/libc/CMakeFiles/c.dir/unistd/lib_chdir.c.o
[963/1303] Building C object libs/libc/CMakeFiles/c.dir/unistd/lib_fchdir.c.o
[964/1303] Building C object libs/libc/CMakeFiles/c.dir/unistd/lib_restoredir.c.o
[965/1303] Building C object libs/libc/CMakeFiles/c.dir/unistd/lib_execv.c.o
[966/1303] Building C object libs/libc/CMakeFiles/c.dir/unistd/lib_execl.c.o
[967/1303] Building C object libs/libc/CMakeFiles/c.dir/unistd/lib_truncate.c.o
[968/1303] Building C object libs/libc/CMakeFiles/c.dir/unistd/lib_execle.c.o
[969/1303] Building C object libs/libc/CMakeFiles/c.dir/unistd/lib_posix_fallocate.c.o
[970/1303] Building C object libs/libc/CMakeFiles/c.dir/uuid/lib_uuid_compare.c.o
[971/1303] Building C object libs/libc/CMakeFiles/c.dir/unistd/lib_fork.c.o
[972/1303] Building C object libs/libc/CMakeFiles/c.dir/uuid/lib_uuid_create.c.o
[973/1303] Building C object libs/libc/CMakeFiles/c.dir/uuid/lib_uuid_create_nil.c.o
[974/1303] Building C object libs/libc/CMakeFiles/c.dir/uuid/lib_uuid_equal.c.o
[975/1303] Building C object libs/libc/CMakeFiles/c.dir/uuid/lib_uuid_hash.c.o
[976/1303] Building C object libs/libc/CMakeFiles/c.dir/uuid/lib_uuid_is_nil.c.o
[977/1303] Building C object libs/libc/CMakeFiles/c.dir/uuid/lib_uuid_from_string.c.o
[978/1303] Building C object libs/libc/CMakeFiles/c.dir/uuid/lib_uuid_stream.c.o
[979/1303] Building C object libs/libc/CMakeFiles/c.dir/wchar/lib_wcslen.c.o
[980/1303] Building C object libs/libc/CMakeFiles/c.dir/wchar/lib_wcscmp.c.o
[981/1303] Building C object libs/libc/CMakeFiles/c.dir/uuid/lib_uuid_to_string.c.o
[982/1303] Building C object libs/libc/CMakeFiles/c.dir/wchar/lib_wmemchr.c.o
[983/1303] Building C object libs/libc/CMakeFiles/c.dir/wchar/lib_wmemcmp.c.o
[984/1303] Building C object libs/libc/CMakeFiles/c.dir/wchar/lib_wmemcpy.c.o
[985/1303] Building C object libs/libc/CMakeFiles/c.dir/wchar/lib_wmemmove.c.o
[986/1303] Building C object libs/libc/CMakeFiles/c.dir/wchar/lib_wmemset.c.o
[987/1303] Building C object libs/libc/CMakeFiles/c.dir/wchar/lib_btowc.c.o
[988/1303] Building C object libs/libc/CMakeFiles/c.dir/wchar/lib_wctob.c.o
[989/1303] Building C object libs/libc/CMakeFiles/c.dir/wchar/lib_wcsxfrm.c.o
[990/1303] Building C object libs/libc/CMakeFiles/c.dir/wchar/lib_wcslcpy.c.o
[991/1303] Building C object libs/libc/CMakeFiles/c.dir/wchar/lib_mbrtowc.c.o
[992/1303] Building C object libs/libc/CMakeFiles/c.dir/wchar/lib_wcsftime.c.o
[993/1303] Building C object libs/libc/CMakeFiles/c.dir/wchar/lib_wcrtomb.c.o
[994/1303] Building C object libs/libc/CMakeFiles/c.dir/wchar/lib_wcscoll.c.o
[995/1303] Building C object libs/libc/CMakeFiles/c.dir/wchar/lib_wcstol.c.o
[996/1303] Building C object libs/libc/CMakeFiles/c.dir/wchar/lib_wcstoll.c.o
[997/1303] Building C object libs/libc/CMakeFiles/c.dir/wchar/lib_wcstoul.c.o
[998/1303] Building C object libs/libc/CMakeFiles/c.dir/wchar/lib_wcstoull.c.o
[999/1303] Building C object libs/libc/CMakeFiles/c.dir/wchar/lib_wcstold.c.o
[1000/1303] Building C object libs/libc/CMakeFiles/c.dir/wchar/lib_wcstof.c.o
[1001/1303] Building C object libs/libc/CMakeFiles/c.dir/wchar/lib_wcstod.c.o
[1002/1303] Building C object libs/libc/CMakeFiles/c.dir/wchar/lib_swprintf.c.o
[1003/1303] Building C object libs/libc/CMakeFiles/c.dir/wchar/lib_mbsinit.c.o
[1004/1303] Building C object libs/libc/CMakeFiles/c.dir/wchar/lib_mbrlen.c.o
[1005/1303] Building C object libs/libc/CMakeFiles/c.dir/wchar/lib_mbsnrtowcs.c.o
[1006/1303] Building C object libs/libc/CMakeFiles/c.dir/wchar/lib_wcsnrtombs.c.o
[1007/1303] Building C object libs/libc/CMakeFiles/c.dir/wchar/lib_mbsrtowcs.c.o
[1008/1303] Building C object libs/libc/CMakeFiles/c.dir/wchar/lib_wcsrtombs.c.o
[1009/1303] Building C object libs/libc/CMakeFiles/c.dir/wchar/lib_wcscpy.c.o
[1010/1303] Building C object libs/libc/CMakeFiles/c.dir/wchar/lib_wcscat.c.o
[1011/1303] Building C object libs/libc/CMakeFiles/c.dir/wchar/lib_wcslcat.c.o
[1012/1303] Building C object libs/libc/CMakeFiles/c.dir/wchar/lib_wcsrchr.c.o
[1013/1303] Building C object libs/libc/CMakeFiles/c.dir/wchar/lib_wcsncat.c.o
[1014/1303] Building C object libs/libc/CMakeFiles/c.dir/wchar/lib_wcsncpy.c.o
[1015/1303] Building C object libs/libc/CMakeFiles/c.dir/wchar/lib_wcschr.c.o
[1016/1303] Building C object libs/libc/CMakeFiles/c.dir/wchar/lib_wcsncmp.c.o
[1017/1303] Building C object libs/libc/CMakeFiles/c.dir/wchar/lib_wcscspn.c.o
[1018/1303] Building C object libs/libc/CMakeFiles/c.dir/wchar/lib_wcspbrk.c.o
[1019/1303] Building C object libs/libc/CMakeFiles/c.dir/wchar/lib_wcsspn.c.o
[1020/1303] Building C object libs/libc/CMakeFiles/c.dir/wchar/lib_wcswcs.c.o
[1021/1303] Building C object libs/libc/CMakeFiles/c.dir/wchar/lib_wcstok.c.o
[1022/1303] Building C object libs/libc/CMakeFiles/c.dir/wchar/lib_wcswidth.c.o
[1023/1303] Building C object libs/libc/CMakeFiles/c.dir/wchar/lib_wcwidth.c.o
[1024/1303] Building C object libs/libc/CMakeFiles/c.dir/wctype/lib_wctype.c.o
[1025/1303] Building C object libs/libc/CMakeFiles/c.dir/wchar/lib_wcsstr.c.o
[1026/1303] Building C object libs/libc/CMakeFiles/c.dir/wctype/lib_towlower.c.o
[1027/1303] Building C object libs/libc/CMakeFiles/c.dir/wctype/lib_towupper.c.o
[1028/1303] Building C object mm/CMakeFiles/mm.dir/kasan/hook.c.o
[1029/1303] Building C object libs/libc/CMakeFiles/c.dir/wctype/lib_iswctype.c.o
[1030/1303] Building C object mm/CMakeFiles/mm.dir/mempool/mempool_procfs.c.o
[1031/1303] Building C object mm/CMakeFiles/mm.dir/mm_heap/mm_malloc_size.c.o
[1032/1303] Building C object mm/CMakeFiles/mm.dir/mm_heap/mm_shrinkchunk.c.o
[1033/1303] Building C object mm/CMakeFiles/mm.dir/mm_heap/mm_initialize.c.o
[1034/1303] Building C object mm/CMakeFiles/mm.dir/mm_heap/mm_calloc.c.o
[1035/1303] Building C object mm/CMakeFiles/mm.dir/mm_heap/mm_brkaddr.c.o
[1036/1303] Building C object mm/CMakeFiles/mm.dir/map/mm_map.c.o
[1037/1303] Building C object mm/CMakeFiles/mm.dir/mempool/mempool.c.o
[1038/1303] Building C object mm/CMakeFiles/mm.dir/mm_heap/mm_extend.c.o
[1039/1303] Building C object mm/CMakeFiles/mm.dir/mm_heap/mm_mallinfo.c.o
[1040/1303] Building C object mm/CMakeFiles/mm.dir/mempool/mempool_multiple.c.o
[1041/1303] Building C object mm/CMakeFiles/mm.dir/mm_heap/mm_free.c.o
[1042/1303] Building C object mm/CMakeFiles/mm.dir/mm_heap/mm_foreach.c.o
[1043/1303] Building C object mm/CMakeFiles/mm.dir/mm_heap/mm_malloc.c.o
[1044/1303] Building C object mm/CMakeFiles/mm.dir/mm_heap/mm_memalign.c.o
[1045/1303] Building C object mm/CMakeFiles/mm.dir/mm_heap/mm_zalloc.c.o
[1046/1303] Building C object mm/CMakeFiles/mm.dir/umm_heap/umm_globals.c.o
[1047/1303] Building C object mm/CMakeFiles/mm.dir/umm_heap/umm_initialize.c.o
[1048/1303] Building C object mm/CMakeFiles/mm.dir/mm_heap/mm_heapmember.c.o
[1049/1303] Building C object mm/CMakeFiles/mm.dir/umm_heap/umm_addregion.c.o
[1050/1303] Building C object mm/CMakeFiles/mm.dir/umm_heap/umm_malloc_size.c.o
[1051/1303] Building C object mm/CMakeFiles/mm.dir/umm_heap/umm_brkaddr.c.o
[1052/1303] Building C object mm/CMakeFiles/mm.dir/mm_heap/mm_realloc.c.o
[1053/1303] Building C object mm/CMakeFiles/mm.dir/mm_heap/mm_memdump.c.o
[1054/1303] Building C object mm/CMakeFiles/mm.dir/umm_heap/umm_extend.c.o
[1055/1303] Building C object mm/CMakeFiles/mm.dir/umm_heap/umm_calloc.c.o
[1056/1303] Building C object mm/CMakeFiles/mm.dir/umm_heap/umm_free.c.o
[1057/1303] Building C object mm/CMakeFiles/mm.dir/umm_heap/umm_mallinfo.c.o
[1058/1303] Building C object mm/CMakeFiles/mm.dir/umm_heap/umm_malloc.c.o
[1059/1303] Building C object mm/CMakeFiles/mm.dir/umm_heap/umm_memalign.c.o
[1060/1303] Building C object mm/CMakeFiles/mm.dir/umm_heap/umm_realloc.c.o
[1061/1303] Building C object mm/CMakeFiles/mm.dir/umm_heap/umm_heapmember.c.o
[1062/1303] Building C object mm/CMakeFiles/mm.dir/umm_heap/umm_zalloc.c.o
[1063/1303] Building C object sched/CMakeFiles/sched.dir/clock/clock.c.o
[1064/1303] Building C object mm/CMakeFiles/mm.dir/umm_heap/umm_memdump.c.o
[1065/1303] Building C object sched/CMakeFiles/sched.dir/clock/clock_getres.c.o
[1066/1303] Linking C static library mm/libmm.a
[1067/1303] Building C object sched/CMakeFiles/sched.dir/clock/clock_initialize.c.o
[1068/1303] Building C object sched/CMakeFiles/sched.dir/clock/clock_notifier.c.o
[1069/1303] Building C object sched/CMakeFiles/sched.dir/clock/clock_settime.c.o
[1070/1303] Building C object sched/CMakeFiles/sched.dir/clock/clock_gettime.c.o
[1071/1303] Building C object sched/CMakeFiles/sched.dir/clock/clock_systime_ticks.c.o
[1072/1303] Building C object sched/CMakeFiles/sched.dir/clock/clock_realtime2absticks.c.o
[1073/1303] Building C object sched/CMakeFiles/sched.dir/clock/clock_systime_timespec.c.o
[1074/1303] Building C object sched/CMakeFiles/sched.dir/clock/clock_perf.c.o
[1075/1303] Building C object sched/CMakeFiles/sched.dir/group/group_join.c.o
[1076/1303] Building C object sched/CMakeFiles/sched.dir/group/group_create.c.o
[1077/1303] Building C object sched/CMakeFiles/sched.dir/group/group_setupidlefiles.c.o
[1078/1303] Building C object sched/CMakeFiles/sched.dir/group/group_leave.c.o
[1079/1303] Linking C static library libs/libc/libc.a
[1080/1303] Building C object sched/CMakeFiles/sched.dir/group/group_setuptaskfiles.c.o
[1081/1303] Building C object sched/CMakeFiles/sched.dir/group/group_foreachchild.c.o
[1082/1303] Building C object sched/CMakeFiles/sched.dir/instrument/instrument.c.o
[1083/1303] Building C object sched/CMakeFiles/sched.dir/group/group_killchildren.c.o
[1084/1303] Building C object sched/CMakeFiles/sched.dir/group/group_signal.c.o
[1085/1303] Building C object sched/CMakeFiles/sched.dir/irq/irq_initialize.c.o
[1086/1303] Building C object sched/CMakeFiles/sched.dir/irq/irq_attach.c.o
[1087/1303] Building C object sched/CMakeFiles/sched.dir/init/nx_bringup.c.o
[1088/1303] Building C object sched/CMakeFiles/sched.dir/init/nx_start.c.o
[1089/1303] Building C object sched/CMakeFiles/sched.dir/irq/irq_dispatch.c.o
[1090/1303] Building C object sched/CMakeFiles/sched.dir/irq/irq_attach_thread.c.o
[1091/1303] Building C object sched/CMakeFiles/sched.dir/irq/irq_csection.c.o
[1092/1303] Building C object sched/CMakeFiles/sched.dir/irq/irq_unexpectedisr.c.o
[1093/1303] Building C object sched/CMakeFiles/sched.dir/irq/irq_attach_wqueue.c.o
[1094/1303] Building C object sched/CMakeFiles/sched.dir/misc/panic_notifier.c.o
[1095/1303] Building C object sched/CMakeFiles/sched.dir/mqueue/mq_initialize.c.o
[1096/1303] Building C object sched/CMakeFiles/sched.dir/mqueue/mq_recover.c.o
[1097/1303] Building C object sched/CMakeFiles/sched.dir/mqueue/mq_waitirq.c.o
[1098/1303] Building C object sched/CMakeFiles/sched.dir/misc/reboot_notifier.c.o
[1099/1303] Building C object sched/CMakeFiles/sched.dir/misc/assert.c.o
[1100/1303] Building C object sched/CMakeFiles/sched.dir/mqueue/mq_send.c.o
[1101/1303] Building C object sched/CMakeFiles/sched.dir/mqueue/mq_sndinternal.c.o
[1102/1303] Building C object sched/CMakeFiles/sched.dir/mqueue/mq_msgfree.c.o
[1103/1303] Building C object sched/CMakeFiles/sched.dir/mqueue/mq_msgqalloc.c.o
[1104/1303] Building C object sched/CMakeFiles/sched.dir/mqueue/mq_msgqfree.c.o
[1105/1303] Building C object sched/CMakeFiles/sched.dir/mqueue/mq_receive.c.o
[1106/1303] Building C object sched/CMakeFiles/sched.dir/mqueue/mq_rcvinternal.c.o
[1107/1303] Building C object sched/CMakeFiles/sched.dir/mqueue/mq_setattr.c.o
[1108/1303] Building C object sched/CMakeFiles/sched.dir/mqueue/mq_getattr.c.o
[1109/1303] Building C object sched/CMakeFiles/sched.dir/mqueue/mq_notify.c.o
[1110/1303] Building C object sched/CMakeFiles/sched.dir/mqueue/msgctl.c.o
[1111/1303] Building C object sched/CMakeFiles/sched.dir/mqueue/msgget.c.o
[1112/1303] Building C object sched/CMakeFiles/sched.dir/mqueue/msginternal.c.o
[1113/1303] Building C object sched/CMakeFiles/sched.dir/mqueue/msgrcv.c.o
[1114/1303] Building C object sched/CMakeFiles/sched.dir/mqueue/msgsnd.c.o
[1115/1303] Building C object sched/CMakeFiles/sched.dir/pthread/pthread_create.c.o
[1116/1303] Building C object sched/CMakeFiles/sched.dir/pthread/pthread_exit.c.o
[1117/1303] Building C object sched/CMakeFiles/sched.dir/pthread/pthread_getschedparam.c.o
[1118/1303] Building C object sched/CMakeFiles/sched.dir/pthread/pthread_setschedparam.c.o
[1119/1303] Building C object sched/CMakeFiles/sched.dir/pthread/pthread_detach.c.o
[1120/1303] Building C object sched/CMakeFiles/sched.dir/pthread/pthread_sigmask.c.o
[1121/1303] Building C object sched/CMakeFiles/sched.dir/pthread/pthread_cancel.c.o
[1122/1303] Building C object sched/CMakeFiles/sched.dir/pthread/pthread_join.c.o
[1123/1303] Building C object sched/CMakeFiles/sched.dir/pthread/pthread_release.c.o
[1124/1303] Building C object sched/CMakeFiles/sched.dir/pthread/pthread_setschedprio.c.o
[1125/1303] Building C object sched/CMakeFiles/sched.dir/sched/sched_getfiles.c.o
[1126/1303] Building C object sched/CMakeFiles/sched.dir/pthread/pthread_findjoininfo.c.o
[1127/1303] Building C object sched/CMakeFiles/sched.dir/sched/sched_profil.c.o
[1128/1303] Building C object sched/CMakeFiles/sched.dir/pthread/pthread_completejoin.c.o
[1129/1303] Building C object sched/CMakeFiles/sched.dir/sched/sched_removereadytorun.c.o
[1130/1303] Building C object sched/CMakeFiles/sched.dir/sched/sched_addreadytorun.c.o
[1131/1303] Building C object sched/CMakeFiles/sched.dir/sched/sched_addblocked.c.o
[1132/1303] Building C object sched/CMakeFiles/sched.dir/sched/sched_removeblocked.c.o
[1133/1303] Building C object sched/CMakeFiles/sched.dir/sched/sched_verifytcb.c.o
[1134/1303] Building C object sched/CMakeFiles/sched.dir/sched/sched_gettcb.c.o
[1135/1303] Building C object sched/CMakeFiles/sched.dir/sched/sched_setparam.c.o
[1136/1303] Building C object sched/CMakeFiles/sched.dir/sched/sched_getparam.c.o
[1137/1303] Building C object sched/CMakeFiles/sched.dir/sched/sched_releasetcb.c.o
[1138/1303] Building C object sched/CMakeFiles/sched.dir/sched/sched_setpriority.c.o
[1139/1303] Building C object sched/CMakeFiles/sched.dir/sched/sched_getscheduler.c.o
[1140/1303] Building C object sched/CMakeFiles/sched.dir/sched/sched_yield.c.o
[1141/1303] Building C object sched/CMakeFiles/sched.dir/sched/sched_setscheduler.c.o
[1142/1303] Building C object sched/CMakeFiles/sched.dir/sched/sched_foreach.c.o
[1143/1303] Building C object sched/CMakeFiles/sched.dir/sched/sched_lock.c.o
[1144/1303] Building C object sched/CMakeFiles/sched.dir/sched/sched_rrgetinterval.c.o
[1145/1303] Building C object sched/CMakeFiles/sched.dir/sched/sched_lockcount.c.o
[1146/1303] Building C object sched/CMakeFiles/sched.dir/sched/sched_unlock.c.o
[1147/1303] Building C object sched/CMakeFiles/sched.dir/sched/sched_idletask.c.o
[1148/1303] Building C object sched/CMakeFiles/sched.dir/sched/sched_self.c.o
[1149/1303] Building C object sched/CMakeFiles/sched.dir/sched/sched_getcpu.c.o
[1150/1303] Building C object sched/CMakeFiles/sched.dir/sched/sched_get_tls.c.o
[1151/1303] Building C object sched/CMakeFiles/sched.dir/sched/sched_sysinfo.c.o
[1152/1303] Building C object sched/CMakeFiles/sched.dir/sched/sched_get_stackinfo.c.o
[1153/1303] Building C object sched/CMakeFiles/sched.dir/sched/sched_switchcontext.c.o
[1154/1303] Building C object sched/CMakeFiles/sched.dir/sched/sched_get_stateinfo.c.o
[1155/1303] Building C object sched/CMakeFiles/sched.dir/sched/sched_reprioritizertr.c.o
[1156/1303] Building C object sched/CMakeFiles/sched.dir/sched/sched_mergepending.c.o
[1157/1303] Building C object sched/CMakeFiles/sched.dir/sched/sched_roundrobin.c.o
[1158/1303] Building C object sched/CMakeFiles/sched.dir/sched/sched_processtimer.c.o
[1159/1303] Building C object sched/CMakeFiles/sched.dir/semaphore/sem_destroy.c.o
[1160/1303] Building C object sched/CMakeFiles/sched.dir/sched/sched_waitpid.c.o
[1161/1303] Building C object sched/CMakeFiles/sched.dir/semaphore/sem_tickwait.c.o
[1162/1303] Building C object sched/CMakeFiles/sched.dir/semaphore/sem_wait.c.o
[1163/1303] Building C object sched/CMakeFiles/sched.dir/semaphore/sem_trywait.c.o
[1164/1303] Building C object sched/CMakeFiles/sched.dir/semaphore/sem_timeout.c.o
[1165/1303] Building C object sched/CMakeFiles/sched.dir/semaphore/sem_clockwait.c.o
[1166/1303] Building C object sched/CMakeFiles/sched.dir/semaphore/sem_recover.c.o
[1167/1303] Building C object sched/CMakeFiles/sched.dir/semaphore/sem_post.c.o
[1168/1303] Building C object sched/CMakeFiles/sched.dir/semaphore/sem_reset.c.o
[1169/1303] Building C object sched/CMakeFiles/sched.dir/semaphore/sem_waitirq.c.o
[1170/1303] Building C object sched/CMakeFiles/sched.dir/signal/sig_allocpendingsigaction.c.o
[1171/1303] Building C object sched/CMakeFiles/sched.dir/signal/sig_findaction.c.o
[1172/1303] Building C object sched/CMakeFiles/sched.dir/signal/sig_action.c.o
[1173/1303] Building C object sched/CMakeFiles/sched.dir/signal/sig_cleanup.c.o
[1174/1303] Building C object sched/CMakeFiles/sched.dir/signal/sig_deliver.c.o
[1175/1303] Building C object sched/CMakeFiles/sched.dir/signal/sig_initialize.c.o
[1176/1303] Building C object sched/CMakeFiles/sched.dir/signal/sig_pending.c.o
[1177/1303] Building C object sched/CMakeFiles/sched.dir/signal/sig_releasependingsigaction.c.o
[1178/1303] Building C object sched/CMakeFiles/sched.dir/signal/sig_releasependingsignal.c.o
[1179/1303] Building C object sched/CMakeFiles/sched.dir/signal/sig_removependingsignal.c.o
[1180/1303] Building C object sched/CMakeFiles/sched.dir/signal/sig_unmaskpendingsignal.c.o
[1181/1303] Building C object sched/CMakeFiles/sched.dir/signal/sig_lowest.c.o
[1182/1303] Building C object sched/CMakeFiles/sched.dir/signal/sig_kill.c.o
[1183/1303] Building C object sched/CMakeFiles/sched.dir/signal/sig_nanosleep.c.o
[1184/1303] Building C object sched/CMakeFiles/sched.dir/semaphore/sem_rw.c.o
[1185/1303] Building C object sched/CMakeFiles/sched.dir/signal/sig_pause.c.o
[1186/1303] Building C object sched/CMakeFiles/sched.dir/signal/sig_dispatch.c.o
[1187/1303] Building C object sched/CMakeFiles/sched.dir/signal/sig_notification.c.o
[1188/1303] Building C object sched/CMakeFiles/sched.dir/signal/sig_ppoll.c.o
[1189/1303] Building C object sched/CMakeFiles/sched.dir/signal/sig_sleep.c.o
[1190/1303] Building C object sched/CMakeFiles/sched.dir/signal/sig_pselect.c.o
[1191/1303] Building C object sched/CMakeFiles/sched.dir/signal/sig_procmask.c.o
[1192/1303] Building C object sched/CMakeFiles/sched.dir/signal/sig_queue.c.o
[1193/1303] Building C object sched/CMakeFiles/sched.dir/signal/sig_tgkill.c.o
[1194/1303] Building C object sched/CMakeFiles/sched.dir/signal/sig_suspend.c.o
[1195/1303] Building C object sched/CMakeFiles/sched.dir/signal/sig_usleep.c.o
[1196/1303] Building C object sched/CMakeFiles/sched.dir/signal/sig_waitinfo.c.o
[1197/1303] Building C object sched/CMakeFiles/sched.dir/task/task_argvstr.c.o
[1198/1303] Building C object sched/CMakeFiles/sched.dir/task/task_create.c.o
[1199/1303] Building C object sched/CMakeFiles/sched.dir/task/task_init.c.o
[1200/1303] Building C object sched/CMakeFiles/sched.dir/task/task_activate.c.o
[1201/1303] Building C object sched/CMakeFiles/sched.dir/task/task_delete.c.o
[1202/1303] Building C object sched/CMakeFiles/sched.dir/signal/sig_timedwait.c.o
[1203/1303] Building C object sched/CMakeFiles/sched.dir/task/task_start.c.o
[1204/1303] Building C object sched/CMakeFiles/sched.dir/task/task_exit.c.o
[1205/1303] Building C object sched/CMakeFiles/sched.dir/task/task_setup.c.o
[1206/1303] Building C object sched/CMakeFiles/sched.dir/task/task_prctl.c.o
[1207/1303] Building C object sched/CMakeFiles/sched.dir/task/task_exithook.c.o
[1208/1303] Building C object sched/CMakeFiles/sched.dir/task/task_recover.c.o
[1209/1303] Building C object sched/CMakeFiles/sched.dir/task/task_restart.c.o
[1210/1303] Building C object sched/CMakeFiles/sched.dir/task/task_cancelpt.c.o
[1211/1303] Building C object sched/CMakeFiles/sched.dir/task/task_terminate.c.o
[1212/1303] Building C object sched/CMakeFiles/sched.dir/task/task_spawnparms.c.o
[1213/1303] Building C object sched/CMakeFiles/sched.dir/task/task_join.c.o
[1214/1303] Building C object sched/CMakeFiles/sched.dir/task/exit.c.o
[1215/1303] Building C object sched/CMakeFiles/sched.dir/task/task_fork.c.o
[1216/1303] Building C object sched/CMakeFiles/sched.dir/task/task_spawn.c.o
[1217/1303] Building C object sched/CMakeFiles/sched.dir/task/task_execve.c.o
[1218/1303] Building C object sched/CMakeFiles/sched.dir/task/task_posixspawn.c.o
[1219/1303] Building C object sched/CMakeFiles/sched.dir/timer/timer_initialize.c.o
[1220/1303] Building C object sched/CMakeFiles/sched.dir/timer/timer_create.c.o
[1221/1303] Building C object sched/CMakeFiles/sched.dir/timer/timer_getoverrun.c.o
[1222/1303] Building C object sched/CMakeFiles/sched.dir/timer/timer_delete.c.o
[1223/1303] Building C object sched/CMakeFiles/sched.dir/timer/timer_getitimer.c.o
[1224/1303] Building C object sched/CMakeFiles/sched.dir/timer/timer_gettime.c.o
[1225/1303] Building C object sched/CMakeFiles/sched.dir/tls/tls_initinfo.c.o
[1226/1303] Building C object sched/CMakeFiles/sched.dir/timer/timer_release.c.o
[1227/1303] Building C object sched/CMakeFiles/sched.dir/timer/timer_setitimer.c.o
[1228/1303] Building C object sched/CMakeFiles/sched.dir/tls/task_uninitinfo.c.o
[1229/1303] Building C object sched/CMakeFiles/sched.dir/tls/task_initinfo.c.o
[1230/1303] Building C object sched/CMakeFiles/sched.dir/wdog/wd_initialize.c.o
[1231/1303] Building C object sched/CMakeFiles/sched.dir/tls/tls_dupinfo.c.o
[1232/1303] Building C object sched/CMakeFiles/sched.dir/timer/timer_settime.c.o
[1233/1303] Building C object sched/CMakeFiles/sched.dir/wdog/wd_gettime.c.o
[1234/1303] Building C object sched/CMakeFiles/sched.dir/wdog/wd_cancel.c.o
[1235/1303] Building C object sched/CMakeFiles/sched.dir/wdog/wd_start.c.o
[1236/1303] Building C object boards/CMakeFiles/board.dir/__/dummy.c.o
[1237/1303] Building C object sched/CMakeFiles/sched.dir/wqueue/kwork_queue.c.o
[1238/1303] Building C object apps/CMakeFiles/apps.dir/dummy.c.o
[1239/1303] Building C object sched/CMakeFiles/sched.dir/wqueue/kwork_cancel.c.o
[1240/1303] Building C object boards/CMakeFiles/board.dir/risc-v/esp32s31/esp32s31-core-function-board/src/esp32s31_bringup.c.o
[1241/1303] Building C object boards/CMakeFiles/board.dir/risc-v/esp32s31/esp32s31-core-function-board/src/esp32s31_reset.c.o
[1242/1303] Building C object apps/CMakeFiles/apps.dir/nshlib/nsh_init.c.o
[1243/1303] Building C object boards/CMakeFiles/board.dir/risc-v/esp32s31/esp32s31-core-function-board/src/esp32s31_boot.c.o
[1244/1303] Building C object boards/CMakeFiles/board.dir/boardctl.c.o
[1245/1303] Building C object sched/CMakeFiles/sched.dir/wqueue/kwork_thread.c.o
[1246/1303] Building C object apps/CMakeFiles/apps.dir/nshlib/nsh_system.c.o
[1247/1303] Building C object apps/CMakeFiles/apps.dir/nshlib/nsh_console.c.o
[1248/1303] Building C object apps/CMakeFiles/apps.dir/nshlib/nsh_script.c.o
[1249/1303] Linking C static library boards/libboard.a
[1250/1303] Building C object apps/CMakeFiles/apps.dir/nshlib/nsh_mmcmds.c.o
[1251/1303] Building C object apps/CMakeFiles/apps.dir/nshlib/nsh_command.c.o
[1252/1303] Building C object apps/CMakeFiles/apps.dir/nshlib/nsh_timcmds.c.o
[1253/1303] Building C object apps/CMakeFiles/apps.dir/nshlib/nsh_prompt.c.o
[1254/1303] Linking C static library sched/libsched.a
[1255/1303] Building C object apps/CMakeFiles/apps.dir/nshlib/nsh_ddcmd.c.o
[1256/1303] Building C object apps/CMakeFiles/apps.dir/nshlib/nsh_parse.c.o
[1257/1303] Building C object apps/CMakeFiles/apps.dir/nshlib/nsh_proccmds.c.o
[1258/1303] Building C object apps/CMakeFiles/apps.dir/nshlib/nsh_envcmds.c.o
[1259/1303] Building C object apps/CMakeFiles/apps.dir/nshlib/nsh_syscmds.c.o
[1260/1303] Building C object apps/CMakeFiles/apps.dir/nshlib/nsh_session.c.o
[1261/1303] Building C object apps/CMakeFiles/apps.dir/nshlib/nsh_dbgcmds.c.o
[1262/1303] Building C object apps/CMakeFiles/apps.dir/nshlib/nsh_consolemain.c.o
[1263/1303] Building C object apps/CMakeFiles/apps.dir/nshlib/nsh_fileapps.c.o
[1264/1303] Building C object apps/CMakeFiles/apps.dir/nshlib/nsh_printf.c.o
[1265/1303] Building C object apps/CMakeFiles/apps.dir/nshlib/nsh_fsutils.c.o
[1266/1303] Building C object apps/CMakeFiles/apps.dir/nshlib/nsh_fscmds.c.o
[1267/1303] Building C object apps/CMakeFiles/apps.dir/nshlib/nsh_wait.c.o
[1268/1303] Building C object apps/CMakeFiles/apps.dir/nshlib/nsh_mntcmds.c.o
[1269/1303] Building C object apps/CMakeFiles/apps.dir/nshlib/nsh_test.c.o
[1270/1303] Building C object apps/CMakeFiles/apps.dir/system/readline/readline.c.o
[1271/1303] Building C object apps/CMakeFiles/apps.dir/system/readline/readline_stream.c.o
[1272/1303] Building C object apps/system/nsh/CMakeFiles/apps_sh.dir/sh_main.c.o
[1273/1303] Building C object apps/CMakeFiles/apps.dir/system/readline/readline_fd.c.o
[1274/1303] Linking C static library apps/system/nsh/libapps_sh.a
[1275/1303] Building C object apps/CMakeFiles/apps.dir/nshlib/nsh_alias.c.o
[1276/1303] Building C object apps/system/nsh/CMakeFiles/apps_nsh.dir/nsh_main.c.o
[1277/1303] Building C object apps/CMakeFiles/apps.dir/system/readline/readline_common.c.o
[1278/1303] Linking C static library apps/system/nsh/libapps_nsh.a
[1279/1303] Building C object apps/testing/drivers/drivertest/CMakeFiles/apps_cmocka_driver_simple.dir/drivertest_simple.c.o
[1280/1303] Linking C static library apps/libapps.a
[1281/1303] Building C object apps/testing/cmocka/CMakeFiles/apps_cmocka.dir/cmocka_main.c.o
[1282/1303] Building C object apps/external/android/CMakeFiles/android.dir/dummy.c.o
[1283/1303] Building C object apps/builtin/CMakeFiles/apps_builtin.dir/builtin_list.c.o
[1284/1303] Linking C static library apps/external/android/libandroid.a
[1285/1303] Building C object apps/testing/drivers/drivertest/CMakeFiles/apps_cmocka_posix_timer.dir/drivertest_posix_timer.c.o
[1286/1303] Linking C static library apps/builtin/libapps_builtin.a
[1287/1303] Building C object apps/testing/drivers/drivertest/CMakeFiles/apps_cmocka_driver_rtc.dir/drivertest_rtc.c.o
[1288/1303] Building C object apps/testing/drivers/drivertest/CMakeFiles/apps_cmocka_driver_uart.dir/drivertest_uart.c.o
[1289/1303] Building C object apps/testing/drivers/drivertest/CMakeFiles/apps_cmocka_driver_block.dir/drivertest_block.c.o
[1290/1303] Building C object apps/testing/mm/heaptest/CMakeFiles/apps_mm.dir/mm_main.c.o
[1291/1303] Linking C static library apps/testing/mm/heaptest/libapps_mm.a
[1292/1303] Building C object apps/testing/cmocka/CMakeFiles/cmocka.dir/cmocka/src/cmocka.c.o
[1293/1303] Linking C static library apps/testing/cmocka/libcmocka.a
[1294/1303] Linking C static library apps/testing/cmocka/libapps_cmocka.a
[1295/1303] Linking C static library apps/testing/drivers/drivertest/libapps_cmocka_driver_block.a
[1296/1303] Linking C static library apps/testing/drivers/drivertest/libapps_cmocka_driver_rtc.a
[1297/1303] Linking C static library apps/testing/drivers/drivertest/libapps_cmocka_posix_timer.a
[1298/1303] Linking C static library apps/testing/drivers/drivertest/libapps_cmocka_driver_uart.a
[1299/1303] Linking C static library apps/testing/drivers/drivertest/libapps_cmocka_driver_simple.a
[1300/1303] Linking C executable nuttx
[1301/1303] Generating nuttx.hex
[1302/1303] Generating System.map
[1303/1303] Generating ESP32-S31 simple-boot image for offset 0x2000
esptool v5.4.0
Creating ESP32-S31 image...
Image has only RAM segments visible. ROM segments are hidden and SHA256 digest is not appended.
NOTE: Inserting 56 bytes padding between .iram0.text and .dram0.data
Merged 2 ELF sections.
Successfully created ESP32-S31 image.
+ test -f /home/regex/work/esp32s31-openvela/openvela-dev/out/esp32s31-xts-flat-rtc/nuttx.bin
++ stat -c %s /home/regex/work/esp32s31-openvela/openvela-dev/out/esp32s31-xts-flat-rtc/nuttx.bin
+ test 324792 -le 2088960
+ rg -q mm_main /home/regex/work/esp32s31-openvela/openvela-dev/out/esp32s31-xts-flat-rtc/System.map
+ rg -q cmocka_driver_block_main /home/regex/work/esp32s31-openvela/openvela-dev/out/esp32s31-xts-flat-rtc/System.map
+ '[' xts-flat-rtc = xts-flat-rtc ']'
+ for task_option in RTC_DRIVER RTC_ALARM RTC_PERIODIC SIG_EVTHREAD
+ rg -q '^CONFIG_RTC_DRIVER=y$' /home/regex/work/esp32s31-openvela/openvela-dev/out/esp32s31-xts-flat-rtc/.config
+ for task_option in RTC_DRIVER RTC_ALARM RTC_PERIODIC SIG_EVTHREAD
+ rg -q '^CONFIG_RTC_ALARM=y$' /home/regex/work/esp32s31-openvela/openvela-dev/out/esp32s31-xts-flat-rtc/.config
+ for task_option in RTC_DRIVER RTC_ALARM RTC_PERIODIC SIG_EVTHREAD
+ rg -q '^CONFIG_RTC_PERIODIC=y$' /home/regex/work/esp32s31-openvela/openvela-dev/out/esp32s31-xts-flat-rtc/.config
+ for task_option in RTC_DRIVER RTC_ALARM RTC_PERIODIC SIG_EVTHREAD
+ rg -q '^CONFIG_SIG_EVTHREAD=y$' /home/regex/work/esp32s31-openvela/openvela-dev/out/esp32s31-xts-flat-rtc/.config
+ rg -q cmocka_driver_rtc_main /home/regex/work/esp32s31-openvela/openvela-dev/out/esp32s31-xts-flat-rtc/System.map
+ set -o noclobber
+ sha256sum /home/regex/work/esp32s31-openvela/openvela-dev/out/esp32s31-xts-flat-rtc/nuttx.bin
+ restore_config
+ '[' -f /tmp/s31-flat-source-config.pCrR0U/.config ']'
+ mv /tmp/s31-flat-source-config.pCrR0U/.config .config
+ '[' -f /tmp/s31-flat-source-config.pCrR0U/config.h ']'
+ mv /tmp/s31-flat-source-config.pCrR0U/config.h include/nuttx/config.h
+ rmdir /tmp/s31-flat-source-config.pCrR0U
