+ cmake -S . -B /home/regex/work/esp32s31-openvela/openvela-dev/out/esp32s31-xts-flat-audio-duplex1188 -G Ninja -DBOARD_CONFIG=esp32s31-core-function-board:xts-flat-audio-duplex1188 -DFETCHCONTENT_FULLY_DISCONNECTED=ON
-- Processing includes: /home/regex/work/esp32s31-openvela/openvela-dev/nuttx/boards/risc-v/esp32s31/esp32s31-core-function-board/configs/xts-flat-audio-duplex1188/defconfig → /home/regex/work/esp32s31-openvela/openvela-dev/out/esp32s31-xts-flat-audio-duplex1188/.defconfig.processed
-- NuttX Host Tools
-- Configuring done
-- Generating done
-- Build files have been written to: /home/regex/work/esp32s31-openvela/openvela-dev/out/esp32s31-xts-flat-audio-duplex1188/bin_host
-- Configuring done
-- Generating done
-- Build files have been written to: /home/regex/work/esp32s31-openvela/openvela-dev/out/esp32s31-xts-flat-audio-duplex1188
+ cmake --build /home/regex/work/esp32s31-openvela/openvela-dev/out/esp32s31-xts-flat-audio-duplex1188 --target resetconfig
[1/1] cd /home/regex/work/esp32s31-openvela/openvela-dev/nuttx && /usr/bin/cmake -E copy /home/regex/work/esp32s31-openvela/openvela-dev/out/esp32s31-xts-flat-audio-duplex1188/.defconfig.processed /home/regex/work/esp32s31-openvela/openvela-dev/out/esp32s31-xts-flat-audio-duplex1188/.config && /usr/bin/cmake -E env KCONFIG_CONFIG=/home/regex/work/esp32s31-openvela/openvela-dev/out/esp32s31-xts-flat-audio-duplex1188/.config EXTERNALDIR=dummy APPSDIR=/home/regex/work/esp32s31-openvela/openvela-dev/apps DRIVERS_PLATFORM_DIR=dummy APPSBINDIR=/home/regex/work/esp32s31-openvela/openvela-dev/out/esp32s31-xts-flat-audio-duplex1188/apps BINDIR=/home/regex/work/esp32s31-openvela/openvela-dev/out/esp32s31-xts-flat-audio-duplex1188 olddefconfig && /usr/bin/cmake -E copy /home/regex/work/esp32s31-openvela/openvela-dev/out/esp32s31-xts-flat-audio-duplex1188/.config /home/regex/work/esp32s31-openvela/openvela-dev/out/esp32s31-xts-flat-audio-duplex1188/.config.orig && /usr/bin/cmake -E remove -f /home/regex/work/esp32s31-openvela/openvela-dev/out/esp32s31-xts-flat-audio-duplex1188/include/nuttx/config.h && /usr/bin/cmake -E touch /home/regex/work/esp32s31-openvela/openvela-dev/nuttx/CMakeLists.txt
Loaded configuration '/home/regex/work/esp32s31-openvela/openvela-dev/out/esp32s31-xts-flat-audio-duplex1188/.config'
Configuration saved to '/home/regex/work/esp32s31-openvela/openvela-dev/out/esp32s31-xts-flat-audio-duplex1188/.config'
+ cmake -S . -B /home/regex/work/esp32s31-openvela/openvela-dev/out/esp32s31-xts-flat-audio-duplex1188 -G Ninja -DBOARD_CONFIG=esp32s31-core-function-board:xts-flat-audio-duplex1188 -DFETCHCONTENT_FULLY_DISCONNECTED=ON
-- Processing includes: /home/regex/work/esp32s31-openvela/openvela-dev/nuttx/boards/risc-v/esp32s31/esp32s31-core-function-board/configs/xts-flat-audio-duplex1188/defconfig → /home/regex/work/esp32s31-openvela/openvela-dev/out/esp32s31-xts-flat-audio-duplex1188/.defconfig.processed
-- NuttX Host Tools
-- Configuring done
-- Generating done
-- Build files have been written to: /home/regex/work/esp32s31-openvela/openvela-dev/out/esp32s31-xts-flat-audio-duplex1188/bin_host
-- Configuring done
-- Generating done
-- Build files have been written to: /home/regex/work/esp32s31-openvela/openvela-dev/out/esp32s31-xts-flat-audio-duplex1188
+ for task_option in ARCH_CHIP_ESP32S31 ESPRESSIF_ESP32S31 BUILD_FLAT TESTING_MM TESTING_CMOCKA TESTING_DRIVER_TEST BCH ESPRESSIF_SPIRAM_USE_8LINE_MODE
+ rg -q '^CONFIG_ARCH_CHIP_ESP32S31=y$' /home/regex/work/esp32s31-openvela/openvela-dev/out/esp32s31-xts-flat-audio-duplex1188/.config
+ for task_option in ARCH_CHIP_ESP32S31 ESPRESSIF_ESP32S31 BUILD_FLAT TESTING_MM TESTING_CMOCKA TESTING_DRIVER_TEST BCH ESPRESSIF_SPIRAM_USE_8LINE_MODE
+ rg -q '^CONFIG_ESPRESSIF_ESP32S31=y$' /home/regex/work/esp32s31-openvela/openvela-dev/out/esp32s31-xts-flat-audio-duplex1188/.config
+ for task_option in ARCH_CHIP_ESP32S31 ESPRESSIF_ESP32S31 BUILD_FLAT TESTING_MM TESTING_CMOCKA TESTING_DRIVER_TEST BCH ESPRESSIF_SPIRAM_USE_8LINE_MODE
+ rg -q '^CONFIG_BUILD_FLAT=y$' /home/regex/work/esp32s31-openvela/openvela-dev/out/esp32s31-xts-flat-audio-duplex1188/.config
+ for task_option in ARCH_CHIP_ESP32S31 ESPRESSIF_ESP32S31 BUILD_FLAT TESTING_MM TESTING_CMOCKA TESTING_DRIVER_TEST BCH ESPRESSIF_SPIRAM_USE_8LINE_MODE
+ rg -q '^CONFIG_TESTING_MM=y$' /home/regex/work/esp32s31-openvela/openvela-dev/out/esp32s31-xts-flat-audio-duplex1188/.config
+ for task_option in ARCH_CHIP_ESP32S31 ESPRESSIF_ESP32S31 BUILD_FLAT TESTING_MM TESTING_CMOCKA TESTING_DRIVER_TEST BCH ESPRESSIF_SPIRAM_USE_8LINE_MODE
+ rg -q '^CONFIG_TESTING_CMOCKA=y$' /home/regex/work/esp32s31-openvela/openvela-dev/out/esp32s31-xts-flat-audio-duplex1188/.config
+ for task_option in ARCH_CHIP_ESP32S31 ESPRESSIF_ESP32S31 BUILD_FLAT TESTING_MM TESTING_CMOCKA TESTING_DRIVER_TEST BCH ESPRESSIF_SPIRAM_USE_8LINE_MODE
+ rg -q '^CONFIG_TESTING_DRIVER_TEST=y$' /home/regex/work/esp32s31-openvela/openvela-dev/out/esp32s31-xts-flat-audio-duplex1188/.config
+ for task_option in ARCH_CHIP_ESP32S31 ESPRESSIF_ESP32S31 BUILD_FLAT TESTING_MM TESTING_CMOCKA TESTING_DRIVER_TEST BCH ESPRESSIF_SPIRAM_USE_8LINE_MODE
+ rg -q '^CONFIG_BCH=y$' /home/regex/work/esp32s31-openvela/openvela-dev/out/esp32s31-xts-flat-audio-duplex1188/.config
+ for task_option in ARCH_CHIP_ESP32S31 ESPRESSIF_ESP32S31 BUILD_FLAT TESTING_MM TESTING_CMOCKA TESTING_DRIVER_TEST BCH ESPRESSIF_SPIRAM_USE_8LINE_MODE
+ rg -q '^CONFIG_ESPRESSIF_SPIRAM_USE_8LINE_MODE=y$' /home/regex/work/esp32s31-openvela/openvela-dev/out/esp32s31-xts-flat-audio-duplex1188/.config
+ rg -q '^CONFIG_BUILD_(KERNEL|PROTECTED)=y$' /home/regex/work/esp32s31-openvela/openvela-dev/out/esp32s31-xts-flat-audio-duplex1188/.config
+ cmake --build /home/regex/work/esp32s31-openvela/openvela-dev/out/esp32s31-xts-flat-audio-duplex1188 -j8
[1/1350] Generating esp32s31.rom.rvfp.ld.2.tmp
[2/1350] Generating esp32s31.rom.net80211.ld.3.tmp
[3/1350] Generating esp32s31.rom.phy.ld.4.tmp
[4/1350] Generating esp32s31.rom.pp.ld.5.tmp
[5/1350] Generating esp32s31.rom.api.ld.6.tmp
[6/1350] Generating esp32s31.rom.version.ld.7.tmp
[7/1350] Generating esp32s31.peripherals.ld.8.tmp
[8/1350] cd /home/regex/work/esp32s31-openvela/openvela-dev/nuttx && /usr/bin/cmake -DKCONFIG_CONFIG=/home/regex/work/esp32s31-openvela/openvela-dev/out/esp32s31-xts-flat-audio-duplex1188/.defconfig.processed -DNUTTX_DIR=/home/regex/work/esp32s31-openvela/openvela-dev/nuttx -DCMAKE_BINARY_DIR=/home/regex/work/esp32s31-openvela/openvela-dev/out/esp32s31-xts-flat-audio-duplex1188 -P /home/regex/work/esp32s31-openvela/openvela-dev/nuttx/cmake/nuttx_generate_dts.cmake
[9/1350] Generating esp32s31_aliases.ld.10.tmp
[10/1350] Generating rom.api.ld.9.tmp
[11/1350] cd /home/regex/work/esp32s31-openvela/openvela-dev/out/esp32s31-xts-flat-audio-duplex1188/libs/libc/misc && /usr/bin/cmake -E touch /home/regex/work/esp32s31-openvela/openvela-dev/nuttx/libs/libc/misc/lib_utsname.c
[12/1350] Generating esp32s31_flat_memory.ld.11.tmp
[13/1350] Generating esp32s31_sections.ld.12.tmp
[14/1350] Building C object arch/CMakeFiles/arch.dir/home/regex/work/esp32s31-openvela/s31-reference/deps/esp-hal-3rdparty/components/esp_hal_dma/esp32s31/gdma_periph.c.o
[15/1350] Building C object arch/CMakeFiles/arch.dir/home/regex/work/esp32s31-openvela/s31-reference/deps/esp-hal-3rdparty/components/bootloader_support/src/bootloader_efuse.c.o
[16/1350] Building C object arch/CMakeFiles/arch.dir/home/regex/work/esp32s31-openvela/s31-reference/deps/esp-hal-3rdparty/components/efuse/esp32s31/esp_efuse_utility.c.o
[17/1350] Building C object arch/CMakeFiles/arch.dir/home/regex/work/esp32s31-openvela/s31-reference/deps/esp-hal-3rdparty/components/esp_hal_clock/esp32s31/clk_tree_hal.c.o
[18/1350] Building C object arch/CMakeFiles/arch.dir/home/regex/work/esp32s31-openvela/s31-reference/deps/esp-hal-3rdparty/components/efuse/src/efuse_controller/keys/with_key_purposes/esp_efuse_api_key.c.o
[19/1350] Building C object arch/CMakeFiles/arch.dir/home/regex/work/esp32s31-openvela/s31-reference/deps/esp-hal-3rdparty/components/efuse/src/esp_efuse_utility.c.o
[20/1350] Building C object arch/CMakeFiles/arch.dir/home/regex/work/esp32s31-openvela/s31-reference/deps/esp-hal-3rdparty/components/efuse/src/esp_efuse_api.c.o
[21/1350] Building C object arch/CMakeFiles/arch.dir/home/regex/work/esp32s31-openvela/s31-reference/deps/esp-hal-3rdparty/components/bootloader_support/src/flash_encrypt.c.o
[22/1350] Building C object arch/CMakeFiles/arch.dir/home/regex/work/esp32s31-openvela/s31-reference/deps/esp-hal-3rdparty/components/efuse/esp32s31/esp_efuse_fields.c.o
[23/1350] Building C object arch/CMakeFiles/arch.dir/home/regex/work/esp32s31-openvela/s31-reference/deps/esp-hal-3rdparty/components/bootloader_support/src/bootloader_init.c.o
[24/1350] Building C object arch/CMakeFiles/arch.dir/home/regex/work/esp32s31-openvela/s31-reference/deps/esp-hal-3rdparty/components/efuse/esp32s31/esp_efuse_table.c.o
[25/1350] Building C object arch/CMakeFiles/arch.dir/home/regex/work/esp32s31-openvela/s31-reference/deps/esp-hal-3rdparty/components/esp_hal_gpio/esp32s31/rtc_io_periph.c.o
[26/1350] Building C object arch/CMakeFiles/arch.dir/risc-v/src/common/espressif/esp_idle.c.o
[27/1350] Building C object arch/CMakeFiles/arch.dir/home/regex/work/esp32s31-openvela/s31-reference/deps/esp-hal-3rdparty/components/esp_hal_gpio/sdm_hal.c.o
[28/1350] Building C object arch/CMakeFiles/arch.dir/home/regex/work/esp32s31-openvela/s31-reference/deps/esp-hal-3rdparty/components/esp_hal_mspi/spi_flash_encrypt_hal_iram.c.o
[29/1350] Building C object arch/CMakeFiles/arch.dir/home/regex/work/esp32s31-openvela/s31-reference/deps/esp-hal-3rdparty/components/esp_hal_gpio/gpio_hal.c.o
[30/1350] Building C object arch/CMakeFiles/arch.dir/home/regex/work/esp32s31-openvela/s31-reference/deps/esp-hal-3rdparty/components/esp_hal_gpio/esp32s31/dedic_gpio_periph.c.o
[31/1350] Building C object arch/CMakeFiles/arch.dir/home/regex/work/esp32s31-openvela/s31-reference/deps/esp-hal-3rdparty/components/esp_hal_gpio/rtc_io_hal.c.o
[32/1350] Building C object arch/CMakeFiles/arch.dir/home/regex/work/esp32s31-openvela/s31-reference/deps/esp-hal-3rdparty/components/esp_hal_gpio/esp32s31/sdm_periph.c.o
[33/1350] Building C object arch/CMakeFiles/arch.dir/home/regex/work/esp32s31-openvela/s31-reference/deps/esp-hal-3rdparty/components/esp_hal_dma/gdma_hal_crc_gen.c.o
[34/1350] Building C object arch/CMakeFiles/arch.dir/home/regex/work/esp32s31-openvela/s31-reference/deps/esp-hal-3rdparty/components/esp_hal_dma/gdma_hal_top.c.o
[35/1350] Building C object arch/CMakeFiles/arch.dir/home/regex/work/esp32s31-openvela/s31-reference/deps/esp-hal-3rdparty/components/bootloader_support/src/esp_image_format.c.o
[36/1350] Building C object arch/CMakeFiles/arch.dir/home/regex/work/esp32s31-openvela/s31-reference/deps/esp-hal-3rdparty/components/esp_hal_dma/gdma_hal_ahb_v2.c.o
[37/1350] Building C object arch/CMakeFiles/arch.dir/home/regex/work/esp32s31-openvela/s31-reference/deps/esp-hal-3rdparty/components/esp_hal_dma/gdma_hal_axi.c.o
[38/1350] Building C object arch/CMakeFiles/arch.dir/home/regex/work/esp32s31-openvela/s31-reference/deps/esp-hal-3rdparty/components/esp_hal_pmu/esp32s31/pmu_hal.c.o
[39/1350] Building C object arch/CMakeFiles/arch.dir/home/regex/work/esp32s31-openvela/s31-reference/deps/esp-hal-3rdparty/components/esp_hw_support/clk_ctrl_os.c.o
[40/1350] Building C object arch/CMakeFiles/arch.dir/home/regex/work/esp32s31-openvela/s31-reference/deps/esp-hal-3rdparty/components/esp_hal_systimer/systimer_hal.c.o
[41/1350] Building C object arch/CMakeFiles/arch.dir/home/regex/work/esp32s31-openvela/s31-reference/deps/esp-hal-3rdparty/components/esp_hal_timg/esp32s31/timer_periph.c.o
[42/1350] Building C object arch/CMakeFiles/arch.dir/home/regex/work/esp32s31-openvela/s31-reference/deps/esp-hal-3rdparty/components/esp_hal_timg/timer_hal.c.o
[43/1350] Building C object arch/CMakeFiles/arch.dir/home/regex/work/esp32s31-openvela/s31-reference/deps/esp-hal-3rdparty/components/esp_hw_support/clk_utils.c.o
[44/1350] Building C object arch/CMakeFiles/arch.dir/home/regex/work/esp32s31-openvela/s31-reference/deps/esp-hal-3rdparty/components/esp_hw_support/cpu.c.o
[45/1350] Building C object arch/CMakeFiles/arch.dir/home/regex/work/esp32s31-openvela/s31-reference/deps/esp-hal-3rdparty/components/esp_hal_mspi/spi_flash_hal.c.o
[46/1350] Building C object arch/CMakeFiles/arch.dir/home/regex/work/esp32s31-openvela/s31-reference/deps/esp-hal-3rdparty/components/esp_hal_uart/esp32s31/uart_periph.c.o
[47/1350] Building C object arch/CMakeFiles/arch.dir/home/regex/work/esp32s31-openvela/s31-reference/deps/esp-hal-3rdparty/components/esp_hal_mspi/spi_flash_hal_gpspi.c.o
[48/1350] Building C object arch/CMakeFiles/arch.dir/risc-v/src/esp32s31/hal_backports/esp_gpio_reserve.c.o
[49/1350] Building C object arch/CMakeFiles/arch.dir/home/regex/work/esp32s31-openvela/s31-reference/deps/esp-hal-3rdparty/components/esp_hal_mspi/spi_flash_hal_iram.c.o
[50/1350] Building C object arch/CMakeFiles/arch.dir/home/regex/work/esp32s31-openvela/s31-reference/deps/esp-hal-3rdparty/components/esp_hw_support/esp_clk.c.o
[51/1350] Building C object arch/CMakeFiles/arch.dir/home/regex/work/esp32s31-openvela/s31-reference/deps/esp-hal-3rdparty/components/esp_hal_uart/uart_hal_iram.c.o
[52/1350] Building C object arch/CMakeFiles/arch.dir/home/regex/work/esp32s31-openvela/s31-reference/deps/esp-hal-3rdparty/components/esp_hal_wdt/wdt_hal_iram.c.o
[53/1350] Building C object arch/CMakeFiles/arch.dir/home/regex/work/esp32s31-openvela/s31-reference/deps/esp-hal-3rdparty/components/esp_hw_support/mac_addr.c.o
[54/1350] Building C object arch/CMakeFiles/arch.dir/home/regex/work/esp32s31-openvela/s31-reference/deps/esp-hal-3rdparty/components/esp_hw_support/port/esp32s31/esp_cpu_intr.c.o
[55/1350] Building C object arch/CMakeFiles/arch.dir/home/regex/work/esp32s31-openvela/s31-reference/deps/esp-hal-3rdparty/components/esp_hal_uart/uart_hal.c.o
[56/1350] Building C object arch/CMakeFiles/arch.dir/home/regex/work/esp32s31-openvela/s31-reference/deps/esp-hal-3rdparty/components/esp_hw_support/port/esp32s31/cpu_region_protect.c.o
[57/1350] Building C object arch/CMakeFiles/arch.dir/home/regex/work/esp32s31-openvela/s31-reference/deps/esp-hal-3rdparty/components/esp_hw_support/periph_ctrl.c.o
[58/1350] Building C object arch/CMakeFiles/arch.dir/home/regex/work/esp32s31-openvela/s31-reference/deps/esp-hal-3rdparty/components/esp_hw_support/esp_memory_utils.c.o
[59/1350] Building C object arch/CMakeFiles/arch.dir/home/regex/work/esp32s31-openvela/s31-reference/deps/esp-hal-3rdparty/components/esp_hw_support/mspi/mspi_timing_tuning/mspi_timing_tuning.c.o
[60/1350] Building C object arch/CMakeFiles/arch.dir/home/regex/work/esp32s31-openvela/s31-reference/deps/esp-hal-3rdparty/components/esp_hw_support/port/esp32s31/io_mux.c.o
[61/1350] Building C object arch/CMakeFiles/arch.dir/home/regex/work/esp32s31-openvela/s31-reference/deps/esp-hal-3rdparty/components/esp_hw_support/port/esp32s31/systimer.c.o
[62/1350] Building C object arch/CMakeFiles/arch.dir/home/regex/work/esp32s31-openvela/s31-reference/deps/esp-hal-3rdparty/components/esp_hw_support/hw_random.c.o
[63/1350] Building C object arch/CMakeFiles/arch.dir/home/regex/work/esp32s31-openvela/s31-reference/deps/esp-hal-3rdparty/components/esp_hw_support/port/esp32s31/rtc_time.c.o
[64/1350] Building C object arch/CMakeFiles/arch.dir/home/regex/work/esp32s31-openvela/s31-reference/deps/esp-hal-3rdparty/components/esp_hw_support/regi2c_ctrl.c.o
[65/1350] Building C object arch/CMakeFiles/arch.dir/home/regex/work/esp32s31-openvela/s31-reference/deps/esp-hal-3rdparty/components/esp_hw_support/ldo/esp_ldo_regulator.c.o
[66/1350] Building C object arch/CMakeFiles/arch.dir/home/regex/work/esp32s31-openvela/s31-reference/deps/esp-hal-3rdparty/components/esp_hw_support/rtc_module.c.o
[67/1350] Building C object arch/CMakeFiles/arch.dir/home/regex/work/esp32s31-openvela/s31-reference/deps/esp-hal-3rdparty/components/esp_hw_support/port/esp32s31/pmu_init.c.o
[68/1350] Building C object arch/CMakeFiles/arch.dir/home/regex/work/esp32s31-openvela/s31-reference/deps/esp-hal-3rdparty/components/esp_hw_support/port/esp32s31/esp_clk_tree.c.o
[69/1350] Building C object arch/CMakeFiles/arch.dir/home/regex/work/esp32s31-openvela/s31-reference/deps/esp-hal-3rdparty/components/esp_hw_support/port/esp_clk_tree_common.c.o
[70/1350] Building C object arch/CMakeFiles/arch.dir/home/regex/work/esp32s31-openvela/s31-reference/deps/esp-hal-3rdparty/components/esp_hw_support/port/esp32s31/pmu_param.c.o
[71/1350] Building C object arch/CMakeFiles/arch.dir/home/regex/work/esp32s31-openvela/s31-reference/deps/esp-hal-3rdparty/components/esp_hw_support/intr_alloc.c.o
[72/1350] Building C object arch/CMakeFiles/arch.dir/home/regex/work/esp32s31-openvela/s31-reference/deps/esp-hal-3rdparty/components/esp_rom/patches/esp_rom_efuse.c.o
[73/1350] Building C object arch/CMakeFiles/arch.dir/home/regex/work/esp32s31-openvela/s31-reference/deps/esp-hal-3rdparty/components/esp_rom/patches/esp_rom_gpio.c.o
[74/1350] Building C object arch/CMakeFiles/arch.dir/home/regex/work/esp32s31-openvela/s31-reference/deps/esp-hal-3rdparty/components/esp_mm/esp_cache_msync.c.o
[75/1350] Building C object arch/CMakeFiles/arch.dir/risc-v/src/esp32s31/hal_backports/rtc_clk_init.c.o
[76/1350] Building C object arch/CMakeFiles/arch.dir/home/regex/work/esp32s31-openvela/s31-reference/deps/esp-hal-3rdparty/components/esp_rom/patches/esp_rom_sys.c.o
[77/1350] Building C object arch/CMakeFiles/arch.dir/home/regex/work/esp32s31-openvela/s31-reference/deps/esp-hal-3rdparty/components/esp_rom/patches/esp_rom_serial_output.c.o
[78/1350] Building C object arch/CMakeFiles/arch.dir/home/regex/work/esp32s31-openvela/s31-reference/deps/esp-hal-3rdparty/components/esp_rom/patches/esp_rom_spiflash.c.o
[79/1350] Building C object arch/CMakeFiles/arch.dir/home/regex/work/esp32s31-openvela/s31-reference/deps/esp-hal-3rdparty/components/esp_rom/patches/esp_rom_print.c.o
[80/1350] Building C object arch/CMakeFiles/arch.dir/home/regex/work/esp32s31-openvela/s31-reference/deps/esp-hal-3rdparty/components/esp_mm/port/esp32s31/ext_mem_layout.c.o
[81/1350] Building C object arch/CMakeFiles/arch.dir/home/regex/work/esp32s31-openvela/s31-reference/deps/esp-hal-3rdparty/components/esp_rom/patches/esp_rom_clic.c.o
[82/1350] Building C object arch/CMakeFiles/arch.dir/home/regex/work/esp32s31-openvela/s31-reference/deps/esp-hal-3rdparty/components/esp_rom/patches/esp_rom_crc.c.o
[83/1350] Building C object arch/CMakeFiles/arch.dir/home/regex/work/esp32s31-openvela/s31-reference/deps/esp-hal-3rdparty/components/esp_mm/esp_cache_utils.c.o
[84/1350] Building C object arch/CMakeFiles/arch.dir/home/regex/work/esp32s31-openvela/s31-reference/deps/esp-hal-3rdparty/components/esp_hw_support/port/esp32s31/rtc_clk.c.o
[85/1350] Building C object arch/CMakeFiles/arch.dir/home/regex/work/esp32s31-openvela/s31-reference/deps/esp-hal-3rdparty/components/esp_common/src/esp_err_to_name.c.o
[86/1350] Building C object arch/CMakeFiles/arch.dir/home/regex/work/esp32s31-openvela/s31-reference/deps/esp-hal-3rdparty/components/esp_system/startup.c.o
[87/1350] Building C object arch/CMakeFiles/arch.dir/home/regex/work/esp32s31-openvela/s31-reference/deps/esp-hal-3rdparty/components/esp_system/port/soc/esp32s31/reset_reason.c.o
[88/1350] Building C object arch/CMakeFiles/arch.dir/home/regex/work/esp32s31-openvela/s31-reference/deps/esp-hal-3rdparty/components/esp_system/system_time.c.o
[89/1350] Building C object arch/CMakeFiles/arch.dir/home/regex/work/esp32s31-openvela/s31-reference/deps/esp-hal-3rdparty/components/esp_system/port/soc/esp32s31/system_internal.c.o
[90/1350] Building C object arch/CMakeFiles/arch.dir/home/regex/work/esp32s31-openvela/s31-reference/deps/esp-hal-3rdparty/components/esp_system/esp_err.c.o
[91/1350] Building C object arch/CMakeFiles/arch.dir/home/regex/work/esp32s31-openvela/s31-reference/deps/esp-hal-3rdparty/components/esp_system/startup_funcs.c.o
[92/1350] Building C object arch/CMakeFiles/arch.dir/home/regex/work/esp32s31-openvela/s31-reference/deps/esp-hal-3rdparty/components/esp_timer/src/esp_timer_init.c.o
[93/1350] Building C object arch/CMakeFiles/arch.dir/home/regex/work/esp32s31-openvela/s31-reference/deps/esp-hal-3rdparty/components/esp_system/esp_system.c.o
[94/1350] Building C object arch/CMakeFiles/arch.dir/home/regex/work/esp32s31-openvela/s31-reference/deps/esp-hal-3rdparty/components/hal/efuse_hal.c.o
[95/1350] Building C object arch/CMakeFiles/arch.dir/home/regex/work/esp32s31-openvela/s31-reference/deps/esp-hal-3rdparty/components/esp_mm/esp_mmu_map.c.o
[96/1350] Building C object arch/CMakeFiles/arch.dir/home/regex/work/esp32s31-openvela/s31-reference/deps/esp-hal-3rdparty/components/log/src/log_level/log_level.c.o
[97/1350] Building C object arch/CMakeFiles/arch.dir/home/regex/work/esp32s31-openvela/s31-reference/deps/esp-hal-3rdparty/components/hal/hal_utils.c.o
[98/1350] Building C object arch/CMakeFiles/arch.dir/home/regex/work/esp32s31-openvela/s31-reference/deps/esp-hal-3rdparty/components/esp_timer/src/system_time.c.o
[99/1350] Building C object arch/CMakeFiles/arch.dir/home/regex/work/esp32s31-openvela/s31-reference/deps/esp-hal-3rdparty/components/esp_timer/src/esp_timer.c.o
[100/1350] Building C object arch/CMakeFiles/arch.dir/home/regex/work/esp32s31-openvela/s31-reference/deps/esp-hal-3rdparty/components/esp_system/port/soc/esp32s31/clk.c.o
[101/1350] Building C object arch/CMakeFiles/arch.dir/home/regex/work/esp32s31-openvela/s31-reference/deps/esp-hal-3rdparty/components/log/src/log_level/tag_log_level/linked_list/log_linked_list.c.o
[102/1350] Building C object arch/CMakeFiles/arch.dir/home/regex/work/esp32s31-openvela/s31-reference/deps/esp-hal-3rdparty/components/hal/cache_hal.c.o
[103/1350] Building C object arch/CMakeFiles/arch.dir/home/regex/work/esp32s31-openvela/s31-reference/deps/esp-hal-3rdparty/components/hal/esp32s31/efuse_hal.c.o
[104/1350] Building C object arch/CMakeFiles/arch.dir/home/regex/work/esp32s31-openvela/s31-reference/deps/esp-hal-3rdparty/components/riscv/instruction_decode.c.o
[105/1350] Building C object arch/CMakeFiles/arch.dir/home/regex/work/esp32s31-openvela/s31-reference/deps/esp-hal-3rdparty/components/log/src/os/log_write.c.o
[106/1350] Building C object arch/CMakeFiles/arch.dir/home/regex/work/esp32s31-openvela/s31-reference/deps/esp-hal-3rdparty/components/esp_timer/src/esp_timer_impl_common.c.o
[107/1350] Building C object arch/CMakeFiles/arch.dir/home/regex/work/esp32s31-openvela/s31-reference/deps/esp-hal-3rdparty/components/esp_timer/src/esp_timer_impl_systimer.c.o
[108/1350] Building C object arch/CMakeFiles/arch.dir/home/regex/work/esp32s31-openvela/s31-reference/deps/esp-hal-3rdparty/components/soc/esp32s31/gpio_periph.c.o
[109/1350] Building C object arch/CMakeFiles/arch.dir/home/regex/work/esp32s31-openvela/s31-reference/deps/esp-hal-3rdparty/components/hal/mmu_hal.c.o
[110/1350] Building C object arch/CMakeFiles/arch.dir/home/regex/work/esp32s31-openvela/s31-reference/deps/esp-hal-3rdparty/components/log/src/os/util.c.o
[111/1350] Building C object arch/CMakeFiles/arch.dir/home/regex/work/esp32s31-openvela/s31-reference/deps/esp-hal-3rdparty/components/riscv/rv_utils.c.o
[112/1350] Building C object arch/CMakeFiles/arch.dir/home/regex/work/esp32s31-openvela/s31-reference/deps/esp-hal-3rdparty/components/riscv/interrupt_clic.c.o
[113/1350] Building C object arch/CMakeFiles/arch.dir/home/regex/work/esp32s31-openvela/s31-reference/deps/esp-hal-3rdparty/components/log/src/noos/log_lock.c.o
[114/1350] Building C object arch/CMakeFiles/arch.dir/home/regex/work/esp32s31-openvela/s31-reference/deps/esp-hal-3rdparty/components/log/src/log_level/tag_log_level/tag_log_level.c.o
[115/1350] Building C object arch/CMakeFiles/arch.dir/home/regex/work/esp32s31-openvela/s31-reference/deps/esp-hal-3rdparty/components/riscv/interrupt.c.o
[116/1350] Building C object arch/CMakeFiles/arch.dir/home/regex/work/esp32s31-openvela/s31-reference/deps/esp-hal-3rdparty/components/soc/esp32s31/interrupts.c.o
[117/1350] Building C object arch/CMakeFiles/arch.dir/home/regex/work/esp32s31-openvela/s31-reference/deps/esp-hal-3rdparty/components/log/src/log.c.o
[118/1350] Building C object arch/CMakeFiles/arch.dir/home/regex/work/esp32s31-openvela/s31-reference/deps/esp-hal-3rdparty/components/log/src/noos/log_timestamp.c.o
[119/1350] Building C object arch/CMakeFiles/arch.dir/home/regex/work/esp32s31-openvela/s31-reference/deps/esp-hal-3rdparty/components/spi_flash/flash_brownout_hook.c.o
[120/1350] Building C object arch/CMakeFiles/arch.dir/home/regex/work/esp32s31-openvela/s31-reference/deps/esp-hal-3rdparty/components/soc/lldesc.c.o
[121/1350] Building C object arch/CMakeFiles/arch.dir/home/regex/work/esp32s31-openvela/s31-reference/deps/esp-hal-3rdparty/components/spi_flash/spi_flash_chip_drivers.c.o
[122/1350] Building C object arch/CMakeFiles/arch.dir/home/regex/work/esp32s31-openvela/s31-reference/deps/esp-hal-3rdparty/components/spi_flash/spi_flash_chip_gd.c.o
[123/1350] Building C object arch/CMakeFiles/arch.dir/home/regex/work/esp32s31-openvela/s31-reference/deps/esp-hal-3rdparty/components/spi_flash/flash_mmap.c.o
[124/1350] Building C object arch/CMakeFiles/arch.dir/home/regex/work/esp32s31-openvela/s31-reference/deps/esp-hal-3rdparty/components/spi_flash/flash_ops.c.o
[125/1350] Building C object arch/CMakeFiles/arch.dir/home/regex/work/esp32s31-openvela/s31-reference/deps/esp-hal-3rdparty/components/spi_flash/memspi_host_driver.c.o
[126/1350] Building C object arch/CMakeFiles/arch.dir/home/regex/work/esp32s31-openvela/s31-reference/deps/esp-hal-3rdparty/components/upper_hal_dma/src/esp_dma_utils.c.o
[127/1350] Building C object arch/CMakeFiles/arch.dir/home/regex/work/esp32s31-openvela/s31-reference/deps/esp-hal-3rdparty/components/spi_flash/spi_flash_os_func_noos.c.o
[128/1350] Building C object arch/CMakeFiles/arch.dir/home/regex/work/esp32s31-openvela/s31-reference/deps/esp-hal-3rdparty/components/spi_flash/esp_flash_spi_init.c.o
/home/regex/work/esp32s31-openvela/s31-reference/deps/esp-hal-3rdparty/components/spi_flash/esp_flash_spi_init.c: In function 'acquire_spi_device':
/home/regex/work/esp32s31-openvela/s31-reference/deps/esp-hal-3rdparty/components/spi_flash/esp_flash_spi_init.c:234:35: warning: declaration of 'config' shadows a parameter [-Wshadow]
  234 |         spi_bus_lock_dev_config_t config = {.flags = SPI_BUS_LOCK_DEV_FLAG_CS_REQUIRED};
      |                                   ^~~~~~
/home/regex/work/esp32s31-openvela/s31-reference/deps/esp-hal-3rdparty/components/spi_flash/esp_flash_spi_init.c:226:74: note: shadowed declaration is here
  226 | static esp_err_t acquire_spi_device(const esp_flash_spi_device_config_t *config, int* out_dev_id, spi_bus_lock_dev_handle_t* out_dev_handle)
      |                                     ~~~~~~~~~~~~~~~~~~~~~~~~~~~~~~~~~~~~~^~~~~~
[129/1350] Building C object arch/CMakeFiles/arch.dir/home/regex/work/esp32s31-openvela/s31-reference/deps/esp-hal-3rdparty/components/spi_flash/cache_utils.c.o
[130/1350] Building C object arch/CMakeFiles/arch.dir/home/regex/work/esp32s31-openvela/s31-reference/deps/esp-hal-3rdparty/components/upper_hal_dma/src/gdma_link.c.o
[131/1350] Building C object arch/CMakeFiles/arch.dir/home/regex/work/esp32s31-openvela/s31-reference/deps/esp-hal-3rdparty/components/spi_flash/spi_flash_chip_winbond.c.o
[132/1350] Building C object arch/CMakeFiles/arch.dir/home/regex/work/esp32s31-openvela/s31-reference/deps/esp-hal-3rdparty/components/spi_flash/spi_flash_hpm_enable.c.o
[133/1350] Building C object arch/CMakeFiles/arch.dir/home/regex/work/esp32s31-openvela/s31-reference/deps/esp-hal-3rdparty/components/spi_flash/esp_flash_api.c.o
/home/regex/work/esp32s31-openvela/s31-reference/deps/esp-hal-3rdparty/components/spi_flash/esp_flash_api.c: In function 'esp_flash_write':
/home/regex/work/esp32s31-openvela/s31-reference/deps/esp-hal-3rdparty/components/spi_flash/esp_flash_api.c:57:23: warning: declaration of 'ret' shadows a previous local [-Wshadow]
   57 |             esp_err_t ret = CHIP->os_func->region_protected(CHIP->os_func_data, ADDR, SIZE); \
      |                       ^~~
/home/regex/work/esp32s31-openvela/s31-reference/deps/esp-hal-3rdparty/components/spi_flash/esp_flash_api.c:1121:5: note: in expansion of macro 'CHECK_WRITE_ADDRESS'
 1121 |     CHECK_WRITE_ADDRESS(chip, address, length);
      |     ^~~~~~~~~~~~~~~~~~~
/home/regex/work/esp32s31-openvela/s31-reference/deps/esp-hal-3rdparty/components/spi_flash/esp_flash_api.c:1113:15: note: shadowed declaration is here
 1113 |     esp_err_t ret = ESP_FAIL;
      |               ^~~
/home/regex/work/esp32s31-openvela/s31-reference/deps/esp-hal-3rdparty/components/spi_flash/esp_flash_api.c: In function 'esp_flash_write_encrypted':
/home/regex/work/esp32s31-openvela/s31-reference/deps/esp-hal-3rdparty/components/spi_flash/esp_flash_api.c:57:23: warning: declaration of 'ret' shadows a previous local [-Wshadow]
   57 |             esp_err_t ret = CHIP->os_func->region_protected(CHIP->os_func_data, ADDR, SIZE); \
      |                       ^~~
/home/regex/work/esp32s31-openvela/s31-reference/deps/esp-hal-3rdparty/components/spi_flash/esp_flash_api.c:1362:5: note: in expansion of macro 'CHECK_WRITE_ADDRESS'
 1362 |     CHECK_WRITE_ADDRESS(chip, address, length);
      |     ^~~~~~~~~~~~~~~~~~~
/home/regex/work/esp32s31-openvela/s31-reference/deps/esp-hal-3rdparty/components/spi_flash/esp_flash_api.c:1350:15: note: shadowed declaration is here
 1350 |     esp_err_t ret = ESP_FAIL;
      |               ^~~
[134/1350] Building C object arch/CMakeFiles/arch.dir/home/regex/work/esp32s31-openvela/s31-reference/deps/esp-hal-3rdparty/components/upper_hal_gpio/src/rtc_io.c.o
[135/1350] Building C object arch/CMakeFiles/arch.dir/home/regex/work/esp32s31-openvela/s31-reference/deps/esp-hal-3rdparty/components/esp_hal_regi2c/esp32s31/regi2c_impl.c.o
[136/1350] Building C object arch/CMakeFiles/arch.dir/home/regex/work/esp32s31-openvela/s31-reference/deps/esp-hal-3rdparty/components/upper_hal_dma/src/gdma.c.o
[137/1350] Building C object arch/CMakeFiles/arch.dir/home/regex/work/esp32s31-openvela/s31-reference/deps/esp-hal-3rdparty/components/bootloader_support/src/bootloader_mem.c.o
[138/1350] Building C object arch/CMakeFiles/arch.dir/home/regex/work/esp32s31-openvela/s31-reference/deps/esp-hal-3rdparty/components/spi_flash/spi_flash_chip_generic.c.o
[139/1350] Building C object arch/CMakeFiles/arch.dir/risc-v/src/esp32s31/esp32s31_os_adapter.c.o
[140/1350] Building C object arch/CMakeFiles/arch.dir/home/regex/work/esp32s31-openvela/s31-reference/deps/esp-hal-3rdparty/components/spi_flash/spi_flash_os_func_app.c.o
[141/1350] Building C object arch/CMakeFiles/arch.dir/home/regex/work/esp32s31-openvela/s31-reference/deps/esp-hal-3rdparty/nuttx/src/components/newlib/newlib/libc/misc/init.c.o
[142/1350] Building C object arch/CMakeFiles/arch.dir/risc-v/src/esp32s31/esp32s31_pm_stubs.c.o
[143/1350] Building C object arch/CMakeFiles/arch.dir/home/regex/work/esp32s31-openvela/s31-reference/deps/esp-hal-3rdparty/components/upper_hal_uart/src/uart_wakeup.c.o
[144/1350] Building C object arch/CMakeFiles/arch.dir/home/regex/work/esp32s31-openvela/s31-reference/deps/esp-hal-3rdparty/components/bootloader_support/bootloader_flash/src/bootloader_flash_config_esp32s31.c.o
[145/1350] Building C object arch/CMakeFiles/arch.dir/home/regex/work/esp32s31-openvela/s31-reference/deps/esp-hal-3rdparty/nuttx/src/heap_caps.c.o
[146/1350] Building C object arch/CMakeFiles/arch.dir/home/regex/work/esp32s31-openvela/s31-reference/deps/esp-hal-3rdparty/components/upper_hal_gpio/src/gpio.c.o
/home/regex/work/esp32s31-openvela/s31-reference/deps/esp-hal-3rdparty/components/upper_hal_gpio/src/gpio.c: In function 'gpio_dump_io_configuration':
/home/regex/work/esp32s31-openvela/s31-reference/deps/esp-hal-3rdparty/components/upper_hal_gpio/src/gpio.c:1105:29: warning: format '%lu' expects argument of type 'long unsigned int', but argument 3 has type 'int' [-Wformat=]
 1105 |         fprintf(out_stream, "  FuncSel: %"PRIu32" (%s)\n", io_config.fun_sel, (io_config.fun_sel == PIN_FUNC_GPIO) ? "GPIO" : "IOMUX");
      |                             ^~~~~~~~~~~~~~                 ~~~~~~~~~~~~~~~~~
      |                                                                     |
      |                                                                     int
In file included from /home/regex/work/esp32s31-openvela/openvela-dev/nuttx/include/stdint.h:37,
                 from /home/regex/work/esp32s31-openvela/openvela-dev/nuttx/include/sys/types.h:34,
                 from /home/regex/work/esp32s31-openvela/openvela-dev/nuttx/arch/risc-v/src/esp32s31/include/esp32s31/rom/ets_sys.h:15,
                 from <command-line>:
/home/regex/work/esp32s31-openvela/openvela-dev/nuttx/include/arch/inttypes.h:79:35: note: format string is defined here
   79 | #define PRIu32      _PRI32PREFIX "u"
/home/regex/work/esp32s31-openvela/s31-reference/deps/esp-hal-3rdparty/components/upper_hal_gpio/src/gpio.c:1107:33: warning: format '%lu' expects argument of type 'long unsigned int', but argument 3 has type 'int' [-Wformat=]
 1107 |             fprintf(out_stream, "  GPIO Matrix SigOut ID: %"PRIu32"%s\n", io_config.sig_out, (io_config.sig_out == SIG_GPIO_OUT_IDX) ? " (simple GPIO output)" : "");
      |                                 ^~~~~~~~~~~~~~~~~~~~~~~~~~~~              ~~~~~~~~~~~~~~~~~
      |                                                                                    |
      |                                                                                    int
/home/regex/work/esp32s31-openvela/openvela-dev/nuttx/include/arch/inttypes.h:79:35: note: format string is defined here
   79 | #define PRIu32      _PRI32PREFIX "u"
[147/1350] Building C object arch/CMakeFiles/arch.dir/home/regex/work/esp32s31-openvela/s31-reference/deps/esp-hal-3rdparty/components/bootloader_support/src/bootloader_console_loader.c.o
[148/1350] Building C object arch/CMakeFiles/arch.dir/home/regex/work/esp32s31-openvela/s31-reference/deps/esp-hal-3rdparty/components/bootloader_support/bootloader_flash/src/flash_qio_mode.c.o
[149/1350] Building C object arch/CMakeFiles/arch.dir/home/regex/work/esp32s31-openvela/s31-reference/deps/esp-hal-3rdparty/components/bootloader_support/src/bootloader_random.c.o
[150/1350] Building C object arch/CMakeFiles/arch.dir/home/regex/work/esp32s31-openvela/s31-reference/deps/esp-hal-3rdparty/components/bootloader_support/src/bootloader_reset_common.c.o
[151/1350] Building C object arch/CMakeFiles/arch.dir/home/regex/work/esp32s31-openvela/s31-reference/deps/esp-hal-3rdparty/components/bootloader_support/src/esp32s31/bootloader_soc.c.o
[152/1350] Building C object arch/CMakeFiles/arch.dir/home/regex/work/esp32s31-openvela/s31-reference/deps/esp-hal-3rdparty/components/bootloader_support/src/bootloader_console.c.o
[153/1350] Building C object arch/CMakeFiles/arch.dir/home/regex/work/esp32s31-openvela/s31-reference/deps/esp-hal-3rdparty/components/bootloader_support/src/bootloader_clock_init.c.o
[154/1350] Building C object arch/CMakeFiles/arch.dir/home/regex/work/esp32s31-openvela/s31-reference/deps/esp-hal-3rdparty/components/bootloader_support/src/bootloader_clock_loader.c.o
[155/1350] Building C object arch/CMakeFiles/arch.dir/home/regex/work/esp32s31-openvela/s31-reference/deps/esp-hal-3rdparty/components/bootloader_support/bootloader_flash/src/bootloader_flash.c.o
[156/1350] Building C object arch/CMakeFiles/arch.dir/risc-v/src/esp32s31/hal_backports/bootloader_random_esp32s31.c.o
[157/1350] Building C object arch/CMakeFiles/arch.dir/home/regex/work/esp32s31-openvela/s31-reference/deps/esp-hal-3rdparty/components/bootloader_support/src/esp32s31/bootloader_esp32s31.c.o
[158/1350] Building C object arch/CMakeFiles/arch.dir/home/regex/work/esp32s31-openvela/s31-reference/deps/esp-hal-3rdparty/components/bootloader_support/src/bootloader_common.c.o
[159/1350] Building C object arch/CMakeFiles/arch.dir/home/regex/work/esp32s31-openvela/s31-reference/deps/esp-hal-3rdparty/components/esp_hw_support/mspi/mspi_timing_tuning/port/esp32s31/mspi_timing_config.c.o
[160/1350] Building C object arch/CMakeFiles/arch.dir/home/regex/work/esp32s31-openvela/s31-reference/deps/esp-hal-3rdparty/components/esp_psram/system_layer/esp_psram_mspi.c.o
[161/1350] Building C object arch/CMakeFiles/arch.dir/home/regex/work/esp32s31-openvela/s31-reference/deps/esp-hal-3rdparty/components/bootloader_support/src/bootloader_sha.c.o
[162/1350] Building C object arch/CMakeFiles/arch.dir/home/regex/work/esp32s31-openvela/s31-reference/deps/esp-hal-3rdparty/components/bootloader_support/src/bootloader_common_loader.c.o
[163/1350] Building C object arch/CMakeFiles/arch.dir/home/regex/work/esp32s31-openvela/s31-reference/deps/esp-hal-3rdparty/nuttx/src/bootloader_banner_wrap.c.o
[164/1350] Building C object arch/CMakeFiles/arch.dir/home/regex/work/esp32s31-openvela/s31-reference/deps/esp-hal-3rdparty/components/esp_hw_support/mspi/mspi_timing_tuning/tuning_scheme_impl/mspi_timing_by_dqs.c.o
[165/1350] Building C object arch/CMakeFiles/arch.dir/home/regex/work/esp32s31-openvela/s31-reference/deps/esp-hal-3rdparty/components/esp_hal_i2c/i2c_hal.c.o
[166/1350] Building C object arch/CMakeFiles/arch.dir/home/regex/work/esp32s31-openvela/s31-reference/deps/esp-hal-3rdparty/components/esp_hal_mspi/esp32s31/mspi_periph.c.o
[167/1350] Building C object arch/CMakeFiles/arch.dir/home/regex/work/esp32s31-openvela/s31-reference/deps/esp-hal-3rdparty/components/esp_psram/device/esp_psram_impl_ap_hex.c.o
[168/1350] Building C object arch/CMakeFiles/arch.dir/home/regex/work/esp32s31-openvela/s31-reference/deps/esp-hal-3rdparty/components/esp_hal_i2c/i2c_hal_iram.c.o
[169/1350] Building C object arch/CMakeFiles/arch.dir/home/regex/work/esp32s31-openvela/s31-reference/deps/esp-hal-3rdparty/components/esp_psram/system_layer/esp_psram.c.o
[170/1350] Building ASM object arch/CMakeFiles/arch.dir/risc-v/src/common/espressif/esp_head.S.o
[171/1350] Building C object arch/CMakeFiles/arch.dir/home/regex/work/esp32s31-openvela/s31-reference/deps/esp-hal-3rdparty/components/efuse/src/esp_efuse_fields.c.o
[172/1350] Building C object arch/CMakeFiles/arch.dir/home/regex/work/esp32s31-openvela/s31-reference/deps/esp-hal-3rdparty/components/esp_hal_i2c/esp32s31/i2c_periph.c.o
[173/1350] Building ASM object arch/CMakeFiles/arch.dir/risc-v/src/common/espressif/esp_vectors.S.o
[174/1350] Building C object arch/CMakeFiles/arch.dir/risc-v/src/common/espressif/esp_random.c.o
[175/1350] Building C object arch/CMakeFiles/arch.dir/risc-v/src/common/espressif/esp_systemreset.c.o
[176/1350] Building C object arch/CMakeFiles/arch.dir/risc-v/src/common/espressif/esp_allocateheap.c.o
[177/1350] Building C object arch/CMakeFiles/arch.dir/risc-v/src/common/espressif/esp_gpio.c.o
[178/1350] Building C object arch/CMakeFiles/arch.dir/risc-v/src/common/espressif/esp_timerisr.c.o
[179/1350] Building C object arch/CMakeFiles/arch.dir/risc-v/src/common/espressif/esp_irq.c.o
[180/1350] Building C object arch/CMakeFiles/arch.dir/risc-v/src/common/espressif/esp_rtc.c.o
[181/1350] Building C object arch/CMakeFiles/arch.dir/risc-v/src/common/espressif/esp_ets_timer_legacy.c.o
[182/1350] Building C object arch/CMakeFiles/arch.dir/risc-v/src/common/espressif/esp_rtc_gpio.c.o
[183/1350] Building ASM object arch/CMakeFiles/arch.dir/risc-v/src/common/riscv_exception_common.S.o
[184/1350] Building C object arch/CMakeFiles/arch.dir/risc-v/src/esp32s31/esp_chip_rev.c.o
[185/1350] Building ASM object arch/CMakeFiles/arch.dir/risc-v/src/common/riscv_mhartid.S.o
[186/1350] Building C object arch/CMakeFiles/arch.dir/risc-v/src/common/espressif/esp_start.c.o
[187/1350] Building ASM object arch/CMakeFiles/arch.dir/risc-v/src/common/riscv_saveusercontext.S.o
[188/1350] Building C object arch/CMakeFiles/arch.dir/risc-v/src/common/espressif/esp_lowputc.c.o
[189/1350] Building C object arch/CMakeFiles/arch.dir/risc-v/src/common/espressif/esp_hr_timer.c.o
[190/1350] Building C object arch/CMakeFiles/arch.dir/risc-v/src/common/riscv_cpuidlestack.c.o
[191/1350] Building C object arch/CMakeFiles/arch.dir/risc-v/src/common/riscv_cpuinfo.c.o
[192/1350] Building C object arch/CMakeFiles/arch.dir/risc-v/src/common/espressif/esp_libc_stubs.c.o
[193/1350] Building C object arch/CMakeFiles/arch.dir/risc-v/src/common/riscv_allocateheap.c.o
[194/1350] Building C object arch/CMakeFiles/arch.dir/risc-v/src/common/espressif/esp_i2c.c.o
[195/1350] Building C object arch/CMakeFiles/arch.dir/risc-v/src/common/riscv_createstack.c.o
[196/1350] Building C object arch/CMakeFiles/arch.dir/risc-v/src/common/espressif/esp_serial.c.o
[197/1350] Building C object arch/CMakeFiles/arch.dir/risc-v/src/common/riscv_initialize.c.o
[198/1350] Building C object arch/CMakeFiles/arch.dir/risc-v/src/common/riscv_getnewintctx.c.o
[199/1350] Building C object arch/CMakeFiles/arch.dir/risc-v/src/esp32s31/esp32s31_heap.c.o
[200/1350] Building C object arch/CMakeFiles/arch.dir/risc-v/src/esp32s31/esp32s31_rtc_periodic.c.o
[201/1350] Building C object arch/CMakeFiles/arch.dir/risc-v/src/common/riscv_initialstate.c.o
[202/1350] Building C object arch/CMakeFiles/arch.dir/risc-v/src/common/riscv_modifyreg32.c.o
[203/1350] Building C object arch/CMakeFiles/arch.dir/risc-v/src/common/riscv_nputs.c.o
[204/1350] Building C object arch/CMakeFiles/arch.dir/home/regex/work/esp32s31-openvela/s31-reference/deps/esp-hal-3rdparty/components/esp_hal_i2s/i2s_hal.c.o
[205/1350] Building C object arch/CMakeFiles/arch.dir/risc-v/src/common/riscv_registerdump.c.o
[206/1350] Building C object arch/CMakeFiles/arch.dir/risc-v/src/common/riscv_doirq.c.o
[207/1350] Building C object arch/CMakeFiles/arch.dir/risc-v/src/common/riscv_stackframe.c.o
[208/1350] Building C object arch/CMakeFiles/arch.dir/risc-v/src/common/riscv_releasestack.c.o
[209/1350] Building C object arch/CMakeFiles/arch.dir/risc-v/src/common/riscv_exception.c.o
[210/1350] Building C object arch/CMakeFiles/arch.dir/risc-v/src/common/riscv_getintstack.c.o
[211/1350] Building C object arch/CMakeFiles/arch.dir/risc-v/src/common/riscv_exit.c.o
[212/1350] Building C object arch/CMakeFiles/arch.dir/risc-v/src/esp32s31/esp32s31_i2s_duplex.c.o
[213/1350] Building C object arch/CMakeFiles/arch.dir/risc-v/src/common/riscv_idle.c.o
[214/1350] Building C object arch/CMakeFiles/arch.dir/risc-v/src/common/riscv_mdelay.c.o
[215/1350] Building C object arch/CMakeFiles/arch.dir/risc-v/src/common/riscv_schedulesigaction.c.o
[216/1350] Building ASM object arch/CMakeFiles/arch.dir/risc-v/src/common/fork.S.o
[217/1350] Building C object arch/CMakeFiles/arch.dir/risc-v/src/common/riscv_sigdeliver.c.o
[218/1350] Building ASM object arch/CMakeFiles/arch.dir/risc-v/src/common/riscv_fpu.S.o
[219/1350] Building C object arch/CMakeFiles/arch.dir/risc-v/src/common/riscv_fork.c.o
[220/1350] Building C object arch/CMakeFiles/arch.dir/risc-v/src/common/riscv_tcbinfo.c.o
[221/1350] Building C object arch/CMakeFiles/arch.dir/risc-v/src/common/riscv_udelay.c.o
[222/1350] Building C object arch/CMakeFiles/arch.dir/risc-v/src/common/riscv_fpucmp.c.o
[223/1350] Building C object arch/CMakeFiles/arch.dir/risc-v/src/common/riscv_switchcontext.c.o
[224/1350] Building C object arch/CMakeFiles/arch.dir/risc-v/src/common/riscv_swint.c.o
[225/1350] Building C object binfmt/CMakeFiles/binfmt.dir/binfmt_globals.c.o
[226/1350] Building C object arch/CMakeFiles/arch.dir/risc-v/src/common/riscv_usestack.c.o
[227/1350] Building C object binfmt/CMakeFiles/binfmt.dir/binfmt_initialize.c.o
[228/1350] Building C object binfmt/CMakeFiles/binfmt.dir/binfmt_register.c.o
[229/1350] Building C object binfmt/CMakeFiles/binfmt.dir/binfmt_unregister.c.o
[230/1350] Building C object binfmt/CMakeFiles/binfmt.dir/binfmt_loadmodule.c.o
[231/1350] Building C object binfmt/CMakeFiles/binfmt.dir/binfmt_unloadmodule.c.o
[232/1350] Building C object arch/CMakeFiles/arch.dir/risc-v/src/common/riscv_pmp.c.o
[233/1350] Building C object binfmt/CMakeFiles/binfmt.dir/binfmt_copyargv.c.o
[234/1350] Building C object binfmt/CMakeFiles/binfmt.dir/binfmt_copyactions.c.o
[235/1350] Building C object audio/CMakeFiles/audio.dir/pcm_decode.c.o
/home/regex/work/esp32s31-openvela/openvela-dev/nuttx/audio/pcm_decode.c:225:13: warning: 'pcm_dump' defined but not used [-Wunused-function]
  225 | static void pcm_dump(FAR const struct wav_header_s *wav)
      |             ^~~~~~~~
[236/1350] Building C object binfmt/CMakeFiles/binfmt.dir/binfmt_copyattr.c.o
[237/1350] Building C object binfmt/CMakeFiles/binfmt.dir/binfmt_exec.c.o
[238/1350] Building C object binfmt/CMakeFiles/binfmt.dir/binfmt_execmodule.c.o
[239/1350] Building C object binfmt/CMakeFiles/binfmt.dir/binfmt_dumpmodule.c.o
[240/1350] Building C object binfmt/CMakeFiles/binfmt.dir/binfmt_execsymtab.c.o
[241/1350] Building C object binfmt/CMakeFiles/binfmt.dir/builtin.c.o
[242/1350] Building C object drivers/CMakeFiles/drivers.dir/bch/bchlib_setup.c.o
[243/1350] Linking C static library binfmt/libbinfmt.a
[244/1350] Building C object drivers/CMakeFiles/drivers.dir/bch/bchlib_teardown.c.o
[245/1350] Building C object drivers/CMakeFiles/drivers.dir/bch/bchlib_read.c.o
[246/1350] Building C object drivers/CMakeFiles/drivers.dir/bch/bchlib_write.c.o
[247/1350] Building C object audio/CMakeFiles/audio.dir/audio.c.o
[248/1350] Building C object drivers/CMakeFiles/drivers.dir/bch/bchdev_register.c.o
[249/1350] Linking C static library audio/libaudio.a
[250/1350] Building C object drivers/CMakeFiles/drivers.dir/bch/bchlib_cache.c.o
[251/1350] Building C object drivers/CMakeFiles/drivers.dir/bch/bchdev_unregister.c.o
[252/1350] Linking C static library arch/libarch.a
[253/1350] Building C object drivers/CMakeFiles/drivers.dir/i2c/i2c_read.c.o
[254/1350] Building C object drivers/CMakeFiles/drivers.dir/i2c/i2c_write.c.o
[255/1350] Building C object drivers/CMakeFiles/drivers.dir/i2c/i2c_writeread.c.o
[256/1350] Building C object drivers/CMakeFiles/drivers.dir/misc/dev_null.c.o
[257/1350] Building C object drivers/CMakeFiles/drivers.dir/misc/dev_zero.c.o
[258/1350] Building C object drivers/CMakeFiles/drivers.dir/misc/mkrd.c.o
[259/1350] Building C object drivers/CMakeFiles/drivers.dir/pipes/fifo.c.o
[260/1350] Building C object drivers/CMakeFiles/drivers.dir/pipes/pipe.c.o
[261/1350] Building C object drivers/CMakeFiles/drivers.dir/loop/losetup.c.o
[262/1350] Building C object drivers/CMakeFiles/drivers.dir/misc/ramdisk.c.o
[263/1350] Building C object drivers/CMakeFiles/drivers.dir/bch/bchdev_driver.c.o
[264/1350] Building C object drivers/CMakeFiles/drivers.dir/pipes/pipe_common.c.o
[265/1350] Building C object drivers/CMakeFiles/drivers.dir/syslog/syslog_initialize.c.o
[266/1350] Building C object drivers/CMakeFiles/drivers.dir/syslog/setlogmask.c.o
[267/1350] Building C object drivers/CMakeFiles/drivers.dir/syslog/vsyslog.c.o
[268/1350] Building C object drivers/CMakeFiles/drivers.dir/serial/serial_io.c.o
[269/1350] Building C object drivers/CMakeFiles/drivers.dir/syslog/syslog_channel.c.o
[270/1350] Building C object drivers/CMakeFiles/drivers.dir/syslog/syslog_flush.c.o
[271/1350] Building C object drivers/CMakeFiles/drivers.dir/syslog/syslog_write.c.o
[272/1350] Building C object drivers/CMakeFiles/drivers.dir/misc/rwbuffer.c.o
[273/1350] Building C object drivers/CMakeFiles/drivers.dir/drivers_initialize.c.o
[274/1350] Building C object fs/CMakeFiles/fs.dir/fs_heap.c.o
[275/1350] Building C object fs/CMakeFiles/fs.dir/fs_initialize.c.o
[276/1350] Building C object fs/CMakeFiles/fs.dir/driver/fs_registerdriver.c.o
[277/1350] Building C object fs/CMakeFiles/fs.dir/driver/fs_unregisterdriver.c.o
[278/1350] Building C object fs/CMakeFiles/fs.dir/driver/fs_registerpipedriver.c.o
[279/1350] Building C object fs/CMakeFiles/fs.dir/driver/fs_unregisterpipedriver.c.o
[280/1350] Building C object drivers/CMakeFiles/drivers.dir/audio/es8311.c.o
[281/1350] Building C object fs/CMakeFiles/fs.dir/driver/fs_registerblockdriver.c.o
[282/1350] Building C object fs/CMakeFiles/fs.dir/driver/fs_unregisterblockdriver.c.o
[283/1350] Building C object fs/CMakeFiles/fs.dir/driver/fs_findblockdriver.c.o
[284/1350] Building C object drivers/CMakeFiles/drivers.dir/timers/rtc.c.o
[285/1350] Building C object fs/CMakeFiles/fs.dir/driver/fs_openblockdriver.c.o
[286/1350] Building C object fs/CMakeFiles/fs.dir/driver/fs_closeblockdriver.c.o
[287/1350] Building C object fs/CMakeFiles/fs.dir/driver/fs_findmtddriver.c.o
[288/1350] Building C object fs/CMakeFiles/fs.dir/driver/fs_blockpartition.c.o
[289/1350] Building C object fs/CMakeFiles/fs.dir/driver/fs_closemtddriver.c.o
[290/1350] Building C object fs/CMakeFiles/fs.dir/inode/fs_foreachinode.c.o
[291/1350] Building C object fs/CMakeFiles/fs.dir/driver/fs_blockproxy.c.o
[292/1350] Building C object fs/CMakeFiles/fs.dir/inode/fs_inodeaddref.c.o
[293/1350] Building C object fs/CMakeFiles/fs.dir/inode/fs_inode.c.o
[294/1350] Building C object fs/CMakeFiles/fs.dir/driver/fs_blockmerge.c.o
[295/1350] Building C object fs/CMakeFiles/fs.dir/inode/fs_inodebasename.c.o
[296/1350] Building C object drivers/CMakeFiles/drivers.dir/serial/serial.c.o
[297/1350] Building C object fs/CMakeFiles/fs.dir/inode/fs_inodefind.c.o
[298/1350] Building C object fs/CMakeFiles/fs.dir/inode/fs_inodefree.c.o
[299/1350] Building C object fs/CMakeFiles/fs.dir/inode/fs_inodegetpath.c.o
[300/1350] Linking C static library drivers/libdrivers.a
[301/1350] Building C object fs/CMakeFiles/fs.dir/inode/fs_inoderelease.c.o
[302/1350] Building C object fs/CMakeFiles/fs.dir/inode/fs_inoderemove.c.o
[303/1350] Building C object fs/CMakeFiles/fs.dir/inode/fs_files.c.o
[304/1350] Building C object fs/CMakeFiles/fs.dir/inode/fs_inodereserve.c.o
[305/1350] Building C object fs/CMakeFiles/fs.dir/mmap/fs_mmisc.c.o
[306/1350] Building C object fs/CMakeFiles/fs.dir/mmap/fs_mmap.c.o
[307/1350] Building C object fs/CMakeFiles/fs.dir/mmap/fs_msync.c.o
[308/1350] Building C object fs/CMakeFiles/fs.dir/inode/fs_inodesearch.c.o
[309/1350] Building C object fs/CMakeFiles/fs.dir/mmap/fs_munmap.c.o
[310/1350] Building C object fs/CMakeFiles/fs.dir/mmap/fs_anonmap.c.o
[311/1350] Building C object fs/CMakeFiles/fs.dir/mount/fs_mount.c.o
[312/1350] Building C object fs/CMakeFiles/fs.dir/mount/fs_gettype.c.o
[313/1350] Building C object fs/CMakeFiles/fs.dir/mount/fs_umount2.c.o
[314/1350] Building C object fs/CMakeFiles/fs.dir/mount/fs_foreachmountpoint.c.o
[315/1350] Building C object fs/CMakeFiles/fs.dir/mqueue/mq_close.c.o
[316/1350] Building C object fs/CMakeFiles/fs.dir/procfs/fs_procfscpuload.c.o
[317/1350] Building C object fs/CMakeFiles/fs.dir/mqueue/mq_unlink.c.o
[318/1350] Building C object fs/CMakeFiles/fs.dir/partition/fs_partition.c.o
[319/1350] Building C object fs/CMakeFiles/fs.dir/mount/fs_procfs_mount.c.o
[320/1350] Building C object fs/CMakeFiles/fs.dir/procfs/fs_procfscpuinfo.c.o
[321/1350] Building C object fs/CMakeFiles/fs.dir/procfs/fs_procfscritmon.c.o
[322/1350] Building C object fs/CMakeFiles/fs.dir/mqueue/mq_open.c.o
[323/1350] Building C object fs/CMakeFiles/fs.dir/procfs/fs_procfsfdt.c.o
[324/1350] Building C object fs/CMakeFiles/fs.dir/procfs/fs_procfsiobinfo.c.o
[325/1350] Building C object fs/CMakeFiles/fs.dir/procfs/fs_procfsutil.c.o
[326/1350] Building C object fs/CMakeFiles/fs.dir/procfs/fs_procfstcbinfo.c.o
[327/1350] Building C object fs/CMakeFiles/fs.dir/procfs/fs_procfsuptime.c.o
[328/1350] Building C object fs/CMakeFiles/fs.dir/procfs/fs_procfsmeminfo.c.o
[329/1350] Building C object fs/CMakeFiles/fs.dir/procfs/fs_procfsversion.c.o
[330/1350] Building C object fs/CMakeFiles/fs.dir/procfs/fs_procfs.c.o
[331/1350] Building C object fs/CMakeFiles/fs.dir/vfs/fs_dup.c.o
[332/1350] Building C object fs/CMakeFiles/fs.dir/vfs/fs_close.c.o
[333/1350] Building C object fs/CMakeFiles/fs.dir/vfs/fs_dup3.c.o
[334/1350] Building C object fs/CMakeFiles/fs.dir/vfs/fs_chstat.c.o
[335/1350] Building C object fs/CMakeFiles/fs.dir/vfs/fs_dup2.c.o
[336/1350] Building C object fs/CMakeFiles/fs.dir/vfs/fs_fcntl.c.o
[337/1350] Building C object fs/CMakeFiles/fs.dir/procfs/fs_procfsproc.c.o
[338/1350] Building C object fs/CMakeFiles/fs.dir/vfs/fs_fstatfs.c.o
[339/1350] Building C object fs/CMakeFiles/fs.dir/vfs/fs_fstat.c.o
[340/1350] Building C object fs/CMakeFiles/fs.dir/vfs/fs_fchstat.c.o
[341/1350] Building C object fs/CMakeFiles/fs.dir/vfs/fs_lseek.c.o
[342/1350] Building C object fs/CMakeFiles/fs.dir/vfs/fs_ioctl.c.o
[343/1350] Building C object fs/CMakeFiles/fs.dir/vfs/fs_mkdir.c.o
[344/1350] Building C object fs/CMakeFiles/fs.dir/vfs/fs_pread.c.o
[345/1350] Building C object fs/CMakeFiles/fs.dir/vfs/fs_pwrite.c.o
[346/1350] Building C object fs/CMakeFiles/fs.dir/vfs/fs_open.c.o
[347/1350] Building C object fs/CMakeFiles/fs.dir/vfs/fs_read.c.o
[348/1350] Building C object fs/CMakeFiles/fs.dir/vfs/fs_rename.c.o
[349/1350] Building C object fs/CMakeFiles/fs.dir/vfs/fs_rmdir.c.o
[350/1350] Building C object fs/CMakeFiles/fs.dir/vfs/fs_poll.c.o
[351/1350] Building C object fs/CMakeFiles/fs.dir/vfs/fs_select.c.o
[352/1350] Building C object fs/CMakeFiles/fs.dir/vfs/fs_stat.c.o
[353/1350] Building C object fs/CMakeFiles/fs.dir/vfs/fs_sendfile.c.o
[354/1350] Building C object fs/CMakeFiles/fs.dir/vfs/fs_statfs.c.o
[355/1350] Building C object fs/CMakeFiles/fs.dir/vfs/fs_unlink.c.o
[356/1350] Building C object fs/CMakeFiles/fs.dir/vfs/fs_uio.c.o
[357/1350] Building C object fs/CMakeFiles/fs.dir/vfs/fs_epoll.c.o
[358/1350] Building C object fs/CMakeFiles/fs.dir/vfs/fs_syncfs.c.o
[359/1350] Building C object fs/CMakeFiles/fs.dir/vfs/fs_fsync.c.o
[360/1350] Building C object fs/CMakeFiles/fs.dir/vfs/fs_write.c.o
[361/1350] Building C object fs/CMakeFiles/fs.dir/vfs/fs_link.c.o
[362/1350] Building C object fs/CMakeFiles/fs.dir/vfs/fs_symlink.c.o
[363/1350] Building C object fs/CMakeFiles/fs.dir/vfs/fs_readlink.c.o
[364/1350] Building C object fs/CMakeFiles/fs.dir/vfs/fs_dir.c.o
[365/1350] Building C object fs/CMakeFiles/fs.dir/vfs/fs_truncate.c.o
[366/1350] Building C object sched/CMakeFiles/sched.dir/timer/timer_delete.c.o
[367/1350] Building C object sched/CMakeFiles/sched.dir/timer/timer_getoverrun.c.o
[368/1350] Building C object sched/CMakeFiles/sched.dir/timer/timer_getitimer.c.o
[369/1350] Building C object sched/CMakeFiles/sched.dir/timer/timer_gettime.c.o
[370/1350] Building C object sched/CMakeFiles/sched.dir/timer/timer_release.c.o
[371/1350] Building C object sched/CMakeFiles/sched.dir/timer/timer_setitimer.c.o
[372/1350] Building C object sched/CMakeFiles/sched.dir/tls/tls_initinfo.c.o
[373/1350] Building C object sched/CMakeFiles/sched.dir/tls/task_initinfo.c.o
[374/1350] Building C object sched/CMakeFiles/sched.dir/tls/task_uninitinfo.c.o
[375/1350] Building C object sched/CMakeFiles/sched.dir/timer/timer_settime.c.o
[376/1350] Building C object sched/CMakeFiles/sched.dir/tls/tls_dupinfo.c.o
[377/1350] Building C object sched/CMakeFiles/sched.dir/wdog/wd_initialize.c.o
[378/1350] Building C object CMakeFiles/nuttx.dir/empty.c.o
[379/1350] Building C object libs/libc/CMakeFiles/c.dir/ctype/lib_isblank.c.o
[380/1350] Building C object sched/CMakeFiles/sched.dir/wdog/wd_gettime.c.o
[381/1350] Building C object libs/libc/CMakeFiles/c.dir/ctype/lib_iscntrl.c.o
[382/1350] Building C object libs/libc/CMakeFiles/c.dir/ctype/lib_isdigit.c.o
[383/1350] Building C object sched/CMakeFiles/sched.dir/wdog/wd_cancel.c.o
[384/1350] Building C object libs/libc/CMakeFiles/c.dir/ctype/lib_isgraph.c.o
[385/1350] Building C object sched/CMakeFiles/sched.dir/wdog/wd_start.c.o
[386/1350] Building C object libs/libc/CMakeFiles/c.dir/ctype/lib_islower.c.o
[387/1350] Building C object libs/libc/CMakeFiles/c.dir/ctype/lib_isprint.c.o
[388/1350] Building C object libs/libc/CMakeFiles/c.dir/ctype/lib_ispunct.c.o
[389/1350] Building C object libs/libc/CMakeFiles/c.dir/signal/sig_set.c.o
[390/1350] Building C object libs/libc/CMakeFiles/c.dir/spawn/lib_psfa_addaction.c.o
[391/1350] Building C object libs/libc/CMakeFiles/c.dir/signal/sig_signal.c.o
[392/1350] Building C object libs/libc/CMakeFiles/c.dir/spawn/lib_psfa_addclose.c.o
[393/1350] Building C object libs/libc/CMakeFiles/c.dir/assert/lib_stackchk.c.o
[394/1350] Building C object libs/libc/CMakeFiles/c.dir/builtin/lib_builtin_getname.c.o
[395/1350] Building C object libs/libc/CMakeFiles/c.dir/assert/lib_assert.c.o
[396/1350] Building C object libs/libc/CMakeFiles/c.dir/spawn/lib_psfa_adddup2.c.o
[397/1350] Building C object libs/libc/CMakeFiles/c.dir/spawn/lib_psfa_addopen.c.o
[398/1350] Building C object libs/libc/CMakeFiles/c.dir/builtin/lib_builtin_isavail.c.o
[399/1350] Building C object libs/libc/CMakeFiles/c.dir/builtin/lib_builtin_forindex.c.o
[400/1350] Building C object libs/libc/CMakeFiles/c.dir/ctype/lib_isalnum.c.o
[401/1350] Building C object libs/libc/CMakeFiles/c.dir/ctype/lib_isascii.c.o
[402/1350] Building C object libs/libc/CMakeFiles/c.dir/ctype/lib_isalpha.c.o
[403/1350] Building C object libs/libc/CMakeFiles/c.dir/ctype/lib_isspace.c.o
[404/1350] Building C object libs/libc/CMakeFiles/c.dir/ctype/lib_isupper.c.o
[405/1350] Building C object libs/libc/CMakeFiles/c.dir/ctype/lib_isxdigit.c.o
[406/1350] Building C object fs/CMakeFiles/fs.dir/tmpfs/fs_tmpfs.c.o
[407/1350] Building C object libs/libc/CMakeFiles/c.dir/ctype/lib_ctype.c.o
[408/1350] Building C object libs/libc/CMakeFiles/c.dir/ctype/lib_tolower.c.o
[409/1350] Building C object libs/libc/CMakeFiles/c.dir/audio/lib_buffer.c.o
[410/1350] Building C object libs/libc/CMakeFiles/c.dir/ctype/lib_toupper.c.o
[411/1350] Building C object libs/libc/CMakeFiles/c.dir/dirent/lib_readdirr.c.o
[412/1350] Building C object libs/libc/CMakeFiles/c.dir/dirent/lib_telldir.c.o
[413/1350] Building C object libs/libc/CMakeFiles/c.dir/dirent/lib_alphasort.c.o
[414/1350] Building C object libs/libc/CMakeFiles/c.dir/dirent/lib_ftw.c.o
[415/1350] Building C object libs/libc/CMakeFiles/c.dir/dirent/lib_opendir.c.o
[416/1350] Building C object libs/libc/CMakeFiles/c.dir/dirent/lib_scandir.c.o
[417/1350] Building C object libs/libc/CMakeFiles/c.dir/dirent/lib_fdopendir.c.o
[418/1350] Linking C static library fs/libfs.a
[419/1350] Building C object libs/libc/CMakeFiles/c.dir/dirent/lib_rewinddir.c.o
[420/1350] Building C object libs/libc/CMakeFiles/c.dir/dirent/lib_closedir.c.o
[421/1350] Building C object libs/libc/CMakeFiles/c.dir/dirent/lib_nftw.c.o
[422/1350] Building C object libs/libc/CMakeFiles/c.dir/dirent/lib_readdir.c.o
[423/1350] Building C object libs/libc/CMakeFiles/c.dir/dirent/lib_dirfd.c.o
[424/1350] Building C object libs/libc/CMakeFiles/c.dir/dirent/lib_versionsort.c.o
[425/1350] Building C object libs/libc/CMakeFiles/c.dir/dirent/lib_seekdir.c.o
[426/1350] Building C object libs/libc/CMakeFiles/c.dir/dlfcn/lib_dlfind_object.c.o
[427/1350] Building C object libs/libc/CMakeFiles/c.dir/environ/env_getenvironptr.c.o
[428/1350] Building C object libs/libc/CMakeFiles/c.dir/environ/env_release.c.o
[429/1350] Building C object libs/libc/CMakeFiles/c.dir/environ/env_findvar.c.o
[430/1350] Building C object libs/libc/CMakeFiles/c.dir/environ/env_removevar.c.o
[431/1350] Building C object libs/libc/CMakeFiles/c.dir/environ/env_putenv.c.o
[432/1350] Building C object libs/libc/CMakeFiles/c.dir/environ/env_clearenv.c.o
[433/1350] Building C object libs/libc/CMakeFiles/c.dir/environ/env_dup.c.o
[434/1350] Building C object libs/libc/CMakeFiles/c.dir/fixedmath/lib_fixedmath.c.o
[435/1350] Building C object libs/libc/CMakeFiles/c.dir/fixedmath/lib_b16sin.c.o
[436/1350] Building C object libs/libc/CMakeFiles/c.dir/environ/env_getenv.c.o
[437/1350] Building C object libs/libc/CMakeFiles/c.dir/errno/lib_errno.c.o
[438/1350] Building C object libs/libc/CMakeFiles/c.dir/environ/env_foreach.c.o
[439/1350] Building C object libs/libc/CMakeFiles/c.dir/fixedmath/lib_b16cos.c.o
[440/1350] Building C object libs/libc/CMakeFiles/c.dir/fixedmath/lib_b16atan2.c.o
[441/1350] Building C object libs/libc/CMakeFiles/c.dir/environ/env_unsetenv.c.o
[442/1350] Building C object libs/libc/CMakeFiles/c.dir/environ/env_setenv.c.o
[443/1350] Building C object libs/libc/CMakeFiles/c.dir/grp/lib_getgrgidr.c.o
[444/1350] Building C object libs/libc/CMakeFiles/c.dir/fixedmath/lib_ubsqrt.c.o
[445/1350] Building C object libs/libc/CMakeFiles/c.dir/grp/lib_getgrnamr.c.o
[446/1350] Building C object libs/libc/CMakeFiles/c.dir/grp/lib_getgrgid.c.o
[447/1350] Building C object libs/libc/CMakeFiles/c.dir/grp/lib_initgroups.c.o
[448/1350] Building C object libs/libc/CMakeFiles/c.dir/grp/lib_getgrnam.c.o
[449/1350] Building C object libs/libc/CMakeFiles/c.dir/inttypes/lib_imaxabs.c.o
[450/1350] Building C object libs/libc/CMakeFiles/c.dir/grp/lib_getgrbufr.c.o
[451/1350] Building C object libs/libc/CMakeFiles/c.dir/inttypes/lib_imaxdiv.c.o
[452/1350] Building C object libs/libc/CMakeFiles/c.dir/grp/lib_getgrbuf.c.o
[453/1350] Building ASM object libs/libc/CMakeFiles/c.dir/machine/risc-v/arch_setjmp.S.o
[454/1350] Building C object libs/libc/CMakeFiles/c.dir/libgen/lib_basename.c.o
[455/1350] Building C object libs/libc/CMakeFiles/c.dir/libgen/lib_dirname.c.o
[456/1350] Building C object libs/libc/CMakeFiles/c.dir/inttypes/lib_strtoimax.c.o
[457/1350] Building C object libs/libc/CMakeFiles/c.dir/inttypes/lib_strtoumax.c.o
[458/1350] Building C object libs/libc/CMakeFiles/c.dir/misc/lib_creat.c.o
[459/1350] Building C object libs/libc/CMakeFiles/c.dir/misc/lib_xorshift128.c.o
[460/1350] Building C object libs/libc/CMakeFiles/c.dir/misc/lib_bitmap.c.o
[461/1350] Building C object libs/libc/CMakeFiles/c.dir/misc/lib_mknod.c.o
[462/1350] Building C object libs/libc/CMakeFiles/c.dir/misc/lib_utsname.c.o
[463/1350] Building C object libs/libc/CMakeFiles/c.dir/misc/lib_umask.c.o
[464/1350] Building C object libs/libc/CMakeFiles/c.dir/misc/lib_getrandom.c.o
[465/1350] Building C object libs/libc/CMakeFiles/c.dir/misc/lib_tea_encrypt.c.o
[466/1350] Building C object libs/libc/CMakeFiles/c.dir/misc/lib_impure.c.o
[467/1350] Building C object libs/libc/CMakeFiles/c.dir/misc/lib_tea_decrypt.c.o
[468/1350] Building C object libs/libc/CMakeFiles/c.dir/misc/lib_circbuf.c.o
[469/1350] Building C object libs/libc/CMakeFiles/c.dir/misc/lib_fchmodat.c.o
[470/1350] Building C object libs/libc/CMakeFiles/c.dir/misc/lib_fstatat.c.o
[471/1350] Building C object libs/libc/CMakeFiles/c.dir/misc/lib_cxx_initialize.c.o
[472/1350] Building C object libs/libc/CMakeFiles/c.dir/misc/lib_memfd.c.o
[473/1350] Building C object libs/libc/CMakeFiles/c.dir/misc/lib_getfullpath.c.o
[474/1350] Building C object libs/libc/CMakeFiles/c.dir/misc/lib_openat.c.o
[475/1350] Building C object libs/libc/CMakeFiles/c.dir/misc/lib_mkdirat.c.o
[476/1350] Building C object libs/libc/CMakeFiles/c.dir/misc/lib_mallopt.c.o
[477/1350] Building C object libs/libc/CMakeFiles/c.dir/misc/lib_getnprocs.c.o
[478/1350] Building C object libs/libc/CMakeFiles/c.dir/misc/lib_utimensat.c.o
[479/1350] Building C object libs/libc/CMakeFiles/c.dir/misc/lib_ratelimit.c.o
[480/1350] Building C object libs/libc/CMakeFiles/c.dir/misc/lib_sem_mutex_noinline.c.o
[481/1350] Building C object libs/libc/CMakeFiles/c.dir/misc/lib_umul64.c.o
[482/1350] Building C object libs/libc/CMakeFiles/c.dir/misc/lib_umul32.c.o
[483/1350] Building C object libs/libc/CMakeFiles/c.dir/misc/lib_tempbuffer.c.o
[484/1350] Building C object libs/libc/CMakeFiles/c.dir/misc/lib_umul32x64.c.o
[485/1350] Building C object libs/libc/CMakeFiles/c.dir/misc/lib_uadd32x64.c.o
[486/1350] Building C object libs/libc/CMakeFiles/c.dir/misc/lib_uadd64.c.o
[487/1350] Building C object libs/libc/CMakeFiles/c.dir/misc/lib_usub64x32.c.o
[488/1350] Building C object libs/libc/CMakeFiles/c.dir/misc/lib_usub64.c.o
[489/1350] Building C object libs/libc/CMakeFiles/c.dir/misc/lib_debug.c.o
[490/1350] Building C object libs/libc/CMakeFiles/c.dir/misc/lib_dumpbuffer.c.o
[491/1350] Building C object libs/libc/CMakeFiles/c.dir/misc/lib_fnmatch.c.o
[492/1350] Building C object libs/libc/CMakeFiles/c.dir/misc/lib_crc64emac.c.o
[493/1350] Building C object libs/libc/CMakeFiles/c.dir/misc/lib_idr.c.o
[494/1350] Building C object libs/libc/CMakeFiles/c.dir/misc/lib_crc64.c.o
[495/1350] Building C object libs/libc/CMakeFiles/c.dir/misc/lib_dumpvbuffer.c.o
[496/1350] Building C object libs/libc/CMakeFiles/c.dir/misc/lib_crc32.c.o
[497/1350] Building C object libs/libc/CMakeFiles/c.dir/misc/lib_crc32h04c11db7.c.o
[498/1350] Building C object libs/libc/CMakeFiles/c.dir/misc/lib_crc32hf4acfb13.c.o
[499/1350] Building C object libs/libc/CMakeFiles/c.dir/misc/lib_crc16.c.o
[500/1350] Building C object libs/libc/CMakeFiles/c.dir/misc/lib_crc16ccitt.c.o
[501/1350] Building C object libs/libc/CMakeFiles/c.dir/misc/lib_crc16h1021.c.o
[502/1350] Building C object libs/libc/CMakeFiles/c.dir/misc/lib_crc16h8005.c.o
[503/1350] Building C object libs/libc/CMakeFiles/c.dir/misc/lib_crc8.c.o
[504/1350] Building C object libs/libc/CMakeFiles/c.dir/misc/lib_crc8ccitt.c.o
[505/1350] Building C object libs/libc/CMakeFiles/c.dir/misc/lib_crc8h1d.c.o
[506/1350] Building C object libs/libc/CMakeFiles/c.dir/misc/lib_crc8h2f.c.o
[507/1350] Building C object libs/libc/CMakeFiles/c.dir/misc/lib_crc8rohc.c.o
[508/1350] Building C object libs/libc/CMakeFiles/c.dir/misc/lib_crc8table.c.o
[509/1350] Building C object libs/libc/CMakeFiles/c.dir/misc/lib_ftok.c.o
[510/1350] Building C object libs/libc/CMakeFiles/c.dir/misc/lib_instrument.c.o
[511/1350] Building C object libs/libc/CMakeFiles/c.dir/net/lib_addrconfig.c.o
[512/1350] Building C object libs/libc/CMakeFiles/c.dir/misc/lib_err.c.o
[513/1350] Building C object libs/libc/CMakeFiles/c.dir/misc/lib_fdcheck.c.o
[514/1350] Building C object libs/libc/CMakeFiles/c.dir/misc/lib_backtrace.c.o
[515/1350] Building C object libs/libc/CMakeFiles/c.dir/net/lib_htons.c.o
[516/1350] Building C object libs/libc/CMakeFiles/c.dir/net/lib_htonq.c.o
[517/1350] Building C object libs/libc/CMakeFiles/c.dir/net/lib_htonl.c.o
[518/1350] Building C object libs/libc/CMakeFiles/c.dir/sched/task_setcanceltype.c.o
[519/1350] Building C object libs/libc/CMakeFiles/c.dir/net/lib_base64.c.o
[520/1350] Building C object libs/libc/CMakeFiles/c.dir/misc/lib_glob.c.o
[521/1350] Building C object libs/libc/CMakeFiles/c.dir/net/lib_inetaddr.c.o
[522/1350] Building C object libs/libc/CMakeFiles/c.dir/net/lib_inetaton.c.o
[523/1350] Building C object libs/libc/CMakeFiles/c.dir/net/lib_inetntoa.c.o
[524/1350] Building C object libs/libc/CMakeFiles/c.dir/net/lib_inetntop.c.o
[525/1350] Building C object libs/libc/CMakeFiles/c.dir/net/lib_inetpton.c.o
[526/1350] Building C object libs/libc/CMakeFiles/c.dir/net/lib_inetnetwork.c.o
[527/1350] Building C object libs/libc/CMakeFiles/c.dir/obstack/lib_obstack_init.c.o
[528/1350] Building C object libs/libc/CMakeFiles/c.dir/obstack/lib_obstack_alloc.c.o
[529/1350] Building C object libs/libc/CMakeFiles/c.dir/obstack/lib_obstack_copy.c.o
[530/1350] Building C object libs/libc/CMakeFiles/c.dir/obstack/lib_obstack_blank.c.o
[531/1350] Building C object libs/libc/CMakeFiles/c.dir/obstack/lib_obstack_free.c.o
[532/1350] Building C object libs/libc/CMakeFiles/c.dir/obstack/lib_obstack_object_size.c.o
[533/1350] Building C object libs/libc/CMakeFiles/c.dir/obstack/lib_obstack_finish.c.o
[534/1350] Building C object libs/libc/CMakeFiles/c.dir/obstack/lib_obstack_grow.c.o
[535/1350] Building C object libs/libc/CMakeFiles/c.dir/obstack/lib_obstack_make_room.c.o
[536/1350] Building C object libs/libc/CMakeFiles/c.dir/obstack/lib_obstack_room.c.o
[537/1350] Building C object libs/libc/CMakeFiles/c.dir/obstack/lib_obstack_printf.c.o
[538/1350] Building C object libs/libc/CMakeFiles/c.dir/obstack/lib_obstack_vprintf.c.o
[539/1350] Building C object libs/libc/CMakeFiles/c.dir/misc/lib_lrucache.c.o
[540/1350] Building C object libs/libc/CMakeFiles/c.dir/pthread/pthread_attr_destroy.c.o
[541/1350] Building C object libs/libc/CMakeFiles/c.dir/pthread/pthread_attr_init.c.o
[542/1350] Building C object libs/libc/CMakeFiles/c.dir/obstack/lib_obstack_malloc.c.o
[543/1350] Building C object libs/libc/CMakeFiles/c.dir/pthread/pthread_attr_setschedpolicy.c.o
[544/1350] Building C object libs/libc/CMakeFiles/c.dir/pthread/pthread_attr_getschedpolicy.c.o
[545/1350] Building C object libs/libc/CMakeFiles/c.dir/pthread/pthread_attr_setinheritsched.c.o
[546/1350] Building C object libs/libc/CMakeFiles/c.dir/pthread/pthread_attr_getinheritsched.c.o
[547/1350] Building C object libs/libc/CMakeFiles/c.dir/pthread/pthread_attr_setdetachstate.c.o
[548/1350] Building C object libs/libc/CMakeFiles/c.dir/pthread/pthread_attr_getdetachstate.c.o
[549/1350] Building C object libs/libc/CMakeFiles/c.dir/pthread/pthread_attr_setstackaddr.c.o
[550/1350] Building C object libs/libc/CMakeFiles/c.dir/pthread/pthread_attr_getstackaddr.c.o
[551/1350] Building C object libs/libc/CMakeFiles/c.dir/pthread/pthread_attr_setstacksize.c.o
[552/1350] Building C object libs/libc/CMakeFiles/c.dir/pthread/pthread_attr_getstacksize.c.o
[553/1350] Building C object libs/libc/CMakeFiles/c.dir/pthread/pthread_attr_setstack.c.o
[554/1350] Building C object libs/libc/CMakeFiles/c.dir/pthread/pthread_attr_getstack.c.o
[555/1350] Building C object libs/libc/CMakeFiles/c.dir/pthread/pthread_attr_setschedparam.c.o
[556/1350] Building C object libs/libc/CMakeFiles/c.dir/pthread/pthread_attr_setscope.c.o
[557/1350] Building C object libs/libc/CMakeFiles/c.dir/pthread/pthread_attr_getschedparam.c.o
[558/1350] Building C object libs/libc/CMakeFiles/c.dir/pthread/pthread_attr_getscope.c.o
[559/1350] Building C object libs/libc/CMakeFiles/c.dir/pthread/pthread_attr_setguardsize.c.o
[560/1350] Building C object libs/libc/CMakeFiles/c.dir/pthread/pthread_attr_getguardsize.c.o
[561/1350] Building C object libs/libc/CMakeFiles/c.dir/pthread/pthread_barrierattr_init.c.o
[562/1350] Building C object libs/libc/CMakeFiles/c.dir/pthread/pthread_barrierattr_destroy.c.o
[563/1350] Building C object libs/libc/CMakeFiles/c.dir/pthread/pthread_barrierattr_getpshared.c.o
[564/1350] Building C object libs/libc/CMakeFiles/c.dir/pthread/pthread_barrierattr_setpshared.c.o
[565/1350] Building C object libs/libc/CMakeFiles/c.dir/pthread/pthread_barrierdestroy.c.o
[566/1350] Building C object libs/libc/CMakeFiles/c.dir/pthread/pthread_barrierinit.c.o
[567/1350] Building C object libs/libc/CMakeFiles/c.dir/pthread/pthread_condattr_init.c.o
[568/1350] Building C object libs/libc/CMakeFiles/c.dir/pthread/pthread_condattr_destroy.c.o
[569/1350] Building C object libs/libc/CMakeFiles/c.dir/pthread/pthread_barrierwait.c.o
[570/1350] Building C object libs/libc/CMakeFiles/c.dir/pthread/pthread_condattr_getpshared.c.o
[571/1350] Building C object libs/libc/CMakeFiles/c.dir/pthread/pthread_condattr_setpshared.c.o
[572/1350] Building C object libs/libc/CMakeFiles/c.dir/pthread/pthread_condattr_setclock.c.o
[573/1350] Building C object libs/libc/CMakeFiles/c.dir/pthread/pthread_condattr_getclock.c.o
[574/1350] Building C object libs/libc/CMakeFiles/c.dir/pthread/pthread_condbroadcast.c.o
[575/1350] Building C object libs/libc/CMakeFiles/c.dir/pthread/pthread_condinit.c.o
[576/1350] Building C object libs/libc/CMakeFiles/c.dir/pthread/pthread_condclockwait.c.o
[577/1350] Building C object libs/libc/CMakeFiles/c.dir/pthread/pthread_conddestroy.c.o
[578/1350] Building C object libs/libc/CMakeFiles/c.dir/pthread/pthread_condtimedwait.c.o
[579/1350] Building C object libs/libc/CMakeFiles/c.dir/pthread/pthread_create.c.o
[580/1350] Building C object libs/libc/CMakeFiles/c.dir/pthread/pthread_condsignal.c.o
[581/1350] Building C object libs/libc/CMakeFiles/c.dir/pthread/pthread_equal.c.o
[582/1350] Building C object libs/libc/CMakeFiles/c.dir/pthread/pthread_condwait.c.o
[583/1350] Building C object libs/libc/CMakeFiles/c.dir/pthread/pthread_exit.c.o
[584/1350] Building C object libs/libc/CMakeFiles/c.dir/pthread/pthread_kill.c.o
[585/1350] Building C object libs/libc/CMakeFiles/c.dir/pthread/pthread_setname_np.c.o
[586/1350] Building C object libs/libc/CMakeFiles/c.dir/pthread/pthread_getname_np.c.o
[587/1350] Building C object libs/libc/CMakeFiles/c.dir/pthread/pthread_get_stackaddr_np.c.o
[588/1350] Building C object libs/libc/CMakeFiles/c.dir/pthread/pthread_get_stacksize_np.c.o
[589/1350] Building C object libs/libc/CMakeFiles/c.dir/pthread/pthread_mutexattr_init.c.o
[590/1350] Building C object libs/libc/CMakeFiles/c.dir/pthread/pthread_mutexattr_destroy.c.o
[591/1350] Building C object libs/libc/CMakeFiles/c.dir/pthread/pthread_mutexattr_getpshared.c.o
[592/1350] Building C object libs/libc/CMakeFiles/c.dir/pthread/pthread_mutexattr_setpshared.c.o
[593/1350] Building C object libs/libc/CMakeFiles/c.dir/pthread/pthread_mutexattr_setprotocol.c.o
[594/1350] Building C object libs/libc/CMakeFiles/c.dir/pthread/pthread_mutexattr_getprotocol.c.o
[595/1350] Building C object libs/libc/CMakeFiles/c.dir/pthread/pthread_mutexattr_settype.c.o
[596/1350] Building C object libs/libc/CMakeFiles/c.dir/pthread/pthread_mutexattr_gettype.c.o
[597/1350] Building C object libs/libc/CMakeFiles/c.dir/pthread/pthread_mutexattr_setrobust.c.o
[598/1350] Building C object libs/libc/CMakeFiles/c.dir/pthread/pthread_mutexattr_getrobust.c.o
[599/1350] Building C object libs/libc/CMakeFiles/c.dir/pthread/pthread_mutexattr_setprioceiling.c.o
[600/1350] Building C object libs/libc/CMakeFiles/c.dir/pthread/pthread_mutexattr_getprioceiling.c.o
[601/1350] Building C object libs/libc/CMakeFiles/c.dir/pthread/pthread_mutex_getprioceiling.c.o
[602/1350] Building C object libs/libc/CMakeFiles/c.dir/pthread/pthread_mutex_destroy.c.o
[603/1350] Building C object libs/libc/CMakeFiles/c.dir/pthread/pthread_mutex_lock.c.o
[604/1350] Building C object libs/libc/CMakeFiles/c.dir/pthread/pthread_mutex_init.c.o
[605/1350] Building C object libs/libc/CMakeFiles/c.dir/pthread/pthread_mutex_setprioceiling.c.o
[606/1350] Building C object libs/libc/CMakeFiles/c.dir/pthread/pthread_mutex_timedlock.c.o
[607/1350] Building C object libs/libc/CMakeFiles/c.dir/pthread/pthread_mutex_trylock.c.o
[608/1350] Building C object libs/libc/CMakeFiles/c.dir/pthread/pthread_yield.c.o
[609/1350] Building C object libs/libc/CMakeFiles/c.dir/pthread/pthread_mutex.c.o
[610/1350] Building C object libs/libc/CMakeFiles/c.dir/pthread/pthread_mutex_unlock.c.o
[611/1350] Building C object libs/libc/CMakeFiles/c.dir/pthread/pthread_once.c.o
[612/1350] Building C object libs/libc/CMakeFiles/c.dir/pthread/pthread_atfork.c.o
[613/1350] Building C object libs/libc/CMakeFiles/c.dir/pthread/pthread_rwlockattr_init.c.o
[614/1350] Building C object libs/libc/CMakeFiles/c.dir/pthread/pthread_rwlockattr_destroy.c.o
[615/1350] Building C object libs/libc/CMakeFiles/c.dir/pthread/pthread_rwlockattr_getpshared.c.o
[616/1350] Building C object libs/libc/CMakeFiles/c.dir/pthread/pthread_rwlockattr_setpshared.c.o
[617/1350] Building C object libs/libc/CMakeFiles/c.dir/pthread/pthread_setcancelstate.c.o
[618/1350] Building C object libs/libc/CMakeFiles/c.dir/pthread/pthread_setcanceltype.c.o
[619/1350] Building C object libs/libc/CMakeFiles/c.dir/pthread/pthread_rwlock.c.o
[620/1350] Building C object libs/libc/CMakeFiles/c.dir/pthread/pthread_rwlock_wrlock.c.o
[621/1350] Building C object libs/libc/CMakeFiles/c.dir/pthread/pthread_testcancel.c.o
[622/1350] Building C object libs/libc/CMakeFiles/c.dir/pthread/pthread_rwlock_rdlock.c.o
[623/1350] Building C object libs/libc/CMakeFiles/c.dir/pthread/pthread_getcpuclockid.c.o
[624/1350] Building C object libs/libc/CMakeFiles/c.dir/pthread/pthread_self.c.o
[625/1350] Building C object libs/libc/CMakeFiles/c.dir/pthread/pthread_gettid_np.c.o
[626/1350] Building C object libs/libc/CMakeFiles/c.dir/pwd/lib_getpwnam.c.o
[627/1350] Building C object libs/libc/CMakeFiles/c.dir/pwd/lib_getpwnamr.c.o
[628/1350] Building C object libs/libc/CMakeFiles/c.dir/pthread/pthread_concurrency.c.o
[629/1350] Building C object libs/libc/CMakeFiles/c.dir/pwd/lib_getpwuid.c.o
[630/1350] Building C object libs/libc/CMakeFiles/c.dir/pthread/pthread_mutex_consistent.c.o
[631/1350] Building C object libs/libc/CMakeFiles/c.dir/pthread/pthread_mutex_inconsistent.c.o
[632/1350] Building C object libs/libc/CMakeFiles/c.dir/queue/queue.c.o
[633/1350] Building C object libs/libc/CMakeFiles/c.dir/pwd/lib_getpwuidr.c.o
[634/1350] Building C object libs/libc/CMakeFiles/c.dir/pwd/lib_getpwbufr.c.o
[635/1350] Building C object libs/libc/CMakeFiles/c.dir/pwd/lib_getspnam.c.o
[636/1350] Building C object libs/libc/CMakeFiles/c.dir/pwd/lib_getpwbuf.c.o
[637/1350] Building C object libs/libc/CMakeFiles/c.dir/pwd/lib_getpwent.c.o
[638/1350] Building C object libs/libc/CMakeFiles/c.dir/regex/regerror.c.o
[639/1350] Building C object libs/libc/CMakeFiles/c.dir/regex/tre-mem.c.o
[640/1350] Building C object libs/libc/CMakeFiles/c.dir/sched/sched_getprioritymax.c.o
[641/1350] Building C object libs/libc/CMakeFiles/c.dir/sched/task_cancelpt.c.o
[642/1350] Building C object libs/libc/CMakeFiles/c.dir/sched/sched_getprioritymin.c.o
[643/1350] Building C object libs/libc/CMakeFiles/c.dir/sched/clock_getcpuclockid.c.o
[644/1350] Building C object libs/libc/CMakeFiles/c.dir/string/lib_bsdmemcpy.c.o
[645/1350] Building C object libs/libc/CMakeFiles/c.dir/sched/task_setcancelstate.c.o
[646/1350] Building C object libs/libc/CMakeFiles/c.dir/sched/task_testcancel.c.o
[647/1350] Building C object libs/libc/CMakeFiles/c.dir/search/hash_func.c.o
[648/1350] Building C object libs/libc/CMakeFiles/c.dir/sched/task_getpid.c.o
[649/1350] Building C object libs/libc/CMakeFiles/c.dir/sched/task_startup.c.o
[650/1350] Building C object libs/libc/CMakeFiles/c.dir/search/hcreate.c.o
[651/1350] Building C object libs/libc/CMakeFiles/c.dir/semaphore/sem_init.c.o
[652/1350] Building C object libs/libc/CMakeFiles/c.dir/semaphore/sem_getprotocol.c.o
[653/1350] Building C object libs/libc/CMakeFiles/c.dir/search/hcreate_r.c.o
[654/1350] Building C object libs/libc/CMakeFiles/c.dir/semaphore/sem_setprotocol.c.o
[655/1350] Building C object libs/libc/CMakeFiles/c.dir/semaphore/sem_getvalue.c.o
[656/1350] Building C object libs/libc/CMakeFiles/c.dir/semaphore/sem_destroy.c.o
[657/1350] Building C object libs/libc/CMakeFiles/c.dir/semaphore/sem_wait.c.o
[658/1350] Building C object libs/libc/CMakeFiles/c.dir/semaphore/sem_timedwait.c.o
[659/1350] Building C object libs/libc/CMakeFiles/c.dir/semaphore/sem_trywait.c.o
[660/1350] Building C object libs/libc/CMakeFiles/c.dir/semaphore/sem_clockwait.c.o
[661/1350] Building C object libs/libc/CMakeFiles/c.dir/semaphore/sem_post.c.o
[662/1350] Building C object libs/libc/CMakeFiles/c.dir/signal/sig_addset.c.o
[663/1350] Building C object libs/libc/CMakeFiles/c.dir/signal/sig_altstack.c.o
[664/1350] Building C object libs/libc/CMakeFiles/c.dir/signal/sig_andset.c.o
[665/1350] Building C object libs/libc/CMakeFiles/c.dir/signal/sig_delset.c.o
[666/1350] Building C object libs/libc/CMakeFiles/c.dir/signal/sig_fillset.c.o
[667/1350] Building C object libs/libc/CMakeFiles/c.dir/signal/sig_emptyset.c.o
[668/1350] Building C object libs/libc/CMakeFiles/c.dir/signal/sig_hold.c.o
[669/1350] Building C object libs/libc/CMakeFiles/c.dir/regex/regexec.c.o
[670/1350] Building C object libs/libc/CMakeFiles/c.dir/signal/sig_isemptyset.c.o
[671/1350] Building C object libs/libc/CMakeFiles/c.dir/signal/sig_ismember.c.o
[672/1350] Building C object libs/libc/CMakeFiles/c.dir/signal/sig_killpg.c.o
[673/1350] Building C object libs/libc/CMakeFiles/c.dir/signal/sig_longjmp.c.o
[674/1350] Building C object libs/libc/CMakeFiles/c.dir/signal/sig_orset.c.o
[675/1350] Building C object libs/libc/CMakeFiles/c.dir/signal/sig_nandset.c.o
[676/1350] Building C object libs/libc/CMakeFiles/c.dir/signal/sig_pause.c.o
[677/1350] Building C object libs/libc/CMakeFiles/c.dir/signal/sig_relse.c.o
[678/1350] Building C object libs/libc/CMakeFiles/c.dir/signal/sig_psignal.c.o
[679/1350] Building C object libs/libc/CMakeFiles/c.dir/signal/sig_wait.c.o
[680/1350] Building C object libs/libc/CMakeFiles/c.dir/signal/sig_raise.c.o
[681/1350] Building C object libs/libc/CMakeFiles/c.dir/signal/sig_xorset.c.o
[682/1350] Building C object libs/libc/CMakeFiles/c.dir/signal/sig_ignore.c.o
[683/1350] Building C object libs/libc/CMakeFiles/c.dir/signal/sig_interrupt.c.o
[684/1350] Building C object libs/libc/CMakeFiles/c.dir/spawn/lib_psfa_init.c.o
[685/1350] Building C object libs/libc/CMakeFiles/c.dir/spawn/lib_psa_getflags.c.o
[686/1350] Building C object libs/libc/CMakeFiles/c.dir/spawn/lib_psa_getschedparam.c.o
[687/1350] Building C object libs/libc/CMakeFiles/c.dir/spawn/lib_psfa_destroy.c.o
[688/1350] Building C object libs/libc/CMakeFiles/c.dir/spawn/lib_psa_getschedpolicy.c.o
[689/1350] Building C object libs/libc/CMakeFiles/c.dir/spawn/lib_psa_setflags.c.o
[690/1350] Building C object libs/libc/CMakeFiles/c.dir/spawn/lib_psa_init.c.o
[691/1350] Building C object libs/libc/CMakeFiles/c.dir/spawn/lib_psa_setschedparam.c.o
[692/1350] Building C object libs/libc/CMakeFiles/c.dir/spawn/lib_psa_setschedpolicy.c.o
[693/1350] Building C object libs/libc/CMakeFiles/c.dir/spawn/lib_psa_getsigmask.c.o
[694/1350] Building C object libs/libc/CMakeFiles/c.dir/spawn/lib_psa_setsigmask.c.o
[695/1350] Building C object libs/libc/CMakeFiles/c.dir/spawn/lib_psa_getstacksize.c.o
[696/1350] Building C object libs/libc/CMakeFiles/c.dir/spawn/lib_psa_setstacksize.c.o
[697/1350] Building C object libs/libc/CMakeFiles/c.dir/spawn/lib_psa_getpriority.c.o
[698/1350] Building C object libs/libc/CMakeFiles/c.dir/spawn/lib_psa_setpriority.c.o
[699/1350] Building C object libs/libc/CMakeFiles/c.dir/spawn/lib_psa_getstackaddr.c.o
[700/1350] Building C object libs/libc/CMakeFiles/c.dir/spawn/lib_psa_setstackaddr.c.o
[701/1350] Building C object libs/libc/CMakeFiles/c.dir/spawn/lib_psa_destroy.c.o
[702/1350] Building C object libs/libc/CMakeFiles/c.dir/stdio/lib_fileno.c.o
[703/1350] Building C object libs/libc/CMakeFiles/c.dir/spawn/lib_psfa_dump.c.o
[704/1350] Building C object libs/libc/CMakeFiles/c.dir/spawn/lib_psa_dump.c.o
[705/1350] Building C object libs/libc/CMakeFiles/c.dir/stdio/lib_sprintf.c.o
[706/1350] Building C object libs/libc/CMakeFiles/c.dir/stdio/lib_asprintf.c.o
[707/1350] Building C object libs/libc/CMakeFiles/c.dir/stdio/lib_printf.c.o
[708/1350] Building C object libs/libc/CMakeFiles/c.dir/stdio/lib_snprintf.c.o
[709/1350] Building C object libs/libc/CMakeFiles/c.dir/regex/regcomp.c.o
[710/1350] Building C object libs/libc/CMakeFiles/c.dir/stdio/lib_vsprintf.c.o
[711/1350] Building C object libs/libc/CMakeFiles/c.dir/stdio/lib_vsnprintf.c.o
[712/1350] Building C object libs/libc/CMakeFiles/c.dir/stdio/lib_dprintf.c.o
[713/1350] Building C object libs/libc/CMakeFiles/c.dir/stdio/lib_vdprintf.c.o
[714/1350] Building C object libs/libc/CMakeFiles/c.dir/stdio/lib_vprintf.c.o
[715/1350] Building C object libs/libc/CMakeFiles/c.dir/stdio/lib_vasprintf.c.o
[716/1350] Building C object libs/libc/CMakeFiles/c.dir/stdio/lib_perror.c.o
[717/1350] Building C object libs/libc/CMakeFiles/c.dir/stdio/lib_putchar.c.o
[718/1350] Building C object libs/libc/CMakeFiles/c.dir/stdio/lib_getchar.c.o
[719/1350] Building C object libs/libc/CMakeFiles/c.dir/stdio/lib_gets.c.o
[720/1350] Building C object libs/libc/CMakeFiles/c.dir/stdio/lib_gets_s.c.o
[721/1350] Building C object libs/libc/CMakeFiles/c.dir/stdio/lib_puts.c.o
[722/1350] Building C object libs/libc/CMakeFiles/c.dir/stdio/lib_sscanf.c.o
[723/1350] Building C object libs/libc/CMakeFiles/c.dir/stdio/lib_vsscanf.c.o
[724/1350] Building C object libs/libc/CMakeFiles/c.dir/stdio/lib_libdgets.c.o
[725/1350] Building C object libs/libc/CMakeFiles/c.dir/stdio/lib_remove.c.o
[726/1350] Building C object libs/libc/CMakeFiles/c.dir/stdio/lib_tempnam.c.o
[727/1350] Building C object libs/libc/CMakeFiles/c.dir/stdio/lib_tmpnam.c.o
[728/1350] Building C object libs/libc/CMakeFiles/c.dir/stdio/lib_renameat.c.o
[729/1350] Building C object libs/libc/CMakeFiles/c.dir/stdio/lib_putwchar.c.o
[730/1350] Building C object libs/libc/CMakeFiles/c.dir/stdio/lib_freopen.c.o
[731/1350] Building C object libs/libc/CMakeFiles/c.dir/stdio/lib_fseek.c.o
[732/1350] Building C object libs/libc/CMakeFiles/c.dir/stdio/lib_fread.c.o
[733/1350] Building C object libs/libc/CMakeFiles/c.dir/stdio/lib_ftell.c.o
[734/1350] Building C object libs/libc/CMakeFiles/c.dir/stdio/lib_fopen.c.o
[735/1350] Building C object libs/libc/CMakeFiles/c.dir/stdio/lib_fseeko.c.o
[736/1350] Building C object libs/libc/CMakeFiles/c.dir/stdio/lib_fclose.c.o
[737/1350] Building C object libs/libc/CMakeFiles/c.dir/stdio/lib_libfread_unlocked.c.o
[738/1350] Building C object libs/libc/CMakeFiles/c.dir/stdio/lib_ftello.c.o
[739/1350] Building C object libs/libc/CMakeFiles/c.dir/stdio/lib_fsetpos.c.o
[740/1350] Building C object libs/libc/CMakeFiles/c.dir/stdio/lib_getdelim.c.o
[741/1350] Building C object libs/libc/CMakeFiles/c.dir/stdio/lib_fgetpos.c.o
[742/1350] Building C object libs/libc/CMakeFiles/c.dir/stdio/lib_getc.c.o
[743/1350] Building C object libs/libc/CMakeFiles/c.dir/stdio/lib_fgetc.c.o
[744/1350] Building C object libs/libc/CMakeFiles/c.dir/stdio/lib_fgets.c.o
[745/1350] Building C object libs/libc/CMakeFiles/c.dir/stdio/lib_fwrite.c.o
[746/1350] Building C object libs/libc/CMakeFiles/c.dir/stdio/lib_libfgets.c.o
[747/1350] Building C object libs/libc/CMakeFiles/c.dir/stdio/lib_fflush.c.o
[748/1350] Building C object libs/libc/CMakeFiles/c.dir/stdio/lib_wrflush_unlocked.c.o
[749/1350] Building C object libs/libc/CMakeFiles/c.dir/stdio/lib_libfflush.c.o
[750/1350] Building C object libs/libc/CMakeFiles/c.dir/stdio/lib_rdflush_unlocked.c.o
[751/1350] Building C object libs/libc/CMakeFiles/c.dir/stdio/lib_libfwrite.c.o
[752/1350] Building C object libs/libc/CMakeFiles/c.dir/stdio/lib_putc.c.o
[753/1350] Building C object libs/libc/CMakeFiles/c.dir/stdio/lib_libflushall.c.o
[754/1350] Building C object libs/libc/CMakeFiles/c.dir/stdio/lib_fputc.c.o
[755/1350] Building C object libs/libc/CMakeFiles/c.dir/stdio/lib_fprintf.c.o
[756/1350] Building C object libs/libc/CMakeFiles/c.dir/stdio/lib_ungetc.c.o
[757/1350] Building C object libs/libc/CMakeFiles/c.dir/stdio/lib_fputs.c.o
[758/1350] Building C object libs/libc/CMakeFiles/c.dir/stdio/lib_vfprintf.c.o
[759/1350] Building C object libs/libc/CMakeFiles/c.dir/stdio/lib_feof.c.o
[760/1350] Building C object libs/libc/CMakeFiles/c.dir/stdio/lib_ferror.c.o
[761/1350] Building C object libs/libc/CMakeFiles/c.dir/stdio/lib_rewind.c.o
[762/1350] Building C object libs/libc/CMakeFiles/c.dir/stdio/lib_clearerr.c.o
[763/1350] Building C object libs/libc/CMakeFiles/c.dir/stdio/lib_scanf.c.o
[764/1350] Building C object libs/libc/CMakeFiles/c.dir/stdio/lib_vscanf.c.o
[765/1350] Building C object libs/libc/CMakeFiles/c.dir/stdio/lib_fscanf.c.o
[766/1350] Building C object libs/libc/CMakeFiles/c.dir/stdio/lib_vfscanf.c.o
[767/1350] Building C object libs/libc/CMakeFiles/c.dir/stdio/lib_setbuf.c.o
[768/1350] Building C object libs/libc/CMakeFiles/c.dir/stdio/lib_tmpfile.c.o
[769/1350] Building C object libs/libc/CMakeFiles/c.dir/stdio/lib_setvbuf.c.o
[770/1350] Building C object libs/libc/CMakeFiles/c.dir/stdio/lib_setbuffer.c.o
[771/1350] Building C object libs/libc/CMakeFiles/c.dir/stdio/lib_fputwc.c.o
[772/1350] Building C object libs/libc/CMakeFiles/c.dir/stdio/lib_putwc.c.o
[773/1350] Building C object libs/libc/CMakeFiles/c.dir/stdio/lib_libgetstreams.c.o
[774/1350] Building C object libs/libc/CMakeFiles/c.dir/stdio/lib_fputws.c.o
[775/1350] Building C object libs/libc/CMakeFiles/c.dir/stdio/lib_fopencookie.c.o
[776/1350] Building C object libs/libc/CMakeFiles/c.dir/stdio/lib_libfilelock.c.o
[777/1350] Building C object libs/libc/CMakeFiles/c.dir/stdio/lib_getwc.c.o
[778/1350] Building C object libs/libc/CMakeFiles/c.dir/stdlib/lib_abs.c.o
[779/1350] Building C object libs/libc/CMakeFiles/c.dir/stdio/lib_fgetwc.c.o
[780/1350] Building C object libs/libc/CMakeFiles/c.dir/stdio/lib_ungetwc.c.o
[781/1350] Building C object libs/libc/CMakeFiles/c.dir/stdlib/lib_atof.c.o
[782/1350] Building C object libs/libc/CMakeFiles/c.dir/stdio/lib_fmemopen.c.o
[783/1350] Building C object libs/libc/CMakeFiles/c.dir/stdio/lib_open_memstream.c.o
[784/1350] Building C object libs/libc/CMakeFiles/c.dir/stdlib/lib_atoi.c.o
[785/1350] Building C object libs/libc/CMakeFiles/c.dir/stdlib/lib_abort.c.o
[786/1350] Building C object libs/libc/CMakeFiles/c.dir/stdlib/lib_atol.c.o
[787/1350] Building C object libs/libc/CMakeFiles/c.dir/stdlib/lib_atoll.c.o
[788/1350] Building C object libs/libc/CMakeFiles/c.dir/stdlib/lib_getprogname.c.o
[789/1350] Building C object libs/libc/CMakeFiles/c.dir/stdlib/lib_div.c.o
[790/1350] Building C object libs/libc/CMakeFiles/c.dir/stdlib/lib_ldiv.c.o
[791/1350] Building C object libs/libc/CMakeFiles/c.dir/stdlib/lib_lldiv.c.o
[792/1350] Building C object libs/libc/CMakeFiles/c.dir/stdlib/lib_itoa.c.o
[793/1350] Building C object libs/libc/CMakeFiles/c.dir/stdlib/lib_labs.c.o
[794/1350] Building C object libs/libc/CMakeFiles/c.dir/stdlib/lib_llabs.c.o
[795/1350] Building C object libs/libc/CMakeFiles/c.dir/stdlib/lib_exit.c.o
[796/1350] Building C object libs/libc/CMakeFiles/c.dir/stdlib/lib_bsearch.c.o
[797/1350] Building C object libs/libc/CMakeFiles/c.dir/stdlib/lib_rand.c.o
[798/1350] Building C object libs/libc/CMakeFiles/c.dir/stdlib/lib_realpath.c.o
[799/1350] Building C object libs/libc/CMakeFiles/c.dir/stdlib/lib_reallocarray.c.o
[800/1350] Building C object libs/libc/CMakeFiles/c.dir/stdlib/lib_strtol.c.o
[801/1350] Building C object libs/libc/CMakeFiles/c.dir/stdlib/lib_srand.c.o
[802/1350] Building C object libs/libc/CMakeFiles/c.dir/stdlib/lib_rand48.c.o
[803/1350] Building C object libs/libc/CMakeFiles/c.dir/stdlib/lib_strtoll.c.o
[804/1350] Building C object libs/libc/CMakeFiles/c.dir/stdlib/lib_qsort.c.o
[805/1350] Building C object libs/libc/CMakeFiles/c.dir/stdlib/lib_strtoul.c.o
[806/1350] Building C object libs/libc/CMakeFiles/c.dir/stdlib/lib_strtoull.c.o
[807/1350] Building C object libs/libc/CMakeFiles/c.dir/stdlib/lib_checkbase.c.o
[808/1350] Building C object libs/libc/CMakeFiles/c.dir/stdlib/lib_mkstemp.c.o
[809/1350] Building C object libs/libc/CMakeFiles/c.dir/stdlib/lib_aligned_alloc.c.o
[810/1350] Building C object libs/libc/CMakeFiles/c.dir/stdlib/lib_mkdtemp.c.o
[811/1350] Building C object libs/libc/CMakeFiles/c.dir/stdlib/lib_posix_memalign.c.o
[812/1350] Building C object libs/libc/CMakeFiles/c.dir/stdlib/lib_mktemp.c.o
[813/1350] Building C object libs/libc/CMakeFiles/c.dir/stdlib/lib_mblen.c.o
[814/1350] Building C object libs/libc/CMakeFiles/c.dir/stdlib/lib_mbtowc.c.o
[815/1350] Building C object libs/libc/CMakeFiles/c.dir/stdlib/lib_wctomb.c.o
[816/1350] Building C object libs/libc/CMakeFiles/c.dir/stdlib/lib_valloc.c.o
[817/1350] Building C object libs/libc/CMakeFiles/c.dir/stdlib/lib_mbstowcs.c.o
[818/1350] Building C object libs/libc/CMakeFiles/c.dir/stdlib/lib_wcstombs.c.o
[819/1350] Building C object libs/libc/CMakeFiles/c.dir/stdlib/lib_arc4random.c.o
[820/1350] Building C object libs/libc/CMakeFiles/c.dir/stream/lib_memoutstream.c.o
[821/1350] Building C object libs/libc/CMakeFiles/c.dir/stream/lib_meminstream.c.o
[822/1350] Building C object libs/libc/CMakeFiles/c.dir/stream/lib_memsistream.c.o
[823/1350] Building C object libs/libc/CMakeFiles/c.dir/stream/lib_memsostream.c.o
[824/1350] Building C object libs/libc/CMakeFiles/c.dir/stream/lib_lowoutstream.c.o
[825/1350] Building C object libs/libc/CMakeFiles/c.dir/stdlib/lib_atexit.c.o
[826/1350] Building C object libs/libc/CMakeFiles/c.dir/stdlib/lib_strtold.c.o
[827/1350] Building C object libs/libc/CMakeFiles/c.dir/stream/lib_rawoutstream.c.o
[828/1350] Building C object libs/libc/CMakeFiles/c.dir/stream/lib_nullinstream.c.o
[829/1350] Building C object libs/libc/CMakeFiles/c.dir/stream/lib_rawinstream.c.o
[830/1350] Building C object libs/libc/CMakeFiles/c.dir/stream/lib_zeroinstream.c.o
[831/1350] Building C object libs/libc/CMakeFiles/c.dir/stream/lib_nulloutstream.c.o
[832/1350] Building C object libs/libc/CMakeFiles/c.dir/stream/lib_rawsistream.c.o
[833/1350] Building C object libs/libc/CMakeFiles/c.dir/stream/lib_rawsostream.c.o
[834/1350] Building C object libs/libc/CMakeFiles/c.dir/stream/lib_mtdoutstream.c.o
[835/1350] Building C object libs/libc/CMakeFiles/c.dir/stream/lib_mtdsostream.c.o
[836/1350] Building C object libs/libc/CMakeFiles/c.dir/stream/lib_libnoflush.c.o
[837/1350] Building C object libs/libc/CMakeFiles/c.dir/stream/lib_libsnoflush.c.o
[838/1350] Building C object libs/libc/CMakeFiles/c.dir/stream/lib_syslogstream.c.o
[839/1350] Building C object libs/libc/CMakeFiles/c.dir/stream/lib_bufferedoutstream.c.o
[840/1350] Building C object libs/libc/CMakeFiles/c.dir/stream/lib_hexdumpstream.c.o
[841/1350] Building C object libs/libc/CMakeFiles/c.dir/stream/lib_base64outstream.c.o
[842/1350] Building C object libs/libc/CMakeFiles/c.dir/stream/lib_filesistream.c.o
[843/1350] Building C object libs/libc/CMakeFiles/c.dir/stream/lib_fileoutstream.c.o
[844/1350] Building C object libs/libc/CMakeFiles/c.dir/stream/lib_ultoa_invert.c.o
[845/1350] Building C object libs/libc/CMakeFiles/c.dir/stream/lib_libbsprintf.c.o
[846/1350] Building C object libs/libc/CMakeFiles/c.dir/stream/lib_dtoa_data.c.o
[847/1350] Building C object libs/libc/CMakeFiles/c.dir/stream/lib_libosprintf.c.o
[848/1350] Building C object libs/libc/CMakeFiles/c.dir/stream/lib_syslograwstream.c.o
[849/1350] Building C object libs/libc/CMakeFiles/c.dir/stream/lib_dtoa_engine.c.o
[850/1350] Building C object libs/libc/CMakeFiles/c.dir/stream/lib_stdinstream.c.o
[851/1350] Building C object libs/libc/CMakeFiles/c.dir/stream/lib_stdsistream.c.o
[852/1350] Building C object libs/libc/CMakeFiles/c.dir/stream/lib_stdoutstream.c.o
[853/1350] Building C object libs/libc/CMakeFiles/c.dir/stream/lib_stdsostream.c.o
[854/1350] Building C object libs/libc/CMakeFiles/c.dir/string/lib_bzero.c.o
[855/1350] Building C object libs/libc/CMakeFiles/c.dir/string/lib_popcount.c.o
[856/1350] Building C object libs/libc/CMakeFiles/c.dir/string/lib_isbasedigit.c.o
[857/1350] Building C object libs/libc/CMakeFiles/c.dir/string/lib_popcountl.c.o
[858/1350] Building C object libs/libc/CMakeFiles/c.dir/string/lib_popcountll.c.o
[859/1350] Building C object libs/libc/CMakeFiles/c.dir/stream/lib_blkoutstream.c.o
[860/1350] Building C object libs/libc/CMakeFiles/c.dir/stream/lib_libvscanf.c.o
[861/1350] Building C object libs/libc/CMakeFiles/c.dir/string/lib_memmem.c.o
[862/1350] Building C object libs/libc/CMakeFiles/c.dir/string/lib_skipspace.c.o
[863/1350] Building C object libs/libc/CMakeFiles/c.dir/string/lib_strcasecmp.c.o
[864/1350] Building C object libs/libc/CMakeFiles/c.dir/string/lib_strcspn.c.o
[865/1350] Building C object libs/libc/CMakeFiles/c.dir/string/lib_strerror.c.o
[866/1350] Building C object libs/libc/CMakeFiles/c.dir/string/lib_strdup.c.o
[867/1350] Building C object libs/libc/CMakeFiles/c.dir/string/lib_strncat.c.o
[868/1350] Building C object libs/libc/CMakeFiles/c.dir/string/lib_strncasecmp.c.o
[869/1350] Building C object libs/libc/CMakeFiles/c.dir/stream/lib_libvsprintf.c.o
[870/1350] Building C object libs/libc/CMakeFiles/c.dir/string/lib_strpbrk.c.o
[871/1350] Building C object libs/libc/CMakeFiles/c.dir/string/lib_strcasestr.c.o
[872/1350] Building C object libs/libc/CMakeFiles/c.dir/string/lib_strndup.c.o
[873/1350] Building C object libs/libc/CMakeFiles/c.dir/string/lib_strspn.c.o
[874/1350] Building C object libs/libc/CMakeFiles/c.dir/string/lib_strtokr.c.o
[875/1350] Building C object libs/libc/CMakeFiles/c.dir/string/lib_strsep.c.o
[876/1350] Building C object libs/libc/CMakeFiles/c.dir/string/lib_strerrorr.c.o
[877/1350] Building C object libs/libc/CMakeFiles/c.dir/string/lib_explicit_bzero.c.o
[878/1350] Building C object libs/libc/CMakeFiles/c.dir/string/lib_strtok.c.o
[879/1350] Building C object libs/libc/CMakeFiles/c.dir/string/lib_strstr.c.o
[880/1350] Building C object libs/libc/CMakeFiles/c.dir/string/lib_index.c.o
[881/1350] Building C object libs/libc/CMakeFiles/c.dir/string/lib_rindex.c.o
[882/1350] Building C object libs/libc/CMakeFiles/c.dir/string/lib_strsignal.c.o
[883/1350] Building C object libs/libc/CMakeFiles/c.dir/string/lib_timingsafe_bcmp.c.o
[884/1350] Building C object libs/libc/CMakeFiles/c.dir/string/lib_mempcpy.c.o
[885/1350] Building C object libs/libc/CMakeFiles/c.dir/string/lib_memmove.c.o
[886/1350] Building C object libs/libc/CMakeFiles/c.dir/string/lib_rawmemchr.c.o
[887/1350] Building C object libs/libc/CMakeFiles/c.dir/string/lib_strverscmp.c.o
[888/1350] Building C object libs/libc/CMakeFiles/c.dir/string/lib_strlcpy.c.o
[889/1350] Building C object libs/libc/CMakeFiles/c.dir/string/lib_strnlen.c.o
[890/1350] Building C object libs/libc/CMakeFiles/c.dir/string/lib_bsdmemcmp.c.o
[891/1350] Building C object libs/libc/CMakeFiles/c.dir/string/lib_strlcat.c.o
[892/1350] Building C object libs/libc/CMakeFiles/c.dir/string/lib_bsdmemset.c.o
[893/1350] Building C object libs/libc/CMakeFiles/c.dir/string/lib_bsdstrchr.c.o
[894/1350] Building C object libs/libc/CMakeFiles/c.dir/string/lib_bsdstrcmp.c.o
[895/1350] Building C object libs/libc/CMakeFiles/c.dir/string/lib_bsdmemccpy.c.o
[896/1350] Building C object libs/libc/CMakeFiles/c.dir/string/lib_bsdmemrchr.c.o
[897/1350] Building C object libs/libc/CMakeFiles/c.dir/string/lib_bsdstrlen.c.o
[898/1350] Building C object libs/libc/CMakeFiles/c.dir/string/lib_bsdstpncpy.c.o
[899/1350] Building C object libs/libc/CMakeFiles/c.dir/string/lib_bsdmemchr.c.o
[900/1350] Building C object libs/libc/CMakeFiles/c.dir/string/lib_bsdstrncpy.c.o
[901/1350] Building C object libs/libc/CMakeFiles/c.dir/string/lib_bsdstrcpy.c.o
[902/1350] Building C object libs/libc/CMakeFiles/c.dir/string/lib_bsdstrchrnul.c.o
[903/1350] Building C object libs/libc/CMakeFiles/c.dir/string/lib_bsdstpcpy.c.o
[904/1350] Building C object libs/libc/CMakeFiles/c.dir/string/lib_bsdstrcat.c.o
[905/1350] Building C object libs/libc/CMakeFiles/c.dir/string/lib_bsdstrrchr.c.o
[906/1350] Building C object libs/libc/CMakeFiles/c.dir/string/lib_bsdstrncmp.c.o
[907/1350] Building C object libs/libc/CMakeFiles/c.dir/symtab/symtab_findbyname.c.o
[908/1350] Building C object libs/libc/CMakeFiles/c.dir/symtab/symtab_findbyvalue.c.o
[909/1350] Building C object libs/libc/CMakeFiles/c.dir/symtab/symtab_sortbyname.c.o
[910/1350] Building C object libs/libc/CMakeFiles/c.dir/termios/lib_cfmakeraw.c.o
[911/1350] Building C object libs/libc/CMakeFiles/c.dir/termios/lib_cfspeed.c.o
[912/1350] Building C object libs/libc/CMakeFiles/c.dir/syslog/lib_setlogmask.c.o
[913/1350] Building C object libs/libc/CMakeFiles/c.dir/termios/lib_tcflush.c.o
[914/1350] Building C object libs/libc/CMakeFiles/c.dir/termios/lib_tcflow.c.o
[915/1350] Building C object libs/libc/CMakeFiles/c.dir/termios/lib_tcdrain.c.o
[916/1350] Building C object libs/libc/CMakeFiles/c.dir/syslog/lib_syslog.c.o
[917/1350] Building C object libs/libc/CMakeFiles/c.dir/termios/lib_isatty.c.o
[918/1350] Building C object libs/libc/CMakeFiles/c.dir/termios/lib_tcgetattr.c.o
[919/1350] Building C object libs/libc/CMakeFiles/c.dir/termios/lib_tcsetattr.c.o
[920/1350] Building C object libs/libc/CMakeFiles/c.dir/termios/lib_tcsendbreak.c.o
[921/1350] Building C object libs/libc/CMakeFiles/c.dir/time/lib_daysbeforemonth.c.o
[922/1350] Building C object libs/libc/CMakeFiles/c.dir/termios/lib_ttynamer.c.o
[923/1350] Building C object libs/libc/CMakeFiles/c.dir/time/lib_calendar2utc.c.o
[924/1350] Building C object libs/libc/CMakeFiles/c.dir/termios/lib_ttyname.c.o
[925/1350] Building C object libs/libc/CMakeFiles/c.dir/time/lib_gettimeofday.c.o
[926/1350] Building C object libs/libc/CMakeFiles/c.dir/time/lib_isleapyear.c.o
[927/1350] Building C object libs/libc/CMakeFiles/c.dir/time/lib_time.c.o
[928/1350] Building C object libs/libc/CMakeFiles/c.dir/time/lib_settimeofday.c.o
[929/1350] Building C object libs/libc/CMakeFiles/c.dir/time/lib_timespec_get.c.o
[930/1350] Building C object libs/libc/CMakeFiles/c.dir/time/lib_difftime.c.o
[931/1350] Building C object libs/libc/CMakeFiles/c.dir/time/lib_nanosleep.c.o
[932/1350] Building C object libs/libc/CMakeFiles/c.dir/time/lib_dayofweek.c.o
[933/1350] Building C object libs/libc/CMakeFiles/c.dir/time/lib_strftime.c.o
[934/1350] Building C object libs/libc/CMakeFiles/c.dir/time/lib_ctime.c.o
[935/1350] Building C object libs/libc/CMakeFiles/c.dir/time/lib_ctimer.c.o
[936/1350] Building C object libs/libc/CMakeFiles/c.dir/time/lib_asctime.c.o
[937/1350] Building C object libs/libc/CMakeFiles/c.dir/time/lib_gethrtime.c.o
[938/1350] Building C object libs/libc/CMakeFiles/c.dir/time/lib_asctimer.c.o
[939/1350] Building C object libs/libc/CMakeFiles/c.dir/time/lib_gmtime.c.o
[940/1350] Building C object libs/libc/CMakeFiles/c.dir/time/lib_timegm.c.o
[941/1350] Building C object libs/libc/CMakeFiles/c.dir/tls/tls_getinfo.c.o
[942/1350] Building C object libs/libc/CMakeFiles/c.dir/uio/lib_preadv.c.o
[943/1350] Building C object libs/libc/CMakeFiles/c.dir/uio/lib_pwritev.c.o
[944/1350] Building C object libs/libc/CMakeFiles/c.dir/time/lib_gmtimer.c.o
[945/1350] Building C object libs/libc/CMakeFiles/c.dir/unistd/lib_access.c.o
[946/1350] Building C object libs/libc/CMakeFiles/c.dir/time/lib_strptime.c.o
[947/1350] Building C object libs/libc/CMakeFiles/c.dir/unistd/lib_daemon.c.o
[948/1350] Building C object libs/libc/CMakeFiles/c.dir/unistd/lib_swab.c.o
[949/1350] Building C object libs/libc/CMakeFiles/c.dir/unistd/lib_pathconf.c.o
[950/1350] Building C object libs/libc/CMakeFiles/c.dir/unistd/lib_sysconf.c.o
[951/1350] Building C object libs/libc/CMakeFiles/c.dir/unistd/lib_getentropy.c.o
[952/1350] Building C object libs/libc/CMakeFiles/c.dir/unistd/lib_getcwd.c.o
[953/1350] Building C object libs/libc/CMakeFiles/c.dir/unistd/lib_getopt.c.o
[954/1350] Building C object libs/libc/CMakeFiles/c.dir/unistd/lib_getopt_long.c.o
[955/1350] Building C object libs/libc/CMakeFiles/c.dir/unistd/lib_getopt_longonly.c.o
[956/1350] Building C object libs/libc/CMakeFiles/c.dir/unistd/lib_getoptvars.c.o
[957/1350] Building C object libs/libc/CMakeFiles/c.dir/unistd/lib_getoptargp.c.o
[958/1350] Building C object libs/libc/CMakeFiles/c.dir/unistd/lib_getopterrp.c.o
[959/1350] Building C object libs/libc/CMakeFiles/c.dir/unistd/lib_getopt_common.c.o
[960/1350] Building C object libs/libc/CMakeFiles/c.dir/unistd/lib_getoptindp.c.o
[961/1350] Building C object libs/libc/CMakeFiles/c.dir/unistd/lib_times.c.o
[962/1350] Building C object libs/libc/CMakeFiles/c.dir/unistd/lib_fstatvfs.c.o
[963/1350] Building C object libs/libc/CMakeFiles/c.dir/unistd/lib_getoptoptp.c.o
[964/1350] Building C object libs/libc/CMakeFiles/c.dir/unistd/lib_statvfs.c.o
[965/1350] Building C object libs/libc/CMakeFiles/c.dir/unistd/lib_alarm.c.o
[966/1350] Building C object libs/libc/CMakeFiles/c.dir/unistd/lib_sleep.c.o
[967/1350] Building C object libs/libc/CMakeFiles/c.dir/unistd/lib_nice.c.o
[968/1350] Building C object libs/libc/CMakeFiles/c.dir/unistd/lib_setreuid.c.o
[969/1350] Building C object libs/libc/CMakeFiles/c.dir/unistd/lib_getrusage.c.o
[970/1350] Building C object libs/libc/CMakeFiles/c.dir/unistd/lib_utime.c.o
[971/1350] Building C object libs/libc/CMakeFiles/c.dir/unistd/lib_setrlimit.c.o
[972/1350] Building C object libs/libc/CMakeFiles/c.dir/unistd/lib_setregid.c.o
[973/1350] Building C object libs/libc/CMakeFiles/c.dir/unistd/lib_utimes.c.o
[974/1350] Building C object libs/libc/CMakeFiles/c.dir/unistd/lib_futimes.c.o
[975/1350] Building C object libs/libc/CMakeFiles/c.dir/unistd/lib_lutimes.c.o
[976/1350] Building C object libs/libc/CMakeFiles/c.dir/unistd/lib_setpriority.c.o
[977/1350] Building C object libs/libc/CMakeFiles/c.dir/unistd/lib_getrlimit.c.o
[978/1350] Building C object libs/libc/CMakeFiles/c.dir/unistd/lib_getpriority.c.o
[979/1350] Building C object libs/libc/CMakeFiles/c.dir/unistd/lib_gethostname.c.o
[980/1350] Building C object libs/libc/CMakeFiles/c.dir/unistd/lib_sethostname.c.o
[981/1350] Building C object libs/libc/CMakeFiles/c.dir/unistd/lib_fchownat.c.o
[982/1350] Building C object libs/libc/CMakeFiles/c.dir/unistd/lib_linkat.c.o
[983/1350] Building C object libs/libc/CMakeFiles/c.dir/unistd/lib_symlinkat.c.o
[984/1350] Building C object libs/libc/CMakeFiles/c.dir/unistd/lib_readlinkat.c.o
[985/1350] Building C object libs/libc/CMakeFiles/c.dir/unistd/lib_usleep.c.o
[986/1350] Building C object libs/libc/CMakeFiles/c.dir/unistd/lib_unlinkat.c.o
[987/1350] Building C object libs/libc/CMakeFiles/c.dir/unistd/lib_getpgrp.c.o
[988/1350] Building C object libs/libc/CMakeFiles/c.dir/unistd/lib_getpgid.c.o
[989/1350] Building C object libs/libc/CMakeFiles/c.dir/unistd/lib_lockf.c.o
[990/1350] Building C object libs/libc/CMakeFiles/c.dir/unistd/lib_flock.c.o
[991/1350] Building C object libs/libc/CMakeFiles/c.dir/unistd/lib_confstr.c.o
[992/1350] Building C object libs/libc/CMakeFiles/c.dir/unistd/lib_ulimit.c.o
[993/1350] Building C object libs/libc/CMakeFiles/c.dir/unistd/lib_getpass.c.o
[994/1350] Building C object libs/libc/CMakeFiles/c.dir/unistd/lib_setuid.c.o
[995/1350] Building C object libs/libc/CMakeFiles/c.dir/unistd/lib_setgid.c.o
[996/1350] Building C object libs/libc/CMakeFiles/c.dir/unistd/lib_getuid.c.o
[997/1350] Building C object libs/libc/CMakeFiles/c.dir/unistd/lib_getgid.c.o
[998/1350] Building C object libs/libc/CMakeFiles/c.dir/unistd/lib_geteuid.c.o
[999/1350] Building C object libs/libc/CMakeFiles/c.dir/unistd/lib_setegid.c.o
[1000/1350] Building C object libs/libc/CMakeFiles/c.dir/unistd/lib_seteuid.c.o
[1001/1350] Building C object libs/libc/CMakeFiles/c.dir/unistd/lib_getegid.c.o
[1002/1350] Building C object libs/libc/CMakeFiles/c.dir/unistd/lib_chdir.c.o
[1003/1350] Building C object libs/libc/CMakeFiles/c.dir/unistd/lib_fchdir.c.o
[1004/1350] Building C object libs/libc/CMakeFiles/c.dir/unistd/lib_restoredir.c.o
[1005/1350] Building C object libs/libc/CMakeFiles/c.dir/unistd/lib_execv.c.o
[1006/1350] Building C object libs/libc/CMakeFiles/c.dir/unistd/lib_execl.c.o
[1007/1350] Building C object libs/libc/CMakeFiles/c.dir/unistd/lib_truncate.c.o
[1008/1350] Building C object libs/libc/CMakeFiles/c.dir/unistd/lib_execle.c.o
[1009/1350] Building C object libs/libc/CMakeFiles/c.dir/unistd/lib_posix_fallocate.c.o
[1010/1350] Building C object libs/libc/CMakeFiles/c.dir/uuid/lib_uuid_compare.c.o
[1011/1350] Building C object libs/libc/CMakeFiles/c.dir/uuid/lib_uuid_create.c.o
[1012/1350] Building C object libs/libc/CMakeFiles/c.dir/unistd/lib_fork.c.o
[1013/1350] Building C object libs/libc/CMakeFiles/c.dir/uuid/lib_uuid_create_nil.c.o
[1014/1350] Building C object libs/libc/CMakeFiles/c.dir/uuid/lib_uuid_equal.c.o
[1015/1350] Building C object libs/libc/CMakeFiles/c.dir/uuid/lib_uuid_hash.c.o
[1016/1350] Building C object libs/libc/CMakeFiles/c.dir/uuid/lib_uuid_from_string.c.o
[1017/1350] Building C object libs/libc/CMakeFiles/c.dir/uuid/lib_uuid_is_nil.c.o
[1018/1350] Building C object libs/libc/CMakeFiles/c.dir/uuid/lib_uuid_stream.c.o
[1019/1350] Building C object libs/libc/CMakeFiles/c.dir/uuid/lib_uuid_to_string.c.o
[1020/1350] Building C object libs/libc/CMakeFiles/c.dir/wchar/lib_wcscmp.c.o
[1021/1350] Building C object libs/libc/CMakeFiles/c.dir/wchar/lib_wcslen.c.o
[1022/1350] Building C object libs/libc/CMakeFiles/c.dir/wchar/lib_wmemchr.c.o
[1023/1350] Building C object libs/libc/CMakeFiles/c.dir/wchar/lib_wmemcmp.c.o
[1024/1350] Building C object libs/libc/CMakeFiles/c.dir/wchar/lib_wmemcpy.c.o
[1025/1350] Building C object libs/libc/CMakeFiles/c.dir/wchar/lib_wmemmove.c.o
[1026/1350] Building C object libs/libc/CMakeFiles/c.dir/wchar/lib_wmemset.c.o
[1027/1350] Building C object libs/libc/CMakeFiles/c.dir/wchar/lib_btowc.c.o
[1028/1350] Building C object libs/libc/CMakeFiles/c.dir/wchar/lib_wctob.c.o
[1029/1350] Building C object libs/libc/CMakeFiles/c.dir/wchar/lib_wcsxfrm.c.o
[1030/1350] Building C object libs/libc/CMakeFiles/c.dir/wchar/lib_wcsftime.c.o
[1031/1350] Building C object libs/libc/CMakeFiles/c.dir/wchar/lib_wcslcpy.c.o
[1032/1350] Building C object libs/libc/CMakeFiles/c.dir/wchar/lib_mbrtowc.c.o
[1033/1350] Building C object libs/libc/CMakeFiles/c.dir/wchar/lib_wcrtomb.c.o
[1034/1350] Building C object libs/libc/CMakeFiles/c.dir/wchar/lib_wcscoll.c.o
[1035/1350] Building C object libs/libc/CMakeFiles/c.dir/wchar/lib_wcstol.c.o
[1036/1350] Building C object libs/libc/CMakeFiles/c.dir/wchar/lib_wcstoll.c.o
[1037/1350] Building C object libs/libc/CMakeFiles/c.dir/wchar/lib_wcstoul.c.o
[1038/1350] Building C object libs/libc/CMakeFiles/c.dir/wchar/lib_wcstoull.c.o
[1039/1350] Building C object libs/libc/CMakeFiles/c.dir/wchar/lib_wcstof.c.o
[1040/1350] Building C object libs/libc/CMakeFiles/c.dir/wchar/lib_wcstold.c.o
[1041/1350] Building C object libs/libc/CMakeFiles/c.dir/wchar/lib_wcstod.c.o
[1042/1350] Building C object libs/libc/CMakeFiles/c.dir/wchar/lib_swprintf.c.o
[1043/1350] Building C object libs/libc/CMakeFiles/c.dir/wchar/lib_mbsnrtowcs.c.o
[1044/1350] Building C object libs/libc/CMakeFiles/c.dir/wchar/lib_mbsinit.c.o
[1045/1350] Building C object libs/libc/CMakeFiles/c.dir/wchar/lib_wcsnrtombs.c.o
[1046/1350] Building C object libs/libc/CMakeFiles/c.dir/wchar/lib_mbrlen.c.o
[1047/1350] Building C object libs/libc/CMakeFiles/c.dir/wchar/lib_mbsrtowcs.c.o
[1048/1350] Building C object libs/libc/CMakeFiles/c.dir/wchar/lib_wcsrtombs.c.o
[1049/1350] Building C object libs/libc/CMakeFiles/c.dir/wchar/lib_wcscpy.c.o
[1050/1350] Building C object libs/libc/CMakeFiles/c.dir/wchar/lib_wcscat.c.o
[1051/1350] Building C object libs/libc/CMakeFiles/c.dir/wchar/lib_wcslcat.c.o
[1052/1350] Building C object libs/libc/CMakeFiles/c.dir/wchar/lib_wcsrchr.c.o
[1053/1350] Building C object libs/libc/CMakeFiles/c.dir/wchar/lib_wcsncat.c.o
[1054/1350] Building C object libs/libc/CMakeFiles/c.dir/wchar/lib_wcschr.c.o
[1055/1350] Building C object libs/libc/CMakeFiles/c.dir/wchar/lib_wcsncpy.c.o
[1056/1350] Building C object libs/libc/CMakeFiles/c.dir/wchar/lib_wcsncmp.c.o
[1057/1350] Building C object libs/libc/CMakeFiles/c.dir/wchar/lib_wcscspn.c.o
[1058/1350] Building C object libs/libc/CMakeFiles/c.dir/wchar/lib_wcspbrk.c.o
[1059/1350] Building C object libs/libc/CMakeFiles/c.dir/wchar/lib_wcsspn.c.o
[1060/1350] Building C object libs/libc/CMakeFiles/c.dir/wchar/lib_wcswcs.c.o
[1061/1350] Building C object libs/libc/CMakeFiles/c.dir/wchar/lib_wcstok.c.o
[1062/1350] Building C object libs/libc/CMakeFiles/c.dir/wchar/lib_wcswidth.c.o
[1063/1350] Building C object libs/libc/CMakeFiles/c.dir/wchar/lib_wcwidth.c.o
[1064/1350] Building C object libs/libc/CMakeFiles/c.dir/wctype/lib_wctype.c.o
[1065/1350] Building C object libs/libc/CMakeFiles/c.dir/wctype/lib_towlower.c.o
[1066/1350] Building C object libs/libc/CMakeFiles/c.dir/wctype/lib_iswctype.c.o
[1067/1350] Building C object libs/libc/CMakeFiles/c.dir/wchar/lib_wcsstr.c.o
[1068/1350] Building C object libs/libc/CMakeFiles/c.dir/wctype/lib_towupper.c.o
[1069/1350] Building C object mm/CMakeFiles/mm.dir/kasan/hook.c.o
[1070/1350] Building C object mm/CMakeFiles/mm.dir/mempool/mempool_procfs.c.o
[1071/1350] Building C object mm/CMakeFiles/mm.dir/mm_heap/mm_malloc_size.c.o
[1072/1350] Building C object mm/CMakeFiles/mm.dir/mm_heap/mm_shrinkchunk.c.o
[1073/1350] Building C object mm/CMakeFiles/mm.dir/mm_heap/mm_initialize.c.o
[1074/1350] Building C object mm/CMakeFiles/mm.dir/mm_heap/mm_calloc.c.o
[1075/1350] Building C object mm/CMakeFiles/mm.dir/mm_heap/mm_brkaddr.c.o
[1076/1350] Building C object mm/CMakeFiles/mm.dir/map/mm_map.c.o
[1077/1350] Building C object mm/CMakeFiles/mm.dir/mempool/mempool.c.o
[1078/1350] Building C object mm/CMakeFiles/mm.dir/mm_heap/mm_extend.c.o
[1079/1350] Building C object mm/CMakeFiles/mm.dir/mm_heap/mm_mallinfo.c.o
[1080/1350] Building C object mm/CMakeFiles/mm.dir/mempool/mempool_multiple.c.o
[1081/1350] Building C object mm/CMakeFiles/mm.dir/mm_heap/mm_free.c.o
[1082/1350] Building C object mm/CMakeFiles/mm.dir/mm_heap/mm_foreach.c.o
[1083/1350] Building C object mm/CMakeFiles/mm.dir/mm_heap/mm_malloc.c.o
[1084/1350] Building C object mm/CMakeFiles/mm.dir/mm_heap/mm_memalign.c.o
[1085/1350] Building C object mm/CMakeFiles/mm.dir/mm_heap/mm_zalloc.c.o
[1086/1350] Building C object mm/CMakeFiles/mm.dir/umm_heap/umm_globals.c.o
[1087/1350] Building C object mm/CMakeFiles/mm.dir/mm_heap/mm_heapmember.c.o
[1088/1350] Building C object mm/CMakeFiles/mm.dir/umm_heap/umm_initialize.c.o
[1089/1350] Building C object mm/CMakeFiles/mm.dir/umm_heap/umm_addregion.c.o
[1090/1350] Building C object mm/CMakeFiles/mm.dir/umm_heap/umm_malloc_size.c.o
[1091/1350] Building C object mm/CMakeFiles/mm.dir/umm_heap/umm_brkaddr.c.o
[1092/1350] Building C object mm/CMakeFiles/mm.dir/mm_heap/mm_memdump.c.o
[1093/1350] Building C object mm/CMakeFiles/mm.dir/mm_heap/mm_realloc.c.o
[1094/1350] Building C object mm/CMakeFiles/mm.dir/umm_heap/umm_calloc.c.o
[1095/1350] Building C object mm/CMakeFiles/mm.dir/umm_heap/umm_extend.c.o
[1096/1350] Building C object mm/CMakeFiles/mm.dir/umm_heap/umm_free.c.o
[1097/1350] Building C object mm/CMakeFiles/mm.dir/umm_heap/umm_mallinfo.c.o
[1098/1350] Building C object mm/CMakeFiles/mm.dir/umm_heap/umm_malloc.c.o
[1099/1350] Building C object mm/CMakeFiles/mm.dir/umm_heap/umm_memalign.c.o
[1100/1350] Building C object mm/CMakeFiles/mm.dir/umm_heap/umm_realloc.c.o
[1101/1350] Building C object mm/CMakeFiles/mm.dir/umm_heap/umm_zalloc.c.o
[1102/1350] Building C object mm/CMakeFiles/mm.dir/umm_heap/umm_heapmember.c.o
[1103/1350] Building C object sched/CMakeFiles/sched.dir/clock/clock.c.o
[1104/1350] Building C object mm/CMakeFiles/mm.dir/umm_heap/umm_memdump.c.o
[1105/1350] Building C object sched/CMakeFiles/sched.dir/clock/clock_getres.c.o
[1106/1350] Building C object sched/CMakeFiles/sched.dir/clock/clock_settime.c.o
[1107/1350] Linking C static library mm/libmm.a
[1108/1350] Building C object sched/CMakeFiles/sched.dir/clock/clock_gettime.c.o
[1109/1350] Building C object sched/CMakeFiles/sched.dir/clock/clock_initialize.c.o
[1110/1350] Building C object sched/CMakeFiles/sched.dir/clock/clock_notifier.c.o
[1111/1350] Building C object sched/CMakeFiles/sched.dir/clock/clock_systime_ticks.c.o
[1112/1350] Building C object sched/CMakeFiles/sched.dir/clock/clock_realtime2absticks.c.o
[1113/1350] Building C object sched/CMakeFiles/sched.dir/clock/clock_systime_timespec.c.o
[1114/1350] Building C object sched/CMakeFiles/sched.dir/clock/clock_perf.c.o
[1115/1350] Linking C static library libs/libc/libc.a
[1116/1350] Building C object sched/CMakeFiles/sched.dir/group/group_join.c.o
[1117/1350] Building C object sched/CMakeFiles/sched.dir/group/group_create.c.o
[1118/1350] Building C object sched/CMakeFiles/sched.dir/group/group_leave.c.o
[1119/1350] Building C object sched/CMakeFiles/sched.dir/group/group_setupidlefiles.c.o
[1120/1350] Building C object sched/CMakeFiles/sched.dir/group/group_foreachchild.c.o
[1121/1350] Building C object sched/CMakeFiles/sched.dir/group/group_setuptaskfiles.c.o
[1122/1350] Building C object sched/CMakeFiles/sched.dir/group/group_killchildren.c.o
[1123/1350] Building C object sched/CMakeFiles/sched.dir/instrument/instrument.c.o
[1124/1350] Building C object sched/CMakeFiles/sched.dir/group/group_signal.c.o
[1125/1350] Building C object sched/CMakeFiles/sched.dir/irq/irq_initialize.c.o
[1126/1350] Building C object sched/CMakeFiles/sched.dir/init/nx_bringup.c.o
[1127/1350] Building C object sched/CMakeFiles/sched.dir/init/nx_start.c.o
[1128/1350] Building C object sched/CMakeFiles/sched.dir/irq/irq_attach.c.o
[1129/1350] Building C object sched/CMakeFiles/sched.dir/irq/irq_dispatch.c.o
[1130/1350] Building C object sched/CMakeFiles/sched.dir/irq/irq_csection.c.o
[1131/1350] Building C object sched/CMakeFiles/sched.dir/irq/irq_attach_thread.c.o
[1132/1350] Building C object sched/CMakeFiles/sched.dir/irq/irq_unexpectedisr.c.o
[1133/1350] Building C object sched/CMakeFiles/sched.dir/irq/irq_attach_wqueue.c.o
[1134/1350] Building C object sched/CMakeFiles/sched.dir/misc/panic_notifier.c.o
[1135/1350] Building C object sched/CMakeFiles/sched.dir/mqueue/mq_initialize.c.o
[1136/1350] Building C object sched/CMakeFiles/sched.dir/mqueue/mq_recover.c.o
[1137/1350] Building C object sched/CMakeFiles/sched.dir/mqueue/mq_waitirq.c.o
[1138/1350] Building C object sched/CMakeFiles/sched.dir/misc/reboot_notifier.c.o
[1139/1350] Building C object sched/CMakeFiles/sched.dir/misc/assert.c.o
[1140/1350] Building C object sched/CMakeFiles/sched.dir/mqueue/mq_sndinternal.c.o
[1141/1350] Building C object sched/CMakeFiles/sched.dir/mqueue/mq_send.c.o
[1142/1350] Building C object sched/CMakeFiles/sched.dir/mqueue/mq_msgfree.c.o
[1143/1350] Building C object sched/CMakeFiles/sched.dir/mqueue/mq_msgqalloc.c.o
[1144/1350] Building C object sched/CMakeFiles/sched.dir/mqueue/mq_rcvinternal.c.o
[1145/1350] Building C object sched/CMakeFiles/sched.dir/mqueue/mq_msgqfree.c.o
[1146/1350] Building C object sched/CMakeFiles/sched.dir/mqueue/mq_receive.c.o
[1147/1350] Building C object sched/CMakeFiles/sched.dir/mqueue/mq_setattr.c.o
[1148/1350] Building C object sched/CMakeFiles/sched.dir/mqueue/mq_getattr.c.o
[1149/1350] Building C object sched/CMakeFiles/sched.dir/mqueue/mq_notify.c.o
[1150/1350] Building C object sched/CMakeFiles/sched.dir/mqueue/msgctl.c.o
[1151/1350] Building C object sched/CMakeFiles/sched.dir/mqueue/msgget.c.o
[1152/1350] Building C object sched/CMakeFiles/sched.dir/mqueue/msginternal.c.o
[1153/1350] Building C object sched/CMakeFiles/sched.dir/mqueue/msgsnd.c.o
[1154/1350] Building C object sched/CMakeFiles/sched.dir/pthread/pthread_create.c.o
[1155/1350] Building C object sched/CMakeFiles/sched.dir/pthread/pthread_exit.c.o
[1156/1350] Building C object sched/CMakeFiles/sched.dir/mqueue/msgrcv.c.o
[1157/1350] Building C object sched/CMakeFiles/sched.dir/pthread/pthread_getschedparam.c.o
[1158/1350] Building C object sched/CMakeFiles/sched.dir/pthread/pthread_setschedparam.c.o
[1159/1350] Building C object sched/CMakeFiles/sched.dir/pthread/pthread_detach.c.o
[1160/1350] Building C object sched/CMakeFiles/sched.dir/pthread/pthread_sigmask.c.o
[1161/1350] Building C object sched/CMakeFiles/sched.dir/pthread/pthread_join.c.o
[1162/1350] Building C object sched/CMakeFiles/sched.dir/pthread/pthread_cancel.c.o
[1163/1350] Building C object sched/CMakeFiles/sched.dir/pthread/pthread_release.c.o
[1164/1350] Building C object sched/CMakeFiles/sched.dir/pthread/pthread_setschedprio.c.o
[1165/1350] Building C object sched/CMakeFiles/sched.dir/pthread/pthread_findjoininfo.c.o
[1166/1350] Building C object sched/CMakeFiles/sched.dir/sched/sched_getfiles.c.o
[1167/1350] Building C object sched/CMakeFiles/sched.dir/pthread/pthread_completejoin.c.o
[1168/1350] Building C object sched/CMakeFiles/sched.dir/sched/sched_profil.c.o
[1169/1350] Building C object sched/CMakeFiles/sched.dir/sched/sched_addreadytorun.c.o
[1170/1350] Building C object sched/CMakeFiles/sched.dir/sched/sched_removereadytorun.c.o
[1171/1350] Building C object sched/CMakeFiles/sched.dir/sched/sched_addblocked.c.o
[1172/1350] Building C object sched/CMakeFiles/sched.dir/sched/sched_removeblocked.c.o
[1173/1350] Building C object sched/CMakeFiles/sched.dir/sched/sched_verifytcb.c.o
[1174/1350] Building C object sched/CMakeFiles/sched.dir/sched/sched_gettcb.c.o
[1175/1350] Building C object sched/CMakeFiles/sched.dir/sched/sched_getparam.c.o
[1176/1350] Building C object sched/CMakeFiles/sched.dir/sched/sched_releasetcb.c.o
[1177/1350] Building C object sched/CMakeFiles/sched.dir/sched/sched_setparam.c.o
[1178/1350] Building C object sched/CMakeFiles/sched.dir/sched/sched_setpriority.c.o
[1179/1350] Building C object sched/CMakeFiles/sched.dir/sched/sched_yield.c.o
[1180/1350] Building C object sched/CMakeFiles/sched.dir/sched/sched_setscheduler.c.o
[1181/1350] Building C object sched/CMakeFiles/sched.dir/sched/sched_getscheduler.c.o
[1182/1350] Building C object sched/CMakeFiles/sched.dir/sched/sched_foreach.c.o
[1183/1350] Building C object sched/CMakeFiles/sched.dir/sched/sched_lock.c.o
[1184/1350] Building C object sched/CMakeFiles/sched.dir/sched/sched_rrgetinterval.c.o
[1185/1350] Building C object sched/CMakeFiles/sched.dir/sched/sched_unlock.c.o
[1186/1350] Building C object sched/CMakeFiles/sched.dir/sched/sched_lockcount.c.o
[1187/1350] Building C object sched/CMakeFiles/sched.dir/sched/sched_self.c.o
[1188/1350] Building C object sched/CMakeFiles/sched.dir/sched/sched_idletask.c.o
[1189/1350] Building C object sched/CMakeFiles/sched.dir/sched/sched_getcpu.c.o
[1190/1350] Building C object sched/CMakeFiles/sched.dir/sched/sched_get_tls.c.o
[1191/1350] Building C object sched/CMakeFiles/sched.dir/sched/sched_sysinfo.c.o
[1192/1350] Building C object sched/CMakeFiles/sched.dir/sched/sched_get_stackinfo.c.o
[1193/1350] Building C object sched/CMakeFiles/sched.dir/sched/sched_switchcontext.c.o
[1194/1350] Building C object sched/CMakeFiles/sched.dir/sched/sched_get_stateinfo.c.o
[1195/1350] Building C object sched/CMakeFiles/sched.dir/sched/sched_reprioritizertr.c.o
[1196/1350] Building C object sched/CMakeFiles/sched.dir/sched/sched_mergepending.c.o
[1197/1350] Building C object sched/CMakeFiles/sched.dir/sched/sched_waitpid.c.o
[1198/1350] Building C object sched/CMakeFiles/sched.dir/semaphore/sem_destroy.c.o
[1199/1350] Building C object sched/CMakeFiles/sched.dir/sched/sched_roundrobin.c.o
[1200/1350] Building C object sched/CMakeFiles/sched.dir/sched/sched_processtimer.c.o
[1201/1350] Building C object sched/CMakeFiles/sched.dir/semaphore/sem_trywait.c.o
[1202/1350] Building C object sched/CMakeFiles/sched.dir/semaphore/sem_tickwait.c.o
[1203/1350] Building C object sched/CMakeFiles/sched.dir/semaphore/sem_wait.c.o
[1204/1350] Building C object sched/CMakeFiles/sched.dir/semaphore/sem_timeout.c.o
[1205/1350] Building C object sched/CMakeFiles/sched.dir/semaphore/sem_clockwait.c.o
[1206/1350] Building C object sched/CMakeFiles/sched.dir/semaphore/sem_recover.c.o
[1207/1350] Building C object sched/CMakeFiles/sched.dir/semaphore/sem_post.c.o
[1208/1350] Building C object sched/CMakeFiles/sched.dir/semaphore/sem_reset.c.o
[1209/1350] Building C object sched/CMakeFiles/sched.dir/semaphore/sem_waitirq.c.o
[1210/1350] Building C object sched/CMakeFiles/sched.dir/signal/sig_allocpendingsigaction.c.o
[1211/1350] Building C object sched/CMakeFiles/sched.dir/signal/sig_action.c.o
[1212/1350] Building C object sched/CMakeFiles/sched.dir/signal/sig_findaction.c.o
[1213/1350] Building C object sched/CMakeFiles/sched.dir/signal/sig_cleanup.c.o
[1214/1350] Building C object sched/CMakeFiles/sched.dir/signal/sig_deliver.c.o
[1215/1350] Building C object sched/CMakeFiles/sched.dir/signal/sig_initialize.c.o
[1216/1350] Building C object sched/CMakeFiles/sched.dir/signal/sig_pending.c.o
[1217/1350] Building C object sched/CMakeFiles/sched.dir/signal/sig_releasependingsigaction.c.o
[1218/1350] Building C object sched/CMakeFiles/sched.dir/signal/sig_releasependingsignal.c.o
[1219/1350] Building C object sched/CMakeFiles/sched.dir/signal/sig_removependingsignal.c.o
[1220/1350] Building C object sched/CMakeFiles/sched.dir/signal/sig_unmaskpendingsignal.c.o
[1221/1350] Building C object sched/CMakeFiles/sched.dir/signal/sig_kill.c.o
[1222/1350] Building C object sched/CMakeFiles/sched.dir/signal/sig_lowest.c.o
[1223/1350] Building C object sched/CMakeFiles/sched.dir/signal/sig_nanosleep.c.o
[1224/1350] Building C object sched/CMakeFiles/sched.dir/semaphore/sem_rw.c.o
[1225/1350] Building C object sched/CMakeFiles/sched.dir/signal/sig_dispatch.c.o
[1226/1350] Building C object sched/CMakeFiles/sched.dir/signal/sig_pause.c.o
[1227/1350] Building C object sched/CMakeFiles/sched.dir/signal/sig_notification.c.o
[1228/1350] Building C object sched/CMakeFiles/sched.dir/signal/sig_ppoll.c.o
[1229/1350] Building C object sched/CMakeFiles/sched.dir/signal/sig_pselect.c.o
[1230/1350] Building C object sched/CMakeFiles/sched.dir/signal/sig_procmask.c.o
[1231/1350] Building C object sched/CMakeFiles/sched.dir/signal/sig_sleep.c.o
[1232/1350] Building C object sched/CMakeFiles/sched.dir/signal/sig_queue.c.o
[1233/1350] Building C object sched/CMakeFiles/sched.dir/signal/sig_tgkill.c.o
[1234/1350] Building C object sched/CMakeFiles/sched.dir/signal/sig_suspend.c.o
[1235/1350] Building C object sched/CMakeFiles/sched.dir/signal/sig_usleep.c.o
[1236/1350] Building C object sched/CMakeFiles/sched.dir/signal/sig_waitinfo.c.o
[1237/1350] Building C object sched/CMakeFiles/sched.dir/task/task_argvstr.c.o
[1238/1350] Building C object sched/CMakeFiles/sched.dir/task/task_create.c.o
[1239/1350] Building C object sched/CMakeFiles/sched.dir/task/task_init.c.o
[1240/1350] Building C object sched/CMakeFiles/sched.dir/task/task_activate.c.o
[1241/1350] Building C object sched/CMakeFiles/sched.dir/task/task_start.c.o
[1242/1350] Building C object sched/CMakeFiles/sched.dir/signal/sig_timedwait.c.o
[1243/1350] Building C object sched/CMakeFiles/sched.dir/task/task_delete.c.o
[1244/1350] Building C object sched/CMakeFiles/sched.dir/task/task_exit.c.o
[1245/1350] Building C object sched/CMakeFiles/sched.dir/task/task_prctl.c.o
[1246/1350] Building C object sched/CMakeFiles/sched.dir/task/task_setup.c.o
[1247/1350] Building C object sched/CMakeFiles/sched.dir/task/task_recover.c.o
[1248/1350] Building C object sched/CMakeFiles/sched.dir/task/task_exithook.c.o
[1249/1350] Building C object sched/CMakeFiles/sched.dir/task/task_restart.c.o
[1250/1350] Building C object sched/CMakeFiles/sched.dir/task/task_terminate.c.o
[1251/1350] Building C object sched/CMakeFiles/sched.dir/task/task_cancelpt.c.o
[1252/1350] Building C object sched/CMakeFiles/sched.dir/task/task_spawnparms.c.o
[1253/1350] Building C object sched/CMakeFiles/sched.dir/task/task_join.c.o
[1254/1350] Building C object sched/CMakeFiles/sched.dir/task/exit.c.o
[1255/1350] Building C object sched/CMakeFiles/sched.dir/task/task_execve.c.o
[1256/1350] Building C object sched/CMakeFiles/sched.dir/task/task_spawn.c.o
[1257/1350] Building C object sched/CMakeFiles/sched.dir/task/task_fork.c.o
[1258/1350] Building C object sched/CMakeFiles/sched.dir/task/task_posixspawn.c.o
[1259/1350] Building C object sched/CMakeFiles/sched.dir/timer/timer_initialize.c.o
[1260/1350] Building C object sched/CMakeFiles/sched.dir/timer/timer_create.c.o
[1261/1350] Building C object boards/CMakeFiles/board.dir/__/dummy.c.o
[1262/1350] Building C object sched/CMakeFiles/sched.dir/wqueue/kwork_queue.c.o
[1263/1350] Building C object sched/CMakeFiles/sched.dir/wqueue/kwork_cancel.c.o
[1264/1350] Building C object apps/CMakeFiles/apps.dir/dummy.c.o
[1265/1350] Building C object boards/CMakeFiles/board.dir/risc-v/esp32s31/esp32s31-core-function-board/src/esp32s31_bringup.c.o
[1266/1350] Building C object boards/CMakeFiles/board.dir/risc-v/esp32s31/esp32s31-core-function-board/src/esp32s31_audio.c.o
In file included from /home/regex/work/esp32s31-openvela/openvela-dev/nuttx/arch/risc-v/src/common/espressif/esp_gpio.h:34,
                 from /home/regex/work/esp32s31-openvela/openvela-dev/nuttx/boards/risc-v/esp32s31/esp32s31-core-function-board/src/esp32s31_audio.c:18:
/home/regex/work/esp32s31-openvela/s31-reference/deps/esp-hal-3rdparty/components/esp_hal_gpio/include/hal/gpio_types.h:148:5: warning: 'SOC_GPIO_SUPPORT_PIN_HYS_CTRL_BY_EFUSE' is not defined, evaluates to '0' [-Wundef]
  148 | #if SOC_GPIO_SUPPORT_PIN_HYS_CTRL_BY_EFUSE
      |     ^~~~~~~~~~~~~~~~~~~~~~~~~~~~~~~~~~~~~~
[1267/1350] Building C object boards/CMakeFiles/board.dir/risc-v/esp32s31/esp32s31-core-function-board/src/esp32s31_reset.c.o
[1268/1350] Building C object apps/CMakeFiles/apps.dir/nshlib/nsh_init.c.o
[1269/1350] Building C object boards/CMakeFiles/board.dir/risc-v/esp32s31/esp32s31-core-function-board/src/esp32s31_boot.c.o
[1270/1350] Building C object sched/CMakeFiles/sched.dir/wqueue/kwork_thread.c.o
[1271/1350] Building C object boards/CMakeFiles/board.dir/boardctl.c.o
[1272/1350] Linking C static library boards/libboard.a
[1273/1350] Building C object apps/CMakeFiles/apps.dir/nshlib/nsh_system.c.o
[1274/1350] Building C object apps/CMakeFiles/apps.dir/nshlib/nsh_script.c.o
[1275/1350] Building C object apps/CMakeFiles/apps.dir/nshlib/nsh_console.c.o
[1276/1350] Building C object apps/CMakeFiles/apps.dir/nshlib/nsh_command.c.o
[1277/1350] Building C object apps/CMakeFiles/apps.dir/nshlib/nsh_mmcmds.c.o
[1278/1350] Building C object apps/CMakeFiles/apps.dir/nshlib/nsh_timcmds.c.o
[1279/1350] Building C object apps/CMakeFiles/apps.dir/nshlib/nsh_ddcmd.c.o
[1280/1350] Linking C static library sched/libsched.a
[1281/1350] Building C object apps/CMakeFiles/apps.dir/nshlib/nsh_prompt.c.o
[1282/1350] Building C object apps/CMakeFiles/apps.dir/nshlib/nsh_parse.c.o
[1283/1350] Building C object apps/CMakeFiles/apps.dir/nshlib/nsh_proccmds.c.o
[1284/1350] Building C object apps/CMakeFiles/apps.dir/nshlib/nsh_session.c.o
[1285/1350] Building C object apps/CMakeFiles/apps.dir/nshlib/nsh_envcmds.c.o
[1286/1350] Building C object apps/CMakeFiles/apps.dir/nshlib/nsh_syscmds.c.o
[1287/1350] Building C object apps/CMakeFiles/apps.dir/nshlib/nsh_dbgcmds.c.o
[1288/1350] Building C object apps/CMakeFiles/apps.dir/nshlib/nsh_fileapps.c.o
[1289/1350] Building C object apps/CMakeFiles/apps.dir/nshlib/nsh_consolemain.c.o
[1290/1350] Building C object apps/CMakeFiles/apps.dir/nshlib/nsh_fsutils.c.o
[1291/1350] Building C object apps/CMakeFiles/apps.dir/nshlib/nsh_printf.c.o
[1292/1350] Building C object apps/CMakeFiles/apps.dir/nshlib/nsh_fscmds.c.o
[1293/1350] Building C object apps/CMakeFiles/apps.dir/nshlib/nsh_mntcmds.c.o
[1294/1350] Building C object apps/CMakeFiles/apps.dir/nshlib/nsh_wait.c.o
[1295/1350] Building C object apps/CMakeFiles/apps.dir/nshlib/nsh_test.c.o
[1296/1350] Building C object apps/CMakeFiles/apps.dir/system/nxplayer/nxplayer_common.c.o
[1297/1350] Building C object apps/CMakeFiles/apps.dir/system/nxplayer/nxplayer_sbc.c.o
[1298/1350] Building C object apps/CMakeFiles/apps.dir/nshlib/nsh_alias.c.o
[1299/1350] Building C object apps/CMakeFiles/apps.dir/system/nxrecorder/nxrecorder_common.c.o
[1300/1350] Building C object apps/CMakeFiles/apps.dir/system/nxplayer/nxplayer_mp3.c.o
[1301/1350] Building C object apps/CMakeFiles/apps.dir/system/nxrecorder/nxrecorder_amr.c.o
[1302/1350] Building C object apps/CMakeFiles/apps.dir/system/readline/readline.c.o
[1303/1350] Building C object apps/CMakeFiles/apps.dir/system/readline/readline_stream.c.o
[1304/1350] Building C object apps/CMakeFiles/apps.dir/system/readline/readline_fd.c.o
[1305/1350] Building C object apps/CMakeFiles/apps.dir/system/readline/readline_common.c.o
[1306/1350] Building C object apps/system/nsh/CMakeFiles/apps_sh.dir/sh_main.c.o
[1307/1350] Building C object apps/CMakeFiles/apps.dir/system/nxlooper/nxlooper.c.o
[1308/1350] Building C object apps/system/nsh/CMakeFiles/apps_nsh.dir/nsh_main.c.o
[1309/1350] Linking C static library apps/system/nsh/libapps_sh.a
[1310/1350] Building C object apps/CMakeFiles/apps.dir/system/nxrecorder/nxrecorder.c.o
[1311/1350] Linking C static library apps/system/nsh/libapps_nsh.a
[1312/1350] Building C object apps/CMakeFiles/apps.dir/system/nxplayer/nxplayer.c.o
[1313/1350] Building C object apps/CMakeFiles/apps.dir/system/ymodem/ymodem.c.o
[1314/1350] Building C object apps/system/nxlooper/CMakeFiles/apps_nxlooper.dir/nxlooper_main.c.o
[1315/1350] Linking C static library apps/system/nxlooper/libapps_nxlooper.a
[1316/1350] Building C object apps/system/nxrecorder/CMakeFiles/apps_nxrecorder.dir/nxrecorder_main.c.o
[1317/1350] Building C object apps/system/nxplayer/CMakeFiles/apps_nxplayer.dir/nxplayer_main.c.o
[1318/1350] Linking C static library apps/system/nxrecorder/libapps_nxrecorder.a
[1319/1350] Linking C static library apps/libapps.a
[1320/1350] Building C object apps/system/ymodem/CMakeFiles/apps_sb.dir/sb_main.c.o
[1321/1350] Linking C static library apps/system/nxplayer/libapps_nxplayer.a
[1322/1350] Building C object apps/testing/drivers/drivertest/CMakeFiles/apps_cmocka_driver_simple.dir/drivertest_simple.c.o
[1323/1350] Building C object apps/system/ymodem/CMakeFiles/apps_rb.dir/rb_main.c.o
[1324/1350] Linking C static library apps/system/ymodem/libapps_sb.a
[1325/1350] Linking C static library apps/system/ymodem/libapps_rb.a
[1326/1350] Building C object apps/testing/cmocka/CMakeFiles/apps_cmocka.dir/cmocka_main.c.o
[1327/1350] Building C object apps/external/android/CMakeFiles/android.dir/dummy.c.o
[1328/1350] Linking C static library apps/external/android/libandroid.a
[1329/1350] Building C object apps/builtin/CMakeFiles/apps_builtin.dir/builtin_list.c.o
[1330/1350] Building C object apps/testing/drivers/drivertest/CMakeFiles/apps_cmocka_posix_timer.dir/drivertest_posix_timer.c.o
[1331/1350] Linking C static library apps/builtin/libapps_builtin.a
[1332/1350] Building C object apps/testing/drivers/drivertest/CMakeFiles/apps_cmocka_driver_rtc.dir/drivertest_rtc.c.o
[1333/1350] Building C object apps/testing/drivers/drivertest/CMakeFiles/apps_cmocka_driver_uart.dir/drivertest_uart.c.o
[1334/1350] Building C object apps/testing/drivers/drivertest/CMakeFiles/apps_cmocka_driver_block.dir/drivertest_block.c.o
[1335/1350] Building C object apps/testing/mm/heaptest/CMakeFiles/apps_mm.dir/mm_main.c.o
[1336/1350] Building C object apps/testing/drivers/drivertest/CMakeFiles/apps_cmocka_driver_audio.dir/drivertest_audio.c.o
[1337/1350] Linking C static library apps/testing/mm/heaptest/libapps_mm.a
[1338/1350] Building C object apps/testing/cmocka/CMakeFiles/cmocka.dir/cmocka/src/cmocka.c.o
[1339/1350] Linking C static library apps/testing/cmocka/libcmocka.a
[1340/1350] Linking C static library apps/testing/cmocka/libapps_cmocka.a
[1341/1350] Linking C static library apps/testing/drivers/drivertest/libapps_cmocka_driver_simple.a
[1342/1350] Linking C static library apps/testing/drivers/drivertest/libapps_cmocka_driver_rtc.a
[1343/1350] Linking C static library apps/testing/drivers/drivertest/libapps_cmocka_driver_block.a
[1344/1350] Linking C static library apps/testing/drivers/drivertest/libapps_cmocka_posix_timer.a
[1345/1350] Linking C static library apps/testing/drivers/drivertest/libapps_cmocka_driver_uart.a
[1346/1350] Linking C static library apps/testing/drivers/drivertest/libapps_cmocka_driver_audio.a
[1347/1350] Linking C executable nuttx
FAILED: nuttx 
: && /home/regex/.espressif/tools/riscv32-esp-elf/esp-15.2.0_20251204/riscv32-esp-elf/bin/riscv32-esp-elf-gcc  -Wl,-melf32lriscv -Wl,--gc-sections -nostdlib -Wl,--entry=__start -Wl,--cref -Wl,-Map=nuttx.map -Wl,--no-warn-rwx-segments -u esp_system_include_startup_funcs -u esp_timer_init_include_func -u esp_flash_spi_init_include_func -Wl,--wrap=bootloader_print_banner -Wl,--wrap=heap_caps_add_region_with_caps -Wl,--no-check-sections -Os -fno-strict-aliasing -fomit-frame-pointer -fno-common -Wall -Wshadow -Wundef -Wno-attributes -Wno-unknown-pragmas -Wstrict-prototypes -ffunction-sections -fdata-sections -march=rv32imafc_zicsr_zifencei -mabi=ilp32f -fdiagnostics-color=always -fmacro-prefix-map=/home/regex/work/esp32s31-openvela/openvela-dev/nuttx= -fmacro-prefix-map=/home/regex/work/esp32s31-openvela/openvela-dev/apps= -fmacro-prefix-map=/home/regex/work/esp32s31-openvela/openvela-dev/nuttx/boards/risc-v/esp32s31/esp32s31-core-function-board= -fmacro-prefix-map=/home/regex/work/esp32s31-openvela/openvela-dev/nuttx/arch/risc-v/src/esp32s31= -T/home/regex/work/esp32s31-openvela/openvela-dev/out/esp32s31-xts-flat-audio-duplex1188/esp32s31.rom.coexist.ld.0.tmp -T/home/regex/work/esp32s31-openvela/openvela-dev/out/esp32s31-xts-flat-audio-duplex1188/esp32s31.rom.ld.1.tmp -T/home/regex/work/esp32s31-openvela/openvela-dev/out/esp32s31-xts-flat-audio-duplex1188/esp32s31.rom.rvfp.ld.2.tmp -T/home/regex/work/esp32s31-openvela/openvela-dev/out/esp32s31-xts-flat-audio-duplex1188/esp32s31.rom.net80211.ld.3.tmp -T/home/regex/work/esp32s31-openvela/openvela-dev/out/esp32s31-xts-flat-audio-duplex1188/esp32s31.rom.phy.ld.4.tmp -T/home/regex/work/esp32s31-openvela/openvela-dev/out/esp32s31-xts-flat-audio-duplex1188/esp32s31.rom.pp.ld.5.tmp -T/home/regex/work/esp32s31-openvela/openvela-dev/out/esp32s31-xts-flat-audio-duplex1188/esp32s31.rom.api.ld.6.tmp -T/home/regex/work/esp32s31-openvela/openvela-dev/out/esp32s31-xts-flat-audio-duplex1188/esp32s31.rom.version.ld.7.tmp -T/home/regex/work/esp32s31-openvela/openvela-dev/out/esp32s31-xts-flat-audio-duplex1188/esp32s31.peripherals.ld.8.tmp -T/home/regex/work/esp32s31-openvela/openvela-dev/out/esp32s31-xts-flat-audio-duplex1188/rom.api.ld.9.tmp -T/home/regex/work/esp32s31-openvela/openvela-dev/out/esp32s31-xts-flat-audio-duplex1188/esp32s31_aliases.ld.10.tmp -T/home/regex/work/esp32s31-openvela/openvela-dev/out/esp32s31-xts-flat-audio-duplex1188/esp32s31_flat_memory.ld.11.tmp -T/home/regex/work/esp32s31-openvela/openvela-dev/out/esp32s31-xts-flat-audio-duplex1188/esp32s31_sections.ld.12.tmp CMakeFiles/nuttx.dir/empty.c.o -o nuttx  -Wl,--start-group  apps/system/nsh/libapps_nsh.a  apps/system/nsh/libapps_sh.a  apps/system/nxlooper/libapps_nxlooper.a  apps/system/nxplayer/libapps_nxplayer.a  apps/system/nxrecorder/libapps_nxrecorder.a  apps/system/ymodem/libapps_sb.a  apps/system/ymodem/libapps_rb.a  apps/testing/cmocka/libapps_cmocka.a  apps/testing/drivers/drivertest/libapps_cmocka_driver_simple.a  apps/testing/drivers/drivertest/libapps_cmocka_driver_block.a  apps/testing/drivers/drivertest/libapps_cmocka_driver_rtc.a  apps/testing/drivers/drivertest/libapps_cmocka_posix_timer.a  apps/testing/drivers/drivertest/libapps_cmocka_driver_uart.a  apps/testing/drivers/drivertest/libapps_cmocka_driver_audio.a  apps/testing/mm/heaptest/libapps_mm.a  apps/libapps.a  apps/testing/cmocka/libcmocka.a  apps/external/android/libandroid.a  apps/builtin/libapps_builtin.a  arch/libarch.a  audio/libaudio.a  binfmt/libbinfmt.a  drivers/libdrivers.a  fs/libfs.a  libs/libc/libc.a  mm/libmm.a  sched/libsched.a  boards/libboard.a  /home/regex/.espressif/tools/riscv32-esp-elf/esp-15.2.0_20251204/riscv32-esp-elf/bin/../lib/gcc/riscv32-esp-elf/15.2.0/rv32imafc_zicsr_zifencei_zaamo_zalrsc/ilp32f/libgcc.a  /home/regex/.espressif/tools/riscv32-esp-elf/esp-15.2.0_20251204/riscv32-esp-elf/bin/../lib/gcc/riscv32-esp-elf/15.2.0/../../../../riscv32-esp-elf/lib/rv32imafc_zicsr_zifencei_zaamo_zalrsc/ilp32f/libm.a  -Wl,--end-group && :
/home/regex/.espressif/tools/riscv32-esp-elf/esp-15.2.0_20251204/riscv32-esp-elf/bin/../lib/gcc/riscv32-esp-elf/15.2.0/../../../../riscv32-esp-elf/bin/ld: arch/libarch.a(esp_psram.c.o): in function `esp_psram_extram_add_to_heap_allocator':
esp_psram.c:(.text.esp_psram_extram_add_to_heap_allocator+0x22): undefined reference to `memcpy'
/home/regex/.espressif/tools/riscv32-esp-elf/esp-15.2.0_20251204/riscv32-esp-elf/bin/../lib/gcc/riscv32-esp-elf/15.2.0/../../../../riscv32-esp-elf/bin/ld: esp_psram.c:(.text.esp_psram_extram_add_to_heap_allocator+0x5e): undefined reference to `memcpy'
/home/regex/.espressif/tools/riscv32-esp-elf/esp-15.2.0_20251204/riscv32-esp-elf/bin/../lib/gcc/riscv32-esp-elf/15.2.0/../../../../riscv32-esp-elf/bin/ld: arch/libarch.a(esp_clk.c.o): in function `esp_rtc_get_time_us':
esp_clk.c:(.text.esp_rtc_get_time_us+0x3a): undefined reference to `memset'
/home/regex/.espressif/tools/riscv32-esp-elf/esp-15.2.0_20251204/riscv32-esp-elf/bin/../lib/gcc/riscv32-esp-elf/15.2.0/../../../../riscv32-esp-elf/bin/ld: arch/libarch.a(esp_mmu_map.c.o): in function `esp_mmu_map_init':
esp_mmu_map.c:(.text.esp_mmu_map_init+0x16): undefined reference to `memset'
/home/regex/.espressif/tools/riscv32-esp-elf/esp-15.2.0_20251204/riscv32-esp-elf/bin/../lib/gcc/riscv32-esp-elf/15.2.0/../../../../riscv32-esp-elf/bin/ld: esp_mmu_map.c:(.text.esp_mmu_map_init+0x1a4): undefined reference to `memcpy'
/home/regex/.espressif/tools/riscv32-esp-elf/esp-15.2.0_20251204/riscv32-esp-elf/bin/../lib/gcc/riscv32-esp-elf/15.2.0/../../../../riscv32-esp-elf/bin/ld: arch/libarch.a(bootloader_flash.c.o): in function `bootloader_flash_execute_command_common':
bootloader_flash.c:(.iram1.2+0x140): undefined reference to `memcpy'
/home/regex/.espressif/tools/riscv32-esp-elf/esp-15.2.0_20251204/riscv32-esp-elf/bin/../lib/gcc/riscv32-esp-elf/15.2.0/../../../../riscv32-esp-elf/bin/ld: bootloader_flash.c:(.iram1.2+0x1a8): undefined reference to `memcpy'
/home/regex/.espressif/tools/riscv32-esp-elf/esp-15.2.0_20251204/riscv32-esp-elf/bin/../lib/gcc/riscv32-esp-elf/15.2.0/../../../../riscv32-esp-elf/bin/ld: arch/libarch.a(esp_irq.c.o): in function `up_irqinitialize':
esp_irq.c:(.text.up_irqinitialize+0x60): undefined reference to `memset'
/home/regex/.espressif/tools/riscv32-esp-elf/esp-15.2.0_20251204/riscv32-esp-elf/bin/../lib/gcc/riscv32-esp-elf/15.2.0/../../../../riscv32-esp-elf/bin/ld: arch/libarch.a(pmu_init.c.o): in function `pmu_init':
pmu_init.c:(.text.pmu_init+0xd8): undefined reference to `memcpy'
/home/regex/.espressif/tools/riscv32-esp-elf/esp-15.2.0_20251204/riscv32-esp-elf/bin/../lib/gcc/riscv32-esp-elf/15.2.0/../../../../riscv32-esp-elf/bin/ld: arch/libarch.a(hw_random.c.o): in function `esp_fill_random':
hw_random.c:(.text.esp_fill_random+0x4a): undefined reference to `memcpy'
/home/regex/.espressif/tools/riscv32-esp-elf/esp-15.2.0_20251204/riscv32-esp-elf/bin/../lib/gcc/riscv32-esp-elf/15.2.0/../../../../riscv32-esp-elf/bin/ld: arch/libarch.a(wdt_hal_iram.c.o): in function `wdt_hal_init':
wdt_hal_iram.c:(.text.wdt_hal_init+0x12): undefined reference to `memset'
/home/regex/.espressif/tools/riscv32-esp-elf/esp-15.2.0_20251204/riscv32-esp-elf/bin/../lib/gcc/riscv32-esp-elf/15.2.0/../../../../riscv32-esp-elf/bin/ld: arch/libarch.a(bootloader_init.c.o): in function `bootloader_clear_bss_section':
bootloader_init.c:(.text.bootloader_clear_bss_section+0x14): undefined reference to `memset'
/home/regex/.espressif/tools/riscv32-esp-elf/esp-15.2.0_20251204/riscv32-esp-elf/bin/../lib/gcc/riscv32-esp-elf/15.2.0/../../../../riscv32-esp-elf/bin/ld: arch/libarch.a(bootloader_clock_init.c.o): in function `bootloader_clock_configure':
bootloader_clock_init.c:(.text.bootloader_clock_configure+0x2a): undefined reference to `memcpy'
/home/regex/.espressif/tools/riscv32-esp-elf/esp-15.2.0_20251204/riscv32-esp-elf/bin/../lib/gcc/riscv32-esp-elf/15.2.0/../../../../riscv32-esp-elf/bin/ld: bootloader_clock_init.c:(.text.bootloader_clock_configure+0xba): undefined reference to `memcpy'
/home/regex/.espressif/tools/riscv32-esp-elf/esp-15.2.0_20251204/riscv32-esp-elf/bin/../lib/gcc/riscv32-esp-elf/15.2.0/../../../../riscv32-esp-elf/bin/ld: arch/libarch.a(esp_flash_spi_init.c.o): in function `esp_flash_init_default_chip':
esp_flash_spi_init.c:(.text.esp_flash_init_default_chip+0x1a): undefined reference to `memset'
/home/regex/.espressif/tools/riscv32-esp-elf/esp-15.2.0_20251204/riscv32-esp-elf/bin/../lib/gcc/riscv32-esp-elf/15.2.0/../../../../riscv32-esp-elf/bin/ld: arch/libarch.a(spi_flash_hal_iram.c.o): in function `spi_flash_hal_common_command':
spi_flash_hal_iram.c:(.text.spi_flash_hal_common_command+0x116): undefined reference to `memcpy'
/home/regex/.espressif/tools/riscv32-esp-elf/esp-15.2.0_20251204/riscv32-esp-elf/bin/../lib/gcc/riscv32-esp-elf/15.2.0/../../../../riscv32-esp-elf/bin/ld: spi_flash_hal_iram.c:(.text.spi_flash_hal_common_command+0x154): undefined reference to `memcpy'
/home/regex/.espressif/tools/riscv32-esp-elf/esp-15.2.0_20251204/riscv32-esp-elf/bin/../lib/gcc/riscv32-esp-elf/15.2.0/../../../../riscv32-esp-elf/bin/ld: spi_flash_hal_iram.c:(.text.spi_flash_hal_common_command+0x1a2): undefined reference to `memcpy'
/home/regex/.espressif/tools/riscv32-esp-elf/esp-15.2.0_20251204/riscv32-esp-elf/bin/../lib/gcc/riscv32-esp-elf/15.2.0/../../../../riscv32-esp-elf/bin/ld: arch/libarch.a(spi_flash_hal_iram.c.o): in function `spi_flash_hal_read':
spi_flash_hal_iram.c:(.text.spi_flash_hal_read+0x70): undefined reference to `memcpy'
/home/regex/.espressif/tools/riscv32-esp-elf/esp-15.2.0_20251204/riscv32-esp-elf/bin/../lib/gcc/riscv32-esp-elf/15.2.0/../../../../riscv32-esp-elf/bin/ld: spi_flash_hal_iram.c:(.text.spi_flash_hal_read+0xb6): undefined reference to `memcpy'
/home/regex/.espressif/tools/riscv32-esp-elf/esp-15.2.0_20251204/riscv32-esp-elf/bin/../lib/gcc/riscv32-esp-elf/15.2.0/../../../../riscv32-esp-elf/bin/ld: arch/libarch.a(spi_flash_hal_iram.c.o):spi_flash_hal_iram.c:(.text.spi_flash_hal_program_page+0x90): more undefined references to `memcpy' follow
/home/regex/.espressif/tools/riscv32-esp-elf/esp-15.2.0_20251204/riscv32-esp-elf/bin/../lib/gcc/riscv32-esp-elf/15.2.0/../../../../riscv32-esp-elf/bin/ld: arch/libarch.a(spi_flash_chip_generic.c.o): in function `spi_flash_chip_generic_reset':
spi_flash_chip_generic.c:(.text.spi_flash_chip_generic_reset+0xe): undefined reference to `memset'
/home/regex/.espressif/tools/riscv32-esp-elf/esp-15.2.0_20251204/riscv32-esp-elf/bin/../lib/gcc/riscv32-esp-elf/15.2.0/../../../../riscv32-esp-elf/bin/ld: spi_flash_chip_generic.c:(.text.spi_flash_chip_generic_reset+0x30): undefined reference to `memset'
/home/regex/.espressif/tools/riscv32-esp-elf/esp-15.2.0_20251204/riscv32-esp-elf/bin/../lib/gcc/riscv32-esp-elf/15.2.0/../../../../riscv32-esp-elf/bin/ld: arch/libarch.a(spi_flash_chip_generic.c.o): in function `spi_flash_chip_generic_get_caps':
spi_flash_chip_generic.c:(.text.spi_flash_chip_generic_get_caps+0x2a): undefined reference to `memset'
/home/regex/.espressif/tools/riscv32-esp-elf/esp-15.2.0_20251204/riscv32-esp-elf/bin/../lib/gcc/riscv32-esp-elf/15.2.0/../../../../riscv32-esp-elf/bin/ld: arch/libarch.a(spi_flash_chip_generic.c.o): in function `spi_flash_chip_generic_read':
spi_flash_chip_generic.c:(.text.spi_flash_chip_generic_read+0x66): undefined reference to `memset'
/home/regex/.espressif/tools/riscv32-esp-elf/esp-15.2.0_20251204/riscv32-esp-elf/bin/../lib/gcc/riscv32-esp-elf/15.2.0/../../../../riscv32-esp-elf/bin/ld: spi_flash_chip_generic.c:(.text.spi_flash_chip_generic_read+0xb2): undefined reference to `memcpy'
/home/regex/.espressif/tools/riscv32-esp-elf/esp-15.2.0_20251204/riscv32-esp-elf/bin/../lib/gcc/riscv32-esp-elf/15.2.0/../../../../riscv32-esp-elf/bin/ld: arch/libarch.a(spi_flash_chip_generic.c.o): in function `spi_flash_chip_generic_write':
spi_flash_chip_generic.c:(.text.spi_flash_chip_generic_write+0x4a): undefined reference to `memset'
/home/regex/.espressif/tools/riscv32-esp-elf/esp-15.2.0_20251204/riscv32-esp-elf/bin/../lib/gcc/riscv32-esp-elf/15.2.0/../../../../riscv32-esp-elf/bin/ld: spi_flash_chip_generic.c:(.text.spi_flash_chip_generic_write+0x84): undefined reference to `memcpy'
/home/regex/.espressif/tools/riscv32-esp-elf/esp-15.2.0_20251204/riscv32-esp-elf/bin/../lib/gcc/riscv32-esp-elf/15.2.0/../../../../riscv32-esp-elf/bin/ld: arch/libarch.a(spi_flash_chip_generic.c.o): in function `spi_flash_chip_generic_read_unique_id':
spi_flash_chip_generic.c:(.text.spi_flash_chip_generic_read_unique_id+0x1a): undefined reference to `memset'
/home/regex/.espressif/tools/riscv32-esp-elf/esp-15.2.0_20251204/riscv32-esp-elf/bin/../lib/gcc/riscv32-esp-elf/15.2.0/../../../../riscv32-esp-elf/bin/ld: arch/libarch.a(spi_flash_chip_generic.c.o): in function `spi_flash_common_read_qe_sr.constprop.0.isra.0':
spi_flash_chip_generic.c:(.text.spi_flash_common_read_qe_sr.constprop.0.isra.0+0x18): undefined reference to `memset'
/home/regex/.espressif/tools/riscv32-esp-elf/esp-15.2.0_20251204/riscv32-esp-elf/bin/../lib/gcc/riscv32-esp-elf/15.2.0/../../../../riscv32-esp-elf/bin/ld: arch/libarch.a(spi_flash_chip_generic.c.o): in function `spi_flash_common_write_qe_sr.isra.0':
spi_flash_chip_generic.c:(.text.spi_flash_common_write_qe_sr.isra.0+0x18): undefined reference to `memset'
/home/regex/.espressif/tools/riscv32-esp-elf/esp-15.2.0_20251204/riscv32-esp-elf/bin/../lib/gcc/riscv32-esp-elf/15.2.0/../../../../riscv32-esp-elf/bin/ld: arch/libarch.a(spi_flash_chip_generic.c.o): in function `spi_flash_chip_generic_erase_block':
spi_flash_chip_generic.c:(.text.spi_flash_chip_generic_erase_block+0x3e): undefined reference to `memset'
/home/regex/.espressif/tools/riscv32-esp-elf/esp-15.2.0_20251204/riscv32-esp-elf/bin/../lib/gcc/riscv32-esp-elf/15.2.0/../../../../riscv32-esp-elf/bin/ld: arch/libarch.a(spi_flash_chip_generic.c.o): in function `spi_flash_chip_generic_erase_sector':
spi_flash_chip_generic.c:(.text.spi_flash_chip_generic_erase_sector+0x3e): undefined reference to `memset'
/home/regex/.espressif/tools/riscv32-esp-elf/esp-15.2.0_20251204/riscv32-esp-elf/bin/../lib/gcc/riscv32-esp-elf/15.2.0/../../../../riscv32-esp-elf/bin/ld: arch/libarch.a(spi_flash_chip_generic.c.o):spi_flash_chip_generic.c:(.text.spi_flash_chip_generic_page_program+0x3c): more undefined references to `memset' follow
/home/regex/.espressif/tools/riscv32-esp-elf/esp-15.2.0_20251204/riscv32-esp-elf/bin/../lib/gcc/riscv32-esp-elf/15.2.0/../../../../riscv32-esp-elf/bin/ld: fs/libfs.a(fs_dir.c.o): in function `dir_ioctl':
fs_dir.c:(.text.dir_ioctl+0x24): undefined reference to `strlcpy'
/home/regex/.espressif/tools/riscv32-esp-elf/esp-15.2.0_20251204/riscv32-esp-elf/bin/../lib/gcc/riscv32-esp-elf/15.2.0/../../../../riscv32-esp-elf/bin/ld: fs/libfs.a(fs_dir.c.o): in function `dir_read':
fs_dir.c:(.text.dir_read+0x60): undefined reference to `strlcpy'
/home/regex/.espressif/tools/riscv32-esp-elf/esp-15.2.0_20251204/riscv32-esp-elf/bin/../lib/gcc/riscv32-esp-elf/15.2.0/../../../../riscv32-esp-elf/bin/ld: apps/libapps.a(nsh_prompt.c.o): in function `nsh_update_prompt':
nsh_prompt.c:(.text.nsh_update_prompt+0x2a): undefined reference to `strlcpy'
/home/regex/.espressif/tools/riscv32-esp-elf/esp-15.2.0_20251204/riscv32-esp-elf/bin/../lib/gcc/riscv32-esp-elf/15.2.0/../../../../riscv32-esp-elf/bin/ld: nsh_prompt.c:(.text.nsh_update_prompt+0x5e): undefined reference to `strcpy'
/home/regex/.espressif/tools/riscv32-esp-elf/esp-15.2.0_20251204/riscv32-esp-elf/bin/../lib/gcc/riscv32-esp-elf/15.2.0/../../../../riscv32-esp-elf/bin/ld: arch/libarch.a(esp32s31_i2s_duplex.c.o): in function `dup_service.part.0':
esp32s31_i2s_duplex.c:(.text.dup_service.part.0+0x16c): undefined reference to `memcpy'
/home/regex/.espressif/tools/riscv32-esp-elf/esp-15.2.0_20251204/riscv32-esp-elf/bin/../lib/gcc/riscv32-esp-elf/15.2.0/../../../../riscv32-esp-elf/bin/ld: esp32s31_i2s_duplex.c:(.text.dup_service.part.0+0x1aa): undefined reference to `memset'
/home/regex/.espressif/tools/riscv32-esp-elf/esp-15.2.0_20251204/riscv32-esp-elf/bin/../lib/gcc/riscv32-esp-elf/15.2.0/../../../../riscv32-esp-elf/bin/ld: esp32s31_i2s_duplex.c:(.text.dup_service.part.0+0x20e): undefined reference to `memcpy'
/home/regex/.espressif/tools/riscv32-esp-elf/esp-15.2.0_20251204/riscv32-esp-elf/bin/../lib/gcc/riscv32-esp-elf/15.2.0/../../../../riscv32-esp-elf/bin/ld: arch/libarch.a(esp32s31_i2s_duplex.c.o): in function `dup_start_dma':
esp32s31_i2s_duplex.c:(.text.dup_start_dma+0x32): undefined reference to `memset'
/home/regex/.espressif/tools/riscv32-esp-elf/esp-15.2.0_20251204/riscv32-esp-elf/bin/../lib/gcc/riscv32-esp-elf/15.2.0/../../../../riscv32-esp-elf/bin/ld: arch/libarch.a(esp32s31_i2s_duplex.c.o): in function `esp32s31_i2s_duplex_initialize':
esp32s31_i2s_duplex.c:(.text.esp32s31_i2s_duplex_initialize+0x204): undefined reference to `memset'
/home/regex/.espressif/tools/riscv32-esp-elf/esp-15.2.0_20251204/riscv32-esp-elf/bin/../lib/gcc/riscv32-esp-elf/15.2.0/../../../../riscv32-esp-elf/bin/ld: apps/testing/cmocka/libcmocka.a(cmocka.c.o): in function `cm_get_output':
cmocka.c:(.text.cm_get_output+0x52): undefined reference to `strlen'
/home/regex/.espressif/tools/riscv32-esp-elf/esp-15.2.0_20251204/riscv32-esp-elf/bin/../lib/gcc/riscv32-esp-elf/15.2.0/../../../../riscv32-esp-elf/bin/ld: apps/testing/cmocka/libcmocka.a(cmocka.c.o): in function `vcmocka_print_error':
cmocka.c:(.text.vcmocka_print_error+0x74): undefined reference to `strlen'
/home/regex/.espressif/tools/riscv32-esp-elf/esp-15.2.0_20251204/riscv32-esp-elf/bin/../lib/gcc/riscv32-esp-elf/15.2.0/../../../../riscv32-esp-elf/bin/ld: cmocka.c:(.text.vcmocka_print_error+0x9e): undefined reference to `memcpy'
/home/regex/.espressif/tools/riscv32-esp-elf/esp-15.2.0_20251204/riscv32-esp-elf/bin/../lib/gcc/riscv32-esp-elf/15.2.0/../../../../riscv32-esp-elf/bin/ld: apps/testing/cmocka/libcmocka.a(cmocka.c.o): in function `cmprintf_group_finish_xml':
cmocka.c:(.text.cmprintf_group_finish_xml+0x96): undefined reference to `strlen'
/home/regex/.espressif/tools/riscv32-esp-elf/esp-15.2.0_20251204/riscv32-esp-elf/bin/../lib/gcc/riscv32-esp-elf/15.2.0/../../../../riscv32-esp-elf/bin/ld: cmocka.c:(.text.cmprintf_group_finish_xml+0xa2): undefined reference to `strlen'
/home/regex/.espressif/tools/riscv32-esp-elf/esp-15.2.0_20251204/riscv32-esp-elf/bin/../lib/gcc/riscv32-esp-elf/15.2.0/../../../../riscv32-esp-elf/bin/ld: cmocka.c:(.text.cmprintf_group_finish_xml+0xae): undefined reference to `strlen'
/home/regex/.espressif/tools/riscv32-esp-elf/esp-15.2.0_20251204/riscv32-esp-elf/bin/../lib/gcc/riscv32-esp-elf/15.2.0/../../../../riscv32-esp-elf/bin/ld: cmocka.c:(.text.cmprintf_group_finish_xml+0xe2): undefined reference to `memmove'
/home/regex/.espressif/tools/riscv32-esp-elf/esp-15.2.0_20251204/riscv32-esp-elf/bin/../lib/gcc/riscv32-esp-elf/15.2.0/../../../../riscv32-esp-elf/bin/ld: cmocka.c:(.text.cmprintf_group_finish_xml+0xf0): undefined reference to `memcpy'
/home/regex/.espressif/tools/riscv32-esp-elf/esp-15.2.0_20251204/riscv32-esp-elf/bin/../lib/gcc/riscv32-esp-elf/15.2.0/../../../../riscv32-esp-elf/bin/ld: apps/testing/cmocka/libcmocka.a(cmocka.c.o): in function `cmprintf':
cmocka.c:(.text.cmprintf+0x18a): undefined reference to `strchr'
/home/regex/.espressif/tools/riscv32-esp-elf/esp-15.2.0_20251204/riscv32-esp-elf/bin/../lib/gcc/riscv32-esp-elf/15.2.0/../../../../riscv32-esp-elf/bin/ld: apps/testing/cmocka/libcmocka.a(cmocka.c.o): in function `exit_test.constprop.0':
cmocka.c:(.text.exit_test.constprop.0+0x16): undefined reference to `strlen'
/home/regex/.espressif/tools/riscv32-esp-elf/esp-15.2.0_20251204/riscv32-esp-elf/bin/../lib/gcc/riscv32-esp-elf/15.2.0/../../../../riscv32-esp-elf/bin/ld: apps/testing/cmocka/libcmocka.a(cmocka.c.o): in function `_assert_string_equal':
cmocka.c:(.text._assert_string_equal+0x14): undefined reference to `strcmp'
/home/regex/.espressif/tools/riscv32-esp-elf/esp-15.2.0_20251204/riscv32-esp-elf/bin/../lib/gcc/riscv32-esp-elf/15.2.0/../../../../riscv32-esp-elf/bin/ld: apps/testing/cmocka/libcmocka.a(cmocka.c.o): in function `_assert_string_not_equal':
cmocka.c:(.text._assert_string_not_equal+0x14): undefined reference to `strcmp'
/home/regex/.espressif/tools/riscv32-esp-elf/esp-15.2.0_20251204/riscv32-esp-elf/bin/../lib/gcc/riscv32-esp-elf/15.2.0/../../../../riscv32-esp-elf/bin/ld: apps/testing/cmocka/libcmocka.a(cmocka.c.o): in function `_test_free':
cmocka.c:(.text._test_free+0x5e): undefined reference to `memset'
/home/regex/.espressif/tools/riscv32-esp-elf/esp-15.2.0_20251204/riscv32-esp-elf/bin/../lib/gcc/riscv32-esp-elf/15.2.0/../../../../riscv32-esp-elf/bin/ld: apps/testing/cmocka/libcmocka.a(cmocka.c.o): in function `_cmocka_run_group_tests':
cmocka.c:(.text._cmocka_run_group_tests+0x10a): undefined reference to `memcpy'
/home/regex/.espressif/tools/riscv32-esp-elf/esp-15.2.0_20251204/riscv32-esp-elf/bin/../lib/gcc/riscv32-esp-elf/15.2.0/../../../../riscv32-esp-elf/bin/ld: cmocka.c:(.text._cmocka_run_group_tests+0x128): undefined reference to `memcpy'
/home/regex/.espressif/tools/riscv32-esp-elf/esp-15.2.0_20251204/riscv32-esp-elf/bin/../lib/gcc/riscv32-esp-elf/15.2.0/../../../../riscv32-esp-elf/bin/ld: cmocka.c:(.text._cmocka_run_group_tests+0x138): undefined reference to `memcpy'
/home/regex/.espressif/tools/riscv32-esp-elf/esp-15.2.0_20251204/riscv32-esp-elf/bin/../lib/gcc/riscv32-esp-elf/15.2.0/../../../../riscv32-esp-elf/bin/ld: cmocka.c:(.text._cmocka_run_group_tests+0x16a): undefined reference to `memset'
/home/regex/.espressif/tools/riscv32-esp-elf/esp-15.2.0_20251204/riscv32-esp-elf/bin/../lib/gcc/riscv32-esp-elf/15.2.0/../../../../riscv32-esp-elf/bin/ld: arch/libarch.a(esp_libc_stubs.c.o): in function `esp_setup_syscall_table':
esp_libc_stubs.c:(.text.esp_setup_syscall_table+0x6): undefined reference to `syscall_table_ptr'
/home/regex/.espressif/tools/riscv32-esp-elf/esp-15.2.0_20251204/riscv32-esp-elf/bin/../lib/gcc/riscv32-esp-elf/15.2.0/../../../../riscv32-esp-elf/bin/ld: esp_libc_stubs.c:(.text.esp_setup_syscall_table+0x10): undefined reference to `syscall_table_ptr'
/home/regex/.espressif/tools/riscv32-esp-elf/esp-15.2.0_20251204/riscv32-esp-elf/bin/../lib/gcc/riscv32-esp-elf/15.2.0/../../../../riscv32-esp-elf/bin/ld: esp_libc_stubs.c:(.text.esp_setup_syscall_table+0x22): undefined reference to `esp_rom_newlib_init_common_mutexes'
/home/regex/.espressif/tools/riscv32-esp-elf/esp-15.2.0_20251204/riscv32-esp-elf/bin/../lib/gcc/riscv32-esp-elf/15.2.0/../../../../riscv32-esp-elf/bin/ld: arch/libarch.a(spi_flash_hal.c.o): in function `spi_flash_hal_init':
spi_flash_hal.c:(.text.spi_flash_hal_init+0x66): undefined reference to `memset'
/home/regex/.espressif/tools/riscv32-esp-elf/esp-15.2.0_20251204/riscv32-esp-elf/bin/../lib/gcc/riscv32-esp-elf/15.2.0/../../../../riscv32-esp-elf/bin/ld: arch/libarch.a(intr_alloc.c.o): in function `get_desc_for_int':
intr_alloc.c:(.text.get_desc_for_int+0x2c): undefined reference to `memset'
/home/regex/.espressif/tools/riscv32-esp-elf/esp-15.2.0_20251204/riscv32-esp-elf/bin/../lib/gcc/riscv32-esp-elf/15.2.0/../../../../riscv32-esp-elf/bin/ld: arch/libarch.a(intr_alloc.c.o): in function `esp_intr_alloc_info':
intr_alloc.c:(.text.esp_intr_alloc_info+0x1bc): undefined reference to `strcmp'
/home/regex/.espressif/tools/riscv32-esp-elf/esp-15.2.0_20251204/riscv32-esp-elf/bin/../lib/gcc/riscv32-esp-elf/15.2.0/../../../../riscv32-esp-elf/bin/ld: intr_alloc.c:(.text.esp_intr_alloc_info+0x3a8): undefined reference to `memset'
/home/regex/.espressif/tools/riscv32-esp-elf/esp-15.2.0_20251204/riscv32-esp-elf/bin/../lib/gcc/riscv32-esp-elf/15.2.0/../../../../riscv32-esp-elf/bin/ld: drivers/libdrivers.a(serial.c.o): in function `uart_ioctl':
serial.c:(.text.uart_ioctl+0xa4): undefined reference to `memset'
/home/regex/.espressif/tools/riscv32-esp-elf/esp-15.2.0_20251204/riscv32-esp-elf/bin/../lib/gcc/riscv32-esp-elf/15.2.0/../../../../riscv32-esp-elf/bin/ld: fs/libfs.a(fs_fstat.c.o): in function `file_fstat':
fs_fstat.c:(.text.file_fstat+0x74): undefined reference to `memset'
/home/regex/.espressif/tools/riscv32-esp-elf/esp-15.2.0_20251204/riscv32-esp-elf/bin/../lib/gcc/riscv32-esp-elf/15.2.0/../../../../riscv32-esp-elf/bin/ld: fs/libfs.a(fs_open.c.o): in function `file_open':
fs_open.c:(.text.file_open+0x1e): undefined reference to `memset'
/home/regex/.espressif/tools/riscv32-esp-elf/esp-15.2.0_20251204/riscv32-esp-elf/bin/../lib/gcc/riscv32-esp-elf/15.2.0/../../../../riscv32-esp-elf/bin/ld: fs/libfs.a(fs_rename.c.o): in function `rename':
fs_rename.c:(.text.rename+0xc4): undefined reference to `strcmp'
/home/regex/.espressif/tools/riscv32-esp-elf/esp-15.2.0_20251204/riscv32-esp-elf/bin/../lib/gcc/riscv32-esp-elf/15.2.0/../../../../riscv32-esp-elf/bin/ld: fs/libfs.a(fs_stat.c.o): in function `inode_stat':
fs_stat.c:(.text.inode_stat+0x2a): undefined reference to `memset'
/home/regex/.espressif/tools/riscv32-esp-elf/esp-15.2.0_20251204/riscv32-esp-elf/bin/../lib/gcc/riscv32-esp-elf/15.2.0/../../../../riscv32-esp-elf/bin/ld: fs/libfs.a(fs_uio.c.o): in function `uio_init':
fs_uio.c:(.text.uio_init+0x16): undefined reference to `memset'
/home/regex/.espressif/tools/riscv32-esp-elf/esp-15.2.0_20251204/riscv32-esp-elf/bin/../lib/gcc/riscv32-esp-elf/15.2.0/../../../../riscv32-esp-elf/bin/ld: fs/libfs.a(fs_files.c.o): in function `fdlist_extend':
fs_files.c:(.text.fdlist_extend+0xd6): undefined reference to `memcpy'
/home/regex/.espressif/tools/riscv32-esp-elf/esp-15.2.0_20251204/riscv32-esp-elf/bin/../lib/gcc/riscv32-esp-elf/15.2.0/../../../../riscv32-esp-elf/bin/ld: libs/libc/libc.a(env_getenv.c.o): in function `getenv':
env_getenv.c:(.text.getenv+0x172): undefined reference to `strchr'
/home/regex/.espressif/tools/riscv32-esp-elf/esp-15.2.0_20251204/riscv32-esp-elf/bin/../lib/gcc/riscv32-esp-elf/15.2.0/../../../../riscv32-esp-elf/bin/ld: libs/libc/libc.a(lib_fputs.c.o): in function `fputs_unlocked':
lib_fputs.c:(.text.fputs_unlocked+0x18): undefined reference to `strlen'
/home/regex/.espressif/tools/riscv32-esp-elf/esp-15.2.0_20251204/riscv32-esp-elf/bin/../lib/gcc/riscv32-esp-elf/15.2.0/../../../../riscv32-esp-elf/bin/ld: libs/libc/libc.a(lib_memoutstream.c.o): in function `memoutstream_puts':
lib_memoutstream.c:(.text.memoutstream_puts+0x32): undefined reference to `memcpy'
/home/regex/.espressif/tools/riscv32-esp-elf/esp-15.2.0_20251204/riscv32-esp-elf/bin/../lib/gcc/riscv32-esp-elf/15.2.0/../../../../riscv32-esp-elf/bin/ld: libs/libc/libc.a(lib_libvsprintf.c.o): in function `vsprintf_internal.constprop.0':
lib_libvsprintf.c:(.text.vsprintf_internal.constprop.0+0x7a4): undefined reference to `strnlen'
/home/regex/.espressif/tools/riscv32-esp-elf/esp-15.2.0_20251204/riscv32-esp-elf/bin/../lib/gcc/riscv32-esp-elf/15.2.0/../../../../riscv32-esp-elf/bin/ld: libs/libc/libc.a(lib_strdup.c.o): in function `strdup':
lib_strdup.c:(.text.strdup+0x8): undefined reference to `strlen'
/home/regex/.espressif/tools/riscv32-esp-elf/esp-15.2.0_20251204/riscv32-esp-elf/bin/../lib/gcc/riscv32-esp-elf/15.2.0/../../../../riscv32-esp-elf/bin/ld: lib_strdup.c:(.text.strdup+0x22): undefined reference to `memcpy'
/home/regex/.espressif/tools/riscv32-esp-elf/esp-15.2.0_20251204/riscv32-esp-elf/bin/../lib/gcc/riscv32-esp-elf/15.2.0/../../../../riscv32-esp-elf/bin/ld: libs/libc/libc.a(lib_strdup.c.o): in function `nx_strdup':
lib_strdup.c:(.text.nx_strdup+0x8): undefined reference to `strlen'
/home/regex/.espressif/tools/riscv32-esp-elf/esp-15.2.0_20251204/riscv32-esp-elf/bin/../lib/gcc/riscv32-esp-elf/15.2.0/../../../../riscv32-esp-elf/bin/ld: lib_strdup.c:(.text.nx_strdup+0x22): undefined reference to `strlcpy'
/home/regex/.espressif/tools/riscv32-esp-elf/esp-15.2.0_20251204/riscv32-esp-elf/bin/../lib/gcc/riscv32-esp-elf/15.2.0/../../../../riscv32-esp-elf/bin/ld: libs/libc/libc.a(lib_strlcat.c.o): in function `strlcat':
lib_strlcat.c:(.text.strlcat+0x1e): undefined reference to `strlen'
/home/regex/.espressif/tools/riscv32-esp-elf/esp-15.2.0_20251204/riscv32-esp-elf/bin/../lib/gcc/riscv32-esp-elf/15.2.0/../../../../riscv32-esp-elf/bin/ld: libs/libc/libc.a(lib_times.c.o): in function `times':
lib_times.c:(.text.times+0xa): undefined reference to `memset'
/home/regex/.espressif/tools/riscv32-esp-elf/esp-15.2.0_20251204/riscv32-esp-elf/bin/../lib/gcc/riscv32-esp-elf/15.2.0/../../../../riscv32-esp-elf/bin/ld: libs/libc/libc.a(lib_libfwrite.c.o): in function `lib_fwrite_unlocked':
lib_libfwrite.c:(.text.lib_fwrite_unlocked+0x8c): undefined reference to `memcpy'
/home/regex/.espressif/tools/riscv32-esp-elf/esp-15.2.0_20251204/riscv32-esp-elf/bin/../lib/gcc/riscv32-esp-elf/15.2.0/../../../../riscv32-esp-elf/bin/ld: lib_libfwrite.c:(.text.lib_fwrite_unlocked+0xb8): undefined reference to `memchr'
/home/regex/.espressif/tools/riscv32-esp-elf/esp-15.2.0_20251204/riscv32-esp-elf/bin/../lib/gcc/riscv32-esp-elf/15.2.0/../../../../riscv32-esp-elf/bin/ld: lib_libfwrite.c:(.text.lib_fwrite_unlocked+0xfe): undefined reference to `memcpy'
/home/regex/.espressif/tools/riscv32-esp-elf/esp-15.2.0_20251204/riscv32-esp-elf/bin/../lib/gcc/riscv32-esp-elf/15.2.0/../../../../riscv32-esp-elf/bin/ld: lib_libfwrite.c:(.text.lib_fwrite_unlocked+0x120): undefined reference to `memchr'
/home/regex/.espressif/tools/riscv32-esp-elf/esp-15.2.0_20251204/riscv32-esp-elf/bin/../lib/gcc/riscv32-esp-elf/15.2.0/../../../../riscv32-esp-elf/bin/ld: mm/libmm.a(mm_initialize.c.o): in function `mm_initialize_heap':
mm_initialize.c:(.text.mm_initialize_heap+0x52): undefined reference to `memset'
/home/regex/.espressif/tools/riscv32-esp-elf/esp-15.2.0_20251204/riscv32-esp-elf/bin/../lib/gcc/riscv32-esp-elf/15.2.0/../../../../riscv32-esp-elf/bin/ld: mm_initialize.c:(.text.mm_initialize_heap+0x106): undefined reference to `memset'
/home/regex/.espressif/tools/riscv32-esp-elf/esp-15.2.0_20251204/riscv32-esp-elf/bin/../lib/gcc/riscv32-esp-elf/15.2.0/../../../../riscv32-esp-elf/bin/ld: mm/libmm.a(mm_mallinfo.c.o): in function `mm_mallinfo':
mm_mallinfo.c:(.text.mm_mallinfo+0x12): undefined reference to `memset'
/home/regex/.espressif/tools/riscv32-esp-elf/esp-15.2.0_20251204/riscv32-esp-elf/bin/../lib/gcc/riscv32-esp-elf/15.2.0/../../../../riscv32-esp-elf/bin/ld: mm_mallinfo.c:(.text.mm_mallinfo+0x64): undefined reference to `memcpy'
/home/regex/.espressif/tools/riscv32-esp-elf/esp-15.2.0_20251204/riscv32-esp-elf/bin/../lib/gcc/riscv32-esp-elf/15.2.0/../../../../riscv32-esp-elf/bin/ld: mm/libmm.a(mm_realloc.c.o): in function `mm_realloc':
mm_realloc.c:(.text.mm_realloc+0x4f6): undefined reference to `memcpy'
/home/regex/.espressif/tools/riscv32-esp-elf/esp-15.2.0_20251204/riscv32-esp-elf/bin/../lib/gcc/riscv32-esp-elf/15.2.0/../../../../riscv32-esp-elf/bin/ld: mm_realloc.c:(.text.mm_realloc+0x55e): undefined reference to `memcpy'
/home/regex/.espressif/tools/riscv32-esp-elf/esp-15.2.0_20251204/riscv32-esp-elf/bin/../lib/gcc/riscv32-esp-elf/15.2.0/../../../../riscv32-esp-elf/bin/ld: mm/libmm.a(mm_zalloc.c.o): in function `mm_zalloc':
mm_zalloc.c:(.text.mm_zalloc+0x14): undefined reference to `memset'
/home/regex/.espressif/tools/riscv32-esp-elf/esp-15.2.0_20251204/riscv32-esp-elf/bin/../lib/gcc/riscv32-esp-elf/15.2.0/../../../../riscv32-esp-elf/bin/ld: sched/libsched.a(assert.c.o): in function `dump_task':
assert.c:(.text.dump_task+0x18): undefined reference to `memset'
/home/regex/.espressif/tools/riscv32-esp-elf/esp-15.2.0_20251204/riscv32-esp-elf/bin/../lib/gcc/riscv32-esp-elf/15.2.0/../../../../riscv32-esp-elf/bin/ld: assert.c:(.text.dump_task+0x40): undefined reference to `strchr'
/home/regex/.espressif/tools/riscv32-esp-elf/esp-15.2.0_20251204/riscv32-esp-elf/bin/../lib/gcc/riscv32-esp-elf/15.2.0/../../../../riscv32-esp-elf/bin/ld: sched/libsched.a(assert.c.o): in function `_assert':
assert.c:(.text._assert+0x9e): undefined reference to `strlen'
/home/regex/.espressif/tools/riscv32-esp-elf/esp-15.2.0_20251204/riscv32-esp-elf/bin/../lib/gcc/riscv32-esp-elf/15.2.0/../../../../riscv32-esp-elf/bin/ld: assert.c:(.text._assert+0xbe): undefined reference to `strlen'
/home/regex/.espressif/tools/riscv32-esp-elf/esp-15.2.0_20251204/riscv32-esp-elf/bin/../lib/gcc/riscv32-esp-elf/15.2.0/../../../../riscv32-esp-elf/bin/ld: sched/libsched.a(sched_get_stateinfo.c.o): in function `nxsched_get_stateinfo':
sched_get_stateinfo.c:(.text.nxsched_get_stateinfo+0x52): undefined reference to `strlcpy'
/home/regex/.espressif/tools/riscv32-esp-elf/esp-15.2.0_20251204/riscv32-esp-elf/bin/../lib/gcc/riscv32-esp-elf/15.2.0/../../../../riscv32-esp-elf/bin/ld: sched/libsched.a(task_setup.c.o): in function `nxtask_setup_stackargs':
task_setup.c:(.text.nxtask_setup_stackargs+0x28): undefined reference to `strlen'
/home/regex/.espressif/tools/riscv32-esp-elf/esp-15.2.0_20251204/riscv32-esp-elf/bin/../lib/gcc/riscv32-esp-elf/15.2.0/../../../../riscv32-esp-elf/bin/ld: task_setup.c:(.text.nxtask_setup_stackargs+0x5e): undefined reference to `strlen'
/home/regex/.espressif/tools/riscv32-esp-elf/esp-15.2.0_20251204/riscv32-esp-elf/bin/../lib/gcc/riscv32-esp-elf/15.2.0/../../../../riscv32-esp-elf/bin/ld: task_setup.c:(.text.nxtask_setup_stackargs+0x7a): undefined reference to `strlcpy'
/home/regex/.espressif/tools/riscv32-esp-elf/esp-15.2.0_20251204/riscv32-esp-elf/bin/../lib/gcc/riscv32-esp-elf/15.2.0/../../../../riscv32-esp-elf/bin/ld: task_setup.c:(.text.nxtask_setup_stackargs+0xb6): undefined reference to `strlen'
/home/regex/.espressif/tools/riscv32-esp-elf/esp-15.2.0_20251204/riscv32-esp-elf/bin/../lib/gcc/riscv32-esp-elf/15.2.0/../../../../riscv32-esp-elf/bin/ld: task_setup.c:(.text.nxtask_setup_stackargs+0xe4): undefined reference to `strlen'
/home/regex/.espressif/tools/riscv32-esp-elf/esp-15.2.0_20251204/riscv32-esp-elf/bin/../lib/gcc/riscv32-esp-elf/15.2.0/../../../../riscv32-esp-elf/bin/ld: task_setup.c:(.text.nxtask_setup_stackargs+0xf6): undefined reference to `strlcpy'
/home/regex/.espressif/tools/riscv32-esp-elf/esp-15.2.0_20251204/riscv32-esp-elf/bin/../lib/gcc/riscv32-esp-elf/15.2.0/../../../../riscv32-esp-elf/bin/ld: sched/libsched.a(clock_initialize.c.o): in function `clock_inittime':
clock_initialize.c:(.text.clock_inittime+0x26): undefined reference to `memcpy'
/home/regex/.espressif/tools/riscv32-esp-elf/esp-15.2.0_20251204/riscv32-esp-elf/bin/../lib/gcc/riscv32-esp-elf/15.2.0/../../../../riscv32-esp-elf/bin/ld: sched/libsched.a(sig_dispatch.c.o): in function `nxsig_wakeup_task':
sig_dispatch.c:(.text.nxsig_wakeup_task+0x20): undefined reference to `memcpy'
/home/regex/.espressif/tools/riscv32-esp-elf/esp-15.2.0_20251204/riscv32-esp-elf/bin/../lib/gcc/riscv32-esp-elf/15.2.0/../../../../riscv32-esp-elf/bin/ld: sched/libsched.a(sig_dispatch.c.o): in function `nxsig_tcbdispatch':
sig_dispatch.c:(.text.nxsig_tcbdispatch+0xc6): undefined reference to `memcpy'
/home/regex/.espressif/tools/riscv32-esp-elf/esp-15.2.0_20251204/riscv32-esp-elf/bin/../lib/gcc/riscv32-esp-elf/15.2.0/../../../../riscv32-esp-elf/bin/ld: sig_dispatch.c:(.text.nxsig_tcbdispatch+0x150): undefined reference to `memcpy'
/home/regex/.espressif/tools/riscv32-esp-elf/esp-15.2.0_20251204/riscv32-esp-elf/bin/../lib/gcc/riscv32-esp-elf/15.2.0/../../../../riscv32-esp-elf/bin/ld: sig_dispatch.c:(.text.nxsig_tcbdispatch+0x1dc): undefined reference to `memcpy'
/home/regex/.espressif/tools/riscv32-esp-elf/esp-15.2.0_20251204/riscv32-esp-elf/bin/../lib/gcc/riscv32-esp-elf/15.2.0/../../../../riscv32-esp-elf/bin/ld: sched/libsched.a(sig_notification.c.o):sig_notification.c:(.text.nxsig_notification+0x2c): more undefined references to `memcpy' follow
/home/regex/.espressif/tools/riscv32-esp-elf/esp-15.2.0_20251204/riscv32-esp-elf/bin/../lib/gcc/riscv32-esp-elf/15.2.0/../../../../riscv32-esp-elf/bin/ld: apps/libapps.a(nsh_session.c.o): in function `nsh_session':
nsh_session.c:(.text.nsh_session+0x38): undefined reference to `strlen'
/home/regex/.espressif/tools/riscv32-esp-elf/esp-15.2.0_20251204/riscv32-esp-elf/bin/../lib/gcc/riscv32-esp-elf/15.2.0/../../../../riscv32-esp-elf/bin/ld: nsh_session.c:(.text.nsh_session+0x66): undefined reference to `strlen'
/home/regex/.espressif/tools/riscv32-esp-elf/esp-15.2.0_20251204/riscv32-esp-elf/bin/../lib/gcc/riscv32-esp-elf/15.2.0/../../../../riscv32-esp-elf/bin/ld: nsh_session.c:(.text.nsh_session+0xc6): undefined reference to `strcmp'
/home/regex/.espressif/tools/riscv32-esp-elf/esp-15.2.0_20251204/riscv32-esp-elf/bin/../lib/gcc/riscv32-esp-elf/15.2.0/../../../../riscv32-esp-elf/bin/ld: nsh_session.c:(.text.nsh_session+0xee): undefined reference to `strcmp'
/home/regex/.espressif/tools/riscv32-esp-elf/esp-15.2.0_20251204/riscv32-esp-elf/bin/../lib/gcc/riscv32-esp-elf/15.2.0/../../../../riscv32-esp-elf/bin/ld: apps/libapps.a(readline_fd.c.o): in function `readline_fd':
readline_fd.c:(.text.readline_fd+0x2e): undefined reference to `memcpy'
/home/regex/.espressif/tools/riscv32-esp-elf/esp-15.2.0_20251204/riscv32-esp-elf/bin/../lib/gcc/riscv32-esp-elf/15.2.0/../../../../riscv32-esp-elf/bin/ld: apps/libapps.a(nsh_parse.c.o): in function `nsh_strcat':
nsh_parse.c:(.text.nsh_strcat+0x1a): undefined reference to `strlen'
/home/regex/.espressif/tools/riscv32-esp-elf/esp-15.2.0_20251204/riscv32-esp-elf/bin/../lib/gcc/riscv32-esp-elf/15.2.0/../../../../riscv32-esp-elf/bin/ld: nsh_parse.c:(.text.nsh_strcat+0x26): undefined reference to `strlen'
/home/regex/.espressif/tools/riscv32-esp-elf/esp-15.2.0_20251204/riscv32-esp-elf/bin/../lib/gcc/riscv32-esp-elf/15.2.0/../../../../riscv32-esp-elf/bin/ld: apps/libapps.a(nsh_parse.c.o): in function `nsh_argument':
nsh_parse.c:(.text.nsh_argument+0x42): undefined reference to `strchr'
/home/regex/.espressif/tools/riscv32-esp-elf/esp-15.2.0_20251204/riscv32-esp-elf/bin/../lib/gcc/riscv32-esp-elf/15.2.0/../../../../riscv32-esp-elf/bin/ld: nsh_parse.c:(.text.nsh_argument+0xb8): undefined reference to `strchr'
/home/regex/.espressif/tools/riscv32-esp-elf/esp-15.2.0_20251204/riscv32-esp-elf/bin/../lib/gcc/riscv32-esp-elf/15.2.0/../../../../riscv32-esp-elf/bin/ld: nsh_parse.c:(.text.nsh_argument+0xd0): undefined reference to `strchr'
/home/regex/.espressif/tools/riscv32-esp-elf/esp-15.2.0_20251204/riscv32-esp-elf/bin/../lib/gcc/riscv32-esp-elf/15.2.0/../../../../riscv32-esp-elf/bin/ld: nsh_parse.c:(.text.nsh_argument+0x1fe): undefined reference to `strcmp'
/home/regex/.espressif/tools/riscv32-esp-elf/esp-15.2.0_20251204/riscv32-esp-elf/bin/../lib/gcc/riscv32-esp-elf/15.2.0/../../../../riscv32-esp-elf/bin/ld: nsh_parse.c:(.text.nsh_argument+0x222): undefined reference to `strchr'
/home/regex/.espressif/tools/riscv32-esp-elf/esp-15.2.0_20251204/riscv32-esp-elf/bin/../lib/gcc/riscv32-esp-elf/15.2.0/../../../../riscv32-esp-elf/bin/ld: nsh_parse.c:(.text.nsh_argument+0x272): undefined reference to `strcmp'
/home/regex/.espressif/tools/riscv32-esp-elf/esp-15.2.0_20251204/riscv32-esp-elf/bin/../lib/gcc/riscv32-esp-elf/15.2.0/../../../../riscv32-esp-elf/bin/ld: apps/libapps.a(nsh_parse.c.o): in function `nsh_parse_command.constprop.0':
nsh_parse.c:(.text.nsh_parse_command.constprop.0+0x2c): undefined reference to `memset'
/home/regex/.espressif/tools/riscv32-esp-elf/esp-15.2.0_20251204/riscv32-esp-elf/bin/../lib/gcc/riscv32-esp-elf/15.2.0/../../../../riscv32-esp-elf/bin/ld: nsh_parse.c:(.text.nsh_parse_command.constprop.0+0x44): undefined reference to `memset'
/home/regex/.espressif/tools/riscv32-esp-elf/esp-15.2.0_20251204/riscv32-esp-elf/bin/../lib/gcc/riscv32-esp-elf/15.2.0/../../../../riscv32-esp-elf/bin/ld: nsh_parse.c:(.text.nsh_parse_command.constprop.0+0x54): undefined reference to `memset'
/home/regex/.espressif/tools/riscv32-esp-elf/esp-15.2.0_20251204/riscv32-esp-elf/bin/../lib/gcc/riscv32-esp-elf/15.2.0/../../../../riscv32-esp-elf/bin/ld: nsh_parse.c:(.text.nsh_parse_command.constprop.0+0x84): undefined reference to `strcmp'
/home/regex/.espressif/tools/riscv32-esp-elf/esp-15.2.0_20251204/riscv32-esp-elf/bin/../lib/gcc/riscv32-esp-elf/15.2.0/../../../../riscv32-esp-elf/bin/ld: nsh_parse.c:(.text.nsh_parse_command.constprop.0+0x98): undefined reference to `strcmp'
/home/regex/.espressif/tools/riscv32-esp-elf/esp-15.2.0_20251204/riscv32-esp-elf/bin/../lib/gcc/riscv32-esp-elf/15.2.0/../../../../riscv32-esp-elf/bin/ld: nsh_parse.c:(.text.nsh_parse_command.constprop.0+0x202): undefined reference to `strcmp'
/home/regex/.espressif/tools/riscv32-esp-elf/esp-15.2.0_20251204/riscv32-esp-elf/bin/../lib/gcc/riscv32-esp-elf/15.2.0/../../../../riscv32-esp-elf/bin/ld: nsh_parse.c:(.text.nsh_parse_command.constprop.0+0x246): undefined reference to `strcmp'
/home/regex/.espressif/tools/riscv32-esp-elf/esp-15.2.0_20251204/riscv32-esp-elf/bin/../lib/gcc/riscv32-esp-elf/15.2.0/../../../../riscv32-esp-elf/bin/ld: nsh_parse.c:(.text.nsh_parse_command.constprop.0+0x2b2): undefined reference to `strcmp'
/home/regex/.espressif/tools/riscv32-esp-elf/esp-15.2.0_20251204/riscv32-esp-elf/bin/../lib/gcc/riscv32-esp-elf/15.2.0/../../../../riscv32-esp-elf/bin/ld: apps/libapps.a(nsh_parse.c.o):nsh_parse.c:(.text.nsh_parse_command.constprop.0+0x3a0): more undefined references to `strcmp' follow
/home/regex/.espressif/tools/riscv32-esp-elf/esp-15.2.0_20251204/riscv32-esp-elf/bin/../lib/gcc/riscv32-esp-elf/15.2.0/../../../../riscv32-esp-elf/bin/ld: apps/libapps.a(nsh_parse.c.o): in function `nsh_parse_command.constprop.0':
nsh_parse.c:(.text.nsh_parse_command.constprop.0+0x7a2): undefined reference to `strchr'
/home/regex/.espressif/tools/riscv32-esp-elf/esp-15.2.0_20251204/riscv32-esp-elf/bin/../lib/gcc/riscv32-esp-elf/15.2.0/../../../../riscv32-esp-elf/bin/ld: nsh_parse.c:(.text.nsh_parse_command.constprop.0+0x7d8): undefined reference to `strchr'
/home/regex/.espressif/tools/riscv32-esp-elf/esp-15.2.0_20251204/riscv32-esp-elf/bin/../lib/gcc/riscv32-esp-elf/15.2.0/../../../../riscv32-esp-elf/bin/ld: nsh_parse.c:(.text.nsh_parse_command.constprop.0+0x814): undefined reference to `strcmp'
/home/regex/.espressif/tools/riscv32-esp-elf/esp-15.2.0_20251204/riscv32-esp-elf/bin/../lib/gcc/riscv32-esp-elf/15.2.0/../../../../riscv32-esp-elf/bin/ld: apps/libapps.a(nsh_parse.c.o): in function `nsh_parse':
nsh_parse.c:(.text.nsh_parse+0xb4): undefined reference to `strchr'
/home/regex/.espressif/tools/riscv32-esp-elf/esp-15.2.0_20251204/riscv32-esp-elf/bin/../lib/gcc/riscv32-esp-elf/15.2.0/../../../../riscv32-esp-elf/bin/ld: apps/libapps.a(nsh_command.c.o): in function `help_cmd.isra.0':
nsh_command.c:(.text.help_cmd.isra.0+0x32): undefined reference to `strcmp'
/home/regex/.espressif/tools/riscv32-esp-elf/esp-15.2.0_20251204/riscv32-esp-elf/bin/../lib/gcc/riscv32-esp-elf/15.2.0/../../../../riscv32-esp-elf/bin/ld: apps/libapps.a(nsh_command.c.o): in function `cmd_help':
nsh_command.c:(.text.cmd_help+0x32): undefined reference to `strcmp'
/home/regex/.espressif/tools/riscv32-esp-elf/esp-15.2.0_20251204/riscv32-esp-elf/bin/../lib/gcc/riscv32-esp-elf/15.2.0/../../../../riscv32-esp-elf/bin/ld: nsh_command.c:(.text.cmd_help+0x1fc): undefined reference to `strlcpy'
/home/regex/.espressif/tools/riscv32-esp-elf/esp-15.2.0_20251204/riscv32-esp-elf/bin/../lib/gcc/riscv32-esp-elf/15.2.0/../../../../riscv32-esp-elf/bin/ld: nsh_command.c:(.text.cmd_help+0x20a): undefined reference to `strlen'
/home/regex/.espressif/tools/riscv32-esp-elf/esp-15.2.0_20251204/riscv32-esp-elf/bin/../lib/gcc/riscv32-esp-elf/15.2.0/../../../../riscv32-esp-elf/bin/ld: nsh_command.c:(.text.cmd_help+0x262): undefined reference to `strlcpy'
/home/regex/.espressif/tools/riscv32-esp-elf/esp-15.2.0_20251204/riscv32-esp-elf/bin/../lib/gcc/riscv32-esp-elf/15.2.0/../../../../riscv32-esp-elf/bin/ld: nsh_command.c:(.text.cmd_help+0x26e): undefined reference to `strlen'
/home/regex/.espressif/tools/riscv32-esp-elf/esp-15.2.0_20251204/riscv32-esp-elf/bin/../lib/gcc/riscv32-esp-elf/15.2.0/../../../../riscv32-esp-elf/bin/ld: nsh_command.c:(.text.cmd_help+0x2a6): undefined reference to `strlen'
/home/regex/.espressif/tools/riscv32-esp-elf/esp-15.2.0_20251204/riscv32-esp-elf/bin/../lib/gcc/riscv32-esp-elf/15.2.0/../../../../riscv32-esp-elf/bin/ld: nsh_command.c:(.text.cmd_help+0x2f6): undefined reference to `strlen'
/home/regex/.espressif/tools/riscv32-esp-elf/esp-15.2.0_20251204/riscv32-esp-elf/bin/../lib/gcc/riscv32-esp-elf/15.2.0/../../../../riscv32-esp-elf/bin/ld: apps/libapps.a(nsh_command.c.o): in function `nsh_command':
nsh_command.c:(.text.nsh_command+0x2a): undefined reference to `strcmp'
/home/regex/.espressif/tools/riscv32-esp-elf/esp-15.2.0_20251204/riscv32-esp-elf/bin/../lib/gcc/riscv32-esp-elf/15.2.0/../../../../riscv32-esp-elf/bin/ld: apps/libapps.a(nsh_fscmds.c.o): in function `ls_specialdir':
nsh_fscmds.c:(.text.ls_specialdir+0x10): undefined reference to `strcmp'
/home/regex/.espressif/tools/riscv32-esp-elf/esp-15.2.0_20251204/riscv32-esp-elf/bin/../lib/gcc/riscv32-esp-elf/15.2.0/../../../../riscv32-esp-elf/bin/ld: nsh_fscmds.c:(.text.ls_specialdir+0x24): undefined reference to `strcmp'
/home/regex/.espressif/tools/riscv32-esp-elf/esp-15.2.0_20251204/riscv32-esp-elf/bin/../lib/gcc/riscv32-esp-elf/15.2.0/../../../../riscv32-esp-elf/bin/ld: apps/libapps.a(nsh_fscmds.c.o): in function `cp_recursive':
nsh_fscmds.c:(.text.cp_recursive+0x9c): undefined reference to `strcmp'
/home/regex/.espressif/tools/riscv32-esp-elf/esp-15.2.0_20251204/riscv32-esp-elf/bin/../lib/gcc/riscv32-esp-elf/15.2.0/../../../../riscv32-esp-elf/bin/ld: nsh_fscmds.c:(.text.cp_recursive+0xac): undefined reference to `strcmp'
/home/regex/.espressif/tools/riscv32-esp-elf/esp-15.2.0_20251204/riscv32-esp-elf/bin/../lib/gcc/riscv32-esp-elf/15.2.0/../../../../riscv32-esp-elf/bin/ld: apps/libapps.a(nsh_fscmds.c.o): in function `ls_handler':
nsh_fscmds.c:(.text.ls_handler+0x28): undefined reference to `memset'
/home/regex/.espressif/tools/riscv32-esp-elf/esp-15.2.0_20251204/riscv32-esp-elf/bin/../lib/gcc/riscv32-esp-elf/15.2.0/../../../../riscv32-esp-elf/bin/ld: nsh_fscmds.c:(.text.ls_handler+0xb0): undefined reference to `memcpy'
/home/regex/.espressif/tools/riscv32-esp-elf/esp-15.2.0_20251204/riscv32-esp-elf/bin/../lib/gcc/riscv32-esp-elf/15.2.0/../../../../riscv32-esp-elf/bin/ld: apps/libapps.a(nsh_fscmds.c.o): in function `unlink_recursive':
nsh_fscmds.c:(.text.unlink_recursive+0x56): undefined reference to `strlen'
/home/regex/.espressif/tools/riscv32-esp-elf/esp-15.2.0_20251204/riscv32-esp-elf/bin/../lib/gcc/riscv32-esp-elf/15.2.0/../../../../riscv32-esp-elf/bin/ld: nsh_fscmds.c:(.text.unlink_recursive+0xd0): undefined reference to `strcmp'
/home/regex/.espressif/tools/riscv32-esp-elf/esp-15.2.0_20251204/riscv32-esp-elf/bin/../lib/gcc/riscv32-esp-elf/15.2.0/../../../../riscv32-esp-elf/bin/ld: nsh_fscmds.c:(.text.unlink_recursive+0xde): undefined reference to `strcmp'
/home/regex/.espressif/tools/riscv32-esp-elf/esp-15.2.0_20251204/riscv32-esp-elf/bin/../lib/gcc/riscv32-esp-elf/15.2.0/../../../../riscv32-esp-elf/bin/ld: apps/libapps.a(nsh_fscmds.c.o): in function `cmd_basename':
nsh_fscmds.c:(.text.cmd_basename+0x28): undefined reference to `strlen'
/home/regex/.espressif/tools/riscv32-esp-elf/esp-15.2.0_20251204/riscv32-esp-elf/bin/../lib/gcc/riscv32-esp-elf/15.2.0/../../../../riscv32-esp-elf/bin/ld: nsh_fscmds.c:(.text.cmd_basename+0x34): undefined reference to `strlen'
/home/regex/.espressif/tools/riscv32-esp-elf/esp-15.2.0_20251204/riscv32-esp-elf/bin/../lib/gcc/riscv32-esp-elf/15.2.0/../../../../riscv32-esp-elf/bin/ld: nsh_fscmds.c:(.text.cmd_basename+0x48): undefined reference to `strcmp'
/home/regex/.espressif/tools/riscv32-esp-elf/esp-15.2.0_20251204/riscv32-esp-elf/bin/../lib/gcc/riscv32-esp-elf/15.2.0/../../../../riscv32-esp-elf/bin/ld: apps/libapps.a(nsh_fscmds.c.o): in function `cmd_cp':
nsh_fscmds.c:(.text.cmd_cp+0xb6): undefined reference to `strcmp'
/home/regex/.espressif/tools/riscv32-esp-elf/esp-15.2.0_20251204/riscv32-esp-elf/bin/../lib/gcc/riscv32-esp-elf/15.2.0/../../../../riscv32-esp-elf/bin/ld: apps/libapps.a(nsh_fscmds.c.o): in function `cmd_ls':
nsh_fscmds.c:(.text.cmd_ls+0x10a): undefined reference to `strlen'
/home/regex/.espressif/tools/riscv32-esp-elf/esp-15.2.0_20251204/riscv32-esp-elf/bin/../lib/gcc/riscv32-esp-elf/15.2.0/../../../../riscv32-esp-elf/bin/ld: apps/libapps.a(nsh_fscmds.c.o): in function `cmd_mkdir':
nsh_fscmds.c:(.text.cmd_mkdir+0x86): undefined reference to `strchr'
/home/regex/.espressif/tools/riscv32-esp-elf/esp-15.2.0_20251204/riscv32-esp-elf/bin/../lib/gcc/riscv32-esp-elf/15.2.0/../../../../riscv32-esp-elf/bin/ld: apps/libapps.a(nsh_fscmds.c.o): in function `cmd_rm':
nsh_fscmds.c:(.text.cmd_rm+0xf6): undefined reference to `strlcpy'
/home/regex/.espressif/tools/riscv32-esp-elf/esp-15.2.0_20251204/riscv32-esp-elf/bin/../lib/gcc/riscv32-esp-elf/15.2.0/../../../../riscv32-esp-elf/bin/ld: apps/libapps.a(nsh_fscmds.c.o): in function `cmd_cmp':
nsh_fscmds.c:(.text.cmd_cmp+0x1a8): undefined reference to `memcmp'
/home/regex/.espressif/tools/riscv32-esp-elf/esp-15.2.0_20251204/riscv32-esp-elf/bin/../lib/gcc/riscv32-esp-elf/15.2.0/../../../../riscv32-esp-elf/bin/ld: apps/libapps.a(nsh_fscmds.c.o): in function `cmd_truncate':
nsh_fscmds.c:(.text.cmd_truncate+0x1e): undefined reference to `strcmp'
/home/regex/.espressif/tools/riscv32-esp-elf/esp-15.2.0_20251204/riscv32-esp-elf/bin/../lib/gcc/riscv32-esp-elf/15.2.0/../../../../riscv32-esp-elf/bin/ld: apps/libapps.a(nsh_ddcmd.c.o): in function `cmd_dd':
nsh_ddcmd.c:(.text.cmd_dd+0x24): undefined reference to `memset'
/home/regex/.espressif/tools/riscv32-esp-elf/esp-15.2.0_20251204/riscv32-esp-elf/bin/../lib/gcc/riscv32-esp-elf/15.2.0/../../../../riscv32-esp-elf/bin/ld: nsh_ddcmd.c:(.text.cmd_dd+0x4e4): undefined reference to `memcmp'
/home/regex/.espressif/tools/riscv32-esp-elf/esp-15.2.0_20251204/riscv32-esp-elf/bin/../lib/gcc/riscv32-esp-elf/15.2.0/../../../../riscv32-esp-elf/bin/ld: apps/libapps.a(nsh_proccmds.c.o): in function `ps_readprocfs':
nsh_proccmds.c:(.text.ps_readprocfs+0x98): undefined reference to `strlen'
/home/regex/.espressif/tools/riscv32-esp-elf/esp-15.2.0_20251204/riscv32-esp-elf/bin/../lib/gcc/riscv32-esp-elf/15.2.0/../../../../riscv32-esp-elf/bin/ld: apps/libapps.a(nsh_proccmds.c.o): in function `ps_callback':
nsh_proccmds.c:(.text.ps_callback+0xf2): undefined reference to `strlen'
/home/regex/.espressif/tools/riscv32-esp-elf/esp-15.2.0_20251204/riscv32-esp-elf/bin/../lib/gcc/riscv32-esp-elf/15.2.0/../../../../riscv32-esp-elf/bin/ld: nsh_proccmds.c:(.text.ps_callback+0x168): undefined reference to `strlen'
/home/regex/.espressif/tools/riscv32-esp-elf/esp-15.2.0_20251204/riscv32-esp-elf/bin/../lib/gcc/riscv32-esp-elf/15.2.0/../../../../riscv32-esp-elf/bin/ld: nsh_proccmds.c:(.text.ps_callback+0x206): undefined reference to `strlen'
/home/regex/.espressif/tools/riscv32-esp-elf/esp-15.2.0_20251204/riscv32-esp-elf/bin/../lib/gcc/riscv32-esp-elf/15.2.0/../../../../riscv32-esp-elf/bin/ld: nsh_proccmds.c:(.text.ps_callback+0x228): undefined reference to `strlen'
/home/regex/.espressif/tools/riscv32-esp-elf/esp-15.2.0_20251204/riscv32-esp-elf/bin/../lib/gcc/riscv32-esp-elf/15.2.0/../../../../riscv32-esp-elf/bin/ld: nsh_proccmds.c:(.text.ps_callback+0x24a): undefined reference to `strchr'
/home/regex/.espressif/tools/riscv32-esp-elf/esp-15.2.0_20251204/riscv32-esp-elf/bin/../lib/gcc/riscv32-esp-elf/15.2.0/../../../../riscv32-esp-elf/bin/ld: nsh_proccmds.c:(.text.ps_callback+0x26c): undefined reference to `strlen'
/home/regex/.espressif/tools/riscv32-esp-elf/esp-15.2.0_20251204/riscv32-esp-elf/bin/../lib/gcc/riscv32-esp-elf/15.2.0/../../../../riscv32-esp-elf/bin/ld: nsh_proccmds.c:(.text.ps_callback+0x29a): undefined reference to `strlen'
/home/regex/.espressif/tools/riscv32-esp-elf/esp-15.2.0_20251204/riscv32-esp-elf/bin/../lib/gcc/riscv32-esp-elf/15.2.0/../../../../riscv32-esp-elf/bin/ld: nsh_proccmds.c:(.text.ps_callback+0x2e0): undefined reference to `strlen'
/home/regex/.espressif/tools/riscv32-esp-elf/esp-15.2.0_20251204/riscv32-esp-elf/bin/../lib/gcc/riscv32-esp-elf/15.2.0/../../../../riscv32-esp-elf/bin/ld: nsh_proccmds.c:(.text.ps_callback+0x30e): undefined reference to `strlen'
/home/regex/.espressif/tools/riscv32-esp-elf/esp-15.2.0_20251204/riscv32-esp-elf/bin/../lib/gcc/riscv32-esp-elf/15.2.0/../../../../riscv32-esp-elf/bin/ld: apps/libapps.a(nsh_proccmds.c.o): in function `cmd_ps':
nsh_proccmds.c:(.text.cmd_ps+0xc2): undefined reference to `strcpy'
/home/regex/.espressif/tools/riscv32-esp-elf/esp-15.2.0_20251204/riscv32-esp-elf/bin/../lib/gcc/riscv32-esp-elf/15.2.0/../../../../riscv32-esp-elf/bin/ld: apps/libapps.a(nsh_proccmds.c.o): in function `cmd_uptime':
nsh_proccmds.c:(.text.cmd_uptime+0x14a): undefined reference to `strcmp'
/home/regex/.espressif/tools/riscv32-esp-elf/esp-15.2.0_20251204/riscv32-esp-elf/bin/../lib/gcc/riscv32-esp-elf/15.2.0/../../../../riscv32-esp-elf/bin/ld: nsh_proccmds.c:(.text.cmd_uptime+0x162): undefined reference to `strcmp'
/home/regex/.espressif/tools/riscv32-esp-elf/esp-15.2.0_20251204/riscv32-esp-elf/bin/../lib/gcc/riscv32-esp-elf/15.2.0/../../../../riscv32-esp-elf/bin/ld: nsh_proccmds.c:(.text.cmd_uptime+0x1ba): undefined reference to `strcmp'
/home/regex/.espressif/tools/riscv32-esp-elf/esp-15.2.0_20251204/riscv32-esp-elf/bin/../lib/gcc/riscv32-esp-elf/15.2.0/../../../../riscv32-esp-elf/bin/ld: apps/libapps.a(nsh_timcmds.c.o): in function `cmd_date':
nsh_timcmds.c:(.text.cmd_date+0x90): undefined reference to `memset'
/home/regex/.espressif/tools/riscv32-esp-elf/esp-15.2.0_20251204/riscv32-esp-elf/bin/../lib/gcc/riscv32-esp-elf/15.2.0/../../../../riscv32-esp-elf/bin/ld: apps/libapps.a(nsh_timcmds.c.o): in function `cmd_watch':
nsh_timcmds.c:(.text.cmd_watch+0xe2): undefined reference to `strlcpy'
/home/regex/.espressif/tools/riscv32-esp-elf/esp-15.2.0_20251204/riscv32-esp-elf/bin/../lib/gcc/riscv32-esp-elf/15.2.0/../../../../riscv32-esp-elf/bin/ld: apps/libapps.a(nsh_envcmds.c.o): in function `nsh_getfullpath':
nsh_envcmds.c:(.text.nsh_getfullpath+0x3e): undefined reference to `strcmp'
/home/regex/.espressif/tools/riscv32-esp-elf/esp-15.2.0_20251204/riscv32-esp-elf/bin/../lib/gcc/riscv32-esp-elf/15.2.0/../../../../riscv32-esp-elf/bin/ld: apps/libapps.a(nsh_envcmds.c.o): in function `cmd_cd':
nsh_envcmds.c:(.text.cmd_cd+0x8a): undefined reference to `strcmp'
/home/regex/.espressif/tools/riscv32-esp-elf/esp-15.2.0_20251204/riscv32-esp-elf/bin/../lib/gcc/riscv32-esp-elf/15.2.0/../../../../riscv32-esp-elf/bin/ld: nsh_envcmds.c:(.text.cmd_cd+0x9e): undefined reference to `strcmp'
/home/regex/.espressif/tools/riscv32-esp-elf/esp-15.2.0_20251204/riscv32-esp-elf/bin/../lib/gcc/riscv32-esp-elf/15.2.0/../../../../riscv32-esp-elf/bin/ld: nsh_envcmds.c:(.text.cmd_cd+0xd2): undefined reference to `strcmp'
/home/regex/.espressif/tools/riscv32-esp-elf/esp-15.2.0_20251204/riscv32-esp-elf/bin/../lib/gcc/riscv32-esp-elf/15.2.0/../../../../riscv32-esp-elf/bin/ld: apps/libapps.a(nsh_envcmds.c.o): in function `cmd_set':
nsh_envcmds.c:(.text.cmd_set+0x34): undefined reference to `strlen'
/home/regex/.espressif/tools/riscv32-esp-elf/esp-15.2.0_20251204/riscv32-esp-elf/bin/../lib/gcc/riscv32-esp-elf/15.2.0/../../../../riscv32-esp-elf/bin/ld: nsh_envcmds.c:(.text.cmd_set+0x106): undefined reference to `strchr'
/home/regex/.espressif/tools/riscv32-esp-elf/esp-15.2.0_20251204/riscv32-esp-elf/bin/../lib/gcc/riscv32-esp-elf/15.2.0/../../../../riscv32-esp-elf/bin/ld: apps/libapps.a(nsh_syscmds.c.o): in function `cmd_reboot':
nsh_syscmds.c:(.text.cmd_reboot+0x32): undefined reference to `strcmp'
/home/regex/.espressif/tools/riscv32-esp-elf/esp-15.2.0_20251204/riscv32-esp-elf/bin/../lib/gcc/riscv32-esp-elf/15.2.0/../../../../riscv32-esp-elf/bin/ld: apps/libapps.a(nsh_syscmds.c.o): in function `cmd_uname':
nsh_syscmds.c:(.text.cmd_uname+0x182): undefined reference to `strlen'
/home/regex/.espressif/tools/riscv32-esp-elf/esp-15.2.0_20251204/riscv32-esp-elf/bin/../lib/gcc/riscv32-esp-elf/15.2.0/../../../../riscv32-esp-elf/bin/ld: apps/libapps.a(nsh_dbgcmds.c.o): in function `nsh_dumpbuffer':
nsh_dbgcmds.c:(.text.nsh_dumpbuffer+0x84): undefined reference to `strlen'
/home/regex/.espressif/tools/riscv32-esp-elf/esp-15.2.0_20251204/riscv32-esp-elf/bin/../lib/gcc/riscv32-esp-elf/15.2.0/../../../../riscv32-esp-elf/bin/ld: nsh_dbgcmds.c:(.text.nsh_dumpbuffer+0xb6): undefined reference to `strlen'
/home/regex/.espressif/tools/riscv32-esp-elf/esp-15.2.0_20251204/riscv32-esp-elf/bin/../lib/gcc/riscv32-esp-elf/15.2.0/../../../../riscv32-esp-elf/bin/ld: nsh_dbgcmds.c:(.text.nsh_dumpbuffer+0x100): undefined reference to `strlen'
/home/regex/.espressif/tools/riscv32-esp-elf/esp-15.2.0_20251204/riscv32-esp-elf/bin/../lib/gcc/riscv32-esp-elf/15.2.0/../../../../riscv32-esp-elf/bin/ld: nsh_dbgcmds.c:(.text.nsh_dumpbuffer+0x12c): undefined reference to `strlcpy'
/home/regex/.espressif/tools/riscv32-esp-elf/esp-15.2.0_20251204/riscv32-esp-elf/bin/../lib/gcc/riscv32-esp-elf/15.2.0/../../../../riscv32-esp-elf/bin/ld: apps/libapps.a(nsh_fsutils.c.o): in function `getpid_callback':
nsh_fsutils.c:(.text.getpid_callback+0x92): undefined reference to `strlen'
/home/regex/.espressif/tools/riscv32-esp-elf/esp-15.2.0_20251204/riscv32-esp-elf/bin/../lib/gcc/riscv32-esp-elf/15.2.0/../../../../riscv32-esp-elf/bin/ld: apps/libapps.a(nsh_fsutils.c.o): in function `nsh_trimdir':
nsh_fsutils.c:(.text.nsh_trimdir+0x8): undefined reference to `strlen'
/home/regex/.espressif/tools/riscv32-esp-elf/esp-15.2.0_20251204/riscv32-esp-elf/bin/../lib/gcc/riscv32-esp-elf/15.2.0/../../../../riscv32-esp-elf/bin/ld: apps/libapps.a(nsh_fsutils.c.o): in function `nsh_trimspaces':
nsh_fsutils.c:(.text.nsh_trimspaces+0x14): undefined reference to `strlen'
/home/regex/.espressif/tools/riscv32-esp-elf/esp-15.2.0_20251204/riscv32-esp-elf/bin/../lib/gcc/riscv32-esp-elf/15.2.0/../../../../riscv32-esp-elf/bin/ld: apps/libapps.a(nsh_fsutils.c.o): in function `nsh_getdirpath':
nsh_fsutils.c:(.text.nsh_getdirpath+0x18): undefined reference to `strcmp'
/home/regex/.espressif/tools/riscv32-esp-elf/esp-15.2.0_20251204/riscv32-esp-elf/bin/../lib/gcc/riscv32-esp-elf/15.2.0/../../../../riscv32-esp-elf/bin/ld: apps/libapps.a(nsh_mntcmds.c.o): in function `cmd_df':
nsh_mntcmds.c:(.text.cmd_df+0x1c): undefined reference to `strcmp'
/home/regex/.espressif/tools/riscv32-esp-elf/esp-15.2.0_20251204/riscv32-esp-elf/bin/../lib/gcc/riscv32-esp-elf/15.2.0/../../../../riscv32-esp-elf/bin/ld: apps/libapps.a(nsh_printf.c.o): in function `cmd_printf':
nsh_printf.c:(.text.cmd_printf+0x9c): undefined reference to `strnlen'
/home/regex/.espressif/tools/riscv32-esp-elf/esp-15.2.0_20251204/riscv32-esp-elf/bin/../lib/gcc/riscv32-esp-elf/15.2.0/../../../../riscv32-esp-elf/bin/ld: apps/libapps.a(nsh_test.c.o): in function `expression':
nsh_test.c:(.text.expression+0x44): undefined reference to `strcmp'
/home/regex/.espressif/tools/riscv32-esp-elf/esp-15.2.0_20251204/riscv32-esp-elf/bin/../lib/gcc/riscv32-esp-elf/15.2.0/../../../../riscv32-esp-elf/bin/ld: nsh_test.c:(.text.expression+0xa2): undefined reference to `strcmp'
/home/regex/.espressif/tools/riscv32-esp-elf/esp-15.2.0_20251204/riscv32-esp-elf/bin/../lib/gcc/riscv32-esp-elf/15.2.0/../../../../riscv32-esp-elf/bin/ld: nsh_test.c:(.text.expression+0xd0): undefined reference to `strcmp'
/home/regex/.espressif/tools/riscv32-esp-elf/esp-15.2.0_20251204/riscv32-esp-elf/bin/../lib/gcc/riscv32-esp-elf/15.2.0/../../../../riscv32-esp-elf/bin/ld: nsh_test.c:(.text.expression+0xf6): undefined reference to `strcmp'
/home/regex/.espressif/tools/riscv32-esp-elf/esp-15.2.0_20251204/riscv32-esp-elf/bin/../lib/gcc/riscv32-esp-elf/15.2.0/../../../../riscv32-esp-elf/bin/ld: nsh_test.c:(.text.expression+0x130): undefined reference to `memset'
/home/regex/.espressif/tools/riscv32-esp-elf/esp-15.2.0_20251204/riscv32-esp-elf/bin/../lib/gcc/riscv32-esp-elf/15.2.0/../../../../riscv32-esp-elf/bin/ld: nsh_test.c:(.text.expression+0x142): undefined reference to `strcmp'
/home/regex/.espressif/tools/riscv32-esp-elf/esp-15.2.0_20251204/riscv32-esp-elf/bin/../lib/gcc/riscv32-esp-elf/15.2.0/../../../../riscv32-esp-elf/bin/ld: nsh_test.c:(.text.expression+0x166): undefined reference to `strcmp'
/home/regex/.espressif/tools/riscv32-esp-elf/esp-15.2.0_20251204/riscv32-esp-elf/bin/../lib/gcc/riscv32-esp-elf/15.2.0/../../../../riscv32-esp-elf/bin/ld: nsh_test.c:(.text.expression+0x186): undefined reference to `strcmp'
/home/regex/.espressif/tools/riscv32-esp-elf/esp-15.2.0_20251204/riscv32-esp-elf/bin/../lib/gcc/riscv32-esp-elf/15.2.0/../../../../riscv32-esp-elf/bin/ld: nsh_test.c:(.text.expression+0x1a6): undefined reference to `strcmp'
/home/regex/.espressif/tools/riscv32-esp-elf/esp-15.2.0_20251204/riscv32-esp-elf/bin/../lib/gcc/riscv32-esp-elf/15.2.0/../../../../riscv32-esp-elf/bin/ld: nsh_test.c:(.text.expression+0x1c0): undefined reference to `strcmp'
/home/regex/.espressif/tools/riscv32-esp-elf/esp-15.2.0_20251204/riscv32-esp-elf/bin/../lib/gcc/riscv32-esp-elf/15.2.0/../../../../riscv32-esp-elf/bin/ld: apps/libapps.a(nsh_test.c.o):nsh_test.c:(.text.expression+0x1e0): more undefined references to `strcmp' follow
/home/regex/.espressif/tools/riscv32-esp-elf/esp-15.2.0_20251204/riscv32-esp-elf/bin/../lib/gcc/riscv32-esp-elf/15.2.0/../../../../riscv32-esp-elf/bin/ld: apps/libapps.a(nsh_alias.c.o): in function `cmd_alias':
nsh_alias.c:(.text.cmd_alias+0x78): undefined reference to `strchr'
/home/regex/.espressif/tools/riscv32-esp-elf/esp-15.2.0_20251204/riscv32-esp-elf/bin/../lib/gcc/riscv32-esp-elf/15.2.0/../../../../riscv32-esp-elf/bin/ld: arch/libarch.a(riscv_initialstate.c.o): in function `up_initial_state':
riscv_initialstate.c:(.text.up_initial_state+0x14): undefined reference to `memset'
/home/regex/.espressif/tools/riscv32-esp-elf/esp-15.2.0_20251204/riscv32-esp-elf/bin/../lib/gcc/riscv32-esp-elf/15.2.0/../../../../riscv32-esp-elf/bin/ld: riscv_initialstate.c:(.text.up_initial_state+0x5e): undefined reference to `memset'
/home/regex/.espressif/tools/riscv32-esp-elf/esp-15.2.0_20251204/riscv32-esp-elf/bin/../lib/gcc/riscv32-esp-elf/15.2.0/../../../../riscv32-esp-elf/bin/ld: arch/libarch.a(riscv_stackframe.c.o): in function `up_stack_frame':
riscv_stackframe.c:(.text.up_stack_frame+0x24): undefined reference to `memset'
/home/regex/.espressif/tools/riscv32-esp-elf/esp-15.2.0_20251204/riscv32-esp-elf/bin/../lib/gcc/riscv32-esp-elf/15.2.0/../../../../riscv32-esp-elf/bin/ld: arch/libarch.a(riscv_schedulesigaction.c.o): in function `up_schedule_sigaction':
riscv_schedulesigaction.c:(.text.up_schedule_sigaction+0x18): undefined reference to `memcpy'
/home/regex/.espressif/tools/riscv32-esp-elf/esp-15.2.0_20251204/riscv32-esp-elf/bin/../lib/gcc/riscv32-esp-elf/15.2.0/../../../../riscv32-esp-elf/bin/ld: audio/libaudio.a(audio.c.o): in function `audio_ioctl':
audio.c:(.text.audio_ioctl+0x208): undefined reference to `memcpy'
/home/regex/.espressif/tools/riscv32-esp-elf/esp-15.2.0_20251204/riscv32-esp-elf/bin/../lib/gcc/riscv32-esp-elf/15.2.0/../../../../riscv32-esp-elf/bin/ld: audio.c:(.text.audio_ioctl+0x398): undefined reference to `memset'
/home/regex/.espressif/tools/riscv32-esp-elf/esp-15.2.0_20251204/riscv32-esp-elf/bin/../lib/gcc/riscv32-esp-elf/15.2.0/../../../../riscv32-esp-elf/bin/ld: audio.c:(.text.audio_ioctl+0x564): undefined reference to `memcpy'
/home/regex/.espressif/tools/riscv32-esp-elf/esp-15.2.0_20251204/riscv32-esp-elf/bin/../lib/gcc/riscv32-esp-elf/15.2.0/../../../../riscv32-esp-elf/bin/ld: audio/libaudio.a(audio.c.o): in function `audio_get_path.constprop.0':
audio.c:(.text.audio_get_path.constprop.0+0x1a): undefined reference to `strlcpy'
/home/regex/.espressif/tools/riscv32-esp-elf/esp-15.2.0_20251204/riscv32-esp-elf/bin/../lib/gcc/riscv32-esp-elf/15.2.0/../../../../riscv32-esp-elf/bin/ld: audio/libaudio.a(audio.c.o): in function `audio_callback':
audio.c:(.text.audio_callback+0x76): undefined reference to `memset'
/home/regex/.espressif/tools/riscv32-esp-elf/esp-15.2.0_20251204/riscv32-esp-elf/bin/../lib/gcc/riscv32-esp-elf/15.2.0/../../../../riscv32-esp-elf/bin/ld: drivers/libdrivers.a(rtc.c.o): in function `rtc_ioctl':
rtc.c:(.text.rtc_ioctl+0x18e): undefined reference to `memcpy'
/home/regex/.espressif/tools/riscv32-esp-elf/esp-15.2.0_20251204/riscv32-esp-elf/bin/../lib/gcc/riscv32-esp-elf/15.2.0/../../../../riscv32-esp-elf/bin/ld: rtc.c:(.text.rtc_ioctl+0x1b0): undefined reference to `memcpy'
/home/regex/.espressif/tools/riscv32-esp-elf/esp-15.2.0_20251204/riscv32-esp-elf/bin/../lib/gcc/riscv32-esp-elf/15.2.0/../../../../riscv32-esp-elf/bin/ld: rtc.c:(.text.rtc_ioctl+0x22a): undefined reference to `memcpy'
/home/regex/.espressif/tools/riscv32-esp-elf/esp-15.2.0_20251204/riscv32-esp-elf/bin/../lib/gcc/riscv32-esp-elf/15.2.0/../../../../riscv32-esp-elf/bin/ld: rtc.c:(.text.rtc_ioctl+0x312): undefined reference to `memcpy'
/home/regex/.espressif/tools/riscv32-esp-elf/esp-15.2.0_20251204/riscv32-esp-elf/bin/../lib/gcc/riscv32-esp-elf/15.2.0/../../../../riscv32-esp-elf/bin/ld: drivers/libdrivers.a(bchlib_read.c.o): in function `bchlib_read':
bchlib_read.c:(.text.bchlib_read+0x5c): undefined reference to `memcpy'
/home/regex/.espressif/tools/riscv32-esp-elf/esp-15.2.0_20251204/riscv32-esp-elf/bin/../lib/gcc/riscv32-esp-elf/15.2.0/../../../../riscv32-esp-elf/bin/ld: drivers/libdrivers.a(bchlib_read.c.o):bchlib_read.c:(.text.bchlib_read+0xdc): more undefined references to `memcpy' follow
/home/regex/.espressif/tools/riscv32-esp-elf/esp-15.2.0_20251204/riscv32-esp-elf/bin/../lib/gcc/riscv32-esp-elf/15.2.0/../../../../riscv32-esp-elf/bin/ld: drivers/libdrivers.a(dev_zero.c.o): in function `devzero_readv':
dev_zero.c:(.text.devzero_readv+0x42): undefined reference to `memset'
/home/regex/.espressif/tools/riscv32-esp-elf/esp-15.2.0_20251204/riscv32-esp-elf/bin/../lib/gcc/riscv32-esp-elf/15.2.0/../../../../riscv32-esp-elf/bin/ld: fs/libfs.a(fs_mount.c.o): in function `nx_mount':
fs_mount.c:(.text.nx_mount+0x42): undefined reference to `strcmp'
/home/regex/.espressif/tools/riscv32-esp-elf/esp-15.2.0_20251204/riscv32-esp-elf/bin/../lib/gcc/riscv32-esp-elf/15.2.0/../../../../riscv32-esp-elf/bin/ld: fs/libfs.a(mq_open.c.o): in function `file_mq_vopen':
mq_open.c:(.text.file_mq_vopen+0x4a): undefined reference to `strlen'
/home/regex/.espressif/tools/riscv32-esp-elf/esp-15.2.0_20251204/riscv32-esp-elf/bin/../lib/gcc/riscv32-esp-elf/15.2.0/../../../../riscv32-esp-elf/bin/ld: fs/libfs.a(mq_open.c.o): in function `file_mq_open':
mq_open.c:(.text.file_mq_open+0x1a): undefined reference to `memset'
/home/regex/.espressif/tools/riscv32-esp-elf/esp-15.2.0_20251204/riscv32-esp-elf/bin/../lib/gcc/riscv32-esp-elf/15.2.0/../../../../riscv32-esp-elf/bin/ld: fs/libfs.a(fs_procfs.c.o): in function `procfs_stat':
fs_procfs.c:(.text.procfs_stat+0x20): undefined reference to `memset'
/home/regex/.espressif/tools/riscv32-esp-elf/esp-15.2.0_20251204/riscv32-esp-elf/bin/../lib/gcc/riscv32-esp-elf/15.2.0/../../../../riscv32-esp-elf/bin/ld: fs_procfs.c:(.text.procfs_stat+0x5a): undefined reference to `strlen'
/home/regex/.espressif/tools/riscv32-esp-elf/esp-15.2.0_20251204/riscv32-esp-elf/bin/../lib/gcc/riscv32-esp-elf/15.2.0/../../../../riscv32-esp-elf/bin/ld: fs/libfs.a(fs_procfs.c.o): in function `procfs_readdir':
fs_procfs.c:(.text.procfs_readdir+0xae): undefined reference to `strlcpy'
/home/regex/.espressif/tools/riscv32-esp-elf/esp-15.2.0_20251204/riscv32-esp-elf/bin/../lib/gcc/riscv32-esp-elf/15.2.0/../../../../riscv32-esp-elf/bin/ld: fs_procfs.c:(.text.procfs_readdir+0xc6): undefined reference to `strlen'
/home/regex/.espressif/tools/riscv32-esp-elf/esp-15.2.0_20251204/riscv32-esp-elf/bin/../lib/gcc/riscv32-esp-elf/15.2.0/../../../../riscv32-esp-elf/bin/ld: fs_procfs.c:(.text.procfs_readdir+0x1ba): undefined reference to `strlcpy'
/home/regex/.espressif/tools/riscv32-esp-elf/esp-15.2.0_20251204/riscv32-esp-elf/bin/../lib/gcc/riscv32-esp-elf/15.2.0/../../../../riscv32-esp-elf/bin/ld: fs/libfs.a(fs_procfs.c.o): in function `procfs_fstat':
fs_procfs.c:(.text.procfs_fstat+0x24): undefined reference to `memset'
/home/regex/.espressif/tools/riscv32-esp-elf/esp-15.2.0_20251204/riscv32-esp-elf/bin/../lib/gcc/riscv32-esp-elf/15.2.0/../../../../riscv32-esp-elf/bin/ld: fs/libfs.a(fs_procfs.c.o): in function `procfs_opendir':
fs_procfs.c:(.text.procfs_opendir+0xd2): undefined reference to `strlen'
/home/regex/.espressif/tools/riscv32-esp-elf/esp-15.2.0_20251204/riscv32-esp-elf/bin/../lib/gcc/riscv32-esp-elf/15.2.0/../../../../riscv32-esp-elf/bin/ld: fs/libfs.a(fs_procfsproc.c.o): in function `proc_findnode':
fs_procfsproc.c:(.text.proc_findnode+0x24): undefined reference to `strlen'
/home/regex/.espressif/tools/riscv32-esp-elf/esp-15.2.0_20251204/riscv32-esp-elf/bin/../lib/gcc/riscv32-esp-elf/15.2.0/../../../../riscv32-esp-elf/bin/ld: fs/libfs.a(fs_procfsproc.c.o): in function `proc_stat':
fs_procfsproc.c:(.text.proc_stat+0x66): undefined reference to `memset'
/home/regex/.espressif/tools/riscv32-esp-elf/esp-15.2.0_20251204/riscv32-esp-elf/bin/../lib/gcc/riscv32-esp-elf/15.2.0/../../../../riscv32-esp-elf/bin/ld: fs_procfsproc.c:(.text.proc_stat+0x7e): undefined reference to `strcmp'
/home/regex/.espressif/tools/riscv32-esp-elf/esp-15.2.0_20251204/riscv32-esp-elf/bin/../lib/gcc/riscv32-esp-elf/15.2.0/../../../../riscv32-esp-elf/bin/ld: fs/libfs.a(fs_procfsproc.c.o): in function `proc_readdir':
fs_procfsproc.c:(.text.proc_readdir+0x88): undefined reference to `strlcpy'
/home/regex/.espressif/tools/riscv32-esp-elf/esp-15.2.0_20251204/riscv32-esp-elf/bin/../lib/gcc/riscv32-esp-elf/15.2.0/../../../../riscv32-esp-elf/bin/ld: fs/libfs.a(fs_procfsproc.c.o): in function `proc_opendir':
fs_procfsproc.c:(.text.proc_opendir+0x84): undefined reference to `strcmp'
/home/regex/.espressif/tools/riscv32-esp-elf/esp-15.2.0_20251204/riscv32-esp-elf/bin/../lib/gcc/riscv32-esp-elf/15.2.0/../../../../riscv32-esp-elf/bin/ld: fs/libfs.a(fs_procfsproc.c.o): in function `proc_read':
fs_procfsproc.c:(.text.proc_read+0x270): undefined reference to `strlen'
/home/regex/.espressif/tools/riscv32-esp-elf/esp-15.2.0_20251204/riscv32-esp-elf/bin/../lib/gcc/riscv32-esp-elf/15.2.0/../../../../riscv32-esp-elf/bin/ld: fs_procfsproc.c:(.text.proc_read+0x282): undefined reference to `memcpy'
/home/regex/.espressif/tools/riscv32-esp-elf/esp-15.2.0_20251204/riscv32-esp-elf/bin/../lib/gcc/riscv32-esp-elf/15.2.0/../../../../riscv32-esp-elf/bin/ld: fs/libfs.a(fs_procfsutil.c.o): in function `procfs_memcpy':
fs_procfsutil.c:(.text.procfs_memcpy+0x34): undefined reference to `memcpy'
/home/regex/.espressif/tools/riscv32-esp-elf/esp-15.2.0_20251204/riscv32-esp-elf/bin/../lib/gcc/riscv32-esp-elf/15.2.0/../../../../riscv32-esp-elf/bin/ld: fs/libfs.a(fs_procfsutil.c.o): in function `procfs_sprintf':
fs_procfsutil.c:(.text.procfs_sprintf+0x6a): undefined reference to `memcpy'
/home/regex/.espressif/tools/riscv32-esp-elf/esp-15.2.0_20251204/riscv32-esp-elf/bin/../lib/gcc/riscv32-esp-elf/15.2.0/../../../../riscv32-esp-elf/bin/ld: fs_procfsutil.c:(.text.procfs_sprintf+0x90): undefined reference to `memcpy'
/home/regex/.espressif/tools/riscv32-esp-elf/esp-15.2.0_20251204/riscv32-esp-elf/bin/../lib/gcc/riscv32-esp-elf/15.2.0/../../../../riscv32-esp-elf/bin/ld: fs/libfs.a(fs_tmpfs.c.o): in function `tmpfs_statfs_callout':
fs_tmpfs.c:(.text.tmpfs_statfs_callout+0x44): undefined reference to `strlen'
/home/regex/.espressif/tools/riscv32-esp-elf/esp-15.2.0_20251204/riscv32-esp-elf/bin/../lib/gcc/riscv32-esp-elf/15.2.0/../../../../riscv32-esp-elf/bin/ld: fs/libfs.a(fs_tmpfs.c.o): in function `tmpfs_find_object':
fs_tmpfs.c:(.text.tmpfs_find_object+0x8a): undefined reference to `memchr'
/home/regex/.espressif/tools/riscv32-esp-elf/esp-15.2.0_20251204/riscv32-esp-elf/bin/../lib/gcc/riscv32-esp-elf/15.2.0/../../../../riscv32-esp-elf/bin/ld: fs/libfs.a(fs_tmpfs.c.o): in function `tmpfs_remove_dirent':
fs_tmpfs.c:(.text.tmpfs_remove_dirent+0x10): undefined reference to `strlen'
/home/regex/.espressif/tools/riscv32-esp-elf/esp-15.2.0_20251204/riscv32-esp-elf/bin/../lib/gcc/riscv32-esp-elf/15.2.0/../../../../riscv32-esp-elf/bin/ld: fs/libfs.a(fs_tmpfs.c.o): in function `tmpfs_stat':
fs_tmpfs.c:(.text.tmpfs_stat+0x12a): undefined reference to `strlen'
/home/regex/.espressif/tools/riscv32-esp-elf/esp-15.2.0_20251204/riscv32-esp-elf/bin/../lib/gcc/riscv32-esp-elf/15.2.0/../../../../riscv32-esp-elf/bin/ld: fs_tmpfs.c:(.text.tmpfs_stat+0x15c): undefined reference to `memset'
/home/regex/.espressif/tools/riscv32-esp-elf/esp-15.2.0_20251204/riscv32-esp-elf/bin/../lib/gcc/riscv32-esp-elf/15.2.0/../../../../riscv32-esp-elf/bin/ld: fs/libfs.a(fs_tmpfs.c.o): in function `tmpfs_find_file':
fs_tmpfs.c:(.text.tmpfs_find_file+0x14): undefined reference to `strlen'
/home/regex/.espressif/tools/riscv32-esp-elf/esp-15.2.0_20251204/riscv32-esp-elf/bin/../lib/gcc/riscv32-esp-elf/15.2.0/../../../../riscv32-esp-elf/bin/ld: fs/libfs.a(fs_tmpfs.c.o): in function `tmpfs_rmdir':
fs_tmpfs.c:(.text.tmpfs_rmdir+0x11a): undefined reference to `strlen'
/home/regex/.espressif/tools/riscv32-esp-elf/esp-15.2.0_20251204/riscv32-esp-elf/bin/../lib/gcc/riscv32-esp-elf/15.2.0/../../../../riscv32-esp-elf/bin/ld: fs/libfs.a(fs_tmpfs.c.o): in function `tmpfs_add_dirent':
fs_tmpfs.c:(.text.tmpfs_add_dirent+0x16): undefined reference to `strlen'
/home/regex/.espressif/tools/riscv32-esp-elf/esp-15.2.0_20251204/riscv32-esp-elf/bin/../lib/gcc/riscv32-esp-elf/15.2.0/../../../../riscv32-esp-elf/bin/ld: fs/libfs.a(fs_tmpfs.c.o): in function `tmpfs_rename':
fs_tmpfs.c:(.text.tmpfs_rename+0x214): undefined reference to `strlen'
/home/regex/.espressif/tools/riscv32-esp-elf/esp-15.2.0_20251204/riscv32-esp-elf/bin/../lib/gcc/riscv32-esp-elf/15.2.0/../../../../riscv32-esp-elf/bin/ld: fs_tmpfs.c:(.text.tmpfs_rename+0x2d4): undefined reference to `strlen'
/home/regex/.espressif/tools/riscv32-esp-elf/esp-15.2.0_20251204/riscv32-esp-elf/bin/../lib/gcc/riscv32-esp-elf/15.2.0/../../../../riscv32-esp-elf/bin/ld: fs/libfs.a(fs_tmpfs.c.o): in function `tmpfs_realloc_file':
fs_tmpfs.c:(.text.tmpfs_realloc_file+0x3a): undefined reference to `memset'
/home/regex/.espressif/tools/riscv32-esp-elf/esp-15.2.0_20251204/riscv32-esp-elf/bin/../lib/gcc/riscv32-esp-elf/15.2.0/../../../../riscv32-esp-elf/bin/ld: fs/libfs.a(fs_tmpfs.c.o): in function `tmpfs_truncate':
fs_tmpfs.c:(.text.tmpfs_truncate+0x12a): undefined reference to `memset'
/home/regex/.espressif/tools/riscv32-esp-elf/esp-15.2.0_20251204/riscv32-esp-elf/bin/../lib/gcc/riscv32-esp-elf/15.2.0/../../../../riscv32-esp-elf/bin/ld: fs/libfs.a(fs_tmpfs.c.o): in function `tmpfs_opendir':
fs_tmpfs.c:(.text.tmpfs_opendir+0x138): undefined reference to `strlen'
/home/regex/.espressif/tools/riscv32-esp-elf/esp-15.2.0_20251204/riscv32-esp-elf/bin/../lib/gcc/riscv32-esp-elf/15.2.0/../../../../riscv32-esp-elf/bin/ld: fs/libfs.a(fs_tmpfs.c.o): in function `tmpfs_open':
fs_tmpfs.c:(.text.tmpfs_open+0x1e2): undefined reference to `strlen'
/home/regex/.espressif/tools/riscv32-esp-elf/esp-15.2.0_20251204/riscv32-esp-elf/bin/../lib/gcc/riscv32-esp-elf/15.2.0/../../../../riscv32-esp-elf/bin/ld: fs/libfs.a(fs_tmpfs.c.o): in function `tmpfs_readdir':
fs_tmpfs.c:(.text.tmpfs_readdir+0x134): undefined reference to `strlcpy'
/home/regex/.espressif/tools/riscv32-esp-elf/esp-15.2.0_20251204/riscv32-esp-elf/bin/../lib/gcc/riscv32-esp-elf/15.2.0/../../../../riscv32-esp-elf/bin/ld: fs/libfs.a(fs_tmpfs.c.o): in function `tmpfs_write':
fs_tmpfs.c:(.text.tmpfs_write+0x182): undefined reference to `memcpy'
/home/regex/.espressif/tools/riscv32-esp-elf/esp-15.2.0_20251204/riscv32-esp-elf/bin/../lib/gcc/riscv32-esp-elf/15.2.0/../../../../riscv32-esp-elf/bin/ld: fs/libfs.a(fs_tmpfs.c.o): in function `tmpfs_read':
fs_tmpfs.c:(.text.tmpfs_read+0x134): undefined reference to `memcpy'
/home/regex/.espressif/tools/riscv32-esp-elf/esp-15.2.0_20251204/riscv32-esp-elf/bin/../lib/gcc/riscv32-esp-elf/15.2.0/../../../../riscv32-esp-elf/bin/ld: fs/libfs.a(fs_tmpfs.c.o): in function `tmpfs_mkdir':
fs_tmpfs.c:(.text.tmpfs_mkdir+0x17a): undefined reference to `strlen'
/home/regex/.espressif/tools/riscv32-esp-elf/esp-15.2.0_20251204/riscv32-esp-elf/bin/../lib/gcc/riscv32-esp-elf/15.2.0/../../../../riscv32-esp-elf/bin/ld: fs/libfs.a(fs_tmpfs.c.o): in function `tmpfs_fstat':
fs_tmpfs.c:(.text.tmpfs_fstat+0x10c): undefined reference to `memset'
/home/regex/.espressif/tools/riscv32-esp-elf/esp-15.2.0_20251204/riscv32-esp-elf/bin/../lib/gcc/riscv32-esp-elf/15.2.0/../../../../riscv32-esp-elf/bin/ld: fs/libfs.a(fs_rmdir.c.o): in function `rmdir':
fs_rmdir.c:(.text.rmdir+0xc): undefined reference to `strlen'
/home/regex/.espressif/tools/riscv32-esp-elf/esp-15.2.0_20251204/riscv32-esp-elf/bin/../lib/gcc/riscv32-esp-elf/15.2.0/../../../../riscv32-esp-elf/bin/ld: fs_rmdir.c:(.text.rmdir+0x54): undefined reference to `strcmp'
/home/regex/.espressif/tools/riscv32-esp-elf/esp-15.2.0_20251204/riscv32-esp-elf/bin/../lib/gcc/riscv32-esp-elf/15.2.0/../../../../riscv32-esp-elf/bin/ld: fs_rmdir.c:(.text.rmdir+0x7e): undefined reference to `strcmp'
/home/regex/.espressif/tools/riscv32-esp-elf/esp-15.2.0_20251204/riscv32-esp-elf/bin/../lib/gcc/riscv32-esp-elf/15.2.0/../../../../riscv32-esp-elf/bin/ld: fs/libfs.a(fs_procfs_mount.c.o): in function `mount_open':
fs_procfs_mount.c:(.text.mount_open+0x22): undefined reference to `strcmp'
/home/regex/.espressif/tools/riscv32-esp-elf/esp-15.2.0_20251204/riscv32-esp-elf/bin/../lib/gcc/riscv32-esp-elf/15.2.0/../../../../riscv32-esp-elf/bin/ld: fs_procfs_mount.c:(.text.mount_open+0x36): undefined reference to `strcmp'
/home/regex/.espressif/tools/riscv32-esp-elf/esp-15.2.0_20251204/riscv32-esp-elf/bin/../lib/gcc/riscv32-esp-elf/15.2.0/../../../../riscv32-esp-elf/bin/ld: fs_procfs_mount.c:(.text.mount_open+0x4a): undefined reference to `strcmp'
/home/regex/.espressif/tools/riscv32-esp-elf/esp-15.2.0_20251204/riscv32-esp-elf/bin/../lib/gcc/riscv32-esp-elf/15.2.0/../../../../riscv32-esp-elf/bin/ld: fs/libfs.a(fs_foreachmountpoint.c.o): in function `mountpoint_filter':
fs_foreachmountpoint.c:(.text.mountpoint_filter+0x4c): undefined reference to `strnlen'
/home/regex/.espressif/tools/riscv32-esp-elf/esp-15.2.0_20251204/riscv32-esp-elf/bin/../lib/gcc/riscv32-esp-elf/15.2.0/../../../../riscv32-esp-elf/bin/ld: fs_foreachmountpoint.c:(.text.mountpoint_filter+0x62): undefined reference to `strnlen'
/home/regex/.espressif/tools/riscv32-esp-elf/esp-15.2.0_20251204/riscv32-esp-elf/bin/../lib/gcc/riscv32-esp-elf/15.2.0/../../../../riscv32-esp-elf/bin/ld: fs_foreachmountpoint.c:(.text.mountpoint_filter+0x98): undefined reference to `memset'
/home/regex/.espressif/tools/riscv32-esp-elf/esp-15.2.0_20251204/riscv32-esp-elf/bin/../lib/gcc/riscv32-esp-elf/15.2.0/../../../../riscv32-esp-elf/bin/ld: fs/libfs.a(fs_foreachinode.c.o): in function `foreach_inodelevel':
fs_foreachinode.c:(.text.foreach_inodelevel+0x36): undefined reference to `strlen'
/home/regex/.espressif/tools/riscv32-esp-elf/esp-15.2.0_20251204/riscv32-esp-elf/bin/../lib/gcc/riscv32-esp-elf/15.2.0/../../../../riscv32-esp-elf/bin/ld: fs_foreachinode.c:(.text.foreach_inodelevel+0x48): undefined reference to `strlen'
/home/regex/.espressif/tools/riscv32-esp-elf/esp-15.2.0_20251204/riscv32-esp-elf/bin/../lib/gcc/riscv32-esp-elf/15.2.0/../../../../riscv32-esp-elf/bin/ld: libs/libc/libc.a(lib_buffer.c.o): in function `apb_alloc':
lib_buffer.c:(.text.apb_alloc+0x62): undefined reference to `memset'
/home/regex/.espressif/tools/riscv32-esp-elf/esp-15.2.0_20251204/riscv32-esp-elf/bin/../lib/gcc/riscv32-esp-elf/15.2.0/../../../../riscv32-esp-elf/bin/ld: lib_buffer.c:(.text.apb_alloc+0x72): undefined reference to `memset'
/home/regex/.espressif/tools/riscv32-esp-elf/esp-15.2.0_20251204/riscv32-esp-elf/bin/../lib/gcc/riscv32-esp-elf/15.2.0/../../../../riscv32-esp-elf/bin/ld: libs/libc/libc.a(lib_builtin_isavail.c.o): in function `builtin_isavail':
lib_builtin_isavail.c:(.text.builtin_isavail+0x24): undefined reference to `strcmp'
/home/regex/.espressif/tools/riscv32-esp-elf/esp-15.2.0_20251204/riscv32-esp-elf/bin/../lib/gcc/riscv32-esp-elf/15.2.0/../../../../riscv32-esp-elf/bin/ld: libs/libc/libc.a(env_dup.c.o): in function `env_dup':
env_dup.c:(.text.env_dup+0x134): undefined reference to `strlen'
/home/regex/.espressif/tools/riscv32-esp-elf/esp-15.2.0_20251204/riscv32-esp-elf/bin/../lib/gcc/riscv32-esp-elf/15.2.0/../../../../riscv32-esp-elf/bin/ld: env_dup.c:(.text.env_dup+0x18a): undefined reference to `strlcpy'
/home/regex/.espressif/tools/riscv32-esp-elf/esp-15.2.0_20251204/riscv32-esp-elf/bin/../lib/gcc/riscv32-esp-elf/15.2.0/../../../../riscv32-esp-elf/bin/ld: libs/libc/libc.a(env_setenv.c.o): in function `setenv':
env_setenv.c:(.text.setenv+0x1ba): undefined reference to `strlen'
/home/regex/.espressif/tools/riscv32-esp-elf/esp-15.2.0_20251204/riscv32-esp-elf/bin/../lib/gcc/riscv32-esp-elf/15.2.0/../../../../riscv32-esp-elf/bin/ld: env_setenv.c:(.text.setenv+0x1c6): undefined reference to `strlen'
/home/regex/.espressif/tools/riscv32-esp-elf/esp-15.2.0_20251204/riscv32-esp-elf/bin/../lib/gcc/riscv32-esp-elf/15.2.0/../../../../riscv32-esp-elf/bin/ld: libs/libc/libc.a(env_unsetenv.c.o): in function `unsetenv':
env_unsetenv.c:(.text.unsetenv+0x46): undefined reference to `strchr'
/home/regex/.espressif/tools/riscv32-esp-elf/esp-15.2.0_20251204/riscv32-esp-elf/bin/../lib/gcc/riscv32-esp-elf/15.2.0/../../../../riscv32-esp-elf/bin/ld: libs/libc/libc.a(lib_basename.c.o): in function `basename':
lib_basename.c:(.text.basename+0x10): undefined reference to `strlen'
/home/regex/.espressif/tools/riscv32-esp-elf/esp-15.2.0_20251204/riscv32-esp-elf/bin/../lib/gcc/riscv32-esp-elf/15.2.0/../../../../riscv32-esp-elf/bin/ld: libs/libc/libc.a(lib_dirname.c.o): in function `dirname':
lib_dirname.c:(.text.dirname+0x10): undefined reference to `strlen'
/home/regex/.espressif/tools/riscv32-esp-elf/esp-15.2.0_20251204/riscv32-esp-elf/bin/../lib/gcc/riscv32-esp-elf/15.2.0/../../../../riscv32-esp-elf/bin/ld: libs/libc/libc.a(lib_utsname.c.o): in function `uname':
lib_utsname.c:(.text.uname+0x14): undefined reference to `strlcpy'
/home/regex/.espressif/tools/riscv32-esp-elf/esp-15.2.0_20251204/riscv32-esp-elf/bin/../lib/gcc/riscv32-esp-elf/15.2.0/../../../../riscv32-esp-elf/bin/ld: lib_utsname.c:(.text.uname+0x3c): undefined reference to `strlcpy'
/home/regex/.espressif/tools/riscv32-esp-elf/esp-15.2.0_20251204/riscv32-esp-elf/bin/../lib/gcc/riscv32-esp-elf/15.2.0/../../../../riscv32-esp-elf/bin/ld: lib_utsname.c:(.text.uname+0x54): undefined reference to `strlcpy'
/home/regex/.espressif/tools/riscv32-esp-elf/esp-15.2.0_20251204/riscv32-esp-elf/bin/../lib/gcc/riscv32-esp-elf/15.2.0/../../../../riscv32-esp-elf/bin/ld: lib_utsname.c:(.text.uname+0x6a): undefined reference to `strlcpy'
/home/regex/.espressif/tools/riscv32-esp-elf/esp-15.2.0_20251204/riscv32-esp-elf/bin/../lib/gcc/riscv32-esp-elf/15.2.0/../../../../riscv32-esp-elf/bin/ld: libs/libc/libc.a(lib_fnmatch.c.o): in function `fnmatch_one.isra.0':
lib_fnmatch.c:(.text.fnmatch_one.isra.0+0xde): undefined reference to `strlen'
/home/regex/.espressif/tools/riscv32-esp-elf/esp-15.2.0_20251204/riscv32-esp-elf/bin/../lib/gcc/riscv32-esp-elf/15.2.0/../../../../riscv32-esp-elf/bin/ld: libs/libc/libc.a(lib_fnmatch.c.o): in function `fnmatch':
lib_fnmatch.c:(.text.fnmatch+0x14): undefined reference to `strchr'
/home/regex/.espressif/tools/riscv32-esp-elf/esp-15.2.0_20251204/riscv32-esp-elf/bin/../lib/gcc/riscv32-esp-elf/15.2.0/../../../../riscv32-esp-elf/bin/ld: lib_fnmatch.c:(.text.fnmatch+0x22): undefined reference to `strlen'
/home/regex/.espressif/tools/riscv32-esp-elf/esp-15.2.0_20251204/riscv32-esp-elf/bin/../lib/gcc/riscv32-esp-elf/15.2.0/../../../../riscv32-esp-elf/bin/ld: libs/libc/libc.a(pthread_attr_init.c.o): in function `pthread_attr_init':
pthread_attr_init.c:(.text.pthread_attr_init+0x12): undefined reference to `memcpy'
/home/regex/.espressif/tools/riscv32-esp-elf/esp-15.2.0_20251204/riscv32-esp-elf/bin/../lib/gcc/riscv32-esp-elf/15.2.0/../../../../riscv32-esp-elf/bin/ld: libs/libc/libc.a(lib_psfa_addopen.c.o): in function `posix_spawn_file_actions_addopen':
lib_psfa_addopen.c:(.text.posix_spawn_file_actions_addopen+0x38): undefined reference to `strlen'
/home/regex/.espressif/tools/riscv32-esp-elf/esp-15.2.0_20251204/riscv32-esp-elf/bin/../lib/gcc/riscv32-esp-elf/15.2.0/../../../../riscv32-esp-elf/bin/ld: lib_psfa_addopen.c:(.text.posix_spawn_file_actions_addopen+0x68): undefined reference to `strlcpy'
/home/regex/.espressif/tools/riscv32-esp-elf/esp-15.2.0_20251204/riscv32-esp-elf/bin/../lib/gcc/riscv32-esp-elf/15.2.0/../../../../riscv32-esp-elf/bin/ld: libs/libc/libc.a(lib_psa_init.c.o): in function `posix_spawnattr_init':
lib_psa_init.c:(.text.posix_spawnattr_init+0x20): undefined reference to `memset'
/home/regex/.espressif/tools/riscv32-esp-elf/esp-15.2.0_20251204/riscv32-esp-elf/bin/../lib/gcc/riscv32-esp-elf/15.2.0/../../../../riscv32-esp-elf/bin/ld: libs/libc/libc.a(lib_realpath.c.o): in function `lib_realpath':
lib_realpath.c:(.text.lib_realpath+0x8a): undefined reference to `strlen'
/home/regex/.espressif/tools/riscv32-esp-elf/esp-15.2.0_20251204/riscv32-esp-elf/bin/../lib/gcc/riscv32-esp-elf/15.2.0/../../../../riscv32-esp-elf/bin/ld: lib_realpath.c:(.text.lib_realpath+0x148): undefined reference to `memcpy'
/home/regex/.espressif/tools/riscv32-esp-elf/esp-15.2.0_20251204/riscv32-esp-elf/bin/../lib/gcc/riscv32-esp-elf/15.2.0/../../../../riscv32-esp-elf/bin/ld: libs/libc/libc.a(lib_bufferedoutstream.c.o): in function `bufferedoutstream_puts':
lib_bufferedoutstream.c:(.text.bufferedoutstream_puts+0x36): undefined reference to `memcpy'
/home/regex/.espressif/tools/riscv32-esp-elf/esp-15.2.0_20251204/riscv32-esp-elf/bin/../lib/gcc/riscv32-esp-elf/15.2.0/../../../../riscv32-esp-elf/bin/ld: libs/libc/libc.a(lib_strcspn.c.o): in function `strcspn':
lib_strcspn.c:(.text.strcspn+0x1c): undefined reference to `strchr'
/home/regex/.espressif/tools/riscv32-esp-elf/esp-15.2.0_20251204/riscv32-esp-elf/bin/../lib/gcc/riscv32-esp-elf/15.2.0/../../../../riscv32-esp-elf/bin/ld: libs/libc/libc.a(lib_strndup.c.o): in function `nx_strndup':
lib_strndup.c:(.text.nx_strndup+0xc): undefined reference to `strnlen'
/home/regex/.espressif/tools/riscv32-esp-elf/esp-15.2.0_20251204/riscv32-esp-elf/bin/../lib/gcc/riscv32-esp-elf/15.2.0/../../../../riscv32-esp-elf/bin/ld: lib_strndup.c:(.text.nx_strndup+0x26): undefined reference to `memcpy'
/home/regex/.espressif/tools/riscv32-esp-elf/esp-15.2.0_20251204/riscv32-esp-elf/bin/../lib/gcc/riscv32-esp-elf/15.2.0/../../../../riscv32-esp-elf/bin/ld: libs/libc/libc.a(lib_strstr.c.o): in function `strstr':
lib_strstr.c:(.text.strstr+0x1a): undefined reference to `strchr'
/home/regex/.espressif/tools/riscv32-esp-elf/esp-15.2.0_20251204/riscv32-esp-elf/bin/../lib/gcc/riscv32-esp-elf/15.2.0/../../../../riscv32-esp-elf/bin/ld: lib_strstr.c:(.text.strstr+0xa2): undefined reference to `memcmp'
/home/regex/.espressif/tools/riscv32-esp-elf/esp-15.2.0_20251204/riscv32-esp-elf/bin/../lib/gcc/riscv32-esp-elf/15.2.0/../../../../riscv32-esp-elf/bin/ld: libs/libc/libc.a(lib_strtokr.c.o): in function `strtok_r':
lib_strtokr.c:(.text.strtok_r+0x56): undefined reference to `strchr'
/home/regex/.espressif/tools/riscv32-esp-elf/esp-15.2.0_20251204/riscv32-esp-elf/bin/../lib/gcc/riscv32-esp-elf/15.2.0/../../../../riscv32-esp-elf/bin/ld: lib_strtokr.c:(.text.strtok_r+0x66): undefined reference to `strchr'
/home/regex/.espressif/tools/riscv32-esp-elf/esp-15.2.0_20251204/riscv32-esp-elf/bin/../lib/gcc/riscv32-esp-elf/15.2.0/../../../../riscv32-esp-elf/bin/ld: libs/libc/libc.a(lib_bsdstrcat.c.o): in function `strcat':
lib_bsdstrcat.c:(.text.strcat+0x14): undefined reference to `strcpy'
/home/regex/.espressif/tools/riscv32-esp-elf/esp-15.2.0_20251204/riscv32-esp-elf/bin/../lib/gcc/riscv32-esp-elf/15.2.0/../../../../riscv32-esp-elf/bin/ld: libs/libc/libc.a(lib_bsdstrrchr.c.o): in function `strrchr':
lib_bsdstrrchr.c:(.text.strrchr+0x2): undefined reference to `strchr'
/home/regex/.espressif/tools/riscv32-esp-elf/esp-15.2.0_20251204/riscv32-esp-elf/bin/../lib/gcc/riscv32-esp-elf/15.2.0/../../../../riscv32-esp-elf/bin/ld: lib_bsdstrrchr.c:(.text.strrchr+0x14): undefined reference to `strchr'
/home/regex/.espressif/tools/riscv32-esp-elf/esp-15.2.0_20251204/riscv32-esp-elf/bin/../lib/gcc/riscv32-esp-elf/15.2.0/../../../../riscv32-esp-elf/bin/ld: libs/libc/libc.a(lib_strftime.c.o): in function `strftime':
lib_strftime.c:(.text.strftime+0x2f4): undefined reference to `memcpy'
/home/regex/.espressif/tools/riscv32-esp-elf/esp-15.2.0_20251204/riscv32-esp-elf/bin/../lib/gcc/riscv32-esp-elf/15.2.0/../../../../riscv32-esp-elf/bin/ld: libs/libc/libc.a(lib_getcwd.c.o): in function `getcwd':
lib_getcwd.c:(.text.getcwd+0x4a): undefined reference to `strlen'
/home/regex/.espressif/tools/riscv32-esp-elf/esp-15.2.0_20251204/riscv32-esp-elf/bin/../lib/gcc/riscv32-esp-elf/15.2.0/../../../../riscv32-esp-elf/bin/ld: lib_getcwd.c:(.text.getcwd+0x7c): undefined reference to `strlcpy'
/home/regex/.espressif/tools/riscv32-esp-elf/esp-15.2.0_20251204/riscv32-esp-elf/bin/../lib/gcc/riscv32-esp-elf/15.2.0/../../../../riscv32-esp-elf/bin/ld: libs/libc/libc.a(lib_gethostname.c.o): in function `gethostname':
lib_gethostname.c:(.text.gethostname+0x16): undefined reference to `strlcpy'
/home/regex/.espressif/tools/riscv32-esp-elf/esp-15.2.0_20251204/riscv32-esp-elf/bin/../lib/gcc/riscv32-esp-elf/15.2.0/../../../../riscv32-esp-elf/bin/ld: libs/libc/libc.a(lib_getopt_common.c.o): in function `getopt_common':
lib_getopt_common.c:(.text.getopt_common+0x1ae): undefined reference to `strchr'
/home/regex/.espressif/tools/riscv32-esp-elf/esp-15.2.0_20251204/riscv32-esp-elf/bin/../lib/gcc/riscv32-esp-elf/15.2.0/../../../../riscv32-esp-elf/bin/ld: mm/libmm.a(mm_map.c.o): in function `mm_map_add':
mm_map.c:(.text.mm_map_add+0x3a): undefined reference to `memcpy'
/home/regex/.espressif/tools/riscv32-esp-elf/esp-15.2.0_20251204/riscv32-esp-elf/bin/../lib/gcc/riscv32-esp-elf/15.2.0/../../../../riscv32-esp-elf/bin/ld: mm/libmm.a(mm_memdump.c.o): in function `mm_memdump':
mm_memdump.c:(.text.mm_memdump+0x1a): undefined reference to `memset'
/home/regex/.espressif/tools/riscv32-esp-elf/esp-15.2.0_20251204/riscv32-esp-elf/bin/../lib/gcc/riscv32-esp-elf/15.2.0/../../../../riscv32-esp-elf/bin/ld: mm_memdump.c:(.text.mm_memdump+0x13e): undefined reference to `memset'
/home/regex/.espressif/tools/riscv32-esp-elf/esp-15.2.0_20251204/riscv32-esp-elf/bin/../lib/gcc/riscv32-esp-elf/15.2.0/../../../../riscv32-esp-elf/bin/ld: sched/libsched.a(mq_send.c.o): in function `file_mq_timedsend_internal':
mq_send.c:(.text.file_mq_timedsend_internal+0xee): undefined reference to `memcpy'
/home/regex/.espressif/tools/riscv32-esp-elf/esp-15.2.0_20251204/riscv32-esp-elf/bin/../lib/gcc/riscv32-esp-elf/15.2.0/../../../../riscv32-esp-elf/bin/ld: sched/libsched.a(mq_sndinternal.c.o): in function `nxmq_notify_send':
mq_sndinternal.c:(.text.nxmq_notify_send+0x20): undefined reference to `memcpy'
/home/regex/.espressif/tools/riscv32-esp-elf/esp-15.2.0_20251204/riscv32-esp-elf/bin/../lib/gcc/riscv32-esp-elf/15.2.0/../../../../riscv32-esp-elf/bin/ld: mq_sndinternal.c:(.text.nxmq_notify_send+0x30): undefined reference to `memset'
/home/regex/.espressif/tools/riscv32-esp-elf/esp-15.2.0_20251204/riscv32-esp-elf/bin/../lib/gcc/riscv32-esp-elf/15.2.0/../../../../riscv32-esp-elf/bin/ld: sched/libsched.a(mq_receive.c.o): in function `file_mq_timedreceive_internal':
mq_receive.c:(.text.file_mq_timedreceive_internal+0xc6): undefined reference to `memcpy'
/home/regex/.espressif/tools/riscv32-esp-elf/esp-15.2.0_20251204/riscv32-esp-elf/bin/../lib/gcc/riscv32-esp-elf/15.2.0/../../../../riscv32-esp-elf/bin/ld: sched/libsched.a(pthread_create.c.o): in function `nx_pthread_create':
pthread_create.c:(.text.nx_pthread_create+0x12a): undefined reference to `strlcpy'
/home/regex/.espressif/tools/riscv32-esp-elf/esp-15.2.0_20251204/riscv32-esp-elf/bin/../lib/gcc/riscv32-esp-elf/15.2.0/../../../../riscv32-esp-elf/bin/ld: sched/libsched.a(sched_sysinfo.c.o): in function `sysinfo':
sched_sysinfo.c:(.text.sysinfo+0x10): undefined reference to `memset'
/home/regex/.espressif/tools/riscv32-esp-elf/esp-15.2.0_20251204/riscv32-esp-elf/bin/../lib/gcc/riscv32-esp-elf/15.2.0/../../../../riscv32-esp-elf/bin/ld: sched/libsched.a(task_prctl.c.o): in function `prctl':
task_prctl.c:(.text.prctl+0x86): undefined reference to `strlcpy'
/home/regex/.espressif/tools/riscv32-esp-elf/esp-15.2.0_20251204/riscv32-esp-elf/bin/../lib/gcc/riscv32-esp-elf/15.2.0/../../../../riscv32-esp-elf/bin/ld: task_prctl.c:(.text.prctl+0xb0): undefined reference to `strlcpy'
/home/regex/.espressif/tools/riscv32-esp-elf/esp-15.2.0_20251204/riscv32-esp-elf/bin/../lib/gcc/riscv32-esp-elf/15.2.0/../../../../riscv32-esp-elf/bin/ld: drivers/libdrivers.a(mkrd.c.o): in function `mkrd':
mkrd.c:(.text.mkrd+0x2a): undefined reference to `memset'
/home/regex/.espressif/tools/riscv32-esp-elf/esp-15.2.0_20251204/riscv32-esp-elf/bin/../lib/gcc/riscv32-esp-elf/15.2.0/../../../../riscv32-esp-elf/bin/ld: drivers/libdrivers.a(ramdisk.c.o): in function `rd_geometry':
ramdisk.c:(.text.rd_geometry+0x18): undefined reference to `memset'
/home/regex/.espressif/tools/riscv32-esp-elf/esp-15.2.0_20251204/riscv32-esp-elf/bin/../lib/gcc/riscv32-esp-elf/15.2.0/../../../../riscv32-esp-elf/bin/ld: drivers/libdrivers.a(ramdisk.c.o): in function `rd_write':
ramdisk.c:(.text.rd_write+0x48): undefined reference to `memcpy'
/home/regex/.espressif/tools/riscv32-esp-elf/esp-15.2.0_20251204/riscv32-esp-elf/bin/../lib/gcc/riscv32-esp-elf/15.2.0/../../../../riscv32-esp-elf/bin/ld: drivers/libdrivers.a(ramdisk.c.o): in function `rd_read':
ramdisk.c:(.text.rd_read+0x40): undefined reference to `memcpy'
/home/regex/.espressif/tools/riscv32-esp-elf/esp-15.2.0_20251204/riscv32-esp-elf/bin/../lib/gcc/riscv32-esp-elf/15.2.0/../../../../riscv32-esp-elf/bin/ld: apps/system/nxlooper/libapps_nxlooper.a(nxlooper_main.c.o): in function `nxlooper_cmd_help':
nxlooper_main.c:(.text.nxlooper_cmd_help+0x24): undefined reference to `strlen'
/home/regex/.espressif/tools/riscv32-esp-elf/esp-15.2.0_20251204/riscv32-esp-elf/bin/../lib/gcc/riscv32-esp-elf/15.2.0/../../../../riscv32-esp-elf/bin/ld: nxlooper_main.c:(.text.nxlooper_cmd_help+0x30): undefined reference to `strlen'
/home/regex/.espressif/tools/riscv32-esp-elf/esp-15.2.0_20251204/riscv32-esp-elf/bin/../lib/gcc/riscv32-esp-elf/15.2.0/../../../../riscv32-esp-elf/bin/ld: nxlooper_main.c:(.text.nxlooper_cmd_help+0x74): undefined reference to `strlen'
/home/regex/.espressif/tools/riscv32-esp-elf/esp-15.2.0_20251204/riscv32-esp-elf/bin/../lib/gcc/riscv32-esp-elf/15.2.0/../../../../riscv32-esp-elf/bin/ld: nxlooper_main.c:(.text.nxlooper_cmd_help+0x80): undefined reference to `strlen'
/home/regex/.espressif/tools/riscv32-esp-elf/esp-15.2.0_20251204/riscv32-esp-elf/bin/../lib/gcc/riscv32-esp-elf/15.2.0/../../../../riscv32-esp-elf/bin/ld: apps/system/nxlooper/libapps_nxlooper.a(nxlooper_main.c.o): in function `nxlooper_main':
nxlooper_main.c:(.text.nxlooper_main+0x116): undefined reference to `strcmp'
/home/regex/.espressif/tools/riscv32-esp-elf/esp-15.2.0_20251204/riscv32-esp-elf/bin/../lib/gcc/riscv32-esp-elf/15.2.0/../../../../riscv32-esp-elf/bin/ld: apps/system/nxplayer/libapps_nxplayer.a(nxplayer_main.c.o): in function `nxplayer_cmd_help':
nxplayer_main.c:(.text.nxplayer_cmd_help+0x24): undefined reference to `strlen'
/home/regex/.espressif/tools/riscv32-esp-elf/esp-15.2.0_20251204/riscv32-esp-elf/bin/../lib/gcc/riscv32-esp-elf/15.2.0/../../../../riscv32-esp-elf/bin/ld: nxplayer_main.c:(.text.nxplayer_cmd_help+0x30): undefined reference to `strlen'
/home/regex/.espressif/tools/riscv32-esp-elf/esp-15.2.0_20251204/riscv32-esp-elf/bin/../lib/gcc/riscv32-esp-elf/15.2.0/../../../../riscv32-esp-elf/bin/ld: nxplayer_main.c:(.text.nxplayer_cmd_help+0x74): undefined reference to `strlen'
/home/regex/.espressif/tools/riscv32-esp-elf/esp-15.2.0_20251204/riscv32-esp-elf/bin/../lib/gcc/riscv32-esp-elf/15.2.0/../../../../riscv32-esp-elf/bin/ld: nxplayer_main.c:(.text.nxplayer_cmd_help+0x80): undefined reference to `strlen'
/home/regex/.espressif/tools/riscv32-esp-elf/esp-15.2.0_20251204/riscv32-esp-elf/bin/../lib/gcc/riscv32-esp-elf/15.2.0/../../../../riscv32-esp-elf/bin/ld: apps/system/nxplayer/libapps_nxplayer.a(nxplayer_main.c.o): in function `nxplayer_main':
nxplayer_main.c:(.text.nxplayer_main+0x126): undefined reference to `strcmp'
/home/regex/.espressif/tools/riscv32-esp-elf/esp-15.2.0_20251204/riscv32-esp-elf/bin/../lib/gcc/riscv32-esp-elf/15.2.0/../../../../riscv32-esp-elf/bin/ld: apps/system/nxrecorder/libapps_nxrecorder.a(nxrecorder_main.c.o): in function `nxrecorder_cmd_help':
nxrecorder_main.c:(.text.nxrecorder_cmd_help+0x24): undefined reference to `strlen'
/home/regex/.espressif/tools/riscv32-esp-elf/esp-15.2.0_20251204/riscv32-esp-elf/bin/../lib/gcc/riscv32-esp-elf/15.2.0/../../../../riscv32-esp-elf/bin/ld: nxrecorder_main.c:(.text.nxrecorder_cmd_help+0x30): undefined reference to `strlen'
/home/regex/.espressif/tools/riscv32-esp-elf/esp-15.2.0_20251204/riscv32-esp-elf/bin/../lib/gcc/riscv32-esp-elf/15.2.0/../../../../riscv32-esp-elf/bin/ld: nxrecorder_main.c:(.text.nxrecorder_cmd_help+0x74): undefined reference to `strlen'
/home/regex/.espressif/tools/riscv32-esp-elf/esp-15.2.0_20251204/riscv32-esp-elf/bin/../lib/gcc/riscv32-esp-elf/15.2.0/../../../../riscv32-esp-elf/bin/ld: nxrecorder_main.c:(.text.nxrecorder_cmd_help+0x80): undefined reference to `strlen'
/home/regex/.espressif/tools/riscv32-esp-elf/esp-15.2.0_20251204/riscv32-esp-elf/bin/../lib/gcc/riscv32-esp-elf/15.2.0/../../../../riscv32-esp-elf/bin/ld: apps/system/nxrecorder/libapps_nxrecorder.a(nxrecorder_main.c.o): in function `nxrecorder_main':
nxrecorder_main.c:(.text.nxrecorder_main+0x126): undefined reference to `strcmp'
/home/regex/.espressif/tools/riscv32-esp-elf/esp-15.2.0_20251204/riscv32-esp-elf/bin/../lib/gcc/riscv32-esp-elf/15.2.0/../../../../riscv32-esp-elf/bin/ld: apps/system/ymodem/libapps_sb.a(sb_main.c.o): in function `handler':
sb_main.c:(.text.handler+0x92): undefined reference to `strlcpy'
/home/regex/.espressif/tools/riscv32-esp-elf/esp-15.2.0_20251204/riscv32-esp-elf/bin/../lib/gcc/riscv32-esp-elf/15.2.0/../../../../riscv32-esp-elf/bin/ld: sb_main.c:(.text.handler+0xc0): undefined reference to `memset'
/home/regex/.espressif/tools/riscv32-esp-elf/esp-15.2.0_20251204/riscv32-esp-elf/bin/../lib/gcc/riscv32-esp-elf/15.2.0/../../../../riscv32-esp-elf/bin/ld: apps/system/ymodem/libapps_sb.a(sb_main.c.o): in function `sb_main':
sb_main.c:(.text.sb_main+0x48): undefined reference to `memcpy'
/home/regex/.espressif/tools/riscv32-esp-elf/esp-15.2.0_20251204/riscv32-esp-elf/bin/../lib/gcc/riscv32-esp-elf/15.2.0/../../../../riscv32-esp-elf/bin/ld: sb_main.c:(.text.sb_main+0x58): undefined reference to `memset'
/home/regex/.espressif/tools/riscv32-esp-elf/esp-15.2.0_20251204/riscv32-esp-elf/bin/../lib/gcc/riscv32-esp-elf/15.2.0/../../../../riscv32-esp-elf/bin/ld: sb_main.c:(.text.sb_main+0x68): undefined reference to `memset'
/home/regex/.espressif/tools/riscv32-esp-elf/esp-15.2.0_20251204/riscv32-esp-elf/bin/../lib/gcc/riscv32-esp-elf/15.2.0/../../../../riscv32-esp-elf/bin/ld: apps/system/ymodem/libapps_rb.a(rb_main.c.o): in function `handler':
rb_main.c:(.text.handler+0x44): undefined reference to `strlen'
/home/regex/.espressif/tools/riscv32-esp-elf/esp-15.2.0_20251204/riscv32-esp-elf/bin/../lib/gcc/riscv32-esp-elf/15.2.0/../../../../riscv32-esp-elf/bin/ld: rb_main.c:(.text.handler+0x62): undefined reference to `strlen'
/home/regex/.espressif/tools/riscv32-esp-elf/esp-15.2.0_20251204/riscv32-esp-elf/bin/../lib/gcc/riscv32-esp-elf/15.2.0/../../../../riscv32-esp-elf/bin/ld: rb_main.c:(.text.handler+0x6e): undefined reference to `strlen'
/home/regex/.espressif/tools/riscv32-esp-elf/esp-15.2.0_20251204/riscv32-esp-elf/bin/../lib/gcc/riscv32-esp-elf/15.2.0/../../../../riscv32-esp-elf/bin/ld: rb_main.c:(.text.handler+0x84): undefined reference to `strcmp'
/home/regex/.espressif/tools/riscv32-esp-elf/esp-15.2.0_20251204/riscv32-esp-elf/bin/../lib/gcc/riscv32-esp-elf/15.2.0/../../../../riscv32-esp-elf/bin/ld: apps/system/ymodem/libapps_rb.a(rb_main.c.o): in function `rb_main':
rb_main.c:(.text.rb_main+0x42): undefined reference to `memcpy'
/home/regex/.espressif/tools/riscv32-esp-elf/esp-15.2.0_20251204/riscv32-esp-elf/bin/../lib/gcc/riscv32-esp-elf/15.2.0/../../../../riscv32-esp-elf/bin/ld: rb_main.c:(.text.rb_main+0x52): undefined reference to `memset'
/home/regex/.espressif/tools/riscv32-esp-elf/esp-15.2.0_20251204/riscv32-esp-elf/bin/../lib/gcc/riscv32-esp-elf/15.2.0/../../../../riscv32-esp-elf/bin/ld: rb_main.c:(.text.rb_main+0x6e): undefined reference to `memset'
/home/regex/.espressif/tools/riscv32-esp-elf/esp-15.2.0_20251204/riscv32-esp-elf/bin/../lib/gcc/riscv32-esp-elf/15.2.0/../../../../riscv32-esp-elf/bin/ld: rb_main.c:(.text.rb_main+0xfc): undefined reference to `strlen'
/home/regex/.espressif/tools/riscv32-esp-elf/esp-15.2.0_20251204/riscv32-esp-elf/bin/../lib/gcc/riscv32-esp-elf/15.2.0/../../../../riscv32-esp-elf/bin/ld: apps/testing/cmocka/libapps_cmocka.a(cmocka_main.c.o): in function `cmocka_main':
cmocka_main.c:(.text.cmocka_main+0x40): undefined reference to `strlen'
/home/regex/.espressif/tools/riscv32-esp-elf/esp-15.2.0_20251204/riscv32-esp-elf/bin/../lib/gcc/riscv32-esp-elf/15.2.0/../../../../riscv32-esp-elf/bin/ld: cmocka_main.c:(.text.cmocka_main+0x60): undefined reference to `memset'
/home/regex/.espressif/tools/riscv32-esp-elf/esp-15.2.0_20251204/riscv32-esp-elf/bin/../lib/gcc/riscv32-esp-elf/15.2.0/../../../../riscv32-esp-elf/bin/ld: cmocka_main.c:(.text.cmocka_main+0x186): undefined reference to `strcmp'
/home/regex/.espressif/tools/riscv32-esp-elf/esp-15.2.0_20251204/riscv32-esp-elf/bin/../lib/gcc/riscv32-esp-elf/15.2.0/../../../../riscv32-esp-elf/bin/ld: cmocka_main.c:(.text.cmocka_main+0x1c6): undefined reference to `strcmp'
/home/regex/.espressif/tools/riscv32-esp-elf/esp-15.2.0_20251204/riscv32-esp-elf/bin/../lib/gcc/riscv32-esp-elf/15.2.0/../../../../riscv32-esp-elf/bin/ld: cmocka_main.c:(.text.cmocka_main+0x1d6): undefined reference to `strcmp'
/home/regex/.espressif/tools/riscv32-esp-elf/esp-15.2.0_20251204/riscv32-esp-elf/bin/../lib/gcc/riscv32-esp-elf/15.2.0/../../../../riscv32-esp-elf/bin/ld: cmocka_main.c:(.text.cmocka_main+0x1ec): undefined reference to `strcmp'
/home/regex/.espressif/tools/riscv32-esp-elf/esp-15.2.0_20251204/riscv32-esp-elf/bin/../lib/gcc/riscv32-esp-elf/15.2.0/../../../../riscv32-esp-elf/bin/ld: cmocka_main.c:(.text.cmocka_main+0x202): undefined reference to `strcmp'
/home/regex/.espressif/tools/riscv32-esp-elf/esp-15.2.0_20251204/riscv32-esp-elf/bin/../lib/gcc/riscv32-esp-elf/15.2.0/../../../../riscv32-esp-elf/bin/ld: apps/testing/cmocka/libapps_cmocka.a(cmocka_main.c.o):cmocka_main.c:(.text.cmocka_main+0x220): more undefined references to `strcmp' follow
/home/regex/.espressif/tools/riscv32-esp-elf/esp-15.2.0_20251204/riscv32-esp-elf/bin/../lib/gcc/riscv32-esp-elf/15.2.0/../../../../riscv32-esp-elf/bin/ld: apps/testing/cmocka/libapps_cmocka.a(cmocka_main.c.o): in function `cmocka_main':
cmocka_main.c:(.text.cmocka_main+0x31c): undefined reference to `strlen'
/home/regex/.espressif/tools/riscv32-esp-elf/esp-15.2.0_20251204/riscv32-esp-elf/bin/../lib/gcc/riscv32-esp-elf/15.2.0/../../../../riscv32-esp-elf/bin/ld: apps/testing/drivers/drivertest/libapps_cmocka_driver_simple.a(drivertest_simple.c.o): in function `cmocka_driver_simple_main':
drivertest_simple.c:(.text.cmocka_driver_simple_main+0x12): undefined reference to `memcpy'
/home/regex/.espressif/tools/riscv32-esp-elf/esp-15.2.0_20251204/riscv32-esp-elf/bin/../lib/gcc/riscv32-esp-elf/15.2.0/../../../../riscv32-esp-elf/bin/ld: apps/testing/drivers/drivertest/libapps_cmocka_driver_block.a(drivertest_block.c.o): in function `cmocka_driver_block_main':
drivertest_block.c:(.text.cmocka_driver_block_main+0x74): undefined reference to `strlcpy'
/home/regex/.espressif/tools/riscv32-esp-elf/esp-15.2.0_20251204/riscv32-esp-elf/bin/../lib/gcc/riscv32-esp-elf/15.2.0/../../../../riscv32-esp-elf/bin/ld: apps/testing/drivers/drivertest/libapps_cmocka_driver_rtc.a(drivertest_rtc.c.o): in function `drivertest_rtc_alarm':
drivertest_rtc.c:(.text.drivertest_rtc_alarm+0x5e): undefined reference to `memset'
/home/regex/.espressif/tools/riscv32-esp-elf/esp-15.2.0_20251204/riscv32-esp-elf/bin/../lib/gcc/riscv32-esp-elf/15.2.0/../../../../riscv32-esp-elf/bin/ld: drivertest_rtc.c:(.text.drivertest_rtc_alarm+0x90): undefined reference to `memcpy'
/home/regex/.espressif/tools/riscv32-esp-elf/esp-15.2.0_20251204/riscv32-esp-elf/bin/../lib/gcc/riscv32-esp-elf/15.2.0/../../../../riscv32-esp-elf/bin/ld: drivertest_rtc.c:(.text.drivertest_rtc_alarm+0x1e2): undefined reference to `memcpy'
/home/regex/.espressif/tools/riscv32-esp-elf/esp-15.2.0_20251204/riscv32-esp-elf/bin/../lib/gcc/riscv32-esp-elf/15.2.0/../../../../riscv32-esp-elf/bin/ld: apps/testing/drivers/drivertest/libapps_cmocka_driver_rtc.a(drivertest_rtc.c.o): in function `drivertest_rtc_api':
drivertest_rtc.c:(.text.drivertest_rtc_api+0x4a): undefined reference to `memset'
/home/regex/.espressif/tools/riscv32-esp-elf/esp-15.2.0_20251204/riscv32-esp-elf/bin/../lib/gcc/riscv32-esp-elf/15.2.0/../../../../riscv32-esp-elf/bin/ld: apps/testing/drivers/drivertest/libapps_cmocka_driver_rtc.a(drivertest_rtc.c.o): in function `cmocka_driver_rtc_main':
drivertest_rtc.c:(.text.cmocka_driver_rtc_main+0x34): undefined reference to `memset'
/home/regex/.espressif/tools/riscv32-esp-elf/esp-15.2.0_20251204/riscv32-esp-elf/bin/../lib/gcc/riscv32-esp-elf/15.2.0/../../../../riscv32-esp-elf/bin/ld: drivertest_rtc.c:(.text.cmocka_driver_rtc_main+0x4a): undefined reference to `memcpy'
/home/regex/.espressif/tools/riscv32-esp-elf/esp-15.2.0_20251204/riscv32-esp-elf/bin/../lib/gcc/riscv32-esp-elf/15.2.0/../../../../riscv32-esp-elf/bin/ld: drivertest_rtc.c:(.text.cmocka_driver_rtc_main+0x5c): undefined reference to `memset'
/home/regex/.espressif/tools/riscv32-esp-elf/esp-15.2.0_20251204/riscv32-esp-elf/bin/../lib/gcc/riscv32-esp-elf/15.2.0/../../../../riscv32-esp-elf/bin/ld: drivertest_rtc.c:(.text.cmocka_driver_rtc_main+0x192): undefined reference to `strlcpy'
/home/regex/.espressif/tools/riscv32-esp-elf/esp-15.2.0_20251204/riscv32-esp-elf/bin/../lib/gcc/riscv32-esp-elf/15.2.0/../../../../riscv32-esp-elf/bin/ld: apps/testing/drivers/drivertest/libapps_cmocka_posix_timer.a(drivertest_posix_timer.c.o): in function `cmocka_posix_timer_main':
drivertest_posix_timer.c:(.text.cmocka_posix_timer_main+0x1a): undefined reference to `memset'
/home/regex/.espressif/tools/riscv32-esp-elf/esp-15.2.0_20251204/riscv32-esp-elf/bin/../lib/gcc/riscv32-esp-elf/15.2.0/../../../../riscv32-esp-elf/bin/ld: apps/testing/drivers/drivertest/libapps_cmocka_driver_uart.a(drivertest_uart.c.o): in function `setup':
drivertest_uart.c:(.text.setup+0xc6): undefined reference to `memcpy'
/home/regex/.espressif/tools/riscv32-esp-elf/esp-15.2.0_20251204/riscv32-esp-elf/bin/../lib/gcc/riscv32-esp-elf/15.2.0/../../../../riscv32-esp-elf/bin/ld: apps/testing/drivers/drivertest/libapps_cmocka_driver_audio.a(drivertest_audio.c.o): in function `cmocka_driver_audio_main':
drivertest_audio.c:(.text.cmocka_driver_audio_main+0x36): undefined reference to `memset'
/home/regex/.espressif/tools/riscv32-esp-elf/esp-15.2.0_20251204/riscv32-esp-elf/bin/../lib/gcc/riscv32-esp-elf/15.2.0/../../../../riscv32-esp-elf/bin/ld: drivertest_audio.c:(.text.cmocka_driver_audio_main+0x4a): undefined reference to `memcpy'
/home/regex/.espressif/tools/riscv32-esp-elf/esp-15.2.0_20251204/riscv32-esp-elf/bin/../lib/gcc/riscv32-esp-elf/15.2.0/../../../../riscv32-esp-elf/bin/ld: drivertest_audio.c:(.text.cmocka_driver_audio_main+0x5c): undefined reference to `memset'
/home/regex/.espressif/tools/riscv32-esp-elf/esp-15.2.0_20251204/riscv32-esp-elf/bin/../lib/gcc/riscv32-esp-elf/15.2.0/../../../../riscv32-esp-elf/bin/ld: drivertest_audio.c:(.text.cmocka_driver_audio_main+0x70): undefined reference to `memcpy'
/home/regex/.espressif/tools/riscv32-esp-elf/esp-15.2.0_20251204/riscv32-esp-elf/bin/../lib/gcc/riscv32-esp-elf/15.2.0/../../../../riscv32-esp-elf/bin/ld: drivertest_audio.c:(.text.cmocka_driver_audio_main+0x82): undefined reference to `memset'
/home/regex/.espressif/tools/riscv32-esp-elf/esp-15.2.0_20251204/riscv32-esp-elf/bin/../lib/gcc/riscv32-esp-elf/15.2.0/../../../../riscv32-esp-elf/bin/ld: drivertest_audio.c:(.text.cmocka_driver_audio_main+0x1aa): undefined reference to `strcpy'
/home/regex/.espressif/tools/riscv32-esp-elf/esp-15.2.0_20251204/riscv32-esp-elf/bin/../lib/gcc/riscv32-esp-elf/15.2.0/../../../../riscv32-esp-elf/bin/ld: drivertest_audio.c:(.text.cmocka_driver_audio_main+0x1cc): undefined reference to `strcmp'
/home/regex/.espressif/tools/riscv32-esp-elf/esp-15.2.0_20251204/riscv32-esp-elf/bin/../lib/gcc/riscv32-esp-elf/15.2.0/../../../../riscv32-esp-elf/bin/ld: apps/testing/mm/heaptest/libapps_mm.a(mm_main.c.o): in function `mm_showmallinfo':
mm_main.c:(.text.mm_showmallinfo+0x1a): undefined reference to `memcpy'
/home/regex/.espressif/tools/riscv32-esp-elf/esp-15.2.0_20251204/riscv32-esp-elf/bin/../lib/gcc/riscv32-esp-elf/15.2.0/../../../../riscv32-esp-elf/bin/ld: apps/testing/mm/heaptest/libapps_mm.a(mm_main.c.o): in function `do_memaligns.constprop.0':
mm_main.c:(.text.do_memaligns.constprop.0+0x15c): undefined reference to `memset'
/home/regex/.espressif/tools/riscv32-esp-elf/esp-15.2.0_20251204/riscv32-esp-elf/bin/../lib/gcc/riscv32-esp-elf/15.2.0/../../../../riscv32-esp-elf/bin/ld: apps/testing/mm/heaptest/libapps_mm.a(mm_main.c.o): in function `mm_main':
mm_main.c:(.text.mm_main+0x10a): undefined reference to `memset'
/home/regex/.espressif/tools/riscv32-esp-elf/esp-15.2.0_20251204/riscv32-esp-elf/bin/../lib/gcc/riscv32-esp-elf/15.2.0/../../../../riscv32-esp-elf/bin/ld: mm_main.c:(.text.mm_main+0x342): undefined reference to `memset'
/home/regex/.espressif/tools/riscv32-esp-elf/esp-15.2.0_20251204/riscv32-esp-elf/bin/../lib/gcc/riscv32-esp-elf/15.2.0/../../../../riscv32-esp-elf/bin/ld: mm_main.c:(.text.mm_main+0x3d8): undefined reference to `memset'
/home/regex/.espressif/tools/riscv32-esp-elf/esp-15.2.0_20251204/riscv32-esp-elf/bin/../lib/gcc/riscv32-esp-elf/15.2.0/../../../../riscv32-esp-elf/bin/ld: apps/libapps.a(nxlooper.c.o): in function `nxlooper_loopthread':
nxlooper.c:(.text.nxlooper_loopthread+0x348): undefined reference to `memcpy'
/home/regex/.espressif/tools/riscv32-esp-elf/esp-15.2.0_20251204/riscv32-esp-elf/bin/../lib/gcc/riscv32-esp-elf/15.2.0/../../../../riscv32-esp-elf/bin/ld: apps/libapps.a(nxlooper.c.o): in function `nxlooper_setdevice':
nxlooper.c:(.text.nxlooper_setdevice+0x8c): undefined reference to `strlcpy'
/home/regex/.espressif/tools/riscv32-esp-elf/esp-15.2.0_20251204/riscv32-esp-elf/bin/../lib/gcc/riscv32-esp-elf/15.2.0/../../../../riscv32-esp-elf/bin/ld: apps/libapps.a(nxlooper.c.o): in function `nxlooper_loopback':
nxlooper.c:(.text.nxlooper_loopback+0x316): undefined reference to `memset'
/home/regex/.espressif/tools/riscv32-esp-elf/esp-15.2.0_20251204/riscv32-esp-elf/bin/../lib/gcc/riscv32-esp-elf/15.2.0/../../../../riscv32-esp-elf/bin/ld: apps/libapps.a(nxplayer.c.o): in function `nxplayer_setdevice':
nxplayer.c:(.text.nxplayer_setdevice+0x82): undefined reference to `strlcpy'
/home/regex/.espressif/tools/riscv32-esp-elf/esp-15.2.0_20251204/riscv32-esp-elf/bin/../lib/gcc/riscv32-esp-elf/15.2.0/../../../../riscv32-esp-elf/bin/ld: apps/libapps.a(nxplayer.c.o): in function `nxplayer_setmediadir':
nxplayer.c:(.text.nxplayer_setmediadir+0x8): undefined reference to `strlcpy'
/home/regex/.espressif/tools/riscv32-esp-elf/esp-15.2.0_20251204/riscv32-esp-elf/bin/../lib/gcc/riscv32-esp-elf/15.2.0/../../../../riscv32-esp-elf/bin/ld: apps/libapps.a(nxplayer.c.o): in function `nxplayer_create':
nxplayer.c:(.text.nxplayer_create+0x6c): undefined reference to `strlcpy'
/home/regex/.espressif/tools/riscv32-esp-elf/esp-15.2.0_20251204/riscv32-esp-elf/bin/../lib/gcc/riscv32-esp-elf/15.2.0/../../../../riscv32-esp-elf/bin/ld: apps/libapps.a(nxplayer.c.o): in function `nxplayer_playthread':
nxplayer.c:(.text.nxplayer_playthread+0x314): undefined reference to `memset'
/home/regex/.espressif/tools/riscv32-esp-elf/esp-15.2.0_20251204/riscv32-esp-elf/bin/../lib/gcc/riscv32-esp-elf/15.2.0/../../../../riscv32-esp-elf/bin/ld: apps/libapps.a(nxplayer.c.o): in function `nxplayer_playraw':
nxplayer.c:(.text.nxplayer_playraw+0x13c): undefined reference to `strlen'
/home/regex/.espressif/tools/riscv32-esp-elf/esp-15.2.0_20251204/riscv32-esp-elf/bin/../lib/gcc/riscv32-esp-elf/15.2.0/../../../../riscv32-esp-elf/bin/ld: apps/libapps.a(nxplayer_mp3.c.o): in function `nxplayer_parse_mp3':
nxplayer_mp3.c:(.text.nxplayer_parse_mp3+0x46): undefined reference to `memcmp'
/home/regex/.espressif/tools/riscv32-esp-elf/esp-15.2.0_20251204/riscv32-esp-elf/bin/../lib/gcc/riscv32-esp-elf/15.2.0/../../../../riscv32-esp-elf/bin/ld: apps/libapps.a(nxrecorder.c.o): in function `nxrecorder_setdevice':
nxrecorder.c:(.text.nxrecorder_setdevice+0x48): undefined reference to `strlcpy'
/home/regex/.espressif/tools/riscv32-esp-elf/esp-15.2.0_20251204/riscv32-esp-elf/bin/../lib/gcc/riscv32-esp-elf/15.2.0/../../../../riscv32-esp-elf/bin/ld: apps/libapps.a(nxrecorder.c.o): in function `nxrecorder_recordinternal':
nxrecorder.c:(.text.nxrecorder_recordinternal+0x10e): undefined reference to `strlen'
/home/regex/.espressif/tools/riscv32-esp-elf/esp-15.2.0_20251204/riscv32-esp-elf/bin/../lib/gcc/riscv32-esp-elf/15.2.0/../../../../riscv32-esp-elf/bin/ld: apps/libapps.a(ymodem.c.o): in function `ymodem_recv':
ymodem.c:(.text.ymodem_recv+0x5a): undefined reference to `memcpy'
/home/regex/.espressif/tools/riscv32-esp-elf/esp-15.2.0_20251204/riscv32-esp-elf/bin/../lib/gcc/riscv32-esp-elf/15.2.0/../../../../riscv32-esp-elf/bin/ld: ymodem.c:(.text.ymodem_recv+0x25a): undefined reference to `strlcpy'
/home/regex/.espressif/tools/riscv32-esp-elf/esp-15.2.0_20251204/riscv32-esp-elf/bin/../lib/gcc/riscv32-esp-elf/15.2.0/../../../../riscv32-esp-elf/bin/ld: ymodem.c:(.text.ymodem_recv+0x264): undefined reference to `strlen'
/home/regex/.espressif/tools/riscv32-esp-elf/esp-15.2.0_20251204/riscv32-esp-elf/bin/../lib/gcc/riscv32-esp-elf/15.2.0/../../../../riscv32-esp-elf/bin/ld: apps/libapps.a(ymodem.c.o): in function `ymodem_send':
ymodem.c:(.text.ymodem_send+0x44): undefined reference to `memcpy'
/home/regex/.espressif/tools/riscv32-esp-elf/esp-15.2.0_20251204/riscv32-esp-elf/bin/../lib/gcc/riscv32-esp-elf/15.2.0/../../../../riscv32-esp-elf/bin/ld: ymodem.c:(.text.ymodem_send+0x240): undefined reference to `memset'
/home/regex/.espressif/tools/riscv32-esp-elf/esp-15.2.0_20251204/riscv32-esp-elf/bin/../lib/gcc/riscv32-esp-elf/15.2.0/../../../../riscv32-esp-elf/bin/ld: libs/libc/libc.a(lib_circbuf.c.o): in function `circbuf_uninit':
lib_circbuf.c:(.text.circbuf_uninit+0x34): undefined reference to `memset'
/home/regex/.espressif/tools/riscv32-esp-elf/esp-15.2.0_20251204/riscv32-esp-elf/bin/../lib/gcc/riscv32-esp-elf/15.2.0/../../../../riscv32-esp-elf/bin/ld: libs/libc/libc.a(lib_circbuf.c.o): in function `circbuf_peekat':
lib_circbuf.c:(.text.circbuf_peekat+0x56): undefined reference to `memcpy'
/home/regex/.espressif/tools/riscv32-esp-elf/esp-15.2.0_20251204/riscv32-esp-elf/bin/../lib/gcc/riscv32-esp-elf/15.2.0/../../../../riscv32-esp-elf/bin/ld: lib_circbuf.c:(.text.circbuf_peekat+0x6a): undefined reference to `memcpy'
/home/regex/.espressif/tools/riscv32-esp-elf/esp-15.2.0_20251204/riscv32-esp-elf/bin/../lib/gcc/riscv32-esp-elf/15.2.0/../../../../riscv32-esp-elf/bin/ld: libs/libc/libc.a(lib_circbuf.c.o): in function `circbuf_write':
lib_circbuf.c:(.text.circbuf_write+0x5c): undefined reference to `memcpy'
/home/regex/.espressif/tools/riscv32-esp-elf/esp-15.2.0_20251204/riscv32-esp-elf/bin/../lib/gcc/riscv32-esp-elf/15.2.0/../../../../riscv32-esp-elf/bin/ld: lib_circbuf.c:(.text.circbuf_write+0x70): undefined reference to `memcpy'
/home/regex/.espressif/tools/riscv32-esp-elf/esp-15.2.0_20251204/riscv32-esp-elf/bin/../lib/gcc/riscv32-esp-elf/15.2.0/../../../../riscv32-esp-elf/bin/ld: libs/libc/libc.a(pthread_attr_destroy.c.o): in function `pthread_attr_destroy':
pthread_attr_destroy.c:(.text.pthread_attr_destroy+0xa): undefined reference to `memset'
/home/regex/.espressif/tools/riscv32-esp-elf/esp-15.2.0_20251204/riscv32-esp-elf/bin/../lib/gcc/riscv32-esp-elf/15.2.0/../../../../riscv32-esp-elf/bin/ld: libs/libc/libc.a(regcomp.c.o): in function `parse_bracket':
regcomp.c:(.text.parse_bracket+0x1a8): undefined reference to `memcpy'
/home/regex/.espressif/tools/riscv32-esp-elf/esp-15.2.0_20251204/riscv32-esp-elf/bin/../lib/gcc/riscv32-esp-elf/15.2.0/../../../../riscv32-esp-elf/bin/ld: regcomp.c:(.text.parse_bracket+0x2ea): undefined reference to `memcpy'
/home/regex/.espressif/tools/riscv32-esp-elf/esp-15.2.0_20251204/riscv32-esp-elf/bin/../lib/gcc/riscv32-esp-elf/15.2.0/../../../../riscv32-esp-elf/bin/ld: libs/libc/libc.a(regcomp.c.o): in function `regcomp':
regcomp.c:(.text.regcomp+0x3bc): undefined reference to `memset'
/home/regex/.espressif/tools/riscv32-esp-elf/esp-15.2.0_20251204/riscv32-esp-elf/bin/../lib/gcc/riscv32-esp-elf/15.2.0/../../../../riscv32-esp-elf/bin/ld: regcomp.c:(.text.regcomp+0xafe): undefined reference to `memcpy'
/home/regex/.espressif/tools/riscv32-esp-elf/esp-15.2.0_20251204/riscv32-esp-elf/bin/../lib/gcc/riscv32-esp-elf/15.2.0/../../../../riscv32-esp-elf/bin/ld: libs/libc/libc.a(regexec.c.o): in function `regexec':
regexec.c:(.text.regexec+0x7b4): undefined reference to `memset'
/home/regex/.espressif/tools/riscv32-esp-elf/esp-15.2.0_20251204/riscv32-esp-elf/bin/../lib/gcc/riscv32-esp-elf/15.2.0/../../../../riscv32-esp-elf/bin/ld: libs/libc/libc.a(tre-mem.c.o): in function `__tre_mem_new_impl':
tre-mem.c:(.text.__tre_mem_new_impl+0x14): undefined reference to `memset'
/home/regex/.espressif/tools/riscv32-esp-elf/esp-15.2.0_20251204/riscv32-esp-elf/bin/../lib/gcc/riscv32-esp-elf/15.2.0/../../../../riscv32-esp-elf/bin/ld: libs/libc/libc.a(tre-mem.c.o): in function `__tre_mem_alloc_impl':
tre-mem.c:(.text.__tre_mem_alloc_impl+0x66): undefined reference to `memset'
/home/regex/.espressif/tools/riscv32-esp-elf/esp-15.2.0_20251204/riscv32-esp-elf/bin/../lib/gcc/riscv32-esp-elf/15.2.0/../../../../riscv32-esp-elf/bin/ld: libs/libc/libc.a(lib_vsscanf.c.o): in function `vsscanf':
lib_vsscanf.c:(.text.vsscanf+0xe): undefined reference to `strlen'
/home/regex/.espressif/tools/riscv32-esp-elf/esp-15.2.0_20251204/riscv32-esp-elf/bin/../lib/gcc/riscv32-esp-elf/15.2.0/../../../../riscv32-esp-elf/bin/ld: libs/libc/libc.a(lib_strtold.c.o): in function `strtox':
lib_strtold.c:(.text.strtox+0x7a4): undefined reference to `memcpy'
/home/regex/.espressif/tools/riscv32-esp-elf/esp-15.2.0_20251204/riscv32-esp-elf/bin/../lib/gcc/riscv32-esp-elf/15.2.0/../../../../riscv32-esp-elf/bin/ld: libs/libc/libc.a(lib_meminstream.c.o): in function `meminstream_gets':
lib_meminstream.c:(.text.meminstream_gets+0x3a): undefined reference to `memcpy'
/home/regex/.espressif/tools/riscv32-esp-elf/esp-15.2.0_20251204/riscv32-esp-elf/bin/../lib/gcc/riscv32-esp-elf/15.2.0/../../../../riscv32-esp-elf/bin/ld: libs/libc/libc.a(lib_libvscanf.c.o): in function `vscanf_internal':
lib_libvscanf.c:(.text.vscanf_internal+0xb0): undefined reference to `strchr'
/home/regex/.espressif/tools/riscv32-esp-elf/esp-15.2.0_20251204/riscv32-esp-elf/bin/../lib/gcc/riscv32-esp-elf/15.2.0/../../../../riscv32-esp-elf/bin/ld: lib_libvscanf.c:(.text.vscanf_internal+0xca): undefined reference to `strchr'
/home/regex/.espressif/tools/riscv32-esp-elf/esp-15.2.0_20251204/riscv32-esp-elf/bin/../lib/gcc/riscv32-esp-elf/15.2.0/../../../../riscv32-esp-elf/bin/ld: lib_libvscanf.c:(.text.vscanf_internal+0x166): undefined reference to `strchr'
/home/regex/.espressif/tools/riscv32-esp-elf/esp-15.2.0_20251204/riscv32-esp-elf/bin/../lib/gcc/riscv32-esp-elf/15.2.0/../../../../riscv32-esp-elf/bin/ld: lib_libvscanf.c:(.text.vscanf_internal+0x23c): undefined reference to `strlcpy'
/home/regex/.espressif/tools/riscv32-esp-elf/esp-15.2.0_20251204/riscv32-esp-elf/bin/../lib/gcc/riscv32-esp-elf/15.2.0/../../../../riscv32-esp-elf/bin/ld: libs/libc/libc.a(lib_wctype.c.o): in function `wctype':
lib_wctype.c:(.text.wctype+0x32): undefined reference to `strcmp'
/home/regex/.espressif/tools/riscv32-esp-elf/esp-15.2.0_20251204/riscv32-esp-elf/bin/../lib/gcc/riscv32-esp-elf/15.2.0/../../../../riscv32-esp-elf/bin/ld: lib_wctype.c:(.text.wctype+0x48): undefined reference to `strcmp'
/home/regex/.espressif/tools/riscv32-esp-elf/esp-15.2.0_20251204/riscv32-esp-elf/bin/../lib/gcc/riscv32-esp-elf/15.2.0/../../../../riscv32-esp-elf/bin/ld: lib_wctype.c:(.text.wctype+0x60): undefined reference to `strcmp'
/home/regex/.espressif/tools/riscv32-esp-elf/esp-15.2.0_20251204/riscv32-esp-elf/bin/../lib/gcc/riscv32-esp-elf/15.2.0/../../../../riscv32-esp-elf/bin/ld: lib_wctype.c:(.text.wctype+0x80): undefined reference to `strcmp'
/home/regex/.espressif/tools/riscv32-esp-elf/esp-15.2.0_20251204/riscv32-esp-elf/bin/../lib/gcc/riscv32-esp-elf/15.2.0/../../../../riscv32-esp-elf/bin/ld: lib_wctype.c:(.text.wctype+0x98): undefined reference to `strcmp'
/home/regex/.espressif/tools/riscv32-esp-elf/esp-15.2.0_20251204/riscv32-esp-elf/bin/../lib/gcc/riscv32-esp-elf/15.2.0/../../../../riscv32-esp-elf/bin/ld: libs/libc/libc.a(lib_wctype.c.o):lib_wctype.c:(.text.wctype+0xac): more undefined references to `strcmp' follow
/home/regex/.espressif/tools/riscv32-esp-elf/esp-15.2.0_20251204/riscv32-esp-elf/bin/../lib/gcc/riscv32-esp-elf/15.2.0/../../../../riscv32-esp-elf/bin/ld: sched/libsched.a(timer_create.c.o): in function `timer_create':
timer_create.c:(.text.timer_create+0x94): undefined reference to `memset'
/home/regex/.espressif/tools/riscv32-esp-elf/esp-15.2.0_20251204/riscv32-esp-elf/bin/../lib/gcc/riscv32-esp-elf/15.2.0/../../../../riscv32-esp-elf/bin/ld: timer_create.c:(.text.timer_create+0xdc): undefined reference to `memcpy'
collect2: error: ld returned 1 exit status
ninja: build stopped: subcommand failed.
+ restore_config
+ '[' -f /tmp/s31-flat-source-config.jSyexy/.config ']'
+ mv /tmp/s31-flat-source-config.jSyexy/.config .config
+ '[' -f /tmp/s31-flat-source-config.jSyexy/config.h ']'
+ mv /tmp/s31-flat-source-config.jSyexy/config.h include/nuttx/config.h
+ rmdir /tmp/s31-flat-source-config.jSyexy
