+ cmake -S . -B /home/regex/work/esp32s31-openvela/openvela-dev/out/esp32s31-xts-sha -G Ninja -DBOARD_CONFIG=esp32s31-core-function-board:demo-rmt-xts-sha -DFETCHCONTENT_FULLY_DISCONNECTED=ON
-- Processing includes: /home/regex/work/esp32s31-openvela/openvela-dev/nuttx/boards/risc-v/esp32s31/esp32s31-core-function-board/configs/demo-rmt-xts-sha/defconfig → /home/regex/work/esp32s31-openvela/openvela-dev/out/esp32s31-xts-sha/.defconfig.processed
-- NuttX Host Tools
-- Configuring done
-- Generating done
-- Build files have been written to: /home/regex/work/esp32s31-openvela/openvela-dev/out/esp32s31-xts-sha/bin_host
-- Configuring done
-- Generating done
-- Build files have been written to: /home/regex/work/esp32s31-openvela/openvela-dev/out/esp32s31-xts-sha
+ cmake --build /home/regex/work/esp32s31-openvela/openvela-dev/out/esp32s31-xts-sha --target resetconfig
[1/1] cd /home/regex/work/esp32s31-openvela/openvela-dev/nuttx && /usr/bin/cmake -E copy /home/regex/work/esp32s31-openvela/openvela-dev/out/esp32s31-xts-sha/.defconfig.processed /home/regex/work/esp32s31-openvela/openvela-dev/out/esp32s31-xts-sha/.config && /usr/bin/cmake -E env KCONFIG_CONFIG=/home/regex/work/esp32s31-openvela/openvela-dev/out/esp32s31-xts-sha/.config EXTERNALDIR=dummy APPSDIR=/home/regex/work/esp32s31-openvela/openvela-dev/apps DRIVERS_PLATFORM_DIR=dummy APPSBINDIR=/home/regex/work/esp32s31-openvela/openvela-dev/out/esp32s31-xts-sha/apps BINDIR=/home/regex/work/esp32s31-openvela/openvela-dev/out/esp32s31-xts-sha olddefconfig && /usr/bin/cmake -E copy /home/regex/work/esp32s31-openvela/openvela-dev/out/esp32s31-xts-sha/.config /home/regex/work/esp32s31-openvela/openvela-dev/out/esp32s31-xts-sha/.config.orig && /usr/bin/cmake -E remove -f /home/regex/work/esp32s31-openvela/openvela-dev/out/esp32s31-xts-sha/include/nuttx/config.h && /usr/bin/cmake -E touch /home/regex/work/esp32s31-openvela/openvela-dev/nuttx/CMakeLists.txt
/home/regex/work/esp32s31-openvela/openvela-dev/out/esp32s31-xts-sha/.config:229: warning: IOB_NBUFFERS (defined at mm/iob/Kconfig:17) set more than once. Old value "96", new value "128".
/home/regex/work/esp32s31-openvela/openvela-dev/out/esp32s31-xts-sha/.config:230: warning: IOB_NCHAINS (defined at mm/iob/Kconfig:50) set more than once. Old value "32", new value "4".
Loaded configuration '/home/regex/work/esp32s31-openvela/openvela-dev/out/esp32s31-xts-sha/.config'
Configuration saved to '/home/regex/work/esp32s31-openvela/openvela-dev/out/esp32s31-xts-sha/.config'
+ cmake -S . -B /home/regex/work/esp32s31-openvela/openvela-dev/out/esp32s31-xts-sha -G Ninja -DBOARD_CONFIG=esp32s31-core-function-board:demo-rmt-xts-sha -DFETCHCONTENT_FULLY_DISCONNECTED=ON
-- Processing includes: /home/regex/work/esp32s31-openvela/openvela-dev/nuttx/boards/risc-v/esp32s31/esp32s31-core-function-board/configs/demo-rmt-xts-sha/defconfig → /home/regex/work/esp32s31-openvela/openvela-dev/out/esp32s31-xts-sha/.defconfig.processed
-- NuttX Host Tools
-- Configuring done
-- Generating done
-- Build files have been written to: /home/regex/work/esp32s31-openvela/openvela-dev/out/esp32s31-xts-sha/bin_host
-- Configuring done
-- Generating done
-- Build files have been written to: /home/regex/work/esp32s31-openvela/openvela-dev/out/esp32s31-xts-sha
+ [[ demo-rmt-xts-sha = *-he ]]
+ rg -q '^# CONFIG_ESPRESSIF_WIFI_STA_11AX is not set$' /home/regex/work/esp32s31-openvela/openvela-dev/out/esp32s31-xts-sha/.config
+ [[ demo-rmt-xts-sha = demo-rmt-tcpdiag ]]
+ [[ demo-rmt-xts-sha = demo-rmt-arp-* ]]
+ [[ demo-rmt-xts-sha = demo-rmt-arp-learn* ]]
+ [[ demo-rmt-xts-sha = demo-rmt-arp-queue ]]
+ [[ demo-rmt-xts-sha = *cpu1-init ]]
+ [[ demo-rmt-xts-sha = demo-rmt-mqueue ]]
+ rg -q '^# CONFIG_ESP32S31_MQUEUE_TEST is not set$' /home/regex/work/esp32s31-openvela/openvela-dev/out/esp32s31-xts-sha/.config
+ [[ demo-rmt-xts-sha = demo-rmt-event ]]
+ rg -q '^# CONFIG_ESP32S31_WIFI_EVENT_TEST is not set$' /home/regex/work/esp32s31-openvela/openvela-dev/out/esp32s31-xts-sha/.config
+ [[ demo-rmt-xts-sha = demo-rmt* ]]
+ for task_option in RMT ESP_RMT WS2812 WS2812_NON_SPI_DRIVER EXAMPLES_S31LED
+ rg -q '^CONFIG_RMT=y$' /home/regex/work/esp32s31-openvela/openvela-dev/out/esp32s31-xts-sha/.config
+ for task_option in RMT ESP_RMT WS2812 WS2812_NON_SPI_DRIVER EXAMPLES_S31LED
+ rg -q '^CONFIG_ESP_RMT=y$' /home/regex/work/esp32s31-openvela/openvela-dev/out/esp32s31-xts-sha/.config
+ for task_option in RMT ESP_RMT WS2812 WS2812_NON_SPI_DRIVER EXAMPLES_S31LED
+ rg -q '^CONFIG_WS2812=y$' /home/regex/work/esp32s31-openvela/openvela-dev/out/esp32s31-xts-sha/.config
+ for task_option in RMT ESP_RMT WS2812 WS2812_NON_SPI_DRIVER EXAMPLES_S31LED
+ rg -q '^CONFIG_WS2812_NON_SPI_DRIVER=y$' /home/regex/work/esp32s31-openvela/openvela-dev/out/esp32s31-xts-sha/.config
+ for task_option in RMT ESP_RMT WS2812 WS2812_NON_SPI_DRIVER EXAMPLES_S31LED
+ rg -q '^CONFIG_EXAMPLES_S31LED=y$' /home/regex/work/esp32s31-openvela/openvela-dev/out/esp32s31-xts-sha/.config
+ rg -q '^CONFIG_WS2812_LED_COUNT=1$' /home/regex/work/esp32s31-openvela/openvela-dev/out/esp32s31-xts-sha/.config
+ [[ demo-rmt-xts-sha = demo-i2c* ]]
+ [[ demo-rmt-xts-sha = demo-rmt* ]]
+ rg -q '^CONFIG_ESPRESSIF_I2C0=y$' /home/regex/work/esp32s31-openvela/openvela-dev/out/esp32s31-xts-sha/.config
+ rg -q '^CONFIG_ESPRESSIF_I2C0_SCLPIN=50$' /home/regex/work/esp32s31-openvela/openvela-dev/out/esp32s31-xts-sha/.config
+ rg -q '^CONFIG_ESPRESSIF_I2C0_SDAPIN=51$' /home/regex/work/esp32s31-openvela/openvela-dev/out/esp32s31-xts-sha/.config
+ rg -q '^CONFIG_SYSTEM_I2CTOOL=y$' /home/regex/work/esp32s31-openvela/openvela-dev/out/esp32s31-xts-sha/.config
+ rg -q '^CONFIG_ARCH_BUTTONS=y$' /home/regex/work/esp32s31-openvela/openvela-dev/out/esp32s31-xts-sha/.config
+ for task_option in ARCH_IRQBUTTONS ESPRESSIF_GPIO_IRQ INPUT INPUT_BUTTONS INPUT_BUTTONS_LOWER EXAMPLES_BUTTONS
+ rg -q '^CONFIG_ARCH_IRQBUTTONS=y$' /home/regex/work/esp32s31-openvela/openvela-dev/out/esp32s31-xts-sha/.config
+ for task_option in ARCH_IRQBUTTONS ESPRESSIF_GPIO_IRQ INPUT INPUT_BUTTONS INPUT_BUTTONS_LOWER EXAMPLES_BUTTONS
+ rg -q '^CONFIG_ESPRESSIF_GPIO_IRQ=y$' /home/regex/work/esp32s31-openvela/openvela-dev/out/esp32s31-xts-sha/.config
+ for task_option in ARCH_IRQBUTTONS ESPRESSIF_GPIO_IRQ INPUT INPUT_BUTTONS INPUT_BUTTONS_LOWER EXAMPLES_BUTTONS
+ rg -q '^CONFIG_INPUT=y$' /home/regex/work/esp32s31-openvela/openvela-dev/out/esp32s31-xts-sha/.config
+ for task_option in ARCH_IRQBUTTONS ESPRESSIF_GPIO_IRQ INPUT INPUT_BUTTONS INPUT_BUTTONS_LOWER EXAMPLES_BUTTONS
+ rg -q '^CONFIG_INPUT_BUTTONS=y$' /home/regex/work/esp32s31-openvela/openvela-dev/out/esp32s31-xts-sha/.config
+ for task_option in ARCH_IRQBUTTONS ESPRESSIF_GPIO_IRQ INPUT INPUT_BUTTONS INPUT_BUTTONS_LOWER EXAMPLES_BUTTONS
+ rg -q '^CONFIG_INPUT_BUTTONS_LOWER=y$' /home/regex/work/esp32s31-openvela/openvela-dev/out/esp32s31-xts-sha/.config
+ for task_option in ARCH_IRQBUTTONS ESPRESSIF_GPIO_IRQ INPUT INPUT_BUTTONS INPUT_BUTTONS_LOWER EXAMPLES_BUTTONS
+ rg -q '^CONFIG_EXAMPLES_BUTTONS=y$' /home/regex/work/esp32s31-openvela/openvela-dev/out/esp32s31-xts-sha/.config
+ [[ demo-rmt-xts-sha = demo-rmt-xts-* ]]
+ for task_option in TESTING_CMOCKA TESTS_TESTSUITES CM_MM_TEST CM_SCHED_TEST CM_SYSCALL_TEST
+ rg -q '^CONFIG_TESTING_CMOCKA=y$' /home/regex/work/esp32s31-openvela/openvela-dev/out/esp32s31-xts-sha/.config
+ for task_option in TESTING_CMOCKA TESTS_TESTSUITES CM_MM_TEST CM_SCHED_TEST CM_SYSCALL_TEST
+ rg -q '^CONFIG_TESTS_TESTSUITES=y$' /home/regex/work/esp32s31-openvela/openvela-dev/out/esp32s31-xts-sha/.config
+ for task_option in TESTING_CMOCKA TESTS_TESTSUITES CM_MM_TEST CM_SCHED_TEST CM_SYSCALL_TEST
+ rg -q '^CONFIG_CM_MM_TEST=y$' /home/regex/work/esp32s31-openvela/openvela-dev/out/esp32s31-xts-sha/.config
+ for task_option in TESTING_CMOCKA TESTS_TESTSUITES CM_MM_TEST CM_SCHED_TEST CM_SYSCALL_TEST
+ rg -q '^CONFIG_CM_SCHED_TEST=y$' /home/regex/work/esp32s31-openvela/openvela-dev/out/esp32s31-xts-sha/.config
+ for task_option in TESTING_CMOCKA TESTS_TESTSUITES CM_MM_TEST CM_SCHED_TEST CM_SYSCALL_TEST
+ rg -q '^CONFIG_CM_SYSCALL_TEST=y$' /home/regex/work/esp32s31-openvela/openvela-dev/out/esp32s31-xts-sha/.config
+ cmake --build /home/regex/work/esp32s31-openvela/openvela-dev/out/esp32s31-xts-sha -j8
[1/3622] cd /home/regex/work/esp32s31-openvela/openvela-dev/out/esp32s31-xts-sha/libs/libc/misc && /usr/bin/cmake -E touch /home/regex/work/esp32s31-openvela/openvela-dev/nuttx/libs/libc/misc/lib_utsname.c
[2/3622] cd /home/regex/work/esp32s31-openvela/openvela-dev/nuttx && /usr/bin/cmake -DKCONFIG_CONFIG=/home/regex/work/esp32s31-openvela/openvela-dev/out/esp32s31-xts-sha/.defconfig.processed -DNUTTX_DIR=/home/regex/work/esp32s31-openvela/openvela-dev/nuttx -DCMAKE_BINARY_DIR=/home/regex/work/esp32s31-openvela/openvela-dev/out/esp32s31-xts-sha -P /home/regex/work/esp32s31-openvela/openvela-dev/nuttx/cmake/nuttx_generate_dts.cmake
[3/3622] Building C object binfmt/CMakeFiles/binfmt.dir/binfmt_copyattr.c.o
[4/3622] cd /home/regex/work/esp32s31-openvela/openvela-dev/out/esp32s31-xts-sha/syscall && cmake --build /home/regex/work/esp32s31-openvela/openvela-dev/out/esp32s31-xts-sha/bin_host --target mksyscall
Consolidate compiler generated dependencies of target csvparser
[ 50%] Built target csvparser
Consolidate compiler generated dependencies of target mksyscall
[100%] Built target mksyscall
[5/3622] Building C object arch/CMakeFiles/arch.dir/home/regex/work/esp32s31-openvela/s31-reference/deps/esp-hal-3rdparty/components/esp_hal_gpio/sdm_hal.c.o
[6/3622] Building C object arch/CMakeFiles/arch.dir/home/regex/work/esp32s31-openvela/s31-reference/deps/esp-hal-3rdparty/components/efuse/esp32s31/esp_efuse_table.c.o
[7/3622] Building C object arch/CMakeFiles/arch.dir/home/regex/work/esp32s31-openvela/s31-reference/deps/esp-hal-3rdparty/components/bootloader_support/src/bootloader_efuse.c.o
[8/3622] Building C object arch/CMakeFiles/arch.dir/home/regex/work/esp32s31-openvela/s31-reference/deps/esp-hal-3rdparty/components/bootloader_support/src/bootloader_clock_init.c.o
[9/3622] Building C object arch/CMakeFiles/arch.dir/home/regex/work/esp32s31-openvela/s31-reference/deps/esp-hal-3rdparty/components/esp_hal_gpio/esp32s31/rtc_io_periph.c.o
[10/3622] Building C object arch/CMakeFiles/arch.dir/home/regex/work/esp32s31-openvela/s31-reference/deps/esp-hal-3rdparty/components/esp_hal_gpio/rtc_io_hal.c.o
[11/3622] Building C object arch/CMakeFiles/arch.dir/home/regex/work/esp32s31-openvela/s31-reference/deps/esp-hal-3rdparty/components/efuse/esp32s31/esp_efuse_utility.c.o
[12/3622] Building C object arch/CMakeFiles/arch.dir/home/regex/work/esp32s31-openvela/s31-reference/deps/esp-hal-3rdparty/components/esp_hal_mspi/spi_flash_encrypt_hal_iram.c.o
[13/3622] Building C object arch/CMakeFiles/arch.dir/home/regex/work/esp32s31-openvela/s31-reference/deps/esp-hal-3rdparty/components/efuse/esp32s31/esp_efuse_fields.c.o
[14/3622] Building C object arch/CMakeFiles/arch.dir/home/regex/work/esp32s31-openvela/s31-reference/deps/esp-hal-3rdparty/components/bootloader_support/src/flash_encrypt.c.o
[15/3622] Building C object arch/CMakeFiles/arch.dir/home/regex/work/esp32s31-openvela/s31-reference/deps/esp-hal-3rdparty/components/efuse/src/efuse_controller/keys/with_key_purposes/esp_efuse_api_key.c.o
[16/3622] Building C object arch/CMakeFiles/arch.dir/home/regex/work/esp32s31-openvela/s31-reference/deps/esp-hal-3rdparty/components/esp_hal_mspi/spi_flash_hal_gpspi.c.o
[17/3622] Building C object arch/CMakeFiles/arch.dir/home/regex/work/esp32s31-openvela/s31-reference/deps/esp-hal-3rdparty/components/bootloader_support/src/bootloader_init.c.o
[18/3622] Building C object arch/CMakeFiles/arch.dir/home/regex/work/esp32s31-openvela/s31-reference/deps/esp-hal-3rdparty/components/esp_hal_mspi/spi_flash_hal_iram.c.o
[19/3622] Building C object arch/CMakeFiles/arch.dir/home/regex/work/esp32s31-openvela/s31-reference/deps/esp-hal-3rdparty/components/efuse/src/esp_efuse_api.c.o
[20/3622] Building C object arch/CMakeFiles/arch.dir/home/regex/work/esp32s31-openvela/s31-reference/deps/esp-hal-3rdparty/components/esp_hal_dma/esp32s31/gdma_periph.c.o
[21/3622] Building C object arch/CMakeFiles/arch.dir/home/regex/work/esp32s31-openvela/s31-reference/deps/esp-hal-3rdparty/components/bootloader_support/src/esp_image_format.c.o
[22/3622] Building C object arch/CMakeFiles/arch.dir/home/regex/work/esp32s31-openvela/s31-reference/deps/esp-hal-3rdparty/components/esp_hal_clock/esp32s31/clk_tree_hal.c.o
[23/3622] Building C object arch/CMakeFiles/arch.dir/home/regex/work/esp32s31-openvela/s31-reference/deps/esp-hal-3rdparty/components/efuse/src/esp_efuse_utility.c.o
[24/3622] Building C object arch/CMakeFiles/arch.dir/home/regex/work/esp32s31-openvela/s31-reference/deps/esp-hal-3rdparty/components/esp_hal_gpio/esp32s31/dedic_gpio_periph.c.o
[25/3622] Building C object arch/CMakeFiles/arch.dir/home/regex/work/esp32s31-openvela/s31-reference/deps/esp-hal-3rdparty/components/esp_hal_dma/gdma_hal_crc_gen.c.o
[26/3622] Building C object arch/CMakeFiles/arch.dir/home/regex/work/esp32s31-openvela/s31-reference/deps/esp-hal-3rdparty/components/esp_hal_dma/gdma_hal_ahb_v2.c.o
[27/3622] Building C object arch/CMakeFiles/arch.dir/home/regex/work/esp32s31-openvela/s31-reference/deps/esp-hal-3rdparty/components/esp_hal_dma/gdma_hal_top.c.o
[28/3622] Building C object arch/CMakeFiles/arch.dir/home/regex/work/esp32s31-openvela/s31-reference/deps/esp-hal-3rdparty/components/esp_hal_gpio/esp32s31/sdm_periph.c.o
[29/3622] Building C object arch/CMakeFiles/arch.dir/home/regex/work/esp32s31-openvela/s31-reference/deps/esp-hal-3rdparty/components/esp_hal_dma/gdma_hal_axi.c.o
[30/3622] Building C object arch/CMakeFiles/arch.dir/home/regex/work/esp32s31-openvela/s31-reference/deps/esp-hal-3rdparty/components/esp_hal_pmu/esp32s31/pmu_hal.c.o
[31/3622] Building C object arch/CMakeFiles/arch.dir/home/regex/work/esp32s31-openvela/s31-reference/deps/esp-hal-3rdparty/components/esp_hal_timg/esp32s31/timer_periph.c.o
[32/3622] Building C object arch/CMakeFiles/arch.dir/home/regex/work/esp32s31-openvela/s31-reference/deps/esp-hal-3rdparty/components/esp_hal_gpio/gpio_hal.c.o
[33/3622] Building C object arch/CMakeFiles/arch.dir/home/regex/work/esp32s31-openvela/s31-reference/deps/esp-hal-3rdparty/components/esp_hal_uart/esp32s31/uart_periph.c.o
[34/3622] Building C object arch/CMakeFiles/arch.dir/home/regex/work/esp32s31-openvela/s31-reference/deps/esp-hal-3rdparty/components/esp_hal_timg/timer_hal.c.o
[35/3622] Building C object arch/CMakeFiles/arch.dir/home/regex/work/esp32s31-openvela/s31-reference/deps/esp-hal-3rdparty/components/esp_hal_systimer/systimer_hal.c.o
[36/3622] Building C object arch/CMakeFiles/arch.dir/home/regex/work/esp32s31-openvela/s31-reference/deps/esp-hal-3rdparty/components/esp_hal_mspi/spi_flash_hal.c.o
[37/3622] Building C object arch/CMakeFiles/arch.dir/home/regex/work/esp32s31-openvela/s31-reference/deps/esp-hal-3rdparty/components/esp_hal_uart/uart_hal_iram.c.o
[38/3622] Building C object arch/CMakeFiles/arch.dir/home/regex/work/esp32s31-openvela/s31-reference/deps/esp-hal-3rdparty/components/esp_hw_support/clk_ctrl_os.c.o
[39/3622] Building C object arch/CMakeFiles/arch.dir/home/regex/work/esp32s31-openvela/s31-reference/deps/esp-hal-3rdparty/components/esp_hw_support/clk_utils.c.o
[40/3622] Building C object arch/CMakeFiles/arch.dir/home/regex/work/esp32s31-openvela/s31-reference/deps/esp-hal-3rdparty/components/esp_hal_wdt/wdt_hal_iram.c.o
[41/3622] Building C object arch/CMakeFiles/arch.dir/home/regex/work/esp32s31-openvela/s31-reference/deps/esp-hal-3rdparty/components/esp_hw_support/cpu.c.o
[42/3622] Building C object arch/CMakeFiles/arch.dir/risc-v/src/esp32s31/hal_backports/esp_gpio_reserve.c.o
[43/3622] Building C object arch/CMakeFiles/arch.dir/home/regex/work/esp32s31-openvela/s31-reference/deps/esp-hal-3rdparty/components/esp_hw_support/esp_clk.c.o
[44/3622] Building C object arch/CMakeFiles/arch.dir/home/regex/work/esp32s31-openvela/s31-reference/deps/esp-hal-3rdparty/components/esp_hw_support/esp_memory_utils.c.o
[45/3622] Building C object arch/CMakeFiles/arch.dir/home/regex/work/esp32s31-openvela/s31-reference/deps/esp-hal-3rdparty/components/esp_hal_uart/uart_hal.c.o
[46/3622] Building C object arch/CMakeFiles/arch.dir/home/regex/work/esp32s31-openvela/s31-reference/deps/esp-hal-3rdparty/components/esp_hw_support/hw_random.c.o
[47/3622] Building C object arch/CMakeFiles/arch.dir/home/regex/work/esp32s31-openvela/s31-reference/deps/esp-hal-3rdparty/components/esp_hw_support/port/esp32s31/cpu_region_protect.c.o
[48/3622] Building C object arch/CMakeFiles/arch.dir/home/regex/work/esp32s31-openvela/s31-reference/deps/esp-hal-3rdparty/components/esp_hw_support/mac_addr.c.o
[49/3622] Building C object arch/CMakeFiles/arch.dir/home/regex/work/esp32s31-openvela/s31-reference/deps/esp-hal-3rdparty/components/esp_hw_support/periph_ctrl.c.o
[50/3622] Building C object arch/CMakeFiles/arch.dir/home/regex/work/esp32s31-openvela/s31-reference/deps/esp-hal-3rdparty/components/esp_hw_support/port/esp32s31/esp_cpu_intr.c.o
[51/3622] Building C object arch/CMakeFiles/arch.dir/home/regex/work/esp32s31-openvela/s31-reference/deps/esp-hal-3rdparty/components/esp_hw_support/ldo/esp_ldo_regulator.c.o
[52/3622] Building C object arch/CMakeFiles/arch.dir/home/regex/work/esp32s31-openvela/s31-reference/deps/esp-hal-3rdparty/components/esp_hw_support/mspi/mspi_timing_tuning/mspi_timing_tuning.c.o
[53/3622] Building C object arch/CMakeFiles/arch.dir/home/regex/work/esp32s31-openvela/s31-reference/deps/esp-hal-3rdparty/components/esp_hw_support/port/esp32s31/pmu_param.c.o
[54/3622] Building C object arch/CMakeFiles/arch.dir/home/regex/work/esp32s31-openvela/s31-reference/deps/esp-hal-3rdparty/components/esp_hw_support/port/esp32s31/io_mux.c.o
[55/3622] Building C object arch/CMakeFiles/arch.dir/home/regex/work/esp32s31-openvela/s31-reference/deps/esp-hal-3rdparty/components/esp_hw_support/intr_alloc.c.o
[56/3622] Building C object arch/CMakeFiles/arch.dir/home/regex/work/esp32s31-openvela/s31-reference/deps/esp-hal-3rdparty/components/esp_hw_support/port/esp32s31/esp_clk_tree.c.o
[57/3622] Building C object arch/CMakeFiles/arch.dir/risc-v/src/esp32s31/hal_backports/rtc_clk_init.c.o
[58/3622] Building C object arch/CMakeFiles/arch.dir/home/regex/work/esp32s31-openvela/s31-reference/deps/esp-hal-3rdparty/components/esp_hw_support/port/esp32s31/pmu_init.c.o
[59/3622] Building C object arch/CMakeFiles/arch.dir/home/regex/work/esp32s31-openvela/s31-reference/deps/esp-hal-3rdparty/components/esp_hw_support/port/esp32s31/systimer.c.o
[60/3622] Building C object arch/CMakeFiles/arch.dir/home/regex/work/esp32s31-openvela/s31-reference/deps/esp-hal-3rdparty/components/esp_hw_support/port/esp32s31/rtc_time.c.o
[61/3622] Building C object arch/CMakeFiles/arch.dir/home/regex/work/esp32s31-openvela/s31-reference/deps/esp-hal-3rdparty/components/esp_hw_support/rtc_module.c.o
[62/3622] Building C object arch/CMakeFiles/arch.dir/home/regex/work/esp32s31-openvela/s31-reference/deps/esp-hal-3rdparty/components/esp_hw_support/regi2c_ctrl.c.o
[63/3622] Building C object arch/CMakeFiles/arch.dir/home/regex/work/esp32s31-openvela/s31-reference/deps/esp-hal-3rdparty/components/esp_hw_support/port/esp32s31/rtc_clk.c.o
[64/3622] Building C object arch/CMakeFiles/arch.dir/home/regex/work/esp32s31-openvela/s31-reference/deps/esp-hal-3rdparty/components/esp_mm/port/esp32s31/ext_mem_layout.c.o
[65/3622] Building C object arch/CMakeFiles/arch.dir/home/regex/work/esp32s31-openvela/s31-reference/deps/esp-hal-3rdparty/components/esp_mm/esp_cache_msync.c.o
[66/3622] Building C object arch/CMakeFiles/arch.dir/home/regex/work/esp32s31-openvela/s31-reference/deps/esp-hal-3rdparty/components/esp_mm/esp_cache_utils.c.o
[67/3622] Building C object arch/CMakeFiles/arch.dir/home/regex/work/esp32s31-openvela/s31-reference/deps/esp-hal-3rdparty/components/esp_rom/patches/esp_rom_crc.c.o
[68/3622] Building C object arch/CMakeFiles/arch.dir/home/regex/work/esp32s31-openvela/s31-reference/deps/esp-hal-3rdparty/components/esp_rom/patches/esp_rom_clic.c.o
[69/3622] Building C object arch/CMakeFiles/arch.dir/home/regex/work/esp32s31-openvela/s31-reference/deps/esp-hal-3rdparty/components/esp_hw_support/port/esp_clk_tree_common.c.o
[70/3622] Building C object arch/CMakeFiles/arch.dir/home/regex/work/esp32s31-openvela/s31-reference/deps/esp-hal-3rdparty/components/esp_rom/patches/esp_rom_efuse.c.o
[71/3622] Building C object arch/CMakeFiles/arch.dir/home/regex/work/esp32s31-openvela/s31-reference/deps/esp-hal-3rdparty/components/esp_rom/patches/esp_rom_gpio.c.o
[72/3622] Building C object arch/CMakeFiles/arch.dir/home/regex/work/esp32s31-openvela/s31-reference/deps/esp-hal-3rdparty/components/esp_system/esp_system.c.o
[73/3622] Building C object arch/CMakeFiles/arch.dir/home/regex/work/esp32s31-openvela/s31-reference/deps/esp-hal-3rdparty/components/esp_rom/patches/esp_rom_print.c.o
[74/3622] Building C object arch/CMakeFiles/arch.dir/home/regex/work/esp32s31-openvela/s31-reference/deps/esp-hal-3rdparty/components/esp_system/port/soc/esp32s31/reset_reason.c.o
[75/3622] Building C object arch/CMakeFiles/arch.dir/home/regex/work/esp32s31-openvela/s31-reference/deps/esp-hal-3rdparty/components/esp_system/startup.c.o
[76/3622] Building C object arch/CMakeFiles/arch.dir/home/regex/work/esp32s31-openvela/s31-reference/deps/esp-hal-3rdparty/components/esp_mm/esp_mmu_map.c.o
[77/3622] Building C object arch/CMakeFiles/arch.dir/home/regex/work/esp32s31-openvela/s31-reference/deps/esp-hal-3rdparty/components/esp_system/port/soc/esp32s31/system_internal.c.o
[78/3622] Building C object arch/CMakeFiles/arch.dir/home/regex/work/esp32s31-openvela/s31-reference/deps/esp-hal-3rdparty/components/esp_system/port/soc/esp32s31/clk.c.o
[79/3622] Building C object arch/CMakeFiles/arch.dir/home/regex/work/esp32s31-openvela/s31-reference/deps/esp-hal-3rdparty/components/esp_system/startup_funcs.c.o
[80/3622] Building C object arch/CMakeFiles/arch.dir/home/regex/work/esp32s31-openvela/s31-reference/deps/esp-hal-3rdparty/components/esp_rom/patches/esp_rom_sys.c.o
[81/3622] Building C object arch/CMakeFiles/arch.dir/home/regex/work/esp32s31-openvela/s31-reference/deps/esp-hal-3rdparty/components/esp_rom/patches/esp_rom_spiflash.c.o
[82/3622] Building C object arch/CMakeFiles/arch.dir/home/regex/work/esp32s31-openvela/s31-reference/deps/esp-hal-3rdparty/components/esp_rom/patches/esp_rom_serial_output.c.o
[83/3622] Building C object arch/CMakeFiles/arch.dir/home/regex/work/esp32s31-openvela/s31-reference/deps/esp-hal-3rdparty/components/esp_common/src/esp_err_to_name.c.o
[84/3622] Building C object arch/CMakeFiles/arch.dir/home/regex/work/esp32s31-openvela/s31-reference/deps/esp-hal-3rdparty/components/esp_system/esp_err.c.o
[85/3622] Building C object arch/CMakeFiles/arch.dir/home/regex/work/esp32s31-openvela/s31-reference/deps/esp-hal-3rdparty/components/esp_timer/src/system_time.c.o
[86/3622] Building C object arch/CMakeFiles/arch.dir/home/regex/work/esp32s31-openvela/s31-reference/deps/esp-hal-3rdparty/components/esp_system/system_time.c.o
[87/3622] Building C object arch/CMakeFiles/arch.dir/home/regex/work/esp32s31-openvela/s31-reference/deps/esp-hal-3rdparty/components/esp_timer/src/esp_timer_init.c.o
[88/3622] Building C object arch/CMakeFiles/arch.dir/home/regex/work/esp32s31-openvela/s31-reference/deps/esp-hal-3rdparty/components/hal/esp32s31/efuse_hal.c.o
[89/3622] Building C object arch/CMakeFiles/arch.dir/home/regex/work/esp32s31-openvela/s31-reference/deps/esp-hal-3rdparty/components/esp_timer/src/esp_timer_impl_common.c.o
[90/3622] Building C object arch/CMakeFiles/arch.dir/home/regex/work/esp32s31-openvela/s31-reference/deps/esp-hal-3rdparty/components/esp_timer/src/esp_timer_impl_systimer.c.o
[91/3622] Building C object arch/CMakeFiles/arch.dir/home/regex/work/esp32s31-openvela/s31-reference/deps/esp-hal-3rdparty/components/hal/efuse_hal.c.o
[92/3622] Building C object arch/CMakeFiles/arch.dir/home/regex/work/esp32s31-openvela/s31-reference/deps/esp-hal-3rdparty/components/hal/hal_utils.c.o
[93/3622] Building C object arch/CMakeFiles/arch.dir/home/regex/work/esp32s31-openvela/s31-reference/deps/esp-hal-3rdparty/components/log/src/log_level/log_level.c.o
[94/3622] Building C object arch/CMakeFiles/arch.dir/home/regex/work/esp32s31-openvela/s31-reference/deps/esp-hal-3rdparty/components/esp_timer/src/esp_timer.c.o
[95/3622] Building C object arch/CMakeFiles/arch.dir/home/regex/work/esp32s31-openvela/s31-reference/deps/esp-hal-3rdparty/components/log/src/log_level/tag_log_level/linked_list/log_linked_list.c.o
[96/3622] Building C object arch/CMakeFiles/arch.dir/home/regex/work/esp32s31-openvela/s31-reference/deps/esp-hal-3rdparty/components/log/src/log_level/tag_log_level/tag_log_level.c.o
[97/3622] Building C object arch/CMakeFiles/arch.dir/home/regex/work/esp32s31-openvela/s31-reference/deps/esp-hal-3rdparty/components/hal/cache_hal.c.o
[98/3622] Building C object arch/CMakeFiles/arch.dir/home/regex/work/esp32s31-openvela/s31-reference/deps/esp-hal-3rdparty/components/log/src/log.c.o
[99/3622] Building C object arch/CMakeFiles/arch.dir/home/regex/work/esp32s31-openvela/s31-reference/deps/esp-hal-3rdparty/components/log/src/noos/log_lock.c.o
[100/3622] Building C object arch/CMakeFiles/arch.dir/home/regex/work/esp32s31-openvela/s31-reference/deps/esp-hal-3rdparty/components/hal/mmu_hal.c.o
[101/3622] Building C object arch/CMakeFiles/arch.dir/home/regex/work/esp32s31-openvela/s31-reference/deps/esp-hal-3rdparty/components/log/src/noos/log_timestamp.c.o
[102/3622] Building C object arch/CMakeFiles/arch.dir/home/regex/work/esp32s31-openvela/s31-reference/deps/esp-hal-3rdparty/components/log/src/os/log_write.c.o
[103/3622] Building C object arch/CMakeFiles/arch.dir/home/regex/work/esp32s31-openvela/s31-reference/deps/esp-hal-3rdparty/components/riscv/instruction_decode.c.o
[104/3622] Building C object arch/CMakeFiles/arch.dir/home/regex/work/esp32s31-openvela/s31-reference/deps/esp-hal-3rdparty/components/log/src/os/util.c.o
[105/3622] Building C object arch/CMakeFiles/arch.dir/home/regex/work/esp32s31-openvela/s31-reference/deps/esp-hal-3rdparty/components/soc/esp32s31/gpio_periph.c.o
[106/3622] Building C object arch/CMakeFiles/arch.dir/home/regex/work/esp32s31-openvela/s31-reference/deps/esp-hal-3rdparty/components/riscv/interrupt_clic.c.o
[107/3622] Building C object arch/CMakeFiles/arch.dir/home/regex/work/esp32s31-openvela/s31-reference/deps/esp-hal-3rdparty/components/riscv/rv_utils.c.o
[108/3622] Building C object arch/CMakeFiles/arch.dir/home/regex/work/esp32s31-openvela/s31-reference/deps/esp-hal-3rdparty/components/soc/esp32s31/interrupts.c.o
[109/3622] Building C object arch/CMakeFiles/arch.dir/home/regex/work/esp32s31-openvela/s31-reference/deps/esp-hal-3rdparty/components/riscv/interrupt.c.o
[110/3622] Building C object arch/CMakeFiles/arch.dir/home/regex/work/esp32s31-openvela/s31-reference/deps/esp-hal-3rdparty/components/soc/lldesc.c.o
[111/3622] Building C object arch/CMakeFiles/arch.dir/home/regex/work/esp32s31-openvela/s31-reference/deps/esp-hal-3rdparty/components/spi_flash/flash_brownout_hook.c.o
[112/3622] Building C object arch/CMakeFiles/arch.dir/home/regex/work/esp32s31-openvela/s31-reference/deps/esp-hal-3rdparty/components/spi_flash/spi_flash_os_func_noos.c.o
[113/3622] Building C object arch/CMakeFiles/arch.dir/home/regex/work/esp32s31-openvela/s31-reference/deps/esp-hal-3rdparty/components/spi_flash/spi_flash_hpm_enable.c.o
[114/3622] Building C object arch/CMakeFiles/arch.dir/home/regex/work/esp32s31-openvela/s31-reference/deps/esp-hal-3rdparty/components/spi_flash/flash_mmap.c.o
[115/3622] Building C object arch/CMakeFiles/arch.dir/home/regex/work/esp32s31-openvela/s31-reference/deps/esp-hal-3rdparty/components/spi_flash/cache_utils.c.o
[116/3622] Building C object arch/CMakeFiles/arch.dir/home/regex/work/esp32s31-openvela/s31-reference/deps/esp-hal-3rdparty/components/upper_hal_dma/src/esp_dma_utils.c.o
[117/3622] Building C object arch/CMakeFiles/arch.dir/home/regex/work/esp32s31-openvela/s31-reference/deps/esp-hal-3rdparty/components/spi_flash/spi_flash_os_func_app.c.o
[118/3622] Building C object arch/CMakeFiles/arch.dir/home/regex/work/esp32s31-openvela/s31-reference/deps/esp-hal-3rdparty/components/spi_flash/esp_flash_spi_init.c.o
/home/regex/work/esp32s31-openvela/s31-reference/deps/esp-hal-3rdparty/components/spi_flash/esp_flash_spi_init.c: In function 'acquire_spi_device':
/home/regex/work/esp32s31-openvela/s31-reference/deps/esp-hal-3rdparty/components/spi_flash/esp_flash_spi_init.c:234:35: warning: declaration of 'config' shadows a parameter [-Wshadow]
  234 |         spi_bus_lock_dev_config_t config = {.flags = SPI_BUS_LOCK_DEV_FLAG_CS_REQUIRED};
      |                                   ^~~~~~
/home/regex/work/esp32s31-openvela/s31-reference/deps/esp-hal-3rdparty/components/spi_flash/esp_flash_spi_init.c:226:74: note: shadowed declaration is here
  226 | static esp_err_t acquire_spi_device(const esp_flash_spi_device_config_t *config, int* out_dev_id, spi_bus_lock_dev_handle_t* out_dev_handle)
      |                                     ~~~~~~~~~~~~~~~~~~~~~~~~~~~~~~~~~~~~~^~~~~~
[119/3622] Building C object arch/CMakeFiles/arch.dir/home/regex/work/esp32s31-openvela/s31-reference/deps/esp-hal-3rdparty/components/spi_flash/esp_flash_api.c.o
/home/regex/work/esp32s31-openvela/s31-reference/deps/esp-hal-3rdparty/components/spi_flash/esp_flash_api.c: In function 'esp_flash_write':
/home/regex/work/esp32s31-openvela/s31-reference/deps/esp-hal-3rdparty/components/spi_flash/esp_flash_api.c:57:23: warning: declaration of 'ret' shadows a previous local [-Wshadow]
   57 |             esp_err_t ret = CHIP->os_func->region_protected(CHIP->os_func_data, ADDR, SIZE); \
      |                       ^~~
/home/regex/work/esp32s31-openvela/s31-reference/deps/esp-hal-3rdparty/components/spi_flash/esp_flash_api.c:1121:5: note: in expansion of macro 'CHECK_WRITE_ADDRESS'
 1121 |     CHECK_WRITE_ADDRESS(chip, address, length);
      |     ^~~~~~~~~~~~~~~~~~~
/home/regex/work/esp32s31-openvela/s31-reference/deps/esp-hal-3rdparty/components/spi_flash/esp_flash_api.c:1113:15: note: shadowed declaration is here
 1113 |     esp_err_t ret = ESP_FAIL;
      |               ^~~
/home/regex/work/esp32s31-openvela/s31-reference/deps/esp-hal-3rdparty/components/spi_flash/esp_flash_api.c: In function 'esp_flash_write_encrypted':
/home/regex/work/esp32s31-openvela/s31-reference/deps/esp-hal-3rdparty/components/spi_flash/esp_flash_api.c:57:23: warning: declaration of 'ret' shadows a previous local [-Wshadow]
   57 |             esp_err_t ret = CHIP->os_func->region_protected(CHIP->os_func_data, ADDR, SIZE); \
      |                       ^~~
/home/regex/work/esp32s31-openvela/s31-reference/deps/esp-hal-3rdparty/components/spi_flash/esp_flash_api.c:1362:5: note: in expansion of macro 'CHECK_WRITE_ADDRESS'
 1362 |     CHECK_WRITE_ADDRESS(chip, address, length);
      |     ^~~~~~~~~~~~~~~~~~~
/home/regex/work/esp32s31-openvela/s31-reference/deps/esp-hal-3rdparty/components/spi_flash/esp_flash_api.c:1350:15: note: shadowed declaration is here
 1350 |     esp_err_t ret = ESP_FAIL;
      |               ^~~
[120/3622] Building C object arch/CMakeFiles/arch.dir/home/regex/work/esp32s31-openvela/s31-reference/deps/esp-hal-3rdparty/components/spi_flash/spi_flash_chip_drivers.c.o
[121/3622] Building C object arch/CMakeFiles/arch.dir/home/regex/work/esp32s31-openvela/s31-reference/deps/esp-hal-3rdparty/components/upper_hal_dma/src/gdma_link.c.o
[122/3622] Building C object arch/CMakeFiles/arch.dir/home/regex/work/esp32s31-openvela/s31-reference/deps/esp-hal-3rdparty/components/spi_flash/flash_ops.c.o
[123/3622] Building C object arch/CMakeFiles/arch.dir/home/regex/work/esp32s31-openvela/s31-reference/deps/esp-hal-3rdparty/components/spi_flash/spi_flash_chip_gd.c.o
[124/3622] Building C object arch/CMakeFiles/arch.dir/home/regex/work/esp32s31-openvela/s31-reference/deps/esp-hal-3rdparty/components/spi_flash/memspi_host_driver.c.o
[125/3622] Building C object arch/CMakeFiles/arch.dir/home/regex/work/esp32s31-openvela/s31-reference/deps/esp-hal-3rdparty/components/upper_hal_dma/src/gdma.c.o
[126/3622] Building C object arch/CMakeFiles/arch.dir/home/regex/work/esp32s31-openvela/s31-reference/deps/esp-hal-3rdparty/components/spi_flash/spi_flash_chip_winbond.c.o
[127/3622] Building C object arch/CMakeFiles/arch.dir/home/regex/work/esp32s31-openvela/s31-reference/deps/esp-hal-3rdparty/components/esp_hal_regi2c/esp32s31/regi2c_impl.c.o
[128/3622] Building C object arch/CMakeFiles/arch.dir/risc-v/src/esp32s31/hal_backports/esp_sleep_pd_config_stub.c.o
[129/3622] Building C object arch/CMakeFiles/arch.dir/home/regex/work/esp32s31-openvela/s31-reference/deps/esp-hal-3rdparty/components/upper_hal_gpio/src/gpio.c.o
/home/regex/work/esp32s31-openvela/s31-reference/deps/esp-hal-3rdparty/components/upper_hal_gpio/src/gpio.c: In function 'gpio_dump_io_configuration':
/home/regex/work/esp32s31-openvela/s31-reference/deps/esp-hal-3rdparty/components/upper_hal_gpio/src/gpio.c:1105:29: warning: format '%lu' expects argument of type 'long unsigned int', but argument 3 has type 'int' [-Wformat=]
 1105 |         fprintf(out_stream, "  FuncSel: %"PRIu32" (%s)\n", io_config.fun_sel, (io_config.fun_sel == PIN_FUNC_GPIO) ? "GPIO" : "IOMUX");
      |                             ^~~~~~~~~~~~~~                 ~~~~~~~~~~~~~~~~~
      |                                                                     |
      |                                                                     int
In file included from /home/regex/work/esp32s31-openvela/openvela-dev/nuttx/include/stdint.h:37,
                 from /home/regex/work/esp32s31-openvela/openvela-dev/nuttx/include/sys/types.h:34,
                 from /home/regex/work/esp32s31-openvela/openvela-dev/nuttx/arch/risc-v/src/esp32s31/include/esp32s31/rom/ets_sys.h:15,
                 from <command-line>:
/home/regex/work/esp32s31-openvela/openvela-dev/nuttx/include/arch/inttypes.h:79:35: note: format string is defined here
   79 | #define PRIu32      _PRI32PREFIX "u"
/home/regex/work/esp32s31-openvela/s31-reference/deps/esp-hal-3rdparty/components/upper_hal_gpio/src/gpio.c:1107:33: warning: format '%lu' expects argument of type 'long unsigned int', but argument 3 has type 'int' [-Wformat=]
 1107 |             fprintf(out_stream, "  GPIO Matrix SigOut ID: %"PRIu32"%s\n", io_config.sig_out, (io_config.sig_out == SIG_GPIO_OUT_IDX) ? " (simple GPIO output)" : "");
      |                                 ^~~~~~~~~~~~~~~~~~~~~~~~~~~~              ~~~~~~~~~~~~~~~~~
      |                                                                                    |
      |                                                                                    int
/home/regex/work/esp32s31-openvela/openvela-dev/nuttx/include/arch/inttypes.h:79:35: note: format string is defined here
   79 | #define PRIu32      _PRI32PREFIX "u"
[130/3622] Building C object arch/CMakeFiles/arch.dir/home/regex/work/esp32s31-openvela/s31-reference/deps/esp-hal-3rdparty/nuttx/src/esp_event.c.o
[131/3622] Building C object arch/CMakeFiles/arch.dir/home/regex/work/esp32s31-openvela/s31-reference/deps/esp-hal-3rdparty/components/spi_flash/spi_flash_chip_generic.c.o
[132/3622] Building C object arch/CMakeFiles/arch.dir/home/regex/work/esp32s31-openvela/s31-reference/deps/esp-hal-3rdparty/components/upper_hal_uart/src/uart_wakeup.c.o
[133/3622] Building C object arch/CMakeFiles/arch.dir/home/regex/work/esp32s31-openvela/s31-reference/deps/esp-hal-3rdparty/components/esp_hw_support/modem/port/esp32s31/modem_clock_impl.c.o
[134/3622] Building C object arch/CMakeFiles/arch.dir/home/regex/work/esp32s31-openvela/s31-reference/deps/esp-hal-3rdparty/nuttx/src/components/newlib/newlib/libc/misc/init.c.o
[135/3622] Building C object arch/CMakeFiles/arch.dir/home/regex/work/esp32s31-openvela/s31-reference/deps/esp-hal-3rdparty/components/esp_hw_support/modem/modem_clock.c.o
[136/3622] Building C object arch/CMakeFiles/arch.dir/home/regex/work/esp32s31-openvela/s31-reference/deps/esp-hal-3rdparty/nuttx/src/platform/os.c.o
[137/3622] Building C object arch/CMakeFiles/arch.dir/home/regex/work/esp32s31-openvela/s31-reference/deps/esp-hal-3rdparty/components/upper_hal_gpio/src/rtc_io.c.o
[138/3622] Building C object arch/CMakeFiles/arch.dir/risc-v/src/esp32s31/esp32s31_pm_stubs.c.o
[139/3622] Building C object arch/CMakeFiles/arch.dir/home/regex/work/esp32s31-openvela/s31-reference/deps/esp-hal-3rdparty/nuttx/src/heap_caps.c.o
[140/3622] Building C object arch/CMakeFiles/arch.dir/home/regex/work/esp32s31-openvela/s31-reference/deps/esp-hal-3rdparty/components/bootloader_support/src/bootloader_console_loader.c.o
[141/3622] Building C object arch/CMakeFiles/arch.dir/home/regex/work/esp32s31-openvela/s31-reference/deps/esp-hal-3rdparty/components/mbedtls/port/esp_timing.c.o
[142/3622] Building C object arch/CMakeFiles/arch.dir/risc-v/src/esp32s31/hal_backports/bootloader_random_esp32s31.c.o
[143/3622] Building C object arch/CMakeFiles/arch.dir/home/regex/work/esp32s31-openvela/s31-reference/deps/esp-hal-3rdparty/components/bootloader_support/src/bootloader_random.c.o
[144/3622] Building C object arch/CMakeFiles/arch.dir/home/regex/work/esp32s31-openvela/s31-reference/deps/esp-hal-3rdparty/components/bootloader_support/src/bootloader_reset_common.c.o
[145/3622] Building C object arch/CMakeFiles/arch.dir/home/regex/work/esp32s31-openvela/s31-reference/deps/esp-hal-3rdparty/components/bootloader_support/src/bootloader_sha.c.o
[146/3622] Building C object arch/CMakeFiles/arch.dir/home/regex/work/esp32s31-openvela/s31-reference/deps/esp-hal-3rdparty/components/bootloader_support/src/bootloader_console.c.o
[147/3622] Building C object arch/CMakeFiles/arch.dir/home/regex/work/esp32s31-openvela/s31-reference/deps/esp-hal-3rdparty/components/bootloader_support/src/bootloader_mem.c.o
[148/3622] Building C object arch/CMakeFiles/arch.dir/home/regex/work/esp32s31-openvela/s31-reference/deps/esp-hal-3rdparty/components/hal/esp32s31/modem_clock_hal.c.o
[149/3622] Building C object arch/CMakeFiles/arch.dir/home/regex/work/esp32s31-openvela/s31-reference/deps/esp-hal-3rdparty/components/bootloader_support/src/bootloader_clock_loader.c.o
[150/3622] Building C object arch/CMakeFiles/arch.dir/home/regex/work/esp32s31-openvela/s31-reference/deps/esp-hal-3rdparty/components/bootloader_support/src/esp32s31/bootloader_soc.c.o
[151/3622] Building C object arch/CMakeFiles/arch.dir/home/regex/work/esp32s31-openvela/s31-reference/deps/esp-hal-3rdparty/components/bootloader_support/bootloader_flash/src/bootloader_flash_config_esp32s31.c.o
[152/3622] Building C object arch/CMakeFiles/arch.dir/home/regex/work/esp32s31-openvela/s31-reference/deps/esp-hal-3rdparty/components/bootloader_support/bootloader_flash/src/flash_qio_mode.c.o
[153/3622] Building C object arch/CMakeFiles/arch.dir/home/regex/work/esp32s31-openvela/s31-reference/deps/esp-hal-3rdparty/components/bootloader_support/src/bootloader_common_loader.c.o
[154/3622] Building C object arch/CMakeFiles/arch.dir/home/regex/work/esp32s31-openvela/s31-reference/deps/esp-hal-3rdparty/components/bootloader_support/bootloader_flash/src/bootloader_flash.c.o
[155/3622] Building C object arch/CMakeFiles/arch.dir/home/regex/work/esp32s31-openvela/s31-reference/deps/esp-hal-3rdparty/components/bootloader_support/src/esp32s31/bootloader_esp32s31.c.o
[156/3622] Building C object arch/CMakeFiles/arch.dir/home/regex/work/esp32s31-openvela/s31-reference/deps/esp-hal-3rdparty/components/esp_hal_i2c/i2c_hal_iram.c.o
[157/3622] Building C object arch/CMakeFiles/arch.dir/home/regex/work/esp32s31-openvela/s31-reference/deps/esp-hal-3rdparty/components/esp_hal_i2c/i2c_hal.c.o
[158/3622] Building C object arch/CMakeFiles/arch.dir/home/regex/work/esp32s31-openvela/s31-reference/deps/esp-hal-3rdparty/components/esp_psram/device/esp_psram_impl_ap_hex.c.o
[159/3622] Building C object arch/CMakeFiles/arch.dir/home/regex/work/esp32s31-openvela/s31-reference/deps/esp-hal-3rdparty/components/esp_hal_i2c/esp32s31/i2c_periph.c.o
[160/3622] Building C object arch/risc-v/src/exclude_chip/CMakeFiles/STARTUP_OBJS.dir/__/common/crt0.c.o
[161/3622] Building C object arch/CMakeFiles/arch.dir/home/regex/work/esp32s31-openvela/s31-reference/deps/esp-hal-3rdparty/components/bootloader_support/src/bootloader_common.c.o
[162/3622] Building C object arch/CMakeFiles/arch.dir/home/regex/work/esp32s31-openvela/s31-reference/deps/esp-hal-3rdparty/components/esp_psram/system_layer/esp_psram.c.o
[163/3622] Building C object arch/CMakeFiles/arch.dir/home/regex/work/esp32s31-openvela/s31-reference/deps/esp-hal-3rdparty/components/esp_hal_rmt/rmt_hal.c.o
[164/3622] Building C object arch/CMakeFiles/arch.dir/home/regex/work/esp32s31-openvela/s31-reference/deps/esp-hal-3rdparty/nuttx/src/bootloader_banner_wrap.c.o
[165/3622] Building ASM object arch/CMakeFiles/arch.dir/risc-v/src/common/espressif/esp_head.S.o
[166/3622] Building ASM object arch/CMakeFiles/arch.dir/risc-v/src/common/espressif/esp_vectors.S.o
[167/3622] Building C object arch/CMakeFiles/arch.dir/home/regex/work/esp32s31-openvela/s31-reference/deps/esp-hal-3rdparty/components/esp_hal_mspi/esp32s31/mspi_periph.c.o
[168/3622] Building C object arch/CMakeFiles/arch.dir/home/regex/work/esp32s31-openvela/s31-reference/deps/esp-hal-3rdparty/components/esp_hal_rmt/esp32s31/rmt_periph.c.o
[169/3622] Building C object arch/CMakeFiles/arch.dir/home/regex/work/esp32s31-openvela/s31-reference/deps/esp-hal-3rdparty/components/efuse/src/esp_efuse_fields.c.o
[170/3622] Building C object arch/CMakeFiles/arch.dir/home/regex/work/esp32s31-openvela/s31-reference/deps/esp-hal-3rdparty/components/esp_hw_support/mspi/mspi_timing_tuning/port/esp32s31/mspi_timing_config.c.o
[171/3622] Building C object arch/CMakeFiles/arch.dir/home/regex/work/esp32s31-openvela/s31-reference/deps/esp-hal-3rdparty/components/esp_psram/system_layer/esp_psram_mspi.c.o
[172/3622] Building C object arch/CMakeFiles/arch.dir/risc-v/src/common/espressif/esp_idle.c.o
[173/3622] Building C object arch/CMakeFiles/arch.dir/risc-v/src/common/espressif/esp_allocateheap.c.o
[174/3622] Building C object arch/CMakeFiles/arch.dir/home/regex/work/esp32s31-openvela/s31-reference/deps/esp-hal-3rdparty/components/esp_hw_support/mspi/mspi_timing_tuning/tuning_scheme_impl/mspi_timing_by_dqs.c.o
[175/3622] Building C object arch/CMakeFiles/arch.dir/risc-v/src/common/espressif/esp_rtc_gpio.c.o
[176/3622] Building C object arch/CMakeFiles/arch.dir/risc-v/src/common/espressif/esp_gpio.c.o
[177/3622] Building C object arch/CMakeFiles/arch.dir/risc-v/src/common/espressif/esp_systemreset.c.o
[178/3622] Building C object arch/CMakeFiles/arch.dir/risc-v/src/common/espressif/esp_irq.c.o
[179/3622] Building C object arch/CMakeFiles/arch.dir/risc-v/src/common/espressif/esp_lowputc.c.o
[180/3622] Building C object arch/CMakeFiles/arch.dir/risc-v/src/common/espressif/esp_random.c.o
[181/3622] Building C object arch/CMakeFiles/arch.dir/risc-v/src/common/espressif/esp_serial.c.o
[182/3622] Building C object arch/CMakeFiles/arch.dir/risc-v/src/common/espressif/esp_timerisr.c.o
[183/3622] Building C object arch/CMakeFiles/arch.dir/risc-v/src/common/espressif/esp_libc_stubs.c.o
[184/3622] Building C object arch/CMakeFiles/arch.dir/risc-v/src/common/espressif/esp_start.c.o
[185/3622] Building C object arch/CMakeFiles/arch.dir/risc-v/src/common/espressif/esp_rtc.c.o
[186/3622] Building C object arch/CMakeFiles/arch.dir/risc-v/src/common/espressif/esp_timer.c.o
[187/3622] Building C object arch/CMakeFiles/arch.dir/risc-v/src/common/espressif/esp_ets_timer_legacy.c.o
[188/3622] Building C object arch/CMakeFiles/arch.dir/risc-v/src/common/espressif/esp_hr_timer.c.o
[189/3622] Building C object arch/CMakeFiles/arch.dir/risc-v/src/common/espressif/esp_spiflash_mtd.c.o
[190/3622] Building C object arch/CMakeFiles/arch.dir/risc-v/src/common/espressif/esp_ws2812.c.o
[191/3622] Building C object arch/CMakeFiles/arch.dir/risc-v/src/common/espressif/esp_wifi_init.c.o
[192/3622] Building C object arch/CMakeFiles/arch.dir/risc-v/src/common/espressif/esp_spiflash.c.o
[193/3622] Building C object arch/CMakeFiles/arch.dir/risc-v/src/common/espressif/esp_i2c.c.o
[194/3622] Building C object arch/CMakeFiles/arch.dir/risc-v/src/esp32s31/esp32s31_phy_timer.c.o
[195/3622] Building C object arch/CMakeFiles/arch.dir/home/regex/work/esp32s31-openvela/s31-reference/deps/esp-hal-3rdparty/components/esp_security/src/esp32s31/esp_crypto_clk.c.o
[196/3622] Building C object arch/CMakeFiles/arch.dir/risc-v/src/esp32s31/esp32s31_wifi_os_compat.c.o
[197/3622] Building C object arch/CMakeFiles/arch.dir/risc-v/src/common/espressif/esp_rmt.c.o
[198/3622] Building C object arch/CMakeFiles/arch.dir/risc-v/src/common/espressif/esp_wlan.c.o
[199/3622] Building C object arch/CMakeFiles/arch.dir/risc-v/src/esp32s31/esp_chip_rev.c.o
[200/3622] Building C object arch/CMakeFiles/arch.dir/home/regex/work/esp32s31-openvela/s31-reference/deps/esp-hal-3rdparty/components/esp_security/src/esp_crypto_lock.c.o
[201/3622] Building C object arch/CMakeFiles/arch.dir/risc-v/src/esp32s31/esp32s31_intctx.c.o
[202/3622] Building C object arch/CMakeFiles/arch.dir/home/regex/work/esp32s31-openvela/s31-reference/deps/esp-hal-3rdparty/components/mbedtls/mbedtls/tf-psa-crypto/drivers/builtin/src/aria.c.o
[203/3622] Building C object arch/CMakeFiles/arch.dir/home/regex/work/esp32s31-openvela/s31-reference/deps/esp-hal-3rdparty/components/esp_coex/src/lib_printf.c.o
[204/3622] Building C object arch/CMakeFiles/arch.dir/risc-v/src/esp32s31/esp32s31_crypto.c.o
[205/3622] Building C object arch/CMakeFiles/arch.dir/home/regex/work/esp32s31-openvela/s31-reference/deps/esp-hal-3rdparty/components/mbedtls/mbedtls/tf-psa-crypto/drivers/builtin/src/bignum_core.c.o
[206/3622] Building C object arch/CMakeFiles/arch.dir/risc-v/src/common/espressif/esp_wifi_utils.c.o
[207/3622] Building C object arch/CMakeFiles/arch.dir/home/regex/work/esp32s31-openvela/s31-reference/deps/esp-hal-3rdparty/components/mbedtls/mbedtls/tf-psa-crypto/drivers/builtin/src/cipher_wrap.c.o
[208/3622] Building C object arch/CMakeFiles/arch.dir/risc-v/src/esp32s31/esp32s31_sha.c.o
[209/3622] Building C object arch/CMakeFiles/arch.dir/home/regex/work/esp32s31-openvela/s31-reference/deps/esp-hal-3rdparty/components/mbedtls/mbedtls/tf-psa-crypto/drivers/builtin/src/ccm.c.o
[210/3622] Building C object arch/CMakeFiles/arch.dir/home/regex/work/esp32s31-openvela/s31-reference/deps/esp-hal-3rdparty/components/mbedtls/mbedtls/tf-psa-crypto/drivers/builtin/src/constant_time.c.o
[211/3622] Building C object arch/CMakeFiles/arch.dir/home/regex/work/esp32s31-openvela/s31-reference/deps/esp-hal-3rdparty/components/mbedtls/mbedtls/tf-psa-crypto/drivers/builtin/src/cipher.c.o
[212/3622] Building C object arch/CMakeFiles/arch.dir/home/regex/work/esp32s31-openvela/s31-reference/deps/esp-hal-3rdparty/components/mbedtls/mbedtls/tf-psa-crypto/drivers/builtin/src/entropy.c.o
[213/3622] Building C object arch/CMakeFiles/arch.dir/home/regex/work/esp32s31-openvela/s31-reference/deps/esp-hal-3rdparty/components/mbedtls/mbedtls/tf-psa-crypto/drivers/builtin/src/cmac.c.o
[214/3622] Building C object arch/CMakeFiles/arch.dir/home/regex/work/esp32s31-openvela/s31-reference/deps/esp-hal-3rdparty/components/mbedtls/mbedtls/tf-psa-crypto/drivers/builtin/src/ctr_drbg.c.o
[215/3622] Building C object arch/CMakeFiles/arch.dir/risc-v/src/esp32s31/esp32s31_wifi_task.c.o
[216/3622] Building C object arch/CMakeFiles/arch.dir/home/regex/work/esp32s31-openvela/s31-reference/deps/esp-hal-3rdparty/components/mbedtls/mbedtls/tf-psa-crypto/drivers/builtin/src/ecp_curves.c.o
[217/3622] Building C object arch/CMakeFiles/arch.dir/home/regex/work/esp32s31-openvela/s31-reference/deps/esp-hal-3rdparty/components/mbedtls/mbedtls/tf-psa-crypto/drivers/builtin/src/md.c.o
[218/3622] Building C object arch/CMakeFiles/arch.dir/home/regex/work/esp32s31-openvela/s31-reference/deps/esp-hal-3rdparty/components/mbedtls/mbedtls/tf-psa-crypto/drivers/builtin/src/gcm.c.o
[219/3622] Building C object arch/CMakeFiles/arch.dir/home/regex/work/esp32s31-openvela/s31-reference/deps/esp-hal-3rdparty/components/mbedtls/mbedtls/tf-psa-crypto/drivers/builtin/src/pkcs5.c.o
[220/3622] Building C object arch/CMakeFiles/arch.dir/home/regex/work/esp32s31-openvela/s31-reference/deps/esp-hal-3rdparty/components/mbedtls/mbedtls/tf-psa-crypto/drivers/builtin/src/platform_util.c.o
[221/3622] Building C object arch/CMakeFiles/arch.dir/home/regex/work/esp32s31-openvela/s31-reference/deps/esp-hal-3rdparty/components/mbedtls/mbedtls/tf-psa-crypto/drivers/builtin/src/bignum.c.o
[222/3622] Building C object arch/CMakeFiles/arch.dir/home/regex/work/esp32s31-openvela/s31-reference/deps/esp-hal-3rdparty/components/mbedtls/mbedtls/tf-psa-crypto/drivers/builtin/src/platform.c.o
[223/3622] Building C object arch/CMakeFiles/arch.dir/home/regex/work/esp32s31-openvela/s31-reference/deps/esp-hal-3rdparty/components/mbedtls/mbedtls/tf-psa-crypto/drivers/builtin/src/ecp.c.o
[224/3622] Building C object arch/CMakeFiles/arch.dir/home/regex/work/esp32s31-openvela/s31-reference/deps/esp-hal-3rdparty/components/mbedtls/mbedtls/tf-psa-crypto/drivers/builtin/src/aes.c.o
[225/3622] Building C object arch/CMakeFiles/arch.dir/home/regex/work/esp32s31-openvela/s31-reference/deps/esp-hal-3rdparty/components/mbedtls/mbedtls/tf-psa-crypto/drivers/builtin/src/sha3.c.o
[226/3622] Building C object arch/CMakeFiles/arch.dir/home/regex/work/esp32s31-openvela/s31-reference/deps/esp-hal-3rdparty/components/mbedtls/mbedtls/tf-psa-crypto/drivers/builtin/src/pk_wrap.c.o
[227/3622] Building C object arch/CMakeFiles/arch.dir/home/regex/work/esp32s31-openvela/s31-reference/deps/esp-hal-3rdparty/components/mbedtls/mbedtls/tf-psa-crypto/drivers/builtin/src/sha1.c.o
[228/3622] Building C object arch/CMakeFiles/arch.dir/home/regex/work/esp32s31-openvela/s31-reference/deps/esp-hal-3rdparty/components/mbedtls/mbedtls/tf-psa-crypto/drivers/builtin/src/sha256.c.o
[229/3622] Building C object arch/CMakeFiles/arch.dir/home/regex/work/esp32s31-openvela/s31-reference/deps/esp-hal-3rdparty/components/mbedtls/mbedtls/tf-psa-crypto/drivers/builtin/src/sha512.c.o
[230/3622] Building C object arch/CMakeFiles/arch.dir/home/regex/work/esp32s31-openvela/s31-reference/deps/esp-hal-3rdparty/components/mbedtls/mbedtls/tf-psa-crypto/drivers/builtin/src/md5.c.o
[231/3622] Building C object arch/CMakeFiles/arch.dir/home/regex/work/esp32s31-openvela/s31-reference/deps/esp-hal-3rdparty/components/mbedtls/mbedtls/tf-psa-crypto/drivers/builtin/src/pk.c.o
[232/3622] Building C object arch/CMakeFiles/arch.dir/home/regex/work/esp32s31-openvela/s31-reference/deps/esp-hal-3rdparty/components/mbedtls/mbedtls/tf-psa-crypto/drivers/builtin/src/ecdsa.c.o
[233/3622] Building C object arch/CMakeFiles/arch.dir/home/regex/work/esp32s31-openvela/s31-reference/deps/esp-hal-3rdparty/components/mbedtls/mbedtls/tf-psa-crypto/drivers/builtin/src/pkparse.c.o
[234/3622] Building C object arch/CMakeFiles/arch.dir/home/regex/work/esp32s31-openvela/s31-reference/deps/esp-hal-3rdparty/components/mbedtls/mbedtls/tf-psa-crypto/drivers/builtin/src/asn1parse.c.o
[235/3622] Building C object arch/CMakeFiles/arch.dir/home/regex/work/esp32s31-openvela/s31-reference/deps/esp-hal-3rdparty/components/mbedtls/mbedtls/tf-psa-crypto/drivers/builtin/src/oid.c.o
[236/3622] Building C object arch/CMakeFiles/arch.dir/home/regex/work/esp32s31-openvela/s31-reference/deps/esp-hal-3rdparty/components/mbedtls/mbedtls/tf-psa-crypto/drivers/builtin/src/asn1write.c.o
[237/3622] Building C object arch/CMakeFiles/arch.dir/home/regex/work/esp32s31-openvela/s31-reference/deps/esp-hal-3rdparty/components/mbedtls/mbedtls/tf-psa-crypto/drivers/builtin/src/pem.c.o
[238/3622] Building C object arch/CMakeFiles/arch.dir/home/regex/work/esp32s31-openvela/s31-reference/deps/esp-hal-3rdparty/components/mbedtls/mbedtls/tf-psa-crypto/drivers/builtin/src/rsa_alt_helpers.c.o
[239/3622] Building C object arch/CMakeFiles/arch.dir/home/regex/work/esp32s31-openvela/s31-reference/deps/esp-hal-3rdparty/components/mbedtls/mbedtls/tf-psa-crypto/drivers/builtin/src/pk_ecc.c.o
[240/3622] Building C object arch/CMakeFiles/arch.dir/home/regex/work/esp32s31-openvela/s31-reference/deps/esp-hal-3rdparty/components/mbedtls/mbedtls/tf-psa-crypto/drivers/builtin/src/ecdh.c.o
[241/3622] Building C object arch/CMakeFiles/arch.dir/home/regex/work/esp32s31-openvela/s31-reference/deps/esp-hal-3rdparty/components/mbedtls/mbedtls/tf-psa-crypto/drivers/builtin/src/hmac_drbg.c.o
[242/3622] Building C object arch/CMakeFiles/arch.dir/home/regex/work/esp32s31-openvela/s31-reference/deps/esp-hal-3rdparty/components/mbedtls/mbedtls/tf-psa-crypto/drivers/builtin/src/pk_rsa.c.o
[243/3622] Building C object arch/CMakeFiles/arch.dir/home/regex/work/esp32s31-openvela/s31-reference/deps/esp-hal-3rdparty/components/mbedtls/mbedtls/tf-psa-crypto/drivers/builtin/src/base64.c.o
[244/3622] Building C object arch/CMakeFiles/arch.dir/home/regex/work/esp32s31-openvela/s31-reference/deps/esp-hal-3rdparty/components/mbedtls/mbedtls/tf-psa-crypto/drivers/builtin/src/psa_crypto_ffdh.c.o
[245/3622] Building C object arch/CMakeFiles/arch.dir/home/regex/work/esp32s31-openvela/s31-reference/deps/esp-hal-3rdparty/components/mbedtls/mbedtls/tf-psa-crypto/drivers/builtin/src/psa_util.c.o
[246/3622] Building C object arch/CMakeFiles/arch.dir/home/regex/work/esp32s31-openvela/s31-reference/deps/esp-hal-3rdparty/components/mbedtls/mbedtls/tf-psa-crypto/drivers/builtin/src/psa_crypto_hash.c.o
[247/3622] Building C object arch/CMakeFiles/arch.dir/home/regex/work/esp32s31-openvela/s31-reference/deps/esp-hal-3rdparty/components/mbedtls/mbedtls/tf-psa-crypto/drivers/builtin/src/rsa.c.o
[248/3622] Building C object arch/CMakeFiles/arch.dir/home/regex/work/esp32s31-openvela/s31-reference/deps/esp-hal-3rdparty/components/mbedtls/mbedtls/tf-psa-crypto/drivers/builtin/src/psa_crypto_rsa.c.o
[249/3622] Building C object arch/CMakeFiles/arch.dir/home/regex/work/esp32s31-openvela/s31-reference/deps/esp-hal-3rdparty/components/mbedtls/mbedtls/tf-psa-crypto/drivers/builtin/src/psa_crypto_ecp.c.o
[250/3622] Building C object arch/CMakeFiles/arch.dir/home/regex/work/esp32s31-openvela/s31-reference/deps/esp-hal-3rdparty/components/mbedtls/mbedtls/tf-psa-crypto/drivers/builtin/src/psa_crypto_mac.c.o
[251/3622] Building C object arch/CMakeFiles/arch.dir/home/regex/work/esp32s31-openvela/s31-reference/deps/esp-hal-3rdparty/components/mbedtls/mbedtls/tf-psa-crypto/drivers/builtin/src/psa_crypto_cipher.c.o
[252/3622] Building C object arch/CMakeFiles/arch.dir/home/regex/work/esp32s31-openvela/s31-reference/deps/esp-hal-3rdparty/components/mbedtls/mbedtls/tf-psa-crypto/core/psa_crypto_client.c.o
[253/3622] Building C object arch/CMakeFiles/arch.dir/home/regex/work/esp32s31-openvela/s31-reference/deps/esp-hal-3rdparty/components/mbedtls/mbedtls/tf-psa-crypto/core/psa_crypto_driver_wrappers_no_static.c.o
[254/3622] Building C object arch/CMakeFiles/arch.dir/home/regex/work/esp32s31-openvela/s31-reference/deps/esp-hal-3rdparty/components/mbedtls/port/psa_driver/esp_md/psa_crypto_driver_esp_md5.c.o
[255/3622] Building C object arch/CMakeFiles/arch.dir/home/regex/work/esp32s31-openvela/s31-reference/deps/esp-hal-3rdparty/components/mbedtls/mbedtls/tf-psa-crypto/core/psa_crypto_storage.c.o
[256/3622] Building C object arch/CMakeFiles/arch.dir/home/regex/work/esp32s31-openvela/s31-reference/deps/esp-hal-3rdparty/components/wpa_supplicant/src/ap/ieee802_11.c.o
[257/3622] Building C object arch/CMakeFiles/arch.dir/home/regex/work/esp32s31-openvela/s31-reference/deps/esp-hal-3rdparty/components/mbedtls/mbedtls/tf-psa-crypto/core/psa_crypto_slot_management.c.o
[258/3622] Building C object arch/CMakeFiles/arch.dir/home/regex/work/esp32s31-openvela/s31-reference/deps/esp-hal-3rdparty/components/mbedtls/mbedtls/tf-psa-crypto/core/psa_its_file.c.o
[259/3622] Building C object arch/CMakeFiles/arch.dir/home/regex/work/esp32s31-openvela/s31-reference/deps/esp-hal-3rdparty/components/wpa_supplicant/src/ap/comeback_token.c.o
[260/3622] Building C object arch/CMakeFiles/arch.dir/home/regex/work/esp32s31-openvela/s31-reference/deps/esp-hal-3rdparty/components/wpa_supplicant/src/ap/ap_config.c.o
[261/3622] Building C object arch/CMakeFiles/arch.dir/home/regex/work/esp32s31-openvela/s31-reference/deps/esp-hal-3rdparty/components/mbedtls/mbedtls/tf-psa-crypto/core/tf_psa_crypto_config.c.o
[262/3622] Building C object arch/CMakeFiles/arch.dir/home/regex/work/esp32s31-openvela/s31-reference/deps/esp-hal-3rdparty/components/mbedtls/mbedtls/tf-psa-crypto/core/tf_psa_crypto_version.c.o
[263/3622] Building C object arch/CMakeFiles/arch.dir/home/regex/work/esp32s31-openvela/s31-reference/deps/esp-hal-3rdparty/components/mbedtls/port/esp_hardware.c.o
[264/3622] Building C object arch/CMakeFiles/arch.dir/home/regex/work/esp32s31-openvela/s31-reference/deps/esp-hal-3rdparty/components/mbedtls/port/esp_psa_crypto_init.c.o
[265/3622] Building C object arch/CMakeFiles/arch.dir/home/regex/work/esp32s31-openvela/s31-reference/deps/esp-hal-3rdparty/components/mbedtls/port/esp_mem.c.o
[266/3622] Building C object arch/CMakeFiles/arch.dir/home/regex/work/esp32s31-openvela/s31-reference/deps/esp-hal-3rdparty/components/wpa_supplicant/src/ap/sta_info.c.o
[267/3622] Building C object arch/CMakeFiles/arch.dir/home/regex/work/esp32s31-openvela/s31-reference/deps/esp-hal-3rdparty/components/wpa_supplicant/src/ap/pmksa_cache_auth.c.o
[268/3622] Building C object arch/CMakeFiles/arch.dir/home/regex/work/esp32s31-openvela/s31-reference/deps/esp-hal-3rdparty/components/wpa_supplicant/src/ap/wpa_auth_ie.c.o
[269/3622] Building C object arch/CMakeFiles/arch.dir/home/regex/work/esp32s31-openvela/s31-reference/deps/esp-hal-3rdparty/components/wpa_supplicant/src/common/dragonfly.c.o
[270/3622] Building C object arch/CMakeFiles/arch.dir/home/regex/work/esp32s31-openvela/s31-reference/deps/esp-hal-3rdparty/components/wpa_supplicant/src/common/scan.c.o
[271/3622] Building C object arch/CMakeFiles/arch.dir/home/regex/work/esp32s31-openvela/s31-reference/deps/esp-hal-3rdparty/components/wpa_supplicant/src/common/bss.c.o
[272/3622] Building C object arch/CMakeFiles/arch.dir/home/regex/work/esp32s31-openvela/s31-reference/deps/esp-hal-3rdparty/components/wpa_supplicant/src/common/wpa_common.c.o
[273/3622] Building C object arch/CMakeFiles/arch.dir/home/regex/work/esp32s31-openvela/s31-reference/deps/esp-hal-3rdparty/components/wpa_supplicant/src/common/ieee802_11_common.c.o
[274/3622] Building C object arch/CMakeFiles/arch.dir/home/regex/work/esp32s31-openvela/s31-reference/deps/esp-hal-3rdparty/components/wpa_supplicant/src/crypto/aes-ccm.c.o
[275/3622] Building C object arch/CMakeFiles/arch.dir/home/regex/work/esp32s31-openvela/s31-reference/deps/esp-hal-3rdparty/components/wpa_supplicant/src/ap/wpa_auth.c.o
[276/3622] Building C object arch/CMakeFiles/arch.dir/home/regex/work/esp32s31-openvela/s31-reference/deps/esp-hal-3rdparty/components/wpa_supplicant/src/crypto/aes-gcm.c.o
[277/3622] Building C object arch/CMakeFiles/arch.dir/home/regex/work/esp32s31-openvela/s31-reference/deps/esp-hal-3rdparty/components/wpa_supplicant/src/crypto/aes-unwrap.c.o
[278/3622] Building C object arch/CMakeFiles/arch.dir/home/regex/work/esp32s31-openvela/s31-reference/deps/esp-hal-3rdparty/components/wpa_supplicant/src/crypto/aes-wrap.c.o
[279/3622] Building C object arch/CMakeFiles/arch.dir/home/regex/work/esp32s31-openvela/s31-reference/deps/esp-hal-3rdparty/components/wpa_supplicant/src/common/sae.c.o
[280/3622] Building C object arch/CMakeFiles/arch.dir/home/regex/work/esp32s31-openvela/s31-reference/deps/esp-hal-3rdparty/components/wpa_supplicant/src/crypto/crypto_ops.c.o
[281/3622] Building C object arch/CMakeFiles/arch.dir/home/regex/work/esp32s31-openvela/s31-reference/deps/esp-hal-3rdparty/components/wpa_supplicant/src/crypto/ccmp.c.o
[282/3622] Building C object arch/CMakeFiles/arch.dir/home/regex/work/esp32s31-openvela/s31-reference/deps/esp-hal-3rdparty/components/wpa_supplicant/src/crypto/des-internal.c.o
[283/3622] Building C object arch/CMakeFiles/arch.dir/home/regex/work/esp32s31-openvela/s31-reference/deps/esp-hal-3rdparty/components/wpa_supplicant/src/crypto/dh_groups.c.o
[284/3622] Building C object arch/CMakeFiles/arch.dir/home/regex/work/esp32s31-openvela/s31-reference/deps/esp-hal-3rdparty/components/wpa_supplicant/src/crypto/sha1-prf.c.o
[285/3622] Building C object arch/CMakeFiles/arch.dir/home/regex/work/esp32s31-openvela/s31-reference/deps/esp-hal-3rdparty/components/wpa_supplicant/src/crypto/sha256-kdf.c.o
[286/3622] Building C object arch/CMakeFiles/arch.dir/home/regex/work/esp32s31-openvela/s31-reference/deps/esp-hal-3rdparty/components/wpa_supplicant/src/crypto/rc4.c.o
[287/3622] Building C object arch/CMakeFiles/arch.dir/home/regex/work/esp32s31-openvela/s31-reference/deps/esp-hal-3rdparty/components/wpa_supplicant/src/crypto/sha256-prf.c.o
[288/3622] Building C object arch/CMakeFiles/arch.dir/home/regex/work/esp32s31-openvela/s31-reference/deps/esp-hal-3rdparty/components/wpa_supplicant/src/eap_peer/eap_mschapv2.c.o
[289/3622] Building C object arch/CMakeFiles/arch.dir/home/regex/work/esp32s31-openvela/s31-reference/deps/esp-hal-3rdparty/components/wpa_supplicant/src/eap_peer/chap.c.o
[290/3622] Building C object arch/CMakeFiles/arch.dir/home/regex/work/esp32s31-openvela/s31-reference/deps/esp-hal-3rdparty/components/wpa_supplicant/src/eap_peer/eap_peap_common.c.o
[291/3622] Building C object arch/CMakeFiles/arch.dir/home/regex/work/esp32s31-openvela/s31-reference/deps/esp-hal-3rdparty/components/wpa_supplicant/src/eap_peer/eap_peap.c.o
[292/3622] Building C object arch/CMakeFiles/arch.dir/home/regex/work/esp32s31-openvela/s31-reference/deps/esp-hal-3rdparty/components/wpa_supplicant/src/eap_peer/eap_tls.c.o
[293/3622] Building C object arch/CMakeFiles/arch.dir/home/regex/work/esp32s31-openvela/s31-reference/deps/esp-hal-3rdparty/components/wpa_supplicant/src/eap_peer/eap_common.c.o
[294/3622] Building C object arch/CMakeFiles/arch.dir/home/regex/work/esp32s31-openvela/s31-reference/deps/esp-hal-3rdparty/components/wpa_supplicant/src/eap_peer/eap_ttls.c.o
[295/3622] Building C object arch/CMakeFiles/arch.dir/home/regex/work/esp32s31-openvela/s31-reference/deps/esp-hal-3rdparty/components/wpa_supplicant/src/eap_peer/mschapv2.c.o
[296/3622] Building C object arch/CMakeFiles/arch.dir/home/regex/work/esp32s31-openvela/s31-reference/deps/esp-hal-3rdparty/components/wpa_supplicant/src/eap_peer/eap_tls_common.c.o
[297/3622] Building C object arch/CMakeFiles/arch.dir/home/regex/work/esp32s31-openvela/s31-reference/deps/esp-hal-3rdparty/components/mbedtls/mbedtls/tf-psa-crypto/core/psa_crypto.c.o
[298/3622] Building C object arch/CMakeFiles/arch.dir/home/regex/work/esp32s31-openvela/s31-reference/deps/esp-hal-3rdparty/components/wpa_supplicant/src/rsn_supp/wpa_ie.c.o
[299/3622] Building C object arch/CMakeFiles/arch.dir/home/regex/work/esp32s31-openvela/s31-reference/deps/esp-hal-3rdparty/components/wpa_supplicant/src/rsn_supp/pmksa_cache.c.o
[300/3622] Building C object arch/CMakeFiles/arch.dir/home/regex/work/esp32s31-openvela/s31-reference/deps/esp-hal-3rdparty/components/wpa_supplicant/src/utils/base64.c.o
[301/3622] Building C object arch/CMakeFiles/arch.dir/home/regex/work/esp32s31-openvela/s31-reference/deps/esp-hal-3rdparty/components/wpa_supplicant/src/utils/bitfield.c.o
[302/3622] Building C object arch/CMakeFiles/arch.dir/home/regex/work/esp32s31-openvela/s31-reference/deps/esp-hal-3rdparty/components/wpa_supplicant/src/eap_peer/eap.c.o
[303/3622] Building C object arch/CMakeFiles/arch.dir/home/regex/work/esp32s31-openvela/s31-reference/deps/esp-hal-3rdparty/components/wpa_supplicant/port/os_xtensa.c.o
[304/3622] Building C object arch/CMakeFiles/arch.dir/home/regex/work/esp32s31-openvela/s31-reference/deps/esp-hal-3rdparty/components/wpa_supplicant/esp_supplicant/src/esp_common.c.o
[305/3622] Building C object arch/CMakeFiles/arch.dir/home/regex/work/esp32s31-openvela/s31-reference/deps/esp-hal-3rdparty/components/wpa_supplicant/src/utils/common.c.o
[306/3622] Building C object arch/CMakeFiles/arch.dir/home/regex/work/esp32s31-openvela/s31-reference/deps/esp-hal-3rdparty/components/wpa_supplicant/esp_supplicant/src/esp_wpa3.c.o
[307/3622] Building C object arch/CMakeFiles/arch.dir/home/regex/work/esp32s31-openvela/s31-reference/deps/esp-hal-3rdparty/components/wpa_supplicant/port/eloop.c.o
[308/3622] Building C object arch/CMakeFiles/arch.dir/home/regex/work/esp32s31-openvela/s31-reference/deps/esp-hal-3rdparty/components/wpa_supplicant/esp_supplicant/src/esp_hostap.c.o
[309/3622] Building C object arch/CMakeFiles/arch.dir/home/regex/work/esp32s31-openvela/s31-reference/deps/esp-hal-3rdparty/components/wpa_supplicant/esp_supplicant/src/esp_wpa_main.c.o
[310/3622] Building C object arch/CMakeFiles/arch.dir/home/regex/work/esp32s31-openvela/s31-reference/deps/esp-hal-3rdparty/components/wpa_supplicant/src/utils/ext_password.c.o
[311/3622] Building C object arch/CMakeFiles/arch.dir/home/regex/work/esp32s31-openvela/s31-reference/deps/esp-hal-3rdparty/components/wpa_supplicant/esp_supplicant/src/esp_owe.c.o
[312/3622] Building C object arch/CMakeFiles/arch.dir/home/regex/work/esp32s31-openvela/s31-reference/deps/esp-hal-3rdparty/components/wpa_supplicant/src/rsn_supp/wpa.c.o
[313/3622] Building C object arch/CMakeFiles/arch.dir/home/regex/work/esp32s31-openvela/s31-reference/deps/esp-hal-3rdparty/components/wpa_supplicant/src/utils/uuid.c.o
[314/3622] Building C object arch/CMakeFiles/arch.dir/home/regex/work/esp32s31-openvela/s31-reference/deps/esp-hal-3rdparty/components/wpa_supplicant/src/utils/wpa_debug.c.o
[315/3622] Building C object arch/CMakeFiles/arch.dir/home/regex/work/esp32s31-openvela/s31-reference/deps/esp-hal-3rdparty/components/wpa_supplicant/src/utils/wpabuf.c.o
[316/3622] Building C object arch/CMakeFiles/arch.dir/home/regex/work/esp32s31-openvela/s31-reference/deps/esp-hal-3rdparty/components/wpa_supplicant/esp_supplicant/src/esp_wpas_glue.c.o
[317/3622] Building C object arch/CMakeFiles/arch.dir/home/regex/work/esp32s31-openvela/s31-reference/deps/esp-hal-3rdparty/components/wpa_supplicant/src/utils/json.c.o
[318/3622] Building C object arch/CMakeFiles/arch.dir/home/regex/work/esp32s31-openvela/s31-reference/deps/esp-hal-3rdparty/components/wpa_supplicant/esp_supplicant/src/esp_scan.c.o
[319/3622] Building C object arch/CMakeFiles/arch.dir/home/regex/work/esp32s31-openvela/s31-reference/deps/esp-hal-3rdparty/components/esp_wifi/regulatory/esp_wifi_regulatory.c.o
[320/3622] Building C object arch/CMakeFiles/arch.dir/home/regex/work/esp32s31-openvela/s31-reference/deps/esp-hal-3rdparty/components/esp_phy/src/lib_printf.c.o
[321/3622] Building C object arch/CMakeFiles/arch.dir/home/regex/work/esp32s31-openvela/s31-reference/deps/esp-hal-3rdparty/components/wpa_supplicant/esp_supplicant/src/crypto/crypto_mbedtls-bignum.c.o
[322/3622] Building C object arch/CMakeFiles/arch.dir/home/regex/work/esp32s31-openvela/s31-reference/deps/esp-hal-3rdparty/components/esp_phy/src/phy_common.c.o
[323/3622] Building C object arch/CMakeFiles/arch.dir/home/regex/work/esp32s31-openvela/s31-reference/deps/esp-hal-3rdparty/components/esp_phy/src/phy_override.c.o
[324/3622] Building C object arch/CMakeFiles/arch.dir/home/regex/work/esp32s31-openvela/s31-reference/deps/esp-hal-3rdparty/components/esp_hw_support/sar_periph_ctrl_common.c.o
[325/3622] Building C object arch/CMakeFiles/arch.dir/home/regex/work/esp32s31-openvela/s31-reference/deps/esp-hal-3rdparty/components/esp_phy/src/phy_init.c.o
/home/regex/work/esp32s31-openvela/s31-reference/deps/esp-hal-3rdparty/components/esp_phy/src/phy_init.c: In function 'esp_phy_enable':
/home/regex/work/esp32s31-openvela/s31-reference/deps/esp-hal-3rdparty/components/esp_phy/src/phy_init.c:406:50: warning: extra tokens at end of '#endif' directive [-Wendif-labels]
  406 | #endif /* SOC_PM_SUPPORT_REGDMA_TRIGGERED_PHY */ */
      |                                                  ^
[326/3622] Building C object arch/CMakeFiles/arch.dir/home/regex/work/esp32s31-openvela/s31-reference/deps/esp-hal-3rdparty/components/wpa_supplicant/esp_supplicant/src/esp_eap_client.c.o
[327/3622] Building C object arch/CMakeFiles/arch.dir/home/regex/work/esp32s31-openvela/s31-reference/deps/esp-hal-3rdparty/components/wpa_supplicant/esp_supplicant/src/esp_wps.c.o
[328/3622] Building ASM object arch/CMakeFiles/arch.dir/risc-v/src/esp32s31/esp32s31_supervisor.S.o
[329/3622] Building C object arch/CMakeFiles/arch.dir/home/regex/work/esp32s31-openvela/s31-reference/deps/esp-hal-3rdparty/components/esp_wifi/src/lib_printf.c.o
[330/3622] Building C object arch/CMakeFiles/arch.dir/home/regex/work/esp32s31-openvela/s31-reference/deps/esp-hal-3rdparty/components/wpa_supplicant/esp_supplicant/src/crypto/crypto_mbedtls-rsa.c.o
[331/3622] Building ASM object arch/CMakeFiles/arch.dir/risc-v/src/esp32s31/esp32s31_cpu1_boot.S.o
[332/3622] Building C object arch/CMakeFiles/arch.dir/home/regex/work/esp32s31-openvela/s31-reference/deps/esp-hal-3rdparty/components/wpa_supplicant/src/crypto/aes-siv.c.o
[333/3622] Building C object arch/CMakeFiles/arch.dir/risc-v/src/esp32s31/esp32s31_flash_guard.c.o
[334/3622] Building C object arch/CMakeFiles/arch.dir/home/regex/work/esp32s31-openvela/s31-reference/deps/esp-hal-3rdparty/components/wpa_supplicant/esp_supplicant/src/crypto/tls_mbedtls.c.o
[335/3622] Building C object arch/CMakeFiles/arch.dir/risc-v/src/esp32s31/esp32s31_monstat.c.o
[336/3622] Building C object arch/CMakeFiles/arch.dir/risc-v/src/esp32s31/esp32s31_wifi_event.c.o
[337/3622] Building C object arch/CMakeFiles/arch.dir/home/regex/work/esp32s31-openvela/s31-reference/deps/esp-hal-3rdparty/components/wpa_supplicant/esp_supplicant/src/crypto/crypto_mbedtls.c.o
[338/3622] Building C object arch/CMakeFiles/arch.dir/risc-v/src/esp32s31/esp32s31_cpu1_boot.c.o
[339/3622] Building C object arch/CMakeFiles/arch.dir/home/regex/work/esp32s31-openvela/s31-reference/deps/esp-hal-3rdparty/components/wpa_supplicant/esp_supplicant/src/crypto/crypto_mbedtls-ec.c.o
[340/3622] Building C object arch/CMakeFiles/arch.dir/home/regex/work/esp32s31-openvela/s31-reference/deps/esp-hal-3rdparty/components/esp_hal_ana_conv/esp32s31/temperature_sensor_periph.c.o
[341/3622] Building C object arch/CMakeFiles/arch.dir/home/regex/work/esp32s31-openvela/s31-reference/deps/esp-hal-3rdparty/components/esp_hw_support/sar_tsens_ctrl.c.o
[342/3622] Building C object arch/CMakeFiles/arch.dir/home/regex/work/esp32s31-openvela/s31-reference/deps/esp-hal-3rdparty/components/esp_phy/esp32s31/phy_init_data.c.o
[343/3622] Building C object arch/CMakeFiles/arch.dir/home/regex/work/esp32s31-openvela/s31-reference/deps/esp-hal-3rdparty/components/esp_hal_ana_conv/temperature_sensor_hal.c.o
[344/3622] Building C object arch/CMakeFiles/arch.dir/home/regex/work/esp32s31-openvela/s31-reference/deps/esp-hal-3rdparty/components/esp_hw_support/port/esp32s31/sar_periph_ctrl.c.o
[345/3622] Building ASM object arch/CMakeFiles/arch.dir/risc-v/src/common/supervisor/riscv_syscall.S.o
[346/3622] Building C object arch/CMakeFiles/arch.dir/risc-v/src/esp32s31/esp32s31_pgalloc.c.o
[347/3622] Building C object arch/CMakeFiles/arch.dir/risc-v/src/esp32s31/esp32s31_tlb.c.o
[348/3622] Building C object arch/CMakeFiles/arch.dir/risc-v/src/esp32c6/esp_coex_adapter.c.o
[349/3622] Building C object arch/CMakeFiles/arch.dir/risc-v/src/esp32s31/esp32s31_smp.c.o
[350/3622] Building C object arch/CMakeFiles/arch.dir/risc-v/src/esp32s31/esp32s31_smode_libc.c.o
[351/3622] Building C object arch/CMakeFiles/arch.dir/risc-v/src/esp32s31/esp32s31_mm_init.c.o
[352/3622] Building C object arch/CMakeFiles/arch.dir/risc-v/src/common/supervisor/riscv_perform_syscall.c.o
[353/3622] Building C object arch/CMakeFiles/arch.dir/risc-v/src/common/riscv_cpuinfo.c.o
[354/3622] Building C object arch/CMakeFiles/arch.dir/risc-v/src/common/riscv_createstack.c.o
[355/3622] Building C object arch/CMakeFiles/arch.dir/risc-v/src/common/riscv_doirq.c.o
[356/3622] Building C object arch/CMakeFiles/arch.dir/risc-v/src/common/riscv_getintstack.c.o
[357/3622] Building ASM object arch/CMakeFiles/arch.dir/risc-v/src/common/riscv_exception_common.S.o
[358/3622] Building C object arch/CMakeFiles/arch.dir/risc-v/src/common/riscv_exception.c.o
[359/3622] Building C object arch/CMakeFiles/arch.dir/risc-v/src/common/riscv_exit.c.o
[360/3622] Building ASM object arch/CMakeFiles/arch.dir/risc-v/src/common/riscv_mhartid.S.o
[361/3622] Building ASM object arch/CMakeFiles/arch.dir/risc-v/src/common/riscv_saveusercontext.S.o
[362/3622] Building C object arch/CMakeFiles/arch.dir/risc-v/src/common/riscv_getnewintctx.c.o
[363/3622] Building C object arch/CMakeFiles/arch.dir/risc-v/src/common/supervisor/riscv_sbi.c.o
[364/3622] Building C object arch/CMakeFiles/arch.dir/risc-v/src/common/riscv_cpuidlestack.c.o
[365/3622] Building C object arch/CMakeFiles/arch.dir/risc-v/src/common/riscv_initialize.c.o
[366/3622] Building C object arch/CMakeFiles/arch.dir/risc-v/src/common/riscv_allocateheap.c.o
[367/3622] Building C object arch/CMakeFiles/arch.dir/risc-v/src/common/riscv_nputs.c.o
[368/3622] Building C object arch/CMakeFiles/arch.dir/risc-v/src/common/riscv_initialstate.c.o
[369/3622] Building C object arch/CMakeFiles/arch.dir/risc-v/src/common/riscv_modifyreg32.c.o
[370/3622] Building C object arch/CMakeFiles/arch.dir/risc-v/src/common/riscv_registerdump.c.o
[371/3622] Building C object arch/CMakeFiles/arch.dir/risc-v/src/common/riscv_tcbinfo.c.o
[372/3622] Building C object arch/CMakeFiles/arch.dir/risc-v/src/common/riscv_releasestack.c.o
[373/3622] Building C object arch/CMakeFiles/arch.dir/risc-v/src/common/riscv_stackframe.c.o
[374/3622] Building C object arch/CMakeFiles/arch.dir/risc-v/src/common/riscv_switchcontext.c.o
[375/3622] Building C object arch/CMakeFiles/arch.dir/risc-v/src/common/riscv_usestack.c.o
[376/3622] Building C object arch/CMakeFiles/arch.dir/risc-v/src/common/riscv_swint.c.o
[377/3622] Building C object arch/CMakeFiles/arch.dir/risc-v/src/common/riscv_schedulesigaction.c.o
[378/3622] Building C object arch/CMakeFiles/arch.dir/risc-v/src/common/riscv_mdelay.c.o
[379/3622] Building C object arch/CMakeFiles/arch.dir/risc-v/src/common/riscv_idle.c.o
[380/3622] Building C object arch/CMakeFiles/arch.dir/risc-v/src/common/riscv_sigdeliver.c.o
[381/3622] Building C object arch/CMakeFiles/arch.dir/risc-v/src/common/riscv_udelay.c.o
[382/3622] Building C object arch/CMakeFiles/arch.dir/risc-v/src/esp32c6/esp_wifi_adapter.c.o
[383/3622] Building ASM object arch/CMakeFiles/arch.dir/risc-v/src/common/fork.S.o
[384/3622] Building C object arch/CMakeFiles/arch.dir/risc-v/src/common/riscv_cpuindex.c.o
[385/3622] Building ASM object arch/CMakeFiles/arch.dir/risc-v/src/common/riscv_fpu.S.o
[386/3622] Building C object arch/CMakeFiles/arch.dir/risc-v/src/common/riscv_task_start.c.o
[387/3622] Building C object arch/CMakeFiles/arch.dir/risc-v/src/common/riscv_pthread_start.c.o
[388/3622] Building C object arch/CMakeFiles/arch.dir/risc-v/src/common/riscv_signal_dispatch.c.o
[389/3622] Building C object arch/CMakeFiles/arch.dir/risc-v/src/common/riscv_fpucmp.c.o
[390/3622] Building C object arch/CMakeFiles/arch.dir/risc-v/src/common/riscv_backtrace.c.o
[391/3622] Building C object arch/CMakeFiles/arch.dir/risc-v/src/common/riscv_fork.c.o
[392/3622] Building C object arch/CMakeFiles/arch.dir/risc-v/src/common/riscv_mmu.c.o
[393/3622] Building C object arch/CMakeFiles/arch.dir/risc-v/src/common/riscv_pmp.c.o
[394/3622] Building C object arch/CMakeFiles/arch.dir/risc-v/src/common/riscv_addrenv_kstack.c.o
[395/3622] Building C object arch/CMakeFiles/arch_interface.dir/empty.c.o
[396/3622] Linking C static library arch/libarch_interface.a
[397/3622] Building C object arch/CMakeFiles/arch.dir/risc-v/src/common/riscv_pgalloc.c.o
[398/3622] Building C object fs/CMakeFiles/fs.dir/procfs/fs_procfscpuinfo.c.o
[399/3622] Building C object arch/CMakeFiles/arch.dir/risc-v/src/common/riscv_addrenv_perms.c.o
[400/3622] Building C object arch/CMakeFiles/arch.dir/risc-v/src/common/riscv_addrenv_shm.c.o
[401/3622] Building C object fs/CMakeFiles/fs.dir/procfs/fs_procfscpuload.c.o
[402/3622] Building C object arch/CMakeFiles/arch.dir/risc-v/src/common/riscv_addrenv.c.o
[403/3622] Building C object fs/CMakeFiles/fs.dir/procfs/fs_procfscritmon.c.o
[404/3622] Building C object arch/CMakeFiles/arch.dir/risc-v/src/common/riscv_addrenv_utils.c.o
[405/3622] Building C object arch/CMakeFiles/arch.dir/risc-v/src/common/riscv_percpu.c.o
[406/3622] Building C object fs/CMakeFiles/fs.dir/procfs/fs_procfsfdt.c.o
[407/3622] Building C object binfmt/CMakeFiles/binfmt.dir/binfmt_globals.c.o
[408/3622] Building C object binfmt/CMakeFiles/binfmt.dir/binfmt_initialize.c.o
[409/3622] Building C object fs/CMakeFiles/fs.dir/procfs/fs_procfsiobinfo.c.o
[410/3622] Building C object binfmt/CMakeFiles/binfmt.dir/binfmt_register.c.o
[411/3622] Building C object binfmt/CMakeFiles/binfmt.dir/binfmt_unregister.c.o
[412/3622] Building C object binfmt/CMakeFiles/binfmt.dir/binfmt_unloadmodule.c.o
[413/3622] Building C object binfmt/CMakeFiles/binfmt.dir/binfmt_loadmodule.c.o
[414/3622] Building C object fs/CMakeFiles/fs.dir/procfs/fs_procfsmeminfo.c.o
[415/3622] Building C object binfmt/CMakeFiles/binfmt.dir/binfmt_exec.c.o
[416/3622] Building C object binfmt/CMakeFiles/binfmt.dir/binfmt_copyargv.c.o
[417/3622] Building C object binfmt/CMakeFiles/binfmt.dir/binfmt_copyactions.c.o
[418/3622] Building C object binfmt/CMakeFiles/binfmt.dir/binfmt_execmodule.c.o
[419/3622] Building C object binfmt/CMakeFiles/binfmt.dir/binfmt_dumpmodule.c.o
[420/3622] Building C object binfmt/CMakeFiles/binfmt.dir/binfmt_exit.c.o
[421/3622] Building C object binfmt/CMakeFiles/binfmt.dir/binfmt_execsymtab.c.o
[422/3622] Building C object crypto/CMakeFiles/crypto.dir/testmngr.c.o
[423/3622] Building C object binfmt/CMakeFiles/binfmt.dir/elf.c.o
[424/3622] Linking C static library binfmt/libbinfmt.a
[425/3622] Building C object crypto/CMakeFiles/crypto.dir/cryptodev.c.o
[426/3622] Building C object crypto/CMakeFiles/crypto.dir/blake2s.c.o
[427/3622] Building C object crypto/CMakeFiles/crypto.dir/xform.c.o
[428/3622] Building C object crypto/CMakeFiles/crypto.dir/blf.c.o
[429/3622] Building C object crypto/CMakeFiles/crypto.dir/aes.c.o
[430/3622] Linking C static library arch/libarch.a
[431/3622] Building C object crypto/CMakeFiles/crypto.dir/cryptosoft.c.o
[432/3622] Building C object crypto/CMakeFiles/crypto.dir/ecb_enc.c.o
[433/3622] Building C object crypto/CMakeFiles/crypto.dir/crypto.c.o
[434/3622] Building C object crypto/CMakeFiles/crypto.dir/ecb3_enc.c.o
[435/3622] Building C object crypto/CMakeFiles/crypto.dir/set_key.c.o
[436/3622] Building C object crypto/CMakeFiles/crypto.dir/poly1305.c.o
[437/3622] Building C object crypto/CMakeFiles/crypto.dir/md5.c.o
[438/3622] Building C object crypto/CMakeFiles/crypto.dir/chachapoly.c.o
[439/3622] Building C object crypto/CMakeFiles/crypto.dir/cast.c.o
[440/3622] Building C object crypto/CMakeFiles/crypto.dir/rijndael.c.o
[441/3622] Building C object crypto/CMakeFiles/crypto.dir/gmac.c.o
[442/3622] Building C object crypto/CMakeFiles/crypto.dir/cmac.c.o
[443/3622] Building C object crypto/CMakeFiles/crypto.dir/rmd160.c.o
[444/3622] Building C object crypto/CMakeFiles/crypto.dir/hmac.c.o
[445/3622] Building C object crypto/CMakeFiles/crypto.dir/sha1.c.o
[446/3622] Building C object crypto/CMakeFiles/crypto.dir/idgen.c.o
[447/3622] Building C object crypto/CMakeFiles/crypto.dir/key_wrap.c.o
[448/3622] Building C object crypto/CMakeFiles/crypto.dir/hmac_buff.c.o
[449/3622] Building C object crypto/CMakeFiles/crypto.dir/sha2.c.o
[450/3622] Building C object crypto/CMakeFiles/crypto.dir/siphash.c.o
[451/3622] Building C object crypto/CMakeFiles/crypto.dir/ecc.c.o
[452/3622] Building C object drivers/CMakeFiles/drivers.dir/bch/bchlib_teardown.c.o
[453/3622] Building C object drivers/CMakeFiles/drivers.dir/bch/bchlib_setup.c.o
[454/3622] Building C object drivers/CMakeFiles/drivers.dir/bch/bchlib_read.c.o
[455/3622] Building C object drivers/CMakeFiles/drivers.dir/bch/bchlib_write.c.o
[456/3622] Building C object crypto/CMakeFiles/crypto.dir/random_pool.c.o
[457/3622] Building C object drivers/CMakeFiles/drivers.dir/bch/bchlib_cache.c.o
[458/3622] Building C object drivers/CMakeFiles/drivers.dir/bch/bchdev_register.c.o
[459/3622] Building C object drivers/CMakeFiles/drivers.dir/bch/bchdev_unregister.c.o
[460/3622] Building C object drivers/CMakeFiles/drivers.dir/i2c/i2c_read.c.o
[461/3622] Building C object drivers/CMakeFiles/drivers.dir/i2c/i2c_write.c.o
[462/3622] Building C object crypto/CMakeFiles/crypto.dir/curve25519.c.o
[463/3622] Building C object drivers/CMakeFiles/drivers.dir/i2c/i2c_writeread.c.o
[464/3622] Building C object drivers/CMakeFiles/drivers.dir/input/button_lower.c.o
[465/3622] Building C object drivers/CMakeFiles/drivers.dir/misc/dev_null.c.o
[466/3622] Building C object drivers/CMakeFiles/drivers.dir/leds/ws2812.c.o
[467/3622] Building C object drivers/CMakeFiles/drivers.dir/i2c/i2c_driver.c.o
[468/3622] Building C object drivers/CMakeFiles/drivers.dir/misc/dev_zero.c.o
[469/3622] Building C object drivers/CMakeFiles/drivers.dir/bch/bchdev_driver.c.o
[470/3622] Building C object drivers/CMakeFiles/drivers.dir/loop/losetup.c.o
[471/3622] Building C object crypto/CMakeFiles/crypto.dir/bn.c.o
[472/3622] Building C object drivers/CMakeFiles/drivers.dir/misc/mkrd.c.o
[473/3622] Building C object drivers/CMakeFiles/drivers.dir/misc/ramdisk.c.o
[474/3622] Building C object drivers/CMakeFiles/drivers.dir/input/button_upper.c.o
[475/3622] Linking C static library crypto/libcrypto.a
[476/3622] Building C object drivers/CMakeFiles/drivers.dir/pipes/fifo.c.o
[477/3622] Building C object drivers/CMakeFiles/drivers.dir/net/phy_notify.c.o
[478/3622] Building C object drivers/CMakeFiles/drivers.dir/pipes/pipe.c.o
[479/3622] Building C object drivers/CMakeFiles/drivers.dir/mtd/mtd_partition.c.o
[480/3622] Building C object drivers/CMakeFiles/drivers.dir/mtd/ftl.c.o
[481/3622] Building C object drivers/CMakeFiles/drivers.dir/serial/serial_io.c.o
[482/3622] Building C object drivers/CMakeFiles/drivers.dir/syslog/syslog_initialize.c.o
[483/3622] Building C object drivers/CMakeFiles/drivers.dir/spi/spi_transfer.c.o
[484/3622] Building C object drivers/CMakeFiles/drivers.dir/syslog/setlogmask.c.o
[485/3622] Building C object drivers/CMakeFiles/drivers.dir/syslog/vsyslog.c.o
[486/3622] Building C object drivers/CMakeFiles/drivers.dir/syslog/syslog_flush.c.o
[487/3622] Building C object drivers/CMakeFiles/drivers.dir/syslog/syslog_channel.c.o
[488/3622] Building C object drivers/CMakeFiles/drivers.dir/syslog/syslog_write.c.o
[489/3622] Building C object fs/CMakeFiles/fs.dir/fs_heap.c.o
[490/3622] Building C object drivers/CMakeFiles/drivers.dir/net/netdev_upperhalf.c.o
[491/3622] Building C object fs/CMakeFiles/fs.dir/fs_initialize.c.o
[492/3622] Building C object drivers/CMakeFiles/drivers.dir/drivers_initialize.c.o
[493/3622] Building C object drivers/CMakeFiles/drivers.dir/timers/timer.c.o
[494/3622] Building C object fs/CMakeFiles/fs.dir/driver/fs_unregisterdriver.c.o
[495/3622] Building C object fs/CMakeFiles/fs.dir/driver/fs_registerdriver.c.o
[496/3622] Building C object drivers/CMakeFiles/drivers.dir/timers/rtc.c.o
[497/3622] Building C object fs/CMakeFiles/fs.dir/driver/fs_registerpipedriver.c.o
[498/3622] Building C object drivers/CMakeFiles/drivers.dir/pipes/pipe_common.c.o
[499/3622] Building C object fs/CMakeFiles/fs.dir/driver/fs_unregisterpipedriver.c.o
[500/3622] Building C object fs/CMakeFiles/fs.dir/driver/fs_unregisterblockdriver.c.o
[501/3622] Building C object fs/CMakeFiles/fs.dir/driver/fs_registerblockdriver.c.o
[502/3622] Building C object fs/CMakeFiles/fs.dir/driver/fs_findblockdriver.c.o
[503/3622] Building C object fs/CMakeFiles/fs.dir/driver/fs_openblockdriver.c.o
[504/3622] Building C object fs/CMakeFiles/fs.dir/driver/fs_closeblockdriver.c.o
[505/3622] Building C object fs/CMakeFiles/fs.dir/driver/fs_findmtddriver.c.o
[506/3622] Building C object drivers/CMakeFiles/drivers.dir/serial/serial.c.o
[507/3622] Building C object fs/CMakeFiles/fs.dir/driver/fs_blockpartition.c.o
[508/3622] Building C object fs/CMakeFiles/fs.dir/driver/fs_closemtddriver.c.o
[509/3622] Building C object fs/CMakeFiles/fs.dir/driver/fs_registermtddriver.c.o
[510/3622] Building C object fs/CMakeFiles/fs.dir/driver/fs_unregistermtddriver.c.o
[511/3622] Building C object fs/CMakeFiles/fs.dir/driver/fs_mtdpartition.c.o
[512/3622] Linking C static library drivers/libdrivers.a
[513/3622] Building C object fs/CMakeFiles/fs.dir/driver/fs_blockmerge.c.o
[514/3622] Building C object fs/CMakeFiles/fs.dir/driver/fs_mtdproxy.c.o
[515/3622] Building C object fs/CMakeFiles/fs.dir/driver/fs_blockproxy.c.o
[516/3622] Building C object fs/CMakeFiles/fs.dir/inode/fs_foreachinode.c.o
[517/3622] Building C object fs/CMakeFiles/fs.dir/fat/fs_fat32attrib.c.o
[518/3622] Building C object fs/CMakeFiles/fs.dir/inode/fs_inode.c.o
[519/3622] Building C object fs/CMakeFiles/fs.dir/inode/fs_inodeaddref.c.o
[520/3622] Building C object fs/CMakeFiles/fs.dir/inode/fs_inodebasename.c.o
[521/3622] Building C object fs/CMakeFiles/fs.dir/inode/fs_inodefind.c.o
[522/3622] Building C object fs/CMakeFiles/fs.dir/inode/fs_inodefree.c.o
[523/3622] Building C object fs/CMakeFiles/fs.dir/inode/fs_inodegetpath.c.o
[524/3622] Building C object fs/CMakeFiles/fs.dir/inode/fs_files.c.o
[525/3622] Building C object fs/CMakeFiles/fs.dir/inode/fs_inoderelease.c.o
[526/3622] Building C object fs/CMakeFiles/fs.dir/inode/fs_inoderemove.c.o
[527/3622] Building C object fs/CMakeFiles/fs.dir/inode/fs_inodereserve.c.o
[528/3622] Building C object fs/CMakeFiles/fs.dir/fat/fs_fat32util.c.o
[529/3622] Building C object fs/CMakeFiles/fs.dir/littlefs/littlefs/lfs_util.c.o
[530/3622] Building C object fs/CMakeFiles/fs.dir/inode/fs_inodesearch.c.o
[531/3622] Building C object fs/CMakeFiles/fs.dir/fat/fs_fat32dirent.c.o
[532/3622] Building C object fs/CMakeFiles/fs.dir/mmap/fs_mmisc.c.o
[533/3622] Building C object fs/CMakeFiles/fs.dir/mmap/fs_mmap.c.o
[534/3622] Building C object fs/CMakeFiles/fs.dir/mmap/fs_munmap.c.o
[535/3622] Building C object fs/CMakeFiles/fs.dir/mmap/fs_msync.c.o
[536/3622] Building C object fs/CMakeFiles/fs.dir/mmap/fs_anonmap.c.o
[537/3622] Building C object fs/CMakeFiles/fs.dir/mount/fs_umount2.c.o
[538/3622] Building C object fs/CMakeFiles/fs.dir/mount/fs_foreachmountpoint.c.o
[539/3622] Building C object fs/CMakeFiles/fs.dir/mount/fs_mount.c.o
[540/3622] Building C object fs/CMakeFiles/fs.dir/mount/fs_gettype.c.o
[541/3622] Building C object fs/CMakeFiles/fs.dir/mount/fs_procfs_mount.c.o
[542/3622] Building C object fs/CMakeFiles/fs.dir/mqueue/mq_close.c.o
[543/3622] Building C object fs/CMakeFiles/fs.dir/mqueue/mq_unlink.c.o
[544/3622] Building C object fs/CMakeFiles/fs.dir/partition/fs_partition.c.o
[545/3622] Building C object libs/libc/CMakeFiles/kc.dir/termios/lib_tcsendbreak.c.o
[546/3622] Building C object fs/CMakeFiles/fs.dir/mqueue/mq_open.c.o
[547/3622] Building C object fs/CMakeFiles/fs.dir/fat/fs_fat32.c.o
[548/3622] Building C object libs/libc/CMakeFiles/kc.dir/termios/lib_ttynamer.c.o
[549/3622] Building C object libs/libc/CMakeFiles/kc.dir/termios/lib_ttyname.c.o
[550/3622] Building C object libs/libc/CMakeFiles/kc.dir/time/lib_calendar2utc.c.o
[551/3622] Building C object libs/libc/CMakeFiles/kc.dir/time/lib_daysbeforemonth.c.o
[552/3622] Building C object libs/libc/CMakeFiles/kc.dir/time/lib_gettimeofday.c.o
[553/3622] Building C object libs/libc/CMakeFiles/kc.dir/time/lib_isleapyear.c.o
[554/3622] Building C object libs/libc/CMakeFiles/kc.dir/time/lib_time.c.o
[555/3622] Building C object libs/libc/CMakeFiles/kc.dir/time/lib_settimeofday.c.o
[556/3622] Building C object libs/libc/CMakeFiles/kc.dir/time/lib_timespec_get.c.o
[557/3622] Building C object libs/libc/CMakeFiles/kc.dir/time/lib_strftime.c.o
[558/3622] Building C object libs/libc/CMakeFiles/kc.dir/time/lib_nanosleep.c.o
[559/3622] Building C object fs/CMakeFiles/fs.dir/procfs/fs_procfs.c.o
[560/3622] Building C object libs/libc/CMakeFiles/kc.dir/time/lib_difftime.c.o
[561/3622] Building C object libs/libc/CMakeFiles/kc.dir/time/lib_dayofweek.c.o
[562/3622] Building C object libs/libc/CMakeFiles/kc.dir/time/lib_asctimer.c.o
[563/3622] Building C object libs/libc/CMakeFiles/kc.dir/time/lib_asctime.c.o
[564/3622] Building C object fs/CMakeFiles/fs.dir/procfs/fs_procfstcbinfo.c.o
[565/3622] Building C object fs/CMakeFiles/fs.dir/procfs/fs_procfsuptime.c.o
[566/3622] Building C object fs/CMakeFiles/fs.dir/procfs/fs_procfsutil.c.o
[567/3622] Building C object fs/CMakeFiles/fs.dir/procfs/fs_procfsversion.c.o
[568/3622] Building C object fs/CMakeFiles/fs.dir/littlefs/lfs_vfs.c.o
[569/3622] Building C object fs/CMakeFiles/fs.dir/socket/accept.c.o
[570/3622] Building C object fs/CMakeFiles/fs.dir/socket/socket.c.o
[571/3622] Building C object fs/CMakeFiles/fs.dir/procfs/fs_procfsproc.c.o
[572/3622] Building C object fs/CMakeFiles/fs.dir/socket/socketpair.c.o
[573/3622] Building C object fs/CMakeFiles/fs.dir/romfs/fs_romfsutil.c.o
[574/3622] Building C object fs/CMakeFiles/fs.dir/vfs/fs_close.c.o
[575/3622] Building C object fs/CMakeFiles/fs.dir/vfs/fs_dup.c.o
[576/3622] Building C object fs/CMakeFiles/fs.dir/vfs/fs_chstat.c.o
[577/3622] Building C object fs/CMakeFiles/fs.dir/vfs/fs_dup2.c.o
[578/3622] Building C object fs/CMakeFiles/fs.dir/vfs/fs_dup3.c.o
[579/3622] Building C object fs/CMakeFiles/fs.dir/vfs/fs_fcntl.c.o
[580/3622] Building C object fs/CMakeFiles/fs.dir/vfs/fs_fchstat.c.o
[581/3622] Building C object fs/CMakeFiles/fs.dir/vfs/fs_fstat.c.o
[582/3622] Building C object fs/CMakeFiles/fs.dir/vfs/fs_fstatfs.c.o
[583/3622] Building C object fs/CMakeFiles/fs.dir/vfs/fs_lseek.c.o
[584/3622] Building C object fs/CMakeFiles/fs.dir/vfs/fs_ioctl.c.o
[585/3622] Building C object fs/CMakeFiles/fs.dir/vfs/fs_mkdir.c.o
[586/3622] Building C object fs/CMakeFiles/fs.dir/romfs/fs_romfs.c.o
[587/3622] Building C object fs/CMakeFiles/fs.dir/vfs/fs_pread.c.o
[588/3622] Building C object fs/CMakeFiles/fs.dir/vfs/fs_pwrite.c.o
[589/3622] Building C object fs/CMakeFiles/fs.dir/vfs/fs_open.c.o
[590/3622] Building C object fs/CMakeFiles/fs.dir/vfs/fs_read.c.o
[591/3622] Building C object fs/CMakeFiles/fs.dir/vfs/fs_rmdir.c.o
[592/3622] Building C object fs/CMakeFiles/fs.dir/vfs/fs_poll.c.o
[593/3622] Building C object fs/CMakeFiles/fs.dir/vfs/fs_rename.c.o
[594/3622] Building C object fs/CMakeFiles/fs.dir/vfs/fs_select.c.o
[595/3622] Building C object fs/CMakeFiles/fs.dir/vfs/fs_stat.c.o
[596/3622] Building C object fs/CMakeFiles/fs.dir/vfs/fs_statfs.c.o
[597/3622] Building C object fs/CMakeFiles/fs.dir/vfs/fs_epoll.c.o
[598/3622] Building C object fs/CMakeFiles/fs.dir/vfs/fs_sendfile.c.o
[599/3622] Building C object fs/CMakeFiles/fs.dir/vfs/fs_unlink.c.o
[600/3622] Building C object fs/CMakeFiles/fs.dir/littlefs/littlefs/lfs.c.o
[601/3622] Building C object fs/CMakeFiles/fs.dir/vfs/fs_uio.c.o
[602/3622] Building C object fs/CMakeFiles/fs.dir/vfs/fs_syncfs.c.o
[603/3622] Building C object fs/CMakeFiles/fs.dir/vfs/fs_fsync.c.o
[604/3622] Building C object fs/CMakeFiles/fs.dir/vfs/fs_write.c.o
[605/3622] Building C object fs/CMakeFiles/fs.dir/vfs/fs_truncate.c.o
[606/3622] Building C object fs/CMakeFiles/fs.dir/vfs/fs_link.c.o
[607/3622] Building C object libs/libc/CMakeFiles/c.dir/assert/lib_stackchk.c.o
[608/3622] Building C object fs/CMakeFiles/fs.dir/vfs/fs_dir.c.o
[609/3622] Building C object libs/libc/CMakeFiles/c.dir/assert/lib_assert.c.o
[610/3622] Building C object fs/CMakeFiles/fs.dir/vfs/fs_symlink.c.o
[611/3622] Building C object fs/CMakeFiles/fs.dir/vfs/fs_readlink.c.o
[612/3622] Building C object libs/libc/CMakeFiles/c.dir/ctype/lib_isalnum.c.o
[613/3622] Building C object libs/libc/CMakeFiles/c.dir/ctype/lib_isalpha.c.o
[614/3622] Building C object libs/libc/CMakeFiles/c.dir/ctype/lib_isascii.c.o
[615/3622] Building C object libs/libc/CMakeFiles/c.dir/ctype/lib_isblank.c.o
[616/3622] Building C object libs/libc/CMakeFiles/c.dir/ctype/lib_isdigit.c.o
[617/3622] Building C object libs/libc/CMakeFiles/c.dir/ctype/lib_iscntrl.c.o
[618/3622] Building C object libs/libc/CMakeFiles/c.dir/ctype/lib_isgraph.c.o
[619/3622] Building C object libs/libc/CMakeFiles/c.dir/ctype/lib_islower.c.o
[620/3622] Building C object libs/libc/CMakeFiles/c.dir/ctype/lib_isprint.c.o
[621/3622] Building C object libs/libc/CMakeFiles/c.dir/ctype/lib_ispunct.c.o
[622/3622] Building C object libs/libc/CMakeFiles/c.dir/ctype/lib_isspace.c.o
[623/3622] Building C object libs/libc/CMakeFiles/c.dir/ctype/lib_isupper.c.o
[624/3622] Building C object libs/libc/CMakeFiles/c.dir/ctype/lib_tolower.c.o
[625/3622] Building C object libs/libc/CMakeFiles/c.dir/ctype/lib_isxdigit.c.o
[626/3622] Building C object libs/libc/CMakeFiles/c.dir/ctype/lib_ctype.c.o
[627/3622] Building C object libs/libc/CMakeFiles/c.dir/ctype/lib_toupper.c.o
[628/3622] Building C object libs/libc/CMakeFiles/c.dir/dirent/lib_readdirr.c.o
[629/3622] Building C object libs/libc/CMakeFiles/c.dir/dirent/lib_alphasort.c.o
[630/3622] Building C object libs/libc/CMakeFiles/c.dir/dirent/lib_ftw.c.o
[631/3622] Building C object libs/libc/CMakeFiles/c.dir/dirent/lib_telldir.c.o
[632/3622] Building C object libs/libc/CMakeFiles/c.dir/dirent/lib_opendir.c.o
[633/3622] Building C object libs/libc/CMakeFiles/c.dir/dirent/lib_scandir.c.o
[634/3622] Building C object libs/libc/CMakeFiles/c.dir/dirent/lib_fdopendir.c.o
[635/3622] Building C object libs/libc/CMakeFiles/c.dir/dirent/lib_readdir.c.o
[636/3622] Building C object libs/libc/CMakeFiles/c.dir/dirent/lib_closedir.c.o
[637/3622] Building C object libs/libc/CMakeFiles/c.dir/dirent/lib_nftw.c.o
[638/3622] Building C object libs/libc/CMakeFiles/c.dir/dirent/lib_dirfd.c.o
[639/3622] Building C object libs/libc/CMakeFiles/c.dir/dirent/lib_rewinddir.c.o
[640/3622] Building C object libs/libc/CMakeFiles/c.dir/dirent/lib_seekdir.c.o
[641/3622] Building C object libs/libc/CMakeFiles/c.dir/dirent/lib_versionsort.c.o
[642/3622] Building C object libs/libc/CMakeFiles/c.dir/dlfcn/lib_dlfind_object.c.o
[643/3622] Building C object libs/libc/CMakeFiles/c.dir/elf/elf_addrenv.c.o
[644/3622] Building C object libs/libc/CMakeFiles/c.dir/elf/elf_init.c.o
[645/3622] Building C object fs/CMakeFiles/fs.dir/tmpfs/fs_tmpfs.c.o
[646/3622] Building C object libs/libc/CMakeFiles/c.dir/elf/elf_depend.c.o
[647/3622] Building C object libs/libc/CMakeFiles/c.dir/elf/elf_iobuffer.c.o
[648/3622] Building C object libs/libc/CMakeFiles/c.dir/elf/elf_loadhdrs.c.o
[649/3622] Building C object libs/libc/CMakeFiles/c.dir/elf/elf_verify.c.o
[650/3622] Building C object libs/libc/CMakeFiles/c.dir/elf/elf_read.c.o
[651/3622] Building C object libs/libc/CMakeFiles/c.dir/elf/elf_sections.c.o
[652/3622] Building C object libs/libc/CMakeFiles/c.dir/elf/elf_load.c.o
[653/3622] Building C object libs/libc/CMakeFiles/c.dir/elf/elf_bind.c.o
[654/3622] Building C object libs/libc/CMakeFiles/c.dir/elf/elf_symtab.c.o
[655/3622] Building C object libs/libc/CMakeFiles/c.dir/elf/elf_registry.c.o
[656/3622] Linking C static library fs/libfs.a
[657/3622] Building C object libs/libc/CMakeFiles/c.dir/elf/elf_gethandle.c.o
[658/3622] Building C object libs/libc/CMakeFiles/c.dir/elf/elf_uninit.c.o
[659/3622] Building C object libs/libc/CMakeFiles/c.dir/elf/elf_unload.c.o
[660/3622] Building C object libs/libc/CMakeFiles/c.dir/elf/elf_symbols.c.o
[661/3622] Building C object libs/libc/CMakeFiles/c.dir/elf/elf_getsymbol.c.o
[662/3622] Building C object libs/libc/CMakeFiles/c.dir/environ/env_getenvironptr.c.o
[663/3622] Building C object libs/libc/CMakeFiles/c.dir/elf/elf_remove.c.o
[664/3622] Building C object libs/libc/CMakeFiles/c.dir/elf/elf_insert.c.o
[665/3622] Building C object libs/libc/CMakeFiles/c.dir/environ/env_release.c.o
[666/3622] Building C object libs/libc/CMakeFiles/c.dir/environ/env_findvar.c.o
[667/3622] Building C object libs/libc/CMakeFiles/c.dir/environ/env_clearenv.c.o
[668/3622] Building C object libs/libc/CMakeFiles/c.dir/environ/env_putenv.c.o
[669/3622] Building C object libs/libc/CMakeFiles/c.dir/environ/env_dup.c.o
[670/3622] Building C object libs/libc/CMakeFiles/c.dir/environ/env_removevar.c.o
[671/3622] Building C object libs/libc/CMakeFiles/c.dir/fixedmath/lib_fixedmath.c.o
[672/3622] Building C object libs/libc/CMakeFiles/c.dir/fixedmath/lib_b16cos.c.o
[673/3622] Building C object libs/libc/CMakeFiles/c.dir/environ/env_getenv.c.o
[674/3622] Building C object libs/libc/CMakeFiles/c.dir/fixedmath/lib_b16sin.c.o
[675/3622] Building C object libs/libc/CMakeFiles/c.dir/environ/env_foreach.c.o
[676/3622] Building C object libs/libc/CMakeFiles/c.dir/errno/lib_errno.c.o
[677/3622] Building C object libs/libc/CMakeFiles/c.dir/environ/env_unsetenv.c.o
[678/3622] Building C object libs/libc/CMakeFiles/c.dir/environ/env_setenv.c.o
[679/3622] Building C object libs/libc/CMakeFiles/c.dir/fixedmath/lib_b16atan2.c.o
[680/3622] Building C object libs/libc/CMakeFiles/c.dir/grp/lib_getgrgidr.c.o
[681/3622] Building C object libs/libc/CMakeFiles/c.dir/fixedmath/lib_ubsqrt.c.o
[682/3622] Building C object libs/libc/CMakeFiles/c.dir/grp/lib_initgroups.c.o
[683/3622] Building C object libs/libc/CMakeFiles/c.dir/grp/lib_getgrnamr.c.o
[684/3622] Building C object libs/libc/CMakeFiles/c.dir/grp/lib_getgrgid.c.o
[685/3622] Building C object libs/libc/CMakeFiles/c.dir/grp/lib_getgrnam.c.o
[686/3622] Building C object libs/libc/CMakeFiles/c.dir/grp/lib_getgrbufr.c.o
[687/3622] Building C object libs/libc/CMakeFiles/c.dir/inttypes/lib_imaxabs.c.o
[688/3622] Building C object libs/libc/CMakeFiles/c.dir/grp/lib_getgrbuf.c.o
[689/3622] Building C object libs/libc/CMakeFiles/c.dir/inttypes/lib_imaxdiv.c.o
[690/3622] Building ASM object libs/libc/CMakeFiles/c.dir/machine/risc-v/arch_setjmp.S.o
[691/3622] Building C object libs/libc/CMakeFiles/c.dir/inttypes/lib_strtoimax.c.o
[692/3622] Building C object libs/libc/CMakeFiles/c.dir/libgen/lib_basename.c.o
[693/3622] Building C object libs/libc/CMakeFiles/c.dir/inttypes/lib_strtoumax.c.o
[694/3622] Building C object libs/libc/CMakeFiles/c.dir/libgen/lib_dirname.c.o
[695/3622] Building C object libs/libc/CMakeFiles/c.dir/misc/lib_creat.c.o
[696/3622] Building C object libs/libc/CMakeFiles/c.dir/misc/lib_umask.c.o
[697/3622] Building C object libs/libc/CMakeFiles/c.dir/misc/lib_bitmap.c.o
[698/3622] Building C object libs/libc/CMakeFiles/c.dir/misc/lib_utsname.c.o
[699/3622] Building C object libs/libc/CMakeFiles/c.dir/misc/lib_getrandom.c.o
[700/3622] Building C object libs/libc/CMakeFiles/c.dir/misc/lib_xorshift128.c.o
[701/3622] Building C object libs/libc/CMakeFiles/c.dir/misc/lib_mknod.c.o
[702/3622] Building C object libs/libc/CMakeFiles/c.dir/misc/lib_impure.c.o
[703/3622] Building C object libs/libc/CMakeFiles/c.dir/machine/risc-v/arch_elf.c.o
[704/3622] Building C object libs/libc/CMakeFiles/c.dir/misc/lib_circbuf.c.o
[705/3622] Building C object libs/libc/CMakeFiles/c.dir/misc/lib_tea_encrypt.c.o
[706/3622] Building C object libs/libc/CMakeFiles/c.dir/misc/lib_tea_decrypt.c.o
[707/3622] Building C object libs/libc/CMakeFiles/c.dir/misc/lib_cxx_initialize.c.o
[708/3622] Building C object libs/libc/CMakeFiles/c.dir/misc/lib_memfd.c.o
[709/3622] Building C object libs/libc/CMakeFiles/c.dir/misc/lib_fchmodat.c.o
[710/3622] Building C object libs/libc/CMakeFiles/c.dir/misc/lib_fstatat.c.o
[711/3622] Building C object libs/libc/CMakeFiles/c.dir/misc/lib_getfullpath.c.o
[712/3622] Building C object libs/libc/CMakeFiles/c.dir/misc/lib_mkdirat.c.o
[713/3622] Building C object libs/libc/CMakeFiles/c.dir/misc/lib_openat.c.o
[714/3622] Building C object libs/libc/CMakeFiles/c.dir/misc/lib_utimensat.c.o
[715/3622] Building C object libs/libc/CMakeFiles/c.dir/misc/lib_mallopt.c.o
[716/3622] Building C object libs/libc/CMakeFiles/c.dir/misc/lib_getnprocs.c.o
[717/3622] Building C object libs/libc/CMakeFiles/c.dir/misc/lib_ratelimit.c.o
[718/3622] Building C object libs/libc/CMakeFiles/c.dir/misc/lib_sem_mutex_noinline.c.o
[719/3622] Building C object libs/libc/CMakeFiles/c.dir/misc/lib_tempbuffer.c.o
[720/3622] Building C object libs/libc/CMakeFiles/c.dir/misc/lib_umul32.c.o
[721/3622] Building C object libs/libc/CMakeFiles/c.dir/misc/lib_umul64.c.o
[722/3622] Building C object libs/libc/CMakeFiles/c.dir/misc/lib_umul32x64.c.o
[723/3622] Building C object libs/libc/CMakeFiles/c.dir/misc/lib_uadd32x64.c.o
[724/3622] Building C object libs/libc/CMakeFiles/c.dir/misc/lib_uadd64.c.o
[725/3622] Building C object libs/libc/CMakeFiles/c.dir/misc/lib_usub64x32.c.o
[726/3622] Building C object libs/libc/CMakeFiles/c.dir/misc/lib_usub64.c.o
[727/3622] Building C object libs/libc/CMakeFiles/c.dir/misc/lib_mkfifo.c.o
[728/3622] Building C object libs/libc/CMakeFiles/c.dir/misc/lib_idr.c.o
[729/3622] Building C object libs/libc/CMakeFiles/c.dir/misc/lib_dumpbuffer.c.o
[730/3622] Building C object libs/libc/CMakeFiles/c.dir/misc/lib_fnmatch.c.o
[731/3622] Building C object libs/libc/CMakeFiles/c.dir/misc/lib_dumpvbuffer.c.o
[732/3622] Building C object libs/libc/CMakeFiles/c.dir/misc/lib_debug.c.o
[733/3622] Building C object libs/libc/CMakeFiles/c.dir/misc/lib_crc64.c.o
[734/3622] Building C object libs/libc/CMakeFiles/c.dir/misc/lib_crc64emac.c.o
[735/3622] Building C object libs/libc/CMakeFiles/c.dir/misc/lib_crc32.c.o
[736/3622] Building C object libs/libc/CMakeFiles/c.dir/misc/lib_crc32h04c11db7.c.o
[737/3622] Building C object libs/libc/CMakeFiles/c.dir/misc/lib_crc32hf4acfb13.c.o
[738/3622] Building C object libs/libc/CMakeFiles/c.dir/misc/lib_crc16.c.o
[739/3622] Building C object libs/libc/CMakeFiles/c.dir/misc/lib_crc16ccitt.c.o
[740/3622] Building C object libs/libc/CMakeFiles/c.dir/misc/lib_crc16h1021.c.o
[741/3622] Building C object libs/libc/CMakeFiles/c.dir/misc/lib_crc16h8005.c.o
[742/3622] Building C object libs/libc/CMakeFiles/c.dir/misc/lib_crc8.c.o
[743/3622] Building C object libs/libc/CMakeFiles/c.dir/misc/lib_crc8ccitt.c.o
[744/3622] Building C object libs/libc/CMakeFiles/c.dir/misc/lib_crc8h1d.c.o
[745/3622] Building C object libs/libc/CMakeFiles/c.dir/misc/lib_crc8h2f.c.o
[746/3622] Building C object libs/libc/CMakeFiles/c.dir/misc/lib_crc8rohc.c.o
[747/3622] Building C object libs/libc/CMakeFiles/c.dir/misc/lib_crc8table.c.o
[748/3622] Building C object libs/libc/CMakeFiles/c.dir/misc/lib_ftok.c.o
[749/3622] Building C object libs/libc/CMakeFiles/c.dir/misc/lib_instrument.c.o
[750/3622] Building C object libs/libc/CMakeFiles/c.dir/misc/lib_err.c.o
[751/3622] Building C object libs/libc/CMakeFiles/c.dir/misc/lib_backtrace.c.o
[752/3622] Building C object libs/libc/CMakeFiles/c.dir/net/lib_addrconfig.c.o
[753/3622] Building C object libs/libc/CMakeFiles/c.dir/misc/lib_fdcheck.c.o
[754/3622] Building C object libs/libc/CMakeFiles/c.dir/misc/lib_envpath.c.o
[755/3622] Building C object libs/libc/CMakeFiles/c.dir/net/lib_htons.c.o
[756/3622] Building C object libs/libc/CMakeFiles/c.dir/net/lib_htonl.c.o
[757/3622] Building C object libs/libc/CMakeFiles/c.dir/net/lib_htonq.c.o
[758/3622] Building C object libs/libc/CMakeFiles/c.dir/net/lib_inetaton.c.o
[759/3622] Building C object libs/libc/CMakeFiles/c.dir/misc/lib_glob.c.o
[760/3622] Building C object libs/libc/CMakeFiles/c.dir/net/lib_inetaddr.c.o
[761/3622] Building C object libs/libc/CMakeFiles/c.dir/net/lib_base64.c.o
[762/3622] Building C object libs/libc/CMakeFiles/c.dir/net/lib_accept.c.o
[763/3622] Building C object libs/libc/CMakeFiles/c.dir/net/lib_inetntop.c.o
[764/3622] Building C object libs/libc/CMakeFiles/c.dir/net/lib_inetnetwork.c.o
[765/3622] Building C object libs/libc/CMakeFiles/c.dir/net/lib_inetntoa.c.o
[766/3622] Building C object libs/libc/CMakeFiles/c.dir/net/lib_inetpton.c.o
[767/3622] Building C object libs/libc/CMakeFiles/c.dir/net/lib_etherntoa.c.o
[768/3622] Building C object libs/libc/CMakeFiles/c.dir/net/lib_etheraton.c.o
[769/3622] Building C object libs/libc/CMakeFiles/c.dir/misc/lib_lrucache.c.o
[770/3622] Building C object libs/libc/CMakeFiles/c.dir/net/lib_freeifaddrs.c.o
[771/3622] Building C object libs/libc/CMakeFiles/c.dir/net/lib_nameindex.c.o
[772/3622] Building C object libs/libc/CMakeFiles/c.dir/net/lib_indextoname.c.o
[773/3622] Building C object libs/libc/CMakeFiles/c.dir/net/lib_nametoindex.c.o
[774/3622] Building C object libs/libc/CMakeFiles/c.dir/net/lib_getifaddrs.c.o
[775/3622] Building C object libs/libc/CMakeFiles/c.dir/net/lib_freenameindex.c.o
[776/3622] Building C object libs/libc/CMakeFiles/c.dir/netdb/lib_gethostbyname.c.o
[777/3622] Building C object libs/libc/CMakeFiles/c.dir/netdb/lib_h_errno.c.o
[778/3622] Building C object libs/libc/CMakeFiles/c.dir/netdb/lib_gethostbynamer.c.o
[779/3622] Building C object libs/libc/CMakeFiles/c.dir/netdb/lib_netdb.c.o
[780/3622] Building C object libs/libc/CMakeFiles/c.dir/netdb/lib_gethostbyname2r.c.o
[781/3622] Building C object libs/libc/CMakeFiles/c.dir/netdb/lib_gethostbyname2.c.o
[782/3622] Building C object libs/libc/CMakeFiles/c.dir/netdb/lib_gethostbyaddr.c.o
[783/3622] Building C object libs/libc/CMakeFiles/c.dir/netdb/lib_gethostbyaddrr.c.o
[784/3622] Building C object libs/libc/CMakeFiles/c.dir/netdb/lib_getservbyname.c.o
[785/3622] Building C object libs/libc/CMakeFiles/c.dir/netdb/lib_getservbynamer.c.o
[786/3622] Building C object libs/libc/CMakeFiles/c.dir/netdb/lib_gethostentbynamer.c.o
[787/3622] Building C object libs/libc/CMakeFiles/c.dir/netdb/lib_getservbyport.c.o
[788/3622] Building C object libs/libc/CMakeFiles/c.dir/netdb/lib_gaistrerror.c.o
[789/3622] Building C object libs/libc/CMakeFiles/c.dir/netdb/lib_getservbyportr.c.o
[790/3622] Building C object libs/libc/CMakeFiles/c.dir/netdb/lib_freeaddrinfo.c.o
[791/3622] Building C object libs/libc/CMakeFiles/c.dir/netdb/lib_getnameinfo.c.o
[792/3622] Building C object libs/libc/CMakeFiles/c.dir/netdb/lib_protor.c.o
[793/3622] Building C object libs/libc/CMakeFiles/c.dir/netdb/lib_getaddrinfo.c.o
[794/3622] Building C object libs/libc/CMakeFiles/c.dir/netdb/lib_rexec.c.o
[795/3622] Building C object libs/libc/CMakeFiles/c.dir/netdb/lib_proto.c.o
[796/3622] Building C object libs/libc/CMakeFiles/c.dir/netdb/lib_dnsbind.c.o
[797/3622] Building C object libs/libc/CMakeFiles/c.dir/netdb/lib_dn.c.o
[798/3622] Building C object libs/libc/CMakeFiles/c.dir/netdb/lib_dnsinit.c.o
[799/3622] Building C object libs/libc/CMakeFiles/c.dir/netdb/lib_dnsdefaultserver.c.o
[800/3622] Building C object libs/libc/CMakeFiles/c.dir/netdb/lib_dnsnotify.c.o
[801/3622] Building C object libs/libc/CMakeFiles/c.dir/netdb/lib_dnsaddserver.c.o
[802/3622] Building C object libs/libc/CMakeFiles/c.dir/netdb/lib_dnsforeach.c.o
[803/3622] Building C object libs/libc/CMakeFiles/c.dir/obstack/lib_obstack_alloc.c.o
[804/3622] Building C object libs/libc/CMakeFiles/c.dir/obstack/lib_obstack_init.c.o
[805/3622] Building C object libs/libc/CMakeFiles/c.dir/netdb/lib_dnsqueryfamily.c.o
[806/3622] Building C object libs/libc/CMakeFiles/c.dir/obstack/lib_obstack_copy.c.o
[807/3622] Building C object libs/libc/CMakeFiles/c.dir/netdb/lib_dnscache.c.o
[808/3622] Building C object libs/libc/CMakeFiles/c.dir/obstack/lib_obstack_free.c.o
[809/3622] Building C object libs/libc/CMakeFiles/c.dir/obstack/lib_obstack_blank.c.o
[810/3622] Building C object libs/libc/CMakeFiles/c.dir/obstack/lib_obstack_finish.c.o
[811/3622] Building C object libs/libc/CMakeFiles/c.dir/obstack/lib_obstack_object_size.c.o
[812/3622] Building C object libs/libc/CMakeFiles/c.dir/obstack/lib_obstack_make_room.c.o
[813/3622] Building C object libs/libc/CMakeFiles/c.dir/obstack/lib_obstack_grow.c.o
[814/3622] Building C object libs/libc/CMakeFiles/c.dir/obstack/lib_obstack_room.c.o
[815/3622] Building C object libs/libc/CMakeFiles/c.dir/obstack/lib_obstack_printf.c.o
[816/3622] Building C object libs/libc/CMakeFiles/c.dir/netdb/lib_dnsquery.c.o
[817/3622] Building C object libs/libc/CMakeFiles/c.dir/obstack/lib_obstack_vprintf.c.o
[818/3622] Building C object libs/libc/CMakeFiles/c.dir/pthread/pthread_getspecific.c.o
[819/3622] Building C object libs/libc/CMakeFiles/c.dir/obstack/lib_obstack_malloc.c.o
[820/3622] Building C object libs/libc/CMakeFiles/c.dir/pthread/pthread_setspecific.c.o
[821/3622] Building C object libs/libc/CMakeFiles/c.dir/pthread/pthread_attr_destroy.c.o
[822/3622] Building C object libs/libc/CMakeFiles/c.dir/pthread/pthread_attr_init.c.o
[823/3622] Building C object libs/libc/CMakeFiles/c.dir/pthread/pthread_keycreate.c.o
[824/3622] Building C object libs/libc/CMakeFiles/c.dir/pthread/pthread_keydelete.c.o
[825/3622] Building C object libs/libc/CMakeFiles/c.dir/pthread/pthread_attr_setschedpolicy.c.o
[826/3622] Building C object libs/libc/CMakeFiles/c.dir/pthread/pthread_attr_getschedpolicy.c.o
[827/3622] Building C object libs/libc/CMakeFiles/c.dir/pthread/pthread_attr_setinheritsched.c.o
[828/3622] Building C object libs/libc/CMakeFiles/c.dir/pthread/pthread_attr_getinheritsched.c.o
[829/3622] Building C object libs/libc/CMakeFiles/c.dir/pthread/pthread_attr_setdetachstate.c.o
[830/3622] Building C object libs/libc/CMakeFiles/c.dir/pthread/pthread_attr_getdetachstate.c.o
[831/3622] Building C object libs/libc/CMakeFiles/c.dir/pthread/pthread_attr_setstackaddr.c.o
[832/3622] Building C object libs/libc/CMakeFiles/c.dir/pthread/pthread_attr_getstackaddr.c.o
[833/3622] Building C object libs/libc/CMakeFiles/c.dir/pthread/pthread_attr_setstacksize.c.o
[834/3622] Building C object libs/libc/CMakeFiles/c.dir/pthread/pthread_attr_getstacksize.c.o
[835/3622] Building C object libs/libc/CMakeFiles/c.dir/pthread/pthread_attr_setstack.c.o
[836/3622] Building C object libs/libc/CMakeFiles/c.dir/pthread/pthread_attr_getstack.c.o
[837/3622] Building C object libs/libc/CMakeFiles/c.dir/pthread/pthread_attr_setschedparam.c.o
[838/3622] Building C object libs/libc/CMakeFiles/c.dir/pthread/pthread_attr_getschedparam.c.o
[839/3622] Building C object libs/libc/CMakeFiles/c.dir/pthread/pthread_attr_setscope.c.o
[840/3622] Building C object libs/libc/CMakeFiles/c.dir/pthread/pthread_attr_getscope.c.o
[841/3622] Building C object libs/libc/CMakeFiles/c.dir/pthread/pthread_attr_setguardsize.c.o
[842/3622] Building C object libs/libc/CMakeFiles/c.dir/pthread/pthread_barrierattr_init.c.o
[843/3622] Building C object libs/libc/CMakeFiles/c.dir/pthread/pthread_attr_getguardsize.c.o
[844/3622] Building C object libs/libc/CMakeFiles/c.dir/pthread/pthread_barrierattr_destroy.c.o
[845/3622] Building C object libs/libc/CMakeFiles/c.dir/pthread/pthread_barrierattr_setpshared.c.o
[846/3622] Building C object libs/libc/CMakeFiles/c.dir/pthread/pthread_barrierattr_getpshared.c.o
[847/3622] Building C object libs/libc/CMakeFiles/c.dir/pthread/pthread_barrierdestroy.c.o
[848/3622] Building C object libs/libc/CMakeFiles/c.dir/pthread/pthread_barrierinit.c.o
[849/3622] Building C object libs/libc/CMakeFiles/c.dir/pthread/pthread_condattr_init.c.o
[850/3622] Building C object libs/libc/CMakeFiles/c.dir/pthread/pthread_condattr_destroy.c.o
[851/3622] Building C object libs/libc/CMakeFiles/c.dir/pthread/pthread_barrierwait.c.o
[852/3622] Building C object libs/libc/CMakeFiles/c.dir/pthread/pthread_condattr_setclock.c.o
[853/3622] Building C object libs/libc/CMakeFiles/c.dir/pthread/pthread_condattr_getpshared.c.o
[854/3622] Building C object libs/libc/CMakeFiles/c.dir/pthread/pthread_condattr_setpshared.c.o
[855/3622] Building C object libs/libc/CMakeFiles/c.dir/pthread/pthread_condattr_getclock.c.o
[856/3622] Building C object libs/libc/CMakeFiles/c.dir/pthread/pthread_condbroadcast.c.o
[857/3622] Building C object libs/libc/CMakeFiles/c.dir/pthread/pthread_condtimedwait.c.o
[858/3622] Building C object libs/libc/CMakeFiles/c.dir/pthread/pthread_condinit.c.o
[859/3622] Building C object libs/libc/CMakeFiles/c.dir/pthread/pthread_conddestroy.c.o
[860/3622] Building C object libs/libc/CMakeFiles/c.dir/pthread/pthread_condsignal.c.o
[861/3622] Building C object libs/libc/CMakeFiles/c.dir/pthread/pthread_create.c.o
[862/3622] Building C object libs/libc/CMakeFiles/c.dir/pthread/pthread_condclockwait.c.o
[863/3622] Building C object libs/libc/CMakeFiles/c.dir/pthread/pthread_condwait.c.o
[864/3622] Building C object libs/libc/CMakeFiles/c.dir/pthread/pthread_equal.c.o
[865/3622] Building C object libs/libc/CMakeFiles/c.dir/pthread/pthread_exit.c.o
[866/3622] Building C object libs/libc/CMakeFiles/c.dir/pthread/pthread_kill.c.o
[867/3622] Building C object libs/libc/CMakeFiles/c.dir/stream/lib_nullinstream.c.o
[868/3622] Building C object libs/libc/CMakeFiles/c.dir/pthread/pthread_setname_np.c.o
[869/3622] Building C object libs/libc/CMakeFiles/c.dir/pthread/pthread_getname_np.c.o
[870/3622] Building C object libs/libc/CMakeFiles/c.dir/pthread/pthread_get_stackaddr_np.c.o
[871/3622] Building C object libs/libc/CMakeFiles/c.dir/pthread/pthread_get_stacksize_np.c.o
[872/3622] Building C object libs/libc/CMakeFiles/c.dir/pthread/pthread_mutexattr_init.c.o
[873/3622] Building C object libs/libc/CMakeFiles/c.dir/pthread/pthread_mutexattr_destroy.c.o
[874/3622] Building C object libs/libc/CMakeFiles/c.dir/pthread/pthread_mutexattr_getpshared.c.o
[875/3622] Building C object libs/libc/CMakeFiles/c.dir/pthread/pthread_mutexattr_setpshared.c.o
[876/3622] Building C object libs/libc/CMakeFiles/c.dir/pthread/pthread_mutexattr_setprotocol.c.o
[877/3622] Building C object libs/libc/CMakeFiles/c.dir/pthread/pthread_mutexattr_settype.c.o
[878/3622] Building C object libs/libc/CMakeFiles/c.dir/pthread/pthread_mutexattr_getprotocol.c.o
[879/3622] Building C object libs/libc/CMakeFiles/c.dir/pthread/pthread_mutexattr_gettype.c.o
[880/3622] Building C object libs/libc/CMakeFiles/c.dir/pthread/pthread_mutexattr_setrobust.c.o
[881/3622] Building C object libs/libc/CMakeFiles/c.dir/pthread/pthread_mutexattr_getrobust.c.o
[882/3622] Building C object libs/libc/CMakeFiles/c.dir/pthread/pthread_mutexattr_getprioceiling.c.o
[883/3622] Building C object libs/libc/CMakeFiles/c.dir/pthread/pthread_mutexattr_setprioceiling.c.o
[884/3622] Building C object libs/libc/CMakeFiles/c.dir/pthread/pthread_mutex_getprioceiling.c.o
[885/3622] Building C object libs/libc/CMakeFiles/c.dir/pthread/pthread_mutex_lock.c.o
[886/3622] Building C object libs/libc/CMakeFiles/c.dir/pthread/pthread_mutex_destroy.c.o
[887/3622] Building C object libs/libc/CMakeFiles/c.dir/pthread/pthread_mutex_init.c.o
[888/3622] Building C object libs/libc/CMakeFiles/c.dir/pthread/pthread_mutex_setprioceiling.c.o
[889/3622] Building C object libs/libc/CMakeFiles/c.dir/pthread/pthread_mutex_timedlock.c.o
[890/3622] Building C object libs/libc/CMakeFiles/c.dir/pthread/pthread_mutex_trylock.c.o
[891/3622] Building C object libs/libc/CMakeFiles/c.dir/pthread/pthread_yield.c.o
[892/3622] Building C object libs/libc/CMakeFiles/c.dir/pthread/pthread_mutex_unlock.c.o
[893/3622] Building C object libs/libc/CMakeFiles/c.dir/pthread/pthread_once.c.o
[894/3622] Building C object libs/libc/CMakeFiles/c.dir/pthread/pthread_atfork.c.o
[895/3622] Building C object libs/libc/CMakeFiles/c.dir/pthread/pthread_mutex.c.o
[896/3622] Building C object libs/libc/CMakeFiles/c.dir/pthread/pthread_rwlockattr_init.c.o
[897/3622] Building C object libs/libc/CMakeFiles/c.dir/pthread/pthread_rwlockattr_destroy.c.o
[898/3622] Building C object libs/libc/CMakeFiles/c.dir/pthread/pthread_rwlockattr_getpshared.c.o
[899/3622] Building C object libs/libc/CMakeFiles/c.dir/pthread/pthread_rwlockattr_setpshared.c.o
[900/3622] Building C object libs/libc/CMakeFiles/c.dir/pthread/pthread_rwlock.c.o
[901/3622] Building C object libs/libc/CMakeFiles/c.dir/pthread/pthread_rwlock_rdlock.c.o
[902/3622] Building C object libs/libc/CMakeFiles/c.dir/pthread/pthread_setcancelstate.c.o
[903/3622] Building C object libs/libc/CMakeFiles/c.dir/pthread/pthread_rwlock_wrlock.c.o
[904/3622] Building C object libs/libc/CMakeFiles/c.dir/pthread/pthread_setcanceltype.c.o
[905/3622] Building C object libs/libc/CMakeFiles/c.dir/pthread/pthread_testcancel.c.o
[906/3622] Building C object libs/libc/CMakeFiles/c.dir/pthread/pthread_getcpuclockid.c.o
[907/3622] Building C object libs/libc/CMakeFiles/c.dir/pthread/pthread_self.c.o
[908/3622] Building C object libs/libc/CMakeFiles/c.dir/pthread/pthread_gettid_np.c.o
[909/3622] Building C object libs/libc/CMakeFiles/c.dir/pthread/pthread_concurrency.c.o
[910/3622] Building C object libs/libc/CMakeFiles/c.dir/pthread/pthread_mutex_inconsistent.c.o
[911/3622] Building C object libs/libc/CMakeFiles/c.dir/pthread/pthread_mutex_consistent.c.o
[912/3622] Building C object libs/libc/CMakeFiles/c.dir/pwd/lib_getpwnam.c.o
[913/3622] Building C object libs/libc/CMakeFiles/c.dir/pthread/pthread_attr_getaffinity.c.o
[914/3622] Building C object libs/libc/CMakeFiles/c.dir/pwd/lib_getpwnamr.c.o
[915/3622] Building C object libs/libc/CMakeFiles/c.dir/pthread/pthread_attr_setaffinity.c.o
[916/3622] Building C object libs/libc/CMakeFiles/c.dir/pwd/lib_getpwuid.c.o
[917/3622] Building C object libs/libc/CMakeFiles/c.dir/queue/queue.c.o
[918/3622] Building C object libs/libc/CMakeFiles/c.dir/pwd/lib_getpwuidr.c.o
[919/3622] Building C object libs/libc/CMakeFiles/c.dir/pwd/lib_getpwbufr.c.o
[920/3622] Building C object libs/libc/CMakeFiles/c.dir/pwd/lib_getspnam.c.o
[921/3622] Building C object libs/libc/CMakeFiles/c.dir/pwd/lib_getpwbuf.c.o
[922/3622] Building C object libs/libc/CMakeFiles/c.dir/pwd/lib_getpwent.c.o
[923/3622] Building C object libs/libc/CMakeFiles/c.dir/regex/regerror.c.o
[924/3622] Building C object libs/libc/CMakeFiles/c.dir/regex/tre-mem.c.o
[925/3622] Building C object libs/libc/CMakeFiles/c.dir/sched/sched_getprioritymax.c.o
[926/3622] Building C object libs/libc/CMakeFiles/c.dir/sched/task_cancelpt.c.o
[927/3622] Building C object libs/libc/CMakeFiles/c.dir/sched/sched_getprioritymin.c.o
[928/3622] Building C object libs/libc/CMakeFiles/c.dir/sched/clock_getcpuclockid.c.o
[929/3622] Building C object libs/libc/CMakeFiles/c.dir/sched/task_testcancel.c.o
[930/3622] Building C object libs/libc/CMakeFiles/c.dir/sched/task_setcancelstate.c.o
[931/3622] Building C object libs/libc/CMakeFiles/c.dir/sched/task_setcanceltype.c.o
[932/3622] Building C object libs/libc/CMakeFiles/c.dir/sched/sched_cpucount.c.o
[933/3622] Building C object libs/libc/CMakeFiles/c.dir/sched/sched_backtrace.c.o
[934/3622] Building C object libs/libc/CMakeFiles/c.dir/sched/task_getpid.c.o
[935/3622] Building C object libs/libc/CMakeFiles/c.dir/sched/sched_dumpstack.c.o
[936/3622] Building C object libs/libc/CMakeFiles/c.dir/search/hash_func.c.o
[937/3622] Building C object libs/libc/CMakeFiles/c.dir/search/hcreate.c.o
[938/3622] Building C object libs/libc/CMakeFiles/c.dir/semaphore/sem_init.c.o
[939/3622] Building C object libs/libc/CMakeFiles/c.dir/semaphore/sem_setprotocol.c.o
[940/3622] Building C object libs/libc/CMakeFiles/c.dir/semaphore/sem_getprotocol.c.o
[941/3622] Building C object libs/libc/CMakeFiles/c.dir/search/hcreate_r.c.o
[942/3622] Building C object libs/libc/CMakeFiles/c.dir/semaphore/sem_getvalue.c.o
[943/3622] Building C object libs/libc/CMakeFiles/c.dir/semaphore/sem_destroy.c.o
[944/3622] Building C object libs/libc/CMakeFiles/c.dir/semaphore/sem_wait.c.o
[945/3622] Building C object libs/libc/CMakeFiles/c.dir/semaphore/sem_trywait.c.o
[946/3622] Building C object libs/libc/CMakeFiles/c.dir/semaphore/sem_timedwait.c.o
[947/3622] Building C object libs/libc/CMakeFiles/c.dir/semaphore/sem_clockwait.c.o
[948/3622] Building C object libs/libc/CMakeFiles/c.dir/semaphore/sem_post.c.o
[949/3622] Building C object libs/libc/CMakeFiles/c.dir/signal/sig_altstack.c.o
[950/3622] Building C object libs/libc/CMakeFiles/c.dir/signal/sig_andset.c.o
[951/3622] Building C object libs/libc/CMakeFiles/c.dir/signal/sig_addset.c.o
[952/3622] Building C object libs/libc/CMakeFiles/c.dir/signal/sig_delset.c.o
[953/3622] Building C object libs/libc/CMakeFiles/c.dir/signal/sig_fillset.c.o
[954/3622] Building C object libs/libc/CMakeFiles/c.dir/regex/regexec.c.o
[955/3622] Building C object libs/libc/CMakeFiles/c.dir/signal/sig_emptyset.c.o
[956/3622] Building C object libs/libc/CMakeFiles/c.dir/signal/sig_hold.c.o
[957/3622] Building C object libs/libc/CMakeFiles/c.dir/signal/sig_isemptyset.c.o
[958/3622] Building C object libs/libc/CMakeFiles/c.dir/signal/sig_killpg.c.o
[959/3622] Building C object libs/libc/CMakeFiles/c.dir/signal/sig_orset.c.o
[960/3622] Building C object libs/libc/CMakeFiles/c.dir/signal/sig_ismember.c.o
[961/3622] Building C object libs/libc/CMakeFiles/c.dir/signal/sig_longjmp.c.o
[962/3622] Building C object libs/libc/CMakeFiles/c.dir/signal/sig_nandset.c.o
[963/3622] Building C object libs/libc/CMakeFiles/c.dir/signal/sig_pause.c.o
[964/3622] Building C object libs/libc/CMakeFiles/c.dir/signal/sig_relse.c.o
[965/3622] Building C object libs/libc/CMakeFiles/c.dir/signal/sig_wait.c.o
[966/3622] Building C object libs/libc/CMakeFiles/c.dir/signal/sig_raise.c.o
[967/3622] Building C object libs/libc/CMakeFiles/c.dir/signal/sig_xorset.c.o
[968/3622] Building C object libs/libc/CMakeFiles/c.dir/signal/sig_psignal.c.o
[969/3622] Building C object libs/libc/CMakeFiles/c.dir/signal/sig_ignore.c.o
[970/3622] Building C object libs/libc/CMakeFiles/c.dir/signal/sig_interrupt.c.o
[971/3622] Building C object libs/libc/CMakeFiles/c.dir/signal/sig_set.c.o
[972/3622] Building C object libs/libc/CMakeFiles/c.dir/signal/sig_signal.c.o
[973/3622] Building C object libs/libc/CMakeFiles/c.dir/spawn/lib_psfa_addaction.c.o
[974/3622] Building C object libs/libc/CMakeFiles/c.dir/spawn/lib_psfa_addclose.c.o
[975/3622] Building C object libs/libc/CMakeFiles/c.dir/spawn/lib_psfa_destroy.c.o
[976/3622] Building C object libs/libc/CMakeFiles/c.dir/spawn/lib_psfa_addopen.c.o
[977/3622] Building C object libs/libc/CMakeFiles/c.dir/spawn/lib_psfa_adddup2.c.o
[978/3622] Building C object libs/libc/CMakeFiles/c.dir/spawn/lib_psfa_init.c.o
[979/3622] Building C object libs/libc/CMakeFiles/c.dir/spawn/lib_psa_getflags.c.o
[980/3622] Building C object libs/libc/CMakeFiles/c.dir/spawn/lib_psa_getschedparam.c.o
[981/3622] Building C object libs/libc/CMakeFiles/c.dir/spawn/lib_psa_getschedpolicy.c.o
[982/3622] Building C object libs/libc/CMakeFiles/c.dir/spawn/lib_psa_setflags.c.o
[983/3622] Building C object libs/libc/CMakeFiles/c.dir/spawn/lib_psa_setschedparam.c.o
[984/3622] Building C object libs/libc/CMakeFiles/c.dir/spawn/lib_psa_setschedpolicy.c.o
[985/3622] Building C object libs/libc/CMakeFiles/c.dir/spawn/lib_psa_getsigmask.c.o
[986/3622] Building C object libs/libc/CMakeFiles/c.dir/spawn/lib_psa_init.c.o
[987/3622] Building C object libs/libc/CMakeFiles/c.dir/spawn/lib_psa_setsigmask.c.o
[988/3622] Building C object libs/libc/CMakeFiles/c.dir/spawn/lib_psa_getstacksize.c.o
[989/3622] Building C object libs/libc/CMakeFiles/c.dir/spawn/lib_psa_setstacksize.c.o
[990/3622] Building C object libs/libc/CMakeFiles/c.dir/spawn/lib_psa_getpriority.c.o
[991/3622] Building C object libs/libc/CMakeFiles/c.dir/spawn/lib_psa_setpriority.c.o
[992/3622] Building C object libs/libc/CMakeFiles/c.dir/regex/regcomp.c.o
[993/3622] Building C object libs/libc/CMakeFiles/c.dir/spawn/lib_psa_getheapsize.c.o
[994/3622] Building C object libs/libc/CMakeFiles/c.dir/spawn/lib_psa_setheapsize.c.o
[995/3622] Building C object libs/libc/CMakeFiles/c.dir/spawn/lib_psa_destroy.c.o
[996/3622] Building C object libs/libc/CMakeFiles/c.dir/stdio/lib_fileno.c.o
[997/3622] Building C object libs/libc/CMakeFiles/c.dir/stdio/lib_sprintf.c.o
[998/3622] Building C object libs/libc/CMakeFiles/c.dir/stdio/lib_printf.c.o
[999/3622] Building C object libs/libc/CMakeFiles/c.dir/spawn/lib_psfa_dump.c.o
[1000/3622] Building C object libs/libc/CMakeFiles/c.dir/stdio/lib_asprintf.c.o
[1001/3622] Building C object libs/libc/CMakeFiles/c.dir/spawn/lib_psa_dump.c.o
[1002/3622] Building C object libs/libc/CMakeFiles/c.dir/stdio/lib_snprintf.c.o
[1003/3622] Building C object libs/libc/CMakeFiles/c.dir/stdio/lib_vsprintf.c.o
[1004/3622] Building C object libs/libc/CMakeFiles/c.dir/stdio/lib_vsnprintf.c.o
[1005/3622] Building C object libs/libc/CMakeFiles/c.dir/stdio/lib_dprintf.c.o
[1006/3622] Building C object libs/libc/CMakeFiles/c.dir/stdio/lib_vdprintf.c.o
[1007/3622] Building C object libs/libc/CMakeFiles/c.dir/stdio/lib_vprintf.c.o
[1008/3622] Building C object libs/libc/CMakeFiles/c.dir/stdio/lib_perror.c.o
[1009/3622] Building C object libs/libc/CMakeFiles/c.dir/stdio/lib_vasprintf.c.o
[1010/3622] Building C object libs/libc/CMakeFiles/c.dir/stdio/lib_putchar.c.o
[1011/3622] Building C object libs/libc/CMakeFiles/c.dir/stdio/lib_getchar.c.o
[1012/3622] Building C object libs/libc/CMakeFiles/c.dir/stdio/lib_gets_s.c.o
[1013/3622] Building C object libs/libc/CMakeFiles/c.dir/stdio/lib_gets.c.o
[1014/3622] Building C object libs/libc/CMakeFiles/c.dir/stdio/lib_puts.c.o
[1015/3622] Building C object libs/libc/CMakeFiles/c.dir/stdio/lib_sscanf.c.o
[1016/3622] Building C object libs/libc/CMakeFiles/c.dir/stdio/lib_vsscanf.c.o
[1017/3622] Building C object libs/libc/CMakeFiles/c.dir/stdio/lib_tempnam.c.o
[1018/3622] Building C object libs/libc/CMakeFiles/c.dir/stdio/lib_remove.c.o
[1019/3622] Building C object libs/libc/CMakeFiles/c.dir/stdio/lib_libdgets.c.o
[1020/3622] Building C object libs/libc/CMakeFiles/c.dir/stdio/lib_tmpnam.c.o
[1021/3622] Building C object libs/libc/CMakeFiles/c.dir/stdio/lib_renameat.c.o
[1022/3622] Building C object libs/libc/CMakeFiles/c.dir/stdio/lib_putwchar.c.o
[1023/3622] Building C object libs/libc/CMakeFiles/c.dir/stdio/lib_fread.c.o
[1024/3622] Building C object libs/libc/CMakeFiles/c.dir/stdio/lib_freopen.c.o
[1025/3622] Building C object libs/libc/CMakeFiles/c.dir/stdio/lib_fseek.c.o
[1026/3622] Building C object libs/libc/CMakeFiles/c.dir/stdio/lib_ftell.c.o
[1027/3622] Building C object libs/libc/CMakeFiles/c.dir/stdio/lib_fclose.c.o
[1028/3622] Building C object libs/libc/CMakeFiles/c.dir/stdio/lib_fopen.c.o
[1029/3622] Building C object libs/libc/CMakeFiles/c.dir/stdio/lib_libfread_unlocked.c.o
[1030/3622] Building C object libs/libc/CMakeFiles/c.dir/stdio/lib_fseeko.c.o
[1031/3622] Building C object libs/libc/CMakeFiles/c.dir/stdio/lib_fsetpos.c.o
[1032/3622] Building C object libs/libc/CMakeFiles/c.dir/stdio/lib_ftello.c.o
[1033/3622] Building C object libs/libc/CMakeFiles/c.dir/stdio/lib_getc.c.o
[1034/3622] Building C object libs/libc/CMakeFiles/c.dir/stdio/lib_fgetpos.c.o
[1035/3622] Building C object libs/libc/CMakeFiles/c.dir/stdio/lib_getdelim.c.o
[1036/3622] Building C object libs/libc/CMakeFiles/c.dir/stdio/lib_fgetc.c.o
[1037/3622] Building C object libs/libc/CMakeFiles/c.dir/stdio/lib_fgets.c.o
[1038/3622] Building C object libs/libc/CMakeFiles/c.dir/stdio/lib_fwrite.c.o
[1039/3622] Building C object libs/libc/CMakeFiles/c.dir/stdio/lib_libfgets.c.o
[1040/3622] Building C object libs/libc/CMakeFiles/c.dir/stdio/lib_fflush.c.o
[1041/3622] Building C object libs/libc/CMakeFiles/c.dir/stdio/lib_libfwrite.c.o
[1042/3622] Building C object libs/libc/CMakeFiles/c.dir/stdio/lib_wrflush_unlocked.c.o
[1043/3622] Building C object libs/libc/CMakeFiles/c.dir/stdio/lib_rdflush_unlocked.c.o
[1044/3622] Building C object libs/libc/CMakeFiles/c.dir/stdio/lib_libfflush.c.o
[1045/3622] Building C object libs/libc/CMakeFiles/c.dir/stdio/lib_putc.c.o
[1046/3622] Building C object libs/libc/CMakeFiles/c.dir/stdio/lib_libflushall.c.o
[1047/3622] Building C object libs/libc/CMakeFiles/c.dir/stdio/lib_fputc.c.o
[1048/3622] Building C object libs/libc/CMakeFiles/c.dir/stdio/lib_fprintf.c.o
[1049/3622] Building C object libs/libc/CMakeFiles/c.dir/stdio/lib_ungetc.c.o
[1050/3622] Building C object libs/libc/CMakeFiles/c.dir/stdio/lib_fputs.c.o
[1051/3622] Building C object libs/libc/CMakeFiles/c.dir/stdio/lib_vfprintf.c.o
[1052/3622] Building C object libs/libc/CMakeFiles/c.dir/stdio/lib_feof.c.o
[1053/3622] Building C object libs/libc/CMakeFiles/c.dir/stdio/lib_ferror.c.o
[1054/3622] Building C object libs/libc/CMakeFiles/c.dir/stdio/lib_rewind.c.o
[1055/3622] Building C object libs/libc/CMakeFiles/c.dir/stdio/lib_clearerr.c.o
[1056/3622] Building C object libs/libc/CMakeFiles/c.dir/stdio/lib_scanf.c.o
[1057/3622] Building C object libs/libc/CMakeFiles/c.dir/stdio/lib_vscanf.c.o
[1058/3622] Building C object libs/libc/CMakeFiles/c.dir/stdio/lib_fscanf.c.o
[1059/3622] Building C object libs/libc/CMakeFiles/c.dir/stdio/lib_vfscanf.c.o
[1060/3622] Building C object libs/libc/CMakeFiles/c.dir/stdio/lib_setbuf.c.o
[1061/3622] Building C object libs/libc/CMakeFiles/c.dir/stdio/lib_tmpfile.c.o
[1062/3622] Building C object libs/libc/CMakeFiles/c.dir/stdio/lib_setvbuf.c.o
[1063/3622] Building C object libs/libc/CMakeFiles/c.dir/stdio/lib_libgetstreams.c.o
[1064/3622] Building C object libs/libc/CMakeFiles/c.dir/stdio/lib_setbuffer.c.o
[1065/3622] Building C object libs/libc/CMakeFiles/c.dir/stdio/lib_putwc.c.o
[1066/3622] Building C object libs/libc/CMakeFiles/c.dir/stdio/lib_fputwc.c.o
[1067/3622] Building C object libs/libc/CMakeFiles/c.dir/stdio/lib_fputws.c.o
[1068/3622] Building C object libs/libc/CMakeFiles/c.dir/stdio/lib_libfilelock.c.o
[1069/3622] Building C object libs/libc/CMakeFiles/c.dir/stdio/lib_fopencookie.c.o
[1070/3622] Building C object libs/libc/CMakeFiles/c.dir/stdlib/lib_abs.c.o
[1071/3622] Building C object libs/libc/CMakeFiles/c.dir/stdio/lib_getwc.c.o
[1072/3622] Building C object libs/libc/CMakeFiles/c.dir/stdio/lib_fgetwc.c.o
[1073/3622] Building C object libs/libc/CMakeFiles/c.dir/stdio/lib_ungetwc.c.o
[1074/3622] Building C object libs/libc/CMakeFiles/c.dir/stdlib/lib_atof.c.o
[1075/3622] Building C object libs/libc/CMakeFiles/c.dir/stdio/lib_open_memstream.c.o
[1076/3622] Building C object libs/libc/CMakeFiles/c.dir/stdio/lib_fmemopen.c.o
[1077/3622] Building C object libs/libc/CMakeFiles/c.dir/stdlib/lib_abort.c.o
[1078/3622] Building C object libs/libc/CMakeFiles/c.dir/stdlib/lib_atoi.c.o
[1079/3622] Building C object libs/libc/CMakeFiles/c.dir/stdlib/lib_atol.c.o
[1080/3622] Building C object libs/libc/CMakeFiles/c.dir/stdlib/lib_atoll.c.o
[1081/3622] Building C object libs/libc/CMakeFiles/c.dir/stdlib/lib_div.c.o
[1082/3622] Building C object libs/libc/CMakeFiles/c.dir/stdlib/lib_getprogname.c.o
[1083/3622] Building C object libs/libc/CMakeFiles/c.dir/stdlib/lib_ldiv.c.o
[1084/3622] Building C object libs/libc/CMakeFiles/c.dir/stdlib/lib_lldiv.c.o
[1085/3622] Building C object libs/libc/CMakeFiles/c.dir/stdlib/lib_itoa.c.o
[1086/3622] Building C object libs/libc/CMakeFiles/c.dir/stdlib/lib_labs.c.o
[1087/3622] Building C object libs/libc/CMakeFiles/c.dir/stdlib/lib_llabs.c.o
[1088/3622] Building C object libs/libc/CMakeFiles/c.dir/stdlib/lib_exit.c.o
[1089/3622] Building C object libs/libc/CMakeFiles/c.dir/stdlib/lib_bsearch.c.o
[1090/3622] Building C object libs/libc/CMakeFiles/c.dir/stdlib/lib_rand.c.o
[1091/3622] Building C object libs/libc/CMakeFiles/c.dir/stdlib/lib_reallocarray.c.o
[1092/3622] Building C object libs/libc/CMakeFiles/c.dir/stdlib/lib_realpath.c.o
[1093/3622] Building C object libs/libc/CMakeFiles/c.dir/stdlib/lib_strtol.c.o
[1094/3622] Building C object libs/libc/CMakeFiles/c.dir/stdlib/lib_srand.c.o
[1095/3622] Building C object libs/libc/CMakeFiles/c.dir/stdlib/lib_rand48.c.o
[1096/3622] Building C object libs/libc/CMakeFiles/c.dir/stdlib/lib_strtoll.c.o
[1097/3622] Building C object libs/libc/CMakeFiles/c.dir/stdlib/lib_qsort.c.o
[1098/3622] Building C object libs/libc/CMakeFiles/c.dir/stdlib/lib_strtoul.c.o
[1099/3622] Building C object libs/libc/CMakeFiles/c.dir/stdlib/lib_strtoull.c.o
[1100/3622] Building C object libs/libc/CMakeFiles/c.dir/stdlib/lib_checkbase.c.o
[1101/3622] Building C object libs/libc/CMakeFiles/c.dir/stdlib/lib_aligned_alloc.c.o
[1102/3622] Building C object libs/libc/CMakeFiles/c.dir/stdlib/lib_mkstemp.c.o
[1103/3622] Building C object libs/libc/CMakeFiles/c.dir/stdlib/lib_mkdtemp.c.o
[1104/3622] Building C object libs/libc/CMakeFiles/c.dir/stdlib/lib_posix_memalign.c.o
[1105/3622] Building C object libs/libc/CMakeFiles/c.dir/stdlib/lib_mblen.c.o
[1106/3622] Building C object libs/libc/CMakeFiles/c.dir/stdlib/lib_mktemp.c.o
[1107/3622] Building C object libs/libc/CMakeFiles/c.dir/stdlib/lib_mbtowc.c.o
[1108/3622] Building C object libs/libc/CMakeFiles/c.dir/stdlib/lib_wctomb.c.o
[1109/3622] Building C object libs/libc/CMakeFiles/c.dir/stdlib/lib_mbstowcs.c.o
[1110/3622] Building C object libs/libc/CMakeFiles/c.dir/stdlib/lib_valloc.c.o
[1111/3622] Building C object libs/libc/CMakeFiles/c.dir/stdlib/lib_wcstombs.c.o
[1112/3622] Building C object libs/libc/CMakeFiles/c.dir/stdlib/lib_arc4random.c.o
[1113/3622] Building C object libs/libc/CMakeFiles/c.dir/stdlib/lib_atexit.c.o
[1114/3622] Building C object libs/libc/CMakeFiles/c.dir/stream/lib_memoutstream.c.o
[1115/3622] Building C object libs/libc/CMakeFiles/c.dir/stream/lib_meminstream.c.o
[1116/3622] Building C object libs/libc/CMakeFiles/c.dir/stream/lib_memsistream.c.o
[1117/3622] Building C object libs/libc/CMakeFiles/c.dir/stream/lib_memsostream.c.o
[1118/3622] Building C object libs/libc/CMakeFiles/c.dir/stdlib/lib_strtold.c.o
[1119/3622] Building C object libs/libc/CMakeFiles/c.dir/stream/lib_lowoutstream.c.o
[1120/3622] Building C object libs/libc/CMakeFiles/c.dir/stream/lib_rawinstream.c.o
[1121/3622] Building C object libs/libc/CMakeFiles/c.dir/stream/lib_zeroinstream.c.o
[1122/3622] Building C object libs/libc/CMakeFiles/c.dir/stream/lib_rawoutstream.c.o
[1123/3622] Building C object libs/libc/CMakeFiles/c.dir/stream/lib_nulloutstream.c.o
[1124/3622] Building C object libs/libc/CMakeFiles/c.dir/stream/lib_rawsistream.c.o
[1125/3622] Building C object libs/libc/CMakeFiles/c.dir/stream/lib_rawsostream.c.o
[1126/3622] Building C object libs/libc/CMakeFiles/c.dir/stream/lib_libnoflush.c.o
[1127/3622] Building C object libs/libc/CMakeFiles/c.dir/stream/lib_libsnoflush.c.o
[1128/3622] Building C object libs/libc/CMakeFiles/c.dir/stream/lib_mtdoutstream.c.o
[1129/3622] Building C object libs/libc/CMakeFiles/c.dir/stream/lib_syslogstream.c.o
[1130/3622] Building C object libs/libc/CMakeFiles/c.dir/stream/lib_bufferedoutstream.c.o
[1131/3622] Building C object libs/libc/CMakeFiles/c.dir/stream/lib_mtdsostream.c.o
[1132/3622] Building C object libs/libc/CMakeFiles/c.dir/stream/lib_hexdumpstream.c.o
[1133/3622] Building C object libs/libc/CMakeFiles/c.dir/stream/lib_base64outstream.c.o
[1134/3622] Building C object libs/libc/CMakeFiles/c.dir/stream/lib_filesistream.c.o
[1135/3622] Building C object libs/libc/CMakeFiles/c.dir/stream/lib_fileoutstream.c.o
[1136/3622] Building C object libs/libc/CMakeFiles/c.dir/stream/lib_ultoa_invert.c.o
[1137/3622] Building C object libs/libc/CMakeFiles/c.dir/stream/lib_dtoa_data.c.o
[1138/3622] Building C object libs/libc/CMakeFiles/c.dir/stream/lib_libbsprintf.c.o
[1139/3622] Building C object libs/libc/CMakeFiles/c.dir/stream/lib_syslograwstream.c.o
[1140/3622] Building C object libs/libc/CMakeFiles/c.dir/stream/lib_libosprintf.c.o
[1141/3622] Building C object libs/libc/CMakeFiles/c.dir/stream/lib_dtoa_engine.c.o
[1142/3622] Building C object libs/libc/CMakeFiles/c.dir/stream/lib_stdinstream.c.o
[1143/3622] Building C object libs/libc/CMakeFiles/c.dir/stream/lib_stdoutstream.c.o
[1144/3622] Building C object libs/libc/CMakeFiles/c.dir/stream/lib_stdsistream.c.o
[1145/3622] Building C object libs/libc/CMakeFiles/c.dir/string/lib_bzero.c.o
[1146/3622] Building C object libs/libc/CMakeFiles/c.dir/stream/lib_stdsostream.c.o
[1147/3622] Building C object libs/libc/CMakeFiles/c.dir/string/lib_isbasedigit.c.o
[1148/3622] Building C object libs/libc/CMakeFiles/c.dir/string/lib_popcount.c.o
[1149/3622] Building C object libs/libc/CMakeFiles/c.dir/string/lib_popcountl.c.o
[1150/3622] Building C object libs/libc/CMakeFiles/c.dir/string/lib_popcountll.c.o
[1151/3622] Building C object libs/libc/CMakeFiles/c.dir/stream/lib_blkoutstream.c.o
[1152/3622] Building C object libs/libc/CMakeFiles/c.dir/string/lib_memmem.c.o
[1153/3622] Building C object libs/libc/CMakeFiles/c.dir/string/lib_skipspace.c.o
[1154/3622] Building C object libs/libc/CMakeFiles/c.dir/stream/lib_libvscanf.c.o
[1155/3622] Building C object libs/libc/CMakeFiles/c.dir/string/lib_strcspn.c.o
[1156/3622] Building C object libs/libc/CMakeFiles/c.dir/string/lib_strcasecmp.c.o
[1157/3622] Building C object libs/libc/CMakeFiles/c.dir/string/lib_strerror.c.o
[1158/3622] Building C object libs/libc/CMakeFiles/c.dir/string/lib_strdup.c.o
[1159/3622] Building C object libs/libc/CMakeFiles/c.dir/string/lib_strncasecmp.c.o
[1160/3622] Building C object libs/libc/CMakeFiles/c.dir/stream/lib_libvsprintf.c.o
[1161/3622] Building C object libs/libc/CMakeFiles/c.dir/string/lib_strpbrk.c.o
[1162/3622] Building C object libs/libc/CMakeFiles/c.dir/string/lib_strncat.c.o
[1163/3622] Building C object libs/libc/CMakeFiles/c.dir/string/lib_strcasestr.c.o
[1164/3622] Building C object libs/libc/CMakeFiles/c.dir/string/lib_strspn.c.o
[1165/3622] Building C object libs/libc/CMakeFiles/c.dir/string/lib_strndup.c.o
[1166/3622] Building C object libs/libc/CMakeFiles/c.dir/string/lib_strsep.c.o
[1167/3622] Building C object libs/libc/CMakeFiles/c.dir/string/lib_strtokr.c.o
[1168/3622] Building C object libs/libc/CMakeFiles/c.dir/string/lib_strerrorr.c.o
[1169/3622] Building C object libs/libc/CMakeFiles/c.dir/string/lib_explicit_bzero.c.o
[1170/3622] Building C object libs/libc/CMakeFiles/c.dir/string/lib_strstr.c.o
[1171/3622] Building C object libs/libc/CMakeFiles/c.dir/string/lib_strtok.c.o
[1172/3622] Building C object libs/libc/CMakeFiles/c.dir/string/lib_index.c.o
[1173/3622] Building C object libs/libc/CMakeFiles/c.dir/string/lib_strsignal.c.o
[1174/3622] Building C object libs/libc/CMakeFiles/c.dir/string/lib_rindex.c.o
[1175/3622] Building C object libs/libc/CMakeFiles/c.dir/string/lib_mempcpy.c.o
[1176/3622] Building C object libs/libc/CMakeFiles/c.dir/string/lib_timingsafe_bcmp.c.o
[1177/3622] Building C object libs/libc/CMakeFiles/c.dir/string/lib_rawmemchr.c.o
[1178/3622] Building C object libs/libc/CMakeFiles/c.dir/string/lib_strverscmp.c.o
[1179/3622] Building C object libs/libc/CMakeFiles/c.dir/string/lib_memmove.c.o
[1180/3622] Building C object libs/libc/CMakeFiles/c.dir/string/lib_strlcat.c.o
[1181/3622] Building C object libs/libc/CMakeFiles/c.dir/string/lib_strlcpy.c.o
[1182/3622] Building C object libs/libc/CMakeFiles/c.dir/string/lib_strnlen.c.o
[1183/3622] Building C object libs/libc/CMakeFiles/c.dir/string/lib_bsdmemcmp.c.o
[1184/3622] Building C object libs/libc/CMakeFiles/c.dir/string/lib_bsdmemcpy.c.o
[1185/3622] Building C object libs/libc/CMakeFiles/c.dir/string/lib_bsdmemccpy.c.o
[1186/3622] Building C object libs/libc/CMakeFiles/c.dir/string/lib_bsdmemrchr.c.o
[1187/3622] Building C object libs/libc/CMakeFiles/c.dir/string/lib_bsdmemset.c.o
[1188/3622] Building C object libs/libc/CMakeFiles/c.dir/string/lib_bsdstpncpy.c.o
[1189/3622] Building C object libs/libc/CMakeFiles/c.dir/string/lib_bsdstrcmp.c.o
[1190/3622] Building C object libs/libc/CMakeFiles/c.dir/string/lib_bsdstrchr.c.o
[1191/3622] Building C object libs/libc/CMakeFiles/c.dir/string/lib_bsdstrlen.c.o
[1192/3622] Building C object libs/libc/CMakeFiles/c.dir/string/lib_bsdstrncpy.c.o
[1193/3622] Building C object libs/libc/CMakeFiles/c.dir/string/lib_bsdmemchr.c.o
[1194/3622] Building C object libs/libc/CMakeFiles/c.dir/string/lib_bsdstpcpy.c.o
[1195/3622] Building C object libs/libc/CMakeFiles/c.dir/string/lib_bsdstrcat.c.o
[1196/3622] Building C object libs/libc/CMakeFiles/c.dir/string/lib_bsdstrchrnul.c.o
[1197/3622] Building C object libs/libc/CMakeFiles/c.dir/string/lib_bsdstrcpy.c.o
[1198/3622] Building C object libs/libc/CMakeFiles/c.dir/string/lib_bsdstrrchr.c.o
[1199/3622] Building C object libs/libc/CMakeFiles/c.dir/symtab/symtab_sortbyname.c.o
[1200/3622] Building C object libs/libc/CMakeFiles/c.dir/string/lib_bsdstrncmp.c.o
[1201/3622] Building C object libs/libc/CMakeFiles/c.dir/symtab/symtab_findbyname.c.o
[1202/3622] Building C object libs/libc/CMakeFiles/c.dir/symtab/symtab_findbyvalue.c.o
[1203/3622] Building C object libs/libc/CMakeFiles/c.dir/syslog/lib_setlogmask.c.o
[1204/3622] Building C object libs/libc/CMakeFiles/c.dir/termios/lib_cfmakeraw.c.o
[1205/3622] Building C object libs/libc/CMakeFiles/c.dir/termios/lib_cfspeed.c.o
[1206/3622] Building C object libs/libc/CMakeFiles/c.dir/termios/lib_tcflush.c.o
[1207/3622] Building C object libs/libc/CMakeFiles/c.dir/syslog/lib_syslog.c.o
[1208/3622] Building C object libs/libc/CMakeFiles/c.dir/termios/lib_tcdrain.c.o
[1209/3622] Building C object libs/libc/CMakeFiles/c.dir/termios/lib_isatty.c.o
[1210/3622] Building C object libs/libc/CMakeFiles/c.dir/termios/lib_tcflow.c.o
[1211/3622] Building C object libs/libc/CMakeFiles/c.dir/termios/lib_tcgetattr.c.o
[1212/3622] Building C object libs/libc/CMakeFiles/c.dir/termios/lib_tcsetattr.c.o
[1213/3622] Building C object libs/libc/CMakeFiles/c.dir/termios/lib_tcsendbreak.c.o
[1214/3622] Building C object libs/libc/CMakeFiles/c.dir/time/lib_daysbeforemonth.c.o
[1215/3622] Building C object libs/libc/CMakeFiles/c.dir/termios/lib_ttyname.c.o
[1216/3622] Building C object libs/libc/CMakeFiles/c.dir/termios/lib_ttynamer.c.o
[1217/3622] Building C object libs/libc/CMakeFiles/c.dir/time/lib_calendar2utc.c.o
[1218/3622] Building C object libs/libc/CMakeFiles/c.dir/time/lib_isleapyear.c.o
[1219/3622] Building C object libs/libc/CMakeFiles/c.dir/time/lib_gettimeofday.c.o
[1220/3622] Building C object libs/libc/CMakeFiles/c.dir/time/lib_settimeofday.c.o
[1221/3622] Building C object libs/libc/CMakeFiles/c.dir/time/lib_timespec_get.c.o
[1222/3622] Building C object libs/libc/CMakeFiles/c.dir/time/lib_time.c.o
[1223/3622] Building C object libs/libc/CMakeFiles/c.dir/time/lib_nanosleep.c.o
[1224/3622] Building C object libs/libc/CMakeFiles/c.dir/time/lib_difftime.c.o
[1225/3622] Building C object libs/libc/CMakeFiles/c.dir/time/lib_dayofweek.c.o
[1226/3622] Building C object libs/libc/CMakeFiles/c.dir/time/lib_strftime.c.o
[1227/3622] Building C object libs/libc/CMakeFiles/c.dir/time/lib_ctime.c.o
[1228/3622] Building C object libs/libc/CMakeFiles/c.dir/time/lib_asctime.c.o
[1229/3622] Building C object libs/libc/CMakeFiles/c.dir/time/lib_asctimer.c.o
[1230/3622] Building C object libs/libc/CMakeFiles/c.dir/time/lib_ctimer.c.o
[1231/3622] Building C object libs/libc/CMakeFiles/c.dir/time/lib_gethrtime.c.o
[1232/3622] Building C object libs/libc/CMakeFiles/c.dir/tls/task_tls.c.o
[1233/3622] Building C object libs/libc/CMakeFiles/c.dir/tls/task_tls_destruct.c.o
[1234/3622] Building C object libs/libc/CMakeFiles/c.dir/time/lib_gmtime.c.o
[1235/3622] Building C object libs/libc/CMakeFiles/c.dir/time/lib_timegm.c.o
[1236/3622] Building C object libs/libc/CMakeFiles/c.dir/tls/tls_getinfo.c.o
[1237/3622] Building C object libs/libc/CMakeFiles/c.dir/time/lib_gmtimer.c.o
[1238/3622] Building C object libs/libc/CMakeFiles/c.dir/tls/tls_destruct.c.o
[1239/3622] Building C object libs/libc/CMakeFiles/c.dir/time/lib_strptime.c.o
[1240/3622] Building C object libs/libc/CMakeFiles/c.dir/uio/lib_preadv.c.o
[1241/3622] Building C object libs/libc/CMakeFiles/c.dir/uio/lib_pwritev.c.o
[1242/3622] Building C object libs/libc/CMakeFiles/c.dir/unistd/lib_daemon.c.o
[1243/3622] Building C object libs/libc/CMakeFiles/c.dir/unistd/lib_access.c.o
[1244/3622] Building C object libs/libc/CMakeFiles/c.dir/unistd/lib_swab.c.o
[1245/3622] Building C object libs/libc/CMakeFiles/c.dir/unistd/lib_pathconf.c.o
[1246/3622] Building C object libs/libc/CMakeFiles/c.dir/unistd/lib_sysconf.c.o
[1247/3622] Building C object libs/libc/CMakeFiles/c.dir/unistd/lib_getcwd.c.o
[1248/3622] Building C object libs/libc/CMakeFiles/c.dir/unistd/lib_getentropy.c.o
[1249/3622] Building C object libs/libc/CMakeFiles/c.dir/unistd/lib_getopt.c.o
[1250/3622] Building C object libs/libc/CMakeFiles/c.dir/unistd/lib_getopt_long.c.o
[1251/3622] Building C object libs/libc/CMakeFiles/c.dir/unistd/lib_getopt_longonly.c.o
[1252/3622] Building C object libs/libc/CMakeFiles/c.dir/unistd/lib_getoptvars.c.o
[1253/3622] Building C object libs/libc/CMakeFiles/c.dir/unistd/lib_getoptargp.c.o
[1254/3622] Building C object libs/libc/CMakeFiles/c.dir/unistd/lib_getopt_common.c.o
[1255/3622] Building C object libs/libc/CMakeFiles/c.dir/unistd/lib_getopterrp.c.o
[1256/3622] Building C object libs/libc/CMakeFiles/c.dir/unistd/lib_times.c.o
[1257/3622] Building C object libs/libc/CMakeFiles/c.dir/unistd/lib_getoptindp.c.o
[1258/3622] Building C object libs/libc/CMakeFiles/c.dir/unistd/lib_fstatvfs.c.o
[1259/3622] Building C object libs/libc/CMakeFiles/c.dir/unistd/lib_getoptoptp.c.o
[1260/3622] Building C object libs/libc/CMakeFiles/c.dir/unistd/lib_alarm.c.o
[1261/3622] Building C object libs/libc/CMakeFiles/c.dir/unistd/lib_statvfs.c.o
[1262/3622] Building C object libs/libc/CMakeFiles/c.dir/unistd/lib_getrusage.c.o
[1263/3622] Building C object libs/libc/CMakeFiles/c.dir/unistd/lib_utime.c.o
[1264/3622] Building C object libs/libc/CMakeFiles/c.dir/unistd/lib_sleep.c.o
[1265/3622] Building C object libs/libc/CMakeFiles/c.dir/unistd/lib_nice.c.o
[1266/3622] Building C object libs/libc/CMakeFiles/c.dir/unistd/lib_setrlimit.c.o
[1267/3622] Building C object libs/libc/CMakeFiles/c.dir/unistd/lib_setreuid.c.o
[1268/3622] Building C object libs/libc/CMakeFiles/c.dir/unistd/lib_setregid.c.o
[1269/3622] Building C object libs/libc/CMakeFiles/c.dir/unistd/lib_utimes.c.o
[1270/3622] Building C object libs/libc/CMakeFiles/c.dir/unistd/lib_futimes.c.o
[1271/3622] Building C object libs/libc/CMakeFiles/c.dir/unistd/lib_lutimes.c.o
[1272/3622] Building C object libs/libc/CMakeFiles/c.dir/unistd/lib_gethostname.c.o
[1273/3622] Building C object libs/libc/CMakeFiles/c.dir/unistd/lib_getpriority.c.o
[1274/3622] Building C object libs/libc/CMakeFiles/c.dir/unistd/lib_getrlimit.c.o
[1275/3622] Building C object libs/libc/CMakeFiles/c.dir/unistd/lib_sethostname.c.o
[1276/3622] Building C object libs/libc/CMakeFiles/c.dir/unistd/lib_setpriority.c.o
[1277/3622] Building C object libs/libc/CMakeFiles/c.dir/unistd/lib_fchownat.c.o
[1278/3622] Building C object libs/libc/CMakeFiles/c.dir/unistd/lib_readlinkat.c.o
[1279/3622] Building C object libs/libc/CMakeFiles/c.dir/unistd/lib_linkat.c.o
[1280/3622] Building C object libs/libc/CMakeFiles/c.dir/unistd/lib_symlinkat.c.o
[1281/3622] Building C object libs/libc/CMakeFiles/c.dir/unistd/lib_getpgrp.c.o
[1282/3622] Building C object libs/libc/CMakeFiles/c.dir/unistd/lib_getpgid.c.o
[1283/3622] Building C object libs/libc/CMakeFiles/c.dir/unistd/lib_usleep.c.o
[1284/3622] Building C object libs/libc/CMakeFiles/c.dir/unistd/lib_unlinkat.c.o
[1285/3622] Building C object libs/libc/CMakeFiles/c.dir/unistd/lib_lockf.c.o
[1286/3622] Building C object libs/libc/CMakeFiles/c.dir/unistd/lib_ulimit.c.o
[1287/3622] Building C object libs/libc/CMakeFiles/c.dir/unistd/lib_flock.c.o
[1288/3622] Building C object libs/libc/CMakeFiles/c.dir/unistd/lib_confstr.c.o
[1289/3622] Building C object libs/libc/CMakeFiles/c.dir/unistd/lib_setuid.c.o
[1290/3622] Building C object libs/libc/CMakeFiles/c.dir/unistd/lib_setgid.c.o
[1291/3622] Building C object libs/libc/CMakeFiles/c.dir/unistd/lib_getuid.c.o
[1292/3622] Building C object libs/libc/CMakeFiles/c.dir/unistd/lib_getpass.c.o
[1293/3622] Building C object libs/libc/CMakeFiles/c.dir/unistd/lib_getgid.c.o
[1294/3622] Building C object libs/libc/CMakeFiles/c.dir/unistd/lib_seteuid.c.o
[1295/3622] Building C object libs/libc/CMakeFiles/c.dir/unistd/lib_setegid.c.o
[1296/3622] Building C object libs/libc/CMakeFiles/c.dir/unistd/lib_geteuid.c.o
[1297/3622] Building C object libs/libc/CMakeFiles/c.dir/unistd/lib_getegid.c.o
[1298/3622] Building C object libs/libc/CMakeFiles/c.dir/unistd/lib_fchdir.c.o
[1299/3622] Building C object libs/libc/CMakeFiles/c.dir/unistd/lib_chdir.c.o
[1300/3622] Building C object libs/libc/CMakeFiles/c.dir/unistd/lib_restoredir.c.o
[1301/3622] Building C object libs/libc/CMakeFiles/c.dir/unistd/lib_execl.c.o
[1302/3622] Building C object libs/libc/CMakeFiles/c.dir/unistd/lib_execv.c.o
[1303/3622] Building C object libs/libc/CMakeFiles/c.dir/unistd/lib_truncate.c.o
[1304/3622] Building C object libs/libc/CMakeFiles/c.dir/unistd/lib_execle.c.o
[1305/3622] Building C object libs/libc/CMakeFiles/c.dir/unistd/lib_posix_fallocate.c.o
[1306/3622] Building C object libs/libc/CMakeFiles/c.dir/unistd/lib_crypt.c.o
[1307/3622] Building C object libs/libc/CMakeFiles/c.dir/unistd/lib_fork.c.o
[1308/3622] Building C object libs/libc/CMakeFiles/c.dir/unistd/lib_pipe.c.o
[1309/3622] Building C object libs/libc/CMakeFiles/c.dir/uuid/lib_uuid_create.c.o
[1310/3622] Building C object libs/libc/CMakeFiles/c.dir/uuid/lib_uuid_create_nil.c.o
[1311/3622] Building C object libs/libc/CMakeFiles/c.dir/uuid/lib_uuid_compare.c.o
[1312/3622] Building C object libs/libc/CMakeFiles/c.dir/uuid/lib_uuid_equal.c.o
[1313/3622] Building C object libs/libc/CMakeFiles/c.dir/uuid/lib_uuid_hash.c.o
[1314/3622] Building C object libs/libc/CMakeFiles/c.dir/unistd/lib_crypt_r.c.o
[1315/3622] Building C object libs/libc/CMakeFiles/c.dir/uuid/lib_uuid_from_string.c.o
[1316/3622] Building C object libs/libc/CMakeFiles/c.dir/uuid/lib_uuid_is_nil.c.o
[1317/3622] Building C object libs/libc/CMakeFiles/c.dir/uuid/lib_uuid_stream.c.o
[1318/3622] Building C object libs/libc/CMakeFiles/c.dir/wchar/lib_wcscmp.c.o
[1319/3622] Building C object libs/libc/CMakeFiles/c.dir/wchar/lib_wcslen.c.o
[1320/3622] Building C object libs/libc/CMakeFiles/c.dir/uuid/lib_uuid_to_string.c.o
[1321/3622] Building C object libs/libc/CMakeFiles/c.dir/wchar/lib_wmemchr.c.o
[1322/3622] Building C object libs/libc/CMakeFiles/c.dir/wchar/lib_wmemcmp.c.o
[1323/3622] Building C object libs/libc/CMakeFiles/c.dir/wchar/lib_wmemcpy.c.o
[1324/3622] Building C object libs/libc/CMakeFiles/c.dir/wchar/lib_wmemmove.c.o
[1325/3622] Building C object libs/libc/CMakeFiles/c.dir/wchar/lib_wmemset.c.o
[1326/3622] Building C object libs/libc/CMakeFiles/c.dir/wchar/lib_btowc.c.o
[1327/3622] Building C object libs/libc/CMakeFiles/c.dir/wchar/lib_wctob.c.o
[1328/3622] Building C object libs/libc/CMakeFiles/c.dir/wchar/lib_mbrtowc.c.o
[1329/3622] Building C object libs/libc/CMakeFiles/c.dir/wchar/lib_wcsxfrm.c.o
[1330/3622] Building C object libs/libc/CMakeFiles/c.dir/wchar/lib_wcslcpy.c.o
[1331/3622] Building C object libs/libc/CMakeFiles/c.dir/wchar/lib_wcsftime.c.o
[1332/3622] Building C object libs/libc/CMakeFiles/c.dir/wchar/lib_wcrtomb.c.o
[1333/3622] Building C object libs/libc/CMakeFiles/c.dir/wchar/lib_wcscoll.c.o
[1334/3622] Building C object libs/libc/CMakeFiles/c.dir/wchar/lib_wcstol.c.o
[1335/3622] Building C object libs/libc/CMakeFiles/c.dir/wchar/lib_wcstoll.c.o
[1336/3622] Building C object libs/libc/CMakeFiles/c.dir/wchar/lib_wcstoul.c.o
[1337/3622] Building C object libs/libc/CMakeFiles/c.dir/wchar/lib_wcstoull.c.o
[1338/3622] Building C object libs/libc/CMakeFiles/c.dir/wchar/lib_wcstold.c.o
[1339/3622] Building C object libs/libc/CMakeFiles/c.dir/wchar/lib_wcstof.c.o
[1340/3622] Building C object libs/libc/CMakeFiles/c.dir/wchar/lib_wcstod.c.o
[1341/3622] Building C object libs/libc/CMakeFiles/c.dir/wchar/lib_swprintf.c.o
[1342/3622] Building C object libs/libc/CMakeFiles/c.dir/wchar/lib_mbsnrtowcs.c.o
[1343/3622] Building C object libs/libc/CMakeFiles/c.dir/wchar/lib_wcsnrtombs.c.o
[1344/3622] Building C object libs/libc/CMakeFiles/c.dir/wchar/lib_mbsinit.c.o
[1345/3622] Building C object libs/libc/CMakeFiles/c.dir/wchar/lib_mbrlen.c.o
[1346/3622] Building C object libs/libc/CMakeFiles/c.dir/wchar/lib_mbsrtowcs.c.o
[1347/3622] Building C object libs/libc/CMakeFiles/c.dir/wchar/lib_wcsrtombs.c.o
[1348/3622] Building C object libs/libc/CMakeFiles/c.dir/wchar/lib_wcscpy.c.o
[1349/3622] Building C object libs/libc/CMakeFiles/c.dir/wchar/lib_wcscat.c.o
[1350/3622] Building C object libs/libc/CMakeFiles/c.dir/wchar/lib_wcslcat.c.o
[1351/3622] Building C object libs/libc/CMakeFiles/c.dir/wchar/lib_wcsncat.c.o
[1352/3622] Building C object libs/libc/CMakeFiles/c.dir/wchar/lib_wcschr.c.o
[1353/3622] Building C object libs/libc/CMakeFiles/c.dir/wchar/lib_wcsrchr.c.o
[1354/3622] Building C object libs/libc/CMakeFiles/c.dir/wchar/lib_wcsncmp.c.o
[1355/3622] Building C object libs/libc/CMakeFiles/c.dir/wchar/lib_wcsncpy.c.o
[1356/3622] Building C object libs/libc/CMakeFiles/c.dir/wchar/lib_wcscspn.c.o
[1357/3622] Building C object libs/libc/CMakeFiles/c.dir/wchar/lib_wcspbrk.c.o
[1358/3622] Building C object libs/libc/CMakeFiles/c.dir/wchar/lib_wcsspn.c.o
[1359/3622] Building C object libs/libc/CMakeFiles/c.dir/wchar/lib_wcstok.c.o
[1360/3622] Building C object libs/libc/CMakeFiles/c.dir/wchar/lib_wcswcs.c.o
[1361/3622] Building C object libs/libc/CMakeFiles/c.dir/wctype/lib_wctype.c.o
[1362/3622] Building C object libs/libc/CMakeFiles/c.dir/wchar/lib_wcswidth.c.o
[1363/3622] Building C object libs/libc/CMakeFiles/c.dir/wchar/lib_wcwidth.c.o
[1364/3622] Building C object libs/libc/CMakeFiles/c.dir/wchar/lib_wcsstr.c.o
[1365/3622] Building C object libs/libc/CMakeFiles/c.dir/wctype/lib_towlower.c.o
[1366/3622] Building C object libs/libc/CMakeFiles/c.dir/wctype/lib_towupper.c.o
[1367/3622] Building C object libs/libc/CMakeFiles/c.dir/wctype/lib_iswctype.c.o
[1368/3622] Building C object libs/libc/CMakeFiles/kc.dir/elf/elf_symtab.c.o
[1369/3622] Building C object libs/libc/CMakeFiles/kc.dir/elf/elf_sections.c.o
[1370/3622] Building C object libs/libc/CMakeFiles/kc.dir/elf/elf_uninit.c.o
[1371/3622] Building C object libs/libc/CMakeFiles/kc.dir/elf/elf_iobuffer.c.o
[1372/3622] Building C object libs/libc/CMakeFiles/kc.dir/elf/elf_verify.c.o
[1373/3622] Building C object libs/libc/CMakeFiles/kc.dir/elf/elf_loadhdrs.c.o
[1374/3622] Building C object libs/libc/CMakeFiles/kc.dir/elf/elf_read.c.o
[1375/3622] Building C object libs/libc/CMakeFiles/kc.dir/elf/elf_symbols.c.o
[1376/3622] Building C object libs/libc/CMakeFiles/kc.dir/elf/elf_load.c.o
[1377/3622] Building C object libs/libc/CMakeFiles/kc.dir/elf/elf_init.c.o
[1378/3622] Building C object libs/libc/CMakeFiles/kc.dir/elf/elf_unload.c.o
[1379/3622] Building C object libs/libc/CMakeFiles/kc.dir/elf/elf_gethandle.c.o
[1380/3622] Building C object libs/libc/CMakeFiles/kc.dir/elf/elf_getsymbol.c.o
[1381/3622] Building C object libs/libc/CMakeFiles/kc.dir/elf/elf_registry.c.o
[1382/3622] Building C object libs/libc/CMakeFiles/kc.dir/elf/elf_insert.c.o
[1383/3622] Building C object libs/libc/CMakeFiles/kc.dir/environ/env_getenvironptr.c.o
[1384/3622] Building C object libs/libc/CMakeFiles/kc.dir/elf/elf_remove.c.o
[1385/3622] Building C object libs/libc/CMakeFiles/kc.dir/environ/env_release.c.o
[1386/3622] Building C object libs/libc/CMakeFiles/kc.dir/environ/env_findvar.c.o
[1387/3622] Building C object libs/libc/CMakeFiles/kc.dir/environ/env_removevar.c.o
[1388/3622] Building C object libs/libc/CMakeFiles/kc.dir/environ/env_clearenv.c.o
[1389/3622] Building C object libs/libc/CMakeFiles/kc.dir/environ/env_dup.c.o
[1390/3622] Building C object libs/libc/CMakeFiles/kc.dir/environ/env_putenv.c.o
[1391/3622] Building C object libs/libc/CMakeFiles/kc.dir/assert/lib_stackchk.c.o
[1392/3622] Building C object libs/libc/CMakeFiles/kc.dir/errno/lib_errno.c.o
[1393/3622] Building C object libs/libc/CMakeFiles/kc.dir/environ/env_foreach.c.o
[1394/3622] Building C object libs/libc/CMakeFiles/kc.dir/ctype/lib_isalnum.c.o
[1395/3622] Building C object libs/libc/CMakeFiles/kc.dir/environ/env_getenv.c.o
[1396/3622] Building C object libs/libc/CMakeFiles/kc.dir/environ/env_unsetenv.c.o
[1397/3622] Building C object libs/libc/CMakeFiles/kc.dir/assert/lib_assert.c.o
[1398/3622] Building C object libs/libc/CMakeFiles/kc.dir/environ/env_setenv.c.o
[1399/3622] Building C object libs/libc/CMakeFiles/kc.dir/ctype/lib_isalpha.c.o
[1400/3622] Building C object libs/libc/CMakeFiles/kc.dir/ctype/lib_isascii.c.o
[1401/3622] Building C object libs/libc/CMakeFiles/kc.dir/ctype/lib_isblank.c.o
[1402/3622] Building C object libs/libc/CMakeFiles/kc.dir/ctype/lib_iscntrl.c.o
[1403/3622] Building C object libs/libc/CMakeFiles/kc.dir/ctype/lib_isdigit.c.o
[1404/3622] Building C object libs/libc/CMakeFiles/kc.dir/ctype/lib_isgraph.c.o
[1405/3622] Building C object libs/libc/CMakeFiles/kc.dir/ctype/lib_islower.c.o
[1406/3622] Building C object libs/libc/CMakeFiles/kc.dir/ctype/lib_isprint.c.o
[1407/3622] Building C object libs/libc/CMakeFiles/kc.dir/ctype/lib_ispunct.c.o
[1408/3622] Building C object libs/libc/CMakeFiles/kc.dir/ctype/lib_isspace.c.o
[1409/3622] Building C object libs/libc/CMakeFiles/kc.dir/ctype/lib_ctype.c.o
[1410/3622] Building C object libs/libc/CMakeFiles/kc.dir/ctype/lib_isupper.c.o
[1411/3622] Building C object libs/libc/CMakeFiles/kc.dir/ctype/lib_isxdigit.c.o
[1412/3622] Building C object libs/libc/CMakeFiles/kc.dir/ctype/lib_tolower.c.o
[1413/3622] Building C object libs/libc/CMakeFiles/kc.dir/ctype/lib_toupper.c.o
[1414/3622] Building C object libs/libc/CMakeFiles/kc.dir/dirent/lib_alphasort.c.o
[1415/3622] Building C object libs/libc/CMakeFiles/kc.dir/dirent/lib_ftw.c.o
[1416/3622] Building C object libs/libc/CMakeFiles/kc.dir/dirent/lib_scandir.c.o
[1417/3622] Building C object libs/libc/CMakeFiles/kc.dir/dirent/lib_readdirr.c.o
[1418/3622] Building C object libs/libc/CMakeFiles/kc.dir/dirent/lib_telldir.c.o
[1419/3622] Building C object libs/libc/CMakeFiles/kc.dir/dirent/lib_opendir.c.o
[1420/3622] Building C object libs/libc/CMakeFiles/kc.dir/dirent/lib_closedir.c.o
[1421/3622] Building C object libs/libc/CMakeFiles/kc.dir/dirent/lib_nftw.c.o
[1422/3622] Building C object libs/libc/CMakeFiles/kc.dir/dirent/lib_fdopendir.c.o
[1423/3622] Building C object libs/libc/CMakeFiles/kc.dir/dirent/lib_dirfd.c.o
[1424/3622] Building C object libs/libc/CMakeFiles/kc.dir/dirent/lib_rewinddir.c.o
[1425/3622] Building C object libs/libc/CMakeFiles/kc.dir/dirent/lib_readdir.c.o
[1426/3622] Building C object libs/libc/CMakeFiles/kc.dir/dirent/lib_seekdir.c.o
[1427/3622] Building C object libs/libc/CMakeFiles/kc.dir/fixedmath/lib_fixedmath.c.o
[1428/3622] Building C object libs/libc/CMakeFiles/kc.dir/dlfcn/lib_dlfind_object.c.o
[1429/3622] Building C object libs/libc/CMakeFiles/kc.dir/dirent/lib_versionsort.c.o
[1430/3622] Building C object libs/libc/CMakeFiles/kc.dir/fixedmath/lib_b16sin.c.o
[1431/3622] Building C object libs/libc/CMakeFiles/kc.dir/fixedmath/lib_b16cos.c.o
[1432/3622] Building C object libs/libc/CMakeFiles/kc.dir/elf/elf_addrenv.c.o
[1433/3622] Building C object libs/libc/CMakeFiles/kc.dir/elf/elf_depend.c.o
[1434/3622] Building C object libs/libc/CMakeFiles/kc.dir/fixedmath/lib_b16atan2.c.o
[1435/3622] Building C object libs/libc/CMakeFiles/kc.dir/fixedmath/lib_ubsqrt.c.o
[1436/3622] Building C object libs/libc/CMakeFiles/kc.dir/grp/lib_getgrgidr.c.o
[1437/3622] Building C object libs/libc/CMakeFiles/kc.dir/grp/lib_getgrgid.c.o
[1438/3622] Building C object libs/libc/CMakeFiles/kc.dir/grp/lib_initgroups.c.o
[1439/3622] Building C object libs/libc/CMakeFiles/kc.dir/grp/lib_getgrnamr.c.o
[1440/3622] Building C object libs/libc/CMakeFiles/kc.dir/grp/lib_getgrnam.c.o
[1441/3622] Building C object libs/libc/CMakeFiles/kc.dir/grp/lib_getgrbufr.c.o
[1442/3622] Building C object libs/libc/CMakeFiles/kc.dir/inttypes/lib_imaxabs.c.o
[1443/3622] Building C object libs/libc/CMakeFiles/kc.dir/grp/lib_getgrbuf.c.o
[1444/3622] Building C object libs/libc/CMakeFiles/kc.dir/inttypes/lib_imaxdiv.c.o
[1445/3622] Building ASM object libs/libc/CMakeFiles/kc.dir/machine/risc-v/arch_setjmp.S.o
[1446/3622] Building C object libs/libc/CMakeFiles/kc.dir/elf/elf_bind.c.o
[1447/3622] Building C object libs/libc/CMakeFiles/kc.dir/inttypes/lib_strtoimax.c.o
[1448/3622] Building C object libs/libc/CMakeFiles/kc.dir/libgen/lib_basename.c.o
[1449/3622] Building C object libs/libc/CMakeFiles/kc.dir/libgen/lib_dirname.c.o
[1450/3622] Building C object libs/libc/CMakeFiles/kc.dir/inttypes/lib_strtoumax.c.o
[1451/3622] Building C object libs/libc/CMakeFiles/kc.dir/misc/lib_creat.c.o
[1452/3622] Building C object libs/libc/CMakeFiles/kc.dir/misc/lib_bitmap.c.o
[1453/3622] Building C object libs/libc/CMakeFiles/kc.dir/misc/lib_mknod.c.o
[1454/3622] Building C object libs/libc/CMakeFiles/kc.dir/misc/lib_utsname.c.o
[1455/3622] Building C object libs/libc/CMakeFiles/kc.dir/misc/lib_umask.c.o
[1456/3622] Building C object libs/libc/CMakeFiles/kc.dir/machine/risc-v/arch_elf.c.o
[1457/3622] Building C object libs/libc/CMakeFiles/kc.dir/misc/lib_getrandom.c.o
[1458/3622] Building C object libs/libc/CMakeFiles/kc.dir/misc/lib_xorshift128.c.o
[1459/3622] Building C object libs/libc/CMakeFiles/kc.dir/misc/lib_tea_encrypt.c.o
[1460/3622] Building C object libs/libc/CMakeFiles/kc.dir/misc/lib_tea_decrypt.c.o
[1461/3622] Building C object libs/libc/CMakeFiles/kc.dir/misc/lib_circbuf.c.o
[1462/3622] Building C object libs/libc/CMakeFiles/kc.dir/misc/lib_impure.c.o
[1463/3622] Building C object libs/libc/CMakeFiles/kc.dir/misc/lib_cxx_initialize.c.o
[1464/3622] Building C object libs/libc/CMakeFiles/kc.dir/misc/lib_memfd.c.o
[1465/3622] Building C object libs/libc/CMakeFiles/kc.dir/misc/lib_fchmodat.c.o
[1466/3622] Building C object libs/libc/CMakeFiles/kc.dir/misc/lib_fstatat.c.o
[1467/3622] Building C object libs/libc/CMakeFiles/kc.dir/misc/lib_getfullpath.c.o
[1468/3622] Building C object libs/libc/CMakeFiles/kc.dir/misc/lib_openat.c.o
[1469/3622] Building C object libs/libc/CMakeFiles/kc.dir/misc/lib_mkdirat.c.o
[1470/3622] Building C object libs/libc/CMakeFiles/kc.dir/misc/lib_mallopt.c.o
[1471/3622] Building C object libs/libc/CMakeFiles/kc.dir/misc/lib_getnprocs.c.o
[1472/3622] Building C object libs/libc/CMakeFiles/kc.dir/misc/lib_ratelimit.c.o
[1473/3622] Building C object libs/libc/CMakeFiles/kc.dir/misc/lib_sem_mutex_noinline.c.o
[1474/3622] Building C object libs/libc/CMakeFiles/kc.dir/misc/lib_utimensat.c.o
[1475/3622] Building C object libs/libc/CMakeFiles/kc.dir/misc/lib_umul32.c.o
[1476/3622] Building C object libs/libc/CMakeFiles/kc.dir/misc/lib_umul64.c.o
[1477/3622] Building C object libs/libc/CMakeFiles/kc.dir/misc/lib_umul32x64.c.o
[1478/3622] Building C object libs/libc/CMakeFiles/kc.dir/misc/lib_uadd32x64.c.o
[1479/3622] Building C object libs/libc/CMakeFiles/kc.dir/misc/lib_tempbuffer.c.o
[1480/3622] Building C object libs/libc/CMakeFiles/kc.dir/misc/lib_uadd64.c.o
[1481/3622] Building C object libs/libc/CMakeFiles/kc.dir/misc/lib_usub64x32.c.o
[1482/3622] Building C object libs/libc/CMakeFiles/kc.dir/misc/lib_usub64.c.o
[1483/3622] Linking C static library libs/libc/libc.a
[1484/3622] Building C object libs/libc/CMakeFiles/kc.dir/misc/lib_mkfifo.c.o
[1485/3622] Building C object libs/libc/CMakeFiles/kc.dir/misc/lib_idr.c.o
[1486/3622] Building C object libs/libc/CMakeFiles/kc.dir/misc/lib_dumpbuffer.c.o
[1487/3622] Building C object libs/libc/CMakeFiles/kc.dir/misc/lib_debug.c.o
[1488/3622] Building C object libs/libc/CMakeFiles/kc.dir/misc/lib_fnmatch.c.o
[1489/3622] Building C object libs/libc/CMakeFiles/kc.dir/misc/lib_crc64.c.o
[1490/3622] Building C object libs/libc/CMakeFiles/kc.dir/misc/lib_crc64emac.c.o
[1491/3622] Building C object libs/libc/CMakeFiles/kc.dir/misc/lib_dumpvbuffer.c.o
[1492/3622] Building C object libs/libc/CMakeFiles/kc.dir/misc/lib_crc32.c.o
[1493/3622] Building C object libs/libc/CMakeFiles/kc.dir/misc/lib_crc32h04c11db7.c.o
[1494/3622] Building C object libs/libc/CMakeFiles/kc.dir/misc/lib_crc32hf4acfb13.c.o
[1495/3622] Building C object libs/libc/CMakeFiles/kc.dir/misc/lib_crc16.c.o
[1496/3622] Building C object libs/libc/CMakeFiles/kc.dir/misc/lib_crc16ccitt.c.o
[1497/3622] Building C object libs/libc/CMakeFiles/kc.dir/misc/lib_crc8.c.o
[1498/3622] Building C object libs/libc/CMakeFiles/kc.dir/misc/lib_crc16h8005.c.o
[1499/3622] Building C object libs/libc/CMakeFiles/kc.dir/misc/lib_crc16h1021.c.o
[1500/3622] Building C object libs/libc/CMakeFiles/kc.dir/misc/lib_crc8ccitt.c.o
[1501/3622] Building C object libs/libc/CMakeFiles/kc.dir/misc/lib_crc8h1d.c.o
[1502/3622] Building C object libs/libc/CMakeFiles/kc.dir/misc/lib_crc8h2f.c.o
[1503/3622] Building C object libs/libc/CMakeFiles/kc.dir/misc/lib_crc8rohc.c.o
[1504/3622] Building C object libs/libc/CMakeFiles/kc.dir/misc/lib_crc8table.c.o
[1505/3622] Building C object libs/libc/CMakeFiles/kc.dir/misc/lib_ftok.c.o
[1506/3622] Building C object libs/libc/CMakeFiles/kc.dir/misc/lib_instrument.c.o
[1507/3622] Building C object libs/libc/CMakeFiles/kc.dir/misc/lib_backtrace.c.o
[1508/3622] Building C object libs/libc/CMakeFiles/kc.dir/misc/lib_err.c.o
[1509/3622] Building C object libs/libc/CMakeFiles/kc.dir/net/lib_addrconfig.c.o
[1510/3622] Building C object libs/libc/CMakeFiles/kc.dir/misc/lib_fdcheck.c.o
[1511/3622] Building C object libs/libc/CMakeFiles/kc.dir/misc/lib_envpath.c.o
[1512/3622] Building C object libs/libc/CMakeFiles/kc.dir/net/lib_htons.c.o
[1513/3622] Building C object libs/libc/CMakeFiles/kc.dir/net/lib_htonl.c.o
[1514/3622] Building C object libs/libc/CMakeFiles/kc.dir/net/lib_htonq.c.o
[1515/3622] Building C object libs/libc/CMakeFiles/kc.dir/misc/lib_glob.c.o
[1516/3622] Building C object libs/libc/CMakeFiles/kc.dir/net/lib_base64.c.o
[1517/3622] Building C object libs/libc/CMakeFiles/kc.dir/net/lib_inetaton.c.o
[1518/3622] Building C object libs/libc/CMakeFiles/kc.dir/net/lib_inetaddr.c.o
[1519/3622] Building C object libs/libc/CMakeFiles/kc.dir/net/lib_accept.c.o
[1520/3622] Building C object libs/libc/CMakeFiles/kc.dir/net/lib_inetntoa.c.o
[1521/3622] Building C object libs/libc/CMakeFiles/kc.dir/net/lib_inetntop.c.o
[1522/3622] Building C object libs/libc/CMakeFiles/kc.dir/net/lib_inetnetwork.c.o
[1523/3622] Building C object libs/libc/CMakeFiles/kc.dir/net/lib_inetpton.c.o
[1524/3622] Building C object libs/libc/CMakeFiles/kc.dir/net/lib_etherntoa.c.o
[1525/3622] Building C object libs/libc/CMakeFiles/kc.dir/net/lib_etheraton.c.o
[1526/3622] Building C object libs/libc/CMakeFiles/kc.dir/misc/lib_lrucache.c.o
[1527/3622] Building C object libs/libc/CMakeFiles/kc.dir/net/lib_freeifaddrs.c.o
[1528/3622] Building C object libs/libc/CMakeFiles/kc.dir/net/lib_indextoname.c.o
[1529/3622] Building C object libs/libc/CMakeFiles/kc.dir/net/lib_nametoindex.c.o
[1530/3622] Building C object libs/libc/CMakeFiles/kc.dir/net/lib_getifaddrs.c.o
[1531/3622] Building C object libs/libc/CMakeFiles/kc.dir/net/lib_nameindex.c.o
[1532/3622] Building C object libs/libc/CMakeFiles/kc.dir/net/lib_freenameindex.c.o
[1533/3622] Building C object libs/libc/CMakeFiles/kc.dir/netdb/lib_gethostbyname.c.o
[1534/3622] Building C object libs/libc/CMakeFiles/kc.dir/netdb/lib_gethostbynamer.c.o
[1535/3622] Building C object libs/libc/CMakeFiles/kc.dir/netdb/lib_h_errno.c.o
[1536/3622] Building C object libs/libc/CMakeFiles/kc.dir/netdb/lib_netdb.c.o
[1537/3622] Building C object libs/libc/CMakeFiles/kc.dir/netdb/lib_gethostbyname2.c.o
[1538/3622] Building C object libs/libc/CMakeFiles/kc.dir/netdb/lib_gethostbyname2r.c.o
[1539/3622] Building C object libs/libc/CMakeFiles/kc.dir/netdb/lib_gethostbyaddr.c.o
[1540/3622] Building C object libs/libc/CMakeFiles/kc.dir/netdb/lib_getservbyname.c.o
[1541/3622] Building C object libs/libc/CMakeFiles/kc.dir/netdb/lib_gethostbyaddrr.c.o
[1542/3622] Building C object libs/libc/CMakeFiles/kc.dir/netdb/lib_gethostentbynamer.c.o
[1543/3622] Building C object libs/libc/CMakeFiles/kc.dir/netdb/lib_getservbyport.c.o
[1544/3622] Building C object libs/libc/CMakeFiles/kc.dir/netdb/lib_getservbynamer.c.o
[1545/3622] Building C object libs/libc/CMakeFiles/kc.dir/netdb/lib_gaistrerror.c.o
[1546/3622] Building C object libs/libc/CMakeFiles/kc.dir/netdb/lib_getservbyportr.c.o
[1547/3622] Building C object libs/libc/CMakeFiles/kc.dir/netdb/lib_freeaddrinfo.c.o
[1548/3622] Building C object libs/libc/CMakeFiles/kc.dir/netdb/lib_getnameinfo.c.o
[1549/3622] Building C object libs/libc/CMakeFiles/kc.dir/netdb/lib_protor.c.o
[1550/3622] Building C object libs/libc/CMakeFiles/kc.dir/netdb/lib_rexec.c.o
[1551/3622] Building C object libs/libc/CMakeFiles/kc.dir/netdb/lib_getaddrinfo.c.o
[1552/3622] Building C object libs/libc/CMakeFiles/kc.dir/netdb/lib_proto.c.o
[1553/3622] Building C object libs/libc/CMakeFiles/kc.dir/netdb/lib_dn.c.o
[1554/3622] Building C object libs/libc/CMakeFiles/kc.dir/netdb/lib_dnsbind.c.o
[1555/3622] Building C object libs/libc/CMakeFiles/kc.dir/netdb/lib_dnsdefaultserver.c.o
[1556/3622] Building C object libs/libc/CMakeFiles/kc.dir/netdb/lib_dnsinit.c.o
[1557/3622] Building C object libs/libc/CMakeFiles/kc.dir/netdb/lib_dnsaddserver.c.o
[1558/3622] Building C object libs/libc/CMakeFiles/kc.dir/netdb/lib_dnsforeach.c.o
[1559/3622] Building C object libs/libc/CMakeFiles/kc.dir/netdb/lib_dnsnotify.c.o
[1560/3622] Building C object libs/libc/CMakeFiles/kc.dir/netdb/lib_dnsqueryfamily.c.o
[1561/3622] Building C object libs/libc/CMakeFiles/kc.dir/obstack/lib_obstack_alloc.c.o
[1562/3622] Building C object libs/libc/CMakeFiles/kc.dir/obstack/lib_obstack_copy.c.o
[1563/3622] Building C object libs/libc/CMakeFiles/kc.dir/netdb/lib_dnscache.c.o
[1564/3622] Building C object libs/libc/CMakeFiles/kc.dir/obstack/lib_obstack_init.c.o
[1565/3622] Building C object libs/libc/CMakeFiles/kc.dir/obstack/lib_obstack_blank.c.o
[1566/3622] Building C object libs/libc/CMakeFiles/kc.dir/obstack/lib_obstack_free.c.o
[1567/3622] Building C object libs/libc/CMakeFiles/kc.dir/netdb/lib_dnsquery.c.o
[1568/3622] Building C object libs/libc/CMakeFiles/kc.dir/obstack/lib_obstack_make_room.c.o
[1569/3622] Building C object libs/libc/CMakeFiles/kc.dir/obstack/lib_obstack_object_size.c.o
[1570/3622] Building C object libs/libc/CMakeFiles/kc.dir/obstack/lib_obstack_grow.c.o
[1571/3622] Building C object libs/libc/CMakeFiles/kc.dir/obstack/lib_obstack_finish.c.o
[1572/3622] Building C object libs/libc/CMakeFiles/kc.dir/obstack/lib_obstack_room.c.o
[1573/3622] Building C object libs/libc/CMakeFiles/kc.dir/obstack/lib_obstack_printf.c.o
[1574/3622] Building C object libs/libc/CMakeFiles/kc.dir/obstack/lib_obstack_vprintf.c.o
[1575/3622] Building C object libs/libc/CMakeFiles/kc.dir/obstack/lib_obstack_malloc.c.o
[1576/3622] Building C object libs/libc/CMakeFiles/kc.dir/pthread/pthread_getspecific.c.o
[1577/3622] Building C object libs/libc/CMakeFiles/kc.dir/pthread/pthread_setspecific.c.o
[1578/3622] Building C object libs/libc/CMakeFiles/kc.dir/pthread/pthread_attr_init.c.o
[1579/3622] Building C object libs/libc/CMakeFiles/kc.dir/pthread/pthread_attr_destroy.c.o
[1580/3622] Building C object libs/libc/CMakeFiles/kc.dir/pthread/pthread_keycreate.c.o
[1581/3622] Building C object libs/libc/CMakeFiles/kc.dir/pthread/pthread_keydelete.c.o
[1582/3622] Building C object libs/libc/CMakeFiles/kc.dir/pthread/pthread_attr_setschedpolicy.c.o
[1583/3622] Building C object libs/libc/CMakeFiles/kc.dir/pthread/pthread_attr_getschedpolicy.c.o
[1584/3622] Building C object libs/libc/CMakeFiles/kc.dir/pthread/pthread_attr_setinheritsched.c.o
[1585/3622] Building C object libs/libc/CMakeFiles/kc.dir/pthread/pthread_attr_setdetachstate.c.o
[1586/3622] Building C object libs/libc/CMakeFiles/kc.dir/pthread/pthread_attr_getdetachstate.c.o
[1587/3622] Building C object libs/libc/CMakeFiles/kc.dir/pthread/pthread_attr_getinheritsched.c.o
[1588/3622] Building C object libs/libc/CMakeFiles/kc.dir/pthread/pthread_attr_getstackaddr.c.o
[1589/3622] Building C object libs/libc/CMakeFiles/kc.dir/pthread/pthread_attr_setstackaddr.c.o
[1590/3622] Building C object libs/libc/CMakeFiles/kc.dir/pthread/pthread_attr_getstacksize.c.o
[1591/3622] Building C object libs/libc/CMakeFiles/kc.dir/pthread/pthread_attr_setstack.c.o
[1592/3622] Building C object libs/libc/CMakeFiles/kc.dir/pthread/pthread_attr_getstack.c.o
[1593/3622] Building C object libs/libc/CMakeFiles/kc.dir/pthread/pthread_attr_setschedparam.c.o
[1594/3622] Building C object libs/libc/CMakeFiles/kc.dir/pthread/pthread_attr_setstacksize.c.o
[1595/3622] Building C object libs/libc/CMakeFiles/kc.dir/pthread/pthread_attr_getschedparam.c.o
[1596/3622] Building C object libs/libc/CMakeFiles/kc.dir/pthread/pthread_attr_setscope.c.o
[1597/3622] Building C object libs/libc/CMakeFiles/kc.dir/pthread/pthread_attr_getscope.c.o
[1598/3622] Building C object libs/libc/CMakeFiles/kc.dir/pthread/pthread_attr_setguardsize.c.o
[1599/3622] Building C object libs/libc/CMakeFiles/kc.dir/pthread/pthread_attr_getguardsize.c.o
[1600/3622] Building C object libs/libc/CMakeFiles/kc.dir/pthread/pthread_barrierattr_init.c.o
[1601/3622] Building C object libs/libc/CMakeFiles/kc.dir/pthread/pthread_barrierattr_destroy.c.o
[1602/3622] Building C object libs/libc/CMakeFiles/kc.dir/pthread/pthread_barrierattr_setpshared.c.o
[1603/3622] Building C object libs/libc/CMakeFiles/kc.dir/pthread/pthread_barrierattr_getpshared.c.o
[1604/3622] Building C object libs/libc/CMakeFiles/kc.dir/pthread/pthread_barrierdestroy.c.o
[1605/3622] Building C object libs/libc/CMakeFiles/kc.dir/pthread/pthread_barrierinit.c.o
[1606/3622] Building C object libs/libc/CMakeFiles/kc.dir/pthread/pthread_condattr_init.c.o
[1607/3622] Building C object libs/libc/CMakeFiles/kc.dir/pthread/pthread_condattr_destroy.c.o
[1608/3622] Building C object libs/libc/CMakeFiles/kc.dir/pthread/pthread_condattr_getpshared.c.o
[1609/3622] Building C object libs/libc/CMakeFiles/kc.dir/pthread/pthread_condattr_setclock.c.o
[1610/3622] Building C object libs/libc/CMakeFiles/kc.dir/pthread/pthread_condattr_setpshared.c.o
[1611/3622] Building C object libs/libc/CMakeFiles/kc.dir/pthread/pthread_barrierwait.c.o
[1612/3622] Building C object libs/libc/CMakeFiles/kc.dir/pthread/pthread_condattr_getclock.c.o
[1613/3622] Building C object libs/libc/CMakeFiles/kc.dir/pthread/pthread_condbroadcast.c.o
[1614/3622] Building C object libs/libc/CMakeFiles/kc.dir/pthread/pthread_condtimedwait.c.o
[1615/3622] Building C object libs/libc/CMakeFiles/kc.dir/pthread/pthread_condinit.c.o
[1616/3622] Building C object libs/libc/CMakeFiles/kc.dir/pthread/pthread_condsignal.c.o
[1617/3622] Building C object libs/libc/CMakeFiles/kc.dir/pthread/pthread_conddestroy.c.o
[1618/3622] Building C object libs/libc/CMakeFiles/kc.dir/pthread/pthread_condclockwait.c.o
[1619/3622] Building C object libs/libc/CMakeFiles/kc.dir/pthread/pthread_create.c.o
[1620/3622] Building C object libs/libc/CMakeFiles/kc.dir/pthread/pthread_equal.c.o
[1621/3622] Building C object libs/libc/CMakeFiles/kc.dir/pthread/pthread_condwait.c.o
[1622/3622] Building C object libs/libc/CMakeFiles/kc.dir/pthread/pthread_exit.c.o
[1623/3622] Building C object libs/libc/CMakeFiles/kc.dir/pthread/pthread_kill.c.o
[1624/3622] Building C object libs/libc/CMakeFiles/kc.dir/pthread/pthread_setname_np.c.o
[1625/3622] Building C object libs/libc/CMakeFiles/kc.dir/stream/lib_zeroinstream.c.o
[1626/3622] Building C object libs/libc/CMakeFiles/kc.dir/pthread/pthread_getname_np.c.o
[1627/3622] Building C object libs/libc/CMakeFiles/kc.dir/pthread/pthread_get_stackaddr_np.c.o
[1628/3622] Building C object libs/libc/CMakeFiles/kc.dir/pthread/pthread_get_stacksize_np.c.o
[1629/3622] Building C object libs/libc/CMakeFiles/kc.dir/pthread/pthread_mutexattr_init.c.o
[1630/3622] Building C object libs/libc/CMakeFiles/kc.dir/pthread/pthread_mutexattr_destroy.c.o
[1631/3622] Building C object libs/libc/CMakeFiles/kc.dir/pthread/pthread_mutexattr_getpshared.c.o
[1632/3622] Building C object libs/libc/CMakeFiles/kc.dir/pthread/pthread_mutexattr_setpshared.c.o
[1633/3622] Building C object libs/libc/CMakeFiles/kc.dir/pthread/pthread_mutexattr_setprotocol.c.o
[1634/3622] Building C object libs/libc/CMakeFiles/kc.dir/pthread/pthread_mutexattr_settype.c.o
[1635/3622] Building C object libs/libc/CMakeFiles/kc.dir/pthread/pthread_mutexattr_getprotocol.c.o
[1636/3622] Building C object libs/libc/CMakeFiles/kc.dir/pthread/pthread_mutexattr_gettype.c.o
[1637/3622] Building C object libs/libc/CMakeFiles/kc.dir/pthread/pthread_mutexattr_setrobust.c.o
[1638/3622] Building C object libs/libc/CMakeFiles/kc.dir/pthread/pthread_mutexattr_getrobust.c.o
[1639/3622] Building C object libs/libc/CMakeFiles/kc.dir/pthread/pthread_mutexattr_setprioceiling.c.o
[1640/3622] Building C object libs/libc/CMakeFiles/kc.dir/pthread/pthread_mutexattr_getprioceiling.c.o
[1641/3622] Building C object libs/libc/CMakeFiles/kc.dir/pthread/pthread_mutex_getprioceiling.c.o
[1642/3622] Building C object libs/libc/CMakeFiles/kc.dir/pthread/pthread_mutex_destroy.c.o
[1643/3622] Building C object libs/libc/CMakeFiles/kc.dir/pthread/pthread_mutex_lock.c.o
[1644/3622] Building C object libs/libc/CMakeFiles/kc.dir/pthread/pthread_mutex_init.c.o
[1645/3622] Building C object libs/libc/CMakeFiles/kc.dir/pthread/pthread_mutex_setprioceiling.c.o
[1646/3622] Building C object libs/libc/CMakeFiles/kc.dir/pthread/pthread_mutex_timedlock.c.o
[1647/3622] Building C object libs/libc/CMakeFiles/kc.dir/pthread/pthread_mutex_trylock.c.o
[1648/3622] Building C object libs/libc/CMakeFiles/kc.dir/pthread/pthread_yield.c.o
[1649/3622] Building C object libs/libc/CMakeFiles/kc.dir/pthread/pthread_mutex_unlock.c.o
[1650/3622] Building C object libs/libc/CMakeFiles/kc.dir/pthread/pthread_atfork.c.o
[1651/3622] Building C object libs/libc/CMakeFiles/kc.dir/pthread/pthread_once.c.o
[1652/3622] Building C object libs/libc/CMakeFiles/kc.dir/pthread/pthread_rwlockattr_init.c.o
[1653/3622] Building C object libs/libc/CMakeFiles/kc.dir/pthread/pthread_rwlockattr_getpshared.c.o
[1654/3622] Building C object libs/libc/CMakeFiles/kc.dir/pthread/pthread_rwlockattr_destroy.c.o
[1655/3622] Building C object libs/libc/CMakeFiles/kc.dir/pthread/pthread_mutex.c.o
[1656/3622] Building C object libs/libc/CMakeFiles/kc.dir/pthread/pthread_rwlockattr_setpshared.c.o
[1657/3622] Building C object libs/libc/CMakeFiles/kc.dir/pthread/pthread_setcancelstate.c.o
[1658/3622] Building C object libs/libc/CMakeFiles/kc.dir/pthread/pthread_rwlock.c.o
[1659/3622] Building C object libs/libc/CMakeFiles/kc.dir/pthread/pthread_rwlock_rdlock.c.o
[1660/3622] Building C object libs/libc/CMakeFiles/kc.dir/pthread/pthread_rwlock_wrlock.c.o
[1661/3622] Building C object libs/libc/CMakeFiles/kc.dir/pthread/pthread_setcanceltype.c.o
[1662/3622] Building C object libs/libc/CMakeFiles/kc.dir/pthread/pthread_testcancel.c.o
[1663/3622] Building C object libs/libc/CMakeFiles/kc.dir/pthread/pthread_getcpuclockid.c.o
[1664/3622] Building C object libs/libc/CMakeFiles/kc.dir/pthread/pthread_self.c.o
[1665/3622] Building C object libs/libc/CMakeFiles/kc.dir/pthread/pthread_gettid_np.c.o
[1666/3622] Building C object libs/libc/CMakeFiles/kc.dir/pwd/lib_getpwnam.c.o
[1667/3622] Building C object libs/libc/CMakeFiles/kc.dir/pthread/pthread_concurrency.c.o
[1668/3622] Building C object libs/libc/CMakeFiles/kc.dir/pthread/pthread_mutex_inconsistent.c.o
[1669/3622] Building C object libs/libc/CMakeFiles/kc.dir/pthread/pthread_mutex_consistent.c.o
[1670/3622] Building C object libs/libc/CMakeFiles/kc.dir/pthread/pthread_attr_getaffinity.c.o
[1671/3622] Building C object libs/libc/CMakeFiles/kc.dir/pthread/pthread_attr_setaffinity.c.o
[1672/3622] Building C object libs/libc/CMakeFiles/kc.dir/pwd/lib_getpwnamr.c.o
[1673/3622] Building C object libs/libc/CMakeFiles/kc.dir/pwd/lib_getpwuid.c.o
[1674/3622] Building C object libs/libc/CMakeFiles/kc.dir/queue/queue.c.o
[1675/3622] Building C object libs/libc/CMakeFiles/kc.dir/pwd/lib_getpwuidr.c.o
[1676/3622] Building C object libs/libc/CMakeFiles/kc.dir/pwd/lib_getpwbufr.c.o
[1677/3622] Building C object libs/libc/CMakeFiles/kc.dir/pwd/lib_getpwent.c.o
[1678/3622] Building C object libs/libc/CMakeFiles/kc.dir/pwd/lib_getspnam.c.o
[1679/3622] Building C object libs/libc/CMakeFiles/kc.dir/pwd/lib_getpwbuf.c.o
[1680/3622] Building C object libs/libc/CMakeFiles/kc.dir/regex/regerror.c.o
[1681/3622] Building C object libs/libc/CMakeFiles/kc.dir/regex/tre-mem.c.o
[1682/3622] Building C object libs/libc/CMakeFiles/kc.dir/sched/sched_getprioritymax.c.o
[1683/3622] Building C object libs/libc/CMakeFiles/kc.dir/sched/task_cancelpt.c.o
[1684/3622] Building C object libs/libc/CMakeFiles/kc.dir/sched/sched_getprioritymin.c.o
[1685/3622] Building C object libs/libc/CMakeFiles/kc.dir/sched/clock_getcpuclockid.c.o
[1686/3622] Building C object libs/libc/CMakeFiles/kc.dir/sched/task_testcancel.c.o
[1687/3622] Building C object libs/libc/CMakeFiles/kc.dir/sched/task_setcancelstate.c.o
[1688/3622] Building C object libs/libc/CMakeFiles/kc.dir/sched/sched_cpucount.c.o
[1689/3622] Building C object libs/libc/CMakeFiles/kc.dir/sched/task_setcanceltype.c.o
[1690/3622] Building C object libs/libc/CMakeFiles/kc.dir/sched/sched_backtrace.c.o
[1691/3622] Building C object libs/libc/CMakeFiles/kc.dir/sched/task_getpid.c.o
[1692/3622] Building C object libs/libc/CMakeFiles/kc.dir/search/hash_func.c.o
[1693/3622] Building C object libs/libc/CMakeFiles/kc.dir/sched/sched_dumpstack.c.o
[1694/3622] Building C object libs/libc/CMakeFiles/kc.dir/semaphore/sem_init.c.o
[1695/3622] Building C object libs/libc/CMakeFiles/kc.dir/semaphore/sem_setprotocol.c.o
[1696/3622] Building C object libs/libc/CMakeFiles/kc.dir/search/hcreate.c.o
[1697/3622] Building C object libs/libc/CMakeFiles/kc.dir/semaphore/sem_getprotocol.c.o
[1698/3622] Building C object libs/libc/CMakeFiles/kc.dir/search/hcreate_r.c.o
[1699/3622] Building C object libs/libc/CMakeFiles/kc.dir/semaphore/sem_getvalue.c.o
[1700/3622] Building C object libs/libc/CMakeFiles/kc.dir/semaphore/sem_destroy.c.o
[1701/3622] Building C object libs/libc/CMakeFiles/kc.dir/semaphore/sem_wait.c.o
[1702/3622] Building C object libs/libc/CMakeFiles/kc.dir/semaphore/sem_trywait.c.o
[1703/3622] Building C object libs/libc/CMakeFiles/kc.dir/semaphore/sem_timedwait.c.o
[1704/3622] Building C object libs/libc/CMakeFiles/kc.dir/semaphore/sem_clockwait.c.o
[1705/3622] Building C object libs/libc/CMakeFiles/kc.dir/semaphore/sem_post.c.o
[1706/3622] Building C object libs/libc/CMakeFiles/kc.dir/signal/sig_andset.c.o
[1707/3622] Building C object libs/libc/CMakeFiles/kc.dir/signal/sig_altstack.c.o
[1708/3622] Building C object libs/libc/CMakeFiles/kc.dir/signal/sig_addset.c.o
[1709/3622] Building C object libs/libc/CMakeFiles/kc.dir/regex/regexec.c.o
[1710/3622] Building C object libs/libc/CMakeFiles/kc.dir/signal/sig_delset.c.o
[1711/3622] Building C object libs/libc/CMakeFiles/kc.dir/signal/sig_hold.c.o
[1712/3622] Building C object libs/libc/CMakeFiles/kc.dir/signal/sig_emptyset.c.o
[1713/3622] Building C object libs/libc/CMakeFiles/kc.dir/signal/sig_fillset.c.o
[1714/3622] Building C object libs/libc/CMakeFiles/kc.dir/signal/sig_isemptyset.c.o
[1715/3622] Building C object libs/libc/CMakeFiles/kc.dir/signal/sig_killpg.c.o
[1716/3622] Building C object libs/libc/CMakeFiles/kc.dir/signal/sig_ismember.c.o
[1717/3622] Building C object libs/libc/CMakeFiles/kc.dir/signal/sig_longjmp.c.o
[1718/3622] Building C object libs/libc/CMakeFiles/kc.dir/signal/sig_orset.c.o
[1719/3622] Building C object libs/libc/CMakeFiles/kc.dir/signal/sig_nandset.c.o
[1720/3622] Building C object libs/libc/CMakeFiles/kc.dir/signal/sig_relse.c.o
[1721/3622] Building C object libs/libc/CMakeFiles/kc.dir/signal/sig_psignal.c.o
[1722/3622] Building C object libs/libc/CMakeFiles/kc.dir/signal/sig_pause.c.o
[1723/3622] Building C object libs/libc/CMakeFiles/kc.dir/signal/sig_raise.c.o
[1724/3622] Building C object libs/libc/CMakeFiles/kc.dir/signal/sig_wait.c.o
[1725/3622] Building C object libs/libc/CMakeFiles/kc.dir/signal/sig_xorset.c.o
[1726/3622] Building C object libs/libc/CMakeFiles/kc.dir/signal/sig_ignore.c.o
[1727/3622] Building C object libs/libc/CMakeFiles/kc.dir/signal/sig_interrupt.c.o
[1728/3622] Building C object libs/libc/CMakeFiles/kc.dir/signal/sig_set.c.o
[1729/3622] Building C object libs/libc/CMakeFiles/kc.dir/signal/sig_signal.c.o
[1730/3622] Building C object libs/libc/CMakeFiles/kc.dir/spawn/lib_psfa_addaction.c.o
[1731/3622] Building C object libs/libc/CMakeFiles/kc.dir/spawn/lib_psfa_init.c.o
[1732/3622] Building C object libs/libc/CMakeFiles/kc.dir/spawn/lib_psfa_addclose.c.o
[1733/3622] Building C object libs/libc/CMakeFiles/kc.dir/spawn/lib_psfa_adddup2.c.o
[1734/3622] Building C object libs/libc/CMakeFiles/kc.dir/spawn/lib_psa_getflags.c.o
[1735/3622] Building C object libs/libc/CMakeFiles/kc.dir/spawn/lib_psfa_addopen.c.o
[1736/3622] Building C object libs/libc/CMakeFiles/kc.dir/spawn/lib_psfa_destroy.c.o
[1737/3622] Building C object libs/libc/CMakeFiles/kc.dir/spawn/lib_psa_getschedparam.c.o
[1738/3622] Building C object libs/libc/CMakeFiles/kc.dir/spawn/lib_psa_getschedpolicy.c.o
[1739/3622] Building C object libs/libc/CMakeFiles/kc.dir/spawn/lib_psa_setflags.c.o
[1740/3622] Building C object libs/libc/CMakeFiles/kc.dir/spawn/lib_psa_setschedparam.c.o
[1741/3622] Building C object libs/libc/CMakeFiles/kc.dir/spawn/lib_psa_setschedpolicy.c.o
[1742/3622] Building C object libs/libc/CMakeFiles/kc.dir/spawn/lib_psa_getsigmask.c.o
[1743/3622] Building C object libs/libc/CMakeFiles/kc.dir/spawn/lib_psa_init.c.o
[1744/3622] Building C object libs/libc/CMakeFiles/kc.dir/spawn/lib_psa_setsigmask.c.o
[1745/3622] Building C object libs/libc/CMakeFiles/kc.dir/spawn/lib_psa_getstacksize.c.o
[1746/3622] Building C object libs/libc/CMakeFiles/kc.dir/spawn/lib_psa_setstacksize.c.o
[1747/3622] Building C object libs/libc/CMakeFiles/kc.dir/spawn/lib_psa_getpriority.c.o
[1748/3622] Building C object libs/libc/CMakeFiles/kc.dir/spawn/lib_psa_setpriority.c.o
[1749/3622] Building C object libs/libc/CMakeFiles/kc.dir/spawn/lib_psa_setheapsize.c.o
[1750/3622] Building C object libs/libc/CMakeFiles/kc.dir/spawn/lib_psa_getheapsize.c.o
[1751/3622] Building C object libs/libc/CMakeFiles/kc.dir/regex/regcomp.c.o
[1752/3622] Building C object libs/libc/CMakeFiles/kc.dir/spawn/lib_psa_destroy.c.o
[1753/3622] Building C object libs/libc/CMakeFiles/kc.dir/stdio/lib_fileno.c.o
[1754/3622] Building C object libs/libc/CMakeFiles/kc.dir/spawn/lib_psfa_dump.c.o
[1755/3622] Building C object libs/libc/CMakeFiles/kc.dir/stdio/lib_printf.c.o
[1756/3622] Building C object libs/libc/CMakeFiles/kc.dir/spawn/lib_psa_dump.c.o
[1757/3622] Building C object libs/libc/CMakeFiles/kc.dir/stdio/lib_sprintf.c.o
[1758/3622] Building C object libs/libc/CMakeFiles/kc.dir/stdio/lib_asprintf.c.o
[1759/3622] Building C object libs/libc/CMakeFiles/kc.dir/stdio/lib_snprintf.c.o
[1760/3622] Building C object libs/libc/CMakeFiles/kc.dir/stdio/lib_vsprintf.c.o
[1761/3622] Building C object libs/libc/CMakeFiles/kc.dir/stdio/lib_vsnprintf.c.o
[1762/3622] Building C object libs/libc/CMakeFiles/kc.dir/stdio/lib_dprintf.c.o
[1763/3622] Building C object libs/libc/CMakeFiles/kc.dir/stdio/lib_vdprintf.c.o
[1764/3622] Building C object libs/libc/CMakeFiles/kc.dir/stdio/lib_vprintf.c.o
[1765/3622] Building C object libs/libc/CMakeFiles/kc.dir/stdio/lib_perror.c.o
[1766/3622] Building C object libs/libc/CMakeFiles/kc.dir/stdio/lib_putchar.c.o
[1767/3622] Building C object libs/libc/CMakeFiles/kc.dir/stdio/lib_vasprintf.c.o
[1768/3622] Building C object libs/libc/CMakeFiles/kc.dir/stdio/lib_getchar.c.o
[1769/3622] Building C object libs/libc/CMakeFiles/kc.dir/stdio/lib_sscanf.c.o
[1770/3622] Building C object libs/libc/CMakeFiles/kc.dir/stdio/lib_gets_s.c.o
[1771/3622] Building C object libs/libc/CMakeFiles/kc.dir/stdio/lib_gets.c.o
[1772/3622] Building C object libs/libc/CMakeFiles/kc.dir/stdio/lib_puts.c.o
[1773/3622] Building C object libs/libc/CMakeFiles/kc.dir/stdio/lib_vsscanf.c.o
[1774/3622] Building C object libs/libc/CMakeFiles/kc.dir/stdio/lib_remove.c.o
[1775/3622] Building C object libs/libc/CMakeFiles/kc.dir/stdio/lib_tempnam.c.o
[1776/3622] Building C object libs/libc/CMakeFiles/kc.dir/stdio/lib_libdgets.c.o
[1777/3622] Building C object libs/libc/CMakeFiles/kc.dir/stdio/lib_tmpnam.c.o
[1778/3622] Building C object libs/libc/CMakeFiles/kc.dir/stdio/lib_putwchar.c.o
[1779/3622] Building C object libs/libc/CMakeFiles/kc.dir/stdio/lib_renameat.c.o
[1780/3622] Building C object libs/libc/CMakeFiles/kc.dir/stdio/lib_freopen.c.o
[1781/3622] Building C object libs/libc/CMakeFiles/kc.dir/stdio/lib_fread.c.o
[1782/3622] Building C object libs/libc/CMakeFiles/kc.dir/stdio/lib_fclose.c.o
[1783/3622] Building C object libs/libc/CMakeFiles/kc.dir/stdio/lib_libfread_unlocked.c.o
[1784/3622] Building C object libs/libc/CMakeFiles/kc.dir/stdio/lib_fopen.c.o
[1785/3622] Building C object libs/libc/CMakeFiles/kc.dir/stdio/lib_fseek.c.o
[1786/3622] Building C object libs/libc/CMakeFiles/kc.dir/stdio/lib_ftell.c.o
[1787/3622] Building C object libs/libc/CMakeFiles/kc.dir/stdio/lib_fseeko.c.o
[1788/3622] Building C object libs/libc/CMakeFiles/kc.dir/stdio/lib_fsetpos.c.o
[1789/3622] Building C object libs/libc/CMakeFiles/kc.dir/stdio/lib_ftello.c.o
[1790/3622] Building C object libs/libc/CMakeFiles/kc.dir/stdio/lib_fgetpos.c.o
[1791/3622] Building C object libs/libc/CMakeFiles/kc.dir/stdio/lib_getc.c.o
[1792/3622] Building C object libs/libc/CMakeFiles/kc.dir/stdio/lib_getdelim.c.o
[1793/3622] Building C object libs/libc/CMakeFiles/kc.dir/stdio/lib_fgetc.c.o
[1794/3622] Building C object libs/libc/CMakeFiles/kc.dir/stdio/lib_fgets.c.o
[1795/3622] Building C object libs/libc/CMakeFiles/kc.dir/stdio/lib_fwrite.c.o
[1796/3622] Building C object libs/libc/CMakeFiles/kc.dir/stdio/lib_libfgets.c.o
[1797/3622] Building C object libs/libc/CMakeFiles/kc.dir/stdio/lib_libfwrite.c.o
[1798/3622] Building C object libs/libc/CMakeFiles/kc.dir/stdio/lib_fflush.c.o
[1799/3622] Building C object libs/libc/CMakeFiles/kc.dir/stdio/lib_wrflush_unlocked.c.o
[1800/3622] Building C object libs/libc/CMakeFiles/kc.dir/stdio/lib_rdflush_unlocked.c.o
[1801/3622] Building C object libs/libc/CMakeFiles/kc.dir/stdio/lib_libfflush.c.o
[1802/3622] Building C object libs/libc/CMakeFiles/kc.dir/stdio/lib_putc.c.o
[1803/3622] Building C object libs/libc/CMakeFiles/kc.dir/stdio/lib_libflushall.c.o
[1804/3622] Building C object libs/libc/CMakeFiles/kc.dir/stdio/lib_fputc.c.o
[1805/3622] Building C object libs/libc/CMakeFiles/kc.dir/stdio/lib_fputs.c.o
[1806/3622] Building C object libs/libc/CMakeFiles/kc.dir/stdio/lib_ungetc.c.o
[1807/3622] Building C object libs/libc/CMakeFiles/kc.dir/stdio/lib_fprintf.c.o
[1808/3622] Building C object libs/libc/CMakeFiles/kc.dir/stdio/lib_feof.c.o
[1809/3622] Building C object libs/libc/CMakeFiles/kc.dir/stdio/lib_vfprintf.c.o
[1810/3622] Building C object libs/libc/CMakeFiles/kc.dir/stdio/lib_ferror.c.o
[1811/3622] Building C object libs/libc/CMakeFiles/kc.dir/stdio/lib_rewind.c.o
[1812/3622] Building C object libs/libc/CMakeFiles/kc.dir/stdio/lib_clearerr.c.o
[1813/3622] Building C object libs/libc/CMakeFiles/kc.dir/stdio/lib_scanf.c.o
[1814/3622] Building C object libs/libc/CMakeFiles/kc.dir/stdio/lib_vscanf.c.o
[1815/3622] Building C object libs/libc/CMakeFiles/kc.dir/stdio/lib_fscanf.c.o
[1816/3622] Building C object libs/libc/CMakeFiles/kc.dir/stdio/lib_tmpfile.c.o
[1817/3622] Building C object libs/libc/CMakeFiles/kc.dir/stdio/lib_vfscanf.c.o
[1818/3622] Building C object libs/libc/CMakeFiles/kc.dir/stdio/lib_setbuf.c.o
[1819/3622] Building C object libs/libc/CMakeFiles/kc.dir/stdio/lib_setvbuf.c.o
[1820/3622] Building C object libs/libc/CMakeFiles/kc.dir/stdio/lib_setbuffer.c.o
[1821/3622] Building C object libs/libc/CMakeFiles/kc.dir/stdio/lib_libgetstreams.c.o
[1822/3622] Building C object libs/libc/CMakeFiles/kc.dir/stdio/lib_fputwc.c.o
[1823/3622] Building C object libs/libc/CMakeFiles/kc.dir/stdio/lib_putwc.c.o
[1824/3622] Building C object libs/libc/CMakeFiles/kc.dir/stdio/lib_fputws.c.o
[1825/3622] Building C object libs/libc/CMakeFiles/kc.dir/stdio/lib_fopencookie.c.o
[1826/3622] Building C object libs/libc/CMakeFiles/kc.dir/stdio/lib_libfilelock.c.o
[1827/3622] Building C object libs/libc/CMakeFiles/kc.dir/stdlib/lib_abs.c.o
[1828/3622] Building C object libs/libc/CMakeFiles/kc.dir/stdio/lib_getwc.c.o
[1829/3622] Building C object libs/libc/CMakeFiles/kc.dir/stdio/lib_fgetwc.c.o
[1830/3622] Building C object libs/libc/CMakeFiles/kc.dir/stdlib/lib_atof.c.o
[1831/3622] Building C object libs/libc/CMakeFiles/kc.dir/stdio/lib_ungetwc.c.o
[1832/3622] Building C object libs/libc/CMakeFiles/kc.dir/stdio/lib_fmemopen.c.o
[1833/3622] Building C object libs/libc/CMakeFiles/kc.dir/stdio/lib_open_memstream.c.o
[1834/3622] Building C object libs/libc/CMakeFiles/kc.dir/stdlib/lib_atoi.c.o
[1835/3622] Building C object libs/libc/CMakeFiles/kc.dir/stdlib/lib_abort.c.o
[1836/3622] Building C object libs/libc/CMakeFiles/kc.dir/stdlib/lib_atol.c.o
[1837/3622] Building C object libs/libc/CMakeFiles/kc.dir/stdlib/lib_atoll.c.o
[1838/3622] Building C object libs/libc/CMakeFiles/kc.dir/stdlib/lib_div.c.o
[1839/3622] Building C object libs/libc/CMakeFiles/kc.dir/stdlib/lib_lldiv.c.o
[1840/3622] Building C object libs/libc/CMakeFiles/kc.dir/stdlib/lib_ldiv.c.o
[1841/3622] Building C object libs/libc/CMakeFiles/kc.dir/stdlib/lib_getprogname.c.o
[1842/3622] Building C object libs/libc/CMakeFiles/kc.dir/stdlib/lib_exit.c.o
[1843/3622] Building C object libs/libc/CMakeFiles/kc.dir/stdlib/lib_itoa.c.o
[1844/3622] Building C object libs/libc/CMakeFiles/kc.dir/stdlib/lib_labs.c.o
[1845/3622] Building C object libs/libc/CMakeFiles/kc.dir/stdlib/lib_llabs.c.o
[1846/3622] Building C object libs/libc/CMakeFiles/kc.dir/stdlib/lib_bsearch.c.o
[1847/3622] Building C object libs/libc/CMakeFiles/kc.dir/stdlib/lib_rand.c.o
[1848/3622] Building C object libs/libc/CMakeFiles/kc.dir/stdlib/lib_reallocarray.c.o
[1849/3622] Building C object libs/libc/CMakeFiles/kc.dir/stdlib/lib_realpath.c.o
[1850/3622] Building C object libs/libc/CMakeFiles/kc.dir/stdlib/lib_strtol.c.o
[1851/3622] Building C object libs/libc/CMakeFiles/kc.dir/stdlib/lib_srand.c.o
[1852/3622] Building C object libs/libc/CMakeFiles/kc.dir/stdlib/lib_qsort.c.o
[1853/3622] Building C object libs/libc/CMakeFiles/kc.dir/stdlib/lib_rand48.c.o
[1854/3622] Building C object libs/libc/CMakeFiles/kc.dir/stdlib/lib_strtoll.c.o
[1855/3622] Building C object libs/libc/CMakeFiles/kc.dir/stdlib/lib_strtoul.c.o
[1856/3622] Building C object libs/libc/CMakeFiles/kc.dir/stdlib/lib_strtoull.c.o
[1857/3622] Building C object libs/libc/CMakeFiles/kc.dir/stdlib/lib_checkbase.c.o
[1858/3622] Building C object libs/libc/CMakeFiles/kc.dir/stdlib/lib_mkstemp.c.o
[1859/3622] Building C object libs/libc/CMakeFiles/kc.dir/stdlib/lib_mkdtemp.c.o
[1860/3622] Building C object libs/libc/CMakeFiles/kc.dir/stdlib/lib_aligned_alloc.c.o
[1861/3622] Building C object libs/libc/CMakeFiles/kc.dir/stdlib/lib_posix_memalign.c.o
[1862/3622] Building C object libs/libc/CMakeFiles/kc.dir/stdlib/lib_mktemp.c.o
[1863/3622] Building C object libs/libc/CMakeFiles/kc.dir/stdlib/lib_mblen.c.o
[1864/3622] Building C object libs/libc/CMakeFiles/kc.dir/stdlib/lib_valloc.c.o
[1865/3622] Building C object libs/libc/CMakeFiles/kc.dir/stdlib/lib_mbtowc.c.o
[1866/3622] Building C object libs/libc/CMakeFiles/kc.dir/stdlib/lib_wctomb.c.o
[1867/3622] Building C object libs/libc/CMakeFiles/kc.dir/stdlib/lib_mbstowcs.c.o
[1868/3622] Building C object libs/libc/CMakeFiles/kc.dir/stdlib/lib_wcstombs.c.o
[1869/3622] Building C object libs/libc/CMakeFiles/kc.dir/stdlib/lib_arc4random.c.o
[1870/3622] Building C object libs/libc/CMakeFiles/kc.dir/stdlib/lib_atexit.c.o
[1871/3622] Building C object libs/libc/CMakeFiles/kc.dir/stream/lib_meminstream.c.o
[1872/3622] Building C object libs/libc/CMakeFiles/kc.dir/stream/lib_memoutstream.c.o
[1873/3622] Building C object libs/libc/CMakeFiles/kc.dir/stream/lib_memsistream.c.o
[1874/3622] Building C object libs/libc/CMakeFiles/kc.dir/stdlib/lib_strtold.c.o
[1875/3622] Building C object libs/libc/CMakeFiles/kc.dir/stream/lib_memsostream.c.o
[1876/3622] Building C object libs/libc/CMakeFiles/kc.dir/stream/lib_rawinstream.c.o
[1877/3622] Building C object libs/libc/CMakeFiles/kc.dir/stream/lib_lowoutstream.c.o
[1878/3622] Building C object libs/libc/CMakeFiles/kc.dir/stream/lib_rawoutstream.c.o
[1879/3622] Building C object libs/libc/CMakeFiles/kc.dir/stream/lib_rawsistream.c.o
[1880/3622] Building C object libs/libc/CMakeFiles/kc.dir/stream/lib_rawsostream.c.o
[1881/3622] Building C object libs/libc/CMakeFiles/kc.dir/stream/lib_nullinstream.c.o
[1882/3622] Building C object libs/libc/CMakeFiles/kc.dir/stream/lib_nulloutstream.c.o
[1883/3622] Building C object libs/libc/CMakeFiles/kc.dir/stream/lib_libnoflush.c.o
[1884/3622] Building C object libs/libc/CMakeFiles/kc.dir/stream/lib_libsnoflush.c.o
[1885/3622] Building C object libs/libc/CMakeFiles/kc.dir/stream/lib_syslogstream.c.o
[1886/3622] Building C object libs/libc/CMakeFiles/kc.dir/stream/lib_mtdoutstream.c.o
[1887/3622] Building C object libs/libc/CMakeFiles/kc.dir/stream/lib_bufferedoutstream.c.o
[1888/3622] Building C object libs/libc/CMakeFiles/kc.dir/stream/lib_mtdsostream.c.o
[1889/3622] Building C object libs/libc/CMakeFiles/kc.dir/stream/lib_hexdumpstream.c.o
[1890/3622] Building C object libs/libc/CMakeFiles/kc.dir/stream/lib_base64outstream.c.o
[1891/3622] Building C object libs/libc/CMakeFiles/kc.dir/stream/lib_filesistream.c.o
[1892/3622] Building C object libs/libc/CMakeFiles/kc.dir/stream/lib_fileoutstream.c.o
[1893/3622] Building C object libs/libc/CMakeFiles/kc.dir/stream/lib_ultoa_invert.c.o
[1894/3622] Building C object libs/libc/CMakeFiles/kc.dir/stream/lib_dtoa_data.c.o
[1895/3622] Building C object libs/libc/CMakeFiles/kc.dir/stream/lib_libbsprintf.c.o
[1896/3622] Building C object libs/libc/CMakeFiles/kc.dir/stream/lib_libosprintf.c.o
[1897/3622] Building C object libs/libc/CMakeFiles/kc.dir/stream/lib_syslograwstream.c.o
[1898/3622] Building C object libs/libc/CMakeFiles/kc.dir/stream/lib_dtoa_engine.c.o
[1899/3622] Building C object libs/libc/CMakeFiles/kc.dir/stream/lib_stdinstream.c.o
[1900/3622] Building C object libs/libc/CMakeFiles/kc.dir/string/lib_bzero.c.o
[1901/3622] Building C object libs/libc/CMakeFiles/kc.dir/stream/lib_stdoutstream.c.o
[1902/3622] Building C object libs/libc/CMakeFiles/kc.dir/stream/lib_stdsistream.c.o
[1903/3622] Building C object libs/libc/CMakeFiles/kc.dir/stream/lib_stdsostream.c.o
[1904/3622] Building C object libs/libc/CMakeFiles/kc.dir/string/lib_popcount.c.o
[1905/3622] Building C object libs/libc/CMakeFiles/kc.dir/string/lib_isbasedigit.c.o
[1906/3622] Building C object libs/libc/CMakeFiles/kc.dir/string/lib_popcountl.c.o
[1907/3622] Building C object libs/libc/CMakeFiles/kc.dir/stream/lib_blkoutstream.c.o
[1908/3622] Building C object libs/libc/CMakeFiles/kc.dir/string/lib_popcountll.c.o
[1909/3622] Building C object libs/libc/CMakeFiles/kc.dir/string/lib_memmem.c.o
[1910/3622] Building C object libs/libc/CMakeFiles/kc.dir/string/lib_strcspn.c.o
[1911/3622] Building C object libs/libc/CMakeFiles/kc.dir/stream/lib_libvscanf.c.o
[1912/3622] Building C object libs/libc/CMakeFiles/kc.dir/string/lib_skipspace.c.o
[1913/3622] Building C object libs/libc/CMakeFiles/kc.dir/string/lib_strcasecmp.c.o
[1914/3622] Building C object libs/libc/CMakeFiles/kc.dir/string/lib_strdup.c.o
[1915/3622] Building C object libs/libc/CMakeFiles/kc.dir/stream/lib_libvsprintf.c.o
[1916/3622] Building C object libs/libc/CMakeFiles/kc.dir/string/lib_strerror.c.o
[1917/3622] Building C object libs/libc/CMakeFiles/kc.dir/string/lib_strncasecmp.c.o
[1918/3622] Building C object libs/libc/CMakeFiles/kc.dir/string/lib_strcasestr.c.o
[1919/3622] Building C object libs/libc/CMakeFiles/kc.dir/string/lib_strpbrk.c.o
[1920/3622] Building C object libs/libc/CMakeFiles/kc.dir/string/lib_strncat.c.o
[1921/3622] Building C object libs/libc/CMakeFiles/kc.dir/string/lib_strndup.c.o
[1922/3622] Building C object libs/libc/CMakeFiles/kc.dir/string/lib_strspn.c.o
[1923/3622] Building C object libs/libc/CMakeFiles/kc.dir/string/lib_strtokr.c.o
[1924/3622] Building C object libs/libc/CMakeFiles/kc.dir/string/lib_strstr.c.o
[1925/3622] Building C object libs/libc/CMakeFiles/kc.dir/string/lib_strsep.c.o
[1926/3622] Building C object libs/libc/CMakeFiles/kc.dir/string/lib_strtok.c.o
[1927/3622] Building C object libs/libc/CMakeFiles/kc.dir/string/lib_strerrorr.c.o
[1928/3622] Building C object libs/libc/CMakeFiles/kc.dir/string/lib_explicit_bzero.c.o
[1929/3622] Building C object libs/libc/CMakeFiles/kc.dir/string/lib_index.c.o
[1930/3622] Building C object libs/libc/CMakeFiles/kc.dir/string/lib_rindex.c.o
[1931/3622] Building C object libs/libc/CMakeFiles/kc.dir/string/lib_strsignal.c.o
[1932/3622] Building C object libs/libc/CMakeFiles/kc.dir/string/lib_timingsafe_bcmp.c.o
[1933/3622] Building C object libs/libc/CMakeFiles/kc.dir/string/lib_mempcpy.c.o
[1934/3622] Building C object libs/libc/CMakeFiles/kc.dir/string/lib_rawmemchr.c.o
[1935/3622] Building C object libs/libc/CMakeFiles/kc.dir/string/lib_strverscmp.c.o
[1936/3622] Building C object libs/libc/CMakeFiles/kc.dir/string/lib_memmove.c.o
[1937/3622] Building C object libs/libc/CMakeFiles/kc.dir/string/lib_strlcat.c.o
[1938/3622] Building C object libs/libc/CMakeFiles/kc.dir/string/lib_strnlen.c.o
[1939/3622] Building C object libs/libc/CMakeFiles/kc.dir/string/lib_strlcpy.c.o
[1940/3622] Building C object libs/libc/CMakeFiles/kc.dir/string/lib_bsdmemcpy.c.o
[1941/3622] Building C object libs/libc/CMakeFiles/kc.dir/string/lib_bsdmemcmp.c.o
[1942/3622] Building C object libs/libc/CMakeFiles/kc.dir/string/lib_bsdmemccpy.c.o
[1943/3622] Building C object libs/libc/CMakeFiles/kc.dir/string/lib_bsdmemrchr.c.o
[1944/3622] Building C object libs/libc/CMakeFiles/kc.dir/string/lib_bsdmemset.c.o
[1945/3622] Building C object libs/libc/CMakeFiles/kc.dir/string/lib_bsdstpncpy.c.o
[1946/3622] Building C object libs/libc/CMakeFiles/kc.dir/string/lib_bsdstrcmp.c.o
[1947/3622] Building C object libs/libc/CMakeFiles/kc.dir/string/lib_bsdstrlen.c.o
[1948/3622] Building C object libs/libc/CMakeFiles/kc.dir/string/lib_bsdstrchr.c.o
[1949/3622] Building C object libs/libc/CMakeFiles/kc.dir/string/lib_bsdstrncpy.c.o
[1950/3622] Building C object libs/libc/CMakeFiles/kc.dir/string/lib_bsdmemchr.c.o
[1951/3622] Building C object libs/libc/CMakeFiles/kc.dir/string/lib_bsdstpcpy.c.o
[1952/3622] Building C object libs/libc/CMakeFiles/kc.dir/string/lib_bsdstrcat.c.o
[1953/3622] Building C object libs/libc/CMakeFiles/kc.dir/string/lib_bsdstrchrnul.c.o
[1954/3622] Building C object libs/libc/CMakeFiles/kc.dir/symtab/symtab_sortbyname.c.o
[1955/3622] Building C object libs/libc/CMakeFiles/kc.dir/string/lib_bsdstrcpy.c.o
[1956/3622] Building C object libs/libc/CMakeFiles/kc.dir/string/lib_bsdstrrchr.c.o
[1957/3622] Building C object libs/libc/CMakeFiles/kc.dir/string/lib_bsdstrncmp.c.o
[1958/3622] Building C object libs/libc/CMakeFiles/kc.dir/symtab/symtab_findbyvalue.c.o
[1959/3622] Building C object libs/libc/CMakeFiles/kc.dir/symtab/symtab_findbyname.c.o
[1960/3622] Building C object libs/libc/CMakeFiles/kc.dir/syslog/lib_setlogmask.c.o
[1961/3622] Building C object libs/libc/CMakeFiles/kc.dir/termios/lib_cfmakeraw.c.o
[1962/3622] Building C object libs/libc/CMakeFiles/kc.dir/termios/lib_cfspeed.c.o
[1963/3622] Building C object libs/libc/CMakeFiles/kc.dir/syslog/lib_syslog.c.o
[1964/3622] Building C object libs/libc/CMakeFiles/kc.dir/termios/lib_tcflush.c.o
[1965/3622] Building C object libs/libc/CMakeFiles/kc.dir/termios/lib_tcdrain.c.o
[1966/3622] Building C object libs/libc/CMakeFiles/kc.dir/termios/lib_tcflow.c.o
[1967/3622] Building C object libs/libc/CMakeFiles/kc.dir/termios/lib_isatty.c.o
[1968/3622] Building C object libs/libc/CMakeFiles/kc.dir/time/lib_ctime.c.o
[1969/3622] Building C object libs/libc/CMakeFiles/kc.dir/time/lib_ctimer.c.o
[1970/3622] Building C object libs/libc/CMakeFiles/kc.dir/termios/lib_tcgetattr.c.o
[1971/3622] Building C object libs/libc/CMakeFiles/kc.dir/time/lib_gethrtime.c.o
[1972/3622] Building C object libs/libc/CMakeFiles/kc.dir/termios/lib_tcsetattr.c.o
[1973/3622] Building C object libs/libc/CMakeFiles/kc.dir/time/lib_gmtime.c.o
[1974/3622] Building C object libs/libc/CMakeFiles/kc.dir/tls/task_tls.c.o
[1975/3622] Building C object libs/libc/CMakeFiles/kc.dir/time/lib_gmtimer.c.o
[1976/3622] Building C object libs/libc/CMakeFiles/kc.dir/tls/tls_getinfo.c.o
[1977/3622] Building C object libs/libc/CMakeFiles/kc.dir/tls/task_tls_destruct.c.o
[1978/3622] Building C object libs/libc/CMakeFiles/kc.dir/time/lib_timegm.c.o
[1979/3622] Building C object libs/libc/CMakeFiles/kc.dir/tls/tls_destruct.c.o
[1980/3622] Building C object libs/libc/CMakeFiles/kc.dir/unistd/lib_daemon.c.o
[1981/3622] Building C object libs/libc/CMakeFiles/kc.dir/time/lib_strptime.c.o
[1982/3622] Building C object libs/libc/CMakeFiles/kc.dir/uio/lib_pwritev.c.o
[1983/3622] Building C object libs/libc/CMakeFiles/kc.dir/unistd/lib_pathconf.c.o
[1984/3622] Building C object libs/libc/CMakeFiles/kc.dir/unistd/lib_swab.c.o
[1985/3622] Building C object libs/libc/CMakeFiles/kc.dir/unistd/lib_access.c.o
[1986/3622] Building C object libs/libc/CMakeFiles/kc.dir/uio/lib_preadv.c.o
[1987/3622] Building C object libs/libc/CMakeFiles/kc.dir/unistd/lib_sysconf.c.o
[1988/3622] Building C object libs/libc/CMakeFiles/kc.dir/unistd/lib_getcwd.c.o
[1989/3622] Building C object libs/libc/CMakeFiles/kc.dir/unistd/lib_getentropy.c.o
[1990/3622] Building C object libs/libc/CMakeFiles/kc.dir/unistd/lib_getopt.c.o
[1991/3622] Building C object libs/libc/CMakeFiles/kc.dir/unistd/lib_getopt_long.c.o
[1992/3622] Building C object libs/libc/CMakeFiles/kc.dir/unistd/lib_getopt_longonly.c.o
[1993/3622] Building C object libs/libc/CMakeFiles/kc.dir/unistd/lib_getoptvars.c.o
[1994/3622] Building C object libs/libc/CMakeFiles/kc.dir/unistd/lib_getoptargp.c.o
[1995/3622] Building C object libs/libc/CMakeFiles/kc.dir/unistd/lib_getopt_common.c.o
[1996/3622] Building C object libs/libc/CMakeFiles/kc.dir/unistd/lib_times.c.o
[1997/3622] Building C object libs/libc/CMakeFiles/kc.dir/unistd/lib_fstatvfs.c.o
[1998/3622] Building C object libs/libc/CMakeFiles/kc.dir/unistd/lib_getopterrp.c.o
[1999/3622] Building C object libs/libc/CMakeFiles/kc.dir/unistd/lib_getoptindp.c.o
[2000/3622] Building C object libs/libc/CMakeFiles/kc.dir/unistd/lib_statvfs.c.o
[2001/3622] Building C object libs/libc/CMakeFiles/kc.dir/unistd/lib_getoptoptp.c.o
[2002/3622] Building C object libs/libc/CMakeFiles/kc.dir/unistd/lib_alarm.c.o
[2003/3622] Building C object libs/libc/CMakeFiles/kc.dir/unistd/lib_getrusage.c.o
[2004/3622] Building C object libs/libc/CMakeFiles/kc.dir/unistd/lib_utime.c.o
[2005/3622] Building C object libs/libc/CMakeFiles/kc.dir/unistd/lib_sleep.c.o
[2006/3622] Building C object libs/libc/CMakeFiles/kc.dir/unistd/lib_nice.c.o
[2007/3622] Building C object libs/libc/CMakeFiles/kc.dir/unistd/lib_setrlimit.c.o
[2008/3622] Building C object libs/libc/CMakeFiles/kc.dir/unistd/lib_setreuid.c.o
[2009/3622] Building C object libs/libc/CMakeFiles/kc.dir/unistd/lib_setregid.c.o
[2010/3622] Building C object libs/libc/CMakeFiles/kc.dir/unistd/lib_utimes.c.o
[2011/3622] Building C object libs/libc/CMakeFiles/kc.dir/unistd/lib_futimes.c.o
[2012/3622] Building C object libs/libc/CMakeFiles/kc.dir/unistd/lib_lutimes.c.o
[2013/3622] Building C object libs/libc/CMakeFiles/kc.dir/unistd/lib_getrlimit.c.o
[2014/3622] Building C object libs/libc/CMakeFiles/kc.dir/unistd/lib_setpriority.c.o
[2015/3622] Building C object libs/libc/CMakeFiles/kc.dir/unistd/lib_getpriority.c.o
[2016/3622] Building C object libs/libc/CMakeFiles/kc.dir/unistd/lib_gethostname.c.o
[2017/3622] Building C object libs/libc/CMakeFiles/kc.dir/unistd/lib_sethostname.c.o
[2018/3622] Building C object libs/libc/CMakeFiles/kc.dir/unistd/lib_fchownat.c.o
[2019/3622] Building C object libs/libc/CMakeFiles/kc.dir/unistd/lib_readlinkat.c.o
[2020/3622] Building C object libs/libc/CMakeFiles/kc.dir/unistd/lib_linkat.c.o
[2021/3622] Building C object libs/libc/CMakeFiles/kc.dir/unistd/lib_symlinkat.c.o
[2022/3622] Building C object libs/libc/CMakeFiles/kc.dir/unistd/lib_unlinkat.c.o
[2023/3622] Building C object libs/libc/CMakeFiles/kc.dir/unistd/lib_usleep.c.o
[2024/3622] Building C object libs/libc/CMakeFiles/kc.dir/unistd/lib_getpgrp.c.o
[2025/3622] Building C object libs/libc/CMakeFiles/kc.dir/unistd/lib_getpgid.c.o
[2026/3622] Building C object libs/libc/CMakeFiles/kc.dir/unistd/lib_lockf.c.o
[2027/3622] Building C object libs/libc/CMakeFiles/kc.dir/unistd/lib_ulimit.c.o
[2028/3622] Building C object libs/libc/CMakeFiles/kc.dir/unistd/lib_flock.c.o
[2029/3622] Building C object libs/libc/CMakeFiles/kc.dir/unistd/lib_setuid.c.o
[2030/3622] Building C object libs/libc/CMakeFiles/kc.dir/unistd/lib_confstr.c.o
[2031/3622] Building C object libs/libc/CMakeFiles/kc.dir/unistd/lib_getuid.c.o
[2032/3622] Building C object libs/libc/CMakeFiles/kc.dir/unistd/lib_getpass.c.o
[2033/3622] Building C object libs/libc/CMakeFiles/kc.dir/unistd/lib_setgid.c.o
[2034/3622] Building C object libs/libc/CMakeFiles/kc.dir/unistd/lib_getgid.c.o
[2035/3622] Building C object libs/libc/CMakeFiles/kc.dir/unistd/lib_seteuid.c.o
[2036/3622] Building C object libs/libc/CMakeFiles/kc.dir/unistd/lib_setegid.c.o
[2037/3622] Building C object libs/libc/CMakeFiles/kc.dir/unistd/lib_getegid.c.o
[2038/3622] Building C object libs/libc/CMakeFiles/kc.dir/unistd/lib_geteuid.c.o
[2039/3622] Building C object libs/libc/CMakeFiles/kc.dir/unistd/lib_fchdir.c.o
[2040/3622] Building C object libs/libc/CMakeFiles/kc.dir/unistd/lib_restoredir.c.o
[2041/3622] Building C object libs/libc/CMakeFiles/kc.dir/unistd/lib_chdir.c.o
[2042/3622] Building C object libs/libc/CMakeFiles/kc.dir/unistd/lib_execl.c.o
[2043/3622] Building C object libs/libc/CMakeFiles/kc.dir/unistd/lib_execv.c.o
[2044/3622] Building C object libs/libc/CMakeFiles/kc.dir/unistd/lib_execle.c.o
[2045/3622] Building C object libs/libc/CMakeFiles/kc.dir/unistd/lib_truncate.c.o
[2046/3622] Building C object libs/libc/CMakeFiles/kc.dir/unistd/lib_posix_fallocate.c.o
[2047/3622] Building C object libs/libc/CMakeFiles/kc.dir/unistd/lib_crypt.c.o
[2048/3622] Building C object libs/libc/CMakeFiles/kc.dir/unistd/lib_fork.c.o
[2049/3622] Building C object libs/libc/CMakeFiles/kc.dir/uuid/lib_uuid_compare.c.o
[2050/3622] Building C object libs/libc/CMakeFiles/kc.dir/unistd/lib_pipe.c.o
[2051/3622] Building C object libs/libc/CMakeFiles/kc.dir/uuid/lib_uuid_create.c.o
[2052/3622] Building C object libs/libc/CMakeFiles/kc.dir/uuid/lib_uuid_create_nil.c.o
[2053/3622] Building C object libs/libc/CMakeFiles/kc.dir/uuid/lib_uuid_equal.c.o
[2054/3622] Building C object libs/libc/CMakeFiles/kc.dir/uuid/lib_uuid_hash.c.o
[2055/3622] Building C object libs/libc/CMakeFiles/kc.dir/unistd/lib_crypt_r.c.o
[2056/3622] Building C object libs/libc/CMakeFiles/kc.dir/uuid/lib_uuid_is_nil.c.o
[2057/3622] Building C object libs/libc/CMakeFiles/kc.dir/uuid/lib_uuid_stream.c.o
[2058/3622] Building C object libs/libc/CMakeFiles/kc.dir/uuid/lib_uuid_from_string.c.o
[2059/3622] Building C object libs/libc/CMakeFiles/kc.dir/wchar/lib_wcscmp.c.o
[2060/3622] Building C object libs/libc/CMakeFiles/kc.dir/uuid/lib_uuid_to_string.c.o
[2061/3622] Building C object libs/libc/CMakeFiles/kc.dir/wchar/lib_wcslen.c.o
[2062/3622] Building C object libs/libc/CMakeFiles/kc.dir/wchar/lib_wmemchr.c.o
[2063/3622] Building C object libs/libc/CMakeFiles/kc.dir/wchar/lib_wmemcmp.c.o
[2064/3622] Building C object libs/libc/CMakeFiles/kc.dir/wchar/lib_wmemcpy.c.o
[2065/3622] Building C object libs/libc/CMakeFiles/kc.dir/wchar/lib_wmemmove.c.o
[2066/3622] Building C object libs/libc/CMakeFiles/kc.dir/wchar/lib_wmemset.c.o
[2067/3622] Building C object libs/libc/CMakeFiles/kc.dir/wchar/lib_btowc.c.o
[2068/3622] Building C object libs/libc/CMakeFiles/kc.dir/wchar/lib_wctob.c.o
[2069/3622] Building C object libs/libc/CMakeFiles/kc.dir/wchar/lib_mbrtowc.c.o
[2070/3622] Building C object libs/libc/CMakeFiles/kc.dir/wchar/lib_wcsxfrm.c.o
[2071/3622] Building C object libs/libc/CMakeFiles/kc.dir/wchar/lib_wcslcpy.c.o
[2072/3622] Building C object libs/libc/CMakeFiles/kc.dir/wchar/lib_wcsftime.c.o
[2073/3622] Building C object libs/libc/CMakeFiles/kc.dir/wchar/lib_wcrtomb.c.o
[2074/3622] Building C object libs/libc/CMakeFiles/kc.dir/wchar/lib_wcscoll.c.o
[2075/3622] Building C object libs/libc/CMakeFiles/kc.dir/wchar/lib_wcstol.c.o
[2076/3622] Building C object libs/libc/CMakeFiles/kc.dir/wchar/lib_wcstoll.c.o
[2077/3622] Building C object libs/libc/CMakeFiles/kc.dir/wchar/lib_wcstoul.c.o
[2078/3622] Building C object libs/libc/CMakeFiles/kc.dir/wchar/lib_wcstoull.c.o
[2079/3622] Building C object libs/libc/CMakeFiles/kc.dir/wchar/lib_wcstold.c.o
[2080/3622] Building C object libs/libc/CMakeFiles/kc.dir/wchar/lib_wcstof.c.o
[2081/3622] Building C object libs/libc/CMakeFiles/kc.dir/wchar/lib_wcstod.c.o
[2082/3622] Building C object libs/libc/CMakeFiles/kc.dir/wchar/lib_swprintf.c.o
[2083/3622] Building C object libs/libc/CMakeFiles/kc.dir/wchar/lib_mbsnrtowcs.c.o
[2084/3622] Building C object libs/libc/CMakeFiles/kc.dir/wchar/lib_wcsnrtombs.c.o
[2085/3622] Building C object libs/libc/CMakeFiles/kc.dir/wchar/lib_mbsinit.c.o
[2086/3622] Building C object libs/libc/CMakeFiles/kc.dir/wchar/lib_mbrlen.c.o
[2087/3622] Building C object libs/libc/CMakeFiles/kc.dir/wchar/lib_mbsrtowcs.c.o
[2088/3622] Building C object libs/libc/CMakeFiles/kc.dir/wchar/lib_wcsrtombs.c.o
[2089/3622] Building C object libs/libc/CMakeFiles/kc.dir/wchar/lib_wcscpy.c.o
[2090/3622] Building C object libs/libc/CMakeFiles/kc.dir/wchar/lib_wcscat.c.o
[2091/3622] Building C object libs/libc/CMakeFiles/kc.dir/wchar/lib_wcsncat.c.o
[2092/3622] Building C object libs/libc/CMakeFiles/kc.dir/wchar/lib_wcsrchr.c.o
[2093/3622] Building C object libs/libc/CMakeFiles/kc.dir/wchar/lib_wcslcat.c.o
[2094/3622] Building C object libs/libc/CMakeFiles/kc.dir/wchar/lib_wcschr.c.o
[2095/3622] Building C object libs/libc/CMakeFiles/kc.dir/wchar/lib_wcsncpy.c.o
[2096/3622] Building C object libs/libc/CMakeFiles/kc.dir/wchar/lib_wcsncmp.c.o
[2097/3622] Building C object libs/libc/CMakeFiles/kc.dir/wchar/lib_wcspbrk.c.o
[2098/3622] Building C object libs/libc/CMakeFiles/kc.dir/wchar/lib_wcscspn.c.o
[2099/3622] Building C object libs/libc/CMakeFiles/kc.dir/wchar/lib_wcsspn.c.o
[2100/3622] Building C object libs/libc/CMakeFiles/kc.dir/wchar/lib_wcswcs.c.o
[2101/3622] Building C object libs/libc/CMakeFiles/kc.dir/wchar/lib_wcstok.c.o
[2102/3622] Building C object libs/libc/CMakeFiles/kc.dir/wctype/lib_wctype.c.o
[2103/3622] Building C object libs/libc/CMakeFiles/kc.dir/wchar/lib_wcwidth.c.o
[2104/3622] Building C object libs/libc/CMakeFiles/kc.dir/wchar/lib_wcswidth.c.o
[2105/3622] Building C object libs/libc/CMakeFiles/kc.dir/wchar/lib_wcsstr.c.o
[2106/3622] Building C object libs/libc/CMakeFiles/kc.dir/wctype/lib_iswctype.c.o
[2107/3622] Building C object libs/libc/CMakeFiles/kc.dir/wctype/lib_towlower.c.o
[2108/3622] Building C object libs/libc/CMakeFiles/kc.dir/wctype/lib_towupper.c.o
[2109/3622] Building C object mm/CMakeFiles/mm.dir/iob/iob_add_queue.c.o
[2110/3622] Building C object mm/CMakeFiles/mm.dir/iob/iob_concat.c.o
[2111/3622] Building C object mm/CMakeFiles/mm.dir/iob/iob_alloc_qentry.c.o
[2112/3622] Building C object mm/CMakeFiles/mm.dir/iob/iob_copyout.c.o
[2113/3622] Building C object mm/CMakeFiles/mm.dir/iob/iob_clone.c.o
[2114/3622] Building C object mm/CMakeFiles/mm.dir/iob/iob_copyin.c.o
[2115/3622] Building C object mm/CMakeFiles/mm.dir/iob/iob_alloc.c.o
[2116/3622] Building C object mm/CMakeFiles/mm.dir/iob/iob_contig.c.o
[2117/3622] Building C object mm/CMakeFiles/mm.dir/iob/iob_free_chain.c.o
[2118/3622] Building C object mm/CMakeFiles/mm.dir/iob/iob_free.c.o
[2119/3622] Building C object mm/CMakeFiles/mm.dir/iob/iob_free_queue.c.o
[2120/3622] Building C object mm/CMakeFiles/mm.dir/iob/iob_free_qentry.c.o
[2121/3622] Building C object mm/CMakeFiles/mm.dir/iob/iob_initialize.c.o
[2122/3622] Building C object mm/CMakeFiles/mm.dir/iob/iob_pack.c.o
[2123/3622] Building C object mm/CMakeFiles/mm.dir/iob/iob_peek_queue.c.o
[2124/3622] Building C object mm/CMakeFiles/mm.dir/iob/iob_remove_queue.c.o
[2125/3622] Building C object mm/CMakeFiles/mm.dir/iob/iob_statistics.c.o
[2126/3622] Building C object mm/CMakeFiles/mm.dir/iob/iob_trimhead.c.o
[2127/3622] Building C object mm/CMakeFiles/mm.dir/iob/iob_trimhead_queue.c.o
[2128/3622] Building C object mm/CMakeFiles/mm.dir/iob/iob_trimtail.c.o
[2129/3622] Building C object mm/CMakeFiles/mm.dir/iob/iob_navail.c.o
[2130/3622] Building C object mm/CMakeFiles/mm.dir/iob/iob_free_queue_qentry.c.o
[2131/3622] Building C object mm/CMakeFiles/mm.dir/iob/iob_tailroom.c.o
[2132/3622] Building C object mm/CMakeFiles/mm.dir/iob/iob_get_queue_info.c.o
[2133/3622] Building C object mm/CMakeFiles/mm.dir/iob/iob_reserve.c.o
[2134/3622] Building C object mm/CMakeFiles/mm.dir/iob/iob_count.c.o
[2135/3622] Building C object mm/CMakeFiles/mm.dir/iob/iob_update_pktlen.c.o
[2136/3622] Building C object mm/CMakeFiles/mm.dir/kasan/hook.c.o
[2137/3622] Building C object mm/CMakeFiles/mm.dir/iob/iob_dump.c.o
[2138/3622] Building C object mm/CMakeFiles/mm.dir/kmm_heap/kmm_addregion.c.o
[2139/3622] Building C object mm/CMakeFiles/mm.dir/kmm_heap/kmm_initialize.c.o
[2140/3622] Building C object mm/CMakeFiles/mm.dir/kmm_heap/kmm_malloc_size.c.o
[2141/3622] Building C object mm/CMakeFiles/mm.dir/kmm_heap/kmm_brkaddr.c.o
[2142/3622] Building C object mm/CMakeFiles/mm.dir/kmm_heap/kmm_calloc.c.o
[2143/3622] Building C object mm/CMakeFiles/mm.dir/kmm_heap/kmm_extend.c.o
[2144/3622] Building C object mm/CMakeFiles/mm.dir/kmm_heap/kmm_free.c.o
[2145/3622] Building C object mm/CMakeFiles/mm.dir/kmm_heap/kmm_mallinfo.c.o
[2146/3622] Building C object mm/CMakeFiles/mm.dir/kmm_heap/kmm_malloc.c.o
[2147/3622] Building C object mm/CMakeFiles/mm.dir/kmm_heap/kmm_memalign.c.o
[2148/3622] Building C object mm/CMakeFiles/mm.dir/kmm_heap/kmm_realloc.c.o
[2149/3622] Building C object mm/CMakeFiles/mm.dir/kmm_heap/kmm_zalloc.c.o
[2150/3622] Building C object mm/CMakeFiles/mm.dir/kmm_heap/kmm_heapmember.c.o
[2151/3622] Building C object mm/CMakeFiles/mm.dir/kmm_heap/kmm_memdump.c.o
[2152/3622] Building C object mm/CMakeFiles/mm.dir/map/mm_map.c.o
[2153/3622] Building C object mm/CMakeFiles/mm.dir/mm_gran/mm_graninit.c.o
[2154/3622] Building C object mm/CMakeFiles/mm.dir/mm_gran/mm_granrelease.c.o
[2155/3622] Building C object mm/CMakeFiles/mm.dir/mempool/mempool_procfs.c.o
[2156/3622] Building C object mm/CMakeFiles/mm.dir/mm_gran/mm_grancritical.c.o
[2157/3622] Building C object mm/CMakeFiles/mm.dir/mm_gran/mm_graninfo.c.o
[2158/3622] Building C object mm/CMakeFiles/mm.dir/mm_gran/mm_granalloc.c.o
[2159/3622] Building C object mm/CMakeFiles/mm.dir/mm_gran/mm_granfree.c.o
[2160/3622] Building C object mm/CMakeFiles/mm.dir/mm_gran/mm_grantable.c.o
[2161/3622] Building C object mm/CMakeFiles/mm.dir/mempool/mempool.c.o
[2162/3622] Building C object mm/CMakeFiles/mm.dir/mm_gran/mm_granreserve.c.o
[2163/3622] Building C object mm/CMakeFiles/mm.dir/mm_gran/mm_pgalloc.c.o
[2164/3622] Building C object mm/CMakeFiles/mm.dir/mm_heap/mm_malloc_size.c.o
[2165/3622] Building C object mm/CMakeFiles/mm.dir/mm_heap/mm_calloc.c.o
[2166/3622] Linking C static library libs/libc/libkc.a
[2167/3622] Building C object mm/CMakeFiles/mm.dir/mempool/mempool_multiple.c.o
[2168/3622] Building C object mm/CMakeFiles/mm.dir/mm_heap/mm_brkaddr.c.o
[2169/3622] Building C object mm/CMakeFiles/mm.dir/mm_heap/mm_shrinkchunk.c.o
[2170/3622] Building C object mm/CMakeFiles/mm.dir/mm_heap/mm_initialize.c.o
[2171/3622] Building C object mm/CMakeFiles/mm.dir/mm_heap/mm_extend.c.o
[2172/3622] Building C object mm/CMakeFiles/mm.dir/mm_heap/mm_zalloc.c.o
[2173/3622] Building C object mm/CMakeFiles/mm.dir/mm_heap/mm_free.c.o
[2174/3622] Building C object mm/CMakeFiles/mm.dir/mm_heap/mm_mallinfo.c.o
[2175/3622] Building C object mm/CMakeFiles/mm.dir/mm_heap/mm_foreach.c.o
[2176/3622] Building C object mm/CMakeFiles/mm.dir/mm_heap/mm_malloc.c.o
[2177/3622] Building C object mm/CMakeFiles/mm.dir/mm_heap/mm_memalign.c.o
[2178/3622] Building C object mm/CMakeFiles/mm.dir/mm_heap/mm_heapmember.c.o
[2179/3622] Building C object mm/CMakeFiles/mm.dir/umm_heap/umm_globals.c.o
[2180/3622] Building C object mm/CMakeFiles/mm.dir/mm_heap/mm_sbrk.c.o
[2181/3622] Building C object mm/CMakeFiles/mm.dir/umm_heap/umm_initialize.c.o
[2182/3622] Building C object mm/CMakeFiles/mm.dir/mm_heap/mm_realloc.c.o
[2183/3622] Building C object mm/CMakeFiles/mm.dir/umm_heap/umm_addregion.c.o
[2184/3622] Building C object mm/CMakeFiles/mm.dir/mm_heap/mm_memdump.c.o
[2185/3622] Building C object mm/CMakeFiles/mm.dir/umm_heap/umm_malloc_size.c.o
[2186/3622] Building C object mm/CMakeFiles/mm.dir/umm_heap/umm_brkaddr.c.o
[2187/3622] Building C object mm/CMakeFiles/mm.dir/umm_heap/umm_extend.c.o
[2188/3622] Building C object mm/CMakeFiles/mm.dir/umm_heap/umm_free.c.o
[2189/3622] Building C object mm/CMakeFiles/mm.dir/umm_heap/umm_calloc.c.o
[2190/3622] Building C object mm/CMakeFiles/mm.dir/umm_heap/umm_mallinfo.c.o
[2191/3622] Building C object mm/CMakeFiles/mm.dir/umm_heap/umm_malloc.c.o
[2192/3622] Building C object mm/CMakeFiles/mm.dir/umm_heap/umm_memalign.c.o
[2193/3622] Building C object mm/CMakeFiles/mm.dir/umm_heap/umm_realloc.c.o
[2194/3622] Building C object mm/CMakeFiles/mm.dir/umm_heap/umm_zalloc.c.o
[2195/3622] Building C object mm/CMakeFiles/mm.dir/umm_heap/umm_heapmember.c.o
[2196/3622] Building C object mm/CMakeFiles/mm.dir/umm_heap/umm_memdump.c.o
[2197/3622] Building C object mm/CMakeFiles/mm.dir/umm_heap/umm_sbrk.c.o
[2198/3622] Building C object mm/CMakeFiles/kmm.dir/iob/iob_clone.c.o
[2199/3622] Building C object mm/CMakeFiles/kmm.dir/iob/iob_add_queue.c.o
[2200/3622] Building C object mm/CMakeFiles/kmm.dir/iob/iob_concat.c.o
[2201/3622] Building C object mm/CMakeFiles/kmm.dir/iob/iob_alloc_qentry.c.o
[2202/3622] Building C object mm/CMakeFiles/kmm.dir/iob/iob_copyout.c.o
[2203/3622] Building C object mm/CMakeFiles/kmm.dir/iob/iob_copyin.c.o
[2204/3622] Linking C static library mm/libmm.a
[2205/3622] Building C object mm/CMakeFiles/kmm.dir/iob/iob_alloc.c.o
[2206/3622] Building C object mm/CMakeFiles/kmm.dir/iob/iob_free_chain.c.o
[2207/3622] Building C object mm/CMakeFiles/kmm.dir/iob/iob_contig.c.o
[2208/3622] Building C object mm/CMakeFiles/kmm.dir/iob/iob_free.c.o
[2209/3622] Building C object mm/CMakeFiles/kmm.dir/iob/iob_free_queue.c.o
[2210/3622] Building C object mm/CMakeFiles/kmm.dir/iob/iob_free_qentry.c.o
[2211/3622] Building C object mm/CMakeFiles/kmm.dir/iob/iob_initialize.c.o
[2212/3622] Building C object mm/CMakeFiles/kmm.dir/iob/iob_peek_queue.c.o
[2213/3622] Building C object mm/CMakeFiles/kmm.dir/iob/iob_pack.c.o
[2214/3622] Building C object mm/CMakeFiles/kmm.dir/iob/iob_statistics.c.o
[2215/3622] Building C object mm/CMakeFiles/kmm.dir/iob/iob_remove_queue.c.o
[2216/3622] Building C object mm/CMakeFiles/kmm.dir/iob/iob_trimhead_queue.c.o
[2217/3622] Building C object mm/CMakeFiles/kmm.dir/iob/iob_trimhead.c.o
[2218/3622] Building C object mm/CMakeFiles/kmm.dir/iob/iob_trimtail.c.o
[2219/3622] Building C object mm/CMakeFiles/kmm.dir/iob/iob_navail.c.o
[2220/3622] Building C object mm/CMakeFiles/kmm.dir/iob/iob_free_queue_qentry.c.o
[2221/3622] Building C object mm/CMakeFiles/kmm.dir/iob/iob_tailroom.c.o
[2222/3622] Building C object mm/CMakeFiles/kmm.dir/iob/iob_get_queue_info.c.o
[2223/3622] Building C object mm/CMakeFiles/kmm.dir/iob/iob_reserve.c.o
[2224/3622] Building C object mm/CMakeFiles/kmm.dir/kasan/hook.c.o
[2225/3622] Building C object mm/CMakeFiles/kmm.dir/iob/iob_count.c.o
[2226/3622] Building C object mm/CMakeFiles/kmm.dir/iob/iob_update_pktlen.c.o
[2227/3622] Building C object mm/CMakeFiles/kmm.dir/kmm_heap/kmm_initialize.c.o
[2228/3622] Building C object mm/CMakeFiles/kmm.dir/kmm_heap/kmm_addregion.c.o
[2229/3622] Building C object mm/CMakeFiles/kmm.dir/iob/iob_dump.c.o
[2230/3622] Building C object mm/CMakeFiles/kmm.dir/kmm_heap/kmm_malloc_size.c.o
[2231/3622] Building C object mm/CMakeFiles/kmm.dir/kmm_heap/kmm_brkaddr.c.o
[2232/3622] Building C object mm/CMakeFiles/kmm.dir/kmm_heap/kmm_calloc.c.o
[2233/3622] Building C object mm/CMakeFiles/kmm.dir/kmm_heap/kmm_extend.c.o
[2234/3622] Building C object mm/CMakeFiles/kmm.dir/kmm_heap/kmm_free.c.o
[2235/3622] Building C object mm/CMakeFiles/kmm.dir/kmm_heap/kmm_mallinfo.c.o
[2236/3622] Building C object mm/CMakeFiles/kmm.dir/kmm_heap/kmm_malloc.c.o
[2237/3622] Building C object mm/CMakeFiles/kmm.dir/kmm_heap/kmm_memalign.c.o
[2238/3622] Building C object mm/CMakeFiles/kmm.dir/kmm_heap/kmm_realloc.c.o
[2239/3622] Building C object mm/CMakeFiles/kmm.dir/kmm_heap/kmm_zalloc.c.o
[2240/3622] Building C object mm/CMakeFiles/kmm.dir/kmm_heap/kmm_heapmember.c.o
[2241/3622] Building C object mm/CMakeFiles/kmm.dir/kmm_heap/kmm_memdump.c.o
[2242/3622] Building C object mm/CMakeFiles/kmm.dir/mempool/mempool_procfs.c.o
[2243/3622] Building C object mm/CMakeFiles/kmm.dir/mm_gran/mm_granrelease.c.o
[2244/3622] Building C object mm/CMakeFiles/kmm.dir/mm_gran/mm_graninit.c.o
[2245/3622] Building C object mm/CMakeFiles/kmm.dir/mm_gran/mm_grancritical.c.o
[2246/3622] Building C object mm/CMakeFiles/kmm.dir/mm_gran/mm_graninfo.c.o
[2247/3622] Building C object mm/CMakeFiles/kmm.dir/mm_gran/mm_granalloc.c.o
[2248/3622] Building C object mm/CMakeFiles/kmm.dir/mm_gran/mm_granfree.c.o
[2249/3622] Building C object mm/CMakeFiles/kmm.dir/mm_gran/mm_granreserve.c.o
[2250/3622] Building C object mm/CMakeFiles/kmm.dir/mm_gran/mm_grantable.c.o
[2251/3622] Building C object mm/CMakeFiles/kmm.dir/map/mm_map.c.o
[2252/3622] Building C object mm/CMakeFiles/kmm.dir/mm_gran/mm_pgalloc.c.o
[2253/3622] Building C object mm/CMakeFiles/kmm.dir/mempool/mempool.c.o
[2254/3622] Building C object mm/CMakeFiles/kmm.dir/mm_heap/mm_malloc_size.c.o
[2255/3622] Building C object mm/CMakeFiles/kmm.dir/mm_heap/mm_calloc.c.o
[2256/3622] Building C object mm/CMakeFiles/kmm.dir/mm_heap/mm_brkaddr.c.o
[2257/3622] Building C object mm/CMakeFiles/kmm.dir/mempool/mempool_multiple.c.o
[2258/3622] Building C object mm/CMakeFiles/kmm.dir/mm_heap/mm_shrinkchunk.c.o
[2259/3622] Building C object mm/CMakeFiles/kmm.dir/mm_heap/mm_initialize.c.o
[2260/3622] Building C object mm/CMakeFiles/kmm.dir/mm_heap/mm_extend.c.o
[2261/3622] Building C object mm/CMakeFiles/kmm.dir/mm_heap/mm_mallinfo.c.o
[2262/3622] Building C object mm/CMakeFiles/kmm.dir/mm_heap/mm_free.c.o
[2263/3622] Building C object mm/CMakeFiles/kmm.dir/mm_heap/mm_zalloc.c.o
[2264/3622] Building C object mm/CMakeFiles/kmm.dir/mm_heap/mm_malloc.c.o
[2265/3622] Building C object mm/CMakeFiles/kmm.dir/mm_heap/mm_heapmember.c.o
[2266/3622] Building C object mm/CMakeFiles/kmm.dir/mm_heap/mm_foreach.c.o
[2267/3622] Building C object mm/CMakeFiles/kmm.dir/mm_heap/mm_memalign.c.o
[2268/3622] Building C object mm/CMakeFiles/kmm.dir/mm_heap/mm_sbrk.c.o
[2269/3622] Building C object mm/CMakeFiles/kmm.dir/mm_heap/mm_realloc.c.o
[2270/3622] Building C object mm/CMakeFiles/kmm.dir/umm_heap/umm_globals.c.o
[2271/3622] Building C object mm/CMakeFiles/kmm.dir/umm_heap/umm_addregion.c.o
[2272/3622] Building C object mm/CMakeFiles/kmm.dir/mm_heap/mm_memdump.c.o
[2273/3622] Building C object mm/CMakeFiles/kmm.dir/umm_heap/umm_initialize.c.o
[2274/3622] Building C object mm/CMakeFiles/kmm.dir/umm_heap/umm_malloc_size.c.o
[2275/3622] Building C object mm/CMakeFiles/kmm.dir/umm_heap/umm_brkaddr.c.o
[2276/3622] Building C object mm/CMakeFiles/kmm.dir/umm_heap/umm_calloc.c.o
[2277/3622] Building C object mm/CMakeFiles/kmm.dir/umm_heap/umm_extend.c.o
[2278/3622] Building C object mm/CMakeFiles/kmm.dir/umm_heap/umm_free.c.o
[2279/3622] Building C object mm/CMakeFiles/kmm.dir/umm_heap/umm_mallinfo.c.o
[2280/3622] Building C object mm/CMakeFiles/kmm.dir/umm_heap/umm_malloc.c.o
[2281/3622] Building C object mm/CMakeFiles/kmm.dir/umm_heap/umm_memalign.c.o
[2282/3622] Building C object mm/CMakeFiles/kmm.dir/umm_heap/umm_realloc.c.o
[2283/3622] Building C object mm/CMakeFiles/kmm.dir/umm_heap/umm_zalloc.c.o
[2284/3622] Building C object mm/CMakeFiles/kmm.dir/umm_heap/umm_heapmember.c.o
[2285/3622] Building C object mm/CMakeFiles/kmm.dir/umm_heap/umm_memdump.c.o
[2286/3622] Building C object mm/CMakeFiles/kmm.dir/umm_heap/umm_sbrk.c.o
[2287/3622] Building C object net/CMakeFiles/net.dir/arp/arp_poll.c.o
[2288/3622] Building C object net/CMakeFiles/net.dir/arp/arp_format.c.o
[2289/3622] Building C object net/CMakeFiles/net.dir/arp/arp_out.c.o
[2290/3622] Building C object net/CMakeFiles/net.dir/arp/arp_input.c.o
[2291/3622] Building C object net/CMakeFiles/net.dir/arp/arp_table.c.o
[2292/3622] Linking C static library mm/libkmm.a
[2293/3622] Building C object net/CMakeFiles/net.dir/arp/arp_notify.c.o
[2294/3622] Building C object net/CMakeFiles/net.dir/devif/devif_send.c.o
[2295/3622] Building C object net/CMakeFiles/net.dir/devif/devif_loopback.c.o
[2296/3622] Building C object net/CMakeFiles/net.dir/arp/arp_send.c.o
[2297/3622] Building C object net/CMakeFiles/net.dir/devif/devif_callback.c.o
[2298/3622] Building C object net/CMakeFiles/net.dir/devif/devif_iobsend.c.o
[2299/3622] Building C object net/CMakeFiles/net.dir/devif/ipv4_input.c.o
[2300/3622] Building C object net/CMakeFiles/net.dir/devif/devif_filesend.c.o
[2301/3622] Building C object net/CMakeFiles/net.dir/icmp/icmp_reply.c.o
[2302/3622] Building C object net/CMakeFiles/net.dir/icmp/icmp_poll.c.o
[2303/3622] Building C object net/CMakeFiles/net.dir/icmp/icmp_input.c.o
[2304/3622] Building C object net/CMakeFiles/net.dir/devif/devif_poll.c.o
[2305/3622] Building C object net/CMakeFiles/net.dir/icmp/icmp_sockif.c.o
[2306/3622] Building C object net/CMakeFiles/net.dir/inet/inet_txdrain.c.o
[2307/3622] Building C object net/CMakeFiles/net.dir/inet/inet_globals.c.o
[2308/3622] Building C object net/CMakeFiles/net.dir/icmp/icmp_ioctl.c.o
[2309/3622] Building C object net/CMakeFiles/net.dir/icmp/icmp_recvmsg.c.o
[2310/3622] Building C object net/CMakeFiles/net.dir/icmp/icmp_conn.c.o
[2311/3622] Building C object net/CMakeFiles/net.dir/icmp/icmp_sendmsg.c.o
[2312/3622] Building C object net/CMakeFiles/net.dir/icmp/icmp_netpoll.c.o
[2313/3622] Building C object net/CMakeFiles/net.dir/inet/ipv4_getpeername.c.o
[2314/3622] Building C object net/CMakeFiles/net.dir/inet/ipv4_build_header.c.o
[2315/3622] Building C object net/CMakeFiles/net.dir/inet/ipv4_setsockopt.c.o
[2316/3622] Building C object net/CMakeFiles/net.dir/inet/ipv4_getsockopt.c.o
[2317/3622] Building C object net/CMakeFiles/net.dir/local/local_release.c.o
[2318/3622] Building C object net/CMakeFiles/net.dir/inet/ipv4_getsockname.c.o
[2319/3622] Building C object net/CMakeFiles/net.dir/local/local_conn.c.o
[2320/3622] Building C object net/CMakeFiles/net.dir/inet/inet_sockif.c.o
[2321/3622] Building C object net/CMakeFiles/net.dir/local/local_bind.c.o
[2322/3622] Building C object net/CMakeFiles/net.dir/local/local_recvutils.c.o
[2323/3622] Building C object net/CMakeFiles/net.dir/local/local_sendpacket.c.o
[2324/3622] Building C object net/CMakeFiles/net.dir/local/local_recvmsg.c.o
[2325/3622] Building C object net/CMakeFiles/net.dir/local/local_fifo.c.o
[2326/3622] Building C object net/CMakeFiles/net.dir/local/local_sendmsg.c.o
[2327/3622] Building C object net/CMakeFiles/net.dir/local/local_listen.c.o
[2328/3622] Building C object net/CMakeFiles/net.dir/local/local_netpoll.c.o
[2329/3622] Building C object net/CMakeFiles/net.dir/local/local_connect.c.o
[2330/3622] Building C object net/CMakeFiles/net.dir/local/local_accept.c.o
[2331/3622] Building C object net/CMakeFiles/net.dir/netdev/netdev_txnotify.c.o
[2332/3622] Building C object net/CMakeFiles/net.dir/local/local_sockif.c.o
[2333/3622] Building C object net/CMakeFiles/net.dir/netdev/netdev_register.c.o
[2334/3622] Building C object net/CMakeFiles/net.dir/netdev/netdev_findbyname.c.o
[2335/3622] Building C object net/CMakeFiles/net.dir/netdev/netdev_findbyindex.c.o
[2336/3622] Building C object net/CMakeFiles/net.dir/netdev/netdev_findbyaddr.c.o
[2337/3622] Building C object net/CMakeFiles/net.dir/netdev/netdev_count.c.o
[2338/3622] Building C object net/CMakeFiles/net.dir/netdev/netdev_foreach.c.o
[2339/3622] Building C object net/CMakeFiles/net.dir/netdev/netdev_ifconf.c.o
[2340/3622] Building C object net/CMakeFiles/net.dir/netdev/netdev_ioctl.c.o
[2341/3622] Building C object net/CMakeFiles/net.dir/netdev/netdev_carrier.c.o
[2342/3622] Building C object net/CMakeFiles/net.dir/netdev/netdev_unregister.c.o
[2343/3622] Building C object net/CMakeFiles/net.dir/netdev/netdev_verify.c.o
[2344/3622] Building C object net/CMakeFiles/net.dir/netdev/netdev_default.c.o
[2345/3622] Building C object net/CMakeFiles/net.dir/netdev/netdev_lladdrsize.c.o
[2346/3622] Building C object net/CMakeFiles/net.dir/netdev/netdev_input.c.o
[2347/3622] Building C object net/CMakeFiles/net.dir/netdev/netdev_checksum.c.o
[2348/3622] Building C object net/CMakeFiles/net.dir/netdev/netdev_iob.c.o
[2349/3622] Building C object net/CMakeFiles/net.dir/socket/accept.c.o
[2350/3622] Building C object net/CMakeFiles/net.dir/socket/bind.c.o
[2351/3622] Building C object net/CMakeFiles/net.dir/procfs/netdev_statistics.c.o
[2352/3622] Building C object net/CMakeFiles/net.dir/socket/connect.c.o
[2353/3622] Building C object net/CMakeFiles/net.dir/socket/getsockname.c.o
[2354/3622] Building C object net/CMakeFiles/net.dir/socket/getpeername.c.o
[2355/3622] Building C object net/CMakeFiles/net.dir/procfs/net_procfs.c.o
[2356/3622] Building C object net/CMakeFiles/net.dir/socket/recv.c.o
[2357/3622] Building C object net/CMakeFiles/net.dir/socket/listen.c.o
[2358/3622] Building C object net/CMakeFiles/net.dir/socket/recvfrom.c.o
[2359/3622] Building C object net/CMakeFiles/net.dir/socket/send.c.o
[2360/3622] Building C object net/CMakeFiles/net.dir/socket/sendto.c.o
[2361/3622] Building C object net/CMakeFiles/net.dir/socket/socket.c.o
[2362/3622] Building C object net/CMakeFiles/net.dir/socket/socketpair.c.o
[2363/3622] Building C object net/CMakeFiles/net.dir/socket/net_close.c.o
[2364/3622] Building C object net/CMakeFiles/net.dir/socket/recvmsg.c.o
[2365/3622] Building C object net/CMakeFiles/net.dir/socket/sendmsg.c.o
[2366/3622] Building C object net/CMakeFiles/net.dir/socket/shutdown.c.o
[2367/3622] Building C object net/CMakeFiles/net.dir/socket/net_poll.c.o
[2368/3622] Building C object net/CMakeFiles/net.dir/socket/net_sockif.c.o
[2369/3622] Building C object net/CMakeFiles/net.dir/socket/net_mmap.c.o
[2370/3622] Building C object net/CMakeFiles/net.dir/socket/net_dup2.c.o
[2371/3622] Building C object net/CMakeFiles/net.dir/socket/net_fstat.c.o
[2372/3622] Building C object net/CMakeFiles/net.dir/socket/net_timeo.c.o
[2373/3622] Building C object net/CMakeFiles/net.dir/socket/getsockopt.c.o
[2374/3622] Building C object net/CMakeFiles/net.dir/socket/setsockopt.c.o
[2375/3622] Building C object net/CMakeFiles/net.dir/tcp/tcp_getsockopt.c.o
[2376/3622] Building C object net/CMakeFiles/net.dir/tcp/tcp_setsockopt.c.o
[2377/3622] Building C object net/CMakeFiles/net.dir/tcp/tcp_accept.c.o
[2378/3622] Building C object net/CMakeFiles/net.dir/tcp/tcp_connect.c.o
[2379/3622] Building C object net/CMakeFiles/net.dir/tcp/tcp_seqno.c.o
[2380/3622] Building C object net/CMakeFiles/net.dir/tcp/tcp_recvfrom.c.o
[2381/3622] Building C object net/CMakeFiles/net.dir/tcp/tcp_finddev.c.o
[2382/3622] Building C object net/CMakeFiles/net.dir/tcp/tcp_devpoll.c.o
[2383/3622] Building C object net/CMakeFiles/net.dir/tcp/tcp_send.c.o
[2384/3622] Building C object net/CMakeFiles/net.dir/tcp/tcp_appsend.c.o
[2385/3622] Building C object net/CMakeFiles/net.dir/tcp/tcp_timer.c.o
[2386/3622] Building C object net/CMakeFiles/net.dir/tcp/tcp_send_buffered.c.o
[2387/3622] Building C object net/CMakeFiles/net.dir/tcp/tcp_backlog.c.o
[2388/3622] Building C object net/CMakeFiles/net.dir/tcp/tcp_listen.c.o
[2389/3622] Building C object net/CMakeFiles/net.dir/tcp/tcp_conn.c.o
[2390/3622] Building C object net/CMakeFiles/net.dir/tcp/tcp_input.c.o
[2391/3622] Building C object net/CMakeFiles/net.dir/tcp/tcp_monitor.c.o
[2392/3622] Building C object net/CMakeFiles/net.dir/tcp/tcp_close.c.o
[2393/3622] Building C object net/CMakeFiles/net.dir/tcp/tcp_callback.c.o
[2394/3622] Building C object net/CMakeFiles/net.dir/tcp/tcp_ipselect.c.o
[2395/3622] Building C object net/CMakeFiles/net.dir/tcp/tcp_recvwindow.c.o
[2396/3622] Building C object net/CMakeFiles/net.dir/tcp/tcp_ioctl.c.o
[2397/3622] Building C object net/CMakeFiles/net.dir/tcp/tcp_dump.c.o
[2398/3622] Building C object net/CMakeFiles/net.dir/tcp/tcp_wrbuffer.c.o
[2399/3622] Building C object net/CMakeFiles/net.dir/tcp/tcp_shutdown.c.o
[2400/3622] Building C object net/CMakeFiles/net.dir/tcp/tcp_netpoll.c.o
[2401/3622] Building C object net/CMakeFiles/net.dir/udp/udp_devpoll.c.o
[2402/3622] Building C object net/CMakeFiles/net.dir/udp/udp_send.c.o
[2403/3622] Building C object net/CMakeFiles/net.dir/udp/udp_recvfrom.c.o
[2404/3622] Building C object net/CMakeFiles/net.dir/udp/udp_finddev.c.o
[2405/3622] Building C object net/CMakeFiles/net.dir/udp/udp_input.c.o
[2406/3622] Building C object net/CMakeFiles/net.dir/udp/udp_ipselect.c.o
[2407/3622] Building C object net/CMakeFiles/net.dir/udp/udp_sendto_buffered.c.o
[2408/3622] Building C object net/CMakeFiles/net.dir/udp/udp_conn.c.o
[2409/3622] Building C object net/CMakeFiles/net.dir/udp/udp_close.c.o
[2410/3622] Building C object net/CMakeFiles/net.dir/udp/udp_wrbuffer_dump.c.o
[2411/3622] Building C object net/CMakeFiles/net.dir/udp/udp_ioctl.c.o
[2412/3622] Building C object net/CMakeFiles/net.dir/utils/net_dsec2tick.c.o
[2413/3622] Building C object net/CMakeFiles/net.dir/utils/net_dsec2timeval.c.o
[2414/3622] Building C object net/CMakeFiles/net.dir/utils/net_timeval2dsec.c.o
[2415/3622] Building C object net/CMakeFiles/net.dir/udp/udp_wrbuffer.c.o
[2416/3622] Building C object net/CMakeFiles/net.dir/udp/udp_callback.c.o
[2417/3622] Building C object net/CMakeFiles/net.dir/udp/udp_netpoll.c.o
[2418/3622] Building C object net/CMakeFiles/net.dir/utils/net_incr32.c.o
[2419/3622] Building C object net/CMakeFiles/net.dir/utils/net_cmsg.c.o
[2420/3622] Building C object net/CMakeFiles/net.dir/utils/net_ipchksum.c.o
[2421/3622] Building C object net/CMakeFiles/net.dir/utils/net_chksum.c.o
[2422/3622] Building C object net/CMakeFiles/net.dir/utils/net_iob_concat.c.o
[2423/3622] Building C object net/CMakeFiles/net.dir/utils/net_mask2pref.c.o
[2424/3622] Building C object net/CMakeFiles/net.dir/utils/net_snoop.c.o
[2425/3622] Building C object net/CMakeFiles/net.dir/utils/net_tcpchksum.c.o
[2426/3622] Building C object net/CMakeFiles/net.dir/utils/net_udpchksum.c.o
[2427/3622] Building C object net/CMakeFiles/net.dir/utils/net_icmpchksum.c.o
[2428/3622] Building C object net/CMakeFiles/net.dir/net_initialize.c.o
[2429/3622] Building C object sched/CMakeFiles/sched.dir/clock/clock.c.o
[2430/3622] Building C object sched/CMakeFiles/sched.dir/clock/clock_getres.c.o
[2431/3622] Building C object sched/CMakeFiles/sched.dir/addrenv/addrenv.c.o
[2432/3622] Building C object sched/CMakeFiles/sched.dir/clock/clock_settime.c.o
[2433/3622] Building C object sched/CMakeFiles/sched.dir/clock/clock_gettime.c.o
[2434/3622] Building C object net/CMakeFiles/net.dir/utils/net_lock.c.o
[2435/3622] Building C object sched/CMakeFiles/sched.dir/clock/clock_notifier.c.o
[2436/3622] Building C object sched/CMakeFiles/sched.dir/clock/clock_initialize.c.o
[2437/3622] Building C object sched/CMakeFiles/sched.dir/clock/clock_systime_ticks.c.o
[2438/3622] Building C object sched/CMakeFiles/sched.dir/clock/clock_realtime2absticks.c.o
[2439/3622] Building C object sched/CMakeFiles/sched.dir/clock/clock_systime_timespec.c.o
[2440/3622] Building C object sched/CMakeFiles/sched.dir/clock/clock_perf.c.o
[2441/3622] Building C object sched/CMakeFiles/sched.dir/group/group_join.c.o
[2442/3622] Building C object sched/CMakeFiles/sched.dir/group/group_create.c.o
[2443/3622] Building C object sched/CMakeFiles/sched.dir/group/group_setupidlefiles.c.o
[2444/3622] Building C object sched/CMakeFiles/sched.dir/group/group_leave.c.o
[2445/3622] Building C object sched/CMakeFiles/sched.dir/group/group_setuptaskfiles.c.o
[2446/3622] Building C object sched/CMakeFiles/sched.dir/group/group_foreachchild.c.o
[2447/3622] Building C object sched/CMakeFiles/sched.dir/group/group_killchildren.c.o
[2448/3622] Linking C static library net/libnet.a
[2449/3622] Building C object sched/CMakeFiles/sched.dir/group/group_suspendchildren.c.o
[2450/3622] Building C object sched/CMakeFiles/sched.dir/group/group_continue.c.o
[2451/3622] Building C object sched/CMakeFiles/sched.dir/group/group_signal.c.o
[2452/3622] Building C object sched/CMakeFiles/sched.dir/group/group_zalloc.c.o
[2453/3622] Building C object sched/CMakeFiles/sched.dir/group/group_realloc.c.o
[2454/3622] Building C object sched/CMakeFiles/sched.dir/group/group_malloc.c.o
[2455/3622] Building C object sched/CMakeFiles/sched.dir/group/group_memalign.c.o
[2456/3622] Building C object sched/CMakeFiles/sched.dir/group/group_free.c.o
[2457/3622] Building C object sched/CMakeFiles/sched.dir/instrument/instrument.c.o
[2458/3622] Building C object sched/CMakeFiles/sched.dir/group/group_heap.c.o
[2459/3622] Building C object sched/CMakeFiles/sched.dir/init/nx_smpstart.c.o
[2460/3622] Building C object sched/CMakeFiles/sched.dir/irq/irq_initialize.c.o
[2461/3622] Building C object sched/CMakeFiles/sched.dir/init/nx_bringup.c.o
[2462/3622] Building C object sched/CMakeFiles/sched.dir/init/nx_start.c.o
[2463/3622] Building C object sched/CMakeFiles/sched.dir/irq/irq_attach.c.o
[2464/3622] Building C object sched/CMakeFiles/sched.dir/irq/irq_dispatch.c.o
[2465/3622] Building C object sched/CMakeFiles/sched.dir/irq/irq_spinlock.c.o
[2466/3622] Building C object sched/CMakeFiles/sched.dir/irq/irq_csection.c.o
[2467/3622] Building C object sched/CMakeFiles/sched.dir/irq/irq_attach_thread.c.o
[2468/3622] Building C object sched/CMakeFiles/sched.dir/irq/irq_unexpectedisr.c.o
[2469/3622] Building C object sched/CMakeFiles/sched.dir/irq/irq_attach_wqueue.c.o
[2470/3622] Building C object sched/CMakeFiles/sched.dir/mqueue/mq_initialize.c.o
[2471/3622] Building C object sched/CMakeFiles/sched.dir/mqueue/mq_recover.c.o
[2472/3622] Building C object sched/CMakeFiles/sched.dir/mqueue/mq_waitirq.c.o
[2473/3622] Building C object sched/CMakeFiles/sched.dir/misc/panic_notifier.c.o
[2474/3622] Building C object sched/CMakeFiles/sched.dir/misc/reboot_notifier.c.o
[2475/3622] Building C object sched/CMakeFiles/sched.dir/mqueue/mq_send.c.o
[2476/3622] Building C object sched/CMakeFiles/sched.dir/mqueue/mq_sndinternal.c.o
[2477/3622] Building C object sched/CMakeFiles/sched.dir/misc/assert.c.o
[2478/3622] Building C object sched/CMakeFiles/sched.dir/mqueue/mq_msgfree.c.o
[2479/3622] Building C object sched/CMakeFiles/sched.dir/mqueue/mq_msgqalloc.c.o
[2480/3622] Building C object sched/CMakeFiles/sched.dir/mqueue/mq_receive.c.o
[2481/3622] Building C object sched/CMakeFiles/sched.dir/mqueue/mq_rcvinternal.c.o
[2482/3622] Building C object sched/CMakeFiles/sched.dir/mqueue/mq_msgqfree.c.o
[2483/3622] Building C object sched/CMakeFiles/sched.dir/mqueue/mq_setattr.c.o
[2484/3622] Building C object sched/CMakeFiles/sched.dir/mqueue/mq_getattr.c.o
[2485/3622] Building C object sched/CMakeFiles/sched.dir/mqueue/msgget.c.o
[2486/3622] Building C object sched/CMakeFiles/sched.dir/mqueue/mq_notify.c.o
[2487/3622] Building C object sched/CMakeFiles/sched.dir/mqueue/msgctl.c.o
[2488/3622] Building C object sched/CMakeFiles/sched.dir/mqueue/msginternal.c.o
[2489/3622] Building C object sched/CMakeFiles/sched.dir/pthread/pthread_exit.c.o
[2490/3622] Building C object sched/CMakeFiles/sched.dir/pthread/pthread_getschedparam.c.o
[2491/3622] Building C object sched/CMakeFiles/sched.dir/pthread/pthread_create.c.o
[2492/3622] Building C object sched/CMakeFiles/sched.dir/mqueue/msgsnd.c.o
[2493/3622] Building C object sched/CMakeFiles/sched.dir/mqueue/msgrcv.c.o
[2494/3622] Building C object sched/CMakeFiles/sched.dir/pthread/pthread_setschedparam.c.o
[2495/3622] Building C object sched/CMakeFiles/sched.dir/pthread/pthread_detach.c.o
[2496/3622] Building C object sched/CMakeFiles/sched.dir/pthread/pthread_sigmask.c.o
[2497/3622] Building C object sched/CMakeFiles/sched.dir/pthread/pthread_join.c.o
[2498/3622] Building C object sched/CMakeFiles/sched.dir/pthread/pthread_cancel.c.o
[2499/3622] Building C object sched/CMakeFiles/sched.dir/pthread/pthread_release.c.o
[2500/3622] Building C object sched/CMakeFiles/sched.dir/pthread/pthread_setschedprio.c.o
[2501/3622] Building C object sched/CMakeFiles/sched.dir/pthread/pthread_setaffinity.c.o
[2502/3622] Building C object sched/CMakeFiles/sched.dir/pthread/pthread_findjoininfo.c.o
[2503/3622] Building C object sched/CMakeFiles/sched.dir/pthread/pthread_getaffinity.c.o
[2504/3622] Building C object sched/CMakeFiles/sched.dir/sched/sched_getfiles.c.o
[2505/3622] Building C object sched/CMakeFiles/sched.dir/pthread/pthread_completejoin.c.o
[2506/3622] Building C object sched/CMakeFiles/sched.dir/sched/sched_profil.c.o
[2507/3622] Building C object sched/CMakeFiles/sched.dir/sched/sched_addreadytorun.c.o
[2508/3622] Building C object sched/CMakeFiles/sched.dir/sched/sched_removereadytorun.c.o
[2509/3622] Building C object sched/CMakeFiles/sched.dir/sched/sched_addblocked.c.o
[2510/3622] Building C object sched/CMakeFiles/sched.dir/sched/sched_removeblocked.c.o
[2511/3622] Building C object sched/CMakeFiles/sched.dir/sched/sched_verifytcb.c.o
[2512/3622] Building C object sched/CMakeFiles/sched.dir/sched/sched_releasetcb.c.o
[2513/3622] Building C object sched/CMakeFiles/sched.dir/sched/sched_setparam.c.o
[2514/3622] Building C object sched/CMakeFiles/sched.dir/sched/sched_getparam.c.o
[2515/3622] Building C object sched/CMakeFiles/sched.dir/sched/sched_gettcb.c.o
[2516/3622] Building C object sched/CMakeFiles/sched.dir/sched/sched_setscheduler.c.o
[2517/3622] Building C object sched/CMakeFiles/sched.dir/sched/sched_getscheduler.c.o
[2518/3622] Building C object sched/CMakeFiles/sched.dir/sched/sched_yield.c.o
[2519/3622] Building C object sched/CMakeFiles/sched.dir/sched/sched_setpriority.c.o
[2520/3622] Building C object sched/CMakeFiles/sched.dir/sched/sched_rrgetinterval.c.o
[2521/3622] Building C object sched/CMakeFiles/sched.dir/sched/sched_foreach.c.o
[2522/3622] Building C object sched/CMakeFiles/sched.dir/sched/sched_lock.c.o
[2523/3622] Building C object sched/CMakeFiles/sched.dir/sched/sched_lockcount.c.o
[2524/3622] Building C object sched/CMakeFiles/sched.dir/sched/sched_idletask.c.o
[2525/3622] Building C object sched/CMakeFiles/sched.dir/sched/sched_getcpu.c.o
[2526/3622] Building C object sched/CMakeFiles/sched.dir/sched/sched_self.c.o
[2527/3622] Building C object sched/CMakeFiles/sched.dir/sched/sched_unlock.c.o
[2528/3622] Building C object sched/CMakeFiles/sched.dir/sched/sched_get_tls.c.o
[2529/3622] Building C object sched/CMakeFiles/sched.dir/sched/sched_sysinfo.c.o
[2530/3622] Building C object sched/CMakeFiles/sched.dir/sched/sched_get_stackinfo.c.o
[2531/3622] Building C object sched/CMakeFiles/sched.dir/sched/sched_switchcontext.c.o
[2532/3622] Building C object sched/CMakeFiles/sched.dir/sched/sched_getaffinity.c.o
[2533/3622] Building C object sched/CMakeFiles/sched.dir/sched/sched_get_stateinfo.c.o
[2534/3622] Building C object sched/CMakeFiles/sched.dir/sched/sched_setaffinity.c.o
[2535/3622] Building C object sched/CMakeFiles/sched.dir/sched/sched_process_delivered.c.o
[2536/3622] Building C object sched/CMakeFiles/sched.dir/sched/sched_wait.c.o
[2537/3622] Building C object sched/CMakeFiles/sched.dir/sched/sched_waitpid.c.o
[2538/3622] Building C object sched/CMakeFiles/sched.dir/sched/sched_waitid.c.o
[2539/3622] Building C object sched/CMakeFiles/sched.dir/sched/sched_suspend.c.o
[2540/3622] Building C object sched/CMakeFiles/sched.dir/sched/sched_processtimer.c.o
[2541/3622] Building C object sched/CMakeFiles/sched.dir/sched/sched_roundrobin.c.o
[2542/3622] Building C object sched/CMakeFiles/sched.dir/sched/sched_backtrace.c.o
[2543/3622] Building C object sched/CMakeFiles/sched.dir/semaphore/sem_destroy.c.o
[2544/3622] Building C object sched/CMakeFiles/sched.dir/semaphore/sem_trywait.c.o
[2545/3622] Building C object sched/CMakeFiles/sched.dir/semaphore/sem_wait.c.o
[2546/3622] Building C object sched/CMakeFiles/sched.dir/semaphore/sem_tickwait.c.o
[2547/3622] Building C object sched/CMakeFiles/sched.dir/semaphore/sem_timeout.c.o
[2548/3622] Building C object sched/CMakeFiles/sched.dir/sched/sched_smp.c.o
[2549/3622] Building C object sched/CMakeFiles/sched.dir/semaphore/sem_clockwait.c.o
[2550/3622] Building C object sched/CMakeFiles/sched.dir/semaphore/sem_recover.c.o
[2551/3622] Building C object sched/CMakeFiles/sched.dir/semaphore/sem_post.c.o
[2552/3622] Building C object sched/CMakeFiles/sched.dir/semaphore/sem_waitirq.c.o
[2553/3622] Building C object sched/CMakeFiles/sched.dir/semaphore/sem_reset.c.o
[2554/3622] Building C object sched/CMakeFiles/sched.dir/signal/sig_allocpendingsigaction.c.o
[2555/3622] Building C object sched/CMakeFiles/sched.dir/signal/sig_findaction.c.o
[2556/3622] Building C object sched/CMakeFiles/sched.dir/signal/sig_cleanup.c.o
[2557/3622] Building C object sched/CMakeFiles/sched.dir/signal/sig_action.c.o
[2558/3622] Building C object sched/CMakeFiles/sched.dir/signal/sig_deliver.c.o
[2559/3622] Building C object sched/CMakeFiles/sched.dir/signal/sig_initialize.c.o
[2560/3622] Building C object sched/CMakeFiles/sched.dir/signal/sig_pending.c.o
[2561/3622] Building C object sched/CMakeFiles/sched.dir/signal/sig_releasependingsigaction.c.o
[2562/3622] Building C object sched/CMakeFiles/sched.dir/signal/sig_releasependingsignal.c.o
[2563/3622] Building C object sched/CMakeFiles/sched.dir/signal/sig_removependingsignal.c.o
[2564/3622] Building C object sched/CMakeFiles/sched.dir/signal/sig_unmaskpendingsignal.c.o
[2565/3622] Building C object sched/CMakeFiles/sched.dir/signal/sig_kill.c.o
[2566/3622] Building C object sched/CMakeFiles/sched.dir/signal/sig_lowest.c.o
[2567/3622] Building C object sched/CMakeFiles/sched.dir/signal/sig_nanosleep.c.o
[2568/3622] Building C object sched/CMakeFiles/sched.dir/semaphore/sem_rw.c.o
[2569/3622] Building C object sched/CMakeFiles/sched.dir/signal/sig_notification.c.o
[2570/3622] Building C object sched/CMakeFiles/sched.dir/signal/sig_pause.c.o
[2571/3622] Building C object sched/CMakeFiles/sched.dir/signal/sig_ppoll.c.o
[2572/3622] Building C object sched/CMakeFiles/sched.dir/signal/sig_sleep.c.o
[2573/3622] Building C object sched/CMakeFiles/sched.dir/signal/sig_queue.c.o
[2574/3622] Building C object sched/CMakeFiles/sched.dir/signal/sig_pselect.c.o
[2575/3622] Building C object sched/CMakeFiles/sched.dir/signal/sig_procmask.c.o
[2576/3622] Building C object sched/CMakeFiles/sched.dir/signal/sig_tgkill.c.o
[2577/3622] Building C object sched/CMakeFiles/sched.dir/signal/sig_suspend.c.o
[2578/3622] Building C object sched/CMakeFiles/sched.dir/signal/sig_dispatch.c.o
[2579/3622] Building C object sched/CMakeFiles/sched.dir/signal/sig_usleep.c.o
[2580/3622] Building C object sched/CMakeFiles/sched.dir/signal/sig_waitinfo.c.o
[2581/3622] Building C object sched/CMakeFiles/sched.dir/task/task_argvstr.c.o
[2582/3622] Building C object sched/CMakeFiles/sched.dir/task/task_create.c.o
[2583/3622] Building C object sched/CMakeFiles/sched.dir/signal/sig_default.c.o
[2584/3622] Building C object sched/CMakeFiles/sched.dir/task/task_start.c.o
[2585/3622] Building C object sched/CMakeFiles/sched.dir/task/task_init.c.o
[2586/3622] Building C object sched/CMakeFiles/sched.dir/task/task_activate.c.o
[2587/3622] Building C object sched/CMakeFiles/sched.dir/task/task_delete.c.o
[2588/3622] Building C object sched/CMakeFiles/sched.dir/task/task_exit.c.o
[2589/3622] Building C object sched/CMakeFiles/sched.dir/task/task_setup.c.o
[2590/3622] Building C object sched/CMakeFiles/sched.dir/task/task_restart.c.o
[2591/3622] Building C object sched/CMakeFiles/sched.dir/signal/sig_timedwait.c.o
[2592/3622] Building C object sched/CMakeFiles/sched.dir/task/task_recover.c.o
[2593/3622] Building C object sched/CMakeFiles/sched.dir/task/task_exithook.c.o
[2594/3622] Building C object sched/CMakeFiles/sched.dir/task/task_prctl.c.o
[2595/3622] Building C object sched/CMakeFiles/sched.dir/task/task_cancelpt.c.o
[2596/3622] Building C object sched/CMakeFiles/sched.dir/task/task_spawnparms.c.o
[2597/3622] Building C object sched/CMakeFiles/sched.dir/task/task_join.c.o
[2598/3622] Building C object sched/CMakeFiles/sched.dir/task/task_getppid.c.o
[2599/3622] Building C object sched/CMakeFiles/sched.dir/task/exit.c.o
[2600/3622] Building C object sched/CMakeFiles/sched.dir/task/task_terminate.c.o
[2601/3622] Building C object sched/CMakeFiles/sched.dir/task/task_reparent.c.o
[2602/3622] Building C object sched/CMakeFiles/sched.dir/task/task_execve.c.o
[2603/3622] Building C object sched/CMakeFiles/sched.dir/task/task_posixspawn.c.o
[2604/3622] Building C object sched/CMakeFiles/sched.dir/task/task_fork.c.o
[2605/3622] Building C object sched/CMakeFiles/sched.dir/timer/timer_initialize.c.o
[2606/3622] Building C object sched/CMakeFiles/sched.dir/timer/timer_delete.c.o
[2607/3622] Building C object sched/CMakeFiles/sched.dir/timer/timer_getoverrun.c.o
[2608/3622] Building C object sched/CMakeFiles/sched.dir/timer/timer_create.c.o
[2609/3622] Building C object sched/CMakeFiles/sched.dir/timer/timer_getitimer.c.o
[2610/3622] Building C object sched/CMakeFiles/sched.dir/timer/timer_gettime.c.o
[2611/3622] Building C object sched/CMakeFiles/sched.dir/tls/tls_initinfo.c.o
[2612/3622] Building C object sched/CMakeFiles/sched.dir/timer/timer_release.c.o
[2613/3622] Building C object sched/CMakeFiles/sched.dir/tls/task_initinfo.c.o
[2614/3622] Building C object sched/CMakeFiles/sched.dir/tls/tls_dupinfo.c.o
[2615/3622] Building C object sched/CMakeFiles/sched.dir/tls/task_uninitinfo.c.o
[2616/3622] Building C object sched/CMakeFiles/sched.dir/timer/timer_setitimer.c.o
[2617/3622] Building C object sched/CMakeFiles/sched.dir/wdog/wd_initialize.c.o
[2618/3622] Building C object sched/CMakeFiles/sched.dir/timer/timer_settime.c.o
[2619/3622] Building C object syscall/proxies/CMakeFiles/proxies.dir/PROXY_exec.c.o
[2620/3622] Building C object sched/CMakeFiles/sched.dir/wdog/wd_gettime.c.o
[2621/3622] Building C object sched/CMakeFiles/sched.dir/wdog/wd_cancel.c.o
[2622/3622] Building C object syscall/proxies/CMakeFiles/proxies.dir/PROXY_execve.c.o
[2623/3622] Building C object sched/CMakeFiles/sched.dir/wdog/wd_start.c.o
[2624/3622] Building C object syscall/proxies/CMakeFiles/proxies.dir/PROXY_eventfd.c.o
[2625/3622] Building C object sched/CMakeFiles/sched.dir/wqueue/kwork_queue.c.o
[2626/3622] Building C object syscall/proxies/CMakeFiles/proxies.dir/PROXY_epoll_pwait.c.o
[2627/3622] Building C object syscall/proxies/CMakeFiles/proxies.dir/PROXY_epoll_wait.c.o
[2628/3622] Building C object sched/CMakeFiles/sched.dir/wqueue/kwork_cancel.c.o
[2629/3622] Building C object syscall/proxies/CMakeFiles/proxies.dir/PROXY_adjtime.c.o
[2630/3622] Building C object syscall/proxies/CMakeFiles/proxies.dir/PROXY_accept4.c.o
[2631/3622] Building C object syscall/proxies/CMakeFiles/proxies.dir/PROXY_aio_cancel.c.o
[2632/3622] Building C object syscall/proxies/CMakeFiles/proxies.dir/PROXY_aio_read.c.o
[2633/3622] Building C object syscall/proxies/CMakeFiles/proxies.dir/PROXY_aio_fsync.c.o
[2634/3622] Building C object syscall/proxies/CMakeFiles/proxies.dir/PROXY__exit.c.o
[2635/3622] Building C object syscall/proxies/CMakeFiles/proxies.dir/PROXY_aio_write.c.o
[2636/3622] Building C object syscall/proxies/CMakeFiles/proxies.dir/PROXY_bind.c.o
[2637/3622] Building C object syscall/proxies/CMakeFiles/proxies.dir/PROXY_boardctl.c.o
[2638/3622] Building C object syscall/proxies/CMakeFiles/proxies.dir/PROXY_clock_adjtime.c.o
[2639/3622] Building C object syscall/proxies/CMakeFiles/proxies.dir/PROXY_chmod.c.o
[2640/3622] Building C object syscall/proxies/CMakeFiles/proxies.dir/PROXY_clock.c.o
[2641/3622] Building C object syscall/proxies/CMakeFiles/proxies.dir/PROXY_clock_gettime.c.o
[2642/3622] Building C object sched/CMakeFiles/sched.dir/wqueue/kwork_thread.c.o
[2643/3622] Building C object syscall/proxies/CMakeFiles/proxies.dir/PROXY_chown.c.o
[2644/3622] Building C object syscall/proxies/CMakeFiles/proxies.dir/PROXY_clock_getres.c.o
[2645/3622] Building C object syscall/proxies/CMakeFiles/proxies.dir/PROXY_clock_nanosleep.c.o
[2646/3622] Building C object syscall/proxies/CMakeFiles/proxies.dir/PROXY_clock_settime.c.o
[2647/3622] Building C object syscall/proxies/CMakeFiles/proxies.dir/PROXY_connect.c.o
[2648/3622] Building C object syscall/proxies/CMakeFiles/proxies.dir/PROXY_coredump.c.o
[2649/3622] Building C object syscall/proxies/CMakeFiles/proxies.dir/PROXY_close.c.o
[2650/3622] Building C object syscall/proxies/CMakeFiles/proxies.dir/PROXY_epoll_close.c.o
[2651/3622] Building C object syscall/proxies/CMakeFiles/proxies.dir/PROXY_epoll_create.c.o
[2652/3622] Building C object syscall/proxies/CMakeFiles/proxies.dir/PROXY_dup.c.o
[2653/3622] Building C object syscall/proxies/CMakeFiles/proxies.dir/PROXY_dup2.c.o
[2654/3622] Building C object syscall/proxies/CMakeFiles/proxies.dir/PROXY_epoll_create1.c.o
[2655/3622] Building C object syscall/proxies/CMakeFiles/proxies.dir/PROXY_epoll_ctl.c.o
[2656/3622] Building C object syscall/proxies/CMakeFiles/proxies.dir/PROXY_fchmod.c.o
[2657/3622] Building C object syscall/proxies/CMakeFiles/proxies.dir/PROXY_fcntl.c.o
[2658/3622] Building C object syscall/proxies/CMakeFiles/proxies.dir/PROXY_fstat.c.o
[2659/3622] Building C object syscall/proxies/CMakeFiles/proxies.dir/PROXY_fstatfs.c.o
[2660/3622] Building C object syscall/proxies/CMakeFiles/proxies.dir/PROXY_fchown.c.o
[2661/3622] Building C object syscall/proxies/CMakeFiles/proxies.dir/PROXY_futimens.c.o
[2662/3622] Building C object syscall/proxies/CMakeFiles/proxies.dir/PROXY_fsync.c.o
[2663/3622] Building C object syscall/proxies/CMakeFiles/proxies.dir/PROXY_ftruncate.c.o
[2664/3622] Building C object syscall/proxies/CMakeFiles/proxies.dir/PROXY_getegid.c.o
[2665/3622] Building C object syscall/proxies/CMakeFiles/proxies.dir/PROXY_geteuid.c.o
[2666/3622] Building C object syscall/proxies/CMakeFiles/proxies.dir/PROXY_getgid.c.o
[2667/3622] Building C object syscall/proxies/CMakeFiles/proxies.dir/PROXY_getpeername.c.o
[2668/3622] Building C object syscall/proxies/CMakeFiles/proxies.dir/PROXY_getitimer.c.o
[2669/3622] Building C object syscall/proxies/CMakeFiles/proxies.dir/PROXY_gethostname.c.o
[2670/3622] Linking C static library sched/libsched.a
[2671/3622] Building C object syscall/proxies/CMakeFiles/proxies.dir/PROXY_getsockname.c.o
[2672/3622] Building C object syscall/proxies/CMakeFiles/proxies.dir/PROXY_getsockopt.c.o
[2673/3622] Building C object syscall/proxies/CMakeFiles/proxies.dir/PROXY_getuid.c.o
[2674/3622] Building C object syscall/proxies/CMakeFiles/proxies.dir/PROXY_inotify_add_watch.c.o
[2675/3622] Building C object syscall/proxies/CMakeFiles/proxies.dir/PROXY_inotify_init.c.o
[2676/3622] Building C object syscall/proxies/CMakeFiles/proxies.dir/PROXY_getppid.c.o
[2677/3622] Building C object syscall/proxies/CMakeFiles/proxies.dir/PROXY_inotify_init1.c.o
[2678/3622] Building C object syscall/proxies/CMakeFiles/proxies.dir/PROXY_inotify_rm_watch.c.o
[2679/3622] Building C object syscall/proxies/CMakeFiles/proxies.dir/PROXY_insmod.c.o
[2680/3622] Building C object syscall/proxies/CMakeFiles/proxies.dir/PROXY_kill.c.o
[2681/3622] Building C object syscall/proxies/CMakeFiles/proxies.dir/PROXY_lchmod.c.o
[2682/3622] Building C object syscall/proxies/CMakeFiles/proxies.dir/PROXY_ioctl.c.o
[2683/3622] Building C object syscall/proxies/CMakeFiles/proxies.dir/PROXY_listen.c.o
[2684/3622] Building C object syscall/proxies/CMakeFiles/proxies.dir/PROXY_lstat.c.o
[2685/3622] Building C object syscall/proxies/CMakeFiles/proxies.dir/PROXY_lchown.c.o
[2686/3622] Building C object syscall/proxies/CMakeFiles/proxies.dir/PROXY_link.c.o
[2687/3622] Building C object syscall/proxies/CMakeFiles/proxies.dir/PROXY_lseek.c.o
[2688/3622] Building C object syscall/proxies/CMakeFiles/proxies.dir/PROXY_modhandle.c.o
[2689/3622] Building C object syscall/proxies/CMakeFiles/proxies.dir/PROXY_lutimens.c.o
[2690/3622] Building C object syscall/proxies/CMakeFiles/proxies.dir/PROXY_mmap.c.o
[2691/3622] Building C object syscall/proxies/CMakeFiles/proxies.dir/PROXY_mkdir.c.o
[2692/3622] Building C object syscall/proxies/CMakeFiles/proxies.dir/PROXY_mq_close.c.o
[2693/3622] Building C object syscall/proxies/CMakeFiles/proxies.dir/PROXY_mq_getattr.c.o
[2694/3622] Building C object syscall/proxies/CMakeFiles/proxies.dir/PROXY_mount.c.o
[2695/3622] Building C object syscall/proxies/CMakeFiles/proxies.dir/PROXY_mq_notify.c.o
[2696/3622] Building C object syscall/proxies/CMakeFiles/proxies.dir/PROXY_mq_send.c.o
[2697/3622] Building C object syscall/proxies/CMakeFiles/proxies.dir/PROXY_mq_receive.c.o
[2698/3622] Building C object syscall/proxies/CMakeFiles/proxies.dir/PROXY_mq_setattr.c.o
[2699/3622] Building C object syscall/proxies/CMakeFiles/proxies.dir/PROXY_mq_open.c.o
[2700/3622] Building C object syscall/proxies/CMakeFiles/proxies.dir/PROXY_mq_timedreceive.c.o
[2701/3622] Building C object syscall/proxies/CMakeFiles/proxies.dir/PROXY_mq_timedsend.c.o
[2702/3622] Building C object syscall/proxies/CMakeFiles/proxies.dir/PROXY_mq_unlink.c.o
[2703/3622] Building C object syscall/proxies/CMakeFiles/proxies.dir/PROXY_msync.c.o
[2704/3622] Building C object syscall/proxies/CMakeFiles/proxies.dir/PROXY_munmap.c.o
[2705/3622] Building C object syscall/proxies/CMakeFiles/proxies.dir/PROXY_nx_mkfifo.c.o
[2706/3622] Building C object syscall/proxies/CMakeFiles/proxies.dir/PROXY_nx_pthread_create.c.o
[2707/3622] Building C object syscall/proxies/CMakeFiles/proxies.dir/PROXY_nx_pthread_exit.c.o
[2708/3622] Building C object syscall/proxies/CMakeFiles/proxies.dir/PROXY_nx_setlogmask.c.o
[2709/3622] Building C object syscall/proxies/CMakeFiles/proxies.dir/PROXY_nx_vsyslog.c.o
[2710/3622] Building C object syscall/proxies/CMakeFiles/proxies.dir/PROXY_nxsem_close.c.o
[2711/3622] Building C object syscall/proxies/CMakeFiles/proxies.dir/PROXY_nxsched_get_stackinfo.c.o
[2712/3622] Building C object syscall/proxies/CMakeFiles/proxies.dir/PROXY_nxsem_clockwait_slow.c.o
[2713/3622] Building C object syscall/proxies/CMakeFiles/proxies.dir/PROXY_nxsem_getprioceiling.c.o
[2714/3622] Building C object syscall/proxies/CMakeFiles/proxies.dir/PROXY_nxsem_open.c.o
[2715/3622] Building C object syscall/proxies/CMakeFiles/proxies.dir/PROXY_nxsem_destroy.c.o
[2716/3622] Building C object syscall/proxies/CMakeFiles/proxies.dir/PROXY_nxsem_set_protocol.c.o
[2717/3622] Building C object syscall/proxies/CMakeFiles/proxies.dir/PROXY_nxsem_setprioceiling.c.o
[2718/3622] Building C object syscall/proxies/CMakeFiles/proxies.dir/PROXY_nxsem_post_slow.c.o
[2719/3622] Building C object syscall/proxies/CMakeFiles/proxies.dir/PROXY_nxsem_reset.c.o
[2720/3622] Building C object syscall/proxies/CMakeFiles/proxies.dir/PROXY_nxsem_tickwait_slow.c.o
[2721/3622] Building C object syscall/proxies/CMakeFiles/proxies.dir/PROXY_nxsem_unlink.c.o
[2722/3622] Building C object syscall/proxies/CMakeFiles/proxies.dir/PROXY_nxsem_trywait_slow.c.o
[2723/3622] Building C object syscall/proxies/CMakeFiles/proxies.dir/PROXY_nxsem_wait_slow.c.o
[2724/3622] Building C object syscall/proxies/CMakeFiles/proxies.dir/PROXY_open.c.o
[2725/3622] Building C object syscall/proxies/CMakeFiles/proxies.dir/PROXY_perf_gettime.c.o
[2726/3622] Building C object syscall/proxies/CMakeFiles/proxies.dir/PROXY_perf_convert.c.o
[2727/3622] Building C object syscall/proxies/CMakeFiles/proxies.dir/PROXY_pgalloc.c.o
[2728/3622] Building C object syscall/proxies/CMakeFiles/proxies.dir/PROXY_poll.c.o
[2729/3622] Building C object syscall/proxies/CMakeFiles/proxies.dir/PROXY_posix_spawn.c.o
[2730/3622] Building C object syscall/proxies/CMakeFiles/proxies.dir/PROXY_ppoll.c.o
[2731/3622] Building C object syscall/proxies/CMakeFiles/proxies.dir/PROXY_pipe2.c.o
[2732/3622] Building C object syscall/proxies/CMakeFiles/proxies.dir/PROXY_prctl.c.o
[2733/3622] Building C object syscall/proxies/CMakeFiles/proxies.dir/PROXY_pselect.c.o
[2734/3622] Building C object syscall/proxies/CMakeFiles/proxies.dir/PROXY_pread.c.o
[2735/3622] Building C object syscall/proxies/CMakeFiles/proxies.dir/PROXY_pthread_detach.c.o
[2736/3622] Building C object syscall/proxies/CMakeFiles/proxies.dir/PROXY_pthread_cancel.c.o
[2737/3622] Building C object syscall/proxies/CMakeFiles/proxies.dir/PROXY_pthread_getaffinity_np.c.o
[2738/3622] Building C object syscall/proxies/CMakeFiles/proxies.dir/PROXY_pthread_join.c.o
[2739/3622] Building C object syscall/proxies/CMakeFiles/proxies.dir/PROXY_pthread_getschedparam.c.o
[2740/3622] Building C object syscall/proxies/CMakeFiles/proxies.dir/PROXY_pthread_setaffinity_np.c.o
[2741/3622] Building C object syscall/proxies/CMakeFiles/proxies.dir/PROXY_pthread_setschedparam.c.o
[2742/3622] Building C object syscall/proxies/CMakeFiles/proxies.dir/PROXY_pthread_setschedprio.c.o
[2743/3622] Building C object syscall/proxies/CMakeFiles/proxies.dir/PROXY_readv.c.o
[2744/3622] Building C object syscall/proxies/CMakeFiles/proxies.dir/PROXY_pwrite.c.o
[2745/3622] Building C object syscall/proxies/CMakeFiles/proxies.dir/PROXY_pthread_sigmask.c.o
[2746/3622] Building C object syscall/proxies/CMakeFiles/proxies.dir/PROXY_recv.c.o
[2747/3622] Building C object syscall/proxies/CMakeFiles/proxies.dir/PROXY_recvfrom.c.o
[2748/3622] Building C object syscall/proxies/CMakeFiles/proxies.dir/PROXY_read.c.o
[2749/3622] Building C object syscall/proxies/CMakeFiles/proxies.dir/PROXY_readlink.c.o
[2750/3622] Building C object syscall/proxies/CMakeFiles/proxies.dir/PROXY_rmmod.c.o
[2751/3622] Building C object syscall/proxies/CMakeFiles/proxies.dir/PROXY_recvmsg.c.o
[2752/3622] Building C object syscall/proxies/CMakeFiles/proxies.dir/PROXY_sched_backtrace.c.o
[2753/3622] Building C object syscall/proxies/CMakeFiles/proxies.dir/PROXY_rename.c.o
[2754/3622] Building C object syscall/proxies/CMakeFiles/proxies.dir/PROXY_sched_getaffinity.c.o
[2755/3622] Building C object syscall/proxies/CMakeFiles/proxies.dir/PROXY_sched_getcpu.c.o
[2756/3622] Building C object syscall/proxies/CMakeFiles/proxies.dir/PROXY_sched_getparam.c.o
[2757/3622] Building C object syscall/proxies/CMakeFiles/proxies.dir/PROXY_rmdir.c.o
[2758/3622] Building C object syscall/proxies/CMakeFiles/proxies.dir/PROXY_sched_getscheduler.c.o
[2759/3622] Building C object syscall/proxies/CMakeFiles/proxies.dir/PROXY_sched_lockcount.c.o
[2760/3622] Building C object syscall/proxies/CMakeFiles/proxies.dir/PROXY_sched_lock.c.o
[2761/3622] Building C object syscall/proxies/CMakeFiles/proxies.dir/PROXY_sched_note_event_ip.c.o
[2762/3622] Building C object syscall/proxies/CMakeFiles/proxies.dir/PROXY_sched_rr_get_interval.c.o
[2763/3622] Building C object syscall/proxies/CMakeFiles/proxies.dir/PROXY_sched_setaffinity.c.o
[2764/3622] Building C object syscall/proxies/CMakeFiles/proxies.dir/PROXY_sched_note_vprintf_ip.c.o
[2765/3622] Building C object syscall/proxies/CMakeFiles/proxies.dir/PROXY_sched_setparam.c.o
[2766/3622] Building C object syscall/proxies/CMakeFiles/proxies.dir/PROXY_sched_setscheduler.c.o
[2767/3622] Building C object syscall/proxies/CMakeFiles/proxies.dir/PROXY_sched_yield.c.o
[2768/3622] Building C object syscall/proxies/CMakeFiles/proxies.dir/PROXY_select.c.o
[2769/3622] Building C object syscall/proxies/CMakeFiles/proxies.dir/PROXY_sendfile.c.o
[2770/3622] Building C object syscall/proxies/CMakeFiles/proxies.dir/PROXY_sched_unlock.c.o
[2771/3622] Building C object syscall/proxies/CMakeFiles/proxies.dir/PROXY_send.c.o
[2772/3622] Building C object syscall/proxies/CMakeFiles/proxies.dir/PROXY_sendmsg.c.o
[2773/3622] Building C object syscall/proxies/CMakeFiles/proxies.dir/PROXY_sendto.c.o
[2774/3622] Building C object syscall/proxies/CMakeFiles/proxies.dir/PROXY_setegid.c.o
[2775/3622] Building C object syscall/proxies/CMakeFiles/proxies.dir/PROXY_shm_open.c.o
[2776/3622] Building C object syscall/proxies/CMakeFiles/proxies.dir/PROXY_seteuid.c.o
[2777/3622] Building C object syscall/proxies/CMakeFiles/proxies.dir/PROXY_shm_unlink.c.o
[2778/3622] Building C object syscall/proxies/CMakeFiles/proxies.dir/PROXY_setgid.c.o
[2779/3622] Building C object syscall/proxies/CMakeFiles/proxies.dir/PROXY_setitimer.c.o
[2780/3622] Building C object syscall/proxies/CMakeFiles/proxies.dir/PROXY_setsockopt.c.o
[2781/3622] Building C object syscall/proxies/CMakeFiles/proxies.dir/PROXY_setuid.c.o
[2782/3622] Building C object syscall/proxies/CMakeFiles/proxies.dir/PROXY_shmat.c.o
[2783/3622] Building C object syscall/proxies/CMakeFiles/proxies.dir/PROXY_sethostname.c.o
[2784/3622] Building C object syscall/proxies/CMakeFiles/proxies.dir/PROXY_shmctl.c.o
[2785/3622] Building C object syscall/proxies/CMakeFiles/proxies.dir/PROXY_shmdt.c.o
[2786/3622] Building C object syscall/proxies/CMakeFiles/proxies.dir/PROXY_shmget.c.o
[2787/3622] Building C object syscall/proxies/CMakeFiles/proxies.dir/PROXY_signalfd.c.o
[2788/3622] Building C object syscall/proxies/CMakeFiles/proxies.dir/PROXY_sigaction.c.o
[2789/3622] Building C object syscall/proxies/CMakeFiles/proxies.dir/PROXY_shutdown.c.o
[2790/3622] Building C object syscall/proxies/CMakeFiles/proxies.dir/PROXY_sigpending.c.o
[2791/3622] Building C object syscall/proxies/CMakeFiles/proxies.dir/PROXY_sigprocmask.c.o
[2792/3622] Building C object syscall/proxies/CMakeFiles/proxies.dir/PROXY_sigqueue.c.o
[2793/3622] Building C object syscall/proxies/CMakeFiles/proxies.dir/PROXY_sigsuspend.c.o
[2794/3622] Building C object syscall/proxies/CMakeFiles/proxies.dir/PROXY_sigtimedwait.c.o
[2795/3622] Building C object syscall/proxies/CMakeFiles/proxies.dir/PROXY_sigwaitinfo.c.o
[2796/3622] Building C object syscall/proxies/CMakeFiles/proxies.dir/PROXY_socket.c.o
[2797/3622] Building C object syscall/proxies/CMakeFiles/proxies.dir/PROXY_socketpair.c.o
[2798/3622] Building C object syscall/proxies/CMakeFiles/proxies.dir/PROXY_stat.c.o
[2799/3622] Building C object syscall/proxies/CMakeFiles/proxies.dir/PROXY_statfs.c.o
[2800/3622] Building C object syscall/proxies/CMakeFiles/proxies.dir/PROXY_task_create.c.o
[2801/3622] Building C object syscall/proxies/CMakeFiles/proxies.dir/PROXY_sysinfo.c.o
[2802/3622] Building C object syscall/proxies/CMakeFiles/proxies.dir/PROXY_task_delete.c.o
[2803/3622] Building C object syscall/proxies/CMakeFiles/proxies.dir/PROXY_task_restart.c.o
[2804/3622] Building C object syscall/proxies/CMakeFiles/proxies.dir/PROXY_symlink.c.o
[2805/3622] Building C object syscall/proxies/CMakeFiles/proxies.dir/PROXY_sync.c.o
[2806/3622] Building C object syscall/proxies/CMakeFiles/proxies.dir/PROXY_task_spawn.c.o
[2807/3622] Building C object syscall/proxies/CMakeFiles/proxies.dir/PROXY_timer_create.c.o
[2808/3622] Building C object syscall/proxies/CMakeFiles/proxies.dir/PROXY_tgkill.c.o
[2809/3622] Building C object syscall/proxies/CMakeFiles/proxies.dir/PROXY_timer_delete.c.o
[2810/3622] Building C object syscall/proxies/CMakeFiles/proxies.dir/PROXY_timerfd_create.c.o
[2811/3622] Building C object syscall/proxies/CMakeFiles/proxies.dir/PROXY_timerfd_gettime.c.o
[2812/3622] Building C object syscall/proxies/CMakeFiles/proxies.dir/PROXY_timer_getoverrun.c.o
[2813/3622] Building C object syscall/proxies/CMakeFiles/proxies.dir/PROXY_timer_gettime.c.o
[2814/3622] Building C object syscall/proxies/CMakeFiles/proxies.dir/PROXY_timer_settime.c.o
[2815/3622] Building C object syscall/proxies/CMakeFiles/proxies.dir/PROXY_timerfd_settime.c.o
[2816/3622] Building C object syscall/proxies/CMakeFiles/proxies.dir/PROXY_umount2.c.o
[2817/3622] Building C object syscall/proxies/CMakeFiles/proxies.dir/PROXY_utimens.c.o
[2818/3622] Building C object syscall/proxies/CMakeFiles/proxies.dir/PROXY_waitid.c.o
[2819/3622] Building C object syscall/proxies/CMakeFiles/proxies.dir/PROXY_wait.c.o
[2820/3622] Building C object syscall/proxies/CMakeFiles/proxies.dir/PROXY_unlink.c.o
[2821/3622] Building C object syscall/proxies/CMakeFiles/proxies.dir/PROXY_up_fork.c.o
[2822/3622] Building C object syscall/proxies/CMakeFiles/proxies.dir/PROXY_waitpid.c.o
[2823/3622] Building C object syscall/proxies/CMakeFiles/proxies.dir/PROXY_write.c.o
[2824/3622] Building C object syscall/proxies/CMakeFiles/proxies.dir/PROXY_writev.c.o
[2825/3622] Building C object syscall/stubs/CMakeFiles/stubs.dir/STUB_getuid.c.o
[2826/3622] Building C object syscall/proxies/CMakeFiles/proxies.dir/PROXY_perf_event_open.c.o
[2827/3622] Building C object syscall/stubs/CMakeFiles/stubs.dir/STUB_adjtime.c.o
[2828/3622] Building C object syscall/stubs/CMakeFiles/stubs.dir/STUB__exit.c.o
[2829/3622] Building C object syscall/stubs/CMakeFiles/stubs.dir/STUB_accept4.c.o
[2830/3622] Building C object syscall/stubs/CMakeFiles/stubs.dir/STUB_getsockopt.c.o
[2831/3622] Building C object syscall/stubs/CMakeFiles/stubs.dir/STUB_aio_cancel.c.o
[2832/3622] Building C object syscall/stubs/CMakeFiles/stubs.dir/STUB_aio_fsync.c.o
[2833/3622] Building C object syscall/stubs/CMakeFiles/stubs.dir/STUB_aio_read.c.o
[2834/3622] Building C object syscall/stubs/CMakeFiles/stubs.dir/STUB_aio_write.c.o
[2835/3622] Building C object syscall/stubs/CMakeFiles/stubs.dir/STUB_bind.c.o
[2836/3622] Building C object syscall/stubs/CMakeFiles/stubs.dir/STUB_boardctl.c.o
[2837/3622] Building C object syscall/stubs/CMakeFiles/stubs.dir/STUB_chmod.c.o
[2838/3622] Building C object syscall/stubs/CMakeFiles/stubs.dir/STUB_chown.c.o
[2839/3622] Building C object syscall/stubs/CMakeFiles/stubs.dir/STUB_clock.c.o
[2840/3622] Building C object syscall/stubs/CMakeFiles/stubs.dir/STUB_clock_adjtime.c.o
[2841/3622] Building C object syscall/stubs/CMakeFiles/stubs.dir/STUB_clock_gettime.c.o
[2842/3622] Building C object syscall/stubs/CMakeFiles/stubs.dir/STUB_clock_getres.c.o
[2843/3622] Building C object syscall/stubs/CMakeFiles/stubs.dir/STUB_clock_nanosleep.c.o
[2844/3622] Building C object syscall/stubs/CMakeFiles/stubs.dir/STUB_clock_settime.c.o
[2845/3622] Building C object syscall/stubs/CMakeFiles/stubs.dir/STUB_close.c.o
[2846/3622] Building C object syscall/stubs/CMakeFiles/stubs.dir/STUB_coredump.c.o
[2847/3622] Building C object syscall/stubs/CMakeFiles/stubs.dir/STUB_connect.c.o
[2848/3622] Building C object syscall/stubs/CMakeFiles/stubs.dir/STUB_dup.c.o
[2849/3622] Linking C static library syscall/proxies/libproxies.a
[2850/3622] Building C object syscall/stubs/CMakeFiles/stubs.dir/STUB_dup2.c.o
[2851/3622] Building C object syscall/stubs/CMakeFiles/stubs.dir/STUB_epoll_close.c.o
[2852/3622] Building C object syscall/stubs/CMakeFiles/stubs.dir/STUB_epoll_create.c.o
[2853/3622] Building C object syscall/stubs/CMakeFiles/stubs.dir/STUB_epoll_create1.c.o
[2854/3622] Building C object syscall/stubs/CMakeFiles/stubs.dir/STUB_epoll_ctl.c.o
[2855/3622] Building C object syscall/stubs/CMakeFiles/stubs.dir/STUB_epoll_pwait.c.o
[2856/3622] Building C object syscall/stubs/CMakeFiles/stubs.dir/STUB_eventfd.c.o
[2857/3622] Building C object syscall/stubs/CMakeFiles/stubs.dir/STUB_exec.c.o
[2858/3622] Building C object syscall/stubs/CMakeFiles/stubs.dir/STUB_epoll_wait.c.o
[2859/3622] Building C object syscall/stubs/CMakeFiles/stubs.dir/STUB_execve.c.o
[2860/3622] Building C object syscall/stubs/CMakeFiles/stubs.dir/STUB_fchmod.c.o
[2861/3622] Building C object syscall/stubs/CMakeFiles/stubs.dir/STUB_fchown.c.o
[2862/3622] Building C object syscall/stubs/CMakeFiles/stubs.dir/STUB_fcntl.c.o
[2863/3622] Building C object syscall/stubs/CMakeFiles/stubs.dir/STUB_fstat.c.o
[2864/3622] Building C object syscall/stubs/CMakeFiles/stubs.dir/STUB_fstatfs.c.o
[2865/3622] Building C object syscall/stubs/CMakeFiles/stubs.dir/STUB_ftruncate.c.o
[2866/3622] Building C object syscall/stubs/CMakeFiles/stubs.dir/STUB_fsync.c.o
[2867/3622] Building C object syscall/stubs/CMakeFiles/stubs.dir/STUB_getegid.c.o
[2868/3622] Building C object syscall/stubs/CMakeFiles/stubs.dir/STUB_geteuid.c.o
[2869/3622] Building C object syscall/stubs/CMakeFiles/stubs.dir/STUB_getgid.c.o
[2870/3622] Building C object syscall/stubs/CMakeFiles/stubs.dir/STUB_futimens.c.o
[2871/3622] Building C object syscall/stubs/CMakeFiles/stubs.dir/STUB_gethostname.c.o
[2872/3622] Building C object syscall/stubs/CMakeFiles/stubs.dir/STUB_getitimer.c.o
[2873/3622] Building C object syscall/stubs/CMakeFiles/stubs.dir/STUB_inotify_add_watch.c.o
[2874/3622] Building C object syscall/stubs/CMakeFiles/stubs.dir/STUB_inotify_init.c.o
[2875/3622] Building C object syscall/stubs/CMakeFiles/stubs.dir/STUB_getppid.c.o
[2876/3622] Building C object syscall/stubs/CMakeFiles/stubs.dir/STUB_getpeername.c.o
[2877/3622] Building C object syscall/stubs/CMakeFiles/stubs.dir/STUB_inotify_init1.c.o
[2878/3622] Building C object syscall/stubs/CMakeFiles/stubs.dir/STUB_getsockname.c.o
[2879/3622] Building C object syscall/stubs/CMakeFiles/stubs.dir/STUB_inotify_rm_watch.c.o
[2880/3622] Building C object syscall/stubs/CMakeFiles/stubs.dir/STUB_insmod.c.o
[2881/3622] Building C object syscall/stubs/CMakeFiles/stubs.dir/STUB_kill.c.o
[2882/3622] Building C object syscall/stubs/CMakeFiles/stubs.dir/STUB_lchmod.c.o
[2883/3622] Building C object syscall/stubs/CMakeFiles/stubs.dir/STUB_lchown.c.o
[2884/3622] Building C object syscall/stubs/CMakeFiles/stubs.dir/STUB_listen.c.o
[2885/3622] Building C object syscall/stubs/CMakeFiles/stubs.dir/STUB_ioctl.c.o
[2886/3622] Building C object syscall/stubs/CMakeFiles/stubs.dir/STUB_lseek.c.o
[2887/3622] Building C object syscall/stubs/CMakeFiles/stubs.dir/STUB_link.c.o
[2888/3622] Building C object syscall/stubs/CMakeFiles/stubs.dir/STUB_lstat.c.o
[2889/3622] Building C object syscall/stubs/CMakeFiles/stubs.dir/STUB_modhandle.c.o
[2890/3622] Building C object syscall/stubs/CMakeFiles/stubs.dir/STUB_lutimens.c.o
[2891/3622] Building C object syscall/stubs/CMakeFiles/stubs.dir/STUB_mkdir.c.o
[2892/3622] Building C object syscall/stubs/CMakeFiles/stubs.dir/STUB_mmap.c.o
[2893/3622] Building C object syscall/stubs/CMakeFiles/stubs.dir/STUB_mount.c.o
[2894/3622] Building C object syscall/stubs/CMakeFiles/stubs.dir/STUB_mq_getattr.c.o
[2895/3622] Building C object syscall/stubs/CMakeFiles/stubs.dir/STUB_mq_close.c.o
[2896/3622] Building C object syscall/stubs/CMakeFiles/stubs.dir/STUB_mq_notify.c.o
[2897/3622] Building C object syscall/stubs/CMakeFiles/stubs.dir/STUB_mq_open.c.o
[2898/3622] Building C object syscall/stubs/CMakeFiles/stubs.dir/STUB_mq_receive.c.o
[2899/3622] Building C object syscall/stubs/CMakeFiles/stubs.dir/STUB_mq_send.c.o
[2900/3622] Building C object syscall/stubs/CMakeFiles/stubs.dir/STUB_mq_setattr.c.o
[2901/3622] Building C object syscall/stubs/CMakeFiles/stubs.dir/STUB_mq_timedreceive.c.o
[2902/3622] Building C object syscall/stubs/CMakeFiles/stubs.dir/STUB_mq_timedsend.c.o
[2903/3622] Building C object syscall/stubs/CMakeFiles/stubs.dir/STUB_mq_unlink.c.o
[2904/3622] Building C object syscall/stubs/CMakeFiles/stubs.dir/STUB_msync.c.o
[2905/3622] Building C object syscall/stubs/CMakeFiles/stubs.dir/STUB_munmap.c.o
[2906/3622] Building C object syscall/stubs/CMakeFiles/stubs.dir/STUB_nx_mkfifo.c.o
[2907/3622] Building C object syscall/stubs/CMakeFiles/stubs.dir/STUB_nx_pthread_create.c.o
[2908/3622] Building C object syscall/stubs/CMakeFiles/stubs.dir/STUB_nx_pthread_exit.c.o
[2909/3622] Building C object syscall/stubs/CMakeFiles/stubs.dir/STUB_nxsched_get_stackinfo.c.o
[2910/3622] Building C object syscall/stubs/CMakeFiles/stubs.dir/STUB_nx_setlogmask.c.o
[2911/3622] Building C object syscall/stubs/CMakeFiles/stubs.dir/STUB_nx_vsyslog.c.o
[2912/3622] Building C object syscall/stubs/CMakeFiles/stubs.dir/STUB_nxsem_close.c.o
[2913/3622] Building C object syscall/stubs/CMakeFiles/stubs.dir/STUB_nxsem_clockwait_slow.c.o
[2914/3622] Building C object syscall/stubs/CMakeFiles/stubs.dir/STUB_nxsem_getprioceiling.c.o
[2915/3622] Building C object syscall/stubs/CMakeFiles/stubs.dir/STUB_nxsem_open.c.o
[2916/3622] Building C object syscall/stubs/CMakeFiles/stubs.dir/STUB_nxsem_destroy.c.o
[2917/3622] Building C object syscall/stubs/CMakeFiles/stubs.dir/STUB_nxsem_set_protocol.c.o
[2918/3622] Building C object syscall/stubs/CMakeFiles/stubs.dir/STUB_nxsem_post_slow.c.o
[2919/3622] Building C object syscall/stubs/CMakeFiles/stubs.dir/STUB_nxsem_reset.c.o
[2920/3622] Building C object syscall/stubs/CMakeFiles/stubs.dir/STUB_nxsem_setprioceiling.c.o
[2921/3622] Building C object syscall/stubs/CMakeFiles/stubs.dir/STUB_nxsem_unlink.c.o
[2922/3622] Building C object syscall/stubs/CMakeFiles/stubs.dir/STUB_nxsem_tickwait_slow.c.o
[2923/3622] Building C object syscall/stubs/CMakeFiles/stubs.dir/STUB_nxsem_trywait_slow.c.o
[2924/3622] Building C object syscall/stubs/CMakeFiles/stubs.dir/STUB_nxsem_wait_slow.c.o
[2925/3622] Building C object syscall/stubs/CMakeFiles/stubs.dir/STUB_open.c.o
[2926/3622] Building C object syscall/stubs/CMakeFiles/stubs.dir/STUB_perf_gettime.c.o
[2927/3622] Building C object syscall/stubs/CMakeFiles/stubs.dir/STUB_perf_convert.c.o
[2928/3622] Building C object syscall/stubs/CMakeFiles/stubs.dir/STUB_pgalloc.c.o
[2929/3622] Building C object syscall/stubs/CMakeFiles/stubs.dir/STUB_pipe2.c.o
[2930/3622] Building C object syscall/stubs/CMakeFiles/stubs.dir/STUB_poll.c.o
[2931/3622] Building C object syscall/stubs/CMakeFiles/stubs.dir/STUB_posix_spawn.c.o
[2932/3622] Building C object syscall/stubs/CMakeFiles/stubs.dir/STUB_ppoll.c.o
[2933/3622] Building C object syscall/stubs/CMakeFiles/stubs.dir/STUB_prctl.c.o
[2934/3622] Building C object syscall/stubs/CMakeFiles/stubs.dir/STUB_pread.c.o
[2935/3622] Building C object syscall/stubs/CMakeFiles/stubs.dir/STUB_pselect.c.o
[2936/3622] Building C object syscall/stubs/CMakeFiles/stubs.dir/STUB_pthread_cancel.c.o
[2937/3622] Building C object syscall/stubs/CMakeFiles/stubs.dir/STUB_pthread_detach.c.o
[2938/3622] Building C object syscall/stubs/CMakeFiles/stubs.dir/STUB_pthread_getaffinity_np.c.o
[2939/3622] Building C object syscall/stubs/CMakeFiles/stubs.dir/STUB_pthread_getschedparam.c.o
[2940/3622] Building C object syscall/stubs/CMakeFiles/stubs.dir/STUB_pthread_join.c.o
[2941/3622] Building C object syscall/stubs/CMakeFiles/stubs.dir/STUB_pthread_setaffinity_np.c.o
[2942/3622] Building C object syscall/stubs/CMakeFiles/stubs.dir/STUB_pthread_setschedparam.c.o
[2943/3622] Building C object syscall/stubs/CMakeFiles/stubs.dir/STUB_pthread_setschedprio.c.o
[2944/3622] Building C object syscall/stubs/CMakeFiles/stubs.dir/STUB_pthread_sigmask.c.o
[2945/3622] Building C object syscall/stubs/CMakeFiles/stubs.dir/STUB_pwrite.c.o
[2946/3622] Building C object syscall/stubs/CMakeFiles/stubs.dir/STUB_readv.c.o
[2947/3622] Building C object syscall/stubs/CMakeFiles/stubs.dir/STUB_read.c.o
[2948/3622] Building C object syscall/stubs/CMakeFiles/stubs.dir/STUB_readlink.c.o
[2949/3622] Building C object syscall/stubs/CMakeFiles/stubs.dir/STUB_recv.c.o
[2950/3622] Building C object syscall/stubs/CMakeFiles/stubs.dir/STUB_recvfrom.c.o
[2951/3622] Building C object syscall/stubs/CMakeFiles/stubs.dir/STUB_recvmsg.c.o
[2952/3622] Building C object syscall/stubs/CMakeFiles/stubs.dir/STUB_rename.c.o
[2953/3622] Building C object syscall/stubs/CMakeFiles/stubs.dir/STUB_rmdir.c.o
[2954/3622] Building C object syscall/stubs/CMakeFiles/stubs.dir/STUB_rmmod.c.o
[2955/3622] Building C object syscall/stubs/CMakeFiles/stubs.dir/STUB_sched_backtrace.c.o
[2956/3622] Building C object syscall/stubs/CMakeFiles/stubs.dir/STUB_sched_getaffinity.c.o
[2957/3622] Building C object syscall/stubs/CMakeFiles/stubs.dir/STUB_sched_getcpu.c.o
[2958/3622] Building C object syscall/stubs/CMakeFiles/stubs.dir/STUB_sched_getparam.c.o
[2959/3622] Building C object syscall/stubs/CMakeFiles/stubs.dir/STUB_sched_getscheduler.c.o
[2960/3622] Building C object syscall/stubs/CMakeFiles/stubs.dir/STUB_sched_note_event_ip.c.o
[2961/3622] Building C object syscall/stubs/CMakeFiles/stubs.dir/STUB_sched_lock.c.o
[2962/3622] Building C object syscall/stubs/CMakeFiles/stubs.dir/STUB_sched_lockcount.c.o
[2963/3622] Building C object syscall/stubs/CMakeFiles/stubs.dir/STUB_sched_note_vprintf_ip.c.o
[2964/3622] Building C object syscall/stubs/CMakeFiles/stubs.dir/STUB_sched_rr_get_interval.c.o
[2965/3622] Building C object syscall/stubs/CMakeFiles/stubs.dir/STUB_sched_setaffinity.c.o
[2966/3622] Building C object syscall/stubs/CMakeFiles/stubs.dir/STUB_sched_setparam.c.o
[2967/3622] Building C object syscall/stubs/CMakeFiles/stubs.dir/STUB_sched_setscheduler.c.o
[2968/3622] Building C object syscall/stubs/CMakeFiles/stubs.dir/STUB_sched_unlock.c.o
[2969/3622] Building C object syscall/stubs/CMakeFiles/stubs.dir/STUB_sched_yield.c.o
[2970/3622] Building C object syscall/stubs/CMakeFiles/stubs.dir/STUB_select.c.o
[2971/3622] Building C object syscall/stubs/CMakeFiles/stubs.dir/STUB_send.c.o
[2972/3622] Building C object syscall/stubs/CMakeFiles/stubs.dir/STUB_sendfile.c.o
[2973/3622] Building C object syscall/stubs/CMakeFiles/stubs.dir/STUB_sendmsg.c.o
[2974/3622] Building C object syscall/stubs/CMakeFiles/stubs.dir/STUB_setegid.c.o
[2975/3622] Building C object syscall/stubs/CMakeFiles/stubs.dir/STUB_seteuid.c.o
[2976/3622] Building C object syscall/stubs/CMakeFiles/stubs.dir/STUB_sendto.c.o
[2977/3622] Building C object syscall/stubs/CMakeFiles/stubs.dir/STUB_setgid.c.o
[2978/3622] Building C object syscall/stubs/CMakeFiles/stubs.dir/STUB_sethostname.c.o
[2979/3622] Building C object syscall/stubs/CMakeFiles/stubs.dir/STUB_setitimer.c.o
[2980/3622] Building C object syscall/stubs/CMakeFiles/stubs.dir/STUB_setuid.c.o
[2981/3622] Building C object syscall/stubs/CMakeFiles/stubs.dir/STUB_shm_open.c.o
[2982/3622] Building C object syscall/stubs/CMakeFiles/stubs.dir/STUB_shm_unlink.c.o
[2983/3622] Building C object syscall/stubs/CMakeFiles/stubs.dir/STUB_shmat.c.o
[2984/3622] Building C object syscall/stubs/CMakeFiles/stubs.dir/STUB_setsockopt.c.o
[2985/3622] Building C object syscall/stubs/CMakeFiles/stubs.dir/STUB_shmctl.c.o
[2986/3622] Building C object syscall/stubs/CMakeFiles/stubs.dir/STUB_shmdt.c.o
[2987/3622] Building C object syscall/stubs/CMakeFiles/stubs.dir/STUB_shmget.c.o
[2988/3622] Building C object syscall/stubs/CMakeFiles/stubs.dir/STUB_signalfd.c.o
[2989/3622] Building C object syscall/stubs/CMakeFiles/stubs.dir/STUB_sigaction.c.o
[2990/3622] Building C object syscall/stubs/CMakeFiles/stubs.dir/STUB_shutdown.c.o
[2991/3622] Building C object syscall/stubs/CMakeFiles/stubs.dir/STUB_sigprocmask.c.o
[2992/3622] Building C object syscall/stubs/CMakeFiles/stubs.dir/STUB_sigpending.c.o
[2993/3622] Building C object syscall/stubs/CMakeFiles/stubs.dir/STUB_sigqueue.c.o
[2994/3622] Building C object syscall/stubs/CMakeFiles/stubs.dir/STUB_sigsuspend.c.o
[2995/3622] Building C object syscall/stubs/CMakeFiles/stubs.dir/STUB_sigtimedwait.c.o
[2996/3622] Building C object syscall/stubs/CMakeFiles/stubs.dir/STUB_sigwaitinfo.c.o
[2997/3622] Building C object syscall/stubs/CMakeFiles/stubs.dir/STUB_socket.c.o
[2998/3622] Building C object syscall/stubs/CMakeFiles/stubs.dir/STUB_socketpair.c.o
[2999/3622] Building C object syscall/stubs/CMakeFiles/stubs.dir/STUB_statfs.c.o
[3000/3622] Building C object syscall/stubs/CMakeFiles/stubs.dir/STUB_stat.c.o
[3001/3622] Building C object syscall/stubs/CMakeFiles/stubs.dir/STUB_symlink.c.o
[3002/3622] Building C object syscall/stubs/CMakeFiles/stubs.dir/STUB_sync.c.o
[3003/3622] Building C object syscall/stubs/CMakeFiles/stubs.dir/STUB_sysinfo.c.o
[3004/3622] Building C object syscall/stubs/CMakeFiles/stubs.dir/STUB_task_create.c.o
[3005/3622] Building C object syscall/stubs/CMakeFiles/stubs.dir/STUB_task_delete.c.o
[3006/3622] Building C object syscall/stubs/CMakeFiles/stubs.dir/STUB_task_restart.c.o
[3007/3622] Building C object syscall/stubs/CMakeFiles/stubs.dir/STUB_task_spawn.c.o
[3008/3622] Building C object syscall/stubs/CMakeFiles/stubs.dir/STUB_tgkill.c.o
[3009/3622] Building C object syscall/stubs/CMakeFiles/stubs.dir/STUB_timer_create.c.o
[3010/3622] Building C object syscall/stubs/CMakeFiles/stubs.dir/STUB_timer_delete.c.o
[3011/3622] Building C object syscall/stubs/CMakeFiles/stubs.dir/STUB_timerfd_create.c.o
[3012/3622] Building C object syscall/stubs/CMakeFiles/stubs.dir/STUB_timer_getoverrun.c.o
[3013/3622] Building C object syscall/stubs/CMakeFiles/stubs.dir/STUB_timer_gettime.c.o
[3014/3622] Building C object syscall/stubs/CMakeFiles/stubs.dir/STUB_timerfd_gettime.c.o
[3015/3622] Building C object syscall/stubs/CMakeFiles/stubs.dir/STUB_timer_settime.c.o
[3016/3622] Building C object syscall/stubs/CMakeFiles/stubs.dir/STUB_timerfd_settime.c.o
[3017/3622] Building C object syscall/stubs/CMakeFiles/stubs.dir/STUB_umount2.c.o
[3018/3622] Building C object syscall/stubs/CMakeFiles/stubs.dir/STUB_unlink.c.o
[3019/3622] Building C object syscall/stubs/CMakeFiles/stubs.dir/STUB_up_fork.c.o
[3020/3622] Building C object syscall/stubs/CMakeFiles/stubs.dir/STUB_utimens.c.o
[3021/3622] Building C object syscall/stubs/CMakeFiles/stubs.dir/STUB_wait.c.o
[3022/3622] Building C object syscall/stubs/CMakeFiles/stubs.dir/STUB_waitid.c.o
[3023/3622] Building C object syscall/stubs/CMakeFiles/stubs.dir/STUB_waitpid.c.o
[3024/3622] Building C object syscall/stubs/CMakeFiles/stubs.dir/STUB_write.c.o
[3025/3622] Building C object apps/CMakeFiles/apps.dir/dummy.c.o
[3026/3622] Building C object syscall/stubs/CMakeFiles/stubs.dir/__/syscall_stublookup.c.o
[3027/3622] Building C object syscall/stubs/CMakeFiles/stubs.dir/STUB_writev.c.o
[3028/3622] Building C object syscall/stubs/CMakeFiles/stubs.dir/STUB_perf_event_open.c.o
[3029/3622] Building C object apps/CMakeFiles/apps.dir/netutils/netinit/netinit_associate.c.o
[3030/3622] Building C object apps/CMakeFiles/apps.dir/fsutils/mkfatfs/mkfatfs.c.o
[3031/3622] Building C object apps/CMakeFiles/apps.dir/netutils/netinit/netinit.c.o
[3032/3622] Building C object apps/CMakeFiles/apps.dir/netutils/netlib/netlib_ipv4addrconv.c.o
[3033/3622] Building C object apps/CMakeFiles/apps.dir/fsutils/mkfatfs/configfat.c.o
[3034/3622] Building C object apps/CMakeFiles/apps.dir/fsutils/mkfatfs/writefat.c.o
[3035/3622] Building C object apps/CMakeFiles/apps.dir/netutils/netlib/netlib_ethaddrconv.c.o
[3036/3622] Building C object apps/CMakeFiles/apps.dir/netutils/netlib/netlib_parsehttpurl.c.o
[3037/3622] Building C object apps/CMakeFiles/apps.dir/netutils/netlib/netlib_getifstatus.c.o
[3038/3622] Building C object apps/CMakeFiles/apps.dir/netutils/netlib/netlib_setifstatus.c.o
[3039/3622] Building C object apps/CMakeFiles/apps.dir/netutils/dhcpc/dhcpc.c.o
[3040/3622] Building C object apps/CMakeFiles/apps.dir/netutils/netlib/netlib_setipv4addr.c.o
[3041/3622] Building C object apps/CMakeFiles/apps.dir/netutils/netlib/netlib_parseurl.c.o
[3042/3622] Linking C static library syscall/stubs/libstubs.a
[3043/3622] Building C object apps/CMakeFiles/apps.dir/netutils/netlib/netlib_getipv4addr.c.o
[3044/3622] Building C object apps/CMakeFiles/apps.dir/netutils/netlib/netlib_setipv4netmask.c.o
[3045/3622] Building C object apps/CMakeFiles/apps.dir/netutils/netlib/netlib_getdripv4addr.c.o
[3046/3622] Building C object apps/CMakeFiles/apps.dir/netutils/netlib/netlib_setdripv4addr.c.o
[3047/3622] Building C object apps/CMakeFiles/apps.dir/netutils/netlib/netlib_getipv4netmask.c.o
[3048/3622] Building C object apps/CMakeFiles/apps.dir/netutils/netlib/netlib_ipv4adaptor.c.o
[3049/3622] Building C object apps/CMakeFiles/apps.dir/netutils/netlib/netlib_getarp.c.o
[3050/3622] Building C object apps/CMakeFiles/apps.dir/netutils/netlib/netlib_setarp.c.o
[3051/3622] Building C object apps/CMakeFiles/apps.dir/netutils/netlib/netlib_cleardnsaddr.c.o
[3052/3622] Building C object apps/CMakeFiles/apps.dir/netutils/netlib/netlib_setipv4dnsaddr.c.o
[3053/3622] Building C object apps/CMakeFiles/apps.dir/netutils/netlib/netlib_delarp.c.o
[3054/3622] Building C object apps/CMakeFiles/apps.dir/netutils/netlib/netlib_obtainipv4addr.c.o
[3055/3622] Building C object apps/CMakeFiles/apps.dir/netutils/netlib/netlib_server.c.o
[3056/3622] Building C object apps/CMakeFiles/apps.dir/netutils/netlib/netlib_listenon.c.o
[3057/3622] Building C object apps/CMakeFiles/apps.dir/netutils/netlib/netlib_getessid.c.o
[3058/3622] Building C object apps/CMakeFiles/apps.dir/netutils/netlib/netlib_setessid.c.o
[3059/3622] Building C object apps/CMakeFiles/apps.dir/netutils/netlib/netlib_getmacaddr.c.o
[3060/3622] Building C object apps/CMakeFiles/apps.dir/netutils/netlib/netlib_setmacaddr.c.o
[3061/3622] Building C object apps/CMakeFiles/apps.dir/netutils/netlib/netlib_setmtu.c.o
[3062/3622] Building C object apps/CMakeFiles/apps.dir/netutils/netlib/netlib_getiobinfo.c.o
[3063/3622] Building C object apps/CMakeFiles/apps.dir/netutils/netlib/netlib_checkipconnectivity.c.o
[3064/3622] Building C object apps/CMakeFiles/apps.dir/netutils/netlib/netlib_checkifconnectivity.c.o
[3065/3622] Building C object apps/CMakeFiles/apps.dir/netutils/netlib/netlib_checkhttpconnectivity.c.o
[3066/3622] Building C object apps/CMakeFiles/apps.dir/nshlib/nsh_init.c.o
[3067/3622] Building C object apps/CMakeFiles/apps.dir/nshlib/nsh_script.c.o
[3068/3622] Building C object apps/CMakeFiles/apps.dir/nshlib/nsh_system.c.o
[3069/3622] Building C object apps/CMakeFiles/apps.dir/netutils/ping/icmp_ping.c.o
[3070/3622] Building C object apps/CMakeFiles/apps.dir/nshlib/nsh_console.c.o
[3071/3622] Building C object apps/CMakeFiles/apps.dir/nshlib/nsh_command.c.o
[3072/3622] Building C object apps/CMakeFiles/apps.dir/nshlib/nsh_mmcmds.c.o
[3073/3622] Building C object apps/CMakeFiles/apps.dir/nshlib/nsh_ddcmd.c.o
[3074/3622] Building C object apps/CMakeFiles/apps.dir/nshlib/nsh_timcmds.c.o
[3075/3622] Building C object apps/CMakeFiles/apps.dir/nshlib/nsh_prompt.c.o
[3076/3622] Building C object apps/CMakeFiles/apps.dir/nshlib/nsh_proccmds.c.o
[3077/3622] Building C object apps/CMakeFiles/apps.dir/nshlib/nsh_session.c.o
[3078/3622] Building C object apps/CMakeFiles/apps.dir/nshlib/nsh_envcmds.c.o
[3079/3622] Building C object apps/CMakeFiles/apps.dir/nshlib/nsh_syscmds.c.o
[3080/3622] Building C object apps/CMakeFiles/apps.dir/nshlib/nsh_dbgcmds.c.o
[3081/3622] Building C object apps/CMakeFiles/apps.dir/nshlib/nsh_parse.c.o
[3082/3622] Building C object apps/CMakeFiles/apps.dir/netutils/webclient/webclient.c.o
[3083/3622] Building C object apps/CMakeFiles/apps.dir/nshlib/nsh_consolemain.c.o
[3084/3622] Building C object apps/CMakeFiles/apps.dir/nshlib/nsh_fileapps.c.o
[3085/3622] Building C object apps/CMakeFiles/apps.dir/nshlib/nsh_fsutils.c.o
/home/regex/work/esp32s31-openvela/openvela-dev/apps/nshlib/nsh_fsutils.c: In function 'getpid_callback':
/home/regex/work/esp32s31-openvela/openvela-dev/apps/nshlib/nsh_fsutils.c:85:42: warning: '/cmdline' directive output may be truncated writing 8 bytes into a region of size between 0 and 255 [-Wformat-truncation=]
   85 |   snprintf(buffer, sizeof(buffer), "%s/%s/cmdline", dirpath, entryp->d_name);
      |                                          ^~~~~~~~
/home/regex/work/esp32s31-openvela/openvela-dev/apps/nshlib/nsh_fsutils.c:85:3: note: 'snprintf' output 10 or more bytes (assuming 265) into a destination of size 256
   85 |   snprintf(buffer, sizeof(buffer), "%s/%s/cmdline", dirpath, entryp->d_name);
      |   ^~~~~~~~~~~~~~~~~~~~~~~~~~~~~~~~~~~~~~~~~~~~~~~~~~~~~~~~~~~~~~~~~~~~~~~~~~
[3086/3622] Building C object apps/CMakeFiles/apps.dir/nshlib/nsh_mntcmds.c.o
[3087/3622] Building C object apps/CMakeFiles/apps.dir/nshlib/nsh_printf.c.o
[3088/3622] Building C object apps/CMakeFiles/apps.dir/nshlib/nsh_fscmds.c.o
[3089/3622] Building C object apps/CMakeFiles/apps.dir/nshlib/nsh_test.c.o
[3090/3622] Building C object apps/CMakeFiles/apps.dir/system/readline/readline.c.o
[3091/3622] Building C object apps/CMakeFiles/apps.dir/nshlib/nsh_wait.c.o
[3092/3622] Building C object apps/CMakeFiles/apps.dir/system/readline/readline_stream.c.o
[3093/3622] Building C object apps/CMakeFiles/apps.dir/system/popen/popen.c.o
[3094/3622] Building C object apps/CMakeFiles/apps.dir/system/readline/readline_fd.c.o
[3095/3622] Building C object apps/CMakeFiles/apps.dir/nshlib/nsh_netcmds.c.o
[3096/3622] Building C object apps/CMakeFiles/apps.dir/nshlib/nsh_alias.c.o
[3097/3622] Building C object apps/CMakeFiles/apps.dir/system/system/system.c.o
[3098/3622] Building C object apps/CMakeFiles/apps.dir/wireless/wapi/src/util.c.o
[3099/3622] Building C object apps/CMakeFiles/apps.dir/system/readline/readline_common.c.o
[3100/3622] Building C object apps/CMakeFiles/apps.dir/examples/nettest/nettest_cmdline.c.o
[3101/3622] Building C object apps/CMakeFiles/apps.dir/wireless/wapi/src/network.c.o
[3102/3622] Building C object apps/CMakeFiles/apps.dir/examples/nettest/nettest_server.c.o
[3103/3622] Building C object apps/crypto/mbedtls/CMakeFiles/mbedtls.dir/mbedtls/library/aesce.c.o
[3104/3622] Building C object apps/CMakeFiles/apps.dir/wireless/wapi/src/driver_wext.c.o
[3105/3622] Building C object apps/crypto/mbedtls/CMakeFiles/mbedtls.dir/mbedtls/library/aesni.c.o
[3106/3622] Building C object apps/crypto/mbedtls/CMakeFiles/mbedtls.dir/mbedtls/library/arc4.c.o
[3107/3622] Building C object apps/CMakeFiles/apps.dir/examples/pipe/transfer_test.c.o
[3108/3622] Building C object apps/CMakeFiles/apps.dir/examples/pipe/interlock_test.c.o
[3109/3622] Building C object apps/CMakeFiles/apps.dir/examples/pipe/redirect_test.c.o
[3110/3622] Building C object apps/crypto/mbedtls/CMakeFiles/mbedtls.dir/mbedtls/library/base64.c.o
[3111/3622] Building C object apps/crypto/mbedtls/CMakeFiles/mbedtls.dir/mbedtls/library/asn1parse.c.o
[3112/3622] Building C object apps/crypto/mbedtls/CMakeFiles/mbedtls.dir/mbedtls/library/asn1write.c.o
[3113/3622] Building C object apps/crypto/mbedtls/CMakeFiles/mbedtls.dir/mbedtls/library/aria.c.o
[3114/3622] Building C object apps/CMakeFiles/apps.dir/wireless/wapi/src/wireless.c.o
[3115/3622] Building C object apps/crypto/mbedtls/CMakeFiles/mbedtls.dir/mbedtls/library/blowfish.c.o
[3116/3622] Building C object apps/crypto/mbedtls/CMakeFiles/mbedtls.dir/mbedtls/library/bignum_mod_raw.c.o
[3117/3622] Building C object apps/crypto/mbedtls/CMakeFiles/mbedtls.dir/mbedtls/library/bignum_mod.c.o
[3118/3622] Linking C static library apps/libapps.a
[3119/3622] Building C object apps/crypto/mbedtls/CMakeFiles/mbedtls.dir/mbedtls/library/aes.c.o
[3120/3622] Building C object apps/crypto/mbedtls/CMakeFiles/mbedtls.dir/mbedtls/library/bignum_core.c.o
[3121/3622] Building C object apps/crypto/mbedtls/CMakeFiles/mbedtls.dir/mbedtls/library/ccm.c.o
[3122/3622] Building C object apps/crypto/mbedtls/CMakeFiles/mbedtls.dir/mbedtls/library/chachapoly.c.o
[3123/3622] Building C object apps/crypto/mbedtls/CMakeFiles/mbedtls.dir/mbedtls/library/chacha20.c.o
[3124/3622] Building C object apps/crypto/mbedtls/CMakeFiles/mbedtls.dir/mbedtls/library/camellia.c.o
[3125/3622] Building C object apps/crypto/mbedtls/CMakeFiles/mbedtls.dir/mbedtls/library/cmac.c.o
[3126/3622] Building C object apps/crypto/mbedtls/CMakeFiles/mbedtls.dir/mbedtls/library/cipher_wrap.c.o
[3127/3622] Building C object apps/crypto/mbedtls/CMakeFiles/mbedtls.dir/mbedtls/library/ctr_drbg.c.o
[3128/3622] Building C object apps/crypto/mbedtls/CMakeFiles/mbedtls.dir/mbedtls/library/cipher.c.o
[3129/3622] Building C object apps/crypto/mbedtls/CMakeFiles/mbedtls.dir/mbedtls/library/debug.c.o
[3130/3622] Building C object apps/crypto/mbedtls/CMakeFiles/mbedtls.dir/mbedtls/library/ecdh.c.o
[3131/3622] Building C object apps/crypto/mbedtls/CMakeFiles/mbedtls.dir/mbedtls/library/constant_time.c.o
[3132/3622] Building C object apps/crypto/mbedtls/CMakeFiles/mbedtls.dir/mbedtls/library/dhm.c.o
[3133/3622] Building C object apps/crypto/mbedtls/CMakeFiles/mbedtls.dir/mbedtls/library/bignum.c.o
[3134/3622] Building C object apps/crypto/mbedtls/CMakeFiles/mbedtls.dir/mbedtls/library/des.c.o
[3135/3622] Building C object apps/crypto/mbedtls/CMakeFiles/mbedtls.dir/mbedtls/library/entropy_poll.c.o
[3136/3622] Building C object apps/crypto/mbedtls/CMakeFiles/mbedtls.dir/mbedtls/library/entropy.c.o
[3137/3622] Building C object apps/crypto/mbedtls/CMakeFiles/mbedtls.dir/mbedtls/library/ecdsa.c.o
[3138/3622] Building C object apps/crypto/mbedtls/CMakeFiles/mbedtls.dir/mbedtls/library/hash_info.c.o
[3139/3622] Building C object apps/crypto/mbedtls/CMakeFiles/mbedtls.dir/mbedtls/library/ecjpake.c.o
[3140/3622] Building C object apps/crypto/mbedtls/CMakeFiles/mbedtls.dir/mbedtls/library/hkdf.c.o
[3141/3622] Building C object apps/crypto/mbedtls/CMakeFiles/mbedtls.dir/mbedtls/library/error.c.o
[3142/3622] Building C object apps/crypto/mbedtls/CMakeFiles/mbedtls.dir/mbedtls/library/hmac_drbg.c.o
[3143/3622] Building C object apps/crypto/mbedtls/CMakeFiles/mbedtls.dir/mbedtls/library/md2.c.o
[3144/3622] Building C object apps/crypto/mbedtls/CMakeFiles/mbedtls.dir/mbedtls/library/md4.c.o
[3145/3622] Building C object apps/crypto/mbedtls/CMakeFiles/mbedtls.dir/mbedtls/library/gcm.c.o
[3146/3622] Building C object apps/crypto/mbedtls/CMakeFiles/mbedtls.dir/mbedtls/library/ecp_curves.c.o
[3147/3622] Building C object apps/crypto/mbedtls/CMakeFiles/mbedtls.dir/mbedtls/library/lms.c.o
[3148/3622] Building C object apps/crypto/mbedtls/CMakeFiles/mbedtls.dir/mbedtls/library/memory_buffer_alloc.c.o
[3149/3622] Building C object apps/crypto/mbedtls/CMakeFiles/mbedtls.dir/mbedtls/library/mps_reader.c.o
[3150/3622] Building C object apps/crypto/mbedtls/CMakeFiles/mbedtls.dir/mbedtls/library/lmots.c.o
[3151/3622] Building C object apps/crypto/mbedtls/CMakeFiles/mbedtls.dir/mbedtls/library/mps_trace.c.o
[3152/3622] Building C object apps/crypto/mbedtls/CMakeFiles/mbedtls.dir/mbedtls/library/padlock.c.o
[3153/3622] Building C object apps/crypto/mbedtls/CMakeFiles/mbedtls.dir/mbedtls/library/md.c.o
[3154/3622] Building C object apps/crypto/mbedtls/CMakeFiles/mbedtls.dir/mbedtls/library/md5.c.o
[3155/3622] Building C object apps/crypto/mbedtls/CMakeFiles/mbedtls.dir/mbedtls/library/nist_kw.c.o
[3156/3622] Building C object apps/crypto/mbedtls/CMakeFiles/mbedtls.dir/mbedtls/library/ecp.c.o
[3157/3622] Building C object apps/crypto/mbedtls/CMakeFiles/mbedtls.dir/mbedtls/library/pk.c.o
[3158/3622] Building C object apps/crypto/mbedtls/CMakeFiles/mbedtls.dir/mbedtls/library/oid.c.o
[3159/3622] Building C object apps/crypto/mbedtls/CMakeFiles/mbedtls.dir/mbedtls/library/net_sockets.c.o
[3160/3622] Building C object apps/crypto/mbedtls/CMakeFiles/mbedtls.dir/mbedtls/library/pem.c.o
[3161/3622] Building C object apps/crypto/mbedtls/CMakeFiles/mbedtls.dir/mbedtls/library/pk_wrap.c.o
[3162/3622] Building C object apps/crypto/mbedtls/CMakeFiles/mbedtls.dir/mbedtls/library/pkcs12.c.o
[3163/3622] Building C object apps/crypto/mbedtls/CMakeFiles/mbedtls.dir/mbedtls/library/platform.c.o
[3164/3622] Building C object apps/crypto/mbedtls/CMakeFiles/mbedtls.dir/mbedtls/library/platform_util.c.o
[3165/3622] Building C object apps/crypto/mbedtls/CMakeFiles/mbedtls.dir/mbedtls/library/pkcs5.c.o
[3166/3622] Building C object apps/crypto/mbedtls/CMakeFiles/mbedtls.dir/mbedtls/library/pkwrite.c.o
[3167/3622] Building C object apps/crypto/mbedtls/CMakeFiles/mbedtls.dir/mbedtls/library/poly1305.c.o
[3168/3622] Building C object apps/crypto/mbedtls/CMakeFiles/mbedtls.dir/mbedtls/library/pkcs7.c.o
[3169/3622] Building C object apps/crypto/mbedtls/CMakeFiles/mbedtls.dir/mbedtls/library/psa_crypto_client.c.o
[3170/3622] Building C object apps/crypto/mbedtls/CMakeFiles/mbedtls.dir/mbedtls/library/psa_crypto_aead.c.o
[3171/3622] Building C object apps/crypto/mbedtls/CMakeFiles/mbedtls.dir/mbedtls/library/psa_crypto_cipher.c.o
[3172/3622] Building C object apps/crypto/mbedtls/CMakeFiles/mbedtls.dir/mbedtls/library/pkparse.c.o
[3173/3622] Building C object apps/crypto/mbedtls/CMakeFiles/mbedtls.dir/mbedtls/library/psa_crypto_hash.c.o
[3174/3622] Building C object apps/crypto/mbedtls/CMakeFiles/mbedtls.dir/mbedtls/library/psa_crypto_se.c.o
[3175/3622] Building C object apps/crypto/mbedtls/CMakeFiles/mbedtls.dir/mbedtls/library/psa_crypto_mac.c.o
[3176/3622] Building C object apps/crypto/mbedtls/CMakeFiles/mbedtls.dir/mbedtls/library/psa_crypto_ecp.c.o
[3177/3622] Building C object apps/crypto/mbedtls/CMakeFiles/mbedtls.dir/mbedtls/library/psa_crypto_pake.c.o
[3178/3622] Building C object apps/crypto/mbedtls/CMakeFiles/mbedtls.dir/mbedtls/library/psa_crypto_driver_wrappers.c.o
[3179/3622] Building C object apps/crypto/mbedtls/CMakeFiles/mbedtls.dir/mbedtls/library/psa_util.c.o
[3180/3622] Building C object apps/crypto/mbedtls/CMakeFiles/mbedtls.dir/mbedtls/library/psa_its_file.c.o
[3181/3622] Building C object apps/crypto/mbedtls/CMakeFiles/mbedtls.dir/mbedtls/library/psa_crypto_rsa.c.o
[3182/3622] Building C object apps/crypto/mbedtls/CMakeFiles/mbedtls.dir/mbedtls/library/psa_crypto_storage.c.o
[3183/3622] Building C object apps/crypto/mbedtls/CMakeFiles/mbedtls.dir/mbedtls/library/psa_crypto_slot_management.c.o
[3184/3622] Building C object apps/crypto/mbedtls/CMakeFiles/mbedtls.dir/mbedtls/library/rsa_alt_helpers.c.o
[3185/3622] Building C object apps/crypto/mbedtls/CMakeFiles/mbedtls.dir/mbedtls/library/sha3.c.o
[3186/3622] Building C object apps/crypto/mbedtls/CMakeFiles/mbedtls.dir/mbedtls/library/ripemd160.c.o
[3187/3622] Building C object apps/crypto/mbedtls/CMakeFiles/mbedtls.dir/mbedtls/library/sha1.c.o
[3188/3622] Building C object apps/crypto/mbedtls/CMakeFiles/mbedtls.dir/mbedtls/library/sha256.c.o
[3189/3622] Building C object apps/crypto/mbedtls/CMakeFiles/mbedtls.dir/mbedtls/library/sha512.c.o
[3190/3622] Building C object apps/crypto/mbedtls/CMakeFiles/mbedtls.dir/mbedtls/library/ssl_cookie.c.o
[3191/3622] Building C object apps/crypto/mbedtls/CMakeFiles/mbedtls.dir/mbedtls/library/ssl_cache.c.o
[3192/3622] Building C object apps/crypto/mbedtls/CMakeFiles/mbedtls.dir/mbedtls/library/ssl_ticket.c.o
[3193/3622] Building C object apps/crypto/mbedtls/CMakeFiles/mbedtls.dir/mbedtls/library/ssl_ciphersuites.c.o
[3194/3622] Building C object apps/crypto/mbedtls/CMakeFiles/mbedtls.dir/mbedtls/library/ssl_debug_helpers_generated.c.o
[3195/3622] Building C object apps/crypto/mbedtls/CMakeFiles/mbedtls.dir/mbedtls/library/ssl_tls13_client.c.o
[3196/3622] Building C object apps/crypto/mbedtls/CMakeFiles/mbedtls.dir/mbedtls/library/ssl_client.c.o
[3197/3622] Building C object apps/crypto/mbedtls/CMakeFiles/mbedtls.dir/mbedtls/library/ssl_tls13_generic.c.o
[3198/3622] Building C object apps/crypto/mbedtls/CMakeFiles/mbedtls.dir/mbedtls/library/ssl_tls13_keys.c.o
[3199/3622] Building C object apps/crypto/mbedtls/CMakeFiles/mbedtls.dir/mbedtls/library/rsa.c.o
[3200/3622] Building C object apps/crypto/mbedtls/CMakeFiles/mbedtls.dir/mbedtls/library/ssl_tls13_server.c.o
[3201/3622] Building C object apps/crypto/mbedtls/CMakeFiles/mbedtls.dir/mbedtls/library/threading.c.o
[3202/3622] Building C object apps/crypto/mbedtls/CMakeFiles/mbedtls.dir/mbedtls/library/version.c.o
[3203/3622] Building C object apps/crypto/mbedtls/CMakeFiles/mbedtls.dir/mbedtls/library/version_features.c.o
[3204/3622] Building C object apps/crypto/mbedtls/CMakeFiles/mbedtls.dir/mbedtls/library/timing.c.o
[3205/3622] Building C object apps/crypto/mbedtls/CMakeFiles/mbedtls.dir/mbedtls/library/x509_create.c.o
[3206/3622] Building C object apps/crypto/mbedtls/CMakeFiles/mbedtls.dir/mbedtls/library/x509_crl.c.o
[3207/3622] Building C object apps/crypto/mbedtls/CMakeFiles/mbedtls.dir/mbedtls/library/x509_crt_pool.c.o
[3208/3622] Building C object apps/crypto/mbedtls/CMakeFiles/mbedtls.dir/mbedtls/library/ssl_tls12_client.c.o
[3209/3622] Building C object apps/crypto/mbedtls/CMakeFiles/mbedtls.dir/mbedtls/library/x509_csr.c.o
[3210/3622] Building C object apps/crypto/mbedtls/CMakeFiles/mbedtls.dir/mbedtls/library/x509.c.o
[3211/3622] Building C object apps/crypto/mbedtls/CMakeFiles/mbedtls.dir/mbedtls/library/xtea.c.o
[3212/3622] Building C object apps/crypto/mbedtls/CMakeFiles/mbedtls.dir/mbedtls/library/ssl_tls12_server.c.o
[3213/3622] Building C object apps/crypto/mbedtls/CMakeFiles/kmbedtls.dir/mbedtls/library/aesce.c.o
[3214/3622] Building C object apps/crypto/mbedtls/CMakeFiles/mbedtls.dir/mbedtls/library/x509write_crt.c.o
[3215/3622] Building C object apps/crypto/mbedtls/CMakeFiles/kmbedtls.dir/mbedtls/library/aesni.c.o
[3216/3622] Building C object apps/crypto/mbedtls/CMakeFiles/kmbedtls.dir/mbedtls/library/arc4.c.o
[3217/3622] Building C object apps/crypto/mbedtls/CMakeFiles/mbedtls.dir/mbedtls/library/x509write_csr.c.o
[3218/3622] Building C object apps/crypto/mbedtls/CMakeFiles/mbedtls.dir/mbedtls/library/psa_crypto.c.o
[3219/3622] Building C object apps/crypto/mbedtls/CMakeFiles/mbedtls.dir/mbedtls/library/x509_crt.c.o
[3220/3622] Building C object apps/crypto/mbedtls/CMakeFiles/mbedtls.dir/mbedtls/library/ssl_msg.c.o
[3221/3622] Building C object apps/crypto/mbedtls/CMakeFiles/kmbedtls.dir/mbedtls/library/asn1parse.c.o
[3222/3622] Building C object apps/crypto/mbedtls/CMakeFiles/kmbedtls.dir/mbedtls/library/asn1write.c.o
[3223/3622] Building C object apps/crypto/mbedtls/CMakeFiles/kmbedtls.dir/mbedtls/library/aria.c.o
[3224/3622] Building C object apps/crypto/mbedtls/CMakeFiles/kmbedtls.dir/mbedtls/library/blowfish.c.o
[3225/3622] Building C object apps/crypto/mbedtls/CMakeFiles/kmbedtls.dir/mbedtls/library/base64.c.o
[3226/3622] Building C object apps/crypto/mbedtls/CMakeFiles/kmbedtls.dir/mbedtls/library/aes.c.o
[3227/3622] Building C object apps/crypto/mbedtls/CMakeFiles/kmbedtls.dir/mbedtls/library/bignum_mod_raw.c.o
[3228/3622] Building C object apps/crypto/mbedtls/CMakeFiles/kmbedtls.dir/mbedtls/library/bignum_mod.c.o
[3229/3622] Building C object apps/crypto/mbedtls/CMakeFiles/kmbedtls.dir/mbedtls/library/chacha20.c.o
[3230/3622] Building C object apps/crypto/mbedtls/CMakeFiles/kmbedtls.dir/mbedtls/library/bignum_core.c.o
[3231/3622] Building C object apps/crypto/mbedtls/CMakeFiles/kmbedtls.dir/mbedtls/library/ccm.c.o
[3232/3622] Building C object apps/crypto/mbedtls/CMakeFiles/kmbedtls.dir/mbedtls/library/chachapoly.c.o
[3233/3622] Building C object apps/crypto/mbedtls/CMakeFiles/mbedtls.dir/mbedtls/library/ssl_tls.c.o
[3234/3622] Building C object apps/crypto/mbedtls/CMakeFiles/kmbedtls.dir/mbedtls/library/camellia.c.o
[3235/3622] Building C object apps/crypto/mbedtls/CMakeFiles/kmbedtls.dir/mbedtls/library/cmac.c.o
[3236/3622] Linking C static library apps/crypto/mbedtls/libmbedtls.a
[3237/3622] Building C object apps/crypto/mbedtls/CMakeFiles/kmbedtls.dir/mbedtls/library/cipher_wrap.c.o
[3238/3622] Building C object apps/crypto/mbedtls/CMakeFiles/kmbedtls.dir/mbedtls/library/ctr_drbg.c.o
[3239/3622] Building C object apps/crypto/mbedtls/CMakeFiles/kmbedtls.dir/mbedtls/library/cipher.c.o
[3240/3622] Building C object apps/crypto/mbedtls/CMakeFiles/kmbedtls.dir/mbedtls/library/debug.c.o
[3241/3622] Building C object apps/crypto/mbedtls/CMakeFiles/kmbedtls.dir/mbedtls/library/constant_time.c.o
[3242/3622] Building C object apps/crypto/mbedtls/CMakeFiles/kmbedtls.dir/mbedtls/library/ecdh.c.o
[3243/3622] Building C object apps/crypto/mbedtls/CMakeFiles/kmbedtls.dir/mbedtls/library/dhm.c.o
[3244/3622] Building C object apps/crypto/mbedtls/CMakeFiles/kmbedtls.dir/mbedtls/library/ecdsa.c.o
[3245/3622] Building C object apps/crypto/mbedtls/CMakeFiles/kmbedtls.dir/mbedtls/library/bignum.c.o
[3246/3622] Building C object apps/crypto/mbedtls/CMakeFiles/kmbedtls.dir/mbedtls/library/ecjpake.c.o
[3247/3622] Building C object apps/crypto/mbedtls/CMakeFiles/kmbedtls.dir/mbedtls/library/entropy_poll.c.o
[3248/3622] Building C object apps/crypto/mbedtls/CMakeFiles/kmbedtls.dir/mbedtls/library/des.c.o
[3249/3622] Building C object apps/crypto/mbedtls/CMakeFiles/kmbedtls.dir/mbedtls/library/entropy.c.o
[3250/3622] Building C object apps/crypto/mbedtls/CMakeFiles/kmbedtls.dir/mbedtls/library/hkdf.c.o
[3251/3622] Building C object apps/crypto/mbedtls/CMakeFiles/kmbedtls.dir/mbedtls/library/hash_info.c.o
[3252/3622] Building C object apps/crypto/mbedtls/CMakeFiles/kmbedtls.dir/mbedtls/library/error.c.o
[3253/3622] Building C object apps/crypto/mbedtls/CMakeFiles/kmbedtls.dir/mbedtls/library/ecp_curves.c.o
[3254/3622] Building C object apps/crypto/mbedtls/CMakeFiles/kmbedtls.dir/mbedtls/library/md2.c.o
[3255/3622] Building C object apps/crypto/mbedtls/CMakeFiles/kmbedtls.dir/mbedtls/library/md4.c.o
[3256/3622] Building C object apps/crypto/mbedtls/CMakeFiles/kmbedtls.dir/mbedtls/library/hmac_drbg.c.o
[3257/3622] Building C object apps/crypto/mbedtls/CMakeFiles/kmbedtls.dir/mbedtls/library/gcm.c.o
[3258/3622] Building C object apps/crypto/mbedtls/CMakeFiles/kmbedtls.dir/mbedtls/library/memory_buffer_alloc.c.o
[3259/3622] Building C object apps/crypto/mbedtls/CMakeFiles/kmbedtls.dir/mbedtls/library/mps_reader.c.o
[3260/3622] Building C object apps/crypto/mbedtls/CMakeFiles/kmbedtls.dir/mbedtls/library/lmots.c.o
[3261/3622] Building C object apps/crypto/mbedtls/CMakeFiles/kmbedtls.dir/mbedtls/library/mps_trace.c.o
[3262/3622] Building C object apps/crypto/mbedtls/CMakeFiles/kmbedtls.dir/mbedtls/library/lms.c.o
[3263/3622] Building C object apps/crypto/mbedtls/CMakeFiles/kmbedtls.dir/mbedtls/library/padlock.c.o
[3264/3622] Building C object apps/crypto/mbedtls/CMakeFiles/kmbedtls.dir/mbedtls/library/md.c.o
[3265/3622] Building C object apps/crypto/mbedtls/CMakeFiles/kmbedtls.dir/mbedtls/library/md5.c.o
[3266/3622] Building C object apps/crypto/mbedtls/CMakeFiles/kmbedtls.dir/mbedtls/library/ecp.c.o
[3267/3622] Building C object apps/crypto/mbedtls/CMakeFiles/kmbedtls.dir/mbedtls/library/nist_kw.c.o
[3268/3622] Building C object apps/crypto/mbedtls/CMakeFiles/kmbedtls.dir/mbedtls/library/net_sockets.c.o
[3269/3622] Building C object apps/crypto/mbedtls/CMakeFiles/kmbedtls.dir/mbedtls/library/oid.c.o
[3270/3622] Building C object apps/crypto/mbedtls/CMakeFiles/kmbedtls.dir/mbedtls/library/pk.c.o
[3271/3622] Building C object apps/crypto/mbedtls/CMakeFiles/kmbedtls.dir/mbedtls/library/pem.c.o
[3272/3622] Building C object apps/crypto/mbedtls/CMakeFiles/kmbedtls.dir/mbedtls/library/pk_wrap.c.o
[3273/3622] Building C object apps/crypto/mbedtls/CMakeFiles/kmbedtls.dir/mbedtls/library/pkcs5.c.o
[3274/3622] Building C object apps/crypto/mbedtls/CMakeFiles/kmbedtls.dir/mbedtls/library/platform.c.o
[3275/3622] Building C object apps/crypto/mbedtls/CMakeFiles/kmbedtls.dir/mbedtls/library/platform_util.c.o
[3276/3622] Building C object apps/crypto/mbedtls/CMakeFiles/kmbedtls.dir/mbedtls/library/pkcs12.c.o
[3277/3622] Building C object apps/crypto/mbedtls/CMakeFiles/kmbedtls.dir/mbedtls/library/pkcs7.c.o
[3278/3622] Building C object apps/crypto/mbedtls/CMakeFiles/kmbedtls.dir/mbedtls/library/pkwrite.c.o
[3279/3622] Building C object apps/crypto/mbedtls/CMakeFiles/kmbedtls.dir/mbedtls/library/psa_crypto_client.c.o
[3280/3622] Building C object apps/crypto/mbedtls/CMakeFiles/kmbedtls.dir/mbedtls/library/poly1305.c.o
[3281/3622] Building C object apps/crypto/mbedtls/CMakeFiles/kmbedtls.dir/mbedtls/library/psa_crypto_aead.c.o
[3282/3622] Building C object apps/crypto/mbedtls/CMakeFiles/kmbedtls.dir/mbedtls/library/psa_crypto_cipher.c.o
[3283/3622] Building C object apps/crypto/mbedtls/CMakeFiles/kmbedtls.dir/mbedtls/library/pkparse.c.o
[3284/3622] Building C object apps/crypto/mbedtls/CMakeFiles/kmbedtls.dir/mbedtls/library/psa_crypto_hash.c.o
[3285/3622] Building C object apps/crypto/mbedtls/CMakeFiles/kmbedtls.dir/mbedtls/library/psa_crypto_se.c.o
[3286/3622] Building C object apps/crypto/mbedtls/CMakeFiles/kmbedtls.dir/mbedtls/library/psa_crypto_ecp.c.o
[3287/3622] Building C object apps/crypto/mbedtls/CMakeFiles/kmbedtls.dir/mbedtls/library/psa_crypto_mac.c.o
[3288/3622] Building C object apps/crypto/mbedtls/CMakeFiles/kmbedtls.dir/mbedtls/library/psa_crypto_pake.c.o
[3289/3622] Building C object apps/crypto/mbedtls/CMakeFiles/kmbedtls.dir/mbedtls/library/psa_crypto_driver_wrappers.c.o
[3290/3622] Building C object apps/crypto/mbedtls/CMakeFiles/kmbedtls.dir/mbedtls/library/psa_its_file.c.o
[3291/3622] Building C object apps/crypto/mbedtls/CMakeFiles/kmbedtls.dir/mbedtls/library/psa_crypto_storage.c.o
[3292/3622] Building C object apps/crypto/mbedtls/CMakeFiles/kmbedtls.dir/mbedtls/library/psa_crypto_rsa.c.o
[3293/3622] Building C object apps/crypto/mbedtls/CMakeFiles/kmbedtls.dir/mbedtls/library/psa_crypto_slot_management.c.o
[3294/3622] Building C object apps/crypto/mbedtls/CMakeFiles/kmbedtls.dir/mbedtls/library/psa_util.c.o
[3295/3622] Building C object apps/crypto/mbedtls/CMakeFiles/kmbedtls.dir/mbedtls/library/rsa_alt_helpers.c.o
[3296/3622] Building C object apps/crypto/mbedtls/CMakeFiles/kmbedtls.dir/mbedtls/library/sha3.c.o
[3297/3622] Building C object apps/crypto/mbedtls/CMakeFiles/kmbedtls.dir/mbedtls/library/ripemd160.c.o
[3298/3622] Building C object apps/crypto/mbedtls/CMakeFiles/kmbedtls.dir/mbedtls/library/sha256.c.o
[3299/3622] Building C object apps/crypto/mbedtls/CMakeFiles/kmbedtls.dir/mbedtls/library/sha1.c.o
[3300/3622] Building C object apps/crypto/mbedtls/CMakeFiles/kmbedtls.dir/mbedtls/library/sha512.c.o
[3301/3622] Building C object apps/crypto/mbedtls/CMakeFiles/kmbedtls.dir/mbedtls/library/ssl_cookie.c.o
[3302/3622] Building C object apps/crypto/mbedtls/CMakeFiles/kmbedtls.dir/mbedtls/library/ssl_ticket.c.o
[3303/3622] Building C object apps/crypto/mbedtls/CMakeFiles/kmbedtls.dir/mbedtls/library/ssl_cache.c.o
[3304/3622] Building C object apps/crypto/mbedtls/CMakeFiles/kmbedtls.dir/mbedtls/library/ssl_ciphersuites.c.o
[3305/3622] Building C object apps/crypto/mbedtls/CMakeFiles/kmbedtls.dir/mbedtls/library/ssl_debug_helpers_generated.c.o
[3306/3622] Building C object apps/crypto/mbedtls/CMakeFiles/kmbedtls.dir/mbedtls/library/ssl_tls13_client.c.o
[3307/3622] Building C object apps/crypto/mbedtls/CMakeFiles/kmbedtls.dir/mbedtls/library/rsa.c.o
[3308/3622] Building C object apps/crypto/mbedtls/CMakeFiles/kmbedtls.dir/mbedtls/library/ssl_client.c.o
[3309/3622] Building C object apps/crypto/mbedtls/CMakeFiles/kmbedtls.dir/mbedtls/library/ssl_tls13_generic.c.o
[3310/3622] Building C object apps/crypto/mbedtls/CMakeFiles/kmbedtls.dir/mbedtls/library/ssl_tls13_keys.c.o
[3311/3622] Building C object apps/crypto/mbedtls/CMakeFiles/kmbedtls.dir/mbedtls/library/ssl_tls13_server.c.o
[3312/3622] Building C object apps/crypto/mbedtls/CMakeFiles/kmbedtls.dir/mbedtls/library/threading.c.o
[3313/3622] Building C object apps/crypto/mbedtls/CMakeFiles/kmbedtls.dir/mbedtls/library/version.c.o
[3314/3622] Building C object apps/crypto/mbedtls/CMakeFiles/kmbedtls.dir/mbedtls/library/version_features.c.o
[3315/3622] Building C object apps/crypto/mbedtls/CMakeFiles/kmbedtls.dir/mbedtls/library/timing.c.o
[3316/3622] Building C object apps/crypto/mbedtls/CMakeFiles/kmbedtls.dir/mbedtls/library/x509_create.c.o
[3317/3622] Building C object apps/crypto/mbedtls/CMakeFiles/kmbedtls.dir/mbedtls/library/x509_crl.c.o
[3318/3622] Building C object apps/crypto/mbedtls/CMakeFiles/kmbedtls.dir/mbedtls/library/x509_crt_pool.c.o
[3319/3622] Building C object apps/crypto/mbedtls/CMakeFiles/kmbedtls.dir/mbedtls/library/ssl_tls12_client.c.o
[3320/3622] Building C object apps/crypto/mbedtls/CMakeFiles/kmbedtls.dir/mbedtls/library/x509.c.o
[3321/3622] Building C object apps/crypto/mbedtls/CMakeFiles/kmbedtls.dir/mbedtls/library/x509_csr.c.o
[3322/3622] Building C object apps/crypto/mbedtls/CMakeFiles/kmbedtls.dir/mbedtls/library/ssl_tls12_server.c.o
[3323/3622] Building C object apps/crypto/mbedtls/CMakeFiles/kmbedtls.dir/mbedtls/library/xtea.c.o
[3324/3622] Building C object apps/external/android/CMakeFiles/android.dir/dummy.c.o
[3325/3622] Linking C static library apps/external/android/libandroid.a
[3326/3622] Building C object apps/crypto/mbedtls/CMakeFiles/kmbedtls.dir/mbedtls/library/x509write_crt.c.o
[3327/3622] Building C object apps/crypto/mbedtls/CMakeFiles/kmbedtls.dir/mbedtls/library/psa_crypto.c.o
[3328/3622] Building C object apps/crypto/mbedtls/CMakeFiles/kmbedtls.dir/mbedtls/library/x509write_csr.c.o
[3329/3622] Building C object apps/crypto/mbedtls/CMakeFiles/kmbedtls.dir/mbedtls/library/x509_crt.c.o
[3330/3622] Building C object apps/crypto/mbedtls/CMakeFiles/kmbedtls.dir/mbedtls/library/ssl_msg.c.o
[3331/3622] Building C object apps/crypto/mbedtls/CMakeFiles/kmbedtls.dir/mbedtls/library/ssl_tls.c.o
[3332/3622] Linking C static library apps/crypto/mbedtls/libkmbedtls.a
[3333/3622] Building C object apps/testing/cmocka/CMakeFiles/cmocka.dir/cmocka/src/cmocka.c.o
[3334/3622] Linking C static library apps/testing/cmocka/libcmocka.a
[3335/3622] Refreshing ELF relink sentinel:renew
[3336/3622] Refreshing ELF relink sentinel:i2c
[3337/3622] Refreshing ELF relink sentinel:sh
[3338/3622] Refreshing ELF relink sentinel:ping
[3339/3622] Refreshing ELF relink sentinel:taskset
[3340/3622] Refreshing ELF relink sentinel:init
[3341/3622] Refreshing ELF relink sentinel:cmocka
[3342/3622] Refreshing ELF relink sentinel:cmocka_aesxts
[3343/3622] Building C object apps/system/dhcpc/CMakeFiles/ELF_renew.dir/ELF_renew_relink.c.o
[3344/3622] Building C object apps/system/i2c/CMakeFiles/ELF_i2c.dir/i2c_bus.c.o
[3345/3622] Building C object apps/system/i2c/CMakeFiles/ELF_i2c.dir/i2c_common.c.o
[3346/3622] Building C object apps/system/dhcpc/CMakeFiles/ELF_renew.dir/renew_main.c.o
[3347/3622] Building C object apps/system/i2c/CMakeFiles/ELF_i2c.dir/i2c_get.c.o
[3348/3622] Building C object apps/system/i2c/CMakeFiles/ELF_i2c.dir/i2c_dev.c.o
[3349/3622] Building C object apps/system/i2c/CMakeFiles/ELF_i2c.dir/i2c_set.c.o
[3350/3622] Building C object apps/system/i2c/CMakeFiles/ELF_i2c.dir/i2c_main.c.o
[3351/3622] Building C object apps/system/i2c/CMakeFiles/ELF_i2c.dir/i2c_verf.c.o
[3352/3622] Building C object apps/system/i2c/CMakeFiles/ELF_i2c.dir/ELF_i2c_relink.c.o
[3353/3622] Building C object apps/system/i2c/CMakeFiles/ELF_i2c.dir/i2c_devif.c.o
[3354/3622] Building C object apps/system/nsh/CMakeFiles/ELF_init.dir/ELF_init_relink.c.o
[3355/3622] Building C object apps/system/i2c/CMakeFiles/ELF_i2c.dir/i2c_dump.c.o
[3356/3622] Building C object apps/system/i2c/CMakeFiles/ELF_i2c.dir/i2c_hexdump.c.o
[3357/3622] Building C object apps/system/nsh/CMakeFiles/ELF_sh.dir/ELF_sh_relink.c.o
[3358/3622] Building C object apps/system/i2c/CMakeFiles/ELF_i2c.dir/i2c_reset.c.o
[3359/3622] Building C object apps/system/nsh/CMakeFiles/ELF_sh.dir/sh_main.c.o
[3360/3622] Building C object apps/system/ping/CMakeFiles/ELF_ping.dir/ELF_ping_relink.c.o
[3361/3622] Building C object apps/system/nsh/CMakeFiles/ELF_init.dir/nsh_main.c.o
[3362/3622] Building C object apps/system/taskset/CMakeFiles/ELF_taskset.dir/ELF_taskset_relink.c.o
[3363/3622] Building C object apps/testing/cmocka/CMakeFiles/ELF_cmocka.dir/ELF_cmocka_relink.c.o
[3364/3622] Building C object apps/system/taskset/CMakeFiles/ELF_taskset.dir/taskset.c.o
[3365/3622] Linking C static library apps/system/dhcpc/libELF_renew.a
[3366/3622] Building C object apps/system/ping/CMakeFiles/ELF_ping.dir/ping.c.o
[3367/3622] Building C object apps/testing/cmocka/CMakeFiles/ELF_cmocka.dir/cmocka_main.c.o
[3368/3622] Building C object apps/testing/drivers/crypto/CMakeFiles/ELF_cmocka_aesxts.dir/ELF_cmocka_aesxts_relink.c.o
[3369/3622] Refreshing ELF relink sentinel:cmocka_aesctr
[3370/3622] Linking C static library apps/system/i2c/libELF_i2c.a
[3371/3622] Building C object apps/testing/drivers/crypto/CMakeFiles/ELF_cmocka_aesxts.dir/aesxts.c.o
[3372/3622] Building C object apps/testing/drivers/crypto/CMakeFiles/ELF_cmocka_aesctr.dir/ELF_cmocka_aesctr_relink.c.o
[3373/3622] Refreshing ELF relink sentinel:cmocka_des3cbc
[3374/3622] Linking C static library apps/system/nsh/libELF_sh.a
[3375/3622] Building C object apps/testing/drivers/crypto/CMakeFiles/ELF_cmocka_des3cbc.dir/ELF_cmocka_des3cbc_relink.c.o
[3376/3622] Refreshing ELF relink sentinel:cmocka_aescbc
[3377/3622] Linking C static library apps/system/nsh/libELF_init.a
[3378/3622] Building C object apps/testing/drivers/crypto/CMakeFiles/ELF_cmocka_aescbc.dir/ELF_cmocka_aescbc_relink.c.o
[3379/3622] Linking C static library apps/system/taskset/libELF_taskset.a
[3380/3622] Refreshing ELF relink sentinel:cmocka_hash
[3381/3622] Building C object apps/testing/drivers/crypto/CMakeFiles/ELF_cmocka_aesctr.dir/aesctr.c.o
[3382/3622] Refreshing ELF relink sentinel:cmocka_crc32
[3383/3622] Linking C static library apps/system/ping/libELF_ping.a
[3384/3622] Building C object apps/testing/drivers/crypto/CMakeFiles/ELF_cmocka_des3cbc.dir/3descbc.c.o
[3385/3622] Building C object apps/testing/drivers/crypto/CMakeFiles/ELF_cmocka_hash.dir/ELF_cmocka_hash_relink.c.o
[3386/3622] Building C object apps/testing/drivers/crypto/CMakeFiles/ELF_cmocka_crc32.dir/ELF_cmocka_crc32_relink.c.o
[3387/3622] Refreshing ELF relink sentinel:cmocka_hmac
[3388/3622] Linking C static library apps/testing/cmocka/libELF_cmocka.a
[3389/3622] Building C object apps/testing/drivers/crypto/CMakeFiles/ELF_cmocka_hmac.dir/ELF_cmocka_hmac_relink.c.o
[3390/3622] Building C object apps/testing/drivers/crypto/CMakeFiles/ELF_cmocka_aescbc.dir/aescbc.c.o
[3391/3622] Refreshing ELF relink sentinel:cmocka_ecdsa
[3392/3622] Linking C static library apps/testing/drivers/crypto/libELF_cmocka_aesxts.a
[3393/3622] Building C object apps/testing/drivers/crypto/CMakeFiles/ELF_cmocka_ecdsa.dir/ELF_cmocka_ecdsa_relink.c.o
[3394/3622] Refreshing ELF relink sentinel:cmocka_driver_timer
[3395/3622] Building C object apps/testing/drivers/crypto/CMakeFiles/ELF_cmocka_hash.dir/hash.c.o
[3396/3622] Building C object apps/testing/drivers/crypto/CMakeFiles/ELF_cmocka_hmac.dir/hmac.c.o
[3397/3622] Building C object apps/testing/drivers/crypto/CMakeFiles/ELF_cmocka_crc32.dir/crc32.c.o
/home/regex/work/esp32s31-openvela/openvela-dev/apps/testing/drivers/crypto/crc32.c: In function 'match':
/home/regex/work/esp32s31-openvela/openvela-dev/apps/testing/drivers/crypto/crc32.c:214:14: warning: format '%x' expects argument of type 'unsigned int', but argument 2 has type 'uint32_t' {aka 'long unsigned int'} [-Wformat=]
  214 |   printf("%02x\n", a);
      |           ~~~^     ~
      |              |     |
      |              |     uint32_t {aka long unsigned int}
      |              unsigned int
      |           %02lx
/home/regex/work/esp32s31-openvela/openvela-dev/apps/testing/drivers/crypto/crc32.c:215:14: warning: format '%x' expects argument of type 'unsigned int', but argument 2 has type 'uint32_t' {aka 'long unsigned int'} [-Wformat=]
  215 |   printf("%02x\n", b);
      |           ~~~^     ~
      |              |     |
      |              |     uint32_t {aka long unsigned int}
      |              unsigned int
      |           %02lx
[3398/3622] Linking C static library apps/testing/drivers/crypto/libELF_cmocka_aesctr.a
[3399/3622] Linking C static library apps/testing/drivers/crypto/libELF_cmocka_des3cbc.a
[3400/3622] Building C object apps/testing/drivers/crypto/CMakeFiles/ELF_cmocka_ecdsa.dir/ecdsa.c.o
[3401/3622] Refreshing ELF relink sentinel:cmocka_driver_simple
[3402/3622] Building C object apps/testing/drivers/drivertest/CMakeFiles/ELF_cmocka_driver_timer.dir/ELF_cmocka_driver_timer_relink.c.o
[3403/3622] Building C object apps/testing/drivers/drivertest/CMakeFiles/ELF_cmocka_driver_timer.dir/drivertest_timer.c.o
[3404/3622] Building C object apps/testing/drivers/drivertest/CMakeFiles/ELF_cmocka_driver_simple.dir/ELF_cmocka_driver_simple_relink.c.o
[3405/3622] Refreshing ELF relink sentinel:cmocka_driver_i2cdev_master
[3406/3622] Building C object apps/testing/drivers/drivertest/CMakeFiles/ELF_cmocka_driver_simple.dir/drivertest_simple.c.o
[3407/3622] Linking C static library apps/testing/drivers/crypto/libELF_cmocka_aescbc.a
[3408/3622] Building C object apps/testing/drivers/drivertest/CMakeFiles/ELF_cmocka_driver_i2cdev_master.dir/ELF_cmocka_driver_i2cdev_master_relink.c.o
[3409/3622] Refreshing ELF relink sentinel:cmocka_driver_uart
[3410/3622] Linking C static library apps/testing/drivers/crypto/libELF_cmocka_hash.a
[3411/3622] Linking C static library apps/testing/drivers/crypto/libELF_cmocka_crc32.a
[3412/3622] Refreshing ELF relink sentinel:nist_sts
[3413/3622] Linking C static library apps/testing/drivers/crypto/libELF_cmocka_hmac.a
[3414/3622] Building C object apps/testing/drivers/drivertest/CMakeFiles/ELF_cmocka_driver_uart.dir/ELF_cmocka_driver_uart_relink.c.o
[3415/3622] Linking C static library apps/testing/drivers/crypto/libELF_cmocka_ecdsa.a
[3416/3622] Building C object apps/testing/drivers/drivertest/CMakeFiles/ELF_cmocka_driver_i2cdev_master.dir/drivertest_i2cdev_master.c.o
[3417/3622] Building C object apps/testing/drivers/nist-sts/CMakeFiles/ELF_nist_sts.dir/sts/src/blockFrequency.c.o
[3418/3622] Building C object apps/testing/drivers/drivertest/CMakeFiles/ELF_cmocka_driver_uart.dir/drivertest_uart.c.o
[3419/3622] Linking C static library apps/testing/drivers/drivertest/libELF_cmocka_driver_timer.a
[3420/3622] Building C object apps/testing/drivers/nist-sts/CMakeFiles/ELF_nist_sts.dir/sts/src/approximateEntropy.c.o
[3421/3622] Linking C static library apps/testing/drivers/drivertest/libELF_cmocka_driver_simple.a
[3422/3622] Building C object apps/testing/drivers/nist-sts/CMakeFiles/ELF_nist_sts.dir/sts/src/cusum.c.o
[3423/3622] Building C object apps/testing/drivers/nist-sts/CMakeFiles/ELF_nist_sts.dir/sts/src/discreteFourierTransform.c.o
[3424/3622] Building C object apps/testing/drivers/nist-sts/CMakeFiles/ELF_nist_sts.dir/sts/src/frequency.c.o
[3425/3622] Building C object apps/testing/drivers/nist-sts/CMakeFiles/ELF_nist_sts.dir/sts/src/cephes.c.o
[3426/3622] Building C object apps/testing/drivers/nist-sts/CMakeFiles/ELF_nist_sts.dir/sts/src/assess.c.o
[3427/3622] Linking C static library apps/testing/drivers/drivertest/libELF_cmocka_driver_i2cdev_master.a
[3428/3622] Linking C static library apps/testing/drivers/drivertest/libELF_cmocka_driver_uart.a
[3429/3622] Building C object apps/testing/drivers/nist-sts/CMakeFiles/ELF_nist_sts.dir/sts/src/matrix.c.o
[3430/3622] Building C object apps/testing/drivers/nist-sts/CMakeFiles/ELF_nist_sts.dir/sts/src/longestRunOfOnes.c.o
[3431/3622] Building C object apps/testing/drivers/nist-sts/CMakeFiles/ELF_nist_sts.dir/sts/src/linearComplexity.c.o
[3432/3622] Building C object apps/testing/drivers/nist-sts/CMakeFiles/ELF_nist_sts.dir/sts/src/nonOverlappingTemplateMatchings.c.o
[3433/3622] Building C object apps/testing/drivers/nist-sts/CMakeFiles/ELF_nist_sts.dir/sts/src/randomExcursionsVariant.c.o
[3434/3622] Building C object apps/testing/drivers/nist-sts/CMakeFiles/ELF_nist_sts.dir/sts/src/rank.c.o
[3435/3622] Building C object apps/testing/drivers/nist-sts/CMakeFiles/ELF_nist_sts.dir/sts/src/genutils.c.o
[3436/3622] Building C object apps/testing/drivers/nist-sts/CMakeFiles/ELF_nist_sts.dir/sts/src/overlappingTemplateMatchings.c.o
[3437/3622] Building C object apps/testing/drivers/nist-sts/CMakeFiles/ELF_nist_sts.dir/sts/src/randomExcursions.c.o
[3438/3622] Building C object apps/testing/drivers/nist-sts/CMakeFiles/ELF_nist_sts.dir/ELF_nist_sts_relink.c.o
[3439/3622] Refreshing ELF relink sentinel:fstest
[3440/3622] Refreshing ELF relink sentinel:scanftest
[3441/3622] Building C object apps/testing/fs/fstest/CMakeFiles/ELF_fstest.dir/ELF_fstest_relink.c.o
[3442/3622] Building C object apps/testing/drivers/nist-sts/CMakeFiles/ELF_nist_sts.dir/sts/src/dfft.c.o
[3443/3622] Building C object apps/testing/drivers/nist-sts/CMakeFiles/ELF_nist_sts.dir/sts/src/generators.c.o
[3444/3622] Building C object apps/testing/drivers/nist-sts/CMakeFiles/ELF_nist_sts.dir/sts/src/runs.c.o
[3445/3622] Building C object apps/testing/libc/scanftest/CMakeFiles/ELF_scanftest.dir/ELF_scanftest_relink.c.o
[3446/3622] Refreshing ELF relink sentinel:ramtest
[3447/3622] Refreshing ELF relink sentinel:getprime
[3448/3622] Building C object apps/testing/drivers/nist-sts/CMakeFiles/ELF_nist_sts.dir/sts/src/serial.c.o
[3449/3622] Refreshing ELF relink sentinel:cmocka_syscall_test
[3450/3622] Building C object apps/testing/mm/ramtest/CMakeFiles/ELF_ramtest.dir/ELF_ramtest_relink.c.o
[3451/3622] Building C object apps/testing/drivers/nist-sts/CMakeFiles/ELF_nist_sts.dir/sts/src/universal.c.o
[3452/3622] Building C object apps/testing/sched/getprime/CMakeFiles/ELF_getprime.dir/ELF_getprime_relink.c.o
[3453/3622] Building C object apps/testing/testsuites/CMakeFiles/ELF_cmocka_syscall_test.dir/kernel/syscall/cmocka_syscall_test.c.o
[3454/3622] Building C object apps/testing/drivers/nist-sts/CMakeFiles/ELF_nist_sts.dir/sts/src/utilities.c.o
[3455/3622] Building C object apps/testing/sched/getprime/CMakeFiles/ELF_getprime.dir/getprime_main.c.o
[3456/3622] Building C object apps/testing/testsuites/CMakeFiles/ELF_cmocka_syscall_test.dir/kernel/syscall/cases/Fstatfs_test.c.o
[3457/3622] Building C object apps/testing/libc/scanftest/CMakeFiles/ELF_scanftest.dir/scanftest_main.c.o
[3458/3622] Building C object apps/testing/testsuites/CMakeFiles/ELF_cmocka_syscall_test.dir/kernel/syscall/cases/accept_test.c.o
[3459/3622] Building C object apps/testing/mm/ramtest/CMakeFiles/ELF_ramtest.dir/ramtest.c.o
[3460/3622] Building C object apps/testing/fs/fstest/CMakeFiles/ELF_fstest.dir/fstest_main.c.o
[3461/3622] Building C object apps/testing/testsuites/CMakeFiles/ELF_cmocka_syscall_test.dir/kernel/syscall/cases/bind_test.c.o
[3462/3622] Building C object apps/testing/testsuites/CMakeFiles/ELF_cmocka_syscall_test.dir/kernel/syscall/cases/chdir_test.c.o
[3463/3622] Building C object apps/testing/testsuites/CMakeFiles/ELF_cmocka_syscall_test.dir/kernel/syscall/cases/clock_gettime_test.c.o
[3464/3622] Building C object apps/testing/testsuites/CMakeFiles/ELF_cmocka_syscall_test.dir/kernel/syscall/cases/clock_settime_test.c.o
[3465/3622] Building C object apps/testing/testsuites/CMakeFiles/ELF_cmocka_syscall_test.dir/kernel/syscall/cases/clock_nanosleep_test.c.o
[3466/3622] Linking C static library apps/testing/sched/getprime/libELF_getprime.a
[3467/3622] Building C object apps/testing/testsuites/CMakeFiles/ELF_cmocka_syscall_test.dir/kernel/syscall/cases/close_test.c.o
[3468/3622] Linking C static library apps/testing/libc/scanftest/libELF_scanftest.a
[3469/3622] Linking C static library apps/testing/mm/ramtest/libELF_ramtest.a
[3470/3622] Linking C static library apps/testing/drivers/nist-sts/libELF_nist_sts.a
[3471/3622] Building C object apps/testing/testsuites/CMakeFiles/ELF_cmocka_syscall_test.dir/kernel/syscall/cases/creat_test.c.o
[3472/3622] Linking C static library apps/testing/fs/fstest/libELF_fstest.a
[3473/3622] Building C object apps/testing/testsuites/CMakeFiles/ELF_cmocka_syscall_test.dir/kernel/syscall/cases/dup2_test.c.o
[3474/3622] Building C object apps/testing/testsuites/CMakeFiles/ELF_cmocka_syscall_test.dir/kernel/syscall/cases/connect_test.c.o
[3475/3622] Building C object apps/testing/testsuites/CMakeFiles/ELF_cmocka_syscall_test.dir/kernel/syscall/cases/dup_test.c.o
[3476/3622] Building C object apps/testing/testsuites/CMakeFiles/ELF_cmocka_syscall_test.dir/kernel/syscall/cases/fpathconf_test.c.o
[3477/3622] Building C object apps/testing/testsuites/CMakeFiles/ELF_cmocka_syscall_test.dir/kernel/syscall/cases/fsync_test.c.o
[3478/3622] Building C object apps/testing/testsuites/CMakeFiles/ELF_cmocka_syscall_test.dir/kernel/syscall/cases/ftruncate_test.c.o
[3479/3622] Building C object apps/testing/testsuites/CMakeFiles/ELF_cmocka_syscall_test.dir/kernel/syscall/cases/getTimeofday_test.c.o
[3480/3622] Building C object apps/testing/testsuites/CMakeFiles/ELF_cmocka_syscall_test.dir/kernel/syscall/cases/getcwd_test.c.o
[3481/3622] Building C object apps/testing/testsuites/CMakeFiles/ELF_cmocka_syscall_test.dir/kernel/syscall/cases/fcntl_test.c.o
[3482/3622] Building C object apps/testing/testsuites/CMakeFiles/ELF_cmocka_syscall_test.dir/kernel/syscall/cases/getegid_test.c.o
[3483/3622] Building C object apps/testing/testsuites/CMakeFiles/ELF_cmocka_syscall_test.dir/kernel/syscall/cases/geteuid_test.c.o
[3484/3622] Building C object apps/testing/testsuites/CMakeFiles/ELF_cmocka_syscall_test.dir/kernel/syscall/cases/getgid_test.c.o
[3485/3622] Building C object apps/testing/testsuites/CMakeFiles/ELF_cmocka_syscall_test.dir/kernel/syscall/cases/gethostname_test.c.o
[3486/3622] Building C object apps/testing/testsuites/CMakeFiles/ELF_cmocka_syscall_test.dir/kernel/syscall/cases/getpid_test.c.o
[3487/3622] Building C object apps/testing/testsuites/CMakeFiles/ELF_cmocka_syscall_test.dir/kernel/syscall/cases/getppid_test.c.o
[3488/3622] Building C object apps/testing/testsuites/CMakeFiles/ELF_cmocka_syscall_test.dir/kernel/syscall/cases/getitimer_test.c.o
[3489/3622] Building C object apps/testing/testsuites/CMakeFiles/ELF_cmocka_syscall_test.dir/kernel/syscall/cases/getpeername_test.c.o
[3490/3622] Building C object apps/testing/testsuites/CMakeFiles/ELF_cmocka_syscall_test.dir/kernel/syscall/cases/getuid_test.c.o
[3491/3622] Building C object apps/testing/testsuites/CMakeFiles/ELF_cmocka_syscall_test.dir/kernel/syscall/cases/getsocketopt_test.c.o
[3492/3622] Building C object apps/testing/testsuites/CMakeFiles/ELF_cmocka_syscall_test.dir/kernel/syscall/cases/listen_test.c.o
[3493/3622] Building C object apps/testing/testsuites/CMakeFiles/ELF_cmocka_syscall_test.dir/kernel/syscall/cases/lstat_test.c.o
[3494/3622] Building C object apps/testing/testsuites/CMakeFiles/ELF_cmocka_syscall_test.dir/kernel/syscall/cases/memcmp_test.c.o
[3495/3622] Building C object apps/testing/testsuites/CMakeFiles/ELF_cmocka_syscall_test.dir/kernel/syscall/cases/memcpy_test.c.o
[3496/3622] Building C object apps/testing/testsuites/CMakeFiles/ELF_cmocka_syscall_test.dir/kernel/syscall/cases/lseek_test.c.o
[3497/3622] Building C object apps/testing/testsuites/CMakeFiles/ELF_cmocka_syscall_test.dir/kernel/syscall/cases/memset_test.c.o
[3498/3622] Building C object apps/testing/testsuites/CMakeFiles/ELF_cmocka_syscall_test.dir/kernel/syscall/cases/nansleep_test.c.o
[3499/3622] Building C object apps/testing/testsuites/CMakeFiles/ELF_cmocka_syscall_test.dir/kernel/syscall/cases/pathconf_test.c.o
[3500/3622] Building C object apps/testing/testsuites/CMakeFiles/ELF_cmocka_syscall_test.dir/kernel/syscall/cases/mkdir_test.c.o
[3501/3622] Building C object apps/testing/testsuites/CMakeFiles/ELF_cmocka_syscall_test.dir/kernel/syscall/cases/pipe_test.c.o
[3502/3622] Building C object apps/testing/testsuites/CMakeFiles/ELF_cmocka_syscall_test.dir/kernel/syscall/cases/readdir_test.c.o
[3503/3622] Building C object apps/testing/testsuites/CMakeFiles/ELF_cmocka_syscall_test.dir/kernel/syscall/cases/read_test.c.o
[3504/3622] Building C object apps/testing/testsuites/CMakeFiles/ELF_cmocka_syscall_test.dir/kernel/syscall/cases/pread_test.c.o
[3505/3622] Building C object apps/testing/testsuites/CMakeFiles/ELF_cmocka_syscall_test.dir/kernel/syscall/cases/rmdir_test.c.o
[3506/3622] Building C object apps/testing/testsuites/CMakeFiles/ELF_cmocka_syscall_test.dir/kernel/syscall/cases/pwrite_test.c.o
[3507/3622] Building C object apps/testing/testsuites/CMakeFiles/ELF_cmocka_syscall_test.dir/kernel/syscall/cases/sched_test.c.o
[3508/3622] Building C object apps/testing/testsuites/CMakeFiles/ELF_cmocka_syscall_test.dir/kernel/syscall/cases/recvfrom_test.c.o
[3509/3622] Building C object apps/testing/testsuites/CMakeFiles/ELF_cmocka_syscall_test.dir/kernel/syscall/cases/socket_test.c.o
[3510/3622] Building C object apps/testing/testsuites/CMakeFiles/ELF_cmocka_syscall_test.dir/kernel/syscall/cases/setsocketopt01_test.c.o
[3511/3622] Building C object apps/testing/testsuites/CMakeFiles/ELF_cmocka_syscall_test.dir/kernel/syscall/cases/timer_create_test.c.o
[3512/3622] Building C object apps/testing/testsuites/CMakeFiles/ELF_cmocka_syscall_test.dir/kernel/syscall/cases/symlink_test.c.o
[3513/3622] Building C object apps/testing/testsuites/CMakeFiles/ELF_cmocka_syscall_test.dir/kernel/syscall/cases/timer_delete_test.c.o
[3514/3622] Building C object apps/testing/testsuites/CMakeFiles/ELF_cmocka_syscall_test.dir/kernel/syscall/cases/time_test.c.o
[3515/3622] Building C object apps/testing/testsuites/CMakeFiles/ELF_cmocka_syscall_test.dir/kernel/syscall/cases/socketpair_test.c.o
[3516/3622] Refreshing ELF relink sentinel:cmocka_sched_test
[3517/3622] Refreshing ELF relink sentinel:cmocka_mm_test
[3518/3622] Building C object apps/testing/testsuites/CMakeFiles/ELF_cmocka_syscall_test.dir/ELF_cmocka_syscall_test_relink.c.o
[3519/3622] Building C object apps/testing/testsuites/CMakeFiles/ELF_cmocka_syscall_test.dir/kernel/syscall/cases/timer_gettime_test.c.o
[3520/3622] Building C object apps/testing/testsuites/CMakeFiles/ELF_cmocka_syscall_test.dir/kernel/syscall/cases/unlink_test.c.o
[3521/3622] Building C object apps/testing/testsuites/CMakeFiles/ELF_cmocka_syscall_test.dir/kernel/syscall/cases/truncate_test.c.o
[3522/3622] Building C object apps/testing/testsuites/CMakeFiles/ELF_cmocka_sched_test.dir/kernel/sched/cmocka_sched_test.c.o
[3523/3622] Building C object apps/testing/testsuites/CMakeFiles/ELF_cmocka_sched_test.dir/kernel/sched/cases/api_pthread_test_001.c.o
[3524/3622] Building C object apps/testing/testsuites/CMakeFiles/ELF_cmocka_syscall_test.dir/kernel/syscall/cases/write_test.c.o
[3525/3622] Building C object apps/testing/testsuites/CMakeFiles/ELF_cmocka_sched_test.dir/kernel/sched/cases/api_pthread_test_002.c.o
[3526/3622] Building C object apps/testing/testsuites/CMakeFiles/ELF_cmocka_sched_test.dir/kernel/sched/cases/api_pthread_test_003.c.o
[3527/3622] Building C object apps/testing/testsuites/CMakeFiles/ELF_cmocka_sched_test.dir/kernel/sched/cases/api_pthread_test_004.c.o
[3528/3622] Building C object apps/testing/testsuites/CMakeFiles/ELF_cmocka_sched_test.dir/kernel/sched/cases/api_pthread_test_005.c.o
[3529/3622] Building C object apps/testing/testsuites/CMakeFiles/ELF_cmocka_sched_test.dir/kernel/sched/cases/api_pthread_test_006.c.o
[3530/3622] Building C object apps/testing/testsuites/CMakeFiles/ELF_cmocka_sched_test.dir/kernel/sched/cases/api_task_test_001.c.o
[3531/3622] Building C object apps/testing/testsuites/CMakeFiles/ELF_cmocka_sched_test.dir/kernel/sched/cases/api_pthread_test_007.c.o
[3532/3622] Building C object apps/testing/testsuites/CMakeFiles/ELF_cmocka_sched_test.dir/kernel/sched/cases/api_pthread_test_008.c.o
[3533/3622] Building C object apps/testing/testsuites/CMakeFiles/ELF_cmocka_syscall_test.dir/kernel/syscall/common/test_syscall_common.c.o
[3534/3622] Building C object apps/testing/testsuites/CMakeFiles/ELF_cmocka_sched_test.dir/kernel/sched/cases/api_task_test_002.c.o
[3535/3622] Building C object apps/testing/testsuites/CMakeFiles/ELF_cmocka_sched_test.dir/kernel/sched/cases/api_pthread_test_009.c.o
[3536/3622] Building C object apps/testing/testsuites/CMakeFiles/ELF_cmocka_sched_test.dir/kernel/sched/cases/api_task_test_003.c.o
[3537/3622] Building C object apps/testing/testsuites/CMakeFiles/ELF_cmocka_sched_test.dir/kernel/sched/cases/api_task_test_004.c.o
[3538/3622] Building C object apps/testing/testsuites/CMakeFiles/ELF_cmocka_sched_test.dir/ELF_cmocka_sched_test_relink.c.o
[3539/3622] Building C object apps/testing/testsuites/CMakeFiles/ELF_cmocka_sched_test.dir/kernel/sched/cases/api_task_test_005.c.o
[3540/3622] Building C object apps/testing/testsuites/CMakeFiles/ELF_cmocka_sched_test.dir/kernel/sched/cases/api_task_test_006.c.o
[3541/3622] Building C object apps/testing/testsuites/CMakeFiles/ELF_cmocka_sched_test.dir/kernel/sched/cases/api_task_test_007.c.o
[3542/3622] Building C object apps/testing/testsuites/CMakeFiles/ELF_cmocka_sched_test.dir/kernel/sched/common/test_sched_common.c.o
[3543/3622] Building C object apps/testing/testsuites/CMakeFiles/ELF_cmocka_mm_test.dir/kernel/mm/cmocka_mm_test.c.o
[3544/3622] Building C object apps/testing/testsuites/CMakeFiles/ELF_cmocka_mm_test.dir/kernel/mm/cases/mm_test_001.c.o
[3545/3622] Building C object apps/testing/testsuites/CMakeFiles/ELF_cmocka_mm_test.dir/kernel/mm/cases/mm_test_002.c.o
[3546/3622] Building C object apps/testing/testsuites/CMakeFiles/ELF_cmocka_mm_test.dir/kernel/mm/cases/mm_test_004.c.o
[3547/3622] Building C object apps/testing/testsuites/CMakeFiles/ELF_cmocka_mm_test.dir/kernel/mm/cases/mm_test_003.c.o
[3548/3622] Building C object apps/testing/testsuites/CMakeFiles/ELF_cmocka_mm_test.dir/kernel/mm/cases/mm_test_005.c.o
[3549/3622] Refreshing ELF relink sentinel:mem_batch_opt_perf_test
[3550/3622] Building C object apps/testing/testsuites/CMakeFiles/ELF_cmocka_mm_test.dir/ELF_cmocka_mm_test_relink.c.o
[3551/3622] Building C object apps/testing/testsuites/CMakeFiles/ELF_cmocka_mm_test.dir/kernel/mm/cases/mm_test_006.c.o
[3552/3622] Building C object apps/testing/testsuites/CMakeFiles/ELF_cmocka_mm_test.dir/kernel/mm/cases/mm_test_007.c.o
[3553/3622] Refreshing ELF relink sentinel:mem_cycle_opt_perf_test
[3554/3622] Building C object apps/testing/testsuites/CMakeFiles/ELF_mem_batch_opt_perf_test.dir/ELF_mem_batch_opt_perf_test_relink.c.o
[3555/3622] Building C object apps/testing/testsuites/CMakeFiles/ELF_cmocka_mm_test.dir/kernel/mm/cases/mm_test_008.c.o
[3556/3622] Building C object apps/testing/testsuites/CMakeFiles/ELF_cmocka_mm_test.dir/kernel/mm/common/test_mm_common.c.o
[3557/3622] Building C object apps/testing/testsuites/CMakeFiles/ELF_mem_cycle_opt_perf_test.dir/ELF_mem_cycle_opt_perf_test_relink.c.o
[3558/3622] Building C object apps/testing/testsuites/CMakeFiles/ELF_mem_batch_opt_perf_test.dir/kernel/mm/common/test_mm_common.c.o
[3559/3622] Refreshing ELF relink sentinel:wapi
[3560/3622] Building C object apps/testing/testsuites/CMakeFiles/ELF_mem_batch_opt_perf_test.dir/kernel/mm/tool/mem_batch_opt_perf_test.c.o
[3561/3622] Refreshing ELF relink sentinel:buttons
[3562/3622] Building C object apps/wireless/wapi/CMakeFiles/ELF_wapi.dir/ELF_wapi_relink.c.o
[3563/3622] Building C object apps/testing/testsuites/CMakeFiles/ELF_mem_cycle_opt_perf_test.dir/kernel/mm/common/test_mm_common.c.o
[3564/3622] Linking C static library apps/testing/testsuites/libELF_cmocka_sched_test.a
[3565/3622] Building C object apps/testing/testsuites/CMakeFiles/ELF_mem_cycle_opt_perf_test.dir/kernel/mm/tool/mem_cycle_opt_perf_test.c.o
[3566/3622] Refreshing ELF relink sentinel:hello
[3567/3622] Linking C static library apps/testing/testsuites/libELF_cmocka_syscall_test.a
[3568/3622] Building C object apps/examples/buttons/CMakeFiles/ELF_buttons.dir/ELF_buttons_relink.c.o
[3569/3622] Refreshing ELF relink sentinel:nettest
[3570/3622] Building C object apps/examples/hello/CMakeFiles/ELF_hello.dir/ELF_hello_relink.c.o
[3571/3622] Building C object apps/examples/hello/CMakeFiles/ELF_hello.dir/hello_main.c.o
[3572/3622] Building C object apps/examples/nettest/CMakeFiles/ELF_nettest.dir/ELF_nettest_relink.c.o
[3573/3622] Building C object apps/examples/buttons/CMakeFiles/ELF_buttons.dir/buttons_main.c.o
[3574/3622] Refreshing ELF relink sentinel:pipe
[3575/3622] Building C object apps/examples/nettest/CMakeFiles/ELF_nettest.dir/nettest_target1.c.o
[3576/3622] Linking C static library apps/testing/testsuites/libELF_mem_batch_opt_perf_test.a
[3577/3622] Building C object apps/examples/pipe/CMakeFiles/ELF_pipe.dir/ELF_pipe_relink.c.o
[3578/3622] Linking C static library apps/testing/testsuites/libELF_cmocka_mm_test.a
[3579/3622] Refreshing ELF relink sentinel:popen
[3580/3622] Refreshing ELF relink sentinel:s31demo
[3581/3622] Linking C static library apps/testing/testsuites/libELF_mem_cycle_opt_perf_test.a
[3582/3622] Building C object apps/examples/pipe/CMakeFiles/ELF_pipe.dir/pipe_main.c.o
[3583/3622] Building C object apps/wireless/wapi/CMakeFiles/ELF_wapi.dir/src/wapi.c.o
[3584/3622] Building C object apps/examples/popen/CMakeFiles/ELF_popen.dir/ELF_popen_relink.c.o
[3585/3622] Building C object apps/examples/s31demo/CMakeFiles/ELF_s31demo.dir/ELF_s31demo_relink.c.o
[3586/3622] Linking C static library apps/examples/hello/libELF_hello.a
[3587/3622] Refreshing ELF relink sentinel:s31led
[3588/3622] Refreshing ELF relink sentinel:udpserver
[3589/3622] Building C object apps/examples/popen/CMakeFiles/ELF_popen.dir/popen_main.c.o
[3590/3622] Linking C static library apps/examples/buttons/libELF_buttons.a
[3591/3622] Building C object apps/examples/s31led/CMakeFiles/ELF_s31led.dir/ELF_s31led_relink.c.o
[3592/3622] Linking C static library apps/examples/nettest/libELF_nettest.a
[3593/3622] Building C object apps/examples/s31demo/CMakeFiles/ELF_s31demo.dir/s31demo_main.c.o
[3594/3622] Building C object apps/examples/s31led/CMakeFiles/ELF_s31led.dir/s31led_main.c.o
[3595/3622] Building C object apps/examples/udp/CMakeFiles/ELF_udpserver.dir/udp_target1.c.o
[3596/3622] Building C object apps/examples/udp/CMakeFiles/ELF_udpserver.dir/ELF_udpserver_relink.c.o
[3597/3622] Building C object apps/examples/udp/CMakeFiles/ELF_udpserver.dir/udp_cmdline.c.o
[3598/3622] Linking C static library apps/examples/pipe/libELF_pipe.a
[3599/3622] Refreshing ELF relink sentinel:md5_test
[3600/3622] Building C object apps/tests/testcases/vela_fs_test/CMakeFiles/ELF_md5_test.dir/ELF_md5_test_relink.c.o
[3601/3622] Linking C static library apps/wireless/wapi/libELF_wapi.a
[3602/3622] Building C object apps/examples/udp/CMakeFiles/ELF_udpserver.dir/udp_server.c.o
[3603/3622] Linking C static library apps/examples/popen/libELF_popen.a
[3604/3622] Building C object apps/tests/testcases/vela_fs_test/CMakeFiles/ELF_md5_test.dir/rdonly_fs/md5_test.c.o
[3605/3622] Building C object apps/tests/testcases/vela_fs_test/CMakeFiles/ELF_md5_test.dir/rdonly_fs/lib/md5.c.o
[3606/3622] Linking C static library apps/examples/s31demo/libELF_s31demo.a
[3607/3622] Linking C static library apps/examples/s31led/libELF_s31led.a
[3608/3622] Linking C static library apps/examples/udp/libELF_udpserver.a
[3609/3622] Linking C static library apps/tests/testcases/vela_fs_test/libELF_md5_test.a
[3610/3622] Generating external ESP32-S31 application ROMFS
[3611/3622] Building C object CMakeFiles/nuttx.dir/empty.c.o
[3612/3622] Building C object boards/CMakeFiles/board.dir/__/dummy.c.o
[3613/3622] Building C object boards/CMakeFiles/board.dir/risc-v/esp32s31/esp32s31-core-function-board/src/esp32s31_buttons.c.o
In file included from /home/regex/work/esp32s31-openvela/openvela-dev/nuttx/arch/risc-v/src/common/espressif/esp_gpio.h:34,
                 from /home/regex/work/esp32s31-openvela/openvela-dev/nuttx/boards/risc-v/esp32s31/esp32s31-core-function-board/src/esp32s31_buttons.c:21:
/home/regex/work/esp32s31-openvela/s31-reference/deps/esp-hal-3rdparty/components/esp_hal_gpio/include/hal/gpio_types.h:148:5: warning: 'SOC_GPIO_SUPPORT_PIN_HYS_CTRL_BY_EFUSE' is not defined, evaluates to '0' [-Wundef]
  148 | #if SOC_GPIO_SUPPORT_PIN_HYS_CTRL_BY_EFUSE
      |     ^~~~~~~~~~~~~~~~~~~~~~~~~~~~~~~~~~~~~~
[3614/3622] Building C object boards/CMakeFiles/board.dir/risc-v/esp32s31/esp32s31-core-function-board/src/esp32s31_boot.c.o
[3615/3622] Building C object boards/CMakeFiles/board.dir/risc-v/esp32s31/esp32s31-core-function-board/src/esp32s31_reset.c.o
[3616/3622] Building C object boards/CMakeFiles/board.dir/boardctl.c.o
[3617/3622] Building C object boards/CMakeFiles/board.dir/risc-v/esp32s31/esp32s31-core-function-board/src/esp32s31_bringup.c.o
[3618/3622] Linking C static library boards/libboard.a
[3619/3622] Linking C executable nuttx
[3620/3622] Generating System.map
[3621/3622] Generating nuttx.hex
[3622/3622] Generating ESP32-S31 simple-boot image for offset 0x2000
esptool v5.4.0
Creating ESP32-S31 image...
Image has only RAM segments visible. ROM segments are hidden and SHA256 digest is not appended.
NOTE: Inserting 4 bytes padding between .iram0.text and .dram0.data
Merged 2 ELF sections.
Successfully created ESP32-S31 image.
+ python3 /home/regex/work/esp32s31-openvela/backups/2026-09-10-scan-stress/verify-wifi-artifact.py /home/regex/work/esp32s31-openvela/openvela-dev/out/esp32s31-xts-sha
WIFI_ARTIFACT_CONFIG=PASS booleans=1813 protocol=7
+ test -f /home/regex/work/esp32s31-openvela/openvela-dev/out/esp32s31-xts-sha/bin/s31demo
+ test -f /home/regex/work/esp32s31-openvela/openvela-dev/out/esp32s31-xts-sha/appfs-root/s31demo
+ test -f /home/regex/work/esp32s31-openvela/openvela-dev/out/esp32s31-xts-sha/appfs-root/s31demo.sha256
+ [[ demo-rmt-xts-sha = demo-rmt-xts-* ]]
+ for task_app in cmocka_mm_test cmocka_sched_test cmocka_syscall_test
+ test -f /home/regex/work/esp32s31-openvela/openvela-dev/out/esp32s31-xts-sha/appfs-root/cmocka_mm_test
+ for task_app in cmocka_mm_test cmocka_sched_test cmocka_syscall_test
+ test -f /home/regex/work/esp32s31-openvela/openvela-dev/out/esp32s31-xts-sha/appfs-root/cmocka_sched_test
+ for task_app in cmocka_mm_test cmocka_sched_test cmocka_syscall_test
+ test -f /home/regex/work/esp32s31-openvela/openvela-dev/out/esp32s31-xts-sha/appfs-root/cmocka_syscall_test
+ [[ demo-rmt-xts-sha = demo-rmt-xts-ostest ]]
+ [[ demo-rmt-xts-sha = demo-rmt-xts-ymodem ]]
+ [[ demo-rmt-xts-sha = demo-rmt-xts-common ]]
+ [[ demo-rmt-xts-sha = demo-rmt-xts-memory ]]
+ [[ demo-rmt-xts-sha = demo-rmt-xts-cxx ]]
+ [[ demo-rmt-xts-sha = demo-rmt-xts-reboot ]]
+ [[ demo-rmt-xts-sha = demo-rmt-xts-memory ]]
+ [[ demo-rmt-xts-sha = demo-rmt-xts-cxx ]]
+ [[ demo-rmt-xts-sha = demo-rmt-xts-reboot ]]
+ [[ demo-rmt-xts-sha = demo-rmt-xts-crypto ]]
+ [[ demo-rmt-xts-sha = demo-rmt-xts-aes ]]
+ [[ demo-rmt-xts-sha = demo-rmt-xts-aes-modes ]]
+ [[ demo-rmt-xts-sha = demo-rmt-xts-sha ]]
+ for task_option in CRYPTO_CRYPTODEV CRYPTO_CRYPTODEV_SOFTWARE_CRYPTO TESTING_CRYPTO
+ rg -q '^CONFIG_CRYPTO_CRYPTODEV=y$' /home/regex/work/esp32s31-openvela/openvela-dev/out/esp32s31-xts-sha/.config
+ for task_option in CRYPTO_CRYPTODEV CRYPTO_CRYPTODEV_SOFTWARE_CRYPTO TESTING_CRYPTO
+ rg -q '^CONFIG_CRYPTO_CRYPTODEV_SOFTWARE_CRYPTO=y$' /home/regex/work/esp32s31-openvela/openvela-dev/out/esp32s31-xts-sha/.config
+ for task_option in CRYPTO_CRYPTODEV CRYPTO_CRYPTODEV_SOFTWARE_CRYPTO TESTING_CRYPTO
+ rg -q '^CONFIG_TESTING_CRYPTO=y$' /home/regex/work/esp32s31-openvela/openvela-dev/out/esp32s31-xts-sha/.config
+ for task_app in cmocka_des3cbc cmocka_aescbc cmocka_aesctr cmocka_aesxts cmocka_hmac cmocka_hash cmocka_crc32 cmocka_ecdsa
+ test -f /home/regex/work/esp32s31-openvela/openvela-dev/out/esp32s31-xts-sha/appfs-root/cmocka_des3cbc
+ for task_app in cmocka_des3cbc cmocka_aescbc cmocka_aesctr cmocka_aesxts cmocka_hmac cmocka_hash cmocka_crc32 cmocka_ecdsa
+ test -f /home/regex/work/esp32s31-openvela/openvela-dev/out/esp32s31-xts-sha/appfs-root/cmocka_aescbc
+ for task_app in cmocka_des3cbc cmocka_aescbc cmocka_aesctr cmocka_aesxts cmocka_hmac cmocka_hash cmocka_crc32 cmocka_ecdsa
+ test -f /home/regex/work/esp32s31-openvela/openvela-dev/out/esp32s31-xts-sha/appfs-root/cmocka_aesctr
+ for task_app in cmocka_des3cbc cmocka_aescbc cmocka_aesctr cmocka_aesxts cmocka_hmac cmocka_hash cmocka_crc32 cmocka_ecdsa
+ test -f /home/regex/work/esp32s31-openvela/openvela-dev/out/esp32s31-xts-sha/appfs-root/cmocka_aesxts
+ for task_app in cmocka_des3cbc cmocka_aescbc cmocka_aesctr cmocka_aesxts cmocka_hmac cmocka_hash cmocka_crc32 cmocka_ecdsa
+ test -f /home/regex/work/esp32s31-openvela/openvela-dev/out/esp32s31-xts-sha/appfs-root/cmocka_hmac
+ for task_app in cmocka_des3cbc cmocka_aescbc cmocka_aesctr cmocka_aesxts cmocka_hmac cmocka_hash cmocka_crc32 cmocka_ecdsa
+ test -f /home/regex/work/esp32s31-openvela/openvela-dev/out/esp32s31-xts-sha/appfs-root/cmocka_hash
+ for task_app in cmocka_des3cbc cmocka_aescbc cmocka_aesctr cmocka_aesxts cmocka_hmac cmocka_hash cmocka_crc32 cmocka_ecdsa
+ test -f /home/regex/work/esp32s31-openvela/openvela-dev/out/esp32s31-xts-sha/appfs-root/cmocka_crc32
+ for task_app in cmocka_des3cbc cmocka_aescbc cmocka_aesctr cmocka_aesxts cmocka_hmac cmocka_hash cmocka_crc32 cmocka_ecdsa
+ test -f /home/regex/work/esp32s31-openvela/openvela-dev/out/esp32s31-xts-sha/appfs-root/cmocka_ecdsa
+ [[ demo-rmt-xts-sha = demo-rmt-xts-aes ]]
+ [[ demo-rmt-xts-sha = demo-rmt-xts-aes-modes ]]
+ [[ demo-rmt-xts-sha = demo-rmt-xts-sha ]]
+ rg -q '^CONFIG_ESP32S31_CRYPTO_AES_CBC=y$' /home/regex/work/esp32s31-openvela/openvela-dev/out/esp32s31-xts-sha/.config
+ rg -q '^CONFIG_CRYPTO_CRYPTODEV_HARDWARE=y$' /home/regex/work/esp32s31-openvela/openvela-dev/out/esp32s31-xts-sha/.config
+ [[ demo-rmt-xts-sha = demo-rmt-xts-aes-modes ]]
+ [[ demo-rmt-xts-sha = demo-rmt-xts-sha ]]
+ rg -q '^CONFIG_ESP32S31_CRYPTO_AES_MODES=y$' /home/regex/work/esp32s31-openvela/openvela-dev/out/esp32s31-xts-sha/.config
+ [[ demo-rmt-xts-sha = demo-rmt-xts-sha ]]
+ rg -q '^CONFIG_ESP32S31_CRYPTO_SHA=y$' /home/regex/work/esp32s31-openvela/openvela-dev/out/esp32s31-xts-sha/.config
+ [[ demo-rmt-xts-sha = demo-rmt-xts-standby ]]
+ [[ demo-rmt-xts-sha = demo-rmt-xts-rng ]]
+ [[ demo-rmt-xts-sha = demo-rmt-xts-crypto ]]
+ [[ demo-rmt-xts-sha = demo-rmt-xts-fsheap ]]
+ [[ demo-rmt-xts-sha = demo-rmt-xts-aes ]]
+ [[ demo-rmt-xts-sha = demo-rmt-xts-aes-modes ]]
+ [[ demo-rmt-xts-sha = demo-rmt-xts-sha ]]
+ rg -q '^CONFIG_TESTING_NIST_STS=y$' /home/regex/work/esp32s31-openvela/openvela-dev/out/esp32s31-xts-sha/.config
+ test -f /home/regex/work/esp32s31-openvela/openvela-dev/out/esp32s31-xts-sha/appfs-root/nist_sts
+ cmp /home/regex/work/esp32s31-openvela/openvela-dev/out/esp32s31-xts-sha/appfs-root/nist-template9 /home/regex/work/esp32s31-openvela/openvela-dev/apps/testing/drivers/nist-sts/sts/templates/template9
+ [[ demo-rmt-xts-sha = demo-rmt-xts-rtc ]]
+ [[ demo-rmt-xts-sha = demo-rmt-xts-drivers ]]
+ [[ demo-rmt-xts-sha = demo-rmt-xts-rtc ]]
+ [[ demo-rmt-xts-sha = demo-rmt-xts-io ]]
+ [[ demo-rmt-xts-sha = demo-rmt-xts-drivers ]]
+ [[ demo-rmt-xts-sha = demo-rmt-xts-reboot ]]
+ [[ demo-rmt-xts-sha = demo-rmt-xts-io ]]
+ [[ demo-rmt-xts-sha = demo-rmt-xts-cxx ]]
+ [[ demo-rmt-xts-sha = demo-rmt* ]]
+ test -f /home/regex/work/esp32s31-openvela/openvela-dev/out/esp32s31-xts-sha/appfs-root/s31led
+ test -f /home/regex/work/esp32s31-openvela/openvela-dev/out/esp32s31-xts-sha/appfs-root/s31led.sha256
+ [[ demo-rmt-xts-sha = demo-i2c* ]]
+ [[ demo-rmt-xts-sha = demo-rmt* ]]
+ test -f /home/regex/work/esp32s31-openvela/openvela-dev/out/esp32s31-xts-sha/appfs-root/i2c
+ rg -q '^CONFIG_ARCH_BUTTONS=y$' /home/regex/work/esp32s31-openvela/openvela-dev/out/esp32s31-xts-sha/.config
+ test -f /home/regex/work/esp32s31-openvela/openvela-dev/out/esp32s31-xts-sha/appfs-root/buttons
+ [[ demo-rmt-xts-sha = demo-rmt-xts-fsheap ]]
++ stat -c %s /home/regex/work/esp32s31-openvela/openvela-dev/out/esp32s31-xts-sha/nuttx.bin
+ test 1198972 -le 2088960
++ stat -c %s /home/regex/work/esp32s31-openvela/openvela-dev/out/esp32s31-xts-sha/appfs.img
+ test 2886656 -le 3145728
+ set -o noclobber
+ sha256sum /home/regex/work/esp32s31-openvela/openvela-dev/out/esp32s31-xts-sha/nuttx.bin /home/regex/work/esp32s31-openvela/openvela-dev/out/esp32s31-xts-sha/appfs.img
+ restore_config
+ '[' -f /tmp/s31-demo-source-config.HSd0uE/.config ']'
+ mv /tmp/s31-demo-source-config.HSd0uE/.config .config
+ '[' -f /tmp/s31-demo-source-config.HSd0uE/config.h ']'
+ mv /tmp/s31-demo-source-config.HSd0uE/config.h include/nuttx/config.h
+ rmdir /tmp/s31-demo-source-config.HSd0uE
