XTS_RECEIPT=/home/regex/work/esp32s31-openvela/backups/2026-09-10-scan-stress/build948-flat-category-kv.sha256
XTS_COMMAND=mount
--- CMD: mount ---
mount
  /data type littlefs
  /proc type procfs
  /tmp type tmpfs
nsh> [K
nsh> [K
XTS_COMMAND=ps
--- CMD: ps ---
ps
  PID GROUP PRI POLICY   TYPE    NPX STATE    EVENT     SIGMASK            STACK COMMAND
    0     0   0 FIFO     Kthread   - Ready              0000000000000000 0002016 CPU0 IDLE
    1     0 224 RR       Kthread   - Waiting  Semaphore 0000000000000000 0004016 hpwork 0x2f009600 0x2f009648
    2     0 100 RR       Kthread   - Waiting  Semaphore 0000000000000000 0004016 lpwork 0x2f009580 0x2f0095c8
    4     0 223 RR       Kthread   - Waiting  Semaphore 0000000000000000 0004032 hr_timer
    5     5 100 RR       Task      - Running            0000000000000000 0008120 nsh_main
nsh> [K
nsh> [K
--- CMD: ls /data/persist.db ---
ls /data/persist.db
nsh: ls: stat failed: No such file or directory
nsh> [K
nsh> [K
XTS_COMMAND=kvdbd &
--- CMD: kvdbd & ---
kvdbd &
kvdbd [6:100]
nsh> [K
nsh> [K
XTS_COMMAND=ps
--- CMD: ps ---
ps
  PID GROUP PRI POLICY   TYPE    NPX STATE    EVENT     SIGMASK            STACK COMMAND
    0     0   0 FIFO     Kthread   - Ready              0000000000000000 0002016 CPU0 IDLE
    1     0 224 RR       Kthread   - Waiting  Semaphore 0000000000000000 0004016 hpwork 0x2f009600 0x2f009648
    2     0 100 RR       Kthread   - Waiting  Semaphore 0000000000000000 0004016 lpwork 0x2f009580 0x2f0095c8
    4     0 223 RR       Kthread   - Waiting  Semaphore 0000000000000000 0004032 hr_timer
    5     5 100 RR       Task      - Running            0000000000000000 0008120 nsh_main
    6     6 100 RR       Task      - Waiting  Signal    0000000000000000 0008144 kvdbd
nsh> [K
nsh> [K
XTS_COMMAND=vela_kvdb_stability_test02 10
vela_kvdb_stability_test02 10
Insert a test data, key is [persist.kvStaTest_0] data=[2##(PK!/*38)"5"lF#HR]
Insert a test data, key is [persist.kvStaTest_1] data=[0,FoV2!!bO8!64#!AYC'P]
Insert a test data, key is [persist.kvStaTest_2] data=[w!/y"4/8z49aYOCg!3u%BA]
Insert a test data, key is [persist.kvStaTest_3] data=["5-fgZ!#'e(.f2SL238p/*!]
Insert a test data, key is [persist.kvStaTest_4] data=["%NvYn%to80L"-0!U#66c"HO]
Insert a test data, key is [persist.kvStaTest_5] data=['FbrAm#WL3/t/*v!2,VFtW7g3]
Insert a test data, key is [persist.kvStaTest_6] data=[(m)REf4C!Z+'!xyO0--n)7k87+]
Insert a test data, key is [persist.kvStaTest_7] data=[r3"hl!u#A1's!ds!93!9"A#h"p8]
Insert a test data, key is [persist.kvStaTest_8] data=[hBt0G."6Y!00b6#f91(3mFv*O"Ma]
Insert a test data, key is [persist.kvStaTest_9] data=[!!7!H%H1J!*#p,0n0*#Qf/#!30("M]
Insert a test data, key is [persist.kvStaTest_10] data=[&(Ym"#(#6D#,)0#-S!'2]
Insert a test data, key is [persist.kvStaTest_11] data=[Jm#!mt4.!,**!#75/4!+"]
Insert a test data, key is [persist.kvStaTest_12] data=[-d0)#L2*5H05WfM#OWDeIG]
Insert a test data, key is [persist.kvStaTest_13] data=[!X&"4#7H6P"/UOa!(bbIm#U]
Insert a test data, key is [persist.kvStaTest_14] data=[+#U4#scXnp5"j(z(#6!X!'%9]
Insert a test data, key is [persist.kvStaTest_15] data=[,/b!8)e!bNo7""a#0*o(55,#l]
Insert a test data, key is [persist.kvStaTest_16] data=[9!Qv!Rk!U#A5,"I9Fj'd"G!x1-]
Insert a test data, key is [persist.kvStaTest_17] data=[!"'n1fR#!#'4"#28Ccb0(#gLh/9]
Insert a test data, key is [persist.kvStaTest_18] data=[#Z*5%a44)H,#!+&J-"X!7d79kK5U]
Insert a test data, key is [persist.kvStaTest_19] data=[c-*1#+85,"*3,X2',!5B"!""*+"TZ]
Insert a test data, key is [persist.kvStaTest_20] data=[!5Oy!5PUk1"G#6Dhp"#t]
Insert a test data, key is [persist.kvStaTest_21] data=[)J0"!1#kMdo!""!!58-"S]
Insert a test data, key is [persist.kvStaTest_22] data=[4U"'PFb/qd)v5/DJk"9/u']
Insert a test data, key is [persist.kvStaTest_23] data=[!1##2gu"4gi#t&cvx7KBeCn]
Insert a test data, key is [persist.kvStaTest_24] data=[X.ko,2%",b83Wk"Z7a"2#+Zu]
Insert a test data, key is [persist.kvStaTest_25] data=[K!!5!+5*k5u4iWH769'6A3Q9)]
Insert a test data, key is [persist.kvStaTest_26] data=[19##+Y"0#ok8#"-b8-68!q2#'L]
Insert a test data, key is [persist.kvStaTest_27] data=[54!a56I("k&#J#8"S#V"Hq*H'rd]
Insert a test data, key is [persist.kvStaTest_28] data=[Q)w!#s"8M)B,9n!"R!/QVH'6,L5/]
Insert a test data, key is [persist.kvStaTest_29] data=[,N9wT8B-"-,ZV!k!4(!C&Y7!f#%'X]
Insert a test data, key is [persist.kvStaTest_30] data=[/#7U43a#s4#8pAA!g42b]
Insert a test data, key is [persist.kvStaTest_31] data=[TVL87cJK!7#y9QNtP8uW#]
Insert a test data, key is [persist.kvStaTest_32] data=[/",o(Iwqe"G&R+B5tEivkX]
Insert a test data, key is [persist.kvStaTest_33] data=[H/yMCp1%-U'#I9#kR%L7p3#]
Insert a test data, key is [persist.kvStaTest_34] data=["rQweek8*MS903218Z9x%2K!]
Insert a test data, key is [persist.kvStaTest_35] data=[r#(T,8%!1(10"9"Y2/-7"9!o']
Insert a test data, key is [persist.kvStaTest_36] data=[Dd.m7#Ioh2hPV"!z4NPcvf2O!u]
Insert a test data, key is [persist.kvStaTest_37] data=[cyA!/3#!B!656##MY%NKCs28JE0]
Insert a test data, key is [persist.kvStaTest_38] data=[Y,#A4wf5#eKx'Y5L"a(d"06&'j3s]
Insert a test data, key is [persist.kvStaTest_39] data=[w8dO/%SZwV"#a)#7,1P(rYh2z03E#]
Insert a test data, key is [persist.kvStaTest_40] data=[49"4"*!#X!rV7H-67"(1]
Insert a test data, key is [persist.kvStaTest_41] data=[3".%2xf0t!o"0)V!!(G9u]
Insert a test data, key is [persist.kvStaTest_42] data=[##9M#7Nz26#2*####Ew&Dq]
Insert a test data, key is [persist.kvStaTest_43] data=[2.&!.!/.990*(/.E/"Er("8]
Insert a test data, key is [persist.kvStaTest_44] data=[%nW"(A)EWt9-H!4Yv"V"12#X]
Insert a test data, key is [persist.kvStaTest_45] data=[U"h#)o##*8"0rI/J2Sy"'t48']
Insert a test data, key is [persist.kvStaTest_46] data=[#j#L+#801bT#Qhi!6,pn%2#WIS]
Insert a test data, key is [persist.kvStaTest_47] data=[2'3#0G(!/!4)mBoN//f+Bd!lP/*]
Insert a test data, key is [persist.kvStaTest_48] data=[/"bZ#2,BckIl3Dr"4Y4kn07'"8!!]
Insert a test data, key is [persist.kvStaTest_49] data=[((##E8w#'1,#B&"6"N8-31&+yq.U!]
Insert a test data, key is [persist.kvStaTest_50] data=[#"r#gyr(Z6%i5A"Z'2G0]
Insert a test data, key is [persist.kvStaTest_51] data=[Gpa0KLM0/!ou+L#e5O.K#]
Insert a test data, key is [persist.kvStaTest_52] data=[r-V1"#zm"-6!1d"05C'A"7]
Insert a test data, key is [persist.kvStaTest_53] data=[k#%.ot5n6e954y!%&xpuOE*]
Insert a test data, key is [persist.kvStaTest_54] data=[.!4*r3C./90XM+"8A+%"10xI]
Insert a test data, key is [persist.kvStaTest_55] data=[8!P%dFa625/6Wdoft7"p'8"aP]
Insert a test data, key is [persist.kvStaTest_56] data=[y8n5,e%#%T2!"#AFy"J+1-CG"#]
Insert a test data, key is [persist.kvStaTest_57] data=[d0pQ%&&Pk!Gy*1"""!#'l&opE##]
Insert a test data, key is [persist.kvStaTest_58] data=["au'"47lqmM&O6)V"j2,,x,,)"!*]
Insert a test data, key is [persist.kvStaTest_59] data=[1!S0#ec3#"z!(tA6!-Q'.!/SN3K&-]
Insert a test data, key is [persist.kvStaTest_60] data=[W(!8d+y75%)7lU4%Z!!0]
Insert a test data, key is [persist.kvStaTest_61] data=[64!/#4!u!!V#"*&S4c"!9]
Insert a test data, key is [persist.kvStaTest_62] data=[&V1!&D"OC3v#9Dl6K,k##+]
Insert a test data, key is [persist.kvStaTest_63] data=[Y"0#ok8#"-b8-68!q2#'L54]
Insert a test data, key is [persist.kvStaTest_64] data=[!a56I("k&#J#8"S#V"Hq*H'r]
Insert a test data, key is [persist.kvStaTest_65] data=[dQ)w!#s"8M)B,9n!"R!/QVH'6]
Insert a test data, key is [persist.kvStaTest_66] data=[,L5/,N9wT8B-"-,ZV!k!4(!C&Y]
Insert a test data, key is [persist.kvStaTest_67] data=[7!f#%'X/#7U43a#s4#8pAA!g42b]
Insert a test data, key is [persist.kvStaTest_68] data=[TVL87cJK!7#y9QNtP8uW#/",o(Iw]
Insert a test data, key is [persist.kvStaTest_69] data=[qe"G&R+B5tEivkXH/yMCp1%-U'#I9]
Insert a test data, key is [persist.kvStaTest_70] data=[#kR%L7p3#"rQweek8*MS]
Insert a test data, key is [persist.kvStaTest_71] data=[903218Z9x%2K!r#(T,8%!]
Insert a test data, key is [persist.kvStaTest_72] data=[1(10"9"Y2/-7"9!o'Dd.m7]
Insert a test data, key is [persist.kvStaTest_73] data=[#Ioh2hPV"!z4NPcvf2O!ucy]
Insert a test data, key is [persist.kvStaTest_74] data=[A!/3#!B!656##MY%NKCs28JE]
Insert a test data, key is [persist.kvStaTest_75] data=[0Y,#A4wf5#eKx'Y5L"a(d"06&]
Insert a test data, key is [persist.kvStaTest_76] data=['j3sw8dO/%SZwV"#a)#7,1P(rY]
Insert a test data, key is [persist.kvStaTest_77] data=[h2z03E#49"4"*!#X!rV7H-67"(1]
Insert a test data, key is [persist.kvStaTest_78] data=[3".%2xf0t!o"0)V!!(G9u##9M#7N]
Insert a test data, key is [persist.kvStaTest_79] data=[z26#2*####Ew&Dq2.&!.!/.990*(/]
Insert a test data, key is [persist.kvStaTest_80] data=[.E/"Er("8%nW"(A)EWt9]
Insert a test data, key is [persist.kvStaTest_81] data=[-H!4Yv"V"12#XU"h#)o##]
Insert a test data, key is [persist.kvStaTest_82] data=[*8"0rI/J2Sy"'t48'#j#L+]
Insert a test data, key is [persist.kvStaTest_83] data=[#801bT#Qhi!6,pn%2#WIS2']
Insert a test data, key is [persist.kvStaTest_84] data=[3#0G(!/!4)mBoN//f+Bd!lP/]
Insert a test data, key is [persist.kvStaTest_85] data=[*/"bZ#2,BckIl3Dr"4Y4kn07']
Insert a test data, key is [persist.kvStaTest_86] data=["8!!((##E8w#'1,#B&"6"N8-31]
Insert a test data, key is [persist.kvStaTest_87] data=[&+yq.U!#"r#gyr(Z6%i5A"Z'2G0]
Insert a test data, key is [persist.kvStaTest_88] data=[Gpa0KLM0/!ou+L#e5O.K#r-V1"#z]
Insert a test data, key is [persist.kvStaTest_89] data=[m"-6!1d"05C'A"7k#%.ot5n6e954y]
Insert a test data, key is [persist.kvStaTest_90] data=[!%&xpuOE*.!4*r3C./90]
Insert a test data, key is [persist.kvStaTest_91] data=[XM+"8A+%"10xI8!P%dFa6]
Insert a test data, key is [persist.kvStaTest_92] data=[25/6Wdoft7"p'8"aPy8n5,]
Insert a test data, key is [persist.kvStaTest_93] data=[e%#%T2!"#AFy"J+1-CG"#d0]
Insert a test data, key is [persist.kvStaTest_94] data=[pQ%&&Pk!Gy*1"""!#'l&opE#]
Insert a test data, key is [persist.kvStaTest_95] data=[#"au'"47lqmM&O6)V"j2,,x,,]
Insert a test data, key is [persist.kvStaTest_96] data=[)"!*1!S0#ec3#"z!(tA6!-Q'.!]
Insert a test data, key is [persist.kvStaTest_97] data=[/SN3K&-W(!8d+y75%)7lU4%Z!!0]
Insert a test data, key is [persist.kvStaTest_98] data=[64!/#4!u!!V#"*&S4c"!9&V1!&D"]
Insert a test data, key is [persist.kvStaTest_99] data=[OC3v#9Dl6K,k##+Y"0#ok8#"-b8-6]
Insert a test data, key is [persist.kvStaTest_100] data=[8!q2#'L54!a56I("k&#J]
Insert a test data, key is [persist.kvStaTest_101] data=[#8"S#V"Hq*H'rdQ)w!#s"]
Insert a test data, key is [persist.kvStaTest_102] data=[8M)B,9n!"R!/QVH'6,L5/,]
Insert a test data, key is [persist.kvStaTest_103] data=[N9wT8B-"-,ZV!k!4(!C&Y7!]
Insert a test data, key is [persist.kvStaTest_104] data=[f#%'X/#7U43a#s4#8pAA!g42]
Insert a test data, key is [persist.kvStaTest_105] data=[bTVL87cJK!7#y9QNtP8uW#/",]
Insert a test data, key is [persist.kvStaTest_106] data=[o(Iwqe"G&R+B5tEivkXH/yMCp1]
Insert a test data, key is [persist.kvStaTest_107] data=[%-U'#I9#kR%L7p3#"rQweek8*MS]
Insert a test data, key is [persist.kvStaTest_108] data=[903218Z9x%2K!r#(T,8%!1(10"9"]
Insert a test data, key is [persist.kvStaTest_109] data=[Y2/-7"9!o'Dd.m7#Ioh2hPV"!z4NP]
Insert a test data, key is [persist.kvStaTest_110] data=[cvf2O!ucyA!/3#!B!656]
Insert a test data, key is [persist.kvStaTest_111] data=[##MY%NKCs28JE0Y,#A4wf]
Insert a test data, key is [persist.kvStaTest_112] data=[5#eKx'Y5L"a(d"06&'j3sw]
Insert a test data, key is [persist.kvStaTest_113] data=[8dO/%SZwV"#a)#7,1P(rYh2]
Insert a test data, key is [persist.kvStaTest_114] data=[z03E#49"4"*!#X!rV7H-67"(]
Insert a test data, key is [persist.kvStaTest_115] data=[13".%2xf0t!o"0)V!!(G9u##9]
Insert a test data, key is [persist.kvStaTest_116] data=[M#7Nz26#2*####Ew&Dq2.&!.!/]
Insert a test data, key is [persist.kvStaTest_117] data=[.990*(/.E/"Er("8%nW"(A)EWt9]
Insert a test data, key is [persist.kvStaTest_118] data=[-H!4Yv"V"12#XU"h#)o##*8"0rI/]
Insert a test data, key is [persist.kvStaTest_119] data=[J2Sy"'t48'#j#L+#801bT#Qhi!6,p]
Insert a test data, key is [persist.kvStaTest_120] data=[n%2#WIS2'3#0G(!/!4)m]
Insert a test data, key is [persist.kvStaTest_121] data=[BoN//f+Bd!lP/*/"bZ#2,]
Insert a test data, key is [persist.kvStaTest_122] data=[BckIl3Dr"4Y4kn07'"8!!(]
Insert a test data, key is [persist.kvStaTest_123] data=[(##E8w#'1,#B&"6"N8-31&+]
Insert a test data, key is [persist.kvStaTest_124] data=[yq.U!#"r#gyr(Z6%i5A"Z'2G]
Insert a test data, key is [persist.kvStaTest_125] data=[0Gpa0KLM0/!ou+L#e5O.K#r-V]
Insert a test data, key is [persist.kvStaTest_126] data=[1"#zm"-6!1d"05C'A"7k#%.ot5]
Insert a test data, key is [persist.kvStaTest_127] data=[n6e954y!%&xpuOE*.!4*r3C./90]
Insert a test data, key is [persist.kvStaTest_128] data=[XM+"8A+%"10xI8!P%dFa625/6Wdo]
Insert a test data, key is [persist.kvStaTest_129] data=[ft7"p'8"aPy8n5,e%#%T2!"#AFy"J]
Insert a test data, key is [persist.kvStaTest_130] data=[+1-CG"#d0pQ%&&Pk!Gy*]
Insert a test data, key is [persist.kvStaTest_131] data=[1"""!#'l&opE##"au'"47]
Insert a test data, key is [persist.kvStaTest_132] data=[lqmM&O6)V"j2,,x,,)"!*1]
Insert a test data, key is [persist.kvStaTest_133] data=[!S0#ec3#"z!(tA6!-Q'.!/S]
Insert a test data, key is [persist.kvStaTest_134] data=[N3K&-W(!8d+y75%)7lU4%Z!!]
Insert a test data, key is [persist.kvStaTest_135] data=[064!/#4!u!!V#"*&S4c"!9&V1]
Insert a test data, key is [persist.kvStaTest_136] data=[!&D"OC3v#9Dl6K,k##+Y"0#ok8]
Insert a test data, key is [persist.kvStaTest_137] data=[#"-b8-68!q2#'L54!a56I("k&#J]
Insert a test data, key is [persist.kvStaTest_138] data=[#8"S#V"Hq*H'rdQ)w!#s"8M)B,9n]
Insert a test data, key is [persist.kvStaTest_139] data=[!"R!/QVH'6,L5/,N9wT8B-"-,ZV!k]
Insert a test data, key is [persist.kvStaTest_140] data=[!4(!C&Y7!f#%'X/#7U43]
Insert a test data, key is [persist.kvStaTest_141] data=[a#s4#8pAA!g42bTVL87cJ]
Insert a test data, key is [persist.kvStaTest_142] data=[K!7#y9QNtP8uW#/",o(Iwq]
Insert a test data, key is [persist.kvStaTest_143] data=[e"G&R+B5tEivkXH/yMCp1%-]
Insert a test data, key is [persist.kvStaTest_144] data=[U'#I9#kR%L7p3#"rQweek8*M]
Insert a test data, key is [persist.kvStaTest_145] data=[S903218Z9x%2K!r#(T,8%!1(1]
Insert a test data, key is [persist.kvStaTest_146] data=[0"9"Y2/-7"9!o'Dd.m7#Ioh2hP]
Insert a test data, key is [persist.kvStaTest_147] data=[V"!z4NPcvf2O!ucyA!/3#!B!656]
Insert a test data, key is [persist.kvStaTest_148] data=[##MY%NKCs28JE0Y,#A4wf5#eKx'Y]
Insert a test data, key is [persist.kvStaTest_149] data=[5L"a(d"06&'j3sw8dO/%SZwV"#a)#]
Insert a test data, key is [persist.kvStaTest_150] data=[7,1P(rYh2z03E#49"4"*]
Insert a test data, key is [persist.kvStaTest_151] data=[!#X!rV7H-67"(13".%2xf]
Insert a test data, key is [persist.kvStaTest_152] data=[0t!o"0)V!!(G9u##9M#7Nz]
Insert a test data, key is [persist.kvStaTest_153] data=[26#2*####Ew&Dq2.&!.!/.9]
Insert a test data, key is [persist.kvStaTest_154] data=[90*(/.E/"Er("8%nW"(A)EWt]
Insert a test data, key is [persist.kvStaTest_155] data=[9-H!4Yv"V"12#XU"h#)o##*8"]
Insert a test data, key is [persist.kvStaTest_156] data=[0rI/J2Sy"'t48'#j#L+#801bT#]
Insert a test data, key is [persist.kvStaTest_157] data=[Qhi!6,pn%2#WIS2'3#0G(!/!4)m]
Insert a test data, key is [persist.kvStaTest_158] data=[BoN//f+Bd!lP/*/"bZ#2,BckIl3D]
Insert a test data, key is [persist.kvStaTest_159] data=[r"4Y4kn07'"8!!((##E8w#'1,#B&"]
Insert a test data, key is [persist.kvStaTest_160] data=[6"N8-31&+yq.U!#"r#gy]
Insert a test data, key is [persist.kvStaTest_161] data=[r(Z6%i5A"Z'2G0Gpa0KLM]
Insert a test data, key is [persist.kvStaTest_162] data=[0/!ou+L#e5O.K#r-V1"#zm]
Insert a test data, key is [persist.kvStaTest_163] data=["-6!1d"05C'A"7k#%.ot5n6]
Insert a test data, key is [persist.kvStaTest_164] data=[e954y!%&xpuOE*.!4*r3C./9]
Insert a test data, key is [persist.kvStaTest_165] data=[0XM+"8A+%"10xI8!P%dFa625/]
Insert a test data, key is [persist.kvStaTest_166] data=[6Wdoft7"p'8"aPy8n5,e%#%T2!]
Insert a test data, key is [persist.kvStaTest_167] data=["#AFy"J+1-CG"#d0pQ%&&Pk!Gy*]
Insert a test data, key is [persist.kvStaTest_168] data=[1"""!#'l&opE##"au'"47lqmM&O6]
Insert a test data, key is [persist.kvStaTest_169] data=[)V"j2,,x,,)"!*1!S0#ec3#"z!(tA]
Insert a test data, key is [persist.kvStaTest_170] data=[6!-Q'.!/SN3K&-W(!8d+]
Insert a test data, key is [persist.kvStaTest_171] data=[y75%)7lU4%Z!!064!/#4!]
Insert a test data, key is [persist.kvStaTest_172] data=[u!!V#"*&S4c"!9&V1!&D"O]
Insert a test data, key is [persist.kvStaTest_173] data=[C3v#9Dl6K,k##+Y"0#ok8#"]
Insert a test data, key is [persist.kvStaTest_174] data=[-b8-68!q2#'L54!a56I("k&#]
Insert a test data, key is [persist.kvStaTest_175] data=[J#8"S#V"Hq*H'rdQ)w!#s"8M)]
Insert a test data, key is [persist.kvStaTest_176] data=[B,9n!"R!/QVH'6,L5/,N9wT8B-]
Insert a test data, key is [persist.kvStaTest_177] data=["-,ZV!k!4(!C&Y7!f#%'X/#7U43]
Insert a test data, key is [persist.kvStaTest_178] data=[a#s4#8pAA!g42bTVL87cJK!7#y9Q]
Insert a test data, key is [persist.kvStaTest_179] data=[NtP8uW#/",o(Iwqe"G&R+B5tEivkX]
Insert a test data, key is [persist.kvStaTest_180] data=[H/yMCp1%-U'#I9#kR%L7]
Insert a test data, key is [persist.kvStaTest_181] data=[p3#"rQweek8*MS903218Z]
Insert a test data, key is [persist.kvStaTest_182] data=[9x%2K!r#(T,8%!1(10"9"Y]
Insert a test data, key is [persist.kvStaTest_183] data=[2/-7"9!o'Dd.m7#Ioh2hPV"]
Insert a test data, key is [persist.kvStaTest_184] data=[!z4NPcvf2O!ucyA!/3#!B!65]
Insert a test data, key is [persist.kvStaTest_185] data=[6##MY%NKCs28JE0Y,#A4wf5#e]
Insert a test data, key is [persist.kvStaTest_186] data=[Kx'Y5L"a(d"06&'j3sw8dO/%SZ]
Insert a test data, key is [persist.kvStaTest_187] data=[wV"#a)#7,1P(rYh2z03E#49"4"*]
Insert a test data, key is [persist.kvStaTest_188] data=[!#X!rV7H-67"(13".%2xf0t!o"0)]
Insert a test data, key is [persist.kvStaTest_189] data=[V!!(G9u##9M#7Nz26#2*####Ew&Dq]
Insert a test data, key is [persist.kvStaTest_190] data=[2.&!.!/.990*(/.E/"Er]
Insert a test data, key is [persist.kvStaTest_191] data=[("8%nW"(A)EWt9-H!4Yv"]
Insert a test data, key is [persist.kvStaTest_192] data=[V"12#XU"h#)o##*8"0rI/J]
Insert a test data, key is [persist.kvStaTest_193] data=[2Sy"'t48'#j#L+#801bT#Qh]
Insert a test data, key is [persist.kvStaTest_194] data=[i!6,pn%2#WIS2'3#0G(!/!4)]
Insert a test data, key is [persist.kvStaTest_195] data=[mBoN//f+Bd!lP/*/"bZ#2,Bck]
Insert a test data, key is [persist.kvStaTest_196] data=[Il3Dr"4Y4kn07'"8!!((##E8w#]
Insert a test data, key is [persist.kvStaTest_197] data=['1,#B&"6"N8-31&+yq.U!#"r#gy]
Insert a test data, key is [persist.kvStaTest_198] data=[r(Z6%i5A"Z'2G0Gpa0KLM0/!ou+L]
Insert a test data, key is [persist.kvStaTest_199] data=[#e5O.K#r-V1"#zm"-6!1d"05C'A"7]
Insert a test data, key is [persist.kvStaTest_200] data=[k#%.ot5n6e954y!%&xpu]
Insert a test data, key is [persist.kvStaTest_201] data=[OE*.!4*r3C./90XM+"8A+]
Insert a test data, key is [persist.kvStaTest_202] data=[%"10xI8!P%dFa625/6Wdof]
Insert a test data, key is [persist.kvStaTest_203] data=[t7"p'8"aPy8n5,e%#%T2!"#]
Insert a test data, key is [persist.kvStaTest_204] data=[AFy"J+1-CG"#d0pQ%&&Pk!Gy]
Insert a test data, key is [persist.kvStaTest_205] data=[*1"""!#'l&opE##"au'"47lqm]
Insert a test data, key is [persist.kvStaTest_206] data=[M&O6)V"j2,,x,,)"!*1!S0#ec3]
Insert a test data, key is [persist.kvStaTest_207] data=[#"z!(tA6!-Q'.!/SN3K&-W(!8d+]
Insert a test data, key is [persist.kvStaTest_208] data=[y75%)7lU4%Z!!064!/#4!u!!V#"*]
Insert a test data, key is [persist.kvStaTest_209] data=[&S4c"!9&V1!&D"OC3v#9Dl6K,k##+]
Insert a test data, key is [persist.kvStaTest_210] data=[Y"0#ok8#"-b8-68!q2#']
Insert a test data, key is [persist.kvStaTest_211] data=[L54!a56I("k&#J#8"S#V"]
Insert a test data, key is [persist.kvStaTest_212] data=[Hq*H'rdQ)w!#s"8M)B,9n!]
Insert a test data, key is [persist.kvStaTest_213] data=["R!/QVH'6,L5/,N9wT8B-"-]
Insert a test data, key is [persist.kvStaTest_214] data=[,ZV!k!4(!C&Y7!f#%'X/#7U4]
Insert a test data, key is [persist.kvStaTest_215] data=[3a#s4#8pAA!g42bTVL87cJK!7]
Insert a test data, key is [persist.kvStaTest_216] data=[#y9QNtP8uW#/",o(Iwqe"G&R+B]
Insert a test data, key is [persist.kvStaTest_217] data=[5tEivkXH/yMCp1%-U'#I9#kR%L7]
Insert a test data, key is [persist.kvStaTest_218] data=[p3#"rQweek8*MS903218Z9x%2K!r]
Insert a test data, key is [persist.kvStaTest_219] data=[#(T,8%!1(10"9"Y2/-7"9!o'Dd.m7]
Insert a test data, key is [persist.kvStaTest_220] data=[#Ioh2hPV"!z4NPcvf2O!]
Insert a test data, key is [persist.kvStaTest_221] data=[ucyA!/3#!B!656##MY%NK]
Insert a test data, key is [persist.kvStaTest_222] data=[Cs28JE0Y,#A4wf5#eKx'Y5]
Insert a test data, key is [persist.kvStaTest_223] data=[L"a(d"06&'j3sw8dO/%SZwV]
Insert a test data, key is [persist.kvStaTest_224] data=["#a)#7,1P(rYh2z03E#49"4"]
Insert a test data, key is [persist.kvStaTest_225] data=[*!#X!rV7H-67"(13".%2xf0t!]
Insert a test data, key is [persist.kvStaTest_226] data=[o"0)V!!(G9u##9M#7Nz26#2*##]
Insert a test data, key is [persist.kvStaTest_227] data=[##Ew&Dq2.&!.!/.990*(/.E/"Er]
Insert a test data, key is [persist.kvStaTest_228] data=[("8%nW"(A)EWt9-H!4Yv"V"12#XU]
Insert a test data, key is [persist.kvStaTest_229] data=["h#)o##*8"0rI/J2Sy"'t48'#j#L+]
Insert a test data, key is [persist.kvStaTest_230] data=[#801bT#Qhi!6,pn%2#WI]
Insert a test data, key is [persist.kvStaTest_231] data=[S2'3#0G(!/!4)mBoN//f+]
Insert a test data, key is [persist.kvStaTest_232] data=[Bd!lP/*/"bZ#2,BckIl3Dr]
Insert a test data, key is [persist.kvStaTest_233] data=["4Y4kn07'"8!!((##E8w#'1]
Insert a test data, key is [persist.kvStaTest_234] data=[,#B&"6"N8-31&+yq.U!#"r#g]
Insert a test data, key is [persist.kvStaTest_235] data=[yr(Z6%i5A"Z'2G0Gpa0KLM0/!]
Insert a test data, key is [persist.kvStaTest_236] data=[ou+L#e5O.K#r-V1"#zm"-6!1d"]
Insert a test data, key is [persist.kvStaTest_237] data=[05C'A"7k#%.ot5n6e954y!%&xpu]
Insert a test data, key is [persist.kvStaTest_238] data=[OE*.!4*r3C./90XM+"8A+%"10xI8]
Insert a test data, key is [persist.kvStaTest_239] data=[!P%dFa625/6Wdoft7"p'8"aPy8n5,]
Insert a test data, key is [persist.kvStaTest_240] data=[e%#%T2!"#AFy"J+1-CG"]
Insert a test data, key is [persist.kvStaTest_241] data=[#d0pQ%&&Pk!Gy*1"""!#']
Insert a test data, key is [persist.kvStaTest_242] data=[l&opE##"au'"47lqmM&O6)]
Insert a test data, key is [persist.kvStaTest_243] data=[V"j2,,x,,)"!*1!S0#ec3#"]
Insert a test data, key is [persist.kvStaTest_244] data=[z!(tA6!-Q'.!/SN3K&-W(!8d]
Insert a test data, key is [persist.kvStaTest_245] data=[+y75%)7lU4%Z!!064!/#4!u!!]
Insert a test data, key is [persist.kvStaTest_246] data=[V#"*&S4c"!9&V1!&D"OC3v#9Dl]
Insert a test data, key is [persist.kvStaTest_247] data=[6K,k##+Y"0#ok8#"-b8-68!q2#']
Insert a test data, key is [persist.kvStaTest_248] data=[L54!a56I("k&#J#8"S#V"Hq*H'rd]
Insert a test data, key is [persist.kvStaTest_249] data=[Q)w!#s"8M)B,9n!"R!/QVH'6,L5/,]
Insert a test data, key is [persist.kvStaTest_250] data=[N9wT8B-"-,ZV!k!4(!C&]
Insert a test data, key is [persist.kvStaTest_251] data=[Y7!f#%'X/#7U43a#s4#8p]
Insert a test data, key is [persist.kvStaTest_252] data=[AA!g42bTVL87cJK!7#y9QN]
Insert a test data, key is [persist.kvStaTest_253] data=[tP8uW#/",o(Iwqe"G&R+B5t]
Insert a test data, key is [persist.kvStaTest_254] data=[EivkXH/yMCp1%-U'#I9#kR%L]
Insert a test data, key is [persist.kvStaTest_255] data=[7p3#"rQweek8*MS903218Z9x%]
Insert a test data, key is [persist.kvStaTest_256] data=[2K!r#(T,8%!1(10"9"Y2/-7"9!]
Insert a test data, key is [persist.kvStaTest_257] data=[o'Dd.m7#Ioh2hPV"!z4NPcvf2O!]
Insert a test data, key is [persist.kvStaTest_258] data=[ucyA!/3#!B!656##MY%NKCs28JE0]
Insert a test data, key is [persist.kvStaTest_259] data=[Y,#A4wf5#eKx'Y5L"a(d"06&'j3sw]
Insert a test data, key is [persist.kvStaTest_260] data=[8dO/%SZwV"#a)#7,1P(r]
Insert a test data, key is [persist.kvStaTest_261] data=[Yh2z03E#49"4"*!#X!rV7]
Insert a test data, key is [persist.kvStaTest_262] data=[H-67"(13".%2xf0t!o"0)V]
Insert a test data, key is [persist.kvStaTest_263] data=[!!(G9u##9M#7Nz26#2*####]
Insert a test data, key is [persist.kvStaTest_264] data=[Ew&Dq2.&!.!/.990*(/.E/"E]
Insert a test data, key is [persist.kvStaTest_265] data=[r("8%nW"(A)EWt9-H!4Yv"V"1]
Insert a test data, key is [persist.kvStaTest_266] data=[2#XU"h#)o##*8"0rI/J2Sy"'t4]
Insert a test data, key is [persist.kvStaTest_267] data=[8'#j#L+#801bT#Qhi!6,pn%2#WI]
Insert a test data, key is [persist.kvStaTest_268] data=[S2'3#0G(!/!4)mBoN//f+Bd!lP/*]
Insert a test data, key is [persist.kvStaTest_269] data=[/"bZ#2,BckIl3Dr"4Y4kn07'"8!!(]
Insert a test data, key is [persist.kvStaTest_270] data=[(##E8w#'1,#B&"6"N8-3]
Insert a test data, key is [persist.kvStaTest_271] data=[1&+yq.U!#"r#gyr(Z6%i5]
Insert a test data, key is [persist.kvStaTest_272] data=[A"Z'2G0Gpa0KLM0/!ou+L#]
Insert a test data, key is [persist.kvStaTest_273] data=[e5O.K#r-V1"#zm"-6!1d"05]
Insert a test data, key is [persist.kvStaTest_274] data=[C'A"7k#%.ot5n6e954y!%&xp]
Insert a test data, key is [persist.kvStaTest_275] data=[uOE*.!4*r3C./90XM+"8A+%"1]
Insert a test data, key is [persist.kvStaTest_276] data=[0xI8!P%dFa625/6Wdoft7"p'8"]
Insert a test data, key is [persist.kvStaTest_277] data=[aPy8n5,e%#%T2!"#AFy"J+1-CG"]
Insert a test data, key is [persist.kvStaTest_278] data=[#d0pQ%&&Pk!Gy*1"""!#'l&opE##]
Insert a test data, key is [persist.kvStaTest_279] data=["au'"47lqmM&O6)V"j2,,x,,)"!*1]
Insert a test data, key is [persist.kvStaTest_280] data=[!S0#ec3#"z!(tA6!-Q'.]
Insert a test data, key is [persist.kvStaTest_281] data=[!/SN3K&-W(!8d+y75%)7l]
Insert a test data, key is [persist.kvStaTest_282] data=[U4%Z!!064!/#4!u!!V#"*&]
Insert a test data, key is [persist.kvStaTest_283] data=[S4c"!9&V1!&D"OC3v#9Dl6K]
Insert a test data, key is [persist.kvStaTest_284] data=[,k##+Y"0#ok8#"-b8-68!q2#]
Insert a test data, key is [persist.kvStaTest_285] data=['L54!a56I("k&#J#8"S#V"Hq*]
Insert a test data, key is [persist.kvStaTest_286] data=[H'rdQ)w!#s"8M)B,9n!"R!/QVH]
Insert a test data, key is [persist.kvStaTest_287] data=['6,L5/,N9wT8B-"-,ZV!k!4(!C&]
Insert a test data, key is [persist.kvStaTest_288] data=[Y7!f#%'X/#7U43a#s4#8pAA!g42b]
Insert a test data, key is [persist.kvStaTest_289] data=[TVL87cJK!7#y9QNtP8uW#/",o(Iwq]
Insert a test data, key is [persist.kvStaTest_290] data=[e"G&R+B5tEivkXH/yMCp]
Insert a test data, key is [persist.kvStaTest_291] data=[1%-U'#I9#kR%L7p3#"rQw]
Insert a test data, key is [persist.kvStaTest_292] data=[eek8*MS903218Z9x%2K!r#]
Insert a test data, key is [persist.kvStaTest_293] data=[(T,8%!1(10"9"Y2/-7"9!o']
Insert a test data, key is [persist.kvStaTest_294] data=[Dd.m7#Ioh2hPV"!z4NPcvf2O]
Insert a test data, key is [persist.kvStaTest_295] data=[!ucyA!/3#!B!656##MY%NKCs2]
Insert a test data, key is [persist.kvStaTest_296] data=[8JE0Y,#A4wf5#eKx'Y5L"a(d"0]
Insert a test data, key is [persist.kvStaTest_297] data=[6&'j3sw8dO/%SZwV"#a)#7,1P(r]
Insert a test data, key is [persist.kvStaTest_298] data=[Yh2z03E#49"4"*!#X!rV7H-67"(1]
Insert a test data, key is [persist.kvStaTest_299] data=[3".%2xf0t!o"0)V!!(G9u##9M#7Nz]
Insert a test data, key is [persist.kvStaTest_300] data=[26#2*####Ew&Dq2.&!.!]
Insert a test data, key is [persist.kvStaTest_301] data=[/.990*(/.E/"Er("8%nW"]
Insert a test data, key is [persist.kvStaTest_302] data=[(A)EWt9-H!4Yv"V"12#XU"]
Insert a test data, key is [persist.kvStaTest_303] data=[h#)o##*8"0rI/J2Sy"'t48']
Insert a test data, key is [persist.kvStaTest_304] data=[#j#L+#801bT#Qhi!6,pn%2#W]
Insert a test data, key is [persist.kvStaTest_305] data=[IS2'3#0G(!/!4)mBoN//f+Bd!]
Insert a test data, key is [persist.kvStaTest_306] data=[lP/*/"bZ#2,BckIl3Dr"4Y4kn0]
Insert a test data, key is [persist.kvStaTest_307] data=[7'"8!!((##E8w#'1,#B&"6"N8-3]
Insert a test data, key is [persist.kvStaTest_308] data=[1&+yq.U!#"r#gyr(Z6%i5A"Z'2G0]
Insert a test data, key is [persist.kvStaTest_309] data=[Gpa0KLM0/!ou+L#e5O.K#r-V1"#zm]
Insert a test data, key is [persist.kvStaTest_310] data=["-6!1d"05C'A"7k#%.ot]
Insert a test data, key is [persist.kvStaTest_311] data=[5n6e954y!%&xpuOE*.!4*]
Insert a test data, key is [persist.kvStaTest_312] data=[r3C./90XM+"8A+%"10xI8!]
Insert a test data, key is [persist.kvStaTest_313] data=[P%dFa625/6Wdoft7"p'8"aP]
Insert a test data, key is [persist.kvStaTest_314] data=[y8n5,e%#%T2!"#AFy"J+1-CG]
Insert a test data, key is [persist.kvStaTest_315] data=["#d0pQ%&&Pk!Gy*1"""!#'l&o]
Insert a test data, key is [persist.kvStaTest_316] data=[pE##"au'"47lqmM&O6)V"j2,,x]
Insert a test data, key is [persist.kvStaTest_317] data=[,,)"!*1!S0#ec3#"z!(tA6!-Q'.]
Insert a test data, key is [persist.kvStaTest_318] data=[!/SN3K&-W(!8d+y75%)7lU4%Z!!0]
Insert a test data, key is [persist.kvStaTest_319] data=[64!/#4!u!!V#"*&S4c"!9&V1!&D"O]
Insert a test data, key is [persist.kvStaTest_320] data=[C3v#9Dl6K,k##+Y"0#ok]
Insert a test data, key is [persist.kvStaTest_321] data=[8#"-b8-68!q2#'L54!a56]
Insert a test data, key is [persist.kvStaTest_322] data=[I("k&#J#8"S#V"Hq*H'rdQ]
Insert a test data, key is [persist.kvStaTest_323] data=[)w!#s"8M)B,9n!"R!/QVH'6]
Insert a test data, key is [persist.kvStaTest_324] data=[,L5/,N9wT8B-"-,ZV!k!4(!C]
Insert a test data, key is [persist.kvStaTest_325] data=[&Y7!f#%'X/#7U43a#s4#8pAA!]
Insert a test data, key is [persist.kvStaTest_326] data=[g42bTVL87cJK!7#y9QNtP8uW#/]
Insert a test data, key is [persist.kvStaTest_327] data=[",o(Iwqe"G&R+B5tEivkXH/yMCp]
Insert a test data, key is [persist.kvStaTest_328] data=[1%-U'#I9#kR%L7p3#"rQweek8*MS]
Insert a test data, key is [persist.kvStaTest_329] data=[903218Z9x%2K!r#(T,8%!1(10"9"Y]
Insert a test data, key is [persist.kvStaTest_330] data=[2/-7"9!o'Dd.m7#Ioh2h]
Insert a test data, key is [persist.kvStaTest_331] data=[PV"!z4NPcvf2O!ucyA!/3]
Insert a test data, key is [persist.kvStaTest_332] data=[#!B!656##MY%NKCs28JE0Y]
Insert a test data, key is [persist.kvStaTest_333] data=[,#A4wf5#eKx'Y5L"a(d"06&]
Insert a test data, key is [persist.kvStaTest_334] data=['j3sw8dO/%SZwV"#a)#7,1P(]
Insert a test data, key is [persist.kvStaTest_335] data=[rYh2z03E#49"4"*!#X!rV7H-6]
Insert a test data, key is [persist.kvStaTest_336] data=[7"(13".%2xf0t!o"0)V!!(G9u#]
Insert a test data, key is [persist.kvStaTest_337] data=[#9M#7Nz26#2*####Ew&Dq2.&!.!]
Insert a test data, key is [persist.kvStaTest_338] data=[/.990*(/.E/"Er("8%nW"(A)EWt9]
Insert a test data, key is [persist.kvStaTest_339] data=[-H!4Yv"V"12#XU"h#)o##*8"0rI/J]
Insert a test data, key is [persist.kvStaTest_340] data=[2Sy"'t48'#j#L+#801bT]
Insert a test data, key is [persist.kvStaTest_341] data=[#Qhi!6,pn%2#WIS2'3#0G]
Insert a test data, key is [persist.kvStaTest_342] data=[(!/!4)mBoN//f+Bd!lP/*/]
Insert a test data, key is [persist.kvStaTest_343] data=["bZ#2,BckIl3Dr"4Y4kn07']
Insert a test data, key is [persist.kvStaTest_344] data=["8!!((##E8w#'1,#B&"6"N8-]
Insert a test data, key is [persist.kvStaTest_345] data=[31&+yq.U!#"r#gyr(Z6%i5A"Z]
Insert a test data, key is [persist.kvStaTest_346] data=['2G0Gpa0KLM0/!ou+L#e5O.K#r]
Insert a test data, key is [persist.kvStaTest_347] data=[-V1"#zm"-6!1d"05C'A"7k#%.ot]
Insert a test data, key is [persist.kvStaTest_348] data=[5n6e954y!%&xpuOE*.!4*r3C./90]
Insert a test data, key is [persist.kvStaTest_349] data=[XM+"8A+%"10xI8!P%dFa625/6Wdof]
Insert a test data, key is [persist.kvStaTest_350] data=[t7"p'8"aPy8n5,e%#%T2]
Insert a test data, key is [persist.kvStaTest_351] data=[!"#AFy"J+1-CG"#d0pQ%&]
Insert a test data, key is [persist.kvStaTest_352] data=[&Pk!Gy*1"""!#'l&opE##"]
Insert a test data, key is [persist.kvStaTest_353] data=[au'"47lqmM&O6)V"j2,,x,,]
Insert a test data, key is [persist.kvStaTest_354] data=[)"!*1!S0#ec3#"z!(tA6!-Q']
Insert a test data, key is [persist.kvStaTest_355] data=[.!/SN3K&-W(!8d+y75%)7lU4%]
Insert a test data, key is [persist.kvStaTest_356] data=[Z!!064!/#4!u!!V#"*&S4c"!9&]
Insert a test data, key is [persist.kvStaTest_357] data=[V1!&D"OC3v#9Dl6K,k##+Y"0#ok]
Insert a test data, key is [persist.kvStaTest_358] data=[8#"-b8-68!q2#'L54!a56I("k&#J]
Insert a test data, key is [persist.kvStaTest_359] data=[#8"S#V"Hq*H'rdQ)w!#s"8M)B,9n!]
Insert a test data, key is [persist.kvStaTest_360] data=["R!/QVH'6,L5/,N9wT8B]
Insert a test data, key is [persist.kvStaTest_361] data=[-"-,ZV!k!4(!C&Y7!f#%']
Insert a test data, key is [persist.kvStaTest_362] data=[X/#7U43a#s4#8pAA!g42bT]
Insert a test data, key is [persist.kvStaTest_363] data=[VL87cJK!7#y9QNtP8uW#/",]
Insert a test data, key is [persist.kvStaTest_364] data=[o(Iwqe"G&R+B5tEivkXH/yMC]
Insert a test data, key is [persist.kvStaTest_365] data=[p1%-U'#I9#kR%L7p3#"rQweek]
Insert a test data, key is [persist.kvStaTest_366] data=[8*MS903218Z9x%2K!r#(T,8%!1]
Insert a test data, key is [persist.kvStaTest_367] data=[(10"9"Y2/-7"9!o'Dd.m7#Ioh2h]
Insert a test data, key is [persist.kvStaTest_368] data=[PV"!z4NPcvf2O!ucyA!/3#!B!656]
Insert a test data, key is [persist.kvStaTest_369] data=[##MY%NKCs28JE0Y,#A4wf5#eKx'Y5]
Insert a test data, key is [persist.kvStaTest_370] data=[L"a(d"06&'j3sw8dO/%S]
Insert a test data, key is [persist.kvStaTest_371] data=[ZwV"#a)#7,1P(rYh2z03E]
Insert a test data, key is [persist.kvStaTest_372] data=[#49"4"*!#X!rV7H-67"(13]
Insert a test data, key is [persist.kvStaTest_373] data=[".%2xf0t!o"0)V!!(G9u##9]
Insert a test data, key is [persist.kvStaTest_374] data=[M#7Nz26#2*####Ew&Dq2.&!.]
Insert a test data, key is [persist.kvStaTest_375] data=[!/.990*(/.E/"Er("8%nW"(A)]
Insert a test data, key is [persist.kvStaTest_376] data=[EWt9-H!4Yv"V"12#XU"h#)o##*]
Insert a test data, key is [persist.kvStaTest_377] data=[8"0rI/J2Sy"'t48'#j#L+#801bT]
Insert a test data, key is [persist.kvStaTest_378] data=[#Qhi!6,pn%2#WIS2'3#0G(!/!4)m]
Insert a test data, key is [persist.kvStaTest_379] data=[BoN//f+Bd!lP/*/"bZ#2,BckIl3Dr]
Insert a test data, key is [persist.kvStaTest_380] data=["4Y4kn07'"8!!((##E8w]
Insert a test data, key is [persist.kvStaTest_381] data=[#'1,#B&"6"N8-31&+yq.U]
Insert a test data, key is [persist.kvStaTest_382] data=[!#"r#gyr(Z6%i5A"Z'2G0G]
Insert a test data, key is [persist.kvStaTest_383] data=[pa0KLM0/!ou+L#e5O.K#r-V]
Insert a test data, key is [persist.kvStaTest_384] data=[1"#zm"-6!1d"05C'A"7k#%.o]
Insert a test data, key is [persist.kvStaTest_385] data=[t5n6e954y!%&xpuOE*.!4*r3C]
Insert a test data, key is [persist.kvStaTest_386] data=[./90XM+"8A+%"10xI8!P%dFa62]
Insert a test data, key is [persist.kvStaTest_387] data=[5/6Wdoft7"p'8"aPy8n5,e%#%T2]
Insert a test data, key is [persist.kvStaTest_388] data=[!"#AFy"J+1-CG"#d0pQ%&&Pk!Gy*]
Insert a test data, key is [persist.kvStaTest_389] data=[1"""!#'l&opE##"au'"47lqmM&O6)]
Insert a test data, key is [persist.kvStaTest_390] data=[V"j2,,x,,)"!*1!S0#ec]
Insert a test data, key is [persist.kvStaTest_391] data=[3#"z!(tA6!-Q'.!/SN3K&]
Insert a test data, key is [persist.kvStaTest_392] data=[-W(!8d+y75%)7lU4%Z!!06]
Insert a test data, key is [persist.kvStaTest_393] data=[4!/#4!u!!V#"*&S4c"!9&V1]
Insert a test data, key is [persist.kvStaTest_394] data=[!&D"OC3v#9Dl6K,k##+Y"0#o]
Insert a test data, key is [persist.kvStaTest_395] data=[k8#"-b8-68!q2#'L54!a56I("]
Insert a test data, key is [persist.kvStaTest_396] data=[k&#J#8"S#V"Hq*H'rdQ)w!#s"8]
Insert a test data, key is [persist.kvStaTest_397] data=[M)B,9n!"R!/QVH'6,L5/,N9wT8B]
Insert a test data, key is [persist.kvStaTest_398] data=[-"-,ZV!k!4(!C&Y7!f#%'X/#7U43]
Insert a test data, key is [persist.kvStaTest_399] data=[a#s4#8pAA!g42bTVL87cJK!7#y9QN]
Insert a test data, key is [persist.kvStaTest_400] data=[tP8uW#/",o(Iwqe"G&R+]
Insert a test data, key is [persist.kvStaTest_401] data=[B5tEivkXH/yMCp1%-U'#I]
Insert a test data, key is [persist.kvStaTest_402] data=[9#kR%L7p3#"rQweek8*MS9]
Insert a test data, key is [persist.kvStaTest_403] data=[03218Z9x%2K!r#(T,8%!1(1]
Insert a test data, key is [persist.kvStaTest_404] data=[0"9"Y2/-7"9!o'Dd.m7#Ioh2]
Insert a test data, key is [persist.kvStaTest_405] data=[hPV"!z4NPcvf2O!ucyA!/3#!B]
Insert a test data, key is [persist.kvStaTest_406] data=[!656##MY%NKCs28JE0Y,#A4wf5]
Insert a test data, key is [persist.kvStaTest_407] data=[#eKx'Y5L"a(d"06&'j3sw8dO/%S]
Insert a test data, key is [persist.kvStaTest_408] data=[ZwV"#a)#7,1P(rYh2z03E#49"4"*]
Insert a test data, key is [persist.kvStaTest_409] data=[!#X!rV7H-67"(13".%2xf0t!o"0)V]
Insert a test data, key is [persist.kvStaTest_410] data=[!!(G9u##9M#7Nz26#2*#]
Insert a test data, key is [persist.kvStaTest_411] data=[###Ew&Dq2.&!.!/.990*(]
Insert a test data, key is [persist.kvStaTest_412] data=[/.E/"Er("8%nW"(A)EWt9-]
Insert a test data, key is [persist.kvStaTest_413] data=[H!4Yv"V"12#XU"h#)o##*8"]
Insert a test data, key is [persist.kvStaTest_414] data=[0rI/J2Sy"'t48'#j#L+#801b]
Insert a test data, key is [persist.kvStaTest_415] data=[T#Qhi!6,pn%2#WIS2'3#0G(!/]
Insert a test data, key is [persist.kvStaTest_416] data=[!4)mBoN//f+Bd!lP/*/"bZ#2,B]
Insert a test data, key is [persist.kvStaTest_417] data=[ckIl3Dr"4Y4kn07'"8!!((##E8w]
Insert a test data, key is [persist.kvStaTest_418] data=[#'1,#B&"6"N8-31&+yq.U!#"r#gy]
Insert a test data, key is [persist.kvStaTest_419] data=[r(Z6%i5A"Z'2G0Gpa0KLM0/!ou+L#]
Insert a test data, key is [persist.kvStaTest_420] data=[e5O.K#r-V1"#zm"-6!1d]
Insert a test data, key is [persist.kvStaTest_421] data=["05C'A"7k#%.ot5n6e954]
Insert a test data, key is [persist.kvStaTest_422] data=[y!%&xpuOE*.!4*r3C./90X]
Insert a test data, key is [persist.kvStaTest_423] data=[M+"8A+%"10xI8!P%dFa625/]
Insert a test data, key is [persist.kvStaTest_424] data=[6Wdoft7"p'8"aPy8n5,e%#%T]
Insert a test data, key is [persist.kvStaTest_425] data=[2!"#AFy"J+1-CG"#d0pQ%&&Pk]
Insert a test data, key is [persist.kvStaTest_426] data=[!Gy*1"""!#'l&opE##"au'"47l]
Insert a test data, key is [persist.kvStaTest_427] data=[qmM&O6)V"j2,,x,,)"!*1!S0#ec]
Insert a test data, key is [persist.kvStaTest_428] data=[3#"z!(tA6!-Q'.!/SN3K&-W(!8d+]
Insert a test data, key is [persist.kvStaTest_429] data=[y75%)7lU4%Z!!064!/#4!u!!V#"*&]
Insert a test data, key is [persist.kvStaTest_430] data=[S4c"!9&V1!&D"OC3v#9D]
Insert a test data, key is [persist.kvStaTest_431] data=[l6K,k##+Y"0#ok8#"-b8-]
Insert a test data, key is [persist.kvStaTest_432] data=[68!q2#'L54!a56I("k&#J#]
Insert a test data, key is [persist.kvStaTest_433] data=[8"S#V"Hq*H'rdQ)w!#s"8M)]
Insert a test data, key is [persist.kvStaTest_434] data=[B,9n!"R!/QVH'6,L5/,N9wT8]
Insert a test data, key is [persist.kvStaTest_435] data=[B-"-,ZV!k!4(!C&Y7!f#%'X/#]
Insert a test data, key is [persist.kvStaTest_436] data=[7U43a#s4#8pAA!g42bTVL87cJK]
Insert a test data, key is [persist.kvStaTest_437] data=[!7#y9QNtP8uW#/",o(Iwqe"G&R+]
Insert a test data, key is [persist.kvStaTest_438] data=[B5tEivkXH/yMCp1%-U'#I9#kR%L7]
Insert a test data, key is [persist.kvStaTest_439] data=[p3#"rQweek8*MS903218Z9x%2K!r#]
Insert a test data, key is [persist.kvStaTest_440] data=[(T,8%!1(10"9"Y2/-7"9]
Insert a test data, key is [persist.kvStaTest_441] data=[!o'Dd.m7#Ioh2hPV"!z4N]
Insert a test data, key is [persist.kvStaTest_442] data=[Pcvf2O!ucyA!/3#!B!656#]
Insert a test data, key is [persist.kvStaTest_443] data=[#MY%NKCs28JE0Y,#A4wf5#e]
Insert a test data, key is [persist.kvStaTest_444] data=[Kx'Y5L"a(d"06&'j3sw8dO/%]
Insert a test data, key is [persist.kvStaTest_445] data=[SZwV"#a)#7,1P(rYh2z03E#49]
Insert a test data, key is [persist.kvStaTest_446] data=["4"*!#X!rV7H-67"(13".%2xf0]
Insert a test data, key is [persist.kvStaTest_447] data=[t!o"0)V!!(G9u##9M#7Nz26#2*#]
Insert a test data, key is [persist.kvStaTest_448] data=[###Ew&Dq2.&!.!/.990*(/.E/"Er]
Insert a test data, key is [persist.kvStaTest_449] data=[("8%nW"(A)EWt9-H!4Yv"V"12#XU"]
Insert a test data, key is [persist.kvStaTest_450] data=[h#)o##*8"0rI/J2Sy"'t]
Insert a test data, key is [persist.kvStaTest_451] data=[48'#j#L+#801bT#Qhi!6,]
Insert a test data, key is [persist.kvStaTest_452] data=[pn%2#WIS2'3#0G(!/!4)mB]
Insert a test data, key is [persist.kvStaTest_453] data=[oN//f+Bd!lP/*/"bZ#2,Bck]
Insert a test data, key is [persist.kvStaTest_454] data=[Il3Dr"4Y4kn07'"8!!((##E8]
Insert a test data, key is [persist.kvStaTest_455] data=[w#'1,#B&"6"N8-31&+yq.U!#"]
Insert a test data, key is [persist.kvStaTest_456] data=[r#gyr(Z6%i5A"Z'2G0Gpa0KLM0]
Insert a test data, key is [persist.kvStaTest_457] data=[/!ou+L#e5O.K#r-V1"#zm"-6!1d]
Insert a test data, key is [persist.kvStaTest_458] data=["05C'A"7k#%.ot5n6e954y!%&xpu]
Insert a test data, key is [persist.kvStaTest_459] data=[OE*.!4*r3C./90XM+"8A+%"10xI8!]
Insert a test data, key is [persist.kvStaTest_460] data=[P%dFa625/6Wdoft7"p'8]
Insert a test data, key is [persist.kvStaTest_461] data=["aPy8n5,e%#%T2!"#AFy"]
Insert a test data, key is [persist.kvStaTest_462] data=[J+1-CG"#d0pQ%&&Pk!Gy*1]
Insert a test data, key is [persist.kvStaTest_463] data=["""!#'l&opE##"au'"47lqm]
Insert a test data, key is [persist.kvStaTest_464] data=[M&O6)V"j2,,x,,)"!*1!S0#e]
Insert a test data, key is [persist.kvStaTest_465] data=[c3#"z!(tA6!-Q'.!/SN3K&-W(]
Insert a test data, key is [persist.kvStaTest_466] data=[!8d+y75%)7lU4%Z!!064!/#4!u]
Insert a test data, key is [persist.kvStaTest_467] data=[!!V#"*&S4c"!9&V1!&D"OC3v#9D]
Insert a test data, key is [persist.kvStaTest_468] data=[l6K,k##+Y"0#ok8#"-b8-68!q2#']
Insert a test data, key is [persist.kvStaTest_469] data=[L54!a56I("k&#J#8"S#V"Hq*H'rdQ]
Insert a test data, key is [persist.kvStaTest_470] data=[)w!#s"8M)B,9n!"R!/QV]
Insert a test data, key is [persist.kvStaTest_471] data=[H'6,L5/,N9wT8B-"-,ZV!]
Insert a test data, key is [persist.kvStaTest_472] data=[k!4(!C&Y7!f#%'X/#7U43a]
Insert a test data, key is [persist.kvStaTest_473] data=[#s4#8pAA!g42bTVL87cJK!7]
Insert a test data, key is [persist.kvStaTest_474] data=[#y9QNtP8uW#/",o(Iwqe"G&R]
Insert a test data, key is [persist.kvStaTest_475] data=[+B5tEivkXH/yMCp1%-U'#I9#k]
Insert a test data, key is [persist.kvStaTest_476] data=[R%L7p3#"rQweek8*MS903218Z9]
Insert a test data, key is [persist.kvStaTest_477] data=[x%2K!r#(T,8%!1(10"9"Y2/-7"9]
Insert a test data, key is [persist.kvStaTest_478] data=[!o'Dd.m7#Ioh2hPV"!z4NPcvf2O!]
Insert a test data, key is [persist.kvStaTest_479] data=[ucyA!/3#!B!656##MY%NKCs28JE0Y]
Insert a test data, key is [persist.kvStaTest_480] data=[,#A4wf5#eKx'Y5L"a(d"]
Insert a test data, key is [persist.kvStaTest_481] data=[06&'j3sw8dO/%SZwV"#a)]
Insert a test data, key is [persist.kvStaTest_482] data=[#7,1P(rYh2z03E#49"4"*!]
Insert a test data, key is [persist.kvStaTest_483] data=[#X!rV7H-67"(13".%2xf0t!]
Insert a test data, key is [persist.kvStaTest_484] data=[o"0)V!!(G9u##9M#7Nz26#2*]
Insert a test data, key is [persist.kvStaTest_485] data=[####Ew&Dq2.&!.!/.990*(/.E]
Insert a test data, key is [persist.kvStaTest_486] data=[/"Er("8%nW"(A)EWt9-H!4Yv"V]
Insert a test data, key is [persist.kvStaTest_487] data=["12#XU"h#)o##*8"0rI/J2Sy"'t]
Insert a test data, key is [persist.kvStaTest_488] data=[48'#j#L+#801bT#Qhi!6,pn%2#WI]
Insert a test data, key is [persist.kvStaTest_489] data=[S2'3#0G(!/!4)mBoN//f+Bd!lP/*/]
Insert a test data, key is [persist.kvStaTest_490] data=["bZ#2,BckIl3Dr"4Y4kn]
Insert a test data, key is [persist.kvStaTest_491] data=[07'"8!!((##E8w#'1,#B&]
Insert a test data, key is [persist.kvStaTest_492] data=["6"N8-31&+yq.U!#"r#gyr]
Insert a test data, key is [persist.kvStaTest_493] data=[(Z6%i5A"Z'2G0Gpa0KLM0/!]
Insert a test data, key is [persist.kvStaTest_494] data=[ou+L#e5O.K#r-V1"#zm"-6!1]
Insert a test data, key is [persist.kvStaTest_495] data=[d"05C'A"7k#%.ot5n6e954y!%]
Insert a test data, key is [persist.kvStaTest_496] data=[&xpuOE*.!4*r3C./90XM+"8A+%]
Insert a test data, key is [persist.kvStaTest_497] data=["10xI8!P%dFa625/6Wdoft7"p'8]
Insert a test data, key is [persist.kvStaTest_498] data=["aPy8n5,e%#%T2!"#AFy"J+1-CG"]
Insert a test data, key is [persist.kvStaTest_499] data=[#d0pQ%&&Pk!Gy*1"""!#'l&opE##"]
Insert a test data, key is [persist.kvStaTest_500] data=[au'"47lqmM&O6)V"j2,,]
Insert a test data, key is [persist.kvStaTest_501] data=[x,,)"!*1!S0#ec3#"z!(t]
Insert a test data, key is [persist.kvStaTest_502] data=[A6!-Q'.!/SN3K&-W(!8d+y]
Insert a test data, key is [persist.kvStaTest_503] data=[75%)7lU4%Z!!064!/#4!u!!]
Insert a test data, key is [persist.kvStaTest_504] data=[V#"*&S4c"!9&V1!&D"OC3v#9]
Insert a test data, key is [persist.kvStaTest_505] data=[Dl6K,k##+Y"0#ok8#"-b8-68!]
Insert a test data, key is [persist.kvStaTest_506] data=[q2#'L54!a56I("k&#J#8"S#V"H]
Insert a test data, key is [persist.kvStaTest_507] data=[q*H'rdQ)w!#s"8M)B,9n!"R!/QV]
Insert a test data, key is [persist.kvStaTest_508] data=[H'6,L5/,N9wT8B-"-,ZV!k!4(!C&]
Insert a test data, key is [persist.kvStaTest_509] data=[Y7!f#%'X/#7U43a#s4#8pAA!g42bT]
Insert a test data, key is [persist.kvStaTest_510] data=[VL87cJK!7#y9QNtP8uW#]
Insert a test data, key is [persist.kvStaTest_511] data=[/",o(Iwqe"G&R+B5tEivk]
Insert a test data, key is [persist.kvStaTest_512] data=[XH/yMCp1%-U'#I9#kR%L7p]
Insert a test data, key is [persist.kvStaTest_513] data=[3#"rQweek8*MS903218Z9x%]
Insert a test data, key is [persist.kvStaTest_514] data=[2K!r#(T,8%!1(10"9"Y2/-7"]
Insert a test data, key is [persist.kvStaTest_515] data=[9!o'Dd.m7#Ioh2hPV"!z4NPcv]
Insert a test data, key is [persist.kvStaTest_516] data=[f2O!ucyA!/3#!B!656##MY%NKC]
Insert a test data, key is [persist.kvStaTest_517] data=[s28JE0Y,#A4wf5#eKx'Y5L"a(d"]
Insert a test data, key is [persist.kvStaTest_518] data=[06&'j3sw8dO/%SZwV"#a)#7,1P(r]
Insert a test data, key is [persist.kvStaTest_519] data=[Yh2z03E#49"4"*!#X!rV7H-67"(13]
Insert a test data, key is [persist.kvStaTest_520] data=[".%2xf0t!o"0)V!!(G9u]
Insert a test data, key is [persist.kvStaTest_521] data=[##9M#7Nz26#2*####Ew&D]
Insert a test data, key is [persist.kvStaTest_522] data=[q2.&!.!/.990*(/.E/"Er(]
Insert a test data, key is [persist.kvStaTest_523] data=["8%nW"(A)EWt9-H!4Yv"V"1]
Insert a test data, key is [persist.kvStaTest_524] data=[2#XU"h#)o##*8"0rI/J2Sy"']
Insert a test data, key is [persist.kvStaTest_525] data=[t48'#j#L+#801bT#Qhi!6,pn%]
Insert a test data, key is [persist.kvStaTest_526] data=[2#WIS2'3#0G(!/!4)mBoN//f+B]
Insert a test data, key is [persist.kvStaTest_527] data=[d!lP/*/"bZ#2,BckIl3Dr"4Y4kn]
Insert a test data, key is [persist.kvStaTest_528] data=[07'"8!!((##E8w#'1,#B&"6"N8-3]
Insert a test data, key is [persist.kvStaTest_529] data=[1&+yq.U!#"r#gyr(Z6%i5A"Z'2G0G]
Insert a test data, key is [persist.kvStaTest_530] data=[pa0KLM0/!ou+L#e5O.K#]
Insert a test data, key is [persist.kvStaTest_531] data=[r-V1"#zm"-6!1d"05C'A"]
Insert a test data, key is [persist.kvStaTest_532] data=[7k#%.ot5n6e954y!%&xpuO]
Insert a test data, key is [persist.kvStaTest_533] data=[E*.!4*r3C./90XM+"8A+%"1]
Insert a test data, key is [persist.kvStaTest_534] data=[0xI8!P%dFa625/6Wdoft7"p']
Insert a test data, key is [persist.kvStaTest_535] data=[8"aPy8n5,e%#%T2!"#AFy"J+1]
Insert a test data, key is [persist.kvStaTest_536] data=[-CG"#d0pQ%&&Pk!Gy*1"""!#'l]
Insert a test data, key is [persist.kvStaTest_537] data=[&opE##"au'"47lqmM&O6)V"j2,,]
Insert a test data, key is [persist.kvStaTest_538] data=[x,,)"!*1!S0#ec3#"z!(tA6!-Q'.]
Insert a test data, key is [persist.kvStaTest_539] data=[!/SN3K&-W(!8d+y75%)7lU4%Z!!06]
Insert a test data, key is [persist.kvStaTest_540] data=[4!/#4!u!!V#"*&S4c"!9]
Insert a test data, key is [persist.kvStaTest_541] data=[&V1!&D"OC3v#9Dl6K,k##]
Insert a test data, key is [persist.kvStaTest_542] data=[+Y"0#ok8#"-b8-68!q2#'L]
Insert a test data, key is [persist.kvStaTest_543] data=[54!a56I("k&#J#8"S#V"Hq*]
Insert a test data, key is [persist.kvStaTest_544] data=[H'rdQ)w!#s"8M)B,9n!"R!/Q]
Insert a test data, key is [persist.kvStaTest_545] data=[VH'6,L5/,N9wT8B-"-,ZV!k!4]
Insert a test data, key is [persist.kvStaTest_546] data=[(!C&Y7!f#%'X/#7U43a#s4#8pA]
Insert a test data, key is [persist.kvStaTest_547] data=[A!g42bTVL87cJK!7#y9QNtP8uW#]
Insert a test data, key is [persist.kvStaTest_548] data=[/",o(Iwqe"G&R+B5tEivkXH/yMCp]
Insert a test data, key is [persist.kvStaTest_549] data=[1%-U'#I9#kR%L7p3#"rQweek8*MS9]
Insert a test data, key is [persist.kvStaTest_550] data=[03218Z9x%2K!r#(T,8%!]
Insert a test data, key is [persist.kvStaTest_551] data=[1(10"9"Y2/-7"9!o'Dd.m]
Insert a test data, key is [persist.kvStaTest_552] data=[7#Ioh2hPV"!z4NPcvf2O!u]
Insert a test data, key is [persist.kvStaTest_553] data=[cyA!/3#!B!656##MY%NKCs2]
Insert a test data, key is [persist.kvStaTest_554] data=[8JE0Y,#A4wf5#eKx'Y5L"a(d]
Insert a test data, key is [persist.kvStaTest_555] data=["06&'j3sw8dO/%SZwV"#a)#7,]
Insert a test data, key is [persist.kvStaTest_556] data=[1P(rYh2z03E#49"4"*!#X!rV7H]
Insert a test data, key is [persist.kvStaTest_557] data=[-67"(13".%2xf0t!o"0)V!!(G9u]
Insert a test data, key is [persist.kvStaTest_558] data=[##9M#7Nz26#2*####Ew&Dq2.&!.!]
Insert a test data, key is [persist.kvStaTest_559] data=[/.990*(/.E/"Er("8%nW"(A)EWt9-]
Insert a test data, key is [persist.kvStaTest_560] data=[H!4Yv"V"12#XU"h#)o##]
Insert a test data, key is [persist.kvStaTest_561] data=[*8"0rI/J2Sy"'t48'#j#L]
Insert a test data, key is [persist.kvStaTest_562] data=[+#801bT#Qhi!6,pn%2#WIS]
Insert a test data, key is [persist.kvStaTest_563] data=[2'3#0G(!/!4)mBoN//f+Bd!]
Insert a test data, key is [persist.kvStaTest_564] data=[lP/*/"bZ#2,BckIl3Dr"4Y4k]
Insert a test data, key is [persist.kvStaTest_565] data=[n07'"8!!((##E8w#'1,#B&"6"]
Insert a test data, key is [persist.kvStaTest_566] data=[N8-31&+yq.U!#"r#gyr(Z6%i5A]
Insert a test data, key is [persist.kvStaTest_567] data=["Z'2G0Gpa0KLM0/!ou+L#e5O.K#]
Insert a test data, key is [persist.kvStaTest_568] data=[r-V1"#zm"-6!1d"05C'A"7k#%.ot]
Insert a test data, key is [persist.kvStaTest_569] data=[5n6e954y!%&xpuOE*.!4*r3C./90X]
Insert a test data, key is [persist.kvStaTest_570] data=[M+"8A+%"10xI8!P%dFa6]
Insert a test data, key is [persist.kvStaTest_571] data=[25/6Wdoft7"p'8"aPy8n5]
Insert a test data, key is [persist.kvStaTest_572] data=[,e%#%T2!"#AFy"J+1-CG"#]
Insert a test data, key is [persist.kvStaTest_573] data=[d0pQ%&&Pk!Gy*1"""!#'l&o]
Insert a test data, key is [persist.kvStaTest_574] data=[pE##"au'"47lqmM&O6)V"j2,]
Insert a test data, key is [persist.kvStaTest_575] data=[,x,,)"!*1!S0#ec3#"z!(tA6!]
Insert a test data, key is [persist.kvStaTest_576] data=[-Q'.!/SN3K&-W(!8d+y75%)7lU]
Insert a test data, key is [persist.kvStaTest_577] data=[4%Z!!064!/#4!u!!V#"*&S4c"!9]
Insert a test data, key is [persist.kvStaTest_578] data=[&V1!&D"OC3v#9Dl6K,k##+Y"0#ok]
Insert a test data, key is [persist.kvStaTest_579] data=[8#"-b8-68!q2#'L54!a56I("k&#J#]
Insert a test data, key is [persist.kvStaTest_580] data=[8"S#V"Hq*H'rdQ)w!#s"]
Insert a test data, key is [persist.kvStaTest_581] data=[8M)B,9n!"R!/QVH'6,L5/]
Insert a test data, key is [persist.kvStaTest_582] data=[,N9wT8B-"-,ZV!k!4(!C&Y]
Insert a test data, key is [persist.kvStaTest_583] data=[7!f#%'X/#7U43a#s4#8pAA!]
Insert a test data, key is [persist.kvStaTest_584] data=[g42bTVL87cJK!7#y9QNtP8uW]
Insert a test data, key is [persist.kvStaTest_585] data=[#/",o(Iwqe"G&R+B5tEivkXH/]
Insert a test data, key is [persist.kvStaTest_586] data=[yMCp1%-U'#I9#kR%L7p3#"rQwe]
Insert a test data, key is [persist.kvStaTest_587] data=[ek8*MS903218Z9x%2K!r#(T,8%!]
Insert a test data, key is [persist.kvStaTest_588] data=[1(10"9"Y2/-7"9!o'Dd.m7#Ioh2h]
Insert a test data, key is [persist.kvStaTest_589] data=[PV"!z4NPcvf2O!ucyA!/3#!B!656#]
Insert a test data, key is [persist.kvStaTest_590] data=[#MY%NKCs28JE0Y,#A4wf]
Insert a test data, key is [persist.kvStaTest_591] data=[5#eKx'Y5L"a(d"06&'j3s]
Insert a test data, key is [persist.kvStaTest_592] data=[w8dO/%SZwV"#a)#7,1P(rY]
Insert a test data, key is [persist.kvStaTest_593] data=[h2z03E#49"4"*!#X!rV7H-6]
Insert a test data, key is [persist.kvStaTest_594] data=[7"(13".%2xf0t!o"0)V!!(G9]
Insert a test data, key is [persist.kvStaTest_595] data=[u##9M#7Nz26#2*####Ew&Dq2.]
Insert a test data, key is [persist.kvStaTest_596] data=[&!.!/.990*(/.E/"Er("8%nW"(]
Insert a test data, key is [persist.kvStaTest_597] data=[A)EWt9-H!4Yv"V"12#XU"h#)o##]
Insert a test data, key is [persist.kvStaTest_598] data=[*8"0rI/J2Sy"'t48'#j#L+#801bT]
Insert a test data, key is [persist.kvStaTest_599] data=[#Qhi!6,pn%2#WIS2'3#0G(!/!4)mB]
Insert a test data, key is [persist.kvStaTest_600] data=[oN//f+Bd!lP/*/"bZ#2,]
Insert a test data, key is [persist.kvStaTest_601] data=[BckIl3Dr"4Y4kn07'"8!!]
Insert a test data, key is [persist.kvStaTest_602] data=[((##E8w#'1,#B&"6"N8-31]
Insert a test data, key is [persist.kvStaTest_603] data=[&+yq.U!#"r#gyr(Z6%i5A"Z]
Insert a test data, key is [persist.kvStaTest_604] data=['2G0Gpa0KLM0/!ou+L#e5O.K]
Insert a test data, key is [persist.kvStaTest_605] data=[#r-V1"#zm"-6!1d"05C'A"7k#]
Insert a test data, key is [persist.kvStaTest_606] data=[%.ot5n6e954y!%&xpuOE*.!4*r]
Insert a test data, key is [persist.kvStaTest_607] data=[3C./90XM+"8A+%"10xI8!P%dFa6]
Insert a test data, key is [persist.kvStaTest_608] data=[25/6Wdoft7"p'8"aPy8n5,e%#%T2]
Insert a test data, key is [persist.kvStaTest_609] data=[!"#AFy"J+1-CG"#d0pQ%&&Pk!Gy*1]
Insert a test data, key is [persist.kvStaTest_610] data=["""!#'l&opE##"au'"47]
Insert a test data, key is [persist.kvStaTest_611] data=[lqmM&O6)V"j2,,x,,)"!*]
Insert a test data, key is [persist.kvStaTest_612] data=[1!S0#ec3#"z!(tA6!-Q'.!]
Insert a test data, key is [persist.kvStaTest_613] data=[/SN3K&-W(!8d+y75%)7lU4%]
Insert a test data, key is [persist.kvStaTest_614] data=[Z!!064!/#4!u!!V#"*&S4c"!]
Insert a test data, key is [persist.kvStaTest_615] data=[9&V1!&D"OC3v#9Dl6K,k##+Y"]
Insert a test data, key is [persist.kvStaTest_616] data=[0#ok8#"-b8-68!q2#'L54!a56I]
Insert a test data, key is [persist.kvStaTest_617] data=[("k&#J#8"S#V"Hq*H'rdQ)w!#s"]
Insert a test data, key is [persist.kvStaTest_618] data=[8M)B,9n!"R!/QVH'6,L5/,N9wT8B]
Insert a test data, key is [persist.kvStaTest_619] data=[-"-,ZV!k!4(!C&Y7!f#%'X/#7U43a]
Insert a test data, key is [persist.kvStaTest_620] data=[#s4#8pAA!g42bTVL87cJ]
Insert a test data, key is [persist.kvStaTest_621] data=[K!7#y9QNtP8uW#/",o(Iw]
Insert a test data, key is [persist.kvStaTest_622] data=[qe"G&R+B5tEivkXH/yMCp1]
Insert a test data, key is [persist.kvStaTest_623] data=[%-U'#I9#kR%L7p3#"rQweek]
Insert a test data, key is [persist.kvStaTest_624] data=[8*MS903218Z9x%2K!r#(T,8%]
Insert a test data, key is [persist.kvStaTest_625] data=[!1(10"9"Y2/-7"9!o'Dd.m7#I]
Insert a test data, key is [persist.kvStaTest_626] data=[oh2hPV"!z4NPcvf2O!ucyA!/3#]
Insert a test data, key is [persist.kvStaTest_627] data=[!B!656##MY%NKCs28JE0Y,#A4wf]
Insert a test data, key is [persist.kvStaTest_628] data=[5#eKx'Y5L"a(d"06&'j3sw8dO/%S]
Insert a test data, key is [persist.kvStaTest_629] data=[ZwV"#a)#7,1P(rYh2z03E#49"4"*!]
Insert a test data, key is [persist.kvStaTest_630] data=[#X!rV7H-67"(13".%2xf]
Insert a test data, key is [persist.kvStaTest_631] data=[0t!o"0)V!!(G9u##9M#7N]
Insert a test data, key is [persist.kvStaTest_632] data=[z26#2*####Ew&Dq2.&!.!/]
Insert a test data, key is [persist.kvStaTest_633] data=[.990*(/.E/"Er("8%nW"(A)]
Insert a test data, key is [persist.kvStaTest_634] data=[EWt9-H!4Yv"V"12#XU"h#)o#]
Insert a test data, key is [persist.kvStaTest_635] data=[#*8"0rI/J2Sy"'t48'#j#L+#8]
Insert a test data, key is [persist.kvStaTest_636] data=[01bT#Qhi!6,pn%2#WIS2'3#0G(]
Insert a test data, key is [persist.kvStaTest_637] data=[!/!4)mBoN//f+Bd!lP/*/"bZ#2,]
Insert a test data, key is [persist.kvStaTest_638] data=[BckIl3Dr"4Y4kn07'"8!!((##E8w]
Insert a test data, key is [persist.kvStaTest_639] data=[#'1,#B&"6"N8-31&+yq.U!#"r#gyr]
Insert a test data, key is [persist.kvStaTest_640] data=[(Z6%i5A"Z'2G0Gpa0KLM]
Insert a test data, key is [persist.kvStaTest_641] data=[0/!ou+L#e5O.K#r-V1"#z]
Insert a test data, key is [persist.kvStaTest_642] data=[m"-6!1d"05C'A"7k#%.ot5]
Insert a test data, key is [persist.kvStaTest_643] data=[n6e954y!%&xpuOE*.!4*r3C]
Insert a test data, key is [persist.kvStaTest_644] data=[./90XM+"8A+%"10xI8!P%dFa]
Insert a test data, key is [persist.kvStaTest_645] data=[625/6Wdoft7"p'8"aPy8n5,e%]
Insert a test data, key is [persist.kvStaTest_646] data=[#%T2!"#AFy"J+1-CG"#d0pQ%&&]
Insert a test data, key is [persist.kvStaTest_647] data=[Pk!Gy*1"""!#'l&opE##"au'"47]
Insert a test data, key is [persist.kvStaTest_648] data=[lqmM&O6)V"j2,,x,,)"!*1!S0#ec]
Insert a test data, key is [persist.kvStaTest_649] data=[3#"z!(tA6!-Q'.!/SN3K&-W(!8d+y]
Insert a test data, key is [persist.kvStaTest_650] data=[75%)7lU4%Z!!064!/#4!]
Insert a test data, key is [persist.kvStaTest_651] data=[u!!V#"*&S4c"!9&V1!&D"]
Insert a test data, key is [persist.kvStaTest_652] data=[OC3v#9Dl6K,k##+Y"0#ok8]
Insert a test data, key is [persist.kvStaTest_653] data=[#"-b8-68!q2#'L54!a56I("]
Insert a test data, key is [persist.kvStaTest_654] data=[k&#J#8"S#V"Hq*H'rdQ)w!#s]
Insert a test data, key is [persist.kvStaTest_655] data=["8M)B,9n!"R!/QVH'6,L5/,N9]
Insert a test data, key is [persist.kvStaTest_656] data=[wT8B-"-,ZV!k!4(!C&Y7!f#%'X]
Insert a test data, key is [persist.kvStaTest_657] data=[/#7U43a#s4#8pAA!g42bTVL87cJ]
Insert a test data, key is [persist.kvStaTest_658] data=[K!7#y9QNtP8uW#/",o(Iwqe"G&R+]
Insert a test data, key is [persist.kvStaTest_659] data=[B5tEivkXH/yMCp1%-U'#I9#kR%L7p]
Insert a test data, key is [persist.kvStaTest_660] data=[3#"rQweek8*MS903218Z]
Insert a test data, key is [persist.kvStaTest_661] data=[9x%2K!r#(T,8%!1(10"9"]
Insert a test data, key is [persist.kvStaTest_662] data=[Y2/-7"9!o'Dd.m7#Ioh2hP]
Insert a test data, key is [persist.kvStaTest_663] data=[V"!z4NPcvf2O!ucyA!/3#!B]
Insert a test data, key is [persist.kvStaTest_664] data=[!656##MY%NKCs28JE0Y,#A4w]
Insert a test data, key is [persist.kvStaTest_665] data=[f5#eKx'Y5L"a(d"06&'j3sw8d]
Insert a test data, key is [persist.kvStaTest_666] data=[O/%SZwV"#a)#7,1P(rYh2z03E#]
Insert a test data, key is [persist.kvStaTest_667] data=[49"4"*!#X!rV7H-67"(13".%2xf]
Insert a test data, key is [persist.kvStaTest_668] data=[0t!o"0)V!!(G9u##9M#7Nz26#2*#]
Insert a test data, key is [persist.kvStaTest_669] data=[###Ew&Dq2.&!.!/.990*(/.E/"Er(]
Insert a test data, key is [persist.kvStaTest_670] data=["8%nW"(A)EWt9-H!4Yv"]
Insert a test data, key is [persist.kvStaTest_671] data=[V"12#XU"h#)o##*8"0rI/]
Insert a test data, key is [persist.kvStaTest_672] data=[J2Sy"'t48'#j#L+#801bT#]
Insert a test data, key is [persist.kvStaTest_673] data=[Qhi!6,pn%2#WIS2'3#0G(!/]
Insert a test data, key is [persist.kvStaTest_674] data=[!4)mBoN//f+Bd!lP/*/"bZ#2]
Insert a test data, key is [persist.kvStaTest_675] data=[,BckIl3Dr"4Y4kn07'"8!!((#]
Insert a test data, key is [persist.kvStaTest_676] data=[#E8w#'1,#B&"6"N8-31&+yq.U!]
Insert a test data, key is [persist.kvStaTest_677] data=[#"r#gyr(Z6%i5A"Z'2G0Gpa0KLM]
Insert a test data, key is [persist.kvStaTest_678] data=[0/!ou+L#e5O.K#r-V1"#zm"-6!1d]
Insert a test data, key is [persist.kvStaTest_679] data=["05C'A"7k#%.ot5n6e954y!%&xpuO]
Insert a test data, key is [persist.kvStaTest_680] data=[E*.!4*r3C./90XM+"8A+]
Insert a test data, key is [persist.kvStaTest_681] data=[%"10xI8!P%dFa625/6Wdo]
Insert a test data, key is [persist.kvStaTest_682] data=[ft7"p'8"aPy8n5,e%#%T2!]
Insert a test data, key is [persist.kvStaTest_683] data=["#AFy"J+1-CG"#d0pQ%&&Pk]
Insert a test data, key is [persist.kvStaTest_684] data=[!Gy*1"""!#'l&opE##"au'"4]
Insert a test data, key is [persist.kvStaTest_685] data=[7lqmM&O6)V"j2,,x,,)"!*1!S]
Insert a test data, key is [persist.kvStaTest_686] data=[0#ec3#"z!(tA6!-Q'.!/SN3K&-]
Insert a test data, key is [persist.kvStaTest_687] data=[W(!8d+y75%)7lU4%Z!!064!/#4!]
Insert a test data, key is [persist.kvStaTest_688] data=[u!!V#"*&S4c"!9&V1!&D"OC3v#9D]
Insert a test data, key is [persist.kvStaTest_689] data=[l6K,k##+Y"0#ok8#"-b8-68!q2#'L]
Insert a test data, key is [persist.kvStaTest_690] data=[54!a56I("k&#J#8"S#V"]
Insert a test data, key is [persist.kvStaTest_691] data=[Hq*H'rdQ)w!#s"8M)B,9n]
Insert a test data, key is [persist.kvStaTest_692] data=[!"R!/QVH'6,L5/,N9wT8B-]
Insert a test data, key is [persist.kvStaTest_693] data=["-,ZV!k!4(!C&Y7!f#%'X/#]
Insert a test data, key is [persist.kvStaTest_694] data=[7U43a#s4#8pAA!g42bTVL87c]
Insert a test data, key is [persist.kvStaTest_695] data=[JK!7#y9QNtP8uW#/",o(Iwqe"]
Insert a test data, key is [persist.kvStaTest_696] data=[G&R+B5tEivkXH/yMCp1%-U'#I9]
Insert a test data, key is [persist.kvStaTest_697] data=[#kR%L7p3#"rQweek8*MS903218Z]
Insert a test data, key is [persist.kvStaTest_698] data=[9x%2K!r#(T,8%!1(10"9"Y2/-7"9]
Insert a test data, key is [persist.kvStaTest_699] data=[!o'Dd.m7#Ioh2hPV"!z4NPcvf2O!u]
Insert a test data, key is [persist.kvStaTest_700] data=[cyA!/3#!B!656##MY%NK]
Insert a test data, key is [persist.kvStaTest_701] data=[Cs28JE0Y,#A4wf5#eKx'Y]
Insert a test data, key is [persist.kvStaTest_702] data=[5L"a(d"06&'j3sw8dO/%SZ]
Insert a test data, key is [persist.kvStaTest_703] data=[wV"#a)#7,1P(rYh2z03E#49]
Insert a test data, key is [persist.kvStaTest_704] data=["4"*!#X!rV7H-67"(13".%2x]
Insert a test data, key is [persist.kvStaTest_705] data=[f0t!o"0)V!!(G9u##9M#7Nz26]
Insert a test data, key is [persist.kvStaTest_706] data=[#2*####Ew&Dq2.&!.!/.990*(/]
Insert a test data, key is [persist.kvStaTest_707] data=[.E/"Er("8%nW"(A)EWt9-H!4Yv"]
Insert a test data, key is [persist.kvStaTest_708] data=[V"12#XU"h#)o##*8"0rI/J2Sy"'t]
Insert a test data, key is [persist.kvStaTest_709] data=[48'#j#L+#801bT#Qhi!6,pn%2#WIS]
Insert a test data, key is [persist.kvStaTest_710] data=[2'3#0G(!/!4)mBoN//f+]
Insert a test data, key is [persist.kvStaTest_711] data=[Bd!lP/*/"bZ#2,BckIl3D]
Insert a test data, key is [persist.kvStaTest_712] data=[r"4Y4kn07'"8!!((##E8w#]
Insert a test data, key is [persist.kvStaTest_713] data=['1,#B&"6"N8-31&+yq.U!#"]
Insert a test data, key is [persist.kvStaTest_714] data=[r#gyr(Z6%i5A"Z'2G0Gpa0KL]
Insert a test data, key is [persist.kvStaTest_715] data=[M0/!ou+L#e5O.K#r-V1"#zm"-]
Insert a test data, key is [persist.kvStaTest_716] data=[6!1d"05C'A"7k#%.ot5n6e954y]
Insert a test data, key is [persist.kvStaTest_717] data=[!%&xpuOE*.!4*r3C./90XM+"8A+]
Insert a test data, key is [persist.kvStaTest_718] data=[%"10xI8!P%dFa625/6Wdoft7"p'8]
Insert a test data, key is [persist.kvStaTest_719] data=["aPy8n5,e%#%T2!"#AFy"J+1-CG"#]
Insert a test data, key is [persist.kvStaTest_720] data=[d0pQ%&&Pk!Gy*1"""!#']
Insert a test data, key is [persist.kvStaTest_721] data=[l&opE##"au'"47lqmM&O6]
Insert a test data, key is [persist.kvStaTest_722] data=[)V"j2,,x,,)"!*1!S0#ec3]
Insert a test data, key is [persist.kvStaTest_723] data=[#"z!(tA6!-Q'.!/SN3K&-W(]
Insert a test data, key is [persist.kvStaTest_724] data=[!8d+y75%)7lU4%Z!!064!/#4]
Insert a test data, key is [persist.kvStaTest_725] data=[!u!!V#"*&S4c"!9&V1!&D"OC3]
Insert a test data, key is [persist.kvStaTest_726] data=[v#9Dl6K,k##+Y"0#ok8#"-b8-6]
Insert a test data, key is [persist.kvStaTest_727] data=[8!q2#'L54!a56I("k&#J#8"S#V"]
Insert a test data, key is [persist.kvStaTest_728] data=[Hq*H'rdQ)w!#s"8M)B,9n!"R!/QV]
Insert a test data, key is [persist.kvStaTest_729] data=[H'6,L5/,N9wT8B-"-,ZV!k!4(!C&Y]
Insert a test data, key is [persist.kvStaTest_730] data=[7!f#%'X/#7U43a#s4#8p]
Insert a test data, key is [persist.kvStaTest_731] data=[AA!g42bTVL87cJK!7#y9Q]
Insert a test data, key is [persist.kvStaTest_732] data=[NtP8uW#/",o(Iwqe"G&R+B]
Insert a test data, key is [persist.kvStaTest_733] data=[5tEivkXH/yMCp1%-U'#I9#k]
Insert a test data, key is [persist.kvStaTest_734] data=[R%L7p3#"rQweek8*MS903218]
Insert a test data, key is [persist.kvStaTest_735] data=[Z9x%2K!r#(T,8%!1(10"9"Y2/]
Insert a test data, key is [persist.kvStaTest_736] data=[-7"9!o'Dd.m7#Ioh2hPV"!z4NP]
Insert a test data, key is [persist.kvStaTest_737] data=[cvf2O!ucyA!/3#!B!656##MY%NK]
Insert a test data, key is [persist.kvStaTest_738] data=[Cs28JE0Y,#A4wf5#eKx'Y5L"a(d"]
Insert a test data, key is [persist.kvStaTest_739] data=[06&'j3sw8dO/%SZwV"#a)#7,1P(rY]
Insert a test data, key is [persist.kvStaTest_740] data=[h2z03E#49"4"*!#X!rV7]
Insert a test data, key is [persist.kvStaTest_741] data=[H-67"(13".%2xf0t!o"0)]
Insert a test data, key is [persist.kvStaTest_742] data=[V!!(G9u##9M#7Nz26#2*##]
Insert a test data, key is [persist.kvStaTest_743] data=[##Ew&Dq2.&!.!/.990*(/.E]
Insert a test data, key is [persist.kvStaTest_744] data=[/"Er("8%nW"(A)EWt9-H!4Yv]
Insert a test data, key is [persist.kvStaTest_745] data=["V"12#XU"h#)o##*8"0rI/J2S]
Insert a test data, key is [persist.kvStaTest_746] data=[y"'t48'#j#L+#801bT#Qhi!6,p]
Insert a test data, key is [persist.kvStaTest_747] data=[n%2#WIS2'3#0G(!/!4)mBoN//f+]
Insert a test data, key is [persist.kvStaTest_748] data=[Bd!lP/*/"bZ#2,BckIl3Dr"4Y4kn]
Insert a test data, key is [persist.kvStaTest_749] data=[07'"8!!((##E8w#'1,#B&"6"N8-31]
Insert a test data, key is [persist.kvStaTest_750] data=[&+yq.U!#"r#gyr(Z6%i5]
Insert a test data, key is [persist.kvStaTest_751] data=[A"Z'2G0Gpa0KLM0/!ou+L]
Insert a test data, key is [persist.kvStaTest_752] data=[#e5O.K#r-V1"#zm"-6!1d"]
Insert a test data, key is [persist.kvStaTest_753] data=[05C'A"7k#%.ot5n6e954y!%]
Insert a test data, key is [persist.kvStaTest_754] data=[&xpuOE*.!4*r3C./90XM+"8A]
Insert a test data, key is [persist.kvStaTest_755] data=[+%"10xI8!P%dFa625/6Wdoft7]
Insert a test data, key is [persist.kvStaTest_756] data=["p'8"aPy8n5,e%#%T2!"#AFy"J]
Insert a test data, key is [persist.kvStaTest_757] data=[+1-CG"#d0pQ%&&Pk!Gy*1"""!#']
Insert a test data, key is [persist.kvStaTest_758] data=[l&opE##"au'"47lqmM&O6)V"j2,,]
Insert a test data, key is [persist.kvStaTest_759] data=[x,,)"!*1!S0#ec3#"z!(tA6!-Q'.!]
Insert a test data, key is [persist.kvStaTest_760] data=[/SN3K&-W(!8d+y75%)7l]
Insert a test data, key is [persist.kvStaTest_761] data=[U4%Z!!064!/#4!u!!V#"*]
Insert a test data, key is [persist.kvStaTest_762] data=[&S4c"!9&V1!&D"OC3v#9Dl]
Insert a test data, key is [persist.kvStaTest_763] data=[6K,k##+Y"0#ok8#"-b8-68!]
Insert a test data, key is [persist.kvStaTest_764] data=[q2#'L54!a56I("k&#J#8"S#V]
Insert a test data, key is [persist.kvStaTest_765] data=["Hq*H'rdQ)w!#s"8M)B,9n!"R]
Insert a test data, key is [persist.kvStaTest_766] data=[!/QVH'6,L5/,N9wT8B-"-,ZV!k]
Insert a test data, key is [persist.kvStaTest_767] data=[!4(!C&Y7!f#%'X/#7U43a#s4#8p]
Insert a test data, key is [persist.kvStaTest_768] data=[AA!g42bTVL87cJK!7#y9QNtP8uW#]
Insert a test data, key is [persist.kvStaTest_769] data=[/",o(Iwqe"G&R+B5tEivkXH/yMCp1]
Insert a test data, key is [persist.kvStaTest_770] data=[%-U'#I9#kR%L7p3#"rQw]
Insert a test data, key is [persist.kvStaTest_771] data=[eek8*MS903218Z9x%2K!r]
Insert a test data, key is [persist.kvStaTest_772] data=[#(T,8%!1(10"9"Y2/-7"9!]
Insert a test data, key is [persist.kvStaTest_773] data=[o'Dd.m7#Ioh2hPV"!z4NPcv]
Insert a test data, key is [persist.kvStaTest_774] data=[f2O!ucyA!/3#!B!656##MY%N]
Insert a test data, key is [persist.kvStaTest_775] data=[KCs28JE0Y,#A4wf5#eKx'Y5L"]
Insert a test data, key is [persist.kvStaTest_776] data=[a(d"06&'j3sw8dO/%SZwV"#a)#]
Insert a test data, key is [persist.kvStaTest_777] data=[7,1P(rYh2z03E#49"4"*!#X!rV7]
Insert a test data, key is [persist.kvStaTest_778] data=[H-67"(13".%2xf0t!o"0)V!!(G9u]
Insert a test data, key is [persist.kvStaTest_779] data=[##9M#7Nz26#2*####Ew&Dq2.&!.!/]
Insert a test data, key is [persist.kvStaTest_780] data=[.990*(/.E/"Er("8%nW"]
Insert a test data, key is [persist.kvStaTest_781] data=[(A)EWt9-H!4Yv"V"12#XU]
Insert a test data, key is [persist.kvStaTest_782] data=["h#)o##*8"0rI/J2Sy"'t4]
Insert a test data, key is [persist.kvStaTest_783] data=[8'#j#L+#801bT#Qhi!6,pn%]
Insert a test data, key is [persist.kvStaTest_784] data=[2#WIS2'3#0G(!/!4)mBoN//f]
Insert a test data, key is [persist.kvStaTest_785] data=[+Bd!lP/*/"bZ#2,BckIl3Dr"4]
Insert a test data, key is [persist.kvStaTest_786] data=[Y4kn07'"8!!((##E8w#'1,#B&"]
Insert a test data, key is [persist.kvStaTest_787] data=[6"N8-31&+yq.U!#"r#gyr(Z6%i5]
Insert a test data, key is [persist.kvStaTest_788] data=[A"Z'2G0Gpa0KLM0/!ou+L#e5O.K#]
Insert a test data, key is [persist.kvStaTest_789] data=[r-V1"#zm"-6!1d"05C'A"7k#%.ot5]
Insert a test data, key is [persist.kvStaTest_790] data=[n6e954y!%&xpuOE*.!4*]
Insert a test data, key is [persist.kvStaTest_791] data=[r3C./90XM+"8A+%"10xI8]
Insert a test data, key is [persist.kvStaTest_792] data=[!P%dFa625/6Wdoft7"p'8"]
Insert a test data, key is [persist.kvStaTest_793] data=[aPy8n5,e%#%T2!"#AFy"J+1]
Insert a test data, key is [persist.kvStaTest_794] data=[-CG"#d0pQ%&&Pk!Gy*1"""!#]
Insert a test data, key is [persist.kvStaTest_795] data=['l&opE##"au'"47lqmM&O6)V"]
Insert a test data, key is [persist.kvStaTest_796] data=[j2,,x,,)"!*1!S0#ec3#"z!(tA]
Insert a test data, key is [persist.kvStaTest_797] data=[6!-Q'.!/SN3K&-W(!8d+y75%)7l]
Insert a test data, key is [persist.kvStaTest_798] data=[U4%Z!!064!/#4!u!!V#"*&S4c"!9]
Insert a test data, key is [persist.kvStaTest_799] data=[&V1!&D"OC3v#9Dl6K,k##+Y"0#ok8]
Insert a test data, key is [persist.kvStaTest_800] data=[#"-b8-68!q2#'L54!a56]
Insert a test data, key is [persist.kvStaTest_801] data=[I("k&#J#8"S#V"Hq*H'rd]
Insert a test data, key is [persist.kvStaTest_802] data=[Q)w!#s"8M)B,9n!"R!/QVH]
Insert a test data, key is [persist.kvStaTest_803] data=['6,L5/,N9wT8B-"-,ZV!k!4]
Insert a test data, key is [persist.kvStaTest_804] data=[(!C&Y7!f#%'X/#7U43a#s4#8]
Insert a test data, key is [persist.kvStaTest_805] data=[pAA!g42bTVL87cJK!7#y9QNtP]
Insert a test data, key is [persist.kvStaTest_806] data=[8uW#/",o(Iwqe"G&R+B5tEivkX]
Insert a test data, key is [persist.kvStaTest_807] data=[H/yMCp1%-U'#I9#kR%L7p3#"rQw]
Insert a test data, key is [persist.kvStaTest_808] data=[eek8*MS903218Z9x%2K!r#(T,8%!]
Insert a test data, key is [persist.kvStaTest_809] data=[1(10"9"Y2/-7"9!o'Dd.m7#Ioh2hP]
Insert a test data, key is [persist.kvStaTest_810] data=[V"!z4NPcvf2O!ucyA!/3]
Insert a test data, key is [persist.kvStaTest_811] data=[#!B!656##MY%NKCs28JE0]
Insert a test data, key is [persist.kvStaTest_812] data=[Y,#A4wf5#eKx'Y5L"a(d"0]
Insert a test data, key is [persist.kvStaTest_813] data=[6&'j3sw8dO/%SZwV"#a)#7,]
Insert a test data, key is [persist.kvStaTest_814] data=[1P(rYh2z03E#49"4"*!#X!rV]
Insert a test data, key is [persist.kvStaTest_815] data=[7H-67"(13".%2xf0t!o"0)V!!]
Insert a test data, key is [persist.kvStaTest_816] data=[(G9u##9M#7Nz26#2*####Ew&Dq]
Insert a test data, key is [persist.kvStaTest_817] data=[2.&!.!/.990*(/.E/"Er("8%nW"]
Insert a test data, key is [persist.kvStaTest_818] data=[(A)EWt9-H!4Yv"V"12#XU"h#)o##]
Insert a test data, key is [persist.kvStaTest_819] data=[*8"0rI/J2Sy"'t48'#j#L+#801bT#]
Insert a test data, key is [persist.kvStaTest_820] data=[Qhi!6,pn%2#WIS2'3#0G]
Insert a test data, key is [persist.kvStaTest_821] data=[(!/!4)mBoN//f+Bd!lP/*]
Insert a test data, key is [persist.kvStaTest_822] data=[/"bZ#2,BckIl3Dr"4Y4kn0]
Insert a test data, key is [persist.kvStaTest_823] data=[7'"8!!((##E8w#'1,#B&"6"]
Insert a test data, key is [persist.kvStaTest_824] data=[N8-31&+yq.U!#"r#gyr(Z6%i]
Insert a test data, key is [persist.kvStaTest_825] data=[5A"Z'2G0Gpa0KLM0/!ou+L#e5]
Insert a test data, key is [persist.kvStaTest_826] data=[O.K#r-V1"#zm"-6!1d"05C'A"7]
Insert a test data, key is [persist.kvStaTest_827] data=[k#%.ot5n6e954y!%&xpuOE*.!4*]
Insert a test data, key is [persist.kvStaTest_828] data=[r3C./90XM+"8A+%"10xI8!P%dFa6]
Insert a test data, key is [persist.kvStaTest_829] data=[25/6Wdoft7"p'8"aPy8n5,e%#%T2!]
Insert a test data, key is [persist.kvStaTest_830] data=["#AFy"J+1-CG"#d0pQ%&]
Insert a test data, key is [persist.kvStaTest_831] data=[&Pk!Gy*1"""!#'l&opE##]
Insert a test data, key is [persist.kvStaTest_832] data=["au'"47lqmM&O6)V"j2,,x]
Insert a test data, key is [persist.kvStaTest_833] data=[,,)"!*1!S0#ec3#"z!(tA6!]
Insert a test data, key is [persist.kvStaTest_834] data=[-Q'.!/SN3K&-W(!8d+y75%)7]
Insert a test data, key is [persist.kvStaTest_835] data=[lU4%Z!!064!/#4!u!!V#"*&S4]
Insert a test data, key is [persist.kvStaTest_836] data=[c"!9&V1!&D"OC3v#9Dl6K,k##+]
Insert a test data, key is [persist.kvStaTest_837] data=[Y"0#ok8#"-b8-68!q2#'L54!a56]
Insert a test data, key is [persist.kvStaTest_838] data=[I("k&#J#8"S#V"Hq*H'rdQ)w!#s"]
Insert a test data, key is [persist.kvStaTest_839] data=[8M)B,9n!"R!/QVH'6,L5/,N9wT8B-]
Insert a test data, key is [persist.kvStaTest_840] data=["-,ZV!k!4(!C&Y7!f#%']
Insert a test data, key is [persist.kvStaTest_841] data=[X/#7U43a#s4#8pAA!g42b]
Insert a test data, key is [persist.kvStaTest_842] data=[TVL87cJK!7#y9QNtP8uW#/]
Insert a test data, key is [persist.kvStaTest_843] data=[",o(Iwqe"G&R+B5tEivkXH/]
Insert a test data, key is [persist.kvStaTest_844] data=[yMCp1%-U'#I9#kR%L7p3#"rQ]
Insert a test data, key is [persist.kvStaTest_845] data=[week8*MS903218Z9x%2K!r#(T]
Insert a test data, key is [persist.kvStaTest_846] data=[,8%!1(10"9"Y2/-7"9!o'Dd.m7]
Insert a test data, key is [persist.kvStaTest_847] data=[#Ioh2hPV"!z4NPcvf2O!ucyA!/3]
Insert a test data, key is [persist.kvStaTest_848] data=[#!B!656##MY%NKCs28JE0Y,#A4wf]
Insert a test data, key is [persist.kvStaTest_849] data=[5#eKx'Y5L"a(d"06&'j3sw8dO/%SZ]
Insert a test data, key is [persist.kvStaTest_850] data=[wV"#a)#7,1P(rYh2z03E]
Insert a test data, key is [persist.kvStaTest_851] data=[#49"4"*!#X!rV7H-67"(1]
Insert a test data, key is [persist.kvStaTest_852] data=[3".%2xf0t!o"0)V!!(G9u#]
Insert a test data, key is [persist.kvStaTest_853] data=[#9M#7Nz26#2*####Ew&Dq2.]
Insert a test data, key is [persist.kvStaTest_854] data=[&!.!/.990*(/.E/"Er("8%nW]
Insert a test data, key is [persist.kvStaTest_855] data=["(A)EWt9-H!4Yv"V"12#XU"h#]
Insert a test data, key is [persist.kvStaTest_856] data=[)o##*8"0rI/J2Sy"'t48'#j#L+]
Insert a test data, key is [persist.kvStaTest_857] data=[#801bT#Qhi!6,pn%2#WIS2'3#0G]
Insert a test data, key is [persist.kvStaTest_858] data=[(!/!4)mBoN//f+Bd!lP/*/"bZ#2,]
Insert a test data, key is [persist.kvStaTest_859] data=[BckIl3Dr"4Y4kn07'"8!!((##E8w#]
Insert a test data, key is [persist.kvStaTest_860] data=['1,#B&"6"N8-31&+yq.U]
Insert a test data, key is [persist.kvStaTest_861] data=[!#"r#gyr(Z6%i5A"Z'2G0]
Insert a test data, key is [persist.kvStaTest_862] data=[Gpa0KLM0/!ou+L#e5O.K#r]
Insert a test data, key is [persist.kvStaTest_863] data=[-V1"#zm"-6!1d"05C'A"7k#]
Insert a test data, key is [persist.kvStaTest_864] data=[%.ot5n6e954y!%&xpuOE*.!4]
Insert a test data, key is [persist.kvStaTest_865] data=[*r3C./90XM+"8A+%"10xI8!P%]
Insert a test data, key is [persist.kvStaTest_866] data=[dFa625/6Wdoft7"p'8"aPy8n5,]
Insert a test data, key is [persist.kvStaTest_867] data=[e%#%T2!"#AFy"J+1-CG"#d0pQ%&]
Insert a test data, key is [persist.kvStaTest_868] data=[&Pk!Gy*1"""!#'l&opE##"au'"47]
Insert a test data, key is [persist.kvStaTest_869] data=[lqmM&O6)V"j2,,x,,)"!*1!S0#ec3]
Insert a test data, key is [persist.kvStaTest_870] data=[#"z!(tA6!-Q'.!/SN3K&]
Insert a test data, key is [persist.kvStaTest_871] data=[-W(!8d+y75%)7lU4%Z!!0]
Insert a test data, key is [persist.kvStaTest_872] data=[64!/#4!u!!V#"*&S4c"!9&]
Insert a test data, key is [persist.kvStaTest_873] data=[V1!&D"OC3v#9Dl6K,k##+Y"]
Insert a test data, key is [persist.kvStaTest_874] data=[0#ok8#"-b8-68!q2#'L54!a5]
Insert a test data, key is [persist.kvStaTest_875] data=[6I("k&#J#8"S#V"Hq*H'rdQ)w]
Insert a test data, key is [persist.kvStaTest_876] data=[!#s"8M)B,9n!"R!/QVH'6,L5/,]
Insert a test data, key is [persist.kvStaTest_877] data=[N9wT8B-"-,ZV!k!4(!C&Y7!f#%']
Insert a test data, key is [persist.kvStaTest_878] data=[X/#7U43a#s4#8pAA!g42bTVL87cJ]
Insert a test data, key is [persist.kvStaTest_879] data=[K!7#y9QNtP8uW#/",o(Iwqe"G&R+B]
Insert a test data, key is [persist.kvStaTest_880] data=[5tEivkXH/yMCp1%-U'#I]
Insert a test data, key is [persist.kvStaTest_881] data=[9#kR%L7p3#"rQweek8*MS]
Insert a test data, key is [persist.kvStaTest_882] data=[903218Z9x%2K!r#(T,8%!1]
Insert a test data, key is [persist.kvStaTest_883] data=[(10"9"Y2/-7"9!o'Dd.m7#I]
Insert a test data, key is [persist.kvStaTest_884] data=[oh2hPV"!z4NPcvf2O!ucyA!/]
Insert a test data, key is [persist.kvStaTest_885] data=[3#!B!656##MY%NKCs28JE0Y,#]
Insert a test data, key is [persist.kvStaTest_886] data=[A4wf5#eKx'Y5L"a(d"06&'j3sw]
Insert a test data, key is [persist.kvStaTest_887] data=[8dO/%SZwV"#a)#7,1P(rYh2z03E]
Insert a test data, key is [persist.kvStaTest_888] data=[#49"4"*!#X!rV7H-67"(13".%2xf]
Insert a test data, key is [persist.kvStaTest_889] data=[0t!o"0)V!!(G9u##9M#7Nz26#2*##]
Insert a test data, key is [persist.kvStaTest_890] data=[##Ew&Dq2.&!.!/.990*(]
Insert a test data, key is [persist.kvStaTest_891] data=[/.E/"Er("8%nW"(A)EWt9]
Insert a test data, key is [persist.kvStaTest_892] data=[-H!4Yv"V"12#XU"h#)o##*]
Insert a test data, key is [persist.kvStaTest_893] data=[8"0rI/J2Sy"'t48'#j#L+#8]
Insert a test data, key is [persist.kvStaTest_894] data=[01bT#Qhi!6,pn%2#WIS2'3#0]
Insert a test data, key is [persist.kvStaTest_895] data=[G(!/!4)mBoN//f+Bd!lP/*/"b]
Insert a test data, key is [persist.kvStaTest_896] data=[Z#2,BckIl3Dr"4Y4kn07'"8!!(]
Insert a test data, key is [persist.kvStaTest_897] data=[(##E8w#'1,#B&"6"N8-31&+yq.U]
Insert a test data, key is [persist.kvStaTest_898] data=[!#"r#gyr(Z6%i5A"Z'2G0Gpa0KLM]
Insert a test data, key is [persist.kvStaTest_899] data=[0/!ou+L#e5O.K#r-V1"#zm"-6!1d"]
Insert a test data, key is [persist.kvStaTest_900] data=[05C'A"7k#%.ot5n6e954]
Insert a test data, key is [persist.kvStaTest_901] data=[y!%&xpuOE*.!4*r3C./90]
Insert a test data, key is [persist.kvStaTest_902] data=[XM+"8A+%"10xI8!P%dFa62]
Insert a test data, key is [persist.kvStaTest_903] data=[5/6Wdoft7"p'8"aPy8n5,e%]
Insert a test data, key is [persist.kvStaTest_904] data=[#%T2!"#AFy"J+1-CG"#d0pQ%]
Insert a test data, key is [persist.kvStaTest_905] data=[&&Pk!Gy*1"""!#'l&opE##"au]
Insert a test data, key is [persist.kvStaTest_906] data=['"47lqmM&O6)V"j2,,x,,)"!*1]
Insert a test data, key is [persist.kvStaTest_907] data=[!S0#ec3#"z!(tA6!-Q'.!/SN3K&]
Insert a test data, key is [persist.kvStaTest_908] data=[-W(!8d+y75%)7lU4%Z!!064!/#4!]
Insert a test data, key is [persist.kvStaTest_909] data=[u!!V#"*&S4c"!9&V1!&D"OC3v#9Dl]
Insert a test data, key is [persist.kvStaTest_910] data=[6K,k##+Y"0#ok8#"-b8-]
Insert a test data, key is [persist.kvStaTest_911] data=[68!q2#'L54!a56I("k&#J]
Insert a test data, key is [persist.kvStaTest_912] data=[#8"S#V"Hq*H'rdQ)w!#s"8]
Insert a test data, key is [persist.kvStaTest_913] data=[M)B,9n!"R!/QVH'6,L5/,N9]
Insert a test data, key is [persist.kvStaTest_914] data=[wT8B-"-,ZV!k!4(!C&Y7!f#%]
Insert a test data, key is [persist.kvStaTest_915] data=['X/#7U43a#s4#8pAA!g42bTVL]
Insert a test data, key is [persist.kvStaTest_916] data=[87cJK!7#y9QNtP8uW#/",o(Iwq]
Insert a test data, key is [persist.kvStaTest_917] data=[e"G&R+B5tEivkXH/yMCp1%-U'#I]
Insert a test data, key is [persist.kvStaTest_918] data=[9#kR%L7p3#"rQweek8*MS903218Z]
Insert a test data, key is [persist.kvStaTest_919] data=[9x%2K!r#(T,8%!1(10"9"Y2/-7"9!]
Insert a test data, key is [persist.kvStaTest_920] data=[o'Dd.m7#Ioh2hPV"!z4N]
Insert a test data, key is [persist.kvStaTest_921] data=[Pcvf2O!ucyA!/3#!B!656]
Insert a test data, key is [persist.kvStaTest_922] data=[##MY%NKCs28JE0Y,#A4wf5]
Insert a test data, key is [persist.kvStaTest_923] data=[#eKx'Y5L"a(d"06&'j3sw8d]
Insert a test data, key is [persist.kvStaTest_924] data=[O/%SZwV"#a)#7,1P(rYh2z03]
Insert a test data, key is [persist.kvStaTest_925] data=[E#49"4"*!#X!rV7H-67"(13".]
Insert a test data, key is [persist.kvStaTest_926] data=[%2xf0t!o"0)V!!(G9u##9M#7Nz]
Insert a test data, key is [persist.kvStaTest_927] data=[26#2*####Ew&Dq2.&!.!/.990*(]
Insert a test data, key is [persist.kvStaTest_928] data=[/.E/"Er("8%nW"(A)EWt9-H!4Yv"]
Insert a test data, key is [persist.kvStaTest_929] data=[V"12#XU"h#)o##*8"0rI/J2Sy"'t4]
Insert a test data, key is [persist.kvStaTest_930] data=[8'#j#L+#801bT#Qhi!6,]
Insert a test data, key is [persist.kvStaTest_931] data=[pn%2#WIS2'3#0G(!/!4)m]
Insert a test data, key is [persist.kvStaTest_932] data=[BoN//f+Bd!lP/*/"bZ#2,B]
Insert a test data, key is [persist.kvStaTest_933] data=[ckIl3Dr"4Y4kn07'"8!!((#]
Insert a test data, key is [persist.kvStaTest_934] data=[#E8w#'1,#B&"6"N8-31&+yq.]
Insert a test data, key is [persist.kvStaTest_935] data=[U!#"r#gyr(Z6%i5A"Z'2G0Gpa]
Insert a test data, key is [persist.kvStaTest_936] data=[0KLM0/!ou+L#e5O.K#r-V1"#zm]
Insert a test data, key is [persist.kvStaTest_937] data=["-6!1d"05C'A"7k#%.ot5n6e954]
Insert a test data, key is [persist.kvStaTest_938] data=[y!%&xpuOE*.!4*r3C./90XM+"8A+]
Insert a test data, key is [persist.kvStaTest_939] data=[%"10xI8!P%dFa625/6Wdoft7"p'8"]
Insert a test data, key is [persist.kvStaTest_940] data=[aPy8n5,e%#%T2!"#AFy"]
Insert a test data, key is [persist.kvStaTest_941] data=[J+1-CG"#d0pQ%&&Pk!Gy*]
Insert a test data, key is [persist.kvStaTest_942] data=[1"""!#'l&opE##"au'"47l]
Insert a test data, key is [persist.kvStaTest_943] data=[qmM&O6)V"j2,,x,,)"!*1!S]
Insert a test data, key is [persist.kvStaTest_944] data=[0#ec3#"z!(tA6!-Q'.!/SN3K]
Insert a test data, key is [persist.kvStaTest_945] data=[&-W(!8d+y75%)7lU4%Z!!064!]
Insert a test data, key is [persist.kvStaTest_946] data=[/#4!u!!V#"*&S4c"!9&V1!&D"O]
Insert a test data, key is [persist.kvStaTest_947] data=[C3v#9Dl6K,k##+Y"0#ok8#"-b8-]
Insert a test data, key is [persist.kvStaTest_948] data=[68!q2#'L54!a56I("k&#J#8"S#V"]
Insert a test data, key is [persist.kvStaTest_949] data=[Hq*H'rdQ)w!#s"8M)B,9n!"R!/QVH]
Insert a test data, key is [persist.kvStaTest_950] data=['6,L5/,N9wT8B-"-,ZV!]
Insert a test data, key is [persist.kvStaTest_951] data=[k!4(!C&Y7!f#%'X/#7U43]
Insert a test data, key is [persist.kvStaTest_952] data=[a#s4#8pAA!g42bTVL87cJK]
Insert a test data, key is [persist.kvStaTest_953] data=[!7#y9QNtP8uW#/",o(Iwqe"]
Insert a test data, key is [persist.kvStaTest_954] data=[G&R+B5tEivkXH/yMCp1%-U'#]
Insert a test data, key is [persist.kvStaTest_955] data=[I9#kR%L7p3#"rQweek8*MS903]
Insert a test data, key is [persist.kvStaTest_956] data=[218Z9x%2K!r#(T,8%!1(10"9"Y]
Insert a test data, key is [persist.kvStaTest_957] data=[2/-7"9!o'Dd.m7#Ioh2hPV"!z4N]
Insert a test data, key is [persist.kvStaTest_958] data=[Pcvf2O!ucyA!/3#!B!656##MY%NK]
Insert a test data, key is [persist.kvStaTest_959] data=[Cs28JE0Y,#A4wf5#eKx'Y5L"a(d"0]
Insert a test data, key is [persist.kvStaTest_960] data=[6&'j3sw8dO/%SZwV"#a)]
Insert a test data, key is [persist.kvStaTest_961] data=[#7,1P(rYh2z03E#49"4"*]
Insert a test data, key is [persist.kvStaTest_962] data=[!#X!rV7H-67"(13".%2xf0]
Insert a test data, key is [persist.kvStaTest_963] data=[t!o"0)V!!(G9u##9M#7Nz26]
Insert a test data, key is [persist.kvStaTest_964] data=[#2*####Ew&Dq2.&!.!/.990*]
Insert a test data, key is [persist.kvStaTest_965] data=[(/.E/"Er("8%nW"(A)EWt9-H!]
Insert a test data, key is [persist.kvStaTest_966] data=[4Yv"V"12#XU"h#)o##*8"0rI/J]
Insert a test data, key is [persist.kvStaTest_967] data=[2Sy"'t48'#j#L+#801bT#Qhi!6,]
Insert a test data, key is [persist.kvStaTest_968] data=[pn%2#WIS2'3#0G(!/!4)mBoN//f+]
Insert a test data, key is [persist.kvStaTest_969] data=[Bd!lP/*/"bZ#2,BckIl3Dr"4Y4kn0]
Insert a test data, key is [persist.kvStaTest_970] data=[7'"8!!((##E8w#'1,#B&]
Insert a test data, key is [persist.kvStaTest_971] data=["6"N8-31&+yq.U!#"r#gy]
Insert a test data, key is [persist.kvStaTest_972] data=[r(Z6%i5A"Z'2G0Gpa0KLM0]
Insert a test data, key is [persist.kvStaTest_973] data=[/!ou+L#e5O.K#r-V1"#zm"-]
Insert a test data, key is [persist.kvStaTest_974] data=[6!1d"05C'A"7k#%.ot5n6e95]
Insert a test data, key is [persist.kvStaTest_975] data=[4y!%&xpuOE*.!4*r3C./90XM+]
Insert a test data, key is [persist.kvStaTest_976] data=["8A+%"10xI8!P%dFa625/6Wdof]
Insert a test data, key is [persist.kvStaTest_977] data=[t7"p'8"aPy8n5,e%#%T2!"#AFy"]
Insert a test data, key is [persist.kvStaTest_978] data=[J+1-CG"#d0pQ%&&Pk!Gy*1"""!#']
Insert a test data, key is [persist.kvStaTest_979] data=[l&opE##"au'"47lqmM&O6)V"j2,,x]
Insert a test data, key is [persist.kvStaTest_980] data=[,,)"!*1!S0#ec3#"z!(t]
Insert a test data, key is [persist.kvStaTest_981] data=[A6!-Q'.!/SN3K&-W(!8d+]
Insert a test data, key is [persist.kvStaTest_982] data=[y75%)7lU4%Z!!064!/#4!u]
Insert a test data, key is [persist.kvStaTest_983] data=[!!V#"*&S4c"!9&V1!&D"OC3]
Insert a test data, key is [persist.kvStaTest_984] data=[v#9Dl6K,k##+Y"0#ok8#"-b8]
Insert a test data, key is [persist.kvStaTest_985] data=[-68!q2#'L54!a56I("k&#J#8"]
Insert a test data, key is [persist.kvStaTest_986] data=[S#V"Hq*H'rdQ)w!#s"8M)B,9n!]
Insert a test data, key is [persist.kvStaTest_987] data=["R!/QVH'6,L5/,N9wT8B-"-,ZV!]
Insert a test data, key is [persist.kvStaTest_988] data=[k!4(!C&Y7!f#%'X/#7U43a#s4#8p]
Insert a test data, key is [persist.kvStaTest_989] data=[AA!g42bTVL87cJK!7#y9QNtP8uW#/]
Insert a test data, key is [persist.kvStaTest_990] data=[",o(Iwqe"G&R+B5tEivk]
Insert a test data, key is [persist.kvStaTest_991] data=[XH/yMCp1%-U'#I9#kR%L7]
Insert a test data, key is [persist.kvStaTest_992] data=[p3#"rQweek8*MS903218Z9]
Insert a test data, key is [persist.kvStaTest_993] data=[x%2K!r#(T,8%!1(10"9"Y2/]
Insert a test data, key is [persist.kvStaTest_994] data=[-7"9!o'Dd.m7#Ioh2hPV"!z4]
Insert a test data, key is [persist.kvStaTest_995] data=[NPcvf2O!ucyA!/3#!B!656##M]
Insert a test data, key is [persist.kvStaTest_996] data=[Y%NKCs28JE0Y,#A4wf5#eKx'Y5]
Insert a test data, key is [persist.kvStaTest_997] data=[L"a(d"06&'j3sw8dO/%SZwV"#a)]
Insert a test data, key is [persist.kvStaTest_998] data=[#7,1P(rYh2z03E#49"4"*!#X!rV7]
Insert a test data, key is [persist.kvStaTest_999] data=[H-67"(13".%2xf0t!o"0)V!!(G9u#]
Insert a test data, key is [persist.kvStaTest_1000] data=[#9M#7Nz26#2*####Ew&D]
Insert a test data, key is [persist.kvStaTest_1001] data=[q2.&!.!/.990*(/.E/"Er]
Insert a test data, key is [persist.kvStaTest_1002] data=[("8%nW"(A)EWt9-H!4Yv"V]
Insert a test data, key is [persist.kvStaTest_1003] data=["12#XU"h#)o##*8"0rI/J2S]
Insert a test data, key is [persist.kvStaTest_1004] data=[y"'t48'#j#L+#801bT#Qhi!6]
Insert a test data, key is [persist.kvStaTest_1005] data=[,pn%2#WIS2'3#0G(!/!4)mBoN]
Insert a test data, key is [persist.kvStaTest_1006] data=[//f+Bd!lP/*/"bZ#2,BckIl3Dr]
Insert a test data, key is [persist.kvStaTest_1007] data=["4Y4kn07'"8!!((##E8w#'1,#B&]
Insert a test data, key is [persist.kvStaTest_1008] data=["6"N8-31&+yq.U!#"r#gyr(Z6%i5]
Insert a test data, key is [persist.kvStaTest_1009] data=[A"Z'2G0Gpa0KLM0/!ou+L#e5O.K#r]
Insert a test data, key is [persist.kvStaTest_1010] data=[-V1"#zm"-6!1d"05C'A"]
Insert a test data, key is [persist.kvStaTest_1011] data=[7k#%.ot5n6e954y!%&xpu]
Insert a test data, key is [persist.kvStaTest_1012] data=[OE*.!4*r3C./90XM+"8A+%]
Insert a test data, key is [persist.kvStaTest_1013] data=["10xI8!P%dFa625/6Wdoft7]
Insert a test data, key is [persist.kvStaTest_1014] data=["p'8"aPy8n5,e%#%T2!"#AFy]
Insert a test data, key is [persist.kvStaTest_1015] data=["J+1-CG"#d0pQ%&&Pk!Gy*1""]
Insert a test data, key is [persist.kvStaTest_1016] data=["!#'l&opE##"au'"47lqmM&O6)]
Insert a test data, key is [persist.kvStaTest_1017] data=[V"j2,,x,,)"!*1!S0#ec3#"z!(t]
Insert a test data, key is [persist.kvStaTest_1018] data=[A6!-Q'.!/SN3K&-W(!8d+y75%)7l]
Insert a test data, key is [persist.kvStaTest_1019] data=[U4%Z!!064!/#4!u!!V#"*&S4c"!9&]
Insert a test data, key is [persist.kvStaTest_1020] data=[V1!&D"OC3v#9Dl6K,k##]
Insert a test data, key is [persist.kvStaTest_1021] data=[+Y"0#ok8#"-b8-68!q2#']
Insert a test data, key is [persist.kvStaTest_1022] data=[L54!a56I("k&#J#8"S#V"H]
Insert a test data, key is [persist.kvStaTest_1023] data=[q*H'rdQ)w!#s"8M)B,9n!"R]
Insert a test data, key is [persist.kvStaTest_1024] data=[!/QVH'6,L5/,N9wT8B-"-,ZV]
Insert a test data, key is [persist.kvStaTest_1025] data=[!k!4(!C&Y7!f#%'X/#7U43a#s]
Insert a test data, key is [persist.kvStaTest_1026] data=[4#8pAA!g42bTVL87cJK!7#y9QN]
Insert a test data, key is [persist.kvStaTest_1027] data=[tP8uW#/",o(Iwqe"G&R+B5tEivk]
Insert a test data, key is [persist.kvStaTest_1028] data=[XH/yMCp1%-U'#I9#kR%L7p3#"rQw]
Insert a test data, key is [persist.kvStaTest_1029] data=[eek8*MS903218Z9x%2K!r#(T,8%!1]
Insert a test data, key is [persist.kvStaTest_1030] data=[(10"9"Y2/-7"9!o'Dd.m]
Insert a test data, key is [persist.kvStaTest_1031] data=[7#Ioh2hPV"!z4NPcvf2O!]
Insert a test data, key is [persist.kvStaTest_1032] data=[ucyA!/3#!B!656##MY%NKC]
Insert a test data, key is [persist.kvStaTest_1033] data=[s28JE0Y,#A4wf5#eKx'Y5L"]
Insert a test data, key is [persist.kvStaTest_1034] data=[a(d"06&'j3sw8dO/%SZwV"#a]
Insert a test data, key is [persist.kvStaTest_1035] data=[)#7,1P(rYh2z03E#49"4"*!#X]
Insert a test data, key is [persist.kvStaTest_1036] data=[!rV7H-67"(13".%2xf0t!o"0)V]
Insert a test data, key is [persist.kvStaTest_1037] data=[!!(G9u##9M#7Nz26#2*####Ew&D]
Insert a test data, key is [persist.kvStaTest_1038] data=[q2.&!.!/.990*(/.E/"Er("8%nW"]
Insert a test data, key is [persist.kvStaTest_1039] data=[(A)EWt9-H!4Yv"V"12#XU"h#)o##*]
Insert a test data, key is [persist.kvStaTest_1040] data=[8"0rI/J2Sy"'t48'#j#L]
Insert a test data, key is [persist.kvStaTest_1041] data=[+#801bT#Qhi!6,pn%2#WI]
Insert a test data, key is [persist.kvStaTest_1042] data=[S2'3#0G(!/!4)mBoN//f+B]
Insert a test data, key is [persist.kvStaTest_1043] data=[d!lP/*/"bZ#2,BckIl3Dr"4]
Insert a test data, key is [persist.kvStaTest_1044] data=[Y4kn07'"8!!((##E8w#'1,#B]
Insert a test data, key is [persist.kvStaTest_1045] data=[&"6"N8-31&+yq.U!#"r#gyr(Z]
Insert a test data, key is [persist.kvStaTest_1046] data=[6%i5A"Z'2G0Gpa0KLM0/!ou+L#]
Insert a test data, key is [persist.kvStaTest_1047] data=[e5O.K#r-V1"#zm"-6!1d"05C'A"]
Insert a test data, key is [persist.kvStaTest_1048] data=[7k#%.ot5n6e954y!%&xpuOE*.!4*]
Insert a test data, key is [persist.kvStaTest_1049] data=[r3C./90XM+"8A+%"10xI8!P%dFa62]
Insert a test data, key is [persist.kvStaTest_1050] data=[5/6Wdoft7"p'8"aPy8n5]
Insert a test data, key is [persist.kvStaTest_1051] data=[,e%#%T2!"#AFy"J+1-CG"]
Insert a test data, key is [persist.kvStaTest_1052] data=[#d0pQ%&&Pk!Gy*1"""!#'l]
Insert a test data, key is [persist.kvStaTest_1053] data=[&opE##"au'"47lqmM&O6)V"]
Insert a test data, key is [persist.kvStaTest_1054] data=[j2,,x,,)"!*1!S0#ec3#"z!(]
Insert a test data, key is [persist.kvStaTest_1055] data=[tA6!-Q'.!/SN3K&-W(!8d+y75]
Insert a test data, key is [persist.kvStaTest_1056] data=[%)7lU4%Z!!064!/#4!u!!V#"*&]
Insert a test data, key is [persist.kvStaTest_1057] data=[S4c"!9&V1!&D"OC3v#9Dl6K,k##]
Insert a test data, key is [persist.kvStaTest_1058] data=[+Y"0#ok8#"-b8-68!q2#'L54!a56]
Insert a test data, key is [persist.kvStaTest_1059] data=[I("k&#J#8"S#V"Hq*H'rdQ)w!#s"8]
Insert a test data, key is [persist.kvStaTest_1060] data=[M)B,9n!"R!/QVH'6,L5/]
Insert a test data, key is [persist.kvStaTest_1061] data=[,N9wT8B-"-,ZV!k!4(!C&]
Insert a test data, key is [persist.kvStaTest_1062] data=[Y7!f#%'X/#7U43a#s4#8pA]
Insert a test data, key is [persist.kvStaTest_1063] data=[A!g42bTVL87cJK!7#y9QNtP]
Insert a test data, key is [persist.kvStaTest_1064] data=[8uW#/",o(Iwqe"G&R+B5tEiv]
Insert a test data, key is [persist.kvStaTest_1065] data=[kXH/yMCp1%-U'#I9#kR%L7p3#]
Insert a test data, key is [persist.kvStaTest_1066] data=["rQweek8*MS903218Z9x%2K!r#]
Insert a test data, key is [persist.kvStaTest_1067] data=[(T,8%!1(10"9"Y2/-7"9!o'Dd.m]
Insert a test data, key is [persist.kvStaTest_1068] data=[7#Ioh2hPV"!z4NPcvf2O!ucyA!/3]
Insert a test data, key is [persist.kvStaTest_1069] data=[#!B!656##MY%NKCs28JE0Y,#A4wf5]
Insert a test data, key is [persist.kvStaTest_1070] data=[#eKx'Y5L"a(d"06&'j3s]
Insert a test data, key is [persist.kvStaTest_1071] data=[w8dO/%SZwV"#a)#7,1P(r]
Insert a test data, key is [persist.kvStaTest_1072] data=[Yh2z03E#49"4"*!#X!rV7H]
Insert a test data, key is [persist.kvStaTest_1073] data=[-67"(13".%2xf0t!o"0)V!!]
Insert a test data, key is [persist.kvStaTest_1074] data=[(G9u##9M#7Nz26#2*####Ew&]
Insert a test data, key is [persist.kvStaTest_1075] data=[Dq2.&!.!/.990*(/.E/"Er("8]
Insert a test data, key is [persist.kvStaTest_1076] data=[%nW"(A)EWt9-H!4Yv"V"12#XU"]
Insert a test data, key is [persist.kvStaTest_1077] data=[h#)o##*8"0rI/J2Sy"'t48'#j#L]
Insert a test data, key is [persist.kvStaTest_1078] data=[+#801bT#Qhi!6,pn%2#WIS2'3#0G]
Insert a test data, key is [persist.kvStaTest_1079] data=[(!/!4)mBoN//f+Bd!lP/*/"bZ#2,B]
Insert a test data, key is [persist.kvStaTest_1080] data=[ckIl3Dr"4Y4kn07'"8!!]
Insert a test data, key is [persist.kvStaTest_1081] data=[((##E8w#'1,#B&"6"N8-3]
Insert a test data, key is [persist.kvStaTest_1082] data=[1&+yq.U!#"r#gyr(Z6%i5A]
Insert a test data, key is [persist.kvStaTest_1083] data=["Z'2G0Gpa0KLM0/!ou+L#e5]
Insert a test data, key is [persist.kvStaTest_1084] data=[O.K#r-V1"#zm"-6!1d"05C'A]
Insert a test data, key is [persist.kvStaTest_1085] data=["7k#%.ot5n6e954y!%&xpuOE*]
Insert a test data, key is [persist.kvStaTest_1086] data=[.!4*r3C./90XM+"8A+%"10xI8!]
Insert a test data, key is [persist.kvStaTest_1087] data=[P%dFa625/6Wdoft7"p'8"aPy8n5]
Insert a test data, key is [persist.kvStaTest_1088] data=[,e%#%T2!"#AFy"J+1-CG"#d0pQ%&]
Insert a test data, key is [persist.kvStaTest_1089] data=[&Pk!Gy*1"""!#'l&opE##"au'"47l]
Insert a test data, key is [persist.kvStaTest_1090] data=[qmM&O6)V"j2,,x,,)"!*]
Insert a test data, key is [persist.kvStaTest_1091] data=[1!S0#ec3#"z!(tA6!-Q'.]
Insert a test data, key is [persist.kvStaTest_1092] data=[!/SN3K&-W(!8d+y75%)7lU]
Insert a test data, key is [persist.kvStaTest_1093] data=[4%Z!!064!/#4!u!!V#"*&S4]
Insert a test data, key is [persist.kvStaTest_1094] data=[c"!9&V1!&D"OC3v#9Dl6K,k#]
Insert a test data, key is [persist.kvStaTest_1095] data=[#+Y"0#ok8#"-b8-68!q2#'L54]
Insert a test data, key is [persist.kvStaTest_1096] data=[!a56I("k&#J#8"S#V"Hq*H'rdQ]
Insert a test data, key is [persist.kvStaTest_1097] data=[)w!#s"8M)B,9n!"R!/QVH'6,L5/]
Insert a test data, key is [persist.kvStaTest_1098] data=[,N9wT8B-"-,ZV!k!4(!C&Y7!f#%']
Insert a test data, key is [persist.kvStaTest_1099] data=[X/#7U43a#s4#8pAA!g42bTVL87cJK]
Insert a test data, key is [persist.kvStaTest_1100] data=[!7#y9QNtP8uW#/",o(Iw]
Insert a test data, key is [persist.kvStaTest_1101] data=[qe"G&R+B5tEivkXH/yMCp]
Insert a test data, key is [persist.kvStaTest_1102] data=[1%-U'#I9#kR%L7p3#"rQwe]
Insert a test data, key is [persist.kvStaTest_1103] data=[ek8*MS903218Z9x%2K!r#(T]
Insert a test data, key is [persist.kvStaTest_1104] data=[,8%!1(10"9"Y2/-7"9!o'Dd.]
Insert a test data, key is [persist.kvStaTest_1105] data=[m7#Ioh2hPV"!z4NPcvf2O!ucy]
Insert a test data, key is [persist.kvStaTest_1106] data=[A!/3#!B!656##MY%NKCs28JE0Y]
Insert a test data, key is [persist.kvStaTest_1107] data=[,#A4wf5#eKx'Y5L"a(d"06&'j3s]
Insert a test data, key is [persist.kvStaTest_1108] data=[w8dO/%SZwV"#a)#7,1P(rYh2z03E]
Insert a test data, key is [persist.kvStaTest_1109] data=[#49"4"*!#X!rV7H-67"(13".%2xf0]
Insert a test data, key is [persist.kvStaTest_1110] data=[t!o"0)V!!(G9u##9M#7N]
Insert a test data, key is [persist.kvStaTest_1111] data=[z26#2*####Ew&Dq2.&!.!]
Insert a test data, key is [persist.kvStaTest_1112] data=[/.990*(/.E/"Er("8%nW"(]
Insert a test data, key is [persist.kvStaTest_1113] data=[A)EWt9-H!4Yv"V"12#XU"h#]
Insert a test data, key is [persist.kvStaTest_1114] data=[)o##*8"0rI/J2Sy"'t48'#j#]
Insert a test data, key is [persist.kvStaTest_1115] data=[L+#801bT#Qhi!6,pn%2#WIS2']
Insert a test data, key is [persist.kvStaTest_1116] data=[3#0G(!/!4)mBoN//f+Bd!lP/*/]
Insert a test data, key is [persist.kvStaTest_1117] data=["bZ#2,BckIl3Dr"4Y4kn07'"8!!]
Insert a test data, key is [persist.kvStaTest_1118] data=[((##E8w#'1,#B&"6"N8-31&+yq.U]
Insert a test data, key is [persist.kvStaTest_1119] data=[!#"r#gyr(Z6%i5A"Z'2G0Gpa0KLM0]
Insert a test data, key is [persist.kvStaTest_1120] data=[/!ou+L#e5O.K#r-V1"#z]
Insert a test data, key is [persist.kvStaTest_1121] data=[m"-6!1d"05C'A"7k#%.ot]
Insert a test data, key is [persist.kvStaTest_1122] data=[5n6e954y!%&xpuOE*.!4*r]
Insert a test data, key is [persist.kvStaTest_1123] data=[3C./90XM+"8A+%"10xI8!P%]
Insert a test data, key is [persist.kvStaTest_1124] data=[dFa625/6Wdoft7"p'8"aPy8n]
Insert a test data, key is [persist.kvStaTest_1125] data=[5,e%#%T2!"#AFy"J+1-CG"#d0]
Insert a test data, key is [persist.kvStaTest_1126] data=[pQ%&&Pk!Gy*1"""!#'l&opE##"]
Insert a test data, key is [persist.kvStaTest_1127] data=[au'"47lqmM&O6)V"j2,,x,,)"!*]
Insert a test data, key is [persist.kvStaTest_1128] data=[1!S0#ec3#"z!(tA6!-Q'.!/SN3K&]
Insert a test data, key is [persist.kvStaTest_1129] data=[-W(!8d+y75%)7lU4%Z!!064!/#4!u]
Insert a test data, key is [persist.kvStaTest_1130] data=[!!V#"*&S4c"!9&V1!&D"]
Insert a test data, key is [persist.kvStaTest_1131] data=[OC3v#9Dl6K,k##+Y"0#ok]
Insert a test data, key is [persist.kvStaTest_1132] data=[8#"-b8-68!q2#'L54!a56I]
Insert a test data, key is [persist.kvStaTest_1133] data=[("k&#J#8"S#V"Hq*H'rdQ)w]
Insert a test data, key is [persist.kvStaTest_1134] data=[!#s"8M)B,9n!"R!/QVH'6,L5]
Insert a test data, key is [persist.kvStaTest_1135] data=[/,N9wT8B-"-,ZV!k!4(!C&Y7!]
Insert a test data, key is [persist.kvStaTest_1136] data=[f#%'X/#7U43a#s4#8pAA!g42bT]
Insert a test data, key is [persist.kvStaTest_1137] data=[VL87cJK!7#y9QNtP8uW#/",o(Iw]
Insert a test data, key is [persist.kvStaTest_1138] data=[qe"G&R+B5tEivkXH/yMCp1%-U'#I]
Insert a test data, key is [persist.kvStaTest_1139] data=[9#kR%L7p3#"rQweek8*MS903218Z9]
Insert a test data, key is [persist.kvStaTest_1140] data=[x%2K!r#(T,8%!1(10"9"]
Insert a test data, key is [persist.kvStaTest_1141] data=[Y2/-7"9!o'Dd.m7#Ioh2h]
Insert a test data, key is [persist.kvStaTest_1142] data=[PV"!z4NPcvf2O!ucyA!/3#]
Insert a test data, key is [persist.kvStaTest_1143] data=[!B!656##MY%NKCs28JE0Y,#]
Insert a test data, key is [persist.kvStaTest_1144] data=[A4wf5#eKx'Y5L"a(d"06&'j3]
Insert a test data, key is [persist.kvStaTest_1145] data=[sw8dO/%SZwV"#a)#7,1P(rYh2]
Insert a test data, key is [persist.kvStaTest_1146] data=[z03E#49"4"*!#X!rV7H-67"(13]
Insert a test data, key is [persist.kvStaTest_1147] data=[".%2xf0t!o"0)V!!(G9u##9M#7N]
Insert a test data, key is [persist.kvStaTest_1148] data=[z26#2*####Ew&Dq2.&!.!/.990*(]
Insert a test data, key is [persist.kvStaTest_1149] data=[/.E/"Er("8%nW"(A)EWt9-H!4Yv"V]
Insert a test data, key is [persist.kvStaTest_1150] data=["12#XU"h#)o##*8"0rI/]
Insert a test data, key is [persist.kvStaTest_1151] data=[J2Sy"'t48'#j#L+#801bT]
Insert a test data, key is [persist.kvStaTest_1152] data=[#Qhi!6,pn%2#WIS2'3#0G(]
Insert a test data, key is [persist.kvStaTest_1153] data=[!/!4)mBoN//f+Bd!lP/*/"b]
Insert a test data, key is [persist.kvStaTest_1154] data=[Z#2,BckIl3Dr"4Y4kn07'"8!]
Insert a test data, key is [persist.kvStaTest_1155] data=[!((##E8w#'1,#B&"6"N8-31&+]
Insert a test data, key is [persist.kvStaTest_1156] data=[yq.U!#"r#gyr(Z6%i5A"Z'2G0G]
Insert a test data, key is [persist.kvStaTest_1157] data=[pa0KLM0/!ou+L#e5O.K#r-V1"#z]
Insert a test data, key is [persist.kvStaTest_1158] data=[m"-6!1d"05C'A"7k#%.ot5n6e954]
Insert a test data, key is [persist.kvStaTest_1159] data=[y!%&xpuOE*.!4*r3C./90XM+"8A+%]
Insert a test data, key is [persist.kvStaTest_1160] data=["10xI8!P%dFa625/6Wdo]
Insert a test data, key is [persist.kvStaTest_1161] data=[ft7"p'8"aPy8n5,e%#%T2]
Insert a test data, key is [persist.kvStaTest_1162] data=[!"#AFy"J+1-CG"#d0pQ%&&]
Insert a test data, key is [persist.kvStaTest_1163] data=[Pk!Gy*1"""!#'l&opE##"au]
Insert a test data, key is [persist.kvStaTest_1164] data=['"47lqmM&O6)V"j2,,x,,)"!]
Insert a test data, key is [persist.kvStaTest_1165] data=[*1!S0#ec3#"z!(tA6!-Q'.!/S]
Insert a test data, key is [persist.kvStaTest_1166] data=[N3K&-W(!8d+y75%)7lU4%Z!!06]
Insert a test data, key is [persist.kvStaTest_1167] data=[4!/#4!u!!V#"*&S4c"!9&V1!&D"]
Insert a test data, key is [persist.kvStaTest_1168] data=[OC3v#9Dl6K,k##+Y"0#ok8#"-b8-]
Insert a test data, key is [persist.kvStaTest_1169] data=[68!q2#'L54!a56I("k&#J#8"S#V"H]
Insert a test data, key is [persist.kvStaTest_1170] data=[q*H'rdQ)w!#s"8M)B,9n]
Insert a test data, key is [persist.kvStaTest_1171] data=[!"R!/QVH'6,L5/,N9wT8B]
Insert a test data, key is [persist.kvStaTest_1172] data=[-"-,ZV!k!4(!C&Y7!f#%'X]
Insert a test data, key is [persist.kvStaTest_1173] data=[/#7U43a#s4#8pAA!g42bTVL]
Insert a test data, key is [persist.kvStaTest_1174] data=[87cJK!7#y9QNtP8uW#/",o(I]
Insert a test data, key is [persist.kvStaTest_1175] data=[wqe"G&R+B5tEivkXH/yMCp1%-]
Insert a test data, key is [persist.kvStaTest_1176] data=[U'#I9#kR%L7p3#"rQweek8*MS9]
Insert a test data, key is [persist.kvStaTest_1177] data=[03218Z9x%2K!r#(T,8%!1(10"9"]
Insert a test data, key is [persist.kvStaTest_1178] data=[Y2/-7"9!o'Dd.m7#Ioh2hPV"!z4N]
Insert a test data, key is [persist.kvStaTest_1179] data=[Pcvf2O!ucyA!/3#!B!656##MY%NKC]
Insert a test data, key is [persist.kvStaTest_1180] data=[s28JE0Y,#A4wf5#eKx'Y]
Insert a test data, key is [persist.kvStaTest_1181] data=[5L"a(d"06&'j3sw8dO/%S]
Insert a test data, key is [persist.kvStaTest_1182] data=[ZwV"#a)#7,1P(rYh2z03E#]
Insert a test data, key is [persist.kvStaTest_1183] data=[49"4"*!#X!rV7H-67"(13".]
Insert a test data, key is [persist.kvStaTest_1184] data=[%2xf0t!o"0)V!!(G9u##9M#7]
Insert a test data, key is [persist.kvStaTest_1185] data=[Nz26#2*####Ew&Dq2.&!.!/.9]
Insert a test data, key is [persist.kvStaTest_1186] data=[90*(/.E/"Er("8%nW"(A)EWt9-]
Insert a test data, key is [persist.kvStaTest_1187] data=[H!4Yv"V"12#XU"h#)o##*8"0rI/]
Insert a test data, key is [persist.kvStaTest_1188] data=[J2Sy"'t48'#j#L+#801bT#Qhi!6,]
Insert a test data, key is [persist.kvStaTest_1189] data=[pn%2#WIS2'3#0G(!/!4)mBoN//f+B]
Insert a test data, key is [persist.kvStaTest_1190] data=[d!lP/*/"bZ#2,BckIl3D]
Insert a test data, key is [persist.kvStaTest_1191] data=[r"4Y4kn07'"8!!((##E8w]
Insert a test data, key is [persist.kvStaTest_1192] data=[#'1,#B&"6"N8-31&+yq.U!]
Insert a test data, key is [persist.kvStaTest_1193] data=[#"r#gyr(Z6%i5A"Z'2G0Gpa]
Insert a test data, key is [persist.kvStaTest_1194] data=[0KLM0/!ou+L#e5O.K#r-V1"#]
Insert a test data, key is [persist.kvStaTest_1195] data=[zm"-6!1d"05C'A"7k#%.ot5n6]
Insert a test data, key is [persist.kvStaTest_1196] data=[e954y!%&xpuOE*.!4*r3C./90X]
Insert a test data, key is [persist.kvStaTest_1197] data=[M+"8A+%"10xI8!P%dFa625/6Wdo]
Insert a test data, key is [persist.kvStaTest_1198] data=[ft7"p'8"aPy8n5,e%#%T2!"#AFy"]
Insert a test data, key is [persist.kvStaTest_1199] data=[J+1-CG"#d0pQ%&&Pk!Gy*1"""!#'l]
Insert a test data, key is [persist.kvStaTest_1200] data=[&opE##"au'"47lqmM&O6]
Insert a test data, key is [persist.kvStaTest_1201] data=[)V"j2,,x,,)"!*1!S0#ec]
Insert a test data, key is [persist.kvStaTest_1202] data=[3#"z!(tA6!-Q'.!/SN3K&-]
Insert a test data, key is [persist.kvStaTest_1203] data=[W(!8d+y75%)7lU4%Z!!064!]
Insert a test data, key is [persist.kvStaTest_1204] data=[/#4!u!!V#"*&S4c"!9&V1!&D]
Insert a test data, key is [persist.kvStaTest_1205] data=["OC3v#9Dl6K,k##+Y"0#ok8#"]
Insert a test data, key is [persist.kvStaTest_1206] data=[-b8-68!q2#'L54!a56I("k&#J#]
Insert a test data, key is [persist.kvStaTest_1207] data=[8"S#V"Hq*H'rdQ)w!#s"8M)B,9n]
Insert a test data, key is [persist.kvStaTest_1208] data=[!"R!/QVH'6,L5/,N9wT8B-"-,ZV!]
Insert a test data, key is [persist.kvStaTest_1209] data=[k!4(!C&Y7!f#%'X/#7U43a#s4#8pA]
Insert a test data, key is [persist.kvStaTest_1210] data=[A!g42bTVL87cJK!7#y9Q]
Insert a test data, key is [persist.kvStaTest_1211] data=[NtP8uW#/",o(Iwqe"G&R+]
Insert a test data, key is [persist.kvStaTest_1212] data=[B5tEivkXH/yMCp1%-U'#I9]
Insert a test data, key is [persist.kvStaTest_1213] data=[#kR%L7p3#"rQweek8*MS903]
Insert a test data, key is [persist.kvStaTest_1214] data=[218Z9x%2K!r#(T,8%!1(10"9]
Insert a test data, key is [persist.kvStaTest_1215] data=["Y2/-7"9!o'Dd.m7#Ioh2hPV"]
Insert a test data, key is [persist.kvStaTest_1216] data=[!z4NPcvf2O!ucyA!/3#!B!656#]
Insert a test data, key is [persist.kvStaTest_1217] data=[#MY%NKCs28JE0Y,#A4wf5#eKx'Y]
Insert a test data, key is [persist.kvStaTest_1218] data=[5L"a(d"06&'j3sw8dO/%SZwV"#a)]
Insert a test data, key is [persist.kvStaTest_1219] data=[#7,1P(rYh2z03E#49"4"*!#X!rV7H]
Insert a test data, key is [persist.kvStaTest_1220] data=[-67"(13".%2xf0t!o"0)]
Insert a test data, key is [persist.kvStaTest_1221] data=[V!!(G9u##9M#7Nz26#2*#]
Insert a test data, key is [persist.kvStaTest_1222] data=[###Ew&Dq2.&!.!/.990*(/]
Insert a test data, key is [persist.kvStaTest_1223] data=[.E/"Er("8%nW"(A)EWt9-H!]
Insert a test data, key is [persist.kvStaTest_1224] data=[4Yv"V"12#XU"h#)o##*8"0rI]
Insert a test data, key is [persist.kvStaTest_1225] data=[/J2Sy"'t48'#j#L+#801bT#Qh]
Insert a test data, key is [persist.kvStaTest_1226] data=[i!6,pn%2#WIS2'3#0G(!/!4)mB]
Insert a test data, key is [persist.kvStaTest_1227] data=[oN//f+Bd!lP/*/"bZ#2,BckIl3D]
Insert a test data, key is [persist.kvStaTest_1228] data=[r"4Y4kn07'"8!!((##E8w#'1,#B&]
Insert a test data, key is [persist.kvStaTest_1229] data=["6"N8-31&+yq.U!#"r#gyr(Z6%i5A]
Insert a test data, key is [persist.kvStaTest_1230] data=["Z'2G0Gpa0KLM0/!ou+L]
Insert a test data, key is [persist.kvStaTest_1231] data=[#e5O.K#r-V1"#zm"-6!1d]
Insert a test data, key is [persist.kvStaTest_1232] data=["05C'A"7k#%.ot5n6e954y]
Insert a test data, key is [persist.kvStaTest_1233] data=[!%&xpuOE*.!4*r3C./90XM+]
Insert a test data, key is [persist.kvStaTest_1234] data=["8A+%"10xI8!P%dFa625/6Wd]
Insert a test data, key is [persist.kvStaTest_1235] data=[oft7"p'8"aPy8n5,e%#%T2!"#]
Insert a test data, key is [persist.kvStaTest_1236] data=[AFy"J+1-CG"#d0pQ%&&Pk!Gy*1]
Insert a test data, key is [persist.kvStaTest_1237] data=["""!#'l&opE##"au'"47lqmM&O6]
Insert a test data, key is [persist.kvStaTest_1238] data=[)V"j2,,x,,)"!*1!S0#ec3#"z!(t]
Insert a test data, key is [persist.kvStaTest_1239] data=[A6!-Q'.!/SN3K&-W(!8d+y75%)7lU]
Insert a test data, key is [persist.kvStaTest_1240] data=[4%Z!!064!/#4!u!!V#"*]
Insert a test data, key is [persist.kvStaTest_1241] data=[&S4c"!9&V1!&D"OC3v#9D]
Insert a test data, key is [persist.kvStaTest_1242] data=[l6K,k##+Y"0#ok8#"-b8-6]
Insert a test data, key is [persist.kvStaTest_1243] data=[8!q2#'L54!a56I("k&#J#8"]
Insert a test data, key is [persist.kvStaTest_1244] data=[S#V"Hq*H'rdQ)w!#s"8M)B,9]
Insert a test data, key is [persist.kvStaTest_1245] data=[n!"R!/QVH'6,L5/,N9wT8B-"-]
Insert a test data, key is [persist.kvStaTest_1246] data=[,ZV!k!4(!C&Y7!f#%'X/#7U43a]
Insert a test data, key is [persist.kvStaTest_1247] data=[#s4#8pAA!g42bTVL87cJK!7#y9Q]
Insert a test data, key is [persist.kvStaTest_1248] data=[NtP8uW#/",o(Iwqe"G&R+B5tEivk]
Insert a test data, key is [persist.kvStaTest_1249] data=[XH/yMCp1%-U'#I9#kR%L7p3#"rQwe]
Insert a test data, key is [persist.kvStaTest_1250] data=[ek8*MS903218Z9x%2K!r]
Insert a test data, key is [persist.kvStaTest_1251] data=[#(T,8%!1(10"9"Y2/-7"9]
Insert a test data, key is [persist.kvStaTest_1252] data=[!o'Dd.m7#Ioh2hPV"!z4NP]
Insert a test data, key is [persist.kvStaTest_1253] data=[cvf2O!ucyA!/3#!B!656##M]
Insert a test data, key is [persist.kvStaTest_1254] data=[Y%NKCs28JE0Y,#A4wf5#eKx']
Insert a test data, key is [persist.kvStaTest_1255] data=[Y5L"a(d"06&'j3sw8dO/%SZwV]
Insert a test data, key is [persist.kvStaTest_1256] data=["#a)#7,1P(rYh2z03E#49"4"*!]
Insert a test data, key is [persist.kvStaTest_1257] data=[#X!rV7H-67"(13".%2xf0t!o"0)]
Insert a test data, key is [persist.kvStaTest_1258] data=[V!!(G9u##9M#7Nz26#2*####Ew&D]
Insert a test data, key is [persist.kvStaTest_1259] data=[q2.&!.!/.990*(/.E/"Er("8%nW"(]
Insert a test data, key is [persist.kvStaTest_1260] data=[A)EWt9-H!4Yv"V"12#XU]
Insert a test data, key is [persist.kvStaTest_1261] data=["h#)o##*8"0rI/J2Sy"'t]
Insert a test data, key is [persist.kvStaTest_1262] data=[48'#j#L+#801bT#Qhi!6,p]
Insert a test data, key is [persist.kvStaTest_1263] data=[n%2#WIS2'3#0G(!/!4)mBoN]
Insert a test data, key is [persist.kvStaTest_1264] data=[//f+Bd!lP/*/"bZ#2,BckIl3]
Insert a test data, key is [persist.kvStaTest_1265] data=[Dr"4Y4kn07'"8!!((##E8w#'1]
Insert a test data, key is [persist.kvStaTest_1266] data=[,#B&"6"N8-31&+yq.U!#"r#gyr]
Insert a test data, key is [persist.kvStaTest_1267] data=[(Z6%i5A"Z'2G0Gpa0KLM0/!ou+L]
Insert a test data, key is [persist.kvStaTest_1268] data=[#e5O.K#r-V1"#zm"-6!1d"05C'A"]
Insert a test data, key is [persist.kvStaTest_1269] data=[7k#%.ot5n6e954y!%&xpuOE*.!4*r]
Insert a test data, key is [persist.kvStaTest_1270] data=[3C./90XM+"8A+%"10xI8]
Insert a test data, key is [persist.kvStaTest_1271] data=[!P%dFa625/6Wdoft7"p'8]
Insert a test data, key is [persist.kvStaTest_1272] data=["aPy8n5,e%#%T2!"#AFy"J]
Insert a test data, key is [persist.kvStaTest_1273] data=[+1-CG"#d0pQ%&&Pk!Gy*1""]
Insert a test data, key is [persist.kvStaTest_1274] data=["!#'l&opE##"au'"47lqmM&O]
Insert a test data, key is [persist.kvStaTest_1275] data=[6)V"j2,,x,,)"!*1!S0#ec3#"]
Insert a test data, key is [persist.kvStaTest_1276] data=[z!(tA6!-Q'.!/SN3K&-W(!8d+y]
Insert a test data, key is [persist.kvStaTest_1277] data=[75%)7lU4%Z!!064!/#4!u!!V#"*]
Insert a test data, key is [persist.kvStaTest_1278] data=[&S4c"!9&V1!&D"OC3v#9Dl6K,k##]
Insert a test data, key is [persist.kvStaTest_1279] data=[+Y"0#ok8#"-b8-68!q2#'L54!a56I]
Insert a test data, key is [persist.kvStaTest_1280] data=[("k&#J#8"S#V"Hq*H'rd]
Insert a test data, key is [persist.kvStaTest_1281] data=[Q)w!#s"8M)B,9n!"R!/QV]
Insert a test data, key is [persist.kvStaTest_1282] data=[H'6,L5/,N9wT8B-"-,ZV!k]
Insert a test data, key is [persist.kvStaTest_1283] data=[!4(!C&Y7!f#%'X/#7U43a#s]
Insert a test data, key is [persist.kvStaTest_1284] data=[4#8pAA!g42bTVL87cJK!7#y9]
Insert a test data, key is [persist.kvStaTest_1285] data=[QNtP8uW#/",o(Iwqe"G&R+B5t]
Insert a test data, key is [persist.kvStaTest_1286] data=[EivkXH/yMCp1%-U'#I9#kR%L7p]
Insert a test data, key is [persist.kvStaTest_1287] data=[3#"rQweek8*MS903218Z9x%2K!r]
Insert a test data, key is [persist.kvStaTest_1288] data=[#(T,8%!1(10"9"Y2/-7"9!o'Dd.m]
Insert a test data, key is [persist.kvStaTest_1289] data=[7#Ioh2hPV"!z4NPcvf2O!ucyA!/3#]
Insert a test data, key is [persist.kvStaTest_1290] data=[!B!656##MY%NKCs28JE0]
Insert a test data, key is [persist.kvStaTest_1291] data=[Y,#A4wf5#eKx'Y5L"a(d"]
Insert a test data, key is [persist.kvStaTest_1292] data=[06&'j3sw8dO/%SZwV"#a)#]
Insert a test data, key is [persist.kvStaTest_1293] data=[7,1P(rYh2z03E#49"4"*!#X]
Insert a test data, key is [persist.kvStaTest_1294] data=[!rV7H-67"(13".%2xf0t!o"0]
Insert a test data, key is [persist.kvStaTest_1295] data=[)V!!(G9u##9M#7Nz26#2*####]
Insert a test data, key is [persist.kvStaTest_1296] data=[Ew&Dq2.&!.!/.990*(/.E/"Er(]
Insert a test data, key is [persist.kvStaTest_1297] data=["8%nW"(A)EWt9-H!4Yv"V"12#XU]
Insert a test data, key is [persist.kvStaTest_1298] data=["h#)o##*8"0rI/J2Sy"'t48'#j#L]
Insert a test data, key is [persist.kvStaTest_1299] data=[+#801bT#Qhi!6,pn%2#WIS2'3#0G(]
Insert a test data, key is [persist.kvStaTest_1300] data=[!/!4)mBoN//f+Bd!lP/*]
Insert a test data, key is [persist.kvStaTest_1301] data=[/"bZ#2,BckIl3Dr"4Y4kn]
Insert a test data, key is [persist.kvStaTest_1302] data=[07'"8!!((##E8w#'1,#B&"]
Insert a test data, key is [persist.kvStaTest_1303] data=[6"N8-31&+yq.U!#"r#gyr(Z]
Insert a test data, key is [persist.kvStaTest_1304] data=[6%i5A"Z'2G0Gpa0KLM0/!ou+]
Insert a test data, key is [persist.kvStaTest_1305] data=[L#e5O.K#r-V1"#zm"-6!1d"05]
Insert a test data, key is [persist.kvStaTest_1306] data=[C'A"7k#%.ot5n6e954y!%&xpuO]
Insert a test data, key is [persist.kvStaTest_1307] data=[E*.!4*r3C./90XM+"8A+%"10xI8]
Insert a test data, key is [persist.kvStaTest_1308] data=[!P%dFa625/6Wdoft7"p'8"aPy8n5]
Insert a test data, key is [persist.kvStaTest_1309] data=[,e%#%T2!"#AFy"J+1-CG"#d0pQ%&&]
Insert a test data, key is [persist.kvStaTest_1310] data=[Pk!Gy*1"""!#'l&opE##]
Insert a test data, key is [persist.kvStaTest_1311] data=["au'"47lqmM&O6)V"j2,,]
Insert a test data, key is [persist.kvStaTest_1312] data=[x,,)"!*1!S0#ec3#"z!(tA]
Insert a test data, key is [persist.kvStaTest_1313] data=[6!-Q'.!/SN3K&-W(!8d+y75]
Insert a test data, key is [persist.kvStaTest_1314] data=[%)7lU4%Z!!064!/#4!u!!V#"]
Insert a test data, key is [persist.kvStaTest_1315] data=[*&S4c"!9&V1!&D"OC3v#9Dl6K]
Insert a test data, key is [persist.kvStaTest_1316] data=[,k##+Y"0#ok8#"-b8-68!q2#'L]
Insert a test data, key is [persist.kvStaTest_1317] data=[54!a56I("k&#J#8"S#V"Hq*H'rd]
Insert a test data, key is [persist.kvStaTest_1318] data=[Q)w!#s"8M)B,9n!"R!/QVH'6,L5/]
Insert a test data, key is [persist.kvStaTest_1319] data=[,N9wT8B-"-,ZV!k!4(!C&Y7!f#%'X]
Insert a test data, key is [persist.kvStaTest_1320] data=[/#7U43a#s4#8pAA!g42b]
Insert a test data, key is [persist.kvStaTest_1321] data=[TVL87cJK!7#y9QNtP8uW#]
Insert a test data, key is [persist.kvStaTest_1322] data=[/",o(Iwqe"G&R+B5tEivkX]
Insert a test data, key is [persist.kvStaTest_1323] data=[H/yMCp1%-U'#I9#kR%L7p3#]
Insert a test data, key is [persist.kvStaTest_1324] data=["rQweek8*MS903218Z9x%2K!]
Insert a test data, key is [persist.kvStaTest_1325] data=[r#(T,8%!1(10"9"Y2/-7"9!o']
Insert a test data, key is [persist.kvStaTest_1326] data=[Dd.m7#Ioh2hPV"!z4NPcvf2O!u]
Insert a test data, key is [persist.kvStaTest_1327] data=[cyA!/3#!B!656##MY%NKCs28JE0]
Insert a test data, key is [persist.kvStaTest_1328] data=[Y,#A4wf5#eKx'Y5L"a(d"06&'j3s]
Insert a test data, key is [persist.kvStaTest_1329] data=[w8dO/%SZwV"#a)#7,1P(rYh2z03E#]
Insert a test data, key is [persist.kvStaTest_1330] data=[49"4"*!#X!rV7H-67"(1]
Insert a test data, key is [persist.kvStaTest_1331] data=[3".%2xf0t!o"0)V!!(G9u]
Insert a test data, key is [persist.kvStaTest_1332] data=[##9M#7Nz26#2*####Ew&Dq]
Insert a test data, key is [persist.kvStaTest_1333] data=[2.&!.!/.990*(/.E/"Er("8]
Insert a test data, key is [persist.kvStaTest_1334] data=[%nW"(A)EWt9-H!4Yv"V"12#X]
Insert a test data, key is [persist.kvStaTest_1335] data=[U"h#)o##*8"0rI/J2Sy"'t48']
Insert a test data, key is [persist.kvStaTest_1336] data=[#j#L+#801bT#Qhi!6,pn%2#WIS]
Insert a test data, key is [persist.kvStaTest_1337] data=[2'3#0G(!/!4)mBoN//f+Bd!lP/*]
Insert a test data, key is [persist.kvStaTest_1338] data=[/"bZ#2,BckIl3Dr"4Y4kn07'"8!!]
Insert a test data, key is [persist.kvStaTest_1339] data=[((##E8w#'1,#B&"6"N8-31&+yq.U!]
Insert a test data, key is [persist.kvStaTest_1340] data=[#"r#gyr(Z6%i5A"Z'2G0]
Insert a test data, key is [persist.kvStaTest_1341] data=[Gpa0KLM0/!ou+L#e5O.K#]
Insert a test data, key is [persist.kvStaTest_1342] data=[r-V1"#zm"-6!1d"05C'A"7]
Insert a test data, key is [persist.kvStaTest_1343] data=[k#%.ot5n6e954y!%&xpuOE*]
Insert a test data, key is [persist.kvStaTest_1344] data=[.!4*r3C./90XM+"8A+%"10xI]
Insert a test data, key is [persist.kvStaTest_1345] data=[8!P%dFa625/6Wdoft7"p'8"aP]
Insert a test data, key is [persist.kvStaTest_1346] data=[y8n5,e%#%T2!"#AFy"J+1-CG"#]
Insert a test data, key is [persist.kvStaTest_1347] data=[d0pQ%&&Pk!Gy*1"""!#'l&opE##]
Insert a test data, key is [persist.kvStaTest_1348] data=["au'"47lqmM&O6)V"j2,,x,,)"!*]
Insert a test data, key is [persist.kvStaTest_1349] data=[1!S0#ec3#"z!(tA6!-Q'.!/SN3K&-]
Insert a test data, key is [persist.kvStaTest_1350] data=[W(!8d+y75%)7lU4%Z!!0]
Insert a test data, key is [persist.kvStaTest_1351] data=[64!/#4!u!!V#"*&S4c"!9]
Insert a test data, key is [persist.kvStaTest_1352] data=[&V1!&D"OC3v#9Dl6K,k##+]
Insert a test data, key is [persist.kvStaTest_1353] data=[Y"0#ok8#"-b8-68!q2#'L54]
Insert a test data, key is [persist.kvStaTest_1354] data=[!a56I("k&#J#8"S#V"Hq*H'r]
Insert a test data, key is [persist.kvStaTest_1355] data=[dQ)w!#s"8M)B,9n!"R!/QVH'6]
Insert a test data, key is [persist.kvStaTest_1356] data=[,L5/,N9wT8B-"-,ZV!k!4(!C&Y]
Insert a test data, key is [persist.kvStaTest_1357] data=[7!f#%'X/#7U43a#s4#8pAA!g42b]
Insert a test data, key is [persist.kvStaTest_1358] data=[TVL87cJK!7#y9QNtP8uW#/",o(Iw]
Insert a test data, key is [persist.kvStaTest_1359] data=[qe"G&R+B5tEivkXH/yMCp1%-U'#I9]
Insert a test data, key is [persist.kvStaTest_1360] data=[#kR%L7p3#"rQweek8*MS]
Insert a test data, key is [persist.kvStaTest_1361] data=[903218Z9x%2K!r#(T,8%!]
Insert a test data, key is [persist.kvStaTest_1362] data=[1(10"9"Y2/-7"9!o'Dd.m7]
Insert a test data, key is [persist.kvStaTest_1363] data=[#Ioh2hPV"!z4NPcvf2O!ucy]
Insert a test data, key is [persist.kvStaTest_1364] data=[A!/3#!B!656##MY%NKCs28JE]
Insert a test data, key is [persist.kvStaTest_1365] data=[0Y,#A4wf5#eKx'Y5L"a(d"06&]
Insert a test data, key is [persist.kvStaTest_1366] data=['j3sw8dO/%SZwV"#a)#7,1P(rY]
Insert a test data, key is [persist.kvStaTest_1367] data=[h2z03E#49"4"*!#X!rV7H-67"(1]
Insert a test data, key is [persist.kvStaTest_1368] data=[3".%2xf0t!o"0)V!!(G9u##9M#7N]
Insert a test data, key is [persist.kvStaTest_1369] data=[z26#2*####Ew&Dq2.&!.!/.990*(/]
Insert a test data, key is [persist.kvStaTest_1370] data=[.E/"Er("8%nW"(A)EWt9]
Insert a test data, key is [persist.kvStaTest_1371] data=[-H!4Yv"V"12#XU"h#)o##]
Insert a test data, key is [persist.kvStaTest_1372] data=[*8"0rI/J2Sy"'t48'#j#L+]
Insert a test data, key is [persist.kvStaTest_1373] data=[#801bT#Qhi!6,pn%2#WIS2']
Insert a test data, key is [persist.kvStaTest_1374] data=[3#0G(!/!4)mBoN//f+Bd!lP/]
Insert a test data, key is [persist.kvStaTest_1375] data=[*/"bZ#2,BckIl3Dr"4Y4kn07']
Insert a test data, key is [persist.kvStaTest_1376] data=["8!!((##E8w#'1,#B&"6"N8-31]
Insert a test data, key is [persist.kvStaTest_1377] data=[&+yq.U!#"r#gyr(Z6%i5A"Z'2G0]
Insert a test data, key is [persist.kvStaTest_1378] data=[Gpa0KLM0/!ou+L#e5O.K#r-V1"#z]
Insert a test data, key is [persist.kvStaTest_1379] data=[m"-6!1d"05C'A"7k#%.ot5n6e954y]
Insert a test data, key is [persist.kvStaTest_1380] data=[!%&xpuOE*.!4*r3C./90]
Insert a test data, key is [persist.kvStaTest_1381] data=[XM+"8A+%"10xI8!P%dFa6]
Insert a test data, key is [persist.kvStaTest_1382] data=[25/6Wdoft7"p'8"aPy8n5,]
Insert a test data, key is [persist.kvStaTest_1383] data=[e%#%T2!"#AFy"J+1-CG"#d0]
Insert a test data, key is [persist.kvStaTest_1384] data=[pQ%&&Pk!Gy*1"""!#'l&opE#]
Insert a test data, key is [persist.kvStaTest_1385] data=[#"au'"47lqmM&O6)V"j2,,x,,]
Insert a test data, key is [persist.kvStaTest_1386] data=[)"!*1!S0#ec3#"z!(tA6!-Q'.!]
Insert a test data, key is [persist.kvStaTest_1387] data=[/SN3K&-W(!8d+y75%)7lU4%Z!!0]
Insert a test data, key is [persist.kvStaTest_1388] data=[64!/#4!u!!V#"*&S4c"!9&V1!&D"]
Insert a test data, key is [persist.kvStaTest_1389] data=[OC3v#9Dl6K,k##+Y"0#ok8#"-b8-6]
Insert a test data, key is [persist.kvStaTest_1390] data=[8!q2#'L54!a56I("k&#J]
Insert a test data, key is [persist.kvStaTest_1391] data=[#8"S#V"Hq*H'rdQ)w!#s"]
Insert a test data, key is [persist.kvStaTest_1392] data=[8M)B,9n!"R!/QVH'6,L5/,]
Insert a test data, key is [persist.kvStaTest_1393] data=[N9wT8B-"-,ZV!k!4(!C&Y7!]
Insert a test data, key is [persist.kvStaTest_1394] data=[f#%'X/#7U43a#s4#8pAA!g42]
Insert a test data, key is [persist.kvStaTest_1395] data=[bTVL87cJK!7#y9QNtP8uW#/",]
Insert a test data, key is [persist.kvStaTest_1396] data=[o(Iwqe"G&R+B5tEivkXH/yMCp1]
Insert a test data, key is [persist.kvStaTest_1397] data=[%-U'#I9#kR%L7p3#"rQweek8*MS]
Insert a test data, key is [persist.kvStaTest_1398] data=[903218Z9x%2K!r#(T,8%!1(10"9"]
Insert a test data, key is [persist.kvStaTest_1399] data=[Y2/-7"9!o'Dd.m7#Ioh2hPV"!z4NP]
Insert a test data, key is [persist.kvStaTest_1400] data=[cvf2O!ucyA!/3#!B!656]
Insert a test data, key is [persist.kvStaTest_1401] data=[##MY%NKCs28JE0Y,#A4wf]
Insert a test data, key is [persist.kvStaTest_1402] data=[5#eKx'Y5L"a(d"06&'j3sw]
Insert a test data, key is [persist.kvStaTest_1403] data=[8dO/%SZwV"#a)#7,1P(rYh2]
Insert a test data, key is [persist.kvStaTest_1404] data=[z03E#49"4"*!#X!rV7H-67"(]
Insert a test data, key is [persist.kvStaTest_1405] data=[13".%2xf0t!o"0)V!!(G9u##9]
Insert a test data, key is [persist.kvStaTest_1406] data=[M#7Nz26#2*####Ew&Dq2.&!.!/]
Insert a test data, key is [persist.kvStaTest_1407] data=[.990*(/.E/"Er("8%nW"(A)EWt9]
Insert a test data, key is [persist.kvStaTest_1408] data=[-H!4Yv"V"12#XU"h#)o##*8"0rI/]
Insert a test data, key is [persist.kvStaTest_1409] data=[J2Sy"'t48'#j#L+#801bT#Qhi!6,p]
Insert a test data, key is [persist.kvStaTest_1410] data=[n%2#WIS2'3#0G(!/!4)m]
Insert a test data, key is [persist.kvStaTest_1411] data=[BoN//f+Bd!lP/*/"bZ#2,]
Insert a test data, key is [persist.kvStaTest_1412] data=[BckIl3Dr"4Y4kn07'"8!!(]
Insert a test data, key is [persist.kvStaTest_1413] data=[(##E8w#'1,#B&"6"N8-31&+]
Insert a test data, key is [persist.kvStaTest_1414] data=[yq.U!#"r#gyr(Z6%i5A"Z'2G]
Insert a test data, key is [persist.kvStaTest_1415] data=[0Gpa0KLM0/!ou+L#e5O.K#r-V]
Insert a test data, key is [persist.kvStaTest_1416] data=[1"#zm"-6!1d"05C'A"7k#%.ot5]
Insert a test data, key is [persist.kvStaTest_1417] data=[n6e954y!%&xpuOE*.!4*r3C./90]
Insert a test data, key is [persist.kvStaTest_1418] data=[XM+"8A+%"10xI8!P%dFa625/6Wdo]
Insert a test data, key is [persist.kvStaTest_1419] data=[ft7"p'8"aPy8n5,e%#%T2!"#AFy"J]
Insert a test data, key is [persist.kvStaTest_1420] data=[+1-CG"#d0pQ%&&Pk!Gy*]
Insert a test data, key is [persist.kvStaTest_1421] data=[1"""!#'l&opE##"au'"47]
Insert a test data, key is [persist.kvStaTest_1422] data=[lqmM&O6)V"j2,,x,,)"!*1]
Insert a test data, key is [persist.kvStaTest_1423] data=[!S0#ec3#"z!(tA6!-Q'.!/S]
Insert a test data, key is [persist.kvStaTest_1424] data=[N3K&-W(!8d+y75%)7lU4%Z!!]
Insert a test data, key is [persist.kvStaTest_1425] data=[064!/#4!u!!V#"*&S4c"!9&V1]
Insert a test data, key is [persist.kvStaTest_1426] data=[!&D"OC3v#9Dl6K,k##+Y"0#ok8]
Insert a test data, key is [persist.kvStaTest_1427] data=[#"-b8-68!q2#'L54!a56I("k&#J]
Insert a test data, key is [persist.kvStaTest_1428] data=[#8"S#V"Hq*H'rdQ)w!#s"8M)B,9n]
Insert a test data, key is [persist.kvStaTest_1429] data=[!"R!/QVH'6,L5/,N9wT8B-"-,ZV!k]
Insert a test data, key is [persist.kvStaTest_1430] data=[!4(!C&Y7!f#%'X/#7U43]
Insert a test data, key is [persist.kvStaTest_1431] data=[a#s4#8pAA!g42bTVL87cJ]
Insert a test data, key is [persist.kvStaTest_1432] data=[K!7#y9QNtP8uW#/",o(Iwq]
Insert a test data, key is [persist.kvStaTest_1433] data=[e"G&R+B5tEivkXH/yMCp1%-]
Insert a test data, key is [persist.kvStaTest_1434] data=[U'#I9#kR%L7p3#"rQweek8*M]
Insert a test data, key is [persist.kvStaTest_1435] data=[S903218Z9x%2K!r#(T,8%!1(1]
Insert a test data, key is [persist.kvStaTest_1436] data=[0"9"Y2/-7"9!o'Dd.m7#Ioh2hP]
Insert a test data, key is [persist.kvStaTest_1437] data=[V"!z4NPcvf2O!ucyA!/3#!B!656]
Insert a test data, key is [persist.kvStaTest_1438] data=[##MY%NKCs28JE0Y,#A4wf5#eKx'Y]
Insert a test data, key is [persist.kvStaTest_1439] data=[5L"a(d"06&'j3sw8dO/%SZwV"#a)#]
Insert a test data, key is [persist.kvStaTest_1440] data=[7,1P(rYh2z03E#49"4"*]
Insert a test data, key is [persist.kvStaTest_1441] data=[!#X!rV7H-67"(13".%2xf]
Insert a test data, key is [persist.kvStaTest_1442] data=[0t!o"0)V!!(G9u##9M#7Nz]
Insert a test data, key is [persist.kvStaTest_1443] data=[26#2*####Ew&Dq2.&!.!/.9]
Insert a test data, key is [persist.kvStaTest_1444] data=[90*(/.E/"Er("8%nW"(A)EWt]
Insert a test data, key is [persist.kvStaTest_1445] data=[9-H!4Yv"V"12#XU"h#)o##*8"]
Insert a test data, key is [persist.kvStaTest_1446] data=[0rI/J2Sy"'t48'#j#L+#801bT#]
Insert a test data, key is [persist.kvStaTest_1447] data=[Qhi!6,pn%2#WIS2'3#0G(!/!4)m]
Insert a test data, key is [persist.kvStaTest_1448] data=[BoN//f+Bd!lP/*/"bZ#2,BckIl3D]
Insert a test data, key is [persist.kvStaTest_1449] data=[r"4Y4kn07'"8!!((##E8w#'1,#B&"]
Insert a test data, key is [persist.kvStaTest_1450] data=[6"N8-31&+yq.U!#"r#gy]
Insert a test data, key is [persist.kvStaTest_1451] data=[r(Z6%i5A"Z'2G0Gpa0KLM]
Insert a test data, key is [persist.kvStaTest_1452] data=[0/!ou+L#e5O.K#r-V1"#zm]
Insert a test data, key is [persist.kvStaTest_1453] data=["-6!1d"05C'A"7k#%.ot5n6]
Insert a test data, key is [persist.kvStaTest_1454] data=[e954y!%&xpuOE*.!4*r3C./9]
Insert a test data, key is [persist.kvStaTest_1455] data=[0XM+"8A+%"10xI8!P%dFa625/]
Insert a test data, key is [persist.kvStaTest_1456] data=[6Wdoft7"p'8"aPy8n5,e%#%T2!]
Insert a test data, key is [persist.kvStaTest_1457] data=["#AFy"J+1-CG"#d0pQ%&&Pk!Gy*]
Insert a test data, key is [persist.kvStaTest_1458] data=[1"""!#'l&opE##"au'"47lqmM&O6]
Insert a test data, key is [persist.kvStaTest_1459] data=[)V"j2,,x,,)"!*1!S0#ec3#"z!(tA]
Insert a test data, key is [persist.kvStaTest_1460] data=[6!-Q'.!/SN3K&-W(!8d+]
Insert a test data, key is [persist.kvStaTest_1461] data=[y75%)7lU4%Z!!064!/#4!]
Insert a test data, key is [persist.kvStaTest_1462] data=[u!!V#"*&S4c"!9&V1!&D"O]
Insert a test data, key is [persist.kvStaTest_1463] data=[C3v#9Dl6K,k##+Y"0#ok8#"]
Insert a test data, key is [persist.kvStaTest_1464] data=[-b8-68!q2#'L54!a56I("k&#]
Insert a test data, key is [persist.kvStaTest_1465] data=[J#8"S#V"Hq*H'rdQ)w!#s"8M)]
Insert a test data, key is [persist.kvStaTest_1466] data=[B,9n!"R!/QVH'6,L5/,N9wT8B-]
Insert a test data, key is [persist.kvStaTest_1467] data=["-,ZV!k!4(!C&Y7!f#%'X/#7U43]
Insert a test data, key is [persist.kvStaTest_1468] data=[a#s4#8pAA!g42bTVL87cJK!7#y9Q]
Insert a test data, key is [persist.kvStaTest_1469] data=[NtP8uW#/",o(Iwqe"G&R+B5tEivkX]
Insert a test data, key is [persist.kvStaTest_1470] data=[H/yMCp1%-U'#I9#kR%L7]
Insert a test data, key is [persist.kvStaTest_1471] data=[p3#"rQweek8*MS903218Z]
Insert a test data, key is [persist.kvStaTest_1472] data=[9x%2K!r#(T,8%!1(10"9"Y]
Insert a test data, key is [persist.kvStaTest_1473] data=[2/-7"9!o'Dd.m7#Ioh2hPV"]
Insert a test data, key is [persist.kvStaTest_1474] data=[!z4NPcvf2O!ucyA!/3#!B!65]
Insert a test data, key is [persist.kvStaTest_1475] data=[6##MY%NKCs28JE0Y,#A4wf5#e]
Insert a test data, key is [persist.kvStaTest_1476] data=[Kx'Y5L"a(d"06&'j3sw8dO/%SZ]
Insert a test data, key is [persist.kvStaTest_1477] data=[wV"#a)#7,1P(rYh2z03E#49"4"*]
Insert a test data, key is [persist.kvStaTest_1478] data=[!#X!rV7H-67"(13".%2xf0t!o"0)]
Insert a test data, key is [persist.kvStaTest_1479] data=[V!!(G9u##9M#7Nz26#2*####Ew&Dq]
Insert a test data, key is [persist.kvStaTest_1480] data=[2.&!.!/.990*(/.E/"Er]
Insert a test data, key is [persist.kvStaTest_1481] data=[("8%nW"(A)EWt9-H!4Yv"]
Insert a test data, key is [persist.kvStaTest_1482] data=[V"12#XU"h#)o##*8"0rI/J]
Insert a test data, key is [persist.kvStaTest_1483] data=[2Sy"'t48'#j#L+#801bT#Qh]
Insert a test data, key is [persist.kvStaTest_1484] data=[i!6,pn%2#WIS2'3#0G(!/!4)]
Insert a test data, key is [persist.kvStaTest_1485] data=[mBoN//f+Bd!lP/*/"bZ#2,Bck]
Insert a test data, key is [persist.kvStaTest_1486] data=[Il3Dr"4Y4kn07'"8!!((##E8w#]
Insert a test data, key is [persist.kvStaTest_1487] data=['1,#B&"6"N8-31&+yq.U!#"r#gy]
Insert a test data, key is [persist.kvStaTest_1488] data=[r(Z6%i5A"Z'2G0Gpa0KLM0/!ou+L]
Insert a test data, key is [persist.kvStaTest_1489] data=[#e5O.K#r-V1"#zm"-6!1d"05C'A"7]
Insert a test data, key is [persist.kvStaTest_1490] data=[k#%.ot5n6e954y!%&xpu]
Insert a test data, key is [persist.kvStaTest_1491] data=[OE*.!4*r3C./90XM+"8A+]
Insert a test data, key is [persist.kvStaTest_1492] data=[%"10xI8!P%dFa625/6Wdof]
Insert a test data, key is [persist.kvStaTest_1493] data=[t7"p'8"aPy8n5,e%#%T2!"#]
Insert a test data, key is [persist.kvStaTest_1494] data=[AFy"J+1-CG"#d0pQ%&&Pk!Gy]
Insert a test data, key is [persist.kvStaTest_1495] data=[*1"""!#'l&opE##"au'"47lqm]
Insert a test data, key is [persist.kvStaTest_1496] data=[M&O6)V"j2,,x,,)"!*1!S0#ec3]
Insert a test data, key is [persist.kvStaTest_1497] data=[#"z!(tA6!-Q'.!/SN3K&-W(!8d+]
Insert a test data, key is [persist.kvStaTest_1498] data=[y75%)7lU4%Z!!064!/#4!u!!V#"*]
Insert a test data, key is [persist.kvStaTest_1499] data=[&S4c"!9&V1!&D"OC3v#9Dl6K,k##+]
Insert a test data, key is [persist.kvStaTest_1500] data=[Y"0#ok8#"-b8-68!q2#']
Insert a test data, key is [persist.kvStaTest_1501] data=[L54!a56I("k&#J#8"S#V"]
Insert a test data, key is [persist.kvStaTest_1502] data=[Hq*H'rdQ)w!#s"8M)B,9n!]
Insert a test data, key is [persist.kvStaTest_1503] data=["R!/QVH'6,L5/,N9wT8B-"-]
Insert a test data, key is [persist.kvStaTest_1504] data=[,ZV!k!4(!C&Y7!f#%'X/#7U4]
Insert a test data, key is [persist.kvStaTest_1505] data=[3a#s4#8pAA!g42bTVL87cJK!7]
Insert a test data, key is [persist.kvStaTest_1506] data=[#y9QNtP8uW#/",o(Iwqe"G&R+B]
Insert a test data, key is [persist.kvStaTest_1507] data=[5tEivkXH/yMCp1%-U'#I9#kR%L7]
Insert a test data, key is [persist.kvStaTest_1508] data=[p3#"rQweek8*MS903218Z9x%2K!r]
Insert a test data, key is [persist.kvStaTest_1509] data=[#(T,8%!1(10"9"Y2/-7"9!o'Dd.m7]
Insert a test data, key is [persist.kvStaTest_1510] data=[#Ioh2hPV"!z4NPcvf2O!]
Insert a test data, key is [persist.kvStaTest_1511] data=[ucyA!/3#!B!656##MY%NK]
Insert a test data, key is [persist.kvStaTest_1512] data=[Cs28JE0Y,#A4wf5#eKx'Y5]
Insert a test data, key is [persist.kvStaTest_1513] data=[L"a(d"06&'j3sw8dO/%SZwV]
Insert a test data, key is [persist.kvStaTest_1514] data=["#a)#7,1P(rYh2z03E#49"4"]
Insert a test data, key is [persist.kvStaTest_1515] data=[*!#X!rV7H-67"(13".%2xf0t!]
Insert a test data, key is [persist.kvStaTest_1516] data=[o"0)V!!(G9u##9M#7Nz26#2*##]
Insert a test data, key is [persist.kvStaTest_1517] data=[##Ew&Dq2.&!.!/.990*(/.E/"Er]
Insert a test data, key is [persist.kvStaTest_1518] data=[("8%nW"(A)EWt9-H!4Yv"V"12#XU]
Insert a test data, key is [persist.kvStaTest_1519] data=["h#)o##*8"0rI/J2Sy"'t48'#j#L+]
Insert a test data, key is [persist.kvStaTest_1520] data=[#801bT#Qhi!6,pn%2#WI]
Insert a test data, key is [persist.kvStaTest_1521] data=[S2'3#0G(!/!4)mBoN//f+]
Insert a test data, key is [persist.kvStaTest_1522] data=[Bd!lP/*/"bZ#2,BckIl3Dr]
Insert a test data, key is [persist.kvStaTest_1523] data=["4Y4kn07'"8!!((##E8w#'1]
Insert a test data, key is [persist.kvStaTest_1524] data=[,#B&"6"N8-31&+yq.U!#"r#g]
Insert a test data, key is [persist.kvStaTest_1525] data=[yr(Z6%i5A"Z'2G0Gpa0KLM0/!]
Insert a test data, key is [persist.kvStaTest_1526] data=[ou+L#e5O.K#r-V1"#zm"-6!1d"]
Insert a test data, key is [persist.kvStaTest_1527] data=[05C'A"7k#%.ot5n6e954y!%&xpu]
Insert a test data, key is [persist.kvStaTest_1528] data=[OE*.!4*r3C./90XM+"8A+%"10xI8]
Insert a test data, key is [persist.kvStaTest_1529] data=[!P%dFa625/6Wdoft7"p'8"aPy8n5,]
Insert a test data, key is [persist.kvStaTest_1530] data=[e%#%T2!"#AFy"J+1-CG"]
Insert a test data, key is [persist.kvStaTest_1531] data=[#d0pQ%&&Pk!Gy*1"""!#']
Insert a test data, key is [persist.kvStaTest_1532] data=[l&opE##"au'"47lqmM&O6)]
Insert a test data, key is [persist.kvStaTest_1533] data=[V"j2,,x,,)"!*1!S0#ec3#"]
Insert a test data, key is [persist.kvStaTest_1534] data=[z!(tA6!-Q'.!/SN3K&-W(!8d]
Insert a test data, key is [persist.kvStaTest_1535] data=[+y75%)7lU4%Z!!064!/#4!u!!]
Insert a test data, key is [persist.kvStaTest_1536] data=[V#"*&S4c"!9&V1!&D"OC3v#9Dl]
Insert a test data, key is [persist.kvStaTest_1537] data=[6K,k##+Y"0#ok8#"-b8-68!q2#']
Insert a test data, key is [persist.kvStaTest_1538] data=[L54!a56I("k&#J#8"S#V"Hq*H'rd]
Insert a test data, key is [persist.kvStaTest_1539] data=[Q)w!#s"8M)B,9n!"R!/QVH'6,L5/,]
Insert a test data, key is [persist.kvStaTest_1540] data=[N9wT8B-"-,ZV!k!4(!C&]
Insert a test data, key is [persist.kvStaTest_1541] data=[Y7!f#%'X/#7U43a#s4#8p]
Insert a test data, key is [persist.kvStaTest_1542] data=[AA!g42bTVL87cJK!7#y9QN]
Insert a test data, key is [persist.kvStaTest_1543] data=[tP8uW#/",o(Iwqe"G&R+B5t]
Insert a test data, key is [persist.kvStaTest_1544] data=[EivkXH/yMCp1%-U'#I9#kR%L]
Insert a test data, key is [persist.kvStaTest_1545] data=[7p3#"rQweek8*MS903218Z9x%]
Insert a test data, key is [persist.kvStaTest_1546] data=[2K!r#(T,8%!1(10"9"Y2/-7"9!]
Insert a test data, key is [persist.kvStaTest_1547] data=[o'Dd.m7#Ioh2hPV"!z4NPcvf2O!]
Insert a test data, key is [persist.kvStaTest_1548] data=[ucyA!/3#!B!656##MY%NKCs28JE0]
Insert a test data, key is [persist.kvStaTest_1549] data=[Y,#A4wf5#eKx'Y5L"a(d"06&'j3sw]
Insert a test data, key is [persist.kvStaTest_1550] data=[8dO/%SZwV"#a)#7,1P(r]
Insert a test data, key is [persist.kvStaTest_1551] data=[Yh2z03E#49"4"*!#X!rV7]
Insert a test data, key is [persist.kvStaTest_1552] data=[H-67"(13".%2xf0t!o"0)V]
Insert a test data, key is [persist.kvStaTest_1553] data=[!!(G9u##9M#7Nz26#2*####]
Insert a test data, key is [persist.kvStaTest_1554] data=[Ew&Dq2.&!.!/.990*(/.E/"E]
Insert a test data, key is [persist.kvStaTest_1555] data=[r("8%nW"(A)EWt9-H!4Yv"V"1]
Insert a test data, key is [persist.kvStaTest_1556] data=[2#XU"h#)o##*8"0rI/J2Sy"'t4]
Insert a test data, key is [persist.kvStaTest_1557] data=[8'#j#L+#801bT#Qhi!6,pn%2#WI]
Insert a test data, key is [persist.kvStaTest_1558] data=[S2'3#0G(!/!4)mBoN//f+Bd!lP/*]
Insert a test data, key is [persist.kvStaTest_1559] data=[/"bZ#2,BckIl3Dr"4Y4kn07'"8!!(]
Insert a test data, key is [persist.kvStaTest_1560] data=[(##E8w#'1,#B&"6"N8-3]
Insert a test data, key is [persist.kvStaTest_1561] data=[1&+yq.U!#"r#gyr(Z6%i5]
Insert a test data, key is [persist.kvStaTest_1562] data=[A"Z'2G0Gpa0KLM0/!ou+L#]
Insert a test data, key is [persist.kvStaTest_1563] data=[e5O.K#r-V1"#zm"-6!1d"05]
Insert a test data, key is [persist.kvStaTest_1564] data=[C'A"7k#%.ot5n6e954y!%&xp]
Insert a test data, key is [persist.kvStaTest_1565] data=[uOE*.!4*r3C./90XM+"8A+%"1]
Insert a test data, key is [persist.kvStaTest_1566] data=[0xI8!P%dFa625/6Wdoft7"p'8"]
Insert a test data, key is [persist.kvStaTest_1567] data=[aPy8n5,e%#%T2!"#AFy"J+1-CG"]
Insert a test data, key is [persist.kvStaTest_1568] data=[#d0pQ%&&Pk!Gy*1"""!#'l&opE##]
Insert a test data, key is [persist.kvStaTest_1569] data=["au'"47lqmM&O6)V"j2,,x,,)"!*1]
Insert a test data, key is [persist.kvStaTest_1570] data=[!S0#ec3#"z!(tA6!-Q'.]
Insert a test data, key is [persist.kvStaTest_1571] data=[!/SN3K&-W(!8d+y75%)7l]
Insert a test data, key is [persist.kvStaTest_1572] data=[U4%Z!!064!/#4!u!!V#"*&]
Insert a test data, key is [persist.kvStaTest_1573] data=[S4c"!9&V1!&D"OC3v#9Dl6K]
Insert a test data, key is [persist.kvStaTest_1574] data=[,k##+Y"0#ok8#"-b8-68!q2#]
Insert a test data, key is [persist.kvStaTest_1575] data=['L54!a56I("k&#J#8"S#V"Hq*]
Insert a test data, key is [persist.kvStaTest_1576] data=[H'rdQ)w!#s"8M)B,9n!"R!/QVH]
Insert a test data, key is [persist.kvStaTest_1577] data=['6,L5/,N9wT8B-"-,ZV!k!4(!C&]
Insert a test data, key is [persist.kvStaTest_1578] data=[Y7!f#%'X/#7U43a#s4#8pAA!g42b]
Insert a test data, key is [persist.kvStaTest_1579] data=[TVL87cJK!7#y9QNtP8uW#/",o(Iwq]
Insert a test data, key is [persist.kvStaTest_1580] data=[e"G&R+B5tEivkXH/yMCp]
Insert a test data, key is [persist.kvStaTest_1581] data=[1%-U'#I9#kR%L7p3#"rQw]
Insert a test data, key is [persist.kvStaTest_1582] data=[eek8*MS903218Z9x%2K!r#]
Insert a test data, key is [persist.kvStaTest_1583] data=[(T,8%!1(10"9"Y2/-7"9!o']
Insert a test data, key is [persist.kvStaTest_1584] data=[Dd.m7#Ioh2hPV"!z4NPcvf2O]
Insert a test data, key is [persist.kvStaTest_1585] data=[!ucyA!/3#!B!656##MY%NKCs2]
Insert a test data, key is [persist.kvStaTest_1586] data=[8JE0Y,#A4wf5#eKx'Y5L"a(d"0]
Insert a test data, key is [persist.kvStaTest_1587] data=[6&'j3sw8dO/%SZwV"#a)#7,1P(r]
Insert a test data, key is [persist.kvStaTest_1588] data=[Yh2z03E#49"4"*!#X!rV7H-67"(1]
Insert a test data, key is [persist.kvStaTest_1589] data=[3".%2xf0t!o"0)V!!(G9u##9M#7Nz]
Insert a test data, key is [persist.kvStaTest_1590] data=[26#2*####Ew&Dq2.&!.!]
Insert a test data, key is [persist.kvStaTest_1591] data=[/.990*(/.E/"Er("8%nW"]
Insert a test data, key is [persist.kvStaTest_1592] data=[(A)EWt9-H!4Yv"V"12#XU"]
Insert a test data, key is [persist.kvStaTest_1593] data=[h#)o##*8"0rI/J2Sy"'t48']
Insert a test data, key is [persist.kvStaTest_1594] data=[#j#L+#801bT#Qhi!6,pn%2#W]
Insert a test data, key is [persist.kvStaTest_1595] data=[IS2'3#0G(!/!4)mBoN//f+Bd!]
Insert a test data, key is [persist.kvStaTest_1596] data=[lP/*/"bZ#2,BckIl3Dr"4Y4kn0]
Insert a test data, key is [persist.kvStaTest_1597] data=[7'"8!!((##E8w#'1,#B&"6"N8-3]
Insert a test data, key is [persist.kvStaTest_1598] data=[1&+yq.U!#"r#gyr(Z6%i5A"Z'2G0]
Insert a test data, key is [persist.kvStaTest_1599] data=[Gpa0KLM0/!ou+L#e5O.K#r-V1"#zm]
Insert a test data, key is [persist.kvStaTest_1600] data=["-6!1d"05C'A"7k#%.ot]
Insert a test data, key is [persist.kvStaTest_1601] data=[5n6e954y!%&xpuOE*.!4*]
Insert a test data, key is [persist.kvStaTest_1602] data=[r3C./90XM+"8A+%"10xI8!]
Insert a test data, key is [persist.kvStaTest_1603] data=[P%dFa625/6Wdoft7"p'8"aP]
Insert a test data, key is [persist.kvStaTest_1604] data=[y8n5,e%#%T2!"#AFy"J+1-CG]
Insert a test data, key is [persist.kvStaTest_1605] data=["#d0pQ%&&Pk!Gy*1"""!#'l&o]
Insert a test data, key is [persist.kvStaTest_1606] data=[pE##"au'"47lqmM&O6)V"j2,,x]
Insert a test data, key is [persist.kvStaTest_1607] data=[,,)"!*1!S0#ec3#"z!(tA6!-Q'.]
Insert a test data, key is [persist.kvStaTest_1608] data=[!/SN3K&-W(!8d+y75%)7lU4%Z!!0]
Insert a test data, key is [persist.kvStaTest_1609] data=[64!/#4!u!!V#"*&S4c"!9&V1!&D"O]
Insert a test data, key is [persist.kvStaTest_1610] data=[C3v#9Dl6K,k##+Y"0#ok]
Insert a test data, key is [persist.kvStaTest_1611] data=[8#"-b8-68!q2#'L54!a56]
Insert a test data, key is [persist.kvStaTest_1612] data=[I("k&#J#8"S#V"Hq*H'rdQ]
Insert a test data, key is [persist.kvStaTest_1613] data=[)w!#s"8M)B,9n!"R!/QVH'6]
Insert a test data, key is [persist.kvStaTest_1614] data=[,L5/,N9wT8B-"-,ZV!k!4(!C]
Insert a test data, key is [persist.kvStaTest_1615] data=[&Y7!f#%'X/#7U43a#s4#8pAA!]
Insert a test data, key is [persist.kvStaTest_1616] data=[g42bTVL87cJK!7#y9QNtP8uW#/]
Insert a test data, key is [persist.kvStaTest_1617] data=[",o(Iwqe"G&R+B5tEivkXH/yMCp]
Insert a test data, key is [persist.kvStaTest_1618] data=[1%-U'#I9#kR%L7p3#"rQweek8*MS]
Insert a test data, key is [persist.kvStaTest_1619] data=[903218Z9x%2K!r#(T,8%!1(10"9"Y]
Insert a test data, key is [persist.kvStaTest_1620] data=[2/-7"9!o'Dd.m7#Ioh2h]
Insert a test data, key is [persist.kvStaTest_1621] data=[PV"!z4NPcvf2O!ucyA!/3]
Insert a test data, key is [persist.kvStaTest_1622] data=[#!B!656##MY%NKCs28JE0Y]
Insert a test data, key is [persist.kvStaTest_1623] data=[,#A4wf5#eKx'Y5L"a(d"06&]
Insert a test data, key is [persist.kvStaTest_1624] data=['j3sw8dO/%SZwV"#a)#7,1P(]
Insert a test data, key is [persist.kvStaTest_1625] data=[rYh2z03E#49"4"*!#X!rV7H-6]
Insert a test data, key is [persist.kvStaTest_1626] data=[7"(13".%2xf0t!o"0)V!!(G9u#]
Insert a test data, key is [persist.kvStaTest_1627] data=[#9M#7Nz26#2*####Ew&Dq2.&!.!]
Insert a test data, key is [persist.kvStaTest_1628] data=[/.990*(/.E/"Er("8%nW"(A)EWt9]
Insert a test data, key is [persist.kvStaTest_1629] data=[-H!4Yv"V"12#XU"h#)o##*8"0rI/J]
Insert a test data, key is [persist.kvStaTest_1630] data=[2Sy"'t48'#j#L+#801bT]
Insert a test data, key is [persist.kvStaTest_1631] data=[#Qhi!6,pn%2#WIS2'3#0G]
Insert a test data, key is [persist.kvStaTest_1632] data=[(!/!4)mBoN//f+Bd!lP/*/]
Insert a test data, key is [persist.kvStaTest_1633] data=["bZ#2,BckIl3Dr"4Y4kn07']
Insert a test data, key is [persist.kvStaTest_1634] data=["8!!((##E8w#'1,#B&"6"N8-]
Insert a test data, key is [persist.kvStaTest_1635] data=[31&+yq.U!#"r#gyr(Z6%i5A"Z]
Insert a test data, key is [persist.kvStaTest_1636] data=['2G0Gpa0KLM0/!ou+L#e5O.K#r]
Insert a test data, key is [persist.kvStaTest_1637] data=[-V1"#zm"-6!1d"05C'A"7k#%.ot]
Insert a test data, key is [persist.kvStaTest_1638] data=[5n6e954y!%&xpuOE*.!4*r3C./90]
Insert a test data, key is [persist.kvStaTest_1639] data=[XM+"8A+%"10xI8!P%dFa625/6Wdof]
Insert a test data, key is [persist.kvStaTest_1640] data=[t7"p'8"aPy8n5,e%#%T2]
Insert a test data, key is [persist.kvStaTest_1641] data=[!"#AFy"J+1-CG"#d0pQ%&]
Insert a test data, key is [persist.kvStaTest_1642] data=[&Pk!Gy*1"""!#'l&opE##"]
Insert a test data, key is [persist.kvStaTest_1643] data=[au'"47lqmM&O6)V"j2,,x,,]
Insert a test data, key is [persist.kvStaTest_1644] data=[)"!*1!S0#ec3#"z!(tA6!-Q']
Insert a test data, key is [persist.kvStaTest_1645] data=[.!/SN3K&-W(!8d+y75%)7lU4%]
Insert a test data, key is [persist.kvStaTest_1646] data=[Z!!064!/#4!u!!V#"*&S4c"!9&]
Insert a test data, key is [persist.kvStaTest_1647] data=[V1!&D"OC3v#9Dl6K,k##+Y"0#ok]
Insert a test data, key is [persist.kvStaTest_1648] data=[8#"-b8-68!q2#'L54!a56I("k&#J]
Insert a test data, key is [persist.kvStaTest_1649] data=[#8"S#V"Hq*H'rdQ)w!#s"8M)B,9n!]
Insert a test data, key is [persist.kvStaTest_1650] data=["R!/QVH'6,L5/,N9wT8B]
Insert a test data, key is [persist.kvStaTest_1651] data=[-"-,ZV!k!4(!C&Y7!f#%']
Insert a test data, key is [persist.kvStaTest_1652] data=[X/#7U43a#s4#8pAA!g42bT]
Insert a test data, key is [persist.kvStaTest_1653] data=[VL87cJK!7#y9QNtP8uW#/",]
Insert a test data, key is [persist.kvStaTest_1654] data=[o(Iwqe"G&R+B5tEivkXH/yMC]
Insert a test data, key is [persist.kvStaTest_1655] data=[p1%-U'#I9#kR%L7p3#"rQweek]
Insert a test data, key is [persist.kvStaTest_1656] data=[8*MS903218Z9x%2K!r#(T,8%!1]
Insert a test data, key is [persist.kvStaTest_1657] data=[(10"9"Y2/-7"9!o'Dd.m7#Ioh2h]
Insert a test data, key is [persist.kvStaTest_1658] data=[PV"!z4NPcvf2O!ucyA!/3#!B!656]
Insert a test data, key is [persist.kvStaTest_1659] data=[##MY%NKCs28JE0Y,#A4wf5#eKx'Y5]
Insert a test data, key is [persist.kvStaTest_1660] data=[L"a(d"06&'j3sw8dO/%S]
Insert a test data, key is [persist.kvStaTest_1661] data=[ZwV"#a)#7,1P(rYh2z03E]
Insert a test data, key is [persist.kvStaTest_1662] data=[#49"4"*!#X!rV7H-67"(13]
Insert a test data, key is [persist.kvStaTest_1663] data=[".%2xf0t!o"0)V!!(G9u##9]
Insert a test data, key is [persist.kvStaTest_1664] data=[M#7Nz26#2*####Ew&Dq2.&!.]
Insert a test data, key is [persist.kvStaTest_1665] data=[!/.990*(/.E/"Er("8%nW"(A)]
Insert a test data, key is [persist.kvStaTest_1666] data=[EWt9-H!4Yv"V"12#XU"h#)o##*]
Insert a test data, key is [persist.kvStaTest_1667] data=[8"0rI/J2Sy"'t48'#j#L+#801bT]
Insert a test data, key is [persist.kvStaTest_1668] data=[#Qhi!6,pn%2#WIS2'3#0G(!/!4)m]
Insert a test data, key is [persist.kvStaTest_1669] data=[BoN//f+Bd!lP/*/"bZ#2,BckIl3Dr]
Insert a test data, key is [persist.kvStaTest_1670] data=["4Y4kn07'"8!!((##E8w]
Insert a test data, key is [persist.kvStaTest_1671] data=[#'1,#B&"6"N8-31&+yq.U]
Insert a test data, key is [persist.kvStaTest_1672] data=[!#"r#gyr(Z6%i5A"Z'2G0G]
Insert a test data, key is [persist.kvStaTest_1673] data=[pa0KLM0/!ou+L#e5O.K#r-V]
Insert a test data, key is [persist.kvStaTest_1674] data=[1"#zm"-6!1d"05C'A"7k#%.o]
Insert a test data, key is [persist.kvStaTest_1675] data=[t5n6e954y!%&xpuOE*.!4*r3C]
Insert a test data, key is [persist.kvStaTest_1676] data=[./90XM+"8A+%"10xI8!P%dFa62]
Insert a test data, key is [persist.kvStaTest_1677] data=[5/6Wdoft7"p'8"aPy8n5,e%#%T2]
Insert a test data, key is [persist.kvStaTest_1678] data=[!"#AFy"J+1-CG"#d0pQ%&&Pk!Gy*]
Insert a test data, key is [persist.kvStaTest_1679] data=[1"""!#'l&opE##"au'"47lqmM&O6)]
Insert a test data, key is [persist.kvStaTest_1680] data=[V"j2,,x,,)"!*1!S0#ec]
Insert a test data, key is [persist.kvStaTest_1681] data=[3#"z!(tA6!-Q'.!/SN3K&]
Insert a test data, key is [persist.kvStaTest_1682] data=[-W(!8d+y75%)7lU4%Z!!06]
Insert a test data, key is [persist.kvStaTest_1683] data=[4!/#4!u!!V#"*&S4c"!9&V1]
Insert a test data, key is [persist.kvStaTest_1684] data=[!&D"OC3v#9Dl6K,k##+Y"0#o]
Insert a test data, key is [persist.kvStaTest_1685] data=[k8#"-b8-68!q2#'L54!a56I("]
Insert a test data, key is [persist.kvStaTest_1686] data=[k&#J#8"S#V"Hq*H'rdQ)w!#s"8]
Insert a test data, key is [persist.kvStaTest_1687] data=[M)B,9n!"R!/QVH'6,L5/,N9wT8B]
Insert a test data, key is [persist.kvStaTest_1688] data=[-"-,ZV!k!4(!C&Y7!f#%'X/#7U43]
Insert a test data, key is [persist.kvStaTest_1689] data=[a#s4#8pAA!g42bTVL87cJK!7#y9QN]
Insert a test data, key is [persist.kvStaTest_1690] data=[tP8uW#/",o(Iwqe"G&R+]
Insert a test data, key is [persist.kvStaTest_1691] data=[B5tEivkXH/yMCp1%-U'#I]
Insert a test data, key is [persist.kvStaTest_1692] data=[9#kR%L7p3#"rQweek8*MS9]
Insert a test data, key is [persist.kvStaTest_1693] data=[03218Z9x%2K!r#(T,8%!1(1]
Insert a test data, key is [persist.kvStaTest_1694] data=[0"9"Y2/-7"9!o'Dd.m7#Ioh2]
Insert a test data, key is [persist.kvStaTest_1695] data=[hPV"!z4NPcvf2O!ucyA!/3#!B]
Insert a test data, key is [persist.kvStaTest_1696] data=[!656##MY%NKCs28JE0Y,#A4wf5]
Insert a test data, key is [persist.kvStaTest_1697] data=[#eKx'Y5L"a(d"06&'j3sw8dO/%S]
Insert a test data, key is [persist.kvStaTest_1698] data=[ZwV"#a)#7,1P(rYh2z03E#49"4"*]
Insert a test data, key is [persist.kvStaTest_1699] data=[!#X!rV7H-67"(13".%2xf0t!o"0)V]
Insert a test data, key is [persist.kvStaTest_1700] data=[!!(G9u##9M#7Nz26#2*#]
Insert a test data, key is [persist.kvStaTest_1701] data=[###Ew&Dq2.&!.!/.990*(]
Insert a test data, key is [persist.kvStaTest_1702] data=[/.E/"Er("8%nW"(A)EWt9-]
Insert a test data, key is [persist.kvStaTest_1703] data=[H!4Yv"V"12#XU"h#)o##*8"]
Insert a test data, key is [persist.kvStaTest_1704] data=[0rI/J2Sy"'t48'#j#L+#801b]
Insert a test data, key is [persist.kvStaTest_1705] data=[T#Qhi!6,pn%2#WIS2'3#0G(!/]
Insert a test data, key is [persist.kvStaTest_1706] data=[!4)mBoN//f+Bd!lP/*/"bZ#2,B]
Insert a test data, key is [persist.kvStaTest_1707] data=[ckIl3Dr"4Y4kn07'"8!!((##E8w]
Insert a test data, key is [persist.kvStaTest_1708] data=[#'1,#B&"6"N8-31&+yq.U!#"r#gy]
Insert a test data, key is [persist.kvStaTest_1709] data=[r(Z6%i5A"Z'2G0Gpa0KLM0/!ou+L#]
Insert a test data, key is [persist.kvStaTest_1710] data=[e5O.K#r-V1"#zm"-6!1d]
Insert a test data, key is [persist.kvStaTest_1711] data=["05C'A"7k#%.ot5n6e954]
Insert a test data, key is [persist.kvStaTest_1712] data=[y!%&xpuOE*.!4*r3C./90X]
Insert a test data, key is [persist.kvStaTest_1713] data=[M+"8A+%"10xI8!P%dFa625/]
Insert a test data, key is [persist.kvStaTest_1714] data=[6Wdoft7"p'8"aPy8n5,e%#%T]
Insert a test data, key is [persist.kvStaTest_1715] data=[2!"#AFy"J+1-CG"#d0pQ%&&Pk]
Insert a test data, key is [persist.kvStaTest_1716] data=[!Gy*1"""!#'l&opE##"au'"47l]
Insert a test data, key is [persist.kvStaTest_1717] data=[qmM&O6)V"j2,,x,,)"!*1!S0#ec]
Insert a test data, key is [persist.kvStaTest_1718] data=[3#"z!(tA6!-Q'.!/SN3K&-W(!8d+]
Insert a test data, key is [persist.kvStaTest_1719] data=[y75%)7lU4%Z!!064!/#4!u!!V#"*&]
Insert a test data, key is [persist.kvStaTest_1720] data=[S4c"!9&V1!&D"OC3v#9D]
Insert a test data, key is [persist.kvStaTest_1721] data=[l6K,k##+Y"0#ok8#"-b8-]
Insert a test data, key is [persist.kvStaTest_1722] data=[68!q2#'L54!a56I("k&#J#]
Insert a test data, key is [persist.kvStaTest_1723] data=[8"S#V"Hq*H'rdQ)w!#s"8M)]
Insert a test data, key is [persist.kvStaTest_1724] data=[B,9n!"R!/QVH'6,L5/,N9wT8]
Insert a test data, key is [persist.kvStaTest_1725] data=[B-"-,ZV!k!4(!C&Y7!f#%'X/#]
Insert a test data, key is [persist.kvStaTest_1726] data=[7U43a#s4#8pAA!g42bTVL87cJK]
Insert a test data, key is [persist.kvStaTest_1727] data=[!7#y9QNtP8uW#/",o(Iwqe"G&R+]
Insert a test data, key is [persist.kvStaTest_1728] data=[B5tEivkXH/yMCp1%-U'#I9#kR%L7]
Insert a test data, key is [persist.kvStaTest_1729] data=[p3#"rQweek8*MS903218Z9x%2K!r#]
Insert a test data, key is [persist.kvStaTest_1730] data=[(T,8%!1(10"9"Y2/-7"9]
Insert a test data, key is [persist.kvStaTest_1731] data=[!o'Dd.m7#Ioh2hPV"!z4N]
Insert a test data, key is [persist.kvStaTest_1732] data=[Pcvf2O!ucyA!/3#!B!656#]
Insert a test data, key is [persist.kvStaTest_1733] data=[#MY%NKCs28JE0Y,#A4wf5#e]
Insert a test data, key is [persist.kvStaTest_1734] data=[Kx'Y5L"a(d"06&'j3sw8dO/%]
Insert a test data, key is [persist.kvStaTest_1735] data=[SZwV"#a)#7,1P(rYh2z03E#49]
Insert a test data, key is [persist.kvStaTest_1736] data=["4"*!#X!rV7H-67"(13".%2xf0]
Insert a test data, key is [persist.kvStaTest_1737] data=[t!o"0)V!!(G9u##9M#7Nz26#2*#]
Insert a test data, key is [persist.kvStaTest_1738] data=[###Ew&Dq2.&!.!/.990*(/.E/"Er]
Insert a test data, key is [persist.kvStaTest_1739] data=[("8%nW"(A)EWt9-H!4Yv"V"12#XU"]
Insert a test data, key is [persist.kvStaTest_1740] data=[h#)o##*8"0rI/J2Sy"'t]
Insert a test data, key is [persist.kvStaTest_1741] data=[48'#j#L+#801bT#Qhi!6,]
Insert a test data, key is [persist.kvStaTest_1742] data=[pn%2#WIS2'3#0G(!/!4)mB]
Insert a test data, key is [persist.kvStaTest_1743] data=[oN//f+Bd!lP/*/"bZ#2,Bck]
Insert a test data, key is [persist.kvStaTest_1744] data=[Il3Dr"4Y4kn07'"8!!((##E8]
Insert a test data, key is [persist.kvStaTest_1745] data=[w#'1,#B&"6"N8-31&+yq.U!#"]
Insert a test data, key is [persist.kvStaTest_1746] data=[r#gyr(Z6%i5A"Z'2G0Gpa0KLM0]
Insert a test data, key is [persist.kvStaTest_1747] data=[/!ou+L#e5O.K#r-V1"#zm"-6!1d]
Insert a test data, key is [persist.kvStaTest_1748] data=["05C'A"7k#%.ot5n6e954y!%&xpu]
Insert a test data, key is [persist.kvStaTest_1749] data=[OE*.!4*r3C./90XM+"8A+%"10xI8!]
Insert a test data, key is [persist.kvStaTest_1750] data=[P%dFa625/6Wdoft7"p'8]
Insert a test data, key is [persist.kvStaTest_1751] data=["aPy8n5,e%#%T2!"#AFy"]
Insert a test data, key is [persist.kvStaTest_1752] data=[J+1-CG"#d0pQ%&&Pk!Gy*1]
Insert a test data, key is [persist.kvStaTest_1753] data=["""!#'l&opE##"au'"47lqm]
Insert a test data, key is [persist.kvStaTest_1754] data=[M&O6)V"j2,,x,,)"!*1!S0#e]
Insert a test data, key is [persist.kvStaTest_1755] data=[c3#"z!(tA6!-Q'.!/SN3K&-W(]
Insert a test data, key is [persist.kvStaTest_1756] data=[!8d+y75%)7lU4%Z!!064!/#4!u]
Insert a test data, key is [persist.kvStaTest_1757] data=[!!V#"*&S4c"!9&V1!&D"OC3v#9D]
Insert a test data, key is [persist.kvStaTest_1758] data=[l6K,k##+Y"0#ok8#"-b8-68!q2#']
Insert a test data, key is [persist.kvStaTest_1759] data=[L54!a56I("k&#J#8"S#V"Hq*H'rdQ]
Insert a test data, key is [persist.kvStaTest_1760] data=[)w!#s"8M)B,9n!"R!/QV]
Insert a test data, key is [persist.kvStaTest_1761] data=[H'6,L5/,N9wT8B-"-,ZV!]
Insert a test data, key is [persist.kvStaTest_1762] data=[k!4(!C&Y7!f#%'X/#7U43a]
Insert a test data, key is [persist.kvStaTest_1763] data=[#s4#8pAA!g42bTVL87cJK!7]
Insert a test data, key is [persist.kvStaTest_1764] data=[#y9QNtP8uW#/",o(Iwqe"G&R]
Insert a test data, key is [persist.kvStaTest_1765] data=[+B5tEivkXH/yMCp1%-U'#I9#k]
Insert a test data, key is [persist.kvStaTest_1766] data=[R%L7p3#"rQweek8*MS903218Z9]
Insert a test data, key is [persist.kvStaTest_1767] data=[x%2K!r#(T,8%!1(10"9"Y2/-7"9]
Insert a test data, key is [persist.kvStaTest_1768] data=[!o'Dd.m7#Ioh2hPV"!z4NPcvf2O!]
Insert a test data, key is [persist.kvStaTest_1769] data=[ucyA!/3#!B!656##MY%NKCs28JE0Y]
Insert a test data, key is [persist.kvStaTest_1770] data=[,#A4wf5#eKx'Y5L"a(d"]
Insert a test data, key is [persist.kvStaTest_1771] data=[06&'j3sw8dO/%SZwV"#a)]
Insert a test data, key is [persist.kvStaTest_1772] data=[#7,1P(rYh2z03E#49"4"*!]
Insert a test data, key is [persist.kvStaTest_1773] data=[#X!rV7H-67"(13".%2xf0t!]
Insert a test data, key is [persist.kvStaTest_1774] data=[o"0)V!!(G9u##9M#7Nz26#2*]
Insert a test data, key is [persist.kvStaTest_1775] data=[####Ew&Dq2.&!.!/.990*(/.E]
Insert a test data, key is [persist.kvStaTest_1776] data=[/"Er("8%nW"(A)EWt9-H!4Yv"V]
Insert a test data, key is [persist.kvStaTest_1777] data=["12#XU"h#)o##*8"0rI/J2Sy"'t]
Insert a test data, key is [persist.kvStaTest_1778] data=[48'#j#L+#801bT#Qhi!6,pn%2#WI]
Insert a test data, key is [persist.kvStaTest_1779] data=[S2'3#0G(!/!4)mBoN//f+Bd!lP/*/]
Insert a test data, key is [persist.kvStaTest_1780] data=["bZ#2,BckIl3Dr"4Y4kn]
Insert a test data, key is [persist.kvStaTest_1781] data=[07'"8!!((##E8w#'1,#B&]
Insert a test data, key is [persist.kvStaTest_1782] data=["6"N8-31&+yq.U!#"r#gyr]
Insert a test data, key is [persist.kvStaTest_1783] data=[(Z6%i5A"Z'2G0Gpa0KLM0/!]
Insert a test data, key is [persist.kvStaTest_1784] data=[ou+L#e5O.K#r-V1"#zm"-6!1]
Insert a test data, key is [persist.kvStaTest_1785] data=[d"05C'A"7k#%.ot5n6e954y!%]
Insert a test data, key is [persist.kvStaTest_1786] data=[&xpuOE*.!4*r3C./90XM+"8A+%]
Insert a test data, key is [persist.kvStaTest_1787] data=["10xI8!P%dFa625/6Wdoft7"p'8]
Insert a test data, key is [persist.kvStaTest_1788] data=["aPy8n5,e%#%T2!"#AFy"J+1-CG"]
Insert a test data, key is [persist.kvStaTest_1789] data=[#d0pQ%&&Pk!Gy*1"""!#'l&opE##"]
Insert a test data, key is [persist.kvStaTest_1790] data=[au'"47lqmM&O6)V"j2,,]
Insert a test data, key is [persist.kvStaTest_1791] data=[x,,)"!*1!S0#ec3#"z!(t]
Insert a test data, key is [persist.kvStaTest_1792] data=[A6!-Q'.!/SN3K&-W(!8d+y]
Insert a test data, key is [persist.kvStaTest_1793] data=[75%)7lU4%Z!!064!/#4!u!!]
Insert a test data, key is [persist.kvStaTest_1794] data=[V#"*&S4c"!9&V1!&D"OC3v#9]
Insert a test data, key is [persist.kvStaTest_1795] data=[Dl6K,k##+Y"0#ok8#"-b8-68!]
Insert a test data, key is [persist.kvStaTest_1796] data=[q2#'L54!a56I("k&#J#8"S#V"H]
Insert a test data, key is [persist.kvStaTest_1797] data=[q*H'rdQ)w!#s"8M)B,9n!"R!/QV]
Insert a test data, key is [persist.kvStaTest_1798] data=[H'6,L5/,N9wT8B-"-,ZV!k!4(!C&]
Insert a test data, key is [persist.kvStaTest_1799] data=[Y7!f#%'X/#7U43a#s4#8pAA!g42bT]
Insert a test data, key is [persist.kvStaTest_1800] data=[VL87cJK!7#y9QNtP8uW#]
Insert a test data, key is [persist.kvStaTest_1801] data=[/",o(Iwqe"G&R+B5tEivk]
Insert a test data, key is [persist.kvStaTest_1802] data=[XH/yMCp1%-U'#I9#kR%L7p]
Insert a test data, key is [persist.kvStaTest_1803] data=[3#"rQweek8*MS903218Z9x%]
Insert a test data, key is [persist.kvStaTest_1804] data=[2K!r#(T,8%!1(10"9"Y2/-7"]
Insert a test data, key is [persist.kvStaTest_1805] data=[9!o'Dd.m7#Ioh2hPV"!z4NPcv]
Insert a test data, key is [persist.kvStaTest_1806] data=[f2O!ucyA!/3#!B!656##MY%NKC]
Insert a test data, key is [persist.kvStaTest_1807] data=[s28JE0Y,#A4wf5#eKx'Y5L"a(d"]
Insert a test data, key is [persist.kvStaTest_1808] data=[06&'j3sw8dO/%SZwV"#a)#7,1P(r]
Insert a test data, key is [persist.kvStaTest_1809] data=[Yh2z03E#49"4"*!#X!rV7H-67"(13]
Insert a test data, key is [persist.kvStaTest_1810] data=[".%2xf0t!o"0)V!!(G9u]
Insert a test data, key is [persist.kvStaTest_1811] data=[##9M#7Nz26#2*####Ew&D]
Insert a test data, key is [persist.kvStaTest_1812] data=[q2.&!.!/.990*(/.E/"Er(]
Insert a test data, key is [persist.kvStaTest_1813] data=["8%nW"(A)EWt9-H!4Yv"V"1]
Insert a test data, key is [persist.kvStaTest_1814] data=[2#XU"h#)o##*8"0rI/J2Sy"']
Insert a test data, key is [persist.kvStaTest_1815] data=[t48'#j#L+#801bT#Qhi!6,pn%]
Insert a test data, key is [persist.kvStaTest_1816] data=[2#WIS2'3#0G(!/!4)mBoN//f+B]
Insert a test data, key is [persist.kvStaTest_1817] data=[d!lP/*/"bZ#2,BckIl3Dr"4Y4kn]
Insert a test data, key is [persist.kvStaTest_1818] data=[07'"8!!((##E8w#'1,#B&"6"N8-3]
Insert a test data, key is [persist.kvStaTest_1819] data=[1&+yq.U!#"r#gyr(Z6%i5A"Z'2G0G]
Insert a test data, key is [persist.kvStaTest_1820] data=[pa0KLM0/!ou+L#e5O.K#]
Insert a test data, key is [persist.kvStaTest_1821] data=[r-V1"#zm"-6!1d"05C'A"]
Insert a test data, key is [persist.kvStaTest_1822] data=[7k#%.ot5n6e954y!%&xpuO]
Insert a test data, key is [persist.kvStaTest_1823] data=[E*.!4*r3C./90XM+"8A+%"1]
Insert a test data, key is [persist.kvStaTest_1824] data=[0xI8!P%dFa625/6Wdoft7"p']
Insert a test data, key is [persist.kvStaTest_1825] data=[8"aPy8n5,e%#%T2!"#AFy"J+1]
Insert a test data, key is [persist.kvStaTest_1826] data=[-CG"#d0pQ%&&Pk!Gy*1"""!#'l]
Insert a test data, key is [persist.kvStaTest_1827] data=[&opE##"au'"47lqmM&O6)V"j2,,]
Insert a test data, key is [persist.kvStaTest_1828] data=[x,,)"!*1!S0#ec3#"z!(tA6!-Q'.]
Insert a test data, key is [persist.kvStaTest_1829] data=[!/SN3K&-W(!8d+y75%)7lU4%Z!!06]
Insert a test data, key is [persist.kvStaTest_1830] data=[4!/#4!u!!V#"*&S4c"!9]
Insert a test data, key is [persist.kvStaTest_1831] data=[&V1!&D"OC3v#9Dl6K,k##]
Insert a test data, key is [persist.kvStaTest_1832] data=[+Y"0#ok8#"-b8-68!q2#'L]
Insert a test data, key is [persist.kvStaTest_1833] data=[54!a56I("k&#J#8"S#V"Hq*]
Insert a test data, key is [persist.kvStaTest_1834] data=[H'rdQ)w!#s"8M)B,9n!"R!/Q]
Insert a test data, key is [persist.kvStaTest_1835] data=[VH'6,L5/,N9wT8B-"-,ZV!k!4]
Insert a test data, key is [persist.kvStaTest_1836] data=[(!C&Y7!f#%'X/#7U43a#s4#8pA]
Insert a test data, key is [persist.kvStaTest_1837] data=[A!g42bTVL87cJK!7#y9QNtP8uW#]
Insert a test data, key is [persist.kvStaTest_1838] data=[/",o(Iwqe"G&R+B5tEivkXH/yMCp]
Insert a test data, key is [persist.kvStaTest_1839] data=[1%-U'#I9#kR%L7p3#"rQweek8*MS9]
Insert a test data, key is [persist.kvStaTest_1840] data=[03218Z9x%2K!r#(T,8%!]
Insert a test data, key is [persist.kvStaTest_1841] data=[1(10"9"Y2/-7"9!o'Dd.m]
Insert a test data, key is [persist.kvStaTest_1842] data=[7#Ioh2hPV"!z4NPcvf2O!u]
Insert a test data, key is [persist.kvStaTest_1843] data=[cyA!/3#!B!656##MY%NKCs2]
Insert a test data, key is [persist.kvStaTest_1844] data=[8JE0Y,#A4wf5#eKx'Y5L"a(d]
Insert a test data, key is [persist.kvStaTest_1845] data=["06&'j3sw8dO/%SZwV"#a)#7,]
Insert a test data, key is [persist.kvStaTest_1846] data=[1P(rYh2z03E#49"4"*!#X!rV7H]
Insert a test data, key is [persist.kvStaTest_1847] data=[-67"(13".%2xf0t!o"0)V!!(G9u]
Insert a test data, key is [persist.kvStaTest_1848] data=[##9M#7Nz26#2*####Ew&Dq2.&!.!]
Insert a test data, key is [persist.kvStaTest_1849] data=[/.990*(/.E/"Er("8%nW"(A)EWt9-]
Insert a test data, key is [persist.kvStaTest_1850] data=[H!4Yv"V"12#XU"h#)o##]
Insert a test data, key is [persist.kvStaTest_1851] data=[*8"0rI/J2Sy"'t48'#j#L]
Insert a test data, key is [persist.kvStaTest_1852] data=[+#801bT#Qhi!6,pn%2#WIS]
Insert a test data, key is [persist.kvStaTest_1853] data=[2'3#0G(!/!4)mBoN//f+Bd!]
Insert a test data, key is [persist.kvStaTest_1854] data=[lP/*/"bZ#2,BckIl3Dr"4Y4k]
Insert a test data, key is [persist.kvStaTest_1855] data=[n07'"8!!((##E8w#'1,#B&"6"]
Insert a test data, key is [persist.kvStaTest_1856] data=[N8-31&+yq.U!#"r#gyr(Z6%i5A]
Insert a test data, key is [persist.kvStaTest_1857] data=["Z'2G0Gpa0KLM0/!ou+L#e5O.K#]
Insert a test data, key is [persist.kvStaTest_1858] data=[r-V1"#zm"-6!1d"05C'A"7k#%.ot]
Insert a test data, key is [persist.kvStaTest_1859] data=[5n6e954y!%&xpuOE*.!4*r3C./90X]
Insert a test data, key is [persist.kvStaTest_1860] data=[M+"8A+%"10xI8!P%dFa6]
Insert a test data, key is [persist.kvStaTest_1861] data=[25/6Wdoft7"p'8"aPy8n5]
Insert a test data, key is [persist.kvStaTest_1862] data=[,e%#%T2!"#AFy"J+1-CG"#]
Insert a test data, key is [persist.kvStaTest_1863] data=[d0pQ%&&Pk!Gy*1"""!#'l&o]
Insert a test data, key is [persist.kvStaTest_1864] data=[pE##"au'"47lqmM&O6)V"j2,]
Insert a test data, key is [persist.kvStaTest_1865] data=[,x,,)"!*1!S0#ec3#"z!(tA6!]
Insert a test data, key is [persist.kvStaTest_1866] data=[-Q'.!/SN3K&-W(!8d+y75%)7lU]
Insert a test data, key is [persist.kvStaTest_1867] data=[4%Z!!064!/#4!u!!V#"*&S4c"!9]
Insert a test data, key is [persist.kvStaTest_1868] data=[&V1!&D"OC3v#9Dl6K,k##+Y"0#ok]
Insert a test data, key is [persist.kvStaTest_1869] data=[8#"-b8-68!q2#'L54!a56I("k&#J#]
Insert a test data, key is [persist.kvStaTest_1870] data=[8"S#V"Hq*H'rdQ)w!#s"]
Insert a test data, key is [persist.kvStaTest_1871] data=[8M)B,9n!"R!/QVH'6,L5/]
Insert a test data, key is [persist.kvStaTest_1872] data=[,N9wT8B-"-,ZV!k!4(!C&Y]
Insert a test data, key is [persist.kvStaTest_1873] data=[7!f#%'X/#7U43a#s4#8pAA!]
Insert a test data, key is [persist.kvStaTest_1874] data=[g42bTVL87cJK!7#y9QNtP8uW]
Insert a test data, key is [persist.kvStaTest_1875] data=[#/",o(Iwqe"G&R+B5tEivkXH/]
Insert a test data, key is [persist.kvStaTest_1876] data=[yMCp1%-U'#I9#kR%L7p3#"rQwe]
Insert a test data, key is [persist.kvStaTest_1877] data=[ek8*MS903218Z9x%2K!r#(T,8%!]
Insert a test data, key is [persist.kvStaTest_1878] data=[1(10"9"Y2/-7"9!o'Dd.m7#Ioh2h]
Insert a test data, key is [persist.kvStaTest_1879] data=[PV"!z4NPcvf2O!ucyA!/3#!B!656#]
Insert a test data, key is [persist.kvStaTest_1880] data=[#MY%NKCs28JE0Y,#A4wf]
Insert a test data, key is [persist.kvStaTest_1881] data=[5#eKx'Y5L"a(d"06&'j3s]
Insert a test data, key is [persist.kvStaTest_1882] data=[w8dO/%SZwV"#a)#7,1P(rY]
Insert a test data, key is [persist.kvStaTest_1883] data=[h2z03E#49"4"*!#X!rV7H-6]
Insert a test data, key is [persist.kvStaTest_1884] data=[7"(13".%2xf0t!o"0)V!!(G9]
Insert a test data, key is [persist.kvStaTest_1885] data=[u##9M#7Nz26#2*####Ew&Dq2.]
Insert a test data, key is [persist.kvStaTest_1886] data=[&!.!/.990*(/.E/"Er("8%nW"(]
Insert a test data, key is [persist.kvStaTest_1887] data=[A)EWt9-H!4Yv"V"12#XU"h#)o##]
Insert a test data, key is [persist.kvStaTest_1888] data=[*8"0rI/J2Sy"'t48'#j#L+#801bT]
Insert a test data, key is [persist.kvStaTest_1889] data=[#Qhi!6,pn%2#WIS2'3#0G(!/!4)mB]
Insert a test data, key is [persist.kvStaTest_1890] data=[oN//f+Bd!lP/*/"bZ#2,]
Insert a test data, key is [persist.kvStaTest_1891] data=[BckIl3Dr"4Y4kn07'"8!!]
Insert a test data, key is [persist.kvStaTest_1892] data=[((##E8w#'1,#B&"6"N8-31]
Insert a test data, key is [persist.kvStaTest_1893] data=[&+yq.U!#"r#gyr(Z6%i5A"Z]
Insert a test data, key is [persist.kvStaTest_1894] data=['2G0Gpa0KLM0/!ou+L#e5O.K]
Insert a test data, key is [persist.kvStaTest_1895] data=[#r-V1"#zm"-6!1d"05C'A"7k#]
Insert a test data, key is [persist.kvStaTest_1896] data=[%.ot5n6e954y!%&xpuOE*.!4*r]
Insert a test data, key is [persist.kvStaTest_1897] data=[3C./90XM+"8A+%"10xI8!P%dFa6]
Insert a test data, key is [persist.kvStaTest_1898] data=[25/6Wdoft7"p'8"aPy8n5,e%#%T2]
Insert a test data, key is [persist.kvStaTest_1899] data=[!"#AFy"J+1-CG"#d0pQ%&&Pk!Gy*1]
Insert a test data, key is [persist.kvStaTest_1900] data=["""!#'l&opE##"au'"47]
Insert a test data, key is [persist.kvStaTest_1901] data=[lqmM&O6)V"j2,,x,,)"!*]
Insert a test data, key is [persist.kvStaTest_1902] data=[1!S0#ec3#"z!(tA6!-Q'.!]
Insert a test data, key is [persist.kvStaTest_1903] data=[/SN3K&-W(!8d+y75%)7lU4%]
Insert a test data, key is [persist.kvStaTest_1904] data=[Z!!064!/#4!u!!V#"*&S4c"!]
Insert a test data, key is [persist.kvStaTest_1905] data=[9&V1!&D"OC3v#9Dl6K,k##+Y"]
Insert a test data, key is [persist.kvStaTest_1906] data=[0#ok8#"-b8-68!q2#'L54!a56I]
Insert a test data, key is [persist.kvStaTest_1907] data=[("k&#J#8"S#V"Hq*H'rdQ)w!#s"]
Insert a test data, key is [persist.kvStaTest_1908] data=[8M)B,9n!"R!/QVH'6,L5/,N9wT8B]
Insert a test data, key is [persist.kvStaTest_1909] data=[-"-,ZV!k!4(!C&Y7!f#%'X/#7U43a]
IO error while writing dirty pages, rollback your database
IO error while writing dirty pages, rollback your database
IO error while writing dirty pages, rollback your database
IO error while writing dirty pages, rollback your database
IO error while writing dirty pages, rollback your database
IO error while writing dirty pages, rollback your database
IO error while writing dirty pages, rollback your database
IO error while writing dirty pages, rollback your database
IO error while writing dirty pages, rollback your database
IO error while writing dirty pages, rollback your database
IO error while writing dirty pages, rollback your database
IO error while writing dirty pages, rollback your database
IO error while writing dirty pages, rollback your database
IO error while writing dirty pages, rollback your database
IO error while writing dirty pages, rollback your database
Insert a test data, key is [persist.kvStaTest_0] data=[xBH(/ti37.cF#'+"j"k)]
Insert a test data, key is [persist.kvStaTest_1] data=[q0sA/u93((/6#(0y/-O/8]
Insert a test data, key is [persist.kvStaTest_2] data=[1xu/"83"P!#J%831*c0it-]
Insert a test data, key is [persist.kvStaTest_3] data=[kV!u!l###o"5T8#Az!""W#W]
Insert a test data, key is [persist.kvStaTest_4] data=[kN"4dp"91w/y!(!"QWLq1"r0]
Insert a test data, key is [persist.kvStaTest_5] data=[rw"q6HCH,"-!u"H#&6)PBUtP#]
Insert a test data, key is [persist.kvStaTest_6] data=[#271FX33IM#/Wz8x'j!X#C!!#4]
Insert a test data, key is [persist.kvStaTest_7] data=[c%&5"P58q(S"2(R!H#'(*4.a#2+]
Insert a test data, key is [persist.kvStaTest_8] data=[!#g#3s00s"6a60j)Iv,Zt3t.2U#!]
Insert a test data, key is [persist.kvStaTest_9] data=["W#"211v%!n/fv%35#)#P,*"4wjGy]
store FAILED !  return -2 ,  steps 10
IO error while writing dirty pages, rollback your database
Insert a test data, key is [persist.kvStaTest_0] data=[xBH(/ti37.cF#'+"j"k)]
Insert a test data, key is [persist.kvStaTest_1] data=[q0sA/u93((/6#(0y/-O/8]
Insert a test data, key is [persist.kvStaTest_2] data=[1xu/"83"P!#J%831*c0it-]
Insert a test data, key is [persist.kvStaTest_3] data=[kV!u!l###o"5T8#Az!""W#W]
Insert a test data, key is [persist.kvStaTest_4] data=[kN"4dp"91w/y!(!"QWLq1"r0]
Insert a test data, key is [persist.kvStaTest_5] data=[rw"q6HCH,"-!u"H#&6)PBUtP#]
Insert a test data, key is [persist.kvStaTest_6] data=[#271FX33IM#/Wz8x'j!X#C!!#4]
Insert a test data, key is [persist.kvStaTest_7] data=[c%&5"P58q(S"2(R!H#'(*4.a#2+]
Insert a test data, key is [persist.kvStaTest_8] data=[!#g#3s00s"6a60j)Iv,Zt3t.2U#!]
Insert a test data, key is [persist.kvStaTest_9] data=["W#"211v%!n/fv%35#)#P,*"4wjGy]
store FAILED !  return -2 ,  steps 10
IO error while writing dirty pages, rollback your database
Insert a test data, key is [persist.kvStaTest_0] data=['!!5fB!O27S5!!F*rDN,]
Insert a test data, key is [persist.kvStaTest_1] data=[.,u9/!5'+025!6e!i!-Ja]
Insert a test data, key is [persist.kvStaTest_2] data=[q%4N!zTG-9'-17!29%#r"5]
Insert a test data, key is [persist.kvStaTest_3] data=[yZ6b#.k6T#Q)a2AFX%!Uxa7]
Insert a test data, key is [persist.kvStaTest_4] data=[0/x#-sr!'r,w9KO35#Op"!4O]
Insert a test data, key is [persist.kvStaTest_5] data=[!*Y9##MQb55m!K8mIh(T"Y##%]
Insert a test data, key is [persist.kvStaTest_6] data=[("#'m"+s!!GJ#-2n!/m#8O"'5"]
Insert a test data, key is [persist.kvStaTest_7] data=[&U,KqX!#*7Ux*)R"&M'6UEl,,m/]
Insert a test data, key is [persist.kvStaTest_8] data=[8Kd0Ou#J/%"4(26#3#3uRiu##,PS]
Insert a test data, key is [persist.kvStaTest_9] data=[5+S"Xe"xl#6Cl+8L/2A(w#9+2"DiW]
store FAILED !  return -2 ,  steps 10
IO error while writing dirty pages, rollback your database
Insert a test data, key is [persist.kvStaTest_0] data=['!!5fB!O27S5!!F*rDN,]
Insert a test data, key is [persist.kvStaTest_1] data=[.,u9/!5'+025!6e!i!-Ja]
Insert a test data, key is [persist.kvStaTest_2] data=[q%4N!zTG-9'-17!29%#r"5]
Insert a test data, key is [persist.kvStaTest_3] data=[yZ6b#.k6T#Q)a2AFX%!Uxa7]
Insert a test data, key is [persist.kvStaTest_4] data=[0/x#-sr!'r,w9KO35#Op"!4O]
Insert a test data, key is [persist.kvStaTest_5] data=[!*Y9##MQb55m!K8mIh(T"Y##%]
Insert a test data, key is [persist.kvStaTest_6] data=[("#'m"+s!!GJ#-2n!/m#8O"'5"]
Insert a test data, key is [persist.kvStaTest_7] data=[&U,KqX!#*7Ux*)R"&M'6UEl,,m/]
Insert a test data, key is [persist.kvStaTest_8] data=[8Kd0Ou#J/%"4(26#3#3uRiu##,PS]
Insert a test data, key is [persist.kvStaTest_9] data=[5+S"Xe"xl#6Cl+8L/2A(w#9+2"DiW]
store FAILED !  return -2 ,  steps 10
IO error while writing dirty pages, rollback your database
Insert a test data, key is [persist.kvStaTest_0] data=['!!5fB!O27S5!!F*rDN,]
Insert a test data, key is [persist.kvStaTest_1] data=[.,u9/!5'+025!6e!i!-Ja]
Insert a test data, key is [persist.kvStaTest_2] data=[q%4N!zTG-9'-17!29%#r"5]
Insert a test data, key is [persist.kvStaTest_3] data=[yZ6b#.k6T#Q)a2AFX%!Uxa7]
Insert a test data, key is [persist.kvStaTest_4] data=[0/x#-sr!'r,w9KO35#Op"!4O]
Insert a test data, key is [persist.kvStaTest_5] data=[!*Y9##MQb55m!K8mIh(T"Y##%]
Insert a test data, key is [persist.kvStaTest_6] data=[("#'m"+s!!GJ#-2n!/m#8O"'5"]
Insert a test data, key is [persist.kvStaTest_7] data=[&U,KqX!#*7Ux*)R"&M'6UEl,,m/]
Insert a test data, key is [persist.kvStaTest_8] data=[8Kd0Ou#J/%"4(26#3#3uRiu##,PS]
Insert a test data, key is [persist.kvStaTest_9] data=[5+S"Xe"xl#6Cl+8L/2A(w#9+2"DiW]
store FAILED !  return -2 ,  steps 10
IO error while writing dirty pages, rollback your database
Insert a test data, key is [persist.kvStaTest_0] data=[2'"dv"!34"!Su!!4X)A,]
Insert a test data, key is [persist.kvStaTest_1] data=[58"#"K"-A8qRZ3n0wN"9Z]
Insert a test data, key is [persist.kvStaTest_2] data=[2+0vt!K14!LzK"V.0#d4'.]
Insert a test data, key is [persist.kvStaTest_3] data=[b#4F8"4Kamn"4D'"#I)'4#2]
Insert a test data, key is [persist.kvStaTest_4] data=[%66w-.%bRo0V+,-#/#QWw4ro]
Insert a test data, key is [persist.kvStaTest_5] data=[%"+'GeQ*!5(6'l&opE##"au'"]
Insert a test data, key is [persist.kvStaTest_6] data=[47lqmM&O6)V"j2,,x,,)"!*1!S]
Insert a test data, key is [persist.kvStaTest_7] data=[0#ec3#"z!(tA6!-Q'.!/SN3K&-W]
Insert a test data, key is [persist.kvStaTest_8] data=[(!8d+y75%)7lU4%Z!!064!/#4!u!]
Insert a test data, key is [persist.kvStaTest_9] data=[!V#"*&S4c"!9&V1!&D"OC3v#9Dl6K]
store FAILED !  return -2 ,  steps 10
IO error while writing dirty pages, rollback your database
Insert a test data, key is [persist.kvStaTest_0] data=[2'"dv"!34"!Su!!4X)A,]
Insert a test data, key is [persist.kvStaTest_1] data=[58"#"K"-A8qRZ3n0wN"9Z]
Insert a test data, key is [persist.kvStaTest_2] data=[2+0vt!K14!LzK"V.0#d4'.]
Insert a test data, key is [persist.kvStaTest_3] data=[b#4F8"4Kamn"4D'"#I)'4#2]
Insert a test data, key is [persist.kvStaTest_4] data=[%66w-.%bRo0V+,-#/#QWw4ro]
Insert a test data, key is [persist.kvStaTest_5] data=[%"+'GeQ*!5(6'l&opE##"au'"]
Insert a test data, key is [persist.kvStaTest_6] data=[47lqmM&O6)V"j2,,x,,)"!*1!S]
Insert a test data, key is [persist.kvStaTest_7] data=[0#ec3#"z!(tA6!-Q'.!/SN3K&-W]
Insert a test data, key is [persist.kvStaTest_8] data=[(!8d+y75%)7lU4%Z!!064!/#4!u!]
Insert a test data, key is [persist.kvStaTest_9] data=[!V#"*&S4c"!9&V1!&D"OC3v#9Dl6K]
store FAILED !  return -2 ,  steps 10
IO error while writing dirty pages, rollback your database
Insert a test data, key is [persist.kvStaTest_0] data=[2'"dv"!34"!Su!!4X)A,]
Insert a test data, key is [persist.kvStaTest_1] data=[58"#"K"-A8qRZ3n0wN"9Z]
Insert a test data, key is [persist.kvStaTest_2] data=[2+0vt!K14!LzK"V.0#d4'.]
Insert a test data, key is [persist.kvStaTest_3] data=[b#4F8"4Kamn"4D'"#I)'4#2]
Insert a test data, key is [persist.kvStaTest_4] data=[%66w-.%bRo0V+,-#/#QWw4ro]
Insert a test data, key is [persist.kvStaTest_5] data=[%"+'GeQ*!5(6'l&opE##"au'"]
Insert a test data, key is [persist.kvStaTest_6] data=[47lqmM&O6)V"j2,,x,,)"!*1!S]
Insert a test data, key is [persist.kvStaTest_7] data=[0#ec3#"z!(tA6!-Q'.!/SN3K&-W]
Insert a test data, key is [persist.kvStaTest_8] data=[(!8d+y75%)7lU4%Z!!064!/#4!u!]
Insert a test data, key is [persist.kvStaTest_9] data=[!V#"*&S4c"!9&V1!&D"OC3v#9Dl6K]
store FAILED !  return -2 ,  steps 10
IO error while writing dirty pages, rollback your database
Insert a test data, key is [persist.kvStaTest_0] data=[ae'"6Dg!+G!.KVp.DXD+]
Insert a test data, key is [persist.kvStaTest_1] data=[Nm"k)MX"!l#"iMM4"Fu"/]
Insert a test data, key is [persist.kvStaTest_2] data=[Ky"y!#o4"iKLO0Ah!h6"#)]
Insert a test data, key is [persist.kvStaTest_3] data=[4U+!*#U85uKw+14"'.6mHHC]
Insert a test data, key is [persist.kvStaTest_4] data=[&#YvG4"b&"4H!X/Ak#33!5"u]
Insert a test data, key is [persist.kvStaTest_5] data=[J"w2%7x"!hw"*0IeQb!"%h)1I]
Insert a test data, key is [persist.kvStaTest_6] data=[NtZ%#a*lb*-AW*6#&Xa17P%5!e]
Insert a test data, key is [persist.kvStaTest_7] data=[U)!cvx7KBeCnX.ko,2%",b83Wk"]
Insert a test data, key is [persist.kvStaTest_8] data=[Z7a"2#+ZuK!!5!+5*k5u4iWH769']
Insert a test data, key is [persist.kvStaTest_9] data=[6A3Q9)19##+Y"0#ok8#"-b8-68!q2]
store FAILED !  return -2 ,  steps 10
IO error while writing dirty pages, rollback your database
TEST FAILED !
nsh> [K
nsh> [KTraceback (most recent call last):
  File "/home/regex/work/esp32s31-openvela/backups/2026-09-10-scan-stress/run1119-kv-stability.py", line 46, in <module>
    k.require('TEST PASSED !'<REDACTED_CREDENTIAL>'TEST FAILED !' not in text, 'original verdict failed/missing')
  File "/home/regex/work/esp32s31-openvela/backups/2026-09-10-scan-stress/xts-kvdb-suite.py", line 22, in require
    raise RuntimeError(message)
RuntimeError: original verdict failed/missing
