--- CMD: ifup wlan0 ---
ifup wlan0
ifup wlan0...OK
nsh> [K
nsh> [K
--- CMD: wapi mode wlan0 2 ---
wapi mode wlan0 2
nsh> [K
nsh> [K
--- CMD: wapi psk wlan0 <redacted> 3 ---
wapi psk wlan0 <redacted> 3
[CPU0] esp_event_post_wrapper: Station disconnected: reason=203 rssi=-73
[CPU0] esp_event_post_wrapper: S31 associated: channel=6 auth=3 bssid=60:ce:41:46:0e:ec
[CPU0] esp_evt_work_cb: S31 driver STA MAC: 30:ed:a0:f3:f7:b0
[CPU0] esp_evt_work_cb: S31 driver power save: ret=0 mode=0
[CPU0] esp_evt_work_cb: S31 driver protocol: ret=0 bitmap=7
[CPU0] esp_evt_work_cb: S31 negotiated PHY: ret=0 mode=4
[CPU0] esp_evt_work_cb: S31 HE SU beamformee disabled: ret=0 value=0
[CPU0] s31_wifi_rx_counters: S31 modem clocks connected: conf1=0038e7ff bb=1 bb80x1=1 bb44=1 mac=1 apb=1 fe160=1 sec=0
[CPU0] s31_wifi_rx_counters: S31 RX counters connected: ret=0 mpdu=48141 data=13231 fcs=63298 abort=50662 full=0 fifo=0 other=31337
[CPU0] s31_wifi_rx_counters: S31 HE counters: power=1023 sigb=0 format=0 unsupported=0 siga=1023 bboff=0 wdg=0
[CPU0] s31_wifi_rx_counters: S31 radio hangs: rx=0 tx=0 flags=00000000 panic=00000000 bf_timeout=0 bf_error=0
[CPU0] s31_wifi_rx_counters: S31 RX errors: ret=0 total=1140 bitmap=1140 tkip=0
[CPU0] s31_wifi_rx_counters: S31 RX types: ret=0 legacy=1078 ht=7301 su=0 ersu=0 mu=0 su_noeb=0 mu_noeb=0 stbc=0 retry=0
[CPU0] s31_wifi_rx_counters: S31 TX stats: ret=0 enable=72922 complete=72922 succ=167469 ack=7130 ba=32301 retry=102777 nomem=0 timeout=0
[CPU0] esp_event_post_wrapper: S31 associated: channel=6 auth=3 bssid=60:ce:41:46:0e:ec
[CPU0] esp_evt_work_cb: S31 driver STA MAC: 30:ed:a0:f3:f7:b0
[CPU0] esp_evt_work_cb: S31 driver power save: ret=0 mode=0
[CPU0] esp_evt_work_cb: S31 driver protocol: ret=0 bitmap=7
[CPU0] esp_evt_work_cb: S31 negotiated PHY: ret=0 mode=4
[CPU0] esp_evt_work_cb: S31 HE SU beamformee disabled: ret=0 value=0
[CPU0] s31_wifi_rx_counters: S31 modem clocks connected: conf1=0038e7ff bb=1 bb80x1=1 bb44=1 mac=1 apb=1 fe160=1 sec=0
[CPU0] s31_wifi_rx_counters: S31 RX counters connected: ret=0 mpdu=48716 data=13245 fcs=63313 abort=50686 full=0 fifo=0 other=31346
[CPU0] s31_wifi_rx_counters: S31 HE counters: power=1023 sigb=0 format=0 unsupported=0 siga=1023 bboff=0 wdg=0
[CPU0] s31_wifi_rx_counters: S31 radio hangs: rx=0 tx=0 flags=00000000 panic=00000000 bf_timeout=0 bf_error=0
[CPU0] s31_wifi_rx_counters: S31 RX errors: ret=0 total=1140 bitmap=1140 tkip=0
[CPU0] s31_wifi_rx_counters: S31 RX types: ret=0 legacy=1081 ht=7301 su=0 ersu=0 mu=0 su_noeb=0 mu_noeb=0 stbc=0 retry=0
[CPU0] s31_wifi_rx_counters: S31 TX stats: ret=0 enable=72922 complete=72922 succ=167469 ack=7130 ba=32301 retry=102777 nomem=0 timeout=0
[CPU0] esp_event_post_wrapper: S31 associated: channel=11 auth=3 bssid=60:ce:41:ab:02:d0
[CPU0] esp_evt_work_cb: S31 driver STA MAC: 30:ed:a0:f3:f7:b0
[CPU0] esp_evt_work_cb: S31 driver power save: ret=0 mode=0
[CPU0] esp_evt_work_cb: S31 driver protocol: ret=0 bitmap=7
[CPU0] esp_evt_work_cb: S31 negotiated PHY: ret=0 mode=4
[CPU0] esp_evt_work_cb: S31 HE SU beamformee disabled: ret=0 value=0
[CPU0] s31_wifi_rx_counters: S31 modem clocks connected: conf1=0038e7ff bb=1 bb80x1=1 bb44=1 mac=1 apb=1 fe160=1 sec=0
[CPU0] s31_wifi_rx_counters: S31 RX counters connected: ret=0 mpdu=55821 data=13261 fcs=63628 abort=51151 full=0 fifo=0 other=31632
[CPU0] s31_wifi_rx_counters: S31 HE counters: power=1023 sigb=0 format=0 unsupported=0 siga=1023 bboff=0 wdg=0
[CPU0] s31_wifi_rx_counters: S31 radio hangs: rx=0 tx=0 flags=00000000 panic=00000000 bf_timeout=0 bf_error=0
[CPU0] s31_wifi_rx_counters: S31 RX errors: ret=0 total=1140 bitmap=1140 tkip=0
[CPU0] s31_wifi_rx_counters: S31 RX types: ret=0 legacy=1083 ht=7301 su=0 ersu=0 mu=0 su_noeb=0 mu_noeb=0 stbc=0 retry=0
[CPU0] s31_wifi_rx_counters: S31 TX stats: ret=0 enable=72922 complete=72922 succ=167469 ack=7130 ba=32301 retry=102777 nomem=0 timeout=0
nsh> [K
nsh> [K
--- CMD: wapi essid wlan0 <redacted> 1 ---
wapi essid wlan0 <redacted> 1
[CPU0] esp_event_post_wrapper: S31 associated: channel=11 auth=3 bssid=7c:39:85:2a:50:04
[CPU1] esp_evt_work_cb: S31 driver STA MAC: 30:ed:a0:f3:f7:b0
[CPU1] esp_evt_work_cb: S31 driver power save: ret=0 mode=0
[CPU0] esp_evt_work_cb: S31 driver protocol: ret=0 bitmap=7
[CPU0] esp_evt_work_cb: S31 negotiated PHY: ret=0 mode=4
[CPU0] esp_evt_work_cb: S31 HE SU beamformee disabled: ret=0 value=0
[CPU0] s31_wifi_rx_counters: S31 modem clocks connected: conf1=0038e7ff bb=1 bb80x1=1 bb44=1 mac=1 apb=1 fe160=1 sec=0
[CPU0] s31_wifi_rx_counters: S31 RX counters connected: ret=0 mpdu=56776 data=13274 fcs=63679 abort=51413 full=0 fifo=0 other=31807
[CPU0] s31_wifi_rx_counters: S31 HE counters: power=1023 sigb=0 format=0 unsupported=0 siga=1023 bboff=0 wdg=0
[CPU0] s31_wifi_rx_counters: S31 radio hangs: rx=0 tx=0 flags=00000000 panic=00000000 bf_timeout=0 bf_error=0
[CPU0] s31_wifi_rx_counters: S31 RX errors: ret=0 total=1140 bitmap=1140 tkip=0
[CPU0] s31_wifi_rx_counters: S31 RX types: ret=0 legacy=1088 ht=7301 su=0 ersu=0 mu=0 su_noeb=0 mu_noeb=0 stbc=0 retry=0
[CPU0] s31_wifi_rx_counters: S31 TX stats: ret=0 enable=72922 complete=72922 succ=167469 ack=7130 ba=32301 retry=102777 nomem=0 timeout=0
nsh> [K
nsh> [K
--- CMD: renew wlan0 ---
renew wlan0
nsh> [K
nsh> [K
--- CMD: ifconfig ---
ifconfig
wlan0	Link encap:Ethernet HWaddr 30:ed:a0:f3:f7:b0 at RUNNING mtu 1500
	inet addr:192.168.1.60 DRaddr:192.168.1.1 Mask:255.255.255.0

nsh> [K
nsh> [K
--- CMD: wapi disconnect wlan0 ---
wapi disconnect wlan0
nsh> [K
nsh> [K
--- CMD: ping 192.168.1.60 ---
ping 192.168.1.60
PING 192.168.1.60 56 bytes of data
[CPU1] icmp_sendmsg: ERROR: Not reachable
ERROR: sendto failed at seqno 0: 101
[CPU0] icmp_sendmsg: ERROR: Not reachable
ERROR: sendto failed at seqno 1: 101
[CPU0] icmp_sendmsg: ERROR: Not reachable
ERROR: sendto failed at seqno 2: 101
[CPU0] icmp_sendmsg: ERROR: Not reachable
ERROR: sendto failed at seqno 3: 101
[CPU0] icmp_sendmsg: ERROR: Not reachable
ERROR: sendto failed at seqno 4: 101
[CPU0] icmp_sendmsg: ERROR: Not reachable
ERROR: sendto failed at seqno 5: 101
[CPU0] icmp_sendmsg: ERROR: Not reachable
ERROR: sendto failed at seqno 6: 101
[CPU0] icmp_sendmsg: ERROR: Not reachable
ERROR: sendto failed at seqno 7: 101
[CPU0] icmp_sendmsg: ERROR: Not reachable
ERROR: sendto failed at seqno 8: 101
[CPU0] icmp_sendmsg: ERROR: Not reachable
ERROR: sendto failed at seqno 9: 101
10 packets transmitted, 0 received, 100% packet loss, time 10100 ms
nsh> [K
nsh> [K
--- CMD: wapi mode wlan0 2 ---
wapi mode wlan0 2
nsh> [K
nsh> [K
--- CMD: wapi psk wlan0 <redacted> 3 ---
wapi psk wlan0 <redacted> 3
nsh> [K
nsh> [K
--- CMD: wapi essid wlan0 <redacted> 1 ---
wapi essid wlan0 <redacted> 1
[CPU0] esp_event_post_wrapper: S31 associated: channel=11 auth=3 bssid=60:ce:41:ab:02:d0
[CPU1] esp_evt_work_cb: S31 driver STA MAC: 30:ed:a0:f3:f7:b0
[CPU1] esp_evt_work_cb: S31 driver power save: ret=0 mode=0
[CPU1] esp_evt_work_cb: S31 driver protocol: ret=0 bitmap=7
[CPU1] esp_evt_work_cb: S31 negotiated PHY: ret=0 mode=4
[CPU1] esp_evt_work_cb: S31 HE SU beamformee disabled: ret=0 value=0
[CPU1] s31_wifi_rx_counters: S31 modem clocks connected: conf1=0038e7ff bb=1 bb80x1=1 bb44=1 mac=1 apb=1 fe160=1 sec=0
[CPU1] s31_wifi_rx_counters: S31 RX counters connected: ret=0 mpdu=59185 data=13301 fcs=63988 abort=52439 full=0 fifo=0 other=32598
[CPU1] s31_wifi_rx_counters: S31 HE counters: power=1023 sigb=0 format=0 unsupported=0 siga=1023 bboff=0 wdg=0
[CPU1] s31_wifi_rx_counters: S31 radio hangs: rx=0 tx=0 flags=00000000 panic=00000000 bf_timeout=0 bf_error=0
[CPU1] s31_wifi_rx_counters: S31 RX errors: ret=0 total=1140 bitmap=1140 tkip=0
[CPU0] s31_wifi_rx_counters: S31 RX types: ret=0 legacy=1100 ht=7306 su=0 ersu=0 mu=0 su_noeb=0 mu_noeb=0 stbc=0 retry=0
[CPU0] s31_wifi_rx_counters: S31 TX stats: ret=0 enable=72923 complete=72923 succ=167470 ack=7130 ba=32302 retry=102777 nomem=0 timeout=0
nsh> [K
nsh> [K
--- CMD: renew wlan0 ---
renew wlan0
nsh> [K
nsh> [K
--- CMD: ping 192.168.1.1 ---
ping 192.168.1.1
PING 192.168.1.1 56 bytes of data
56 bytes from 192.168.1.1: icmp_seq=0 time=30.0 ms
56 bytes from 192.168.1.1: icmp_seq=1 time=20.0 ms
56 bytes from 192.168.1.1: icmp_seq=2 time=20.0 ms
56 bytes from 192.168.1.1: icmp_seq=3 time=30.0 ms
56 bytes from 192.168.1.1: icmp_seq=4 time=30.0 ms
56 bytes from 192.168.1.1: icmp_seq=5 time=20.0 ms
56 bytes from 192.168.1.1: icmp_seq=6 time=20.0 ms
56 bytes from 192.168.1.1: icmp_seq=7 time=30.0 ms
56 bytes from 192.168.1.1: icmp_seq=8 time=20.0 ms
56 bytes from 192.168.1.1: icmp_seq=9 time=20.0 ms
10 packets transmitted, 10 received, 0% packet loss, time 10100 ms
rtt min/avg/max/mdev = 20.000/24.000/30.000/4.898 ms
nsh> [K
nsh> [K
RECONFIGURE_ROUND=1 PASS
--- CMD: ifconfig ---
ifconfig
wlan0	Link encap:Ethernet HWaddr 30:ed:a0:f3:f7:b0 at RUNNING mtu 1500
	inet addr:192.168.1.60 DRaddr:192.168.1.1 Mask:255.255.255.0

nsh> [K
nsh> [K
--- CMD: wapi disconnect wlan0 ---
wapi disconnect wlan0
nsh> [K
nsh> [K
--- CMD: ping 192.168.1.60 ---
ping 192.168.1.60
PING 192.168.1.60 56 bytes of data
[CPU1] icmp_sendmsg: ERROR: Not reachable
ERROR: sendto failed at seqno 0: 101
[CPU0] icmp_sendmsg: ERROR: Not reachable
ERROR: sendto failed at seqno 1: 101
[CPU0] icmp_sendmsg: ERROR: Not reachable
ERROR: sendto failed at seqno 2: 101
[CPU0] icmp_sendmsg: ERROR: Not reachable
ERROR: sendto failed at seqno 3: 101
[CPU0] icmp_sendmsg: ERROR: Not reachable
ERROR: sendto failed at seqno 4: 101
[CPU0] icmp_sendmsg: ERROR: Not reachable
ERROR: sendto failed at seqno 5: 101
[CPU0] icmp_sendmsg: ERROR: Not reachable
ERROR: sendto failed at seqno 6: 101
[CPU0] icmp_sendmsg: ERROR: Not reachable
ERROR: sendto failed at seqno 7: 101
[CPU0] icmp_sendmsg: ERROR: Not reachable
ERROR: sendto failed at seqno 8: 101
[CPU0] icmp_sendmsg: ERROR: Not reachable
ERROR: sendto failed at seqno 9: 101
10 packets transmitted, 0 received, 100% packet loss, time 10100 ms
nsh> [K
nsh> [K
--- CMD: wapi mode wlan0 2 ---
wapi mode wlan0 2
nsh> [K
nsh> [K
--- CMD: wapi psk wlan0 <redacted> 3 ---
wapi psk wlan0 <redacted> 3
nsh> [K
nsh> [K
--- CMD: wapi essid wlan0 <redacted> 1 ---
wapi essid wlan0 <redacted> 1
[CPU0] esp_event_post_wrapper: S31 associated: channel=11 auth=3 bssid=60:ce:41:ab:02:d0
[CPU1] esp_evt_work_cb: S31 driver STA MAC: 30:ed:a0:f3:f7:b0
[CPU1] esp_evt_work_cb: S31 driver power save: ret=0 mode=0
[CPU0] esp_evt_work_cb: S31 driver protocol: ret=0 bitmap=7
[CPU1] esp_evt_work_cb: S31 negotiated PHY: ret=0 mode=4
[CPU1] esp_evt_work_cb: S31 HE SU beamformee disabled: ret=0 value=0
[CPU1] s31_wifi_rx_counters: S31 modem clocks connected: conf1=0038e7ff bb=1 bb80x1=1 bb44=1 mac=1 apb=1 fe160=1 sec=0
[CPU1] s31_wifi_rx_counters: S31 RX counters connected: ret=0 mpdu=16517 data=13352 fcs=992 abort=60817 full=0 fifo=0 other=38753
[CPU1] s31_wifi_rx_counters: S31 HE counters: power=1023 sigb=0 format=0 unsupported=0 siga=1023 bboff=0 wdg=0
[CPU1] s31_wifi_rx_counters: S31 radio hangs: rx=0 tx=0 flags=00000000 panic=00000000 bf_timeout=0 bf_error=0
[CPU1] s31_wifi_rx_counters: S31 RX errors: ret=0 total=1152 bitmap=1152 tkip=0
[CPU1] s31_wifi_rx_counters: S31 RX types: ret=0 legacy=1107 ht=7330 su=0 ersu=0 mu=0 su_noeb=0 mu_noeb=0 stbc=0 retry=0
[CPU0] s31_wifi_rx_counters: S31 TX stats: ret=0 enable=72970 complete=72970 succ=167490 ack=7140 ba=32312 retry=102795 nomem=0 timeout=0
nsh> [K
nsh> [K
--- CMD: renew wlan0 ---
renew wlan0
nsh> [K
nsh> [K
--- CMD: ping 192.168.1.1 ---
ping 192.168.1.1
PING 192.168.1.1 56 bytes of data
56 bytes from 192.168.1.1: icmp_seq=0 time=30.0 ms
56 bytes from 192.168.1.1: icmp_seq=1 time=20.0 ms
56 bytes from 192.168.1.1: icmp_seq=2 time=30.0 ms
56 bytes from 192.168.1.1: icmp_seq=3 time=20.0 ms
56 bytes from 192.168.1.1: icmp_seq=4 time=20.0 ms
56 bytes from 192.168.1.1: icmp_seq=5 time=20.0 ms
56 bytes from 192.168.1.1: icmp_seq=6 time=20.0 ms
56 bytes from 192.168.1.1: icmp_seq=7 time=20.0 ms
56 bytes from 192.168.1.1: icmp_seq=8 time=30.0 ms
56 bytes from 192.168.1.1: icmp_seq=9 time=50.0 ms
10 packets transmitted, 10 received, 0% packet loss, time 10100 ms
rtt min/avg/max/mdev = 20.000/26.000/50.000/9.165 ms
nsh> [K
nsh> [K
RECONFIGURE_ROUND=2 PASS
--- CMD: ifconfig ---
ifconfig
wlan0	Link encap:Ethernet HWaddr 30:ed:a0:f3:f7:b0 at RUNNING mtu 1500
	inet addr:192.168.1.60 DRaddr:192.168.1.1 Mask:255.255.255.0

nsh> [K
nsh> [K
--- CMD: wapi disconnect wlan0 ---
wapi disconnect wlan0
nsh> [K
nsh> [K
--- CMD: ping 192.168.1.60 ---
ping 192.168.1.60
PING 192.168.1.60 56 bytes of data
[CPU1] icmp_sendmsg: ERROR: Not reachable
ERROR: sendto failed at seqno 0: 101
[CPU0] icmp_sendmsg: ERROR: Not reachable
ERROR: sendto failed at seqno 1: 101
[CPU0] icmp_sendmsg: ERROR: Not reachable
ERROR: sendto failed at seqno 2: 101
[CPU0] icmp_sendmsg: ERROR: Not reachable
ERROR: sendto failed at seqno 3: 101
[CPU0] icmp_sendmsg: ERROR: Not reachable
ERROR: sendto failed at seqno 4: 101
[CPU0] icmp_sendmsg: ERROR: Not reachable
ERROR: sendto failed at seqno 5: 101
[CPU0] icmp_sendmsg: ERROR: Not reachable
ERROR: sendto failed at seqno 6: 101
[CPU0] icmp_sendmsg: ERROR: Not reachable
ERROR: sendto failed at seqno 7: 101
[CPU0] icmp_sendmsg: ERROR: Not reachable
ERROR: sendto failed at seqno 8: 101
[CPU0] icmp_sendmsg: ERROR: Not reachable
ERROR: sendto failed at seqno 9: 101
10 packets transmitted, 0 received, 100% packet loss, time 10100 ms
nsh> [K
nsh> [K
--- CMD: wapi mode wlan0 2 ---
wapi mode wlan0 2
nsh> [K
nsh> [K
--- CMD: wapi psk wlan0 <redacted> 3 ---
wapi psk wlan0 <redacted> 3
nsh> [K
nsh> [K
--- CMD: wapi essid wlan0 <redacted> 1 ---
wapi essid wlan0 <redacted> 1
[CPU0] esp_event_post_wrapper: S31 associated: channel=11 auth=3 bssid=7c:39:85:2a:50:04
[CPU0] esp_evt_work_cb: S31 driver STA MAC: 30:ed:a0:f3:f7:b0
[CPU0] esp_evt_work_cb: S31 driver power save: ret=0 mode=0
[CPU0] esp_evt_work_cb: S31 driver protocol: ret=0 bitmap=7
[CPU0] esp_evt_work_cb: S31 negotiated PHY: ret=0 mode=4
[CPU0] esp_evt_work_cb: S31 HE SU beamformee disabled: ret=0 value=0
[CPU0] s31_wifi_rx_counters: S31 modem clocks connected: conf1=0038e7ff bb=1 bb80x1=1 bb44=1 mac=1 apb=1 fe160=1 sec=0
[CPU0] s31_wifi_rx_counters: S31 RX counters connected: ret=0 mpdu=38390 data=13422 fcs=3375 abort=3584 full=0 fifo=0 other=44835
[CPU0] s31_wifi_rx_counters: S31 HE counters: power=1023 sigb=0 format=0 unsupported=0 siga=1023 bboff=0 wdg=0
[CPU0] s31_wifi_rx_counters: S31 radio hangs: rx=0 tx=0 flags=00000000 panic=00000000 bf_timeout=0 bf_error=0
[CPU0] s31_wifi_rx_counters: S31 RX errors: ret=0 total=1152 bitmap=1152 tkip=0
[CPU0] s31_wifi_rx_counters: S31 RX types: ret=0 legacy=1136 ht=7343 su=0 ersu=0 mu=0 su_noeb=0 mu_noeb=0 stbc=0 retry=0
[CPU0] s31_wifi_rx_counters: S31 TX stats: ret=0 enable=73019 complete=73019 succ=167511 ack=7150 ba=32323 retry=102813 nomem=0 timeout=0
nsh> [K
nsh> [K
--- CMD: renew wlan0 ---
renew wlan0
nsh> [K
nsh> [K
--- CMD: ping 192.168.1.1 ---
ping 192.168.1.1
PING 192.168.1.1 56 bytes of data
56 bytes from 192.168.1.1: icmp_seq=0 time=50.0 ms
56 bytes from 192.168.1.1: icmp_seq=1 time=20.0 ms
56 bytes from 192.168.1.1: icmp_seq=2 time=40.0 ms
56 bytes from 192.168.1.1: icmp_seq=3 time=20.0 ms
56 bytes from 192.168.1.1: icmp_seq=4 time=20.0 ms
56 bytes from 192.168.1.1: icmp_seq=5 time=20.0 ms
56 bytes from 192.168.1.1: icmp_seq=6 time=20.0 ms
56 bytes from 192.168.1.1: icmp_seq=7 time=20.0 ms
56 bytes from 192.168.1.1: icmp_seq=8 time=20.0 ms
56 bytes from 192.168.1.1: icmp_seq=9 time=20.0 ms
10 packets transmitted, 10 received, 0% packet loss, time 10100 ms
rtt min/avg/max/mdev = 20.000/25.000/50.000/10.246 ms
nsh> [K
nsh> [K
RECONFIGURE_ROUND=3 PASS
--- CMD: ifconfig ---
ifconfig
wlan0	Link encap:Ethernet HWaddr 30:ed:a0:f3:f7:b0 at RUNNING mtu 1500
	inet addr:192.168.1.60 DRaddr:192.168.1.1 Mask:255.255.255.0

nsh> [K
nsh> [K
--- CMD: wapi disconnect wlan0 ---
wapi disconnect wlan0
nsh> [K
nsh> [K
--- CMD: ping 192.168.1.60 ---
ping 192.168.1.60
PING 192.168.1.60 56 bytes of data
[CPU1] icmp_sendmsg: ERROR: Not reachable
ERROR: sendto failed at seqno 0: 101
[CPU0] icmp_sendmsg: ERROR: Not reachable
ERROR: sendto failed at seqno 1: 101
[CPU0] icmp_sendmsg: ERROR: Not reachable
ERROR: sendto failed at seqno 2: 101
[CPU0] icmp_sendmsg: ERROR: Not reachable
ERROR: sendto failed at seqno 3: 101
[CPU0] icmp_sendmsg: ERROR: Not reachable
ERROR: sendto failed at seqno 4: 101
[CPU0] icmp_sendmsg: ERROR: Not reachable
ERROR: sendto failed at seqno 5: 101
[CPU0] icmp_sendmsg: ERROR: Not reachable
ERROR: sendto failed at seqno 6: 101
[CPU0] icmp_sendmsg: ERROR: Not reachable
ERROR: sendto failed at seqno 7: 101
[CPU0] icmp_sendmsg: ERROR: Not reachable
ERROR: sendto failed at seqno 8: 101
[CPU0] icmp_sendmsg: ERROR: Not reachable
ERROR: sendto failed at seqno 9: 101
10 packets transmitted, 0 received, 100% packet loss, time 10100 ms
nsh> [K
nsh> [K
--- CMD: wapi mode wlan0 2 ---
wapi mode wlan0 2
nsh> [K
nsh> [K
--- CMD: wapi psk wlan0 <redacted> 3 ---
wapi psk wlan0 <redacted> 3
nsh> [K
nsh> [K
--- CMD: wapi essid wlan0 <redacted> 1 ---
wapi essid wlan0 <redacted> 1
[CPU0] esp_event_post_wrapper: S31 associated: channel=11 auth=3 bssid=7c:39:85:2a:50:04
[CPU1] esp_evt_work_cb: S31 driver STA MAC: 30:ed:a0:f3:f7:b0
[CPU1] esp_evt_work_cb: S31 driver power save: ret=0 mode=0
[CPU0] esp_evt_work_cb: S31 driver protocol: ret=0 bitmap=7
[CPU1] esp_evt_work_cb: S31 negotiated PHY: ret=0 mode=4
[CPU1] esp_evt_work_cb: S31 HE SU beamformee disabled: ret=0 value=0
[CPU1] s31_wifi_rx_counters: S31 modem clocks connected: conf1=0038e7ff bb=1 bb80x1=1 bb44=1 mac=1 apb=1 fe160=1 sec=0
[CPU1] s31_wifi_rx_counters: S31 RX counters connected: ret=0 mpdu=63329 data=13481 fcs=5269 abort=11593 full=0 fifo=0 other=51092
[CPU1] s31_wifi_rx_counters: S31 HE counters: power=1023 sigb=0 format=0 unsupported=0 siga=1023 bboff=0 wdg=0
[CPU1] s31_wifi_rx_counters: S31 radio hangs: rx=0 tx=0 flags=00000000 panic=00000000 bf_timeout=0 bf_error=0
[CPU1] s31_wifi_rx_counters: S31 RX errors: ret=0 total=1152 bitmap=1152 tkip=0
[CPU0] s31_wifi_rx_counters: S31 RX types: ret=0 legacy=1157 ht=7357 su=0 ersu=0 mu=0 su_noeb=0 mu_noeb=0 stbc=0 retry=0
[CPU0] s31_wifi_rx_counters: S31 TX stats: ret=0 enable=73040 complete=73040 succ=167525 ack=7156 ba=32331 retry=102821 nomem=0 timeout=0
nsh> [K
nsh> [K
--- CMD: renew wlan0 ---
renew wlan0
nsh> [K
nsh> [K
--- CMD: ping 192.168.1.1 ---
ping 192.168.1.1
PING 192.168.1.1 56 bytes of data
56 bytes from 192.168.1.1: icmp_seq=0 time=20.0 ms
56 bytes from 192.168.1.1: icmp_seq=1 time=30.0 ms
56 bytes from 192.168.1.1: icmp_seq=2 time=20.0 ms
56 bytes from 192.168.1.1: icmp_seq=3 time=40.0 ms
56 bytes from 192.168.1.1: icmp_seq=4 time=20.0 ms
56 bytes from 192.168.1.1: icmp_seq=5 time=20.0 ms
56 bytes from 192.168.1.1: icmp_seq=6 time=20.0 ms
56 bytes from 192.168.1.1: icmp_seq=7 time=20.0 ms
56 bytes from 192.168.1.1: icmp_seq=8 time=30.0 ms
56 bytes from 192.168.1.1: icmp_seq=9 time=20.0 ms
10 packets transmitted, 10 received, 0% packet loss, time 10100 ms
rtt min/avg/max/mdev = 20.000/24.000/40.000/6.633 ms
nsh> [K
nsh> [K
RECONFIGURE_ROUND=4 PASS
--- CMD: ifconfig ---
ifconfig
wlan0	Link encap:Ethernet HWaddr 30:ed:a0:f3:f7:b0 at RUNNING mtu 1500
	inet addr:192.168.1.60 DRaddr:192.168.1.1 Mask:255.255.255.0

nsh> [K
nsh> [K
--- CMD: wapi disconnect wlan0 ---
wapi disconnect wlan0
nsh> [K
nsh> [K
--- CMD: ping 192.168.1.60 ---
ping 192.168.1.60
PING 192.168.1.60 56 bytes of data
[CPU1] icmp_sendmsg: ERROR: Not reachable
ERROR: sendto failed at seqno 0: 101
[CPU0] icmp_sendmsg: ERROR: Not reachable
ERROR: sendto failed at seqno 1: 101
[CPU0] icmp_sendmsg: ERROR: Not reachable
ERROR: sendto failed at seqno 2: 101
[CPU0] icmp_sendmsg: ERROR: Not reachable
ERROR: sendto failed at seqno 3: 101
[CPU0] icmp_sendmsg: ERROR: Not reachable
ERROR: sendto failed at seqno 4: 101
[CPU0] icmp_sendmsg: ERROR: Not reachable
ERROR: sendto failed at seqno 5: 101
[CPU0] icmp_sendmsg: ERROR: Not reachable
ERROR: sendto failed at seqno 6: 101
[CPU0] icmp_sendmsg: ERROR: Not reachable
ERROR: sendto failed at seqno 7: 101
[CPU0] icmp_sendmsg: ERROR: Not reachable
ERROR: sendto failed at seqno 8: 101
[CPU0] icmp_sendmsg: ERROR: Not reachable
ERROR: sendto failed at seqno 9: 101
10 packets transmitted, 0 received, 100% packet loss, time 10100 ms
nsh> [K
nsh> [K
--- CMD: wapi mode wlan0 2 ---
wapi mode wlan0 2
nsh> [K
nsh> [K
--- CMD: wapi psk wlan0 <redacted> 3 ---
wapi psk wlan0 <redacted> 3
nsh> [K
nsh> [K
--- CMD: wapi essid wlan0 <redacted> 1 ---
wapi essid wlan0 <redacted> 1
[CPU0] esp_event_post_wrapper: S31 associated: channel=11 auth=3 bssid=7c:39:85:2a:50:04
[CPU0] esp_evt_work_cb: S31 driver STA MAC: 30:ed:a0:f3:f7:b0
[CPU0] esp_evt_work_cb: S31 driver power save: ret=0 mode=0
[CPU0] esp_evt_work_cb: S31 driver protocol: ret=0 bitmap=7
[CPU0] esp_evt_work_cb: S31 negotiated PHY: ret=0 mode=4
[CPU0] esp_evt_work_cb: S31 HE SU beamformee disabled: ret=0 value=0
[CPU0] s31_wifi_rx_counters: S31 modem clocks connected: conf1=0038e7ff bb=1 bb80x1=1 bb44=1 mac=1 apb=1 fe160=1 sec=0
[CPU0] s31_wifi_rx_counters: S31 RX counters connected: ret=0 mpdu=20634 data=13540 fcs=7392 abort=20075 full=0 fifo=0 other=57800
[CPU0] s31_wifi_rx_counters: S31 HE counters: power=1023 sigb=0 format=0 unsupported=0 siga=1023 bboff=0 wdg=0
[CPU0] s31_wifi_rx_counters: S31 radio hangs: rx=0 tx=0 flags=00000000 panic=00000000 bf_timeout=0 bf_error=0
[CPU0] s31_wifi_rx_counters: S31 RX errors: ret=0 total=1152 bitmap=1152 tkip=0
[CPU0] s31_wifi_rx_counters: S31 RX types: ret=0 legacy=1182 ht=7371 su=0 ersu=0 mu=0 su_noeb=0 mu_noeb=0 stbc=0 retry=0
[CPU0] s31_wifi_rx_counters: S31 TX stats: ret=0 enable=73060 complete=73060 succ=167540 ack=7161 ba=32341 retry=102829 nomem=0 timeout=0
nsh> [K
nsh> [K
--- CMD: renew wlan0 ---
renew wlan0
nsh> [K
nsh> [K
--- CMD: ping 192.168.1.1 ---
ping 192.168.1.1
PING 192.168.1.1 56 bytes of data
56 bytes from 192.168.1.1: icmp_seq=0 time=40.0 ms
56 bytes from 192.168.1.1: icmp_seq=1 time=20.0 ms
56 bytes from 192.168.1.1: icmp_seq=2 time=20.0 ms
56 bytes from 192.168.1.1: icmp_seq=3 time=30.0 ms
56 bytes from 192.168.1.1: icmp_seq=4 time=40.0 ms
56 bytes from 192.168.1.1: icmp_seq=5 time=30.0 ms
56 bytes from 192.168.1.1: icmp_seq=6 time=20.0 ms
56 bytes from 192.168.1.1: icmp_seq=7 time=20.0 ms
56 bytes from 192.168.1.1: icmp_seq=8 time=30.0 ms
56 bytes from 192.168.1.1: icmp_seq=9 time=20.0 ms
10 packets transmitted, 10 received, 0% packet loss, time 10100 ms
rtt min/avg/max/mdev = 20.000/27.000/40.000/7.810 ms
nsh> [K
nsh> [K
RECONFIGURE_ROUND=5 PASS
--- CMD: ifconfig ---
ifconfig
wlan0	Link encap:Ethernet HWaddr 30:ed:a0:f3:f7:b0 at RUNNING mtu 1500
	inet addr:192.168.1.60 DRaddr:192.168.1.1 Mask:255.255.255.0

nsh> [K
nsh> [K
--- CMD: wapi disconnect wlan0 ---
wapi disconnect wlan0
nsh> [K
nsh> [K
--- CMD: ping 192.168.1.60 ---
ping 192.168.1.60
PING 192.168.1.60 56 bytes of data
[CPU1] icmp_sendmsg: ERROR: Not reachable
ERROR: sendto failed at seqno 0: 101
[CPU0] icmp_sendmsg: ERROR: Not reachable
ERROR: sendto failed at seqno 1: 101
[CPU0] icmp_sendmsg: ERROR: Not reachable
ERROR: sendto failed at seqno 2: 101
[CPU0] icmp_sendmsg: ERROR: Not reachable
ERROR: sendto failed at seqno 3: 101
[CPU0] icmp_sendmsg: ERROR: Not reachable
ERROR: sendto failed at seqno 4: 101
[CPU0] icmp_sendmsg: ERROR: Not reachable
ERROR: sendto failed at seqno 5: 101
[CPU0] icmp_sendmsg: ERROR: Not reachable
ERROR: sendto failed at seqno 6: 101
[CPU0] icmp_sendmsg: ERROR: Not reachable
ERROR: sendto failed at seqno 7: 101
[CPU0] icmp_sendmsg: ERROR: Not reachable
ERROR: sendto failed at seqno 8: 101
[CPU0] icmp_sendmsg: ERROR: Not reachable
ERROR: sendto failed at seqno 9: 101
10 packets transmitted, 0 received, 100% packet loss, time 10100 ms
nsh> [K
nsh> [K
--- CMD: wapi mode wlan0 2 ---
wapi mode wlan0 2
nsh> [K
nsh> [K
--- CMD: wapi psk wlan0 <redacted> 3 ---
wapi psk wlan0 <redacted> 3
nsh> [K
nsh> [K
--- CMD: wapi essid wlan0 <redacted> 1 ---
wapi essid wlan0 <redacted> 1
[CPU0] esp_event_post_wrapper: S31 associated: channel=11 auth=3 bssid=7c:39:85:2a:50:04
[CPU1] esp_evt_work_cb: S31 driver STA MAC: 30:ed:a0:f3:f7:b0
[CPU1] esp_evt_work_cb: S31 driver power save: ret=0 mode=0
[CPU0] esp_evt_work_cb: S31 driver protocol: ret=0 bitmap=7
[CPU0] esp_evt_work_cb: S31 negotiated PHY: ret=0 mode=4
[CPU0] esp_evt_work_cb: S31 HE SU beamformee disabled: ret=0 value=0
[CPU0] s31_wifi_rx_counters: S31 modem clocks connected: conf1=0038e7ff bb=1 bb80x1=1 bb44=1 mac=1 apb=1 fe160=1 sec=0
[CPU0] s31_wifi_rx_counters: S31 RX counters connected: ret=0 mpdu=46957 data=13619 fcs=9995 abort=30250 full=0 fifo=0 other=336
[CPU0] s31_wifi_rx_counters: S31 HE counters: power=1023 sigb=0 format=0 unsupported=0 siga=1023 bboff=0 wdg=0
[CPU0] s31_wifi_rx_counters: S31 radio hangs: rx=0 tx=0 flags=00000000 panic=00000000 bf_timeout=0 bf_error=0
[CPU0] s31_wifi_rx_counters: S31 RX errors: ret=0 total=1152 bitmap=1152 tkip=0
[CPU0] s31_wifi_rx_counters: S31 RX types: ret=0 legacy=1206 ht=7401 su=0 ersu=0 mu=0 su_noeb=0 mu_noeb=0 stbc=0 retry=0
[CPU0] s31_wifi_rx_counters: S31 TX stats: ret=0 enable=73077 complete=73077 succ=167552 ack=7163 ba=32351 retry=102833 nomem=0 timeout=0
nsh> [K
nsh> [K
--- CMD: renew wlan0 ---
renew wlan0
nsh> [K
nsh> [K
--- CMD: ping 192.168.1.1 ---
ping 192.168.1.1
PING 192.168.1.1 56 bytes of data
56 bytes from 192.168.1.1: icmp_seq=0 time=20.0 ms
56 bytes from 192.168.1.1: icmp_seq=1 time=30.0 ms
56 bytes from 192.168.1.1: icmp_seq=2 time=30.0 ms
56 bytes from 192.168.1.1: icmp_seq=3 time=20.0 ms
56 bytes from 192.168.1.1: icmp_seq=4 time=60.0 ms
56 bytes from 192.168.1.1: icmp_seq=5 time=20.0 ms
56 bytes from 192.168.1.1: icmp_seq=6 time=20.0 ms
56 bytes from 192.168.1.1: icmp_seq=7 time=30.0 ms
56 bytes from 192.168.1.1: icmp_seq=8 time=20.0 ms
56 bytes from 192.168.1.1: icmp_seq=9 time=20.0 ms
10 packets transmitted, 10 received, 0% packet loss, time 10100 ms
rtt min/avg/max/mdev = 20.000/27.000/60.000/11.874 ms
nsh> [K
nsh> [K
RECONFIGURE_ROUND=6 PASS
--- CMD: ifconfig ---
ifconfig
wlan0	Link encap:Ethernet HWaddr 30:ed:a0:f3:f7:b0 at RUNNING mtu 1500
	inet addr:192.168.1.60 DRaddr:192.168.1.1 Mask:255.255.255.0

nsh> [K
nsh> [K
--- CMD: wapi disconnect wlan0 ---
wapi disconnect wlan0
nsh> [K
nsh> [K
--- CMD: ping 192.168.1.60 ---
ping 192.168.1.60
PING 192.168.1.60 56 bytes of data
[CPU1] icmp_sendmsg: ERROR: Not reachable
ERROR: sendto failed at seqno 0: 101
[CPU0] icmp_sendmsg: ERROR: Not reachable
ERROR: sendto failed at seqno 1: 101
[CPU0] icmp_sendmsg: ERROR: Not reachable
ERROR: sendto failed at seqno 2: 101
[CPU0] icmp_sendmsg: ERROR: Not reachable
ERROR: sendto failed at seqno 3: 101
[CPU0] icmp_sendmsg: ERROR: Not reachable
ERROR: sendto failed at seqno 4: 101
[CPU0] icmp_sendmsg: ERROR: Not reachable
ERROR: sendto failed at seqno 5: 101
[CPU0] icmp_sendmsg: ERROR: Not reachable
ERROR: sendto failed at seqno 6: 101
[CPU0] icmp_sendmsg: ERROR: Not reachable
ERROR: sendto failed at seqno 7: 101
[CPU0] icmp_sendmsg: ERROR: Not reachable
ERROR: sendto failed at seqno 8: 101
[CPU0] icmp_sendmsg: ERROR: Not reachable
ERROR: sendto failed at seqno 9: 101
10 packets transmitted, 0 received, 100% packet loss, time 10100 ms
nsh> [K
nsh> [K
--- CMD: wapi mode wlan0 2 ---
wapi mode wlan0 2
nsh> [K
nsh> [K
--- CMD: wapi psk wlan0 <redacted> 3 ---
wapi psk wlan0 <redacted> 3
nsh> [K
nsh> [K
--- CMD: wapi essid wlan0 <redacted> 1 ---
wapi essid wlan0 <redacted> 1
[CPU0] esp_event_post_wrapper: S31 associated: channel=11 auth=3 bssid=7c:39:85:2a:50:04
[CPU0] esp_evt_work_cb: S31 driver STA MAC: 30:ed:a0:f3:f7:b0
[CPU0] esp_evt_work_cb: S31 driver power save: ret=0 mode=0
[CPU0] esp_evt_work_cb: S31 driver protocol: ret=0 bitmap=7
[CPU0] esp_evt_work_cb: S31 negotiated PHY: ret=0 mode=4
[CPU0] esp_evt_work_cb: S31 HE SU beamformee disabled: ret=0 value=0
[CPU0] s31_wifi_rx_counters: S31 modem clocks connected: conf1=0038e7ff bb=1 bb80x1=1 bb44=1 mac=1 apb=1 fe160=1 sec=0
[CPU0] s31_wifi_rx_counters: S31 RX counters connected: ret=0 mpdu=3836 data=13678 fcs=11943 abort=37476 full=0 fifo=0 other=5864
[CPU0] s31_wifi_rx_counters: S31 HE counters: power=1023 sigb=0 format=0 unsupported=0 siga=1023 bboff=0 wdg=0
[CPU0] s31_wifi_rx_counters: S31 radio hangs: rx=0 tx=0 flags=00000000 panic=00000000 bf_timeout=0 bf_error=0
[CPU0] s31_wifi_rx_counters: S31 RX errors: ret=0 total=1152 bitmap=1152 tkip=0
[CPU0] s31_wifi_rx_counters: S31 RX types: ret=0 legacy=1220 ht=7432 su=0 ersu=0 mu=0 su_noeb=0 mu_noeb=0 stbc=0 retry=0
[CPU0] s31_wifi_rx_counters: S31 TX stats: ret=0 enable=73088 complete=73088 succ=167562 ack=7164 ba=32360 retry=102834 nomem=0 timeout=0
nsh> [K
nsh> [K
--- CMD: renew wlan0 ---
renew wlan0
nsh> [K
nsh> [K
--- CMD: ping 192.168.1.1 ---
ping 192.168.1.1
PING 192.168.1.1 56 bytes of data
56 bytes from 192.168.1.1: icmp_seq=0 time=20.0 ms
56 bytes from 192.168.1.1: icmp_seq=1 time=20.0 ms
56 bytes from 192.168.1.1: icmp_seq=2 time=20.0 ms
56 bytes from 192.168.1.1: icmp_seq=3 time=20.0 ms
56 bytes from 192.168.1.1: icmp_seq=4 time=20.0 ms
56 bytes from 192.168.1.1: icmp_seq=5 time=20.0 ms
56 bytes from 192.168.1.1: icmp_seq=6 time=20.0 ms
56 bytes from 192.168.1.1: icmp_seq=7 time=30.0 ms
56 bytes from 192.168.1.1: icmp_seq=8 time=50.0 ms
56 bytes from 192.168.1.1: icmp_seq=9 time=20.0 ms
10 packets transmitted, 10 received, 0% packet loss, time 10100 ms
rtt min/avg/max/mdev = 20.000/24.000/50.000/9.165 ms
nsh> [K
nsh> [K
RECONFIGURE_ROUND=7 PASS
--- CMD: ifconfig ---
ifconfig
wlan0	Link encap:Ethernet HWaddr 30:ed:a0:f3:f7:b0 at RUNNING mtu 1500
	inet addr:192.168.1.60 DRaddr:192.168.1.1 Mask:255.255.255.0

nsh> [K
nsh> [K
--- CMD: wapi disconnect wlan0 ---
wapi disconnect wlan0
nsh> [K
nsh> [K
--- CMD: ping 192.168.1.60 ---
ping 192.168.1.60
PING 192.168.1.60 56 bytes of data
[CPU1] icmp_sendmsg: ERROR: Not reachable
ERROR: sendto failed at seqno 0: 101
[CPU0] icmp_sendmsg: ERROR: Not reachable
ERROR: sendto failed at seqno 1: 101
[CPU0] icmp_sendmsg: ERROR: Not reachable
ERROR: sendto failed at seqno 2: 101
[CPU0] icmp_sendmsg: ERROR: Not reachable
ERROR: sendto failed at seqno 3: 101
[CPU0] icmp_sendmsg: ERROR: Not reachable
ERROR: sendto failed at seqno 4: 101
[CPU0] icmp_sendmsg: ERROR: Not reachable
ERROR: sendto failed at seqno 5: 101
[CPU0] icmp_sendmsg: ERROR: Not reachable
ERROR: sendto failed at seqno 6: 101
[CPU0] icmp_sendmsg: ERROR: Not reachable
ERROR: sendto failed at seqno 7: 101
[CPU0] icmp_sendmsg: ERROR: Not reachable
ERROR: sendto failed at seqno 8: 101
[CPU0] icmp_sendmsg: ERROR: Not reachable
ERROR: sendto failed at seqno 9: 101
10 packets transmitted, 0 received, 100% packet loss, time 10100 ms
nsh> [K
nsh> [K
--- CMD: wapi mode wlan0 2 ---
wapi mode wlan0 2
nsh> [K
nsh> [K
--- CMD: wapi psk wlan0 <redacted> 3 ---
wapi psk wlan0 <redacted> 3
nsh> [K
nsh> [K
--- CMD: wapi essid wlan0 <redacted> 1 ---
wapi essid wlan0 <redacted> 1
[CPU0] esp_event_post_wrapper: S31 associated: channel=11 auth=3 bssid=60:ce:41:ab:02:d0
[CPU0] esp_evt_work_cb: S31 driver STA MAC: 30:ed:a0:f3:f7:b0
[CPU0] esp_evt_work_cb: S31 driver power save: ret=0 mode=0
[CPU0] esp_evt_work_cb: S31 driver protocol: ret=0 bitmap=7
[CPU0] esp_evt_work_cb: S31 negotiated PHY: ret=0 mode=4
[CPU0] esp_evt_work_cb: S31 HE SU beamformee disabled: ret=0 value=0
[CPU0] s31_wifi_rx_counters: S31 modem clocks connected: conf1=0038e7ff bb=1 bb80x1=1 bb44=1 mac=1 apb=1 fe160=1 sec=0
[CPU0] s31_wifi_rx_counters: S31 RX counters connected: ret=0 mpdu=25058 data=13751 fcs=13664 abort=44764 full=0 fifo=0 other=11546
[CPU0] s31_wifi_rx_counters: S31 HE counters: power=1023 sigb=0 format=0 unsupported=0 siga=1023 bboff=0 wdg=0
[CPU0] s31_wifi_rx_counters: S31 radio hangs: rx=0 tx=0 flags=00000000 panic=00000000 bf_timeout=0 bf_error=0
[CPU0] s31_wifi_rx_counters: S31 RX errors: ret=0 total=1152 bitmap=1152 tkip=0
[CPU0] s31_wifi_rx_counters: S31 RX types: ret=0 legacy=1242 ht=7456 su=0 ersu=0 mu=0 su_noeb=0 mu_noeb=0 stbc=0 retry=0
[CPU0] s31_wifi_rx_counters: S31 TX stats: ret=0 enable=73108 complete=73108 succ=167576 ack=7166 ba=32372 retry=102838 nomem=0 timeout=0
nsh> [K
nsh> [K
--- CMD: renew wlan0 ---
renew wlan0
nsh> [K
nsh> [K
--- CMD: ping 192.168.1.1 ---
ping 192.168.1.1
PING 192.168.1.1 56 bytes of data
56 bytes from 192.168.1.1: icmp_seq=0 time=40.0 ms
56 bytes from 192.168.1.1: icmp_seq=1 time=30.0 ms
56 bytes from 192.168.1.1: icmp_seq=2 time=30.0 ms
56 bytes from 192.168.1.1: icmp_seq=3 time=20.0 ms
56 bytes from 192.168.1.1: icmp_seq=4 time=20.0 ms
56 bytes from 192.168.1.1: icmp_seq=5 time=20.0 ms
56 bytes from 192.168.1.1: icmp_seq=6 time=20.0 ms
56 bytes from 192.168.1.1: icmp_seq=7 time=20.0 ms
56 bytes from 192.168.1.1: icmp_seq=8 time=20.0 ms
56 bytes from 192.168.1.1: icmp_seq=9 time=20.0 ms
10 packets transmitted, 10 received, 0% packet loss, time 10100 ms
rtt min/avg/max/mdev = 20.000/24.000/40.000/6.633 ms
nsh> [K
nsh> [K
RECONFIGURE_ROUND=8 PASS
--- CMD: ifconfig ---
ifconfig
wlan0	Link encap:Ethernet HWaddr 30:ed:a0:f3:f7:b0 at RUNNING mtu 1500
	inet addr:192.168.1.60 DRaddr:192.168.1.1 Mask:255.255.255.0

nsh> [K
nsh> [K
--- CMD: wapi disconnect wlan0 ---
wapi disconnect wlan0
nsh> [K
nsh> [K
--- CMD: ping 192.168.1.60 ---
ping 192.168.1.60
PING 192.168.1.60 56 bytes of data
[CPU1] icmp_sendmsg: ERROR: Not reachable
ERROR: sendto failed at seqno 0: 101
[CPU0] icmp_sendmsg: ERROR: Not reachable
ERROR: sendto failed at seqno 1: 101
[CPU0] icmp_sendmsg: ERROR: Not reachable
ERROR: sendto failed at seqno 2: 101
[CPU0] icmp_sendmsg: ERROR: Not reachable
ERROR: sendto failed at seqno 3: 101
[CPU0] icmp_sendmsg: ERROR: Not reachable
ERROR: sendto failed at seqno 4: 101
[CPU0] icmp_sendmsg: ERROR: Not reachable
ERROR: sendto failed at seqno 5: 101
[CPU0] icmp_sendmsg: ERROR: Not reachable
ERROR: sendto failed at seqno 6: 101
[CPU0] icmp_sendmsg: ERROR: Not reachable
ERROR: sendto failed at seqno 7: 101
[CPU0] icmp_sendmsg: ERROR: Not reachable
ERROR: sendto failed at seqno 8: 101
[CPU0] icmp_sendmsg: ERROR: Not reachable
ERROR: sendto failed at seqno 9: 101
10 packets transmitted, 0 received, 100% packet loss, time 10100 ms
nsh> [K
nsh> [K
--- CMD: wapi mode wlan0 2 ---
wapi mode wlan0 2
nsh> [K
nsh> [K
--- CMD: wapi psk wlan0 <redacted> 3 ---
wapi psk wlan0 <redacted> 3
nsh> [K
nsh> [K
--- CMD: wapi essid wlan0 <redacted> 1 ---
wapi essid wlan0 <redacted> 1
[CPU0] esp_event_post_wrapper: S31 associated: channel=11 auth=3 bssid=7c:39:85:2a:50:04
[CPU0] esp_evt_work_cb: S31 driver STA MAC: 30:ed:a0:f3:f7:b0
[CPU0] esp_evt_work_cb: S31 driver power save: ret=0 mode=0
[CPU0] esp_evt_work_cb: S31 driver protocol: ret=0 bitmap=7
[CPU0] esp_evt_work_cb: S31 negotiated PHY: ret=0 mode=4
[CPU0] esp_evt_work_cb: S31 HE SU beamformee disabled: ret=0 value=0
[CPU0] s31_wifi_rx_counters: S31 modem clocks connected: conf1=0038e7ff bb=1 bb80x1=1 bb44=1 mac=1 apb=1 fe160=1 sec=0
[CPU0] s31_wifi_rx_counters: S31 RX counters connected: ret=0 mpdu=46436 data=13803 fcs=15860 abort=53056 full=0 fifo=0 other=17637
[CPU0] s31_wifi_rx_counters: S31 HE counters: power=1023 sigb=0 format=0 unsupported=0 siga=1023 bboff=0 wdg=0
[CPU0] s31_wifi_rx_counters: S31 radio hangs: rx=0 tx=0 flags=00000000 panic=00000000 bf_timeout=0 bf_error=0
[CPU0] s31_wifi_rx_counters: S31 RX errors: ret=0 total=1152 bitmap=1152 tkip=0
[CPU0] s31_wifi_rx_counters: S31 RX types: ret=0 legacy=1259 ht=7471 su=0 ersu=0 mu=0 su_noeb=0 mu_noeb=0 stbc=0 retry=0
[CPU0] s31_wifi_rx_counters: S31 TX stats: ret=0 enable=73151 complete=73151 succ=167601 ack=7181 ba=32382 retry=102866 nomem=0 timeout=0
nsh> [K
nsh> [K
--- CMD: renew wlan0 ---
renew wlan0
nsh> [K
nsh> [K
--- CMD: ping 192.168.1.1 ---
ping 192.168.1.1
PING 192.168.1.1 56 bytes of data
56 bytes from 192.168.1.1: icmp_seq=0 time=20.0 ms
56 bytes from 192.168.1.1: icmp_seq=1 time=20.0 ms
56 bytes from 192.168.1.1: icmp_seq=2 time=30.0 ms
56 bytes from 192.168.1.1: icmp_seq=3 time=20.0 ms
56 bytes from 192.168.1.1: icmp_seq=4 time=20.0 ms
56 bytes from 192.168.1.1: icmp_seq=5 time=20.0 ms
56 bytes from 192.168.1.1: icmp_seq=6 time=20.0 ms
56 bytes from 192.168.1.1: icmp_seq=7 time=20.0 ms
56 bytes from 192.168.1.1: icmp_seq=8 time=20.0 ms
56 bytes from 192.168.1.1: icmp_seq=9 time=20.0 ms
10 packets transmitted, 10 received, 0% packet loss, time 10100 ms
rtt min/avg/max/mdev = 20.000/21.000/30.000/3.000 ms
nsh> [K
nsh> [K
RECONFIGURE_ROUND=9 PASS
--- CMD: ifconfig ---
ifconfig
wlan0	Link encap:Ethernet HWaddr 30:ed:a0:f3:f7:b0 at RUNNING mtu 1500
	inet addr:192.168.1.60 DRaddr:192.168.1.1 Mask:255.255.255.0

nsh> [K
nsh> [K
--- CMD: wapi disconnect wlan0 ---
wapi disconnect wlan0
nsh> [K
nsh> [K
--- CMD: ping 192.168.1.60 ---
ping 192.168.1.60
PING 192.168.1.60 56 bytes of data
[CPU1] icmp_sendmsg: ERROR: Not reachable
ERROR: sendto failed at seqno 0: 101
[CPU0] icmp_sendmsg: ERROR: Not reachable
ERROR: sendto failed at seqno 1: 101
[CPU0] icmp_sendmsg: ERROR: Not reachable
ERROR: sendto failed at seqno 2: 101
[CPU0] icmp_sendmsg: ERROR: Not reachable
ERROR: sendto failed at seqno 3: 101
[CPU0] icmp_sendmsg: ERROR: Not reachable
ERROR: sendto failed at seqno 4: 101
[CPU0] icmp_sendmsg: ERROR: Not reachable
ERROR: sendto failed at seqno 5: 101
[CPU0] icmp_sendmsg: ERROR: Not reachable
ERROR: sendto failed at seqno 6: 101
[CPU0] icmp_sendmsg: ERROR: Not reachable
ERROR: sendto failed at seqno 7: 101
[CPU0] icmp_sendmsg: ERROR: Not reachable
ERROR: sendto failed at seqno 8: 101
[CPU0] icmp_sendmsg: ERROR: Not reachable
ERROR: sendto failed at seqno 9: 101
10 packets transmitted, 0 received, 100% packet loss, time 10100 ms
nsh> [K
nsh> [K
--- CMD: wapi mode wlan0 2 ---
wapi mode wlan0 2
nsh> [K
nsh> [K
--- CMD: wapi psk wlan0 <redacted> 3 ---
wapi psk wlan0 <redacted> 3
nsh> [K
nsh> [K
--- CMD: wapi essid wlan0 <redacted> 1 ---
wapi essid wlan0 <redacted> 1
[CPU0] esp_event_post_wrapper: S31 associated: channel=11 auth=3 bssid=60:ce:41:ab:02:d0
[CPU1] esp_evt_work_cb: S31 driver STA MAC: 30:ed:a0:f3:f7:b0
[CPU1] esp_evt_work_cb: S31 driver power save: ret=0 mode=0
[CPU0] esp_evt_work_cb: S31 driver protocol: ret=0 bitmap=7
[CPU1] esp_evt_work_cb: S31 negotiated PHY: ret=0 mode=4
[CPU1] esp_evt_work_cb: S31 HE SU beamformee disabled: ret=0 value=0
[CPU1] s31_wifi_rx_counters: S31 modem clocks connected: conf1=0038e7ff bb=1 bb80x1=1 bb44=1 mac=1 apb=1 fe160=1 sec=0
[CPU1] s31_wifi_rx_counters: S31 RX counters connected: ret=0 mpdu=1440 data=13858 fcs=17699 abort=60113 full=0 fifo=0 other=22992
[CPU1] s31_wifi_rx_counters: S31 HE counters: power=1023 sigb=0 format=0 unsupported=0 siga=1023 bboff=0 wdg=0
[CPU1] s31_wifi_rx_counters: S31 radio hangs: rx=0 tx=0 flags=00000000 panic=00000000 bf_timeout=0 bf_error=0
[CPU1] s31_wifi_rx_counters: S31 RX errors: ret=0 total=1152 bitmap=1152 tkip=0
[CPU0] s31_wifi_rx_counters: S31 RX types: ret=0 legacy=1281 ht=7485 su=0 ersu=0 mu=0 su_noeb=0 mu_noeb=0 stbc=0 retry=0
[CPU0] s31_wifi_rx_counters: S31 TX stats: ret=0 enable=73165 complete=73165 succ=167612 ack=7183 ba=32391 retry=102869 nomem=0 timeout=0
nsh> [K
nsh> [K
--- CMD: renew wlan0 ---
renew wlan0
nsh> [K
nsh> [K
--- CMD: ping 192.168.1.1 ---
ping 192.168.1.1
PING 192.168.1.1 56 bytes of data
56 bytes from 192.168.1.1: icmp_seq=0 time=30.0 ms
56 bytes from 192.168.1.1: icmp_seq=1 time=20.0 ms
56 bytes from 192.168.1.1: icmp_seq=2 time=30.0 ms
56 bytes from 192.168.1.1: icmp_seq=3 time=20.0 ms
56 bytes from 192.168.1.1: icmp_seq=4 time=20.0 ms
56 bytes from 192.168.1.1: icmp_seq=5 time=30.0 ms
56 bytes from 192.168.1.1: icmp_seq=6 time=20.0 ms
56 bytes from 192.168.1.1: icmp_seq=7 time=20.0 ms
56 bytes from 192.168.1.1: icmp_seq=8 time=70.0 ms
56 bytes from 192.168.1.1: icmp_seq=9 time=30.0 ms
10 packets transmitted, 10 received, 0% packet loss, time 10100 ms
rtt min/avg/max/mdev = 20.000/29.000/70.000/14.456 ms
nsh> [K
nsh> [K
RECONFIGURE_ROUND=10 PASS
--- CMD: ifconfig ---
ifconfig
wlan0	Link encap:Ethernet HWaddr 30:ed:a0:f3:f7:b0 at RUNNING mtu 1500
	inet addr:192.168.1.60 DRaddr:192.168.1.1 Mask:255.255.255.0

nsh> [K
nsh> [K
--- CMD: wapi disconnect wlan0 ---
wapi disconnect wlan0
nsh> [K
nsh> [K
--- CMD: ping 192.168.1.60 ---
ping 192.168.1.60
PING 192.168.1.60 56 bytes of data
[CPU1] icmp_sendmsg: ERROR: Not reachable
ERROR: sendto failed at seqno 0: 101
[CPU0] icmp_sendmsg: ERROR: Not reachable
ERROR: sendto failed at seqno 1: 101
[CPU0] icmp_sendmsg: ERROR: Not reachable
ERROR: sendto failed at seqno 2: 101
[CPU0] icmp_sendmsg: ERROR: Not reachable
ERROR: sendto failed at seqno 3: 101
[CPU0] icmp_sendmsg: ERROR: Not reachable
ERROR: sendto failed at seqno 4: 101
[CPU0] icmp_sendmsg: ERROR: Not reachable
ERROR: sendto failed at seqno 5: 101
[CPU0] icmp_sendmsg: ERROR: Not reachable
ERROR: sendto failed at seqno 6: 101
[CPU0] icmp_sendmsg: ERROR: Not reachable
ERROR: sendto failed at seqno 7: 101
[CPU0] icmp_sendmsg: ERROR: Not reachable
ERROR: sendto failed at seqno 8: 101
[CPU0] icmp_sendmsg: ERROR: Not reachable
ERROR: sendto failed at seqno 9: 101
10 packets transmitted, 0 received, 100% packet loss, time 10100 ms
nsh> [K
nsh> [K
--- CMD: wapi mode wlan0 2 ---
wapi mode wlan0 2
nsh> [K
nsh> [K
--- CMD: wapi psk wlan0 <redacted> 3 ---
wapi psk wlan0 <redacted> 3
nsh> [K
nsh> [K
--- CMD: wapi essid wlan0 <redacted> 1 ---
wapi essid wlan0 <redacted> 1
[CPU0] esp_event_post_wrapper: S31 associated: channel=11 auth=3 bssid=7c:39:85:2a:50:04
[CPU0] esp_evt_work_cb: S31 driver STA MAC: 30:ed:a0:f3:f7:b0
[CPU0] esp_evt_work_cb: S31 driver power save: ret=0 mode=0
[CPU0] esp_evt_work_cb: S31 driver protocol: ret=0 bitmap=7
[CPU0] esp_evt_work_cb: S31 negotiated PHY: ret=0 mode=4
[CPU0] esp_evt_work_cb: S31 HE SU beamformee disabled: ret=0 value=0
[CPU0] s31_wifi_rx_counters: S31 modem clocks connected: conf1=0038e7ff bb=1 bb80x1=1 bb44=1 mac=1 apb=1 fe160=1 sec=0
[CPU0] s31_wifi_rx_counters: S31 RX counters connected: ret=0 mpdu=21452 data=13919 fcs=19449 abort=2257 full=0 fifo=0 other=28679
[CPU0] s31_wifi_rx_counters: S31 HE counters: power=1023 sigb=0 format=0 unsupported=0 siga=1023 bboff=0 wdg=0
[CPU0] s31_wifi_rx_counters: S31 radio hangs: rx=0 tx=0 flags=00000000 panic=00000000 bf_timeout=0 bf_error=0
[CPU0] s31_wifi_rx_counters: S31 RX errors: ret=0 total=1152 bitmap=1152 tkip=0
[CPU0] s31_wifi_rx_counters: S31 RX types: ret=0 legacy=1296 ht=7495 su=0 ersu=0 mu=0 su_noeb=0 mu_noeb=0 stbc=0 retry=0
[CPU0] s31_wifi_rx_counters: S31 TX stats: ret=0 enable=73199 complete=73199 succ=167626 ack=7189 ba=32399 retry=102879 nomem=0 timeout=0
nsh> [K
nsh> [K
--- CMD: renew wlan0 ---
renew wlan0
nsh> [K
nsh> [K
--- CMD: ping 192.168.1.1 ---
ping 192.168.1.1
PING 192.168.1.1 56 bytes of data
56 bytes from 192.168.1.1: icmp_seq=0 time=20.0 ms
56 bytes from 192.168.1.1: icmp_seq=1 time=50.0 ms
56 bytes from 192.168.1.1: icmp_seq=2 time=20.0 ms
56 bytes from 192.168.1.1: icmp_seq=3 time=30.0 ms
56 bytes from 192.168.1.1: icmp_seq=4 time=20.0 ms
56 bytes from 192.168.1.1: icmp_seq=5 time=20.0 ms
56 bytes from 192.168.1.1: icmp_seq=6 time=20.0 ms
56 bytes from 192.168.1.1: icmp_seq=7 time=20.0 ms
56 bytes from 192.168.1.1: icmp_seq=8 time=20.0 ms
56 bytes from 192.168.1.1: icmp_seq=9 time=20.0 ms
10 packets transmitted, 10 received, 0% packet loss, time 10100 ms
rtt min/avg/max/mdev = 20.000/24.000/50.000/9.165 ms
nsh> [K
nsh> [K
RECONFIGURE_ROUND=11 PASS
--- CMD: ifconfig ---
ifconfig
wlan0	Link encap:Ethernet HWaddr 30:ed:a0:f3:f7:b0 at RUNNING mtu 1500
	inet addr:192.168.1.60 DRaddr:192.168.1.1 Mask:255.255.255.0

nsh> [K
nsh> [K
--- CMD: wapi disconnect wlan0 ---
wapi disconnect wlan0
nsh> [K
nsh> [K
--- CMD: ping 192.168.1.60 ---
ping 192.168.1.60
PING 192.168.1.60 56 bytes of data
[CPU1] icmp_sendmsg: ERROR: Not reachable
ERROR: sendto failed at seqno 0: 101
[CPU0] icmp_sendmsg: ERROR: Not reachable
ERROR: sendto failed at seqno 1: 101
[CPU0] icmp_sendmsg: ERROR: Not reachable
ERROR: sendto failed at seqno 2: 101
[CPU0] icmp_sendmsg: ERROR: Not reachable
ERROR: sendto failed at seqno 3: 101
[CPU0] icmp_sendmsg: ERROR: Not reachable
ERROR: sendto failed at seqno 4: 101
[CPU0] icmp_sendmsg: ERROR: Not reachable
ERROR: sendto failed at seqno 5: 101
[CPU0] icmp_sendmsg: ERROR: Not reachable
ERROR: sendto failed at seqno 6: 101
[CPU0] icmp_sendmsg: ERROR: Not reachable
ERROR: sendto failed at seqno 7: 101
[CPU0] icmp_sendmsg: ERROR: Not reachable
ERROR: sendto failed at seqno 8: 101
[CPU0] icmp_sendmsg: ERROR: Not reachable
ERROR: sendto failed at seqno 9: 101
10 packets transmitted, 0 received, 100% packet loss, time 10100 ms
nsh> [K
nsh> [K
--- CMD: wapi mode wlan0 2 ---
wapi mode wlan0 2
nsh> [K
nsh> [K
--- CMD: wapi psk wlan0 <redacted> 3 ---
wapi psk wlan0 <redacted> 3
nsh> [K
nsh> [K
--- CMD: wapi essid wlan0 <redacted> 1 ---
wapi essid wlan0 <redacted> 1
[CPU0] esp_event_post_wrapper: S31 associated: channel=11 auth=3 bssid=7c:39:85:2a:50:04
[CPU0] esp_evt_work_cb: S31 driver STA MAC: 30:ed:a0:f3:f7:b0
[CPU0] esp_evt_work_cb: S31 driver power save: ret=0 mode=0
[CPU0] esp_evt_work_cb: S31 driver protocol: ret=0 bitmap=7
[CPU0] esp_evt_work_cb: S31 negotiated PHY: ret=0 mode=4
[CPU0] esp_evt_work_cb: S31 HE SU beamformee disabled: ret=0 value=0
[CPU0] s31_wifi_rx_counters: S31 modem clocks connected: conf1=0038e7ff bb=1 bb80x1=1 bb44=1 mac=1 apb=1 fe160=1 sec=0
[CPU0] s31_wifi_rx_counters: S31 RX counters connected: ret=0 mpdu=42068 data=13980 fcs=21347 abort=8578 full=0 fifo=0 other=33450
[CPU0] s31_wifi_rx_counters: S31 HE counters: power=1023 sigb=0 format=0 unsupported=0 siga=1023 bboff=0 wdg=0
[CPU0] s31_wifi_rx_counters: S31 radio hangs: rx=0 tx=0 flags=00000000 panic=00000000 bf_timeout=0 bf_error=0
[CPU0] s31_wifi_rx_counters: S31 RX errors: ret=0 total=1153 bitmap=1153 tkip=0
[CPU0] s31_wifi_rx_counters: S31 RX types: ret=0 legacy=1319 ht=7510 su=0 ersu=0 mu=0 su_noeb=0 mu_noeb=0 stbc=0 retry=0
[CPU0] s31_wifi_rx_counters: S31 TX stats: ret=0 enable=73223 complete=73223 succ=167641 ack=7193 ba=32410 retry=102887 nomem=0 timeout=0
nsh> [K
nsh> [K
--- CMD: renew wlan0 ---
renew wlan0
nsh> [K
nsh> [K
--- CMD: ping 192.168.1.1 ---
ping 192.168.1.1
PING 192.168.1.1 56 bytes of data
56 bytes from 192.168.1.1: icmp_seq=0 time=40.0 ms
56 bytes from 192.168.1.1: icmp_seq=1 time=30.0 ms
56 bytes from 192.168.1.1: icmp_seq=2 time=20.0 ms
56 bytes from 192.168.1.1: icmp_seq=3 time=30.0 ms
56 bytes from 192.168.1.1: icmp_seq=4 time=20.0 ms
56 bytes from 192.168.1.1: icmp_seq=5 time=20.0 ms
56 bytes from 192.168.1.1: icmp_seq=6 time=30.0 ms
56 bytes from 192.168.1.1: icmp_seq=7 time=20.0 ms
56 bytes from 192.168.1.1: icmp_seq=8 time=20.0 ms
56 bytes from 192.168.1.1: icmp_seq=9 time=20.0 ms
10 packets transmitted, 10 received, 0% packet loss, time 10100 ms
rtt min/avg/max/mdev = 20.000/25.000/40.000/6.708 ms
nsh> [K
nsh> [K
RECONFIGURE_ROUND=12 PASS
--- CMD: ifconfig ---
ifconfig
wlan0	Link encap:Ethernet HWaddr 30:ed:a0:f3:f7:b0 at RUNNING mtu 1500
	inet addr:192.168.1.60 DRaddr:192.168.1.1 Mask:255.255.255.0

nsh> [K
nsh> [K
--- CMD: wapi disconnect wlan0 ---
wapi disconnect wlan0
nsh> [K
nsh> [K
--- CMD: ping 192.168.1.60 ---
ping 192.168.1.60
PING 192.168.1.60 56 bytes of data
[CPU1] icmp_sendmsg: ERROR: Not reachable
ERROR: sendto failed at seqno 0: 101
[CPU0] icmp_sendmsg: ERROR: Not reachable
ERROR: sendto failed at seqno 1: 101
[CPU0] icmp_sendmsg: ERROR: Not reachable
ERROR: sendto failed at seqno 2: 101
[CPU0] icmp_sendmsg: ERROR: Not reachable
ERROR: sendto failed at seqno 3: 101
[CPU0] icmp_sendmsg: ERROR: Not reachable
ERROR: sendto failed at seqno 4: 101
[CPU0] icmp_sendmsg: ERROR: Not reachable
ERROR: sendto failed at seqno 5: 101
[CPU0] icmp_sendmsg: ERROR: Not reachable
ERROR: sendto failed at seqno 6: 101
[CPU0] icmp_sendmsg: ERROR: Not reachable
ERROR: sendto failed at seqno 7: 101
[CPU0] icmp_sendmsg: ERROR: Not reachable
ERROR: sendto failed at seqno 8: 101
[CPU0] icmp_sendmsg: ERROR: Not reachable
ERROR: sendto failed at seqno 9: 101
10 packets transmitted, 0 received, 100% packet loss, time 10100 ms
nsh> [K
nsh> [K
--- CMD: wapi mode wlan0 2 ---
wapi mode wlan0 2
nsh> [K
nsh> [K
--- CMD: wapi psk wlan0 <redacted> 3 ---
wapi psk wlan0 <redacted> 3
nsh> [K
nsh> [K
--- CMD: wapi essid wlan0 <redacted> 1 ---
wapi essid wlan0 <redacted> 1
[CPU0] esp_event_post_wrapper: S31 associated: channel=11 auth=3 bssid=60:ce:41:ab:02:d0
[CPU1] esp_evt_work_cb: S31 driver STA MAC: 30:ed:a0:f3:f7:b0
[CPU1] esp_evt_work_cb: S31 driver power save: ret=0 mode=0
[CPU0] esp_evt_work_cb: S31 driver protocol: ret=0 bitmap=7
[CPU0] esp_evt_work_cb: S31 negotiated PHY: ret=0 mode=4
[CPU0] esp_evt_work_cb: S31 HE SU beamformee disabled: ret=0 value=0
[CPU0] s31_wifi_rx_counters: S31 modem clocks connected: conf1=0038e7ff bb=1 bb80x1=1 bb44=1 mac=1 apb=1 fe160=1 sec=0
[CPU0] s31_wifi_rx_counters: S31 RX counters connected: ret=0 mpdu=60599 data=14051 fcs=23063 abort=14736 full=0 fifo=0 other=37804
[CPU0] s31_wifi_rx_counters: S31 HE counters: power=1023 sigb=0 format=0 unsupported=0 siga=1023 bboff=0 wdg=0
[CPU0] s31_wifi_rx_counters: S31 radio hangs: rx=0 tx=0 flags=00000000 panic=00000000 bf_timeout=0 bf_error=0
[CPU0] s31_wifi_rx_counters: S31 RX errors: ret=0 total=1153 bitmap=1153 tkip=0
[CPU0] s31_wifi_rx_counters: S31 RX types: ret=0 legacy=1347 ht=7534 su=0 ersu=0 mu=0 su_noeb=0 mu_noeb=0 stbc=0 retry=0
[CPU0] s31_wifi_rx_counters: S31 TX stats: ret=0 enable=73245 complete=73245 succ=167656 ack=7196 ba=32422 retry=102893 nomem=0 timeout=0
nsh> [K
nsh> [K
--- CMD: renew wlan0 ---
renew wlan0
nsh> [K
nsh> [K
--- CMD: ping 192.168.1.1 ---
ping 192.168.1.1
PING 192.168.1.1 56 bytes of data
56 bytes from 192.168.1.1: icmp_seq=0 time=20.0 ms
56 bytes from 192.168.1.1: icmp_seq=1 time=20.0 ms
56 bytes from 192.168.1.1: icmp_seq=2 time=30.0 ms
56 bytes from 192.168.1.1: icmp_seq=3 time=30.0 ms
56 bytes from 192.168.1.1: icmp_seq=4 time=20.0 ms
56 bytes from 192.168.1.1: icmp_seq=5 time=30.0 ms
56 bytes from 192.168.1.1: icmp_seq=6 time=30.0 ms
56 bytes from 192.168.1.1: icmp_seq=7 time=20.0 ms
56 bytes from 192.168.1.1: icmp_seq=8 time=20.0 ms
56 bytes from 192.168.1.1: icmp_seq=9 time=30.0 ms
10 packets transmitted, 10 received, 0% packet loss, time 10100 ms
rtt min/avg/max/mdev = 20.000/25.000/30.000/5.000 ms
nsh> [K
nsh> [K
RECONFIGURE_ROUND=13 PASS
--- CMD: ifconfig ---
ifconfig
wlan0	Link encap:Ethernet HWaddr 30:ed:a0:f3:f7:b0 at RUNNING mtu 1500
	inet addr:192.168.1.60 DRaddr:192.168.1.1 Mask:255.255.255.0

nsh> [K
nsh> [K
--- CMD: wapi disconnect wlan0 ---
wapi disconnect wlan0
nsh> [K
nsh> [K
--- CMD: ping 192.168.1.60 ---
ping 192.168.1.60
PING 192.168.1.60 56 bytes of data
[CPU1] icmp_sendmsg: ERROR: Not reachable
ERROR: sendto failed at seqno 0: 101
[CPU0] icmp_sendmsg: ERROR: Not reachable
ERROR: sendto failed at seqno 1: 101
[CPU0] icmp_sendmsg: ERROR: Not reachable
ERROR: sendto failed at seqno 2: 101
[CPU0] icmp_sendmsg: ERROR: Not reachable
ERROR: sendto failed at seqno 3: 101
[CPU0] icmp_sendmsg: ERROR: Not reachable
ERROR: sendto failed at seqno 4: 101
[CPU0] icmp_sendmsg: ERROR: Not reachable
ERROR: sendto failed at seqno 5: 101
[CPU0] icmp_sendmsg: ERROR: Not reachable
ERROR: sendto failed at seqno 6: 101
[CPU0] icmp_sendmsg: ERROR: Not reachable
ERROR: sendto failed at seqno 7: 101
[CPU0] icmp_sendmsg: ERROR: Not reachable
ERROR: sendto failed at seqno 8: 101
[CPU0] icmp_sendmsg: ERROR: Not reachable
ERROR: sendto failed at seqno 9: 101
10 packets transmitted, 0 received, 100% packet loss, time 10100 ms
nsh> [K
nsh> [K
--- CMD: wapi mode wlan0 2 ---
wapi mode wlan0 2
nsh> [K
nsh> [K
--- CMD: wapi psk wlan0 <redacted> 3 ---
wapi psk wlan0 <redacted> 3
nsh> [K
nsh> [K
--- CMD: wapi essid wlan0 <redacted> 1 ---
wapi essid wlan0 <redacted> 1
[CPU0] esp_event_post_wrapper: S31 associated: channel=11 auth=3 bssid=7c:39:85:2a:50:04
[CPU0] esp_evt_work_cb: S31 driver STA MAC: 30:ed:a0:f3:f7:b0
[CPU0] esp_evt_work_cb: S31 driver power save: ret=0 mode=0
[CPU0] esp_evt_work_cb: S31 driver protocol: ret=0 bitmap=7
[CPU0] esp_evt_work_cb: S31 negotiated PHY: ret=0 mode=4
[CPU0] esp_evt_work_cb: S31 HE SU beamformee disabled: ret=0 value=0
[CPU0] s31_wifi_rx_counters: S31 modem clocks connected: conf1=0038e7ff bb=1 bb80x1=1 bb44=1 mac=1 apb=1 fe160=1 sec=0
[CPU0] s31_wifi_rx_counters: S31 RX counters connected: ret=0 mpdu=15638 data=14111 fcs=24358 abort=20209 full=0 fifo=0 other=41734
[CPU0] s31_wifi_rx_counters: S31 HE counters: power=1023 sigb=0 format=0 unsupported=0 siga=1023 bboff=0 wdg=0
[CPU0] s31_wifi_rx_counters: S31 radio hangs: rx=0 tx=0 flags=00000000 panic=00000000 bf_timeout=0 bf_error=0
[CPU0] s31_wifi_rx_counters: S31 RX errors: ret=0 total=1153 bitmap=1153 tkip=0
[CPU0] s31_wifi_rx_counters: S31 RX types: ret=0 legacy=1363 ht=7546 su=0 ersu=0 mu=0 su_noeb=0 mu_noeb=0 stbc=0 retry=0
[CPU0] s31_wifi_rx_counters: S31 TX stats: ret=0 enable=73279 complete=73279 succ=167676 ack=7204 ba=32434 retry=102909 nomem=0 timeout=0
nsh> [K
nsh> [K
--- CMD: renew wlan0 ---
renew wlan0
nsh> [K
nsh> [K
--- CMD: ping 192.168.1.1 ---
ping 192.168.1.1
PING 192.168.1.1 56 bytes of data
56 bytes from 192.168.1.1: icmp_seq=0 time=20.0 ms
56 bytes from 192.168.1.1: icmp_seq=1 time=20.0 ms
56 bytes from 192.168.1.1: icmp_seq=2 time=20.0 ms
56 bytes from 192.168.1.1: icmp_seq=3 time=20.0 ms
56 bytes from 192.168.1.1: icmp_seq=4 time=20.0 ms
56 bytes from 192.168.1.1: icmp_seq=5 time=20.0 ms
56 bytes from 192.168.1.1: icmp_seq=6 time=30.0 ms
56 bytes from 192.168.1.1: icmp_seq=7 time=20.0 ms
56 bytes from 192.168.1.1: icmp_seq=8 time=20.0 ms
56 bytes from 192.168.1.1: icmp_seq=9 time=20.0 ms
10 packets transmitted, 10 received, 0% packet loss, time 10100 ms
rtt min/avg/max/mdev = 20.000/21.000/30.000/3.000 ms
nsh> [K
nsh> [K
RECONFIGURE_ROUND=14 PASS
--- CMD: ifconfig ---
ifconfig
wlan0	Link encap:Ethernet HWaddr 30:ed:a0:f3:f7:b0 at RUNNING mtu 1500
	inet addr:192.168.1.60 DRaddr:192.168.1.1 Mask:255.255.255.0

nsh> [K
nsh> [K
--- CMD: wapi disconnect wlan0 ---
wapi disconnect wlan0
nsh> [K
nsh> [K
--- CMD: ping 192.168.1.60 ---
ping 192.168.1.60
PING 192.168.1.60 56 bytes of data
[CPU1] icmp_sendmsg: ERROR: Not reachable
ERROR: sendto failed at seqno 0: 101
[CPU0] icmp_sendmsg: ERROR: Not reachable
ERROR: sendto failed at seqno 1: 101
[CPU0] icmp_sendmsg: ERROR: Not reachable
ERROR: sendto failed at seqno 2: 101
[CPU0] icmp_sendmsg: ERROR: Not reachable
ERROR: sendto failed at seqno 3: 101
[CPU0] icmp_sendmsg: ERROR: Not reachable
ERROR: sendto failed at seqno 4: 101
[CPU0] icmp_sendmsg: ERROR: Not reachable
ERROR: sendto failed at seqno 5: 101
[CPU0] icmp_sendmsg: ERROR: Not reachable
ERROR: sendto failed at seqno 6: 101
[CPU0] icmp_sendmsg: ERROR: Not reachable
ERROR: sendto failed at seqno 7: 101
[CPU0] icmp_sendmsg: ERROR: Not reachable
ERROR: sendto failed at seqno 8: 101
[CPU0] icmp_sendmsg: ERROR: Not reachable
ERROR: sendto failed at seqno 9: 101
10 packets transmitted, 0 received, 100% packet loss, time 10100 ms
nsh> [K
nsh> [K
--- CMD: wapi mode wlan0 2 ---
wapi mode wlan0 2
nsh> [K
nsh> [K
--- CMD: wapi psk wlan0 <redacted> 3 ---
wapi psk wlan0 <redacted> 3
nsh> [K
nsh> [K
--- CMD: wapi essid wlan0 <redacted> 1 ---
wapi essid wlan0 <redacted> 1
[CPU0] esp_event_post_wrapper: S31 associated: channel=11 auth=3 bssid=60:ce:41:ab:02:d0
[CPU1] esp_evt_work_cb: S31 driver STA MAC: 30:ed:a0:f3:f7:b0
[CPU1] esp_evt_work_cb: S31 driver power save: ret=0 mode=0
[CPU1] esp_evt_work_cb: S31 driver protocol: ret=0 bitmap=7
[CPU0] esp_evt_work_cb: S31 negotiated PHY: ret=0 mode=4
[CPU0] esp_evt_work_cb: S31 HE SU beamformee disabled: ret=0 value=0
[CPU0] s31_wifi_rx_counters: S31 modem clocks connected: conf1=0038e7ff bb=1 bb80x1=1 bb44=1 mac=1 apb=1 fe160=1 sec=0
[CPU0] s31_wifi_rx_counters: S31 RX counters connected: ret=0 mpdu=43616 data=14178 fcs=26647 abort=29610 full=0 fifo=0 other=48990
[CPU0] s31_wifi_rx_counters: S31 HE counters: power=1023 sigb=0 format=0 unsupported=0 siga=1023 bboff=0 wdg=0
[CPU0] s31_wifi_rx_counters: S31 radio hangs: rx=0 tx=0 flags=00000000 panic=00000000 bf_timeout=0 bf_error=0
[CPU0] s31_wifi_rx_counters: S31 RX errors: ret=0 total=1153 bitmap=1153 tkip=0
[CPU0] s31_wifi_rx_counters: S31 RX types: ret=0 legacy=1387 ht=7572 su=0 ersu=0 mu=0 su_noeb=0 mu_noeb=0 stbc=0 retry=0
[CPU0] s31_wifi_rx_counters: S31 TX stats: ret=0 enable=73295 complete=73295 succ=167689 ack=7206 ba=32445 retry=102912 nomem=0 timeout=0
nsh> [K
nsh> [K
--- CMD: renew wlan0 ---
renew wlan0
nsh> [K
nsh> [K
--- CMD: ping 192.168.1.1 ---
ping 192.168.1.1
PING 192.168.1.1 56 bytes of data
56 bytes from 192.168.1.1: icmp_seq=0 time=20.0 ms
56 bytes from 192.168.1.1: icmp_seq=1 time=30.0 ms
56 bytes from 192.168.1.1: icmp_seq=2 time=30.0 ms
56 bytes from 192.168.1.1: icmp_seq=3 time=20.0 ms
56 bytes from 192.168.1.1: icmp_seq=4 time=20.0 ms
56 bytes from 192.168.1.1: icmp_seq=5 time=50.0 ms
56 bytes from 192.168.1.1: icmp_seq=6 time=20.0 ms
56 bytes from 192.168.1.1: icmp_seq=7 time=20.0 ms
56 bytes from 192.168.1.1: icmp_seq=8 time=30.0 ms
56 bytes from 192.168.1.1: icmp_seq=9 time=30.0 ms
10 packets transmitted, 10 received, 0% packet loss, time 10100 ms
rtt min/avg/max/mdev = 20.000/27.000/50.000/9.000 ms
nsh> [K
nsh> [K
RECONFIGURE_ROUND=15 PASS
--- CMD: ifconfig ---
ifconfig
wlan0	Link encap:Ethernet HWaddr 30:ed:a0:f3:f7:b0 at RUNNING mtu 1500
	inet addr:192.168.1.60 DRaddr:192.168.1.1 Mask:255.255.255.0

nsh> [K
nsh> [K
--- CMD: wapi disconnect wlan0 ---
wapi disconnect wlan0
nsh> [K
nsh> [K
--- CMD: ping 192.168.1.60 ---
ping 192.168.1.60
PING 192.168.1.60 56 bytes of data
[CPU1] icmp_sendmsg: ERROR: Not reachable
ERROR: sendto failed at seqno 0: 101
[CPU0] icmp_sendmsg: ERROR: Not reachable
ERROR: sendto failed at seqno 1: 101
[CPU0] icmp_sendmsg: ERROR: Not reachable
ERROR: sendto failed at seqno 2: 101
[CPU0] icmp_sendmsg: ERROR: Not reachable
ERROR: sendto failed at seqno 3: 101
[CPU0] icmp_sendmsg: ERROR: Not reachable
ERROR: sendto failed at seqno 4: 101
[CPU0] icmp_sendmsg: ERROR: Not reachable
ERROR: sendto failed at seqno 5: 101
[CPU0] icmp_sendmsg: ERROR: Not reachable
ERROR: sendto failed at seqno 6: 101
[CPU0] icmp_sendmsg: ERROR: Not reachable
ERROR: sendto failed at seqno 7: 101
[CPU0] icmp_sendmsg: ERROR: Not reachable
ERROR: sendto failed at seqno 8: 101
[CPU0] icmp_sendmsg: ERROR: Not reachable
ERROR: sendto failed at seqno 9: 101
10 packets transmitted, 0 received, 100% packet loss, time 10100 ms
nsh> [K
nsh> [K
--- CMD: wapi mode wlan0 2 ---
wapi mode wlan0 2
nsh> [K
nsh> [K
--- CMD: wapi psk wlan0 <redacted> 3 ---
wapi psk wlan0 <redacted> 3
nsh> [K
nsh> [K
--- CMD: wapi essid wlan0 <redacted> 1 ---
wapi essid wlan0 <redacted> 1
[CPU0] esp_event_post_wrapper: S31 associated: channel=11 auth=3 bssid=7c:39:85:2a:50:04
[CPU0] esp_evt_work_cb: S31 driver STA MAC: 30:ed:a0:f3:f7:b0
[CPU0] esp_evt_work_cb: S31 driver power save: ret=0 mode=0
[CPU0] esp_evt_work_cb: S31 driver protocol: ret=0 bitmap=7
[CPU0] esp_evt_work_cb: S31 negotiated PHY: ret=0 mode=4
[CPU0] esp_evt_work_cb: S31 HE SU beamformee disabled: ret=0 value=0
[CPU0] s31_wifi_rx_counters: S31 modem clocks connected: conf1=0038e7ff bb=1 bb80x1=1 bb44=1 mac=1 apb=1 fe160=1 sec=0
[CPU0] s31_wifi_rx_counters: S31 RX counters connected: ret=0 mpdu=3471 data=14222 fcs=29077 abort=37428 full=0 fifo=0 other=54651
[CPU0] s31_wifi_rx_counters: S31 HE counters: power=1023 sigb=0 format=0 unsupported=0 siga=1023 bboff=0 wdg=0
[CPU0] s31_wifi_rx_counters: S31 radio hangs: rx=0 tx=0 flags=00000000 panic=00000000 bf_timeout=0 bf_error=0
[CPU0] s31_wifi_rx_counters: S31 RX errors: ret=0 total=1153 bitmap=1153 tkip=0
[CPU0] s31_wifi_rx_counters: S31 RX types: ret=0 legacy=1397 ht=7586 su=0 ersu=0 mu=0 su_noeb=0 mu_noeb=0 stbc=0 retry=0
[CPU0] s31_wifi_rx_counters: S31 TX stats: ret=0 enable=73336 complete=73336 succ=167710 ack=7217 ba=32455 retry=102934 nomem=0 timeout=0
nsh> [K
nsh> [K
--- CMD: renew wlan0 ---
renew wlan0
nsh> [K
nsh> [K
--- CMD: ping 192.168.1.1 ---
ping 192.168.1.1
PING 192.168.1.1 56 bytes of data
56 bytes from 192.168.1.1: icmp_seq=0 time=20.0 ms
56 bytes from 192.168.1.1: icmp_seq=1 time=20.0 ms
56 bytes from 192.168.1.1: icmp_seq=2 time=20.0 ms
56 bytes from 192.168.1.1: icmp_seq=3 time=30.0 ms
56 bytes from 192.168.1.1: icmp_seq=4 time=20.0 ms
56 bytes from 192.168.1.1: icmp_seq=5 time=20.0 ms
56 bytes from 192.168.1.1: icmp_seq=6 time=20.0 ms
56 bytes from 192.168.1.1: icmp_seq=7 time=20.0 ms
56 bytes from 192.168.1.1: icmp_seq=8 time=20.0 ms
56 bytes from 192.168.1.1: icmp_seq=9 time=20.0 ms
10 packets transmitted, 10 received, 0% packet loss, time 10100 ms
rtt min/avg/max/mdev = 20.000/21.000/30.000/3.000 ms
nsh> [K
nsh> [K
RECONFIGURE_ROUND=16 PASS
--- CMD: ifconfig ---
ifconfig
wlan0	Link encap:Ethernet HWaddr 30:ed:a0:f3:f7:b0 at RUNNING mtu 1500
	inet addr:192.168.1.60 DRaddr:192.168.1.1 Mask:255.255.255.0

nsh> [K
nsh> [K
--- CMD: wapi disconnect wlan0 ---
wapi disconnect wlan0
nsh> [K
nsh> [K
--- CMD: ping 192.168.1.60 ---
ping 192.168.1.60
PING 192.168.1.60 56 bytes of data
[CPU1] icmp_sendmsg: ERROR: Not reachable
ERROR: sendto failed at seqno 0: 101
[CPU0] icmp_sendmsg: ERROR: Not reachable
ERROR: sendto failed at seqno 1: 101
[CPU0] icmp_sendmsg: ERROR: Not reachable
ERROR: sendto failed at seqno 2: 101
[CPU0] icmp_sendmsg: ERROR: Not reachable
ERROR: sendto failed at seqno 3: 101
[CPU0] icmp_sendmsg: ERROR: Not reachable
ERROR: sendto failed at seqno 4: 101
[CPU0] icmp_sendmsg: ERROR: Not reachable
ERROR: sendto failed at seqno 5: 101
[CPU0] icmp_sendmsg: ERROR: Not reachable
ERROR: sendto failed at seqno 6: 101
[CPU0] icmp_sendmsg: ERROR: Not reachable
ERROR: sendto failed at seqno 7: 101
[CPU0] icmp_sendmsg: ERROR: Not reachable
ERROR: sendto failed at seqno 8: 101
[CPU0] icmp_sendmsg: ERROR: Not reachable
ERROR: sendto failed at seqno 9: 101
10 packets transmitted, 0 received, 100% packet loss, time 10100 ms
nsh> [K
nsh> [K
--- CMD: wapi mode wlan0 2 ---
wapi mode wlan0 2
nsh> [K
nsh> [K
--- CMD: wapi psk wlan0 <redacted> 3 ---
wapi psk wlan0 <redacted> 3
nsh> [K
nsh> [K
--- CMD: wapi essid wlan0 <redacted> 1 ---
wapi essid wlan0 <redacted> 1
[CPU0] esp_event_post_wrapper: S31 associated: channel=11 auth=3 bssid=60:ce:41:ab:02:d0
[CPU1] esp_evt_work_cb: S31 driver STA MAC: 30:ed:a0:f3:f7:b0
[CPU1] esp_evt_work_cb: S31 driver power save: ret=0 mode=0
[CPU0] esp_evt_work_cb: S31 driver protocol: ret=0 bitmap=7
[CPU0] esp_evt_work_cb: S31 negotiated PHY: ret=0 mode=4
[CPU0] esp_evt_work_cb: S31 HE SU beamformee disabled: ret=0 value=0
[CPU0] s31_wifi_rx_counters: S31 modem clocks connected: conf1=0038e7ff bb=1 bb80x1=1 bb44=1 mac=1 apb=1 fe160=1 sec=0
[CPU0] s31_wifi_rx_counters: S31 RX counters connected: ret=0 mpdu=26198 data=14339 fcs=30940 abort=43960 full=0 fifo=0 other=59299
[CPU0] s31_wifi_rx_counters: S31 HE counters: power=1023 sigb=0 format=0 unsupported=0 siga=1023 bboff=0 wdg=0
[CPU0] s31_wifi_rx_counters: S31 radio hangs: rx=0 tx=0 flags=00000000 panic=00000000 bf_timeout=0 bf_error=0
[CPU0] s31_wifi_rx_counters: S31 RX errors: ret=0 total=1153 bitmap=1153 tkip=0
[CPU0] s31_wifi_rx_counters: S31 RX types: ret=0 legacy=1457 ht=7625 su=0 ersu=0 mu=0 su_noeb=0 mu_noeb=0 stbc=0 retry=0
[CPU0] s31_wifi_rx_counters: S31 TX stats: ret=0 enable=73347 complete=73347 succ=167720 ack=7218 ba=32464 retry=102935 nomem=0 timeout=0
nsh> [K
nsh> [K
--- CMD: renew wlan0 ---
renew wlan0
nsh> [K
nsh> [K
--- CMD: ping 192.168.1.1 ---
ping 192.168.1.1
PING 192.168.1.1 56 bytes of data
56 bytes from 192.168.1.1: icmp_seq=0 time=20.0 ms
56 bytes from 192.168.1.1: icmp_seq=1 time=20.0 ms
56 bytes from 192.168.1.1: icmp_seq=2 time=50.0 ms
56 bytes from 192.168.1.1: icmp_seq=3 time=20.0 ms
56 bytes from 192.168.1.1: icmp_seq=4 time=20.0 ms
56 bytes from 192.168.1.1: icmp_seq=5 time=20.0 ms
56 bytes from 192.168.1.1: icmp_seq=6 time=20.0 ms
56 bytes from 192.168.1.1: icmp_seq=7 time=40.0 ms
56 bytes from 192.168.1.1: icmp_seq=8 time=30.0 ms
56 bytes from 192.168.1.1: icmp_seq=9 time=20.0 ms
10 packets transmitted, 10 received, 0% packet loss, time 10100 ms
rtt min/avg/max/mdev = 20.000/26.000/50.000/10.198 ms
nsh> [K
nsh> [K
RECONFIGURE_ROUND=17 PASS
--- CMD: ifconfig ---
ifconfig
wlan0	Link encap:Ethernet HWaddr 30:ed:a0:f3:f7:b0 at RUNNING mtu 1500
	inet addr:192.168.1.60 DRaddr:192.168.1.1 Mask:255.255.255.0

nsh> [K
nsh> [K
--- CMD: wapi disconnect wlan0 ---
wapi disconnect wlan0
nsh> [K
nsh> [K
--- CMD: ping 192.168.1.60 ---
ping 192.168.1.60
PING 192.168.1.60 56 bytes of data
[CPU1] icmp_sendmsg: ERROR: Not reachable
ERROR: sendto failed at seqno 0: 101
[CPU0] icmp_sendmsg: ERROR: Not reachable
ERROR: sendto failed at seqno 1: 101
[CPU0] icmp_sendmsg: ERROR: Not reachable
ERROR: sendto failed at seqno 2: 101
[CPU0] icmp_sendmsg: ERROR: Not reachable
ERROR: sendto failed at seqno 3: 101
[CPU0] icmp_sendmsg: ERROR: Not reachable
ERROR: sendto failed at seqno 4: 101
[CPU0] icmp_sendmsg: ERROR: Not reachable
ERROR: sendto failed at seqno 5: 101
[CPU0] icmp_sendmsg: ERROR: Not reachable
ERROR: sendto failed at seqno 6: 101
[CPU0] icmp_sendmsg: ERROR: Not reachable
ERROR: sendto failed at seqno 7: 101
[CPU0] icmp_sendmsg: ERROR: Not reachable
ERROR: sendto failed at seqno 8: 101
[CPU0] icmp_sendmsg: ERROR: Not reachable
ERROR: sendto failed at seqno 9: 101
10 packets transmitted, 0 received, 100% packet loss, time 10100 ms
nsh> [K
nsh> [K
--- CMD: wapi mode wlan0 2 ---
wapi mode wlan0 2
nsh> [K
nsh> [K
--- CMD: wapi psk wlan0 <redacted> 3 ---
wapi psk wlan0 <redacted> 3
nsh> [K
nsh> [K
--- CMD: wapi essid wlan0 <redacted> 1 ---
wapi essid wlan0 <redacted> 1
[CPU0] esp_event_post_wrapper: S31 associated: channel=11 auth=3 bssid=60:ce:41:ab:02:d0
[CPU0] esp_evt_work_cb: S31 driver STA MAC: 30:ed:a0:f3:f7:b0
[CPU0] esp_evt_work_cb: S31 driver power save: ret=0 mode=0
[CPU0] esp_evt_work_cb: S31 driver protocol: ret=0 bitmap=7
[CPU0] esp_evt_work_cb: S31 negotiated PHY: ret=0 mode=4
[CPU0] esp_evt_work_cb: S31 HE SU beamformee disabled: ret=0 value=0
[CPU0] s31_wifi_rx_counters: S31 modem clocks connected: conf1=0038e7ff bb=1 bb80x1=1 bb44=1 mac=1 apb=1 fe160=1 sec=0
[CPU0] s31_wifi_rx_counters: S31 RX counters connected: ret=0 mpdu=54885 data=14400 fcs=32765 abort=50503 full=0 fifo=0 other=64081
[CPU0] s31_wifi_rx_counters: S31 HE counters: power=1023 sigb=0 format=0 unsupported=0 siga=1023 bboff=0 wdg=0
[CPU0] s31_wifi_rx_counters: S31 radio hangs: rx=0 tx=0 flags=00000000 panic=00000000 bf_timeout=0 bf_error=0
[CPU0] s31_wifi_rx_counters: S31 RX errors: ret=0 total=1153 bitmap=1153 tkip=0
[CPU0] s31_wifi_rx_counters: S31 RX types: ret=0 legacy=1476 ht=7638 su=0 ersu=0 mu=0 su_noeb=0 mu_noeb=0 stbc=0 retry=0
[CPU0] s31_wifi_rx_counters: S31 TX stats: ret=0 enable=73379 complete=73379 succ=167733 ack=7223 ba=32472 retry=102943 nomem=0 timeout=0
nsh> [K
nsh> [K
--- CMD: renew wlan0 ---
renew wlan0
nsh> [K
nsh> [K
--- CMD: ping 192.168.1.1 ---
ping 192.168.1.1
PING 192.168.1.1 56 bytes of data
56 bytes from 192.168.1.1: icmp_seq=0 time=30.0 ms
56 bytes from 192.168.1.1: icmp_seq=1 time=30.0 ms
56 bytes from 192.168.1.1: icmp_seq=2 time=40.0 ms
56 bytes from 192.168.1.1: icmp_seq=3 time=20.0 ms
56 bytes from 192.168.1.1: icmp_seq=4 time=30.0 ms
56 bytes from 192.168.1.1: icmp_seq=5 time=20.0 ms
56 bytes from 192.168.1.1: icmp_seq=6 time=20.0 ms
56 bytes from 192.168.1.1: icmp_seq=7 time=20.0 ms
56 bytes from 192.168.1.1: icmp_seq=8 time=40.0 ms
56 bytes from 192.168.1.1: icmp_seq=9 time=30.0 ms
10 packets transmitted, 10 received, 0% packet loss, time 10100 ms
rtt min/avg/max/mdev = 20.000/28.000/40.000/7.483 ms
nsh> [K
nsh> [K
RECONFIGURE_ROUND=18 PASS
--- CMD: ifconfig ---
ifconfig
wlan0	Link encap:Ethernet HWaddr 30:ed:a0:f3:f7:b0 at RUNNING mtu 1500
	inet addr:192.168.1.60 DRaddr:192.168.1.1 Mask:255.255.255.0

nsh> [K
nsh> [K
--- CMD: wapi disconnect wlan0 ---
wapi disconnect wlan0
nsh> [K
nsh> [K
--- CMD: ping 192.168.1.60 ---
ping 192.168.1.60
PING 192.168.1.60 56 bytes of data
[CPU1] icmp_sendmsg: ERROR: Not reachable
ERROR: sendto failed at seqno 0: 101
[CPU0] icmp_sendmsg: ERROR: Not reachable
ERROR: sendto failed at seqno 1: 101
[CPU0] icmp_sendmsg: ERROR: Not reachable
ERROR: sendto failed at seqno 2: 101
[CPU0] icmp_sendmsg: ERROR: Not reachable
ERROR: sendto failed at seqno 3: 101
[CPU0] icmp_sendmsg: ERROR: Not reachable
ERROR: sendto failed at seqno 4: 101
[CPU0] icmp_sendmsg: ERROR: Not reachable
ERROR: sendto failed at seqno 5: 101
[CPU0] icmp_sendmsg: ERROR: Not reachable
ERROR: sendto failed at seqno 6: 101
[CPU0] icmp_sendmsg: ERROR: Not reachable
ERROR: sendto failed at seqno 7: 101
[CPU0] icmp_sendmsg: ERROR: Not reachable
ERROR: sendto failed at seqno 8: 101
[CPU0] icmp_sendmsg: ERROR: Not reachable
ERROR: sendto failed at seqno 9: 101
10 packets transmitted, 0 received, 100% packet loss, time 10100 ms
nsh> [K
nsh> [K
--- CMD: wapi mode wlan0 2 ---
wapi mode wlan0 2
nsh> [K
nsh> [K
--- CMD: wapi psk wlan0 <redacted> 3 ---
wapi psk wlan0 <redacted> 3
nsh> [K
nsh> [K
--- CMD: wapi essid wlan0 <redacted> 1 ---
wapi essid wlan0 <redacted> 1
[CPU0] esp_event_post_wrapper: S31 associated: channel=11 auth=3 bssid=7c:39:85:2a:50:04
[CPU1] esp_evt_work_cb: S31 driver STA MAC: 30:ed:a0:f3:f7:b0
[CPU1] esp_evt_work_cb: S31 driver power save: ret=0 mode=0
[CPU0] esp_evt_work_cb: S31 driver protocol: ret=0 bitmap=7
[CPU0] esp_evt_work_cb: S31 negotiated PHY: ret=0 mode=4
[CPU0] esp_evt_work_cb: S31 HE SU beamformee disabled: ret=0 value=0
[CPU0] s31_wifi_rx_counters: S31 modem clocks connected: conf1=0038e7ff bb=1 bb80x1=1 bb44=1 mac=1 apb=1 fe160=1 sec=0
[CPU0] s31_wifi_rx_counters: S31 RX counters connected: ret=0 mpdu=14611 data=14470 fcs=34667 abort=57583 full=0 fifo=0 other=3875
[CPU0] s31_wifi_rx_counters: S31 HE counters: power=1023 sigb=0 format=0 unsupported=0 siga=1023 bboff=0 wdg=0
[CPU0] s31_wifi_rx_counters: S31 radio hangs: rx=0 tx=0 flags=00000000 panic=00000000 bf_timeout=0 bf_error=0
[CPU0] s31_wifi_rx_counters: S31 RX errors: ret=0 total=1153 bitmap=1153 tkip=0
[CPU0] s31_wifi_rx_counters: S31 RX types: ret=0 legacy=1497 ht=7657 su=0 ersu=0 mu=0 su_noeb=0 mu_noeb=0 stbc=0 retry=0
[CPU0] s31_wifi_rx_counters: S31 TX stats: ret=0 enable=73417 complete=73417 succ=167753 ack=7233 ba=32482 retry=102962 nomem=0 timeout=0
nsh> [K
nsh> [K
--- CMD: renew wlan0 ---
renew wlan0
nsh> [K
nsh> [K
--- CMD: ping 192.168.1.1 ---
ping 192.168.1.1
PING 192.168.1.1 56 bytes of data
56 bytes from 192.168.1.1: icmp_seq=0 time=30.0 ms
56 bytes from 192.168.1.1: icmp_seq=1 time=20.0 ms
56 bytes from 192.168.1.1: icmp_seq=2 time=20.0 ms
56 bytes from 192.168.1.1: icmp_seq=3 time=20.0 ms
56 bytes from 192.168.1.1: icmp_seq=4 time=30.0 ms
56 bytes from 192.168.1.1: icmp_seq=5 time=20.0 ms
56 bytes from 192.168.1.1: icmp_seq=6 time=20.0 ms
56 bytes from 192.168.1.1: icmp_seq=7 time=30.0 ms
56 bytes from 192.168.1.1: icmp_seq=8 time=20.0 ms
56 bytes from 192.168.1.1: icmp_seq=9 time=20.0 ms
10 packets transmitted, 10 received, 0% packet loss, time 10100 ms
rtt min/avg/max/mdev = 20.000/23.000/30.000/4.582 ms
nsh> [K
nsh> [K
RECONFIGURE_ROUND=19 PASS
--- CMD: ifconfig ---
ifconfig
wlan0	Link encap:Ethernet HWaddr 30:ed:a0:f3:f7:b0 at RUNNING mtu 1500
	inet addr:192.168.1.60 DRaddr:192.168.1.1 Mask:255.255.255.0

nsh> [K
nsh> [K
--- CMD: wapi disconnect wlan0 ---
wapi disconnect wlan0
nsh> [K
nsh> [K
--- CMD: ping 192.168.1.60 ---
ping 192.168.1.60
PING 192.168.1.60 56 bytes of data
[CPU1] icmp_sendmsg: ERROR: Not reachable
ERROR: sendto failed at seqno 0: 101
[CPU0] icmp_sendmsg: ERROR: Not reachable
ERROR: sendto failed at seqno 1: 101
[CPU0] icmp_sendmsg: ERROR: Not reachable
ERROR: sendto failed at seqno 2: 101
[CPU0] icmp_sendmsg: ERROR: Not reachable
ERROR: sendto failed at seqno 3: 101
[CPU0] icmp_sendmsg: ERROR: Not reachable
ERROR: sendto failed at seqno 4: 101
[CPU0] icmp_sendmsg: ERROR: Not reachable
ERROR: sendto failed at seqno 5: 101
[CPU0] icmp_sendmsg: ERROR: Not reachable
ERROR: sendto failed at seqno 6: 101
[CPU0] icmp_sendmsg: ERROR: Not reachable
ERROR: sendto failed at seqno 7: 101
[CPU0] icmp_sendmsg: ERROR: Not reachable
ERROR: sendto failed at seqno 8: 101
[CPU0] icmp_sendmsg: ERROR: Not reachable
ERROR: sendto failed at seqno 9: 101
10 packets transmitted, 0 received, 100% packet loss, time 10100 ms
nsh> [K
nsh> [K
--- CMD: wapi mode wlan0 2 ---
wapi mode wlan0 2
nsh> [K
nsh> [K
--- CMD: wapi psk wlan0 <redacted> 3 ---
wapi psk wlan0 <redacted> 3
nsh> [K
nsh> [K
--- CMD: wapi essid wlan0 <redacted> 1 ---
wapi essid wlan0 <redacted> 1
[CPU0] esp_event_post_wrapper: S31 associated: channel=11 auth=3 bssid=7c:39:85:2a:50:04
[CPU1] esp_evt_work_cb: S31 driver STA MAC: 30:ed:a0:f3:f7:b0
[CPU1] esp_evt_work_cb: S31 driver power save: ret=0 mode=0
[CPU1] esp_evt_work_cb: S31 driver protocol: ret=0 bitmap=7
[CPU1] esp_evt_work_cb: S31 negotiated PHY: ret=0 mode=4
[CPU1] esp_evt_work_cb: S31 HE SU beamformee disabled: ret=0 value=0
[CPU1] s31_wifi_rx_counters: S31 modem clocks connected: conf1=0038e7ff bb=1 bb80x1=1 bb44=1 mac=1 apb=1 fe160=1 sec=0
[CPU1] s31_wifi_rx_counters: S31 RX counters connected: ret=0 mpdu=39014 data=14528 fcs=36447 abort=64147 full=0 fifo=0 other=8825
[CPU1] s31_wifi_rx_counters: S31 HE counters: power=1023 sigb=0 format=0 unsupported=0 siga=1023 bboff=0 wdg=0
[CPU1] s31_wifi_rx_counters: S31 radio hangs: rx=0 tx=0 flags=00000000 panic=00000000 bf_timeout=0 bf_error=0
[CPU1] s31_wifi_rx_counters: S31 RX errors: ret=0 total=1153 bitmap=1153 tkip=0
[CPU0] s31_wifi_rx_counters: S31 RX types: ret=0 legacy=1515 ht=7687 su=0 ersu=0 mu=0 su_noeb=0 mu_noeb=0 stbc=0 retry=0
[CPU0] s31_wifi_rx_counters: S31 TX stats: ret=0 enable=73431 complete=73431 succ=167764 ack=7234 ba=32492 retry=102964 nomem=0 timeout=0
nsh> [K
nsh> [K
--- CMD: renew wlan0 ---
renew wlan0
nsh> [K
nsh> [K
--- CMD: ping 192.168.1.1 ---
ping 192.168.1.1
PING 192.168.1.1 56 bytes of data
56 bytes from 192.168.1.1: icmp_seq=0 time=20.0 ms
56 bytes from 192.168.1.1: icmp_seq=1 time=20.0 ms
56 bytes from 192.168.1.1: icmp_seq=2 time=30.0 ms
56 bytes from 192.168.1.1: icmp_seq=3 time=20.0 ms
56 bytes from 192.168.1.1: icmp_seq=4 time=20.0 ms
56 bytes from 192.168.1.1: icmp_seq=5 time=20.0 ms
56 bytes from 192.168.1.1: icmp_seq=6 time=80.0 ms
56 bytes from 192.168.1.1: icmp_seq=7 time=20.0 ms
56 bytes from 192.168.1.1: icmp_seq=8 time=20.0 ms
56 bytes from 192.168.1.1: icmp_seq=9 time=20.0 ms
10 packets transmitted, 10 received, 0% packet loss, time 10100 ms
rtt min/avg/max/mdev = 20.000/27.000/80.000/17.916 ms
nsh> [K
nsh> [K
RECONFIGURE_ROUND=20 PASS
--- CMD: ifconfig ---
ifconfig
wlan0	Link encap:Ethernet HWaddr 30:ed:a0:f3:f7:b0 at RUNNING mtu 1500
	inet addr:192.168.1.60 DRaddr:192.168.1.1 Mask:255.255.255.0

nsh> [K
nsh> [K
--- CMD: wapi disconnect wlan0 ---
wapi disconnect wlan0
nsh> [K
nsh> [K
--- CMD: ping 192.168.1.60 ---
ping 192.168.1.60
PING 192.168.1.60 56 bytes of data
[CPU1] icmp_sendmsg: ERROR: Not reachable
ERROR: sendto failed at seqno 0: 101
[CPU0] icmp_sendmsg: ERROR: Not reachable
ERROR: sendto failed at seqno 1: 101
[CPU0] icmp_sendmsg: ERROR: Not reachable
ERROR: sendto failed at seqno 2: 101
[CPU0] icmp_sendmsg: ERROR: Not reachable
ERROR: sendto failed at seqno 3: 101
[CPU0] icmp_sendmsg: ERROR: Not reachable
ERROR: sendto failed at seqno 4: 101
[CPU0] icmp_sendmsg: ERROR: Not reachable
ERROR: sendto failed at seqno 5: 101
[CPU0] icmp_sendmsg: ERROR: Not reachable
ERROR: sendto failed at seqno 6: 101
[CPU0] icmp_sendmsg: ERROR: Not reachable
ERROR: sendto failed at seqno 7: 101
[CPU0] icmp_sendmsg: ERROR: Not reachable
ERROR: sendto failed at seqno 8: 101
[CPU0] icmp_sendmsg: ERROR: Not reachable
ERROR: sendto failed at seqno 9: 101
10 packets transmitted, 0 received, 100% packet loss, time 10100 ms
nsh> [K
nsh> [K
--- CMD: wapi mode wlan0 2 ---
wapi mode wlan0 2
nsh> [K
nsh> [K
--- CMD: wapi psk wlan0 <redacted> 3 ---
wapi psk wlan0 <redacted> 3
nsh> [K
nsh> [K
--- CMD: wapi essid wlan0 <redacted> 1 ---
wapi essid wlan0 <redacted> 1
[CPU0] esp_event_post_wrapper: S31 associated: channel=11 auth=3 bssid=7c:39:85:2a:50:04
[CPU1] esp_evt_work_cb: S31 driver STA MAC: 30:ed:a0:f3:f7:b0
[CPU1] esp_evt_work_cb: S31 driver power save: ret=0 mode=0
[CPU0] esp_evt_work_cb: S31 driver protocol: ret=0 bitmap=7
[CPU0] esp_evt_work_cb: S31 negotiated PHY: ret=0 mode=4
[CPU0] esp_evt_work_cb: S31 HE SU beamformee disabled: ret=0 value=0
[CPU0] s31_wifi_rx_counters: S31 modem clocks connected: conf1=0038e7ff bb=1 bb80x1=1 bb44=1 mac=1 apb=1 fe160=1 sec=0
[CPU0] s31_wifi_rx_counters: S31 RX counters connected: ret=0 mpdu=64608 data=14585 fcs=38389 abort=5478 full=0 fifo=0 other=14078
[CPU0] s31_wifi_rx_counters: S31 HE counters: power=1023 sigb=0 format=0 unsupported=0 siga=1023 bboff=0 wdg=0
[CPU0] s31_wifi_rx_counters: S31 radio hangs: rx=0 tx=0 flags=00000000 panic=00000000 bf_timeout=0 bf_error=0
[CPU0] s31_wifi_rx_counters: S31 RX errors: ret=0 total=1153 bitmap=1153 tkip=0
[CPU0] s31_wifi_rx_counters: S31 RX types: ret=0 legacy=1534 ht=7699 su=0 ersu=0 mu=0 su_noeb=0 mu_noeb=0 stbc=0 retry=0
[CPU0] s31_wifi_rx_counters: S31 TX stats: ret=0 enable=73453 complete=73453 succ=167777 ack=7239 ba=32500 retry=102972 nomem=0 timeout=0
nsh> [K
nsh> [K
--- CMD: renew wlan0 ---
renew wlan0
nsh> [K
nsh> [K
--- CMD: ping 192.168.1.1 ---
ping 192.168.1.1
PING 192.168.1.1 56 bytes of data
56 bytes from 192.168.1.1: icmp_seq=0 time=20.0 ms
56 bytes from 192.168.1.1: icmp_seq=1 time=20.0 ms
56 bytes from 192.168.1.1: icmp_seq=2 time=20.0 ms
56 bytes from 192.168.1.1: icmp_seq=3 time=20.0 ms
56 bytes from 192.168.1.1: icmp_seq=4 time=20.0 ms
56 bytes from 192.168.1.1: icmp_seq=5 time=30.0 ms
56 bytes from 192.168.1.1: icmp_seq=6 time=20.0 ms
56 bytes from 192.168.1.1: icmp_seq=7 time=20.0 ms
56 bytes from 192.168.1.1: icmp_seq=8 time=20.0 ms
56 bytes from 192.168.1.1: icmp_seq=9 time=20.0 ms
10 packets transmitted, 10 received, 0% packet loss, time 10100 ms
rtt min/avg/max/mdev = 20.000/21.000/30.000/3.000 ms
nsh> [K
nsh> [K
RECONFIGURE_ROUND=21 PASS
--- CMD: ifconfig ---
ifconfig
wlan0	Link encap:Ethernet HWaddr 30:ed:a0:f3:f7:b0 at RUNNING mtu 1500
	inet addr:192.168.1.60 DRaddr:192.168.1.1 Mask:255.255.255.0

nsh> [K
nsh> [K
--- CMD: wapi disconnect wlan0 ---
wapi disconnect wlan0
nsh> [K
nsh> [K
--- CMD: ping 192.168.1.60 ---
ping 192.168.1.60
PING 192.168.1.60 56 bytes of data
[CPU1] icmp_sendmsg: ERROR: Not reachable
ERROR: sendto failed at seqno 0: 101
[CPU0] icmp_sendmsg: ERROR: Not reachable
ERROR: sendto failed at seqno 1: 101
[CPU0] icmp_sendmsg: ERROR: Not reachable
ERROR: sendto failed at seqno 2: 101
[CPU0] icmp_sendmsg: ERROR: Not reachable
ERROR: sendto failed at seqno 3: 101
[CPU0] icmp_sendmsg: ERROR: Not reachable
ERROR: sendto failed at seqno 4: 101
[CPU0] icmp_sendmsg: ERROR: Not reachable
ERROR: sendto failed at seqno 5: 101
[CPU0] icmp_sendmsg: ERROR: Not reachable
ERROR: sendto failed at seqno 6: 101
[CPU0] icmp_sendmsg: ERROR: Not reachable
ERROR: sendto failed at seqno 7: 101
[CPU0] icmp_sendmsg: ERROR: Not reachable
ERROR: sendto failed at seqno 8: 101
[CPU0] icmp_sendmsg: ERROR: Not reachable
ERROR: sendto failed at seqno 9: 101
10 packets transmitted, 0 received, 100% packet loss, time 10100 ms
nsh> [K
nsh> [K
--- CMD: wapi mode wlan0 2 ---
wapi mode wlan0 2
nsh> [K
nsh> [K
--- CMD: wapi psk wlan0 <redacted> 3 ---
wapi psk wlan0 <redacted> 3
nsh> [K
nsh> [K
--- CMD: wapi essid wlan0 <redacted> 1 ---
wapi essid wlan0 <redacted> 1
[CPU0] esp_event_post_wrapper: S31 associated: channel=11 auth=3 bssid=60:ce:41:ab:02:d0
[CPU0] esp_evt_work_cb: S31 driver STA MAC: 30:ed:a0:f3:f7:b0
[CPU0] esp_evt_work_cb: S31 driver power save: ret=0 mode=0
[CPU0] esp_evt_work_cb: S31 driver protocol: ret=0 bitmap=7
[CPU0] esp_evt_work_cb: S31 negotiated PHY: ret=0 mode=4
[CPU0] esp_evt_work_cb: S31 HE SU beamformee disabled: ret=0 value=0
[CPU0] s31_wifi_rx_counters: S31 modem clocks connected: conf1=0038e7ff bb=1 bb80x1=1 bb44=1 mac=1 apb=1 fe160=1 sec=0
[CPU0] s31_wifi_rx_counters: S31 RX counters connected: ret=0 mpdu=25222 data=14644 fcs=40726 abort=13192 full=0 fifo=0 other=20109
[CPU0] s31_wifi_rx_counters: S31 HE counters: power=1023 sigb=0 format=0 unsupported=0 siga=1023 bboff=0 wdg=0
[CPU0] s31_wifi_rx_counters: S31 radio hangs: rx=0 tx=0 flags=00000000 panic=00000000 bf_timeout=0 bf_error=0
[CPU0] s31_wifi_rx_counters: S31 RX errors: ret=0 total=1153 bitmap=1153 tkip=0
[CPU0] s31_wifi_rx_counters: S31 RX types: ret=0 legacy=1554 ht=7711 su=0 ersu=0 mu=0 su_noeb=0 mu_noeb=0 stbc=0 retry=0
[CPU0] s31_wifi_rx_counters: S31 TX stats: ret=0 enable=73466 complete=73466 succ=167788 ack=7240 ba=32510 retry=102974 nomem=0 timeout=0
nsh> [K
nsh> [K
--- CMD: renew wlan0 ---
renew wlan0
nsh> [K
nsh> [K
--- CMD: ping 192.168.1.1 ---
ping 192.168.1.1
PING 192.168.1.1 56 bytes of data
56 bytes from 192.168.1.1: icmp_seq=0 time=30.0 ms
56 bytes from 192.168.1.1: icmp_seq=1 time=20.0 ms
56 bytes from 192.168.1.1: icmp_seq=2 time=30.0 ms
56 bytes from 192.168.1.1: icmp_seq=3 time=20.0 ms
56 bytes from 192.168.1.1: icmp_seq=4 time=20.0 ms
56 bytes from 192.168.1.1: icmp_seq=5 time=30.0 ms
56 bytes from 192.168.1.1: icmp_seq=6 time=20.0 ms
56 bytes from 192.168.1.1: icmp_seq=7 time=30.0 ms
56 bytes from 192.168.1.1: icmp_seq=8 time=20.0 ms
56 bytes from 192.168.1.1: icmp_seq=9 time=20.0 ms
10 packets transmitted, 10 received, 0% packet loss, time 10100 ms
rtt min/avg/max/mdev = 20.000/24.000/30.000/4.898 ms
nsh> [K
nsh> [K
RECONFIGURE_ROUND=22 PASS
--- CMD: ifconfig ---
ifconfig
wlan0	Link encap:Ethernet HWaddr 30:ed:a0:f3:f7:b0 at RUNNING mtu 1500
	inet addr:192.168.1.60 DRaddr:192.168.1.1 Mask:255.255.255.0

nsh> [K
nsh> [K
--- CMD: wapi disconnect wlan0 ---
wapi disconnect wlan0
nsh> [K
nsh> [K
--- CMD: ping 192.168.1.60 ---
ping 192.168.1.60
PING 192.168.1.60 56 bytes of data
[CPU1] icmp_sendmsg: ERROR: Not reachable
ERROR: sendto failed at seqno 0: 101
[CPU0] icmp_sendmsg: ERROR: Not reachable
ERROR: sendto failed at seqno 1: 101
[CPU0] icmp_sendmsg: ERROR: Not reachable
ERROR: sendto failed at seqno 2: 101
[CPU0] icmp_sendmsg: ERROR: Not reachable
ERROR: sendto failed at seqno 3: 101
[CPU0] icmp_sendmsg: ERROR: Not reachable
ERROR: sendto failed at seqno 4: 101
[CPU0] icmp_sendmsg: ERROR: Not reachable
ERROR: sendto failed at seqno 5: 101
[CPU0] icmp_sendmsg: ERROR: Not reachable
ERROR: sendto failed at seqno 6: 101
[CPU0] icmp_sendmsg: ERROR: Not reachable
ERROR: sendto failed at seqno 7: 101
[CPU0] icmp_sendmsg: ERROR: Not reachable
ERROR: sendto failed at seqno 8: 101
[CPU0] icmp_sendmsg: ERROR: Not reachable
ERROR: sendto failed at seqno 9: 101
10 packets transmitted, 0 received, 100% packet loss, time 10100 ms
nsh> [K
nsh> [K
--- CMD: wapi mode wlan0 2 ---
wapi mode wlan0 2
nsh> [K
nsh> [K
--- CMD: wapi psk wlan0 <redacted> 3 ---
wapi psk wlan0 <redacted> 3
nsh> [K
nsh> [K
--- CMD: wapi essid wlan0 <redacted> 1 ---
wapi essid wlan0 <redacted> 1
[CPU0] esp_event_post_wrapper: S31 associated: channel=11 auth=3 bssid=7c:39:85:2a:50:04
[CPU1] esp_evt_work_cb: S31 driver STA MAC: 30:ed:a0:f3:f7:b0
[CPU1] esp_evt_work_cb: S31 driver power save: ret=0 mode=0
[CPU0] esp_evt_work_cb: S31 driver protocol: ret=0 bitmap=7
[CPU1] esp_evt_work_cb: S31 negotiated PHY: ret=0 mode=4
[CPU1] esp_evt_work_cb: S31 HE SU beamformee disabled: ret=0 value=0
[CPU1] s31_wifi_rx_counters: S31 modem clocks connected: conf1=0038e7ff bb=1 bb80x1=1 bb44=1 mac=1 apb=1 fe160=1 sec=0
[CPU1] s31_wifi_rx_counters: S31 RX counters connected: ret=0 mpdu=51284 data=14696 fcs=43114 abort=21716 full=0 fifo=0 other=26758
[CPU1] s31_wifi_rx_counters: S31 HE counters: power=1023 sigb=0 format=0 unsupported=0 siga=1023 bboff=0 wdg=0
[CPU1] s31_wifi_rx_counters: S31 radio hangs: rx=0 tx=0 flags=00000000 panic=00000000 bf_timeout=0 bf_error=0
[CPU1] s31_wifi_rx_counters: S31 RX errors: ret=0 total=1153 bitmap=1153 tkip=0
[CPU1] s31_wifi_rx_counters: S31 RX types: ret=0 legacy=1572 ht=7723 su=0 ersu=0 mu=0 su_noeb=0 mu_noeb=0 stbc=0 retry=0
[CPU0] s31_wifi_rx_counters: S31 TX stats: ret=0 enable=73496 complete=73496 succ=167806 ack=7246 ba=32522 retry=102986 nomem=0 timeout=0
nsh> [K
nsh> [K
--- CMD: renew wlan0 ---
renew wlan0
nsh> [K
nsh> [K
--- CMD: ping 192.168.1.1 ---
ping 192.168.1.1
PING 192.168.1.1 56 bytes of data
56 bytes from 192.168.1.1: icmp_seq=0 time=20.0 ms
56 bytes from 192.168.1.1: icmp_seq=1 time=30.0 ms
56 bytes from 192.168.1.1: icmp_seq=2 time=20.0 ms
56 bytes from 192.168.1.1: icmp_seq=3 time=20.0 ms
56 bytes from 192.168.1.1: icmp_seq=4 time=40.0 ms
56 bytes from 192.168.1.1: icmp_seq=5 time=20.0 ms
56 bytes from 192.168.1.1: icmp_seq=6 time=30.0 ms
56 bytes from 192.168.1.1: icmp_seq=7 time=30.0 ms
56 bytes from 192.168.1.1: icmp_seq=8 time=30.0 ms
56 bytes from 192.168.1.1: icmp_seq=9 time=30.0 ms
10 packets transmitted, 10 received, 0% packet loss, time 10100 ms
rtt min/avg/max/mdev = 20.000/27.000/40.000/6.403 ms
nsh> [K
nsh> [K
RECONFIGURE_ROUND=23 PASS
--- CMD: ifconfig ---
ifconfig
wlan0	Link encap:Ethernet HWaddr 30:ed:a0:f3:f7:b0 at RUNNING mtu 1500
	inet addr:192.168.1.60 DRaddr:192.168.1.1 Mask:255.255.255.0

nsh> [K
nsh> [K
--- CMD: wapi disconnect wlan0 ---
wapi disconnect wlan0
nsh> [K
nsh> [K
--- CMD: ping 192.168.1.60 ---
ping 192.168.1.60
PING 192.168.1.60 56 bytes of data
[CPU1] icmp_sendmsg: ERROR: Not reachable
ERROR: sendto failed at seqno 0: 101
[CPU0] icmp_sendmsg: ERROR: Not reachable
ERROR: sendto failed at seqno 1: 101
[CPU0] icmp_sendmsg: ERROR: Not reachable
ERROR: sendto failed at seqno 2: 101
[CPU0] icmp_sendmsg: ERROR: Not reachable
ERROR: sendto failed at seqno 3: 101
[CPU0] icmp_sendmsg: ERROR: Not reachable
ERROR: sendto failed at seqno 4: 101
[CPU0] icmp_sendmsg: ERROR: Not reachable
ERROR: sendto failed at seqno 5: 101
[CPU0] icmp_sendmsg: ERROR: Not reachable
ERROR: sendto failed at seqno 6: 101
[CPU0] icmp_sendmsg: ERROR: Not reachable
ERROR: sendto failed at seqno 7: 101
[CPU0] icmp_sendmsg: ERROR: Not reachable
ERROR: sendto failed at seqno 8: 101
[CPU0] icmp_sendmsg: ERROR: Not reachable
ERROR: sendto failed at seqno 9: 101
10 packets transmitted, 0 received, 100% packet loss, time 10100 ms
nsh> [K
nsh> [K
--- CMD: wapi mode wlan0 2 ---
wapi mode wlan0 2
nsh> [K
nsh> [K
--- CMD: wapi psk wlan0 <redacted> 3 ---
wapi psk wlan0 <redacted> 3
nsh> [K
nsh> [K
--- CMD: wapi essid wlan0 <redacted> 1 ---
wapi essid wlan0 <redacted> 1
[CPU0] esp_event_post_wrapper: S31 associated: channel=11 auth=3 bssid=7c:39:85:2a:50:04
[CPU1] esp_evt_work_cb: S31 driver STA MAC: 30:ed:a0:f3:f7:b0
[CPU1] esp_evt_work_cb: S31 driver power save: ret=0 mode=0
[CPU0] esp_evt_work_cb: S31 driver protocol: ret=0 bitmap=7
[CPU0] esp_evt_work_cb: S31 negotiated PHY: ret=0 mode=4
[CPU0] esp_evt_work_cb: S31 HE SU beamformee disabled: ret=0 value=0
[CPU0] s31_wifi_rx_counters: S31 modem clocks connected: conf1=0038e7ff bb=1 bb80x1=1 bb44=1 mac=1 apb=1 fe160=1 sec=0
[CPU0] s31_wifi_rx_counters: S31 RX counters connected: ret=0 mpdu=11785 data=14753 fcs=45471 abort=29469 full=0 fifo=0 other=32887
[CPU0] s31_wifi_rx_counters: S31 HE counters: power=1023 sigb=0 format=0 unsupported=0 siga=1023 bboff=0 wdg=0
[CPU0] s31_wifi_rx_counters: S31 radio hangs: rx=0 tx=0 flags=00000000 panic=00000000 bf_timeout=0 bf_error=0
[CPU0] s31_wifi_rx_counters: S31 RX errors: ret=0 total=1153 bitmap=1153 tkip=0
[CPU0] s31_wifi_rx_counters: S31 RX types: ret=0 legacy=1591 ht=7738 su=0 ersu=0 mu=0 su_noeb=0 mu_noeb=0 stbc=0 retry=0
[CPU0] s31_wifi_rx_counters: S31 TX stats: ret=0 enable=73518 complete=73518 succ=167821 ack=7249 ba=32534 retry=102992 nomem=0 timeout=0
nsh> [K
nsh> [K
--- CMD: renew wlan0 ---
renew wlan0
nsh> [K
nsh> [K
--- CMD: ping 192.168.1.1 ---
ping 192.168.1.1
PING 192.168.1.1 56 bytes of data
56 bytes from 192.168.1.1: icmp_seq=0 time=20.0 ms
56 bytes from 192.168.1.1: icmp_seq=1 time=20.0 ms
56 bytes from 192.168.1.1: icmp_seq=2 time=20.0 ms
56 bytes from 192.168.1.1: icmp_seq=3 time=20.0 ms
56 bytes from 192.168.1.1: icmp_seq=4 time=20.0 ms
56 bytes from 192.168.1.1: icmp_seq=5 time=20.0 ms
56 bytes from 192.168.1.1: icmp_seq=6 time=20.0 ms
56 bytes from 192.168.1.1: icmp_seq=7 time=20.0 ms
56 bytes from 192.168.1.1: icmp_seq=8 time=20.0 ms
56 bytes from 192.168.1.1: icmp_seq=9 time=30.0 ms
10 packets transmitted, 10 received, 0% packet loss, time 10100 ms
rtt min/avg/max/mdev = 20.000/21.000/30.000/3.000 ms
nsh> [K
nsh> [K
RECONFIGURE_ROUND=24 PASS
--- CMD: ifconfig ---
ifconfig
wlan0	Link encap:Ethernet HWaddr 30:ed:a0:f3:f7:b0 at RUNNING mtu 1500
	inet addr:192.168.1.60 DRaddr:192.168.1.1 Mask:255.255.255.0

nsh> [K
nsh> [K
--- CMD: wapi disconnect wlan0 ---
wapi disconnect wlan0
nsh> [K
nsh> [K
--- CMD: ping 192.168.1.60 ---
ping 192.168.1.60
PING 192.168.1.60 56 bytes of data
[CPU1] icmp_sendmsg: ERROR: Not reachable
ERROR: sendto failed at seqno 0: 101
[CPU0] icmp_sendmsg: ERROR: Not reachable
ERROR: sendto failed at seqno 1: 101
[CPU0] icmp_sendmsg: ERROR: Not reachable
ERROR: sendto failed at seqno 2: 101
[CPU0] icmp_sendmsg: ERROR: Not reachable
ERROR: sendto failed at seqno 3: 101
[CPU0] icmp_sendmsg: ERROR: Not reachable
ERROR: sendto failed at seqno 4: 101
[CPU0] icmp_sendmsg: ERROR: Not reachable
ERROR: sendto failed at seqno 5: 101
[CPU0] icmp_sendmsg: ERROR: Not reachable
ERROR: sendto failed at seqno 6: 101
[CPU0] icmp_sendmsg: ERROR: Not reachable
ERROR: sendto failed at seqno 7: 101
[CPU0] icmp_sendmsg: ERROR: Not reachable
ERROR: sendto failed at seqno 8: 101
[CPU0] icmp_sendmsg: ERROR: Not reachable
ERROR: sendto failed at seqno 9: 101
10 packets transmitted, 0 received, 100% packet loss, time 10100 ms
nsh> [K
nsh> [K
--- CMD: wapi mode wlan0 2 ---
wapi mode wlan0 2
nsh> [K
nsh> [K
--- CMD: wapi psk wlan0 <redacted> 3 ---
wapi psk wlan0 <redacted> 3
nsh> [K
nsh> [K
--- CMD: wapi essid wlan0 <redacted> 1 ---
wapi essid wlan0 <redacted> 1
[CPU0] esp_event_post_wrapper: S31 associated: channel=11 auth=3 bssid=7c:39:85:2a:50:04
[CPU0] esp_evt_work_cb: S31 driver STA MAC: 30:ed:a0:f3:f7:b0
[CPU0] esp_evt_work_cb: S31 driver power save: ret=0 mode=0
[CPU0] esp_evt_work_cb: S31 driver protocol: ret=0 bitmap=7
[CPU0] esp_evt_work_cb: S31 negotiated PHY: ret=0 mode=4
[CPU0] esp_evt_work_cb: S31 HE SU beamformee disabled: ret=0 value=0
[CPU0] s31_wifi_rx_counters: S31 modem clocks connected: conf1=0038e7ff bb=1 bb80x1=1 bb44=1 mac=1 apb=1 fe160=1 sec=0
[CPU0] s31_wifi_rx_counters: S31 RX counters connected: ret=0 mpdu=39694 data=14812 fcs=48046 abort=39132 full=0 fifo=0 other=40741
[CPU0] s31_wifi_rx_counters: S31 HE counters: power=1023 sigb=0 format=0 unsupported=0 siga=1023 bboff=0 wdg=0
[CPU0] s31_wifi_rx_counters: S31 radio hangs: rx=0 tx=0 flags=00000000 panic=00000000 bf_timeout=0 bf_error=0
[CPU0] s31_wifi_rx_counters: S31 RX errors: ret=0 total=1154 bitmap=1154 tkip=0
[CPU0] s31_wifi_rx_counters: S31 RX types: ret=0 legacy=1606 ht=7753 su=0 ersu=0 mu=0 su_noeb=0 mu_noeb=0 stbc=0 retry=0
[CPU0] s31_wifi_rx_counters: S31 TX stats: ret=0 enable=73530 complete=73530 succ=167831 ack=7250 ba=32543 retry=102993 nomem=0 timeout=0
nsh> [K
nsh> [K
--- CMD: renew wlan0 ---
renew wlan0
nsh> [K
nsh> [K
--- CMD: ping 192.168.1.1 ---
ping 192.168.1.1
PING 192.168.1.1 56 bytes of data
56 bytes from 192.168.1.1: icmp_seq=0 time=60.0 ms
56 bytes from 192.168.1.1: icmp_seq=1 time=30.0 ms
56 bytes from 192.168.1.1: icmp_seq=2 time=20.0 ms
56 bytes from 192.168.1.1: icmp_seq=3 time=60.0 ms
56 bytes from 192.168.1.1: icmp_seq=4 time=20.0 ms
56 bytes from 192.168.1.1: icmp_seq=5 time=20.0 ms
56 bytes from 192.168.1.1: icmp_seq=6 time=20.0 ms
56 bytes from 192.168.1.1: icmp_seq=7 time=20.0 ms
56 bytes from 192.168.1.1: icmp_seq=8 time=20.0 ms
56 bytes from 192.168.1.1: icmp_seq=9 time=20.0 ms
10 packets transmitted, 10 received, 0% packet loss, time 10100 ms
rtt min/avg/max/mdev = 20.000/29.000/60.000/15.779 ms
nsh> [K
nsh> [K
RECONFIGURE_ROUND=25 PASS
--- CMD: ifconfig ---
ifconfig
wlan0	Link encap:Ethernet HWaddr 30:ed:a0:f3:f7:b0 at RUNNING mtu 1500
	inet addr:192.168.1.60 DRaddr:192.168.1.1 Mask:255.255.255.0

nsh> [K
nsh> [K
--- CMD: wapi disconnect wlan0 ---
wapi disconnect wlan0
nsh> [K
nsh> [K
--- CMD: ping 192.168.1.60 ---
ping 192.168.1.60
PING 192.168.1.60 56 bytes of data
[CPU1] icmp_sendmsg: ERROR: Not reachable
ERROR: sendto failed at seqno 0: 101
[CPU0] icmp_sendmsg: ERROR: Not reachable
ERROR: sendto failed at seqno 1: 101
[CPU0] icmp_sendmsg: ERROR: Not reachable
ERROR: sendto failed at seqno 2: 101
[CPU0] icmp_sendmsg: ERROR: Not reachable
ERROR: sendto failed at seqno 3: 101
[CPU0] icmp_sendmsg: ERROR: Not reachable
ERROR: sendto failed at seqno 4: 101
[CPU0] icmp_sendmsg: ERROR: Not reachable
ERROR: sendto failed at seqno 5: 101
[CPU0] icmp_sendmsg: ERROR: Not reachable
ERROR: sendto failed at seqno 6: 101
[CPU0] icmp_sendmsg: ERROR: Not reachable
ERROR: sendto failed at seqno 7: 101
[CPU0] icmp_sendmsg: ERROR: Not reachable
ERROR: sendto failed at seqno 8: 101
[CPU0] icmp_sendmsg: ERROR: Not reachable
ERROR: sendto failed at seqno 9: 101
10 packets transmitted, 0 received, 100% packet loss, time 10100 ms
nsh> [K
nsh> [K
--- CMD: wapi mode wlan0 2 ---
wapi mode wlan0 2
nsh> [K
nsh> [K
--- CMD: wapi psk wlan0 <redacted> 3 ---
wapi psk wlan0 <redacted> 3
nsh> [K
nsh> [K
--- CMD: wapi essid wlan0 <redacted> 1 ---
wapi essid wlan0 <redacted> 1
[CPU0] esp_event_post_wrapper: S31 associated: channel=11 auth=3 bssid=7c:39:85:2a:50:04
[CPU1] esp_evt_work_cb: S31 driver STA MAC: 30:ed:a0:f3:f7:b0
[CPU1] esp_evt_work_cb: S31 driver power save: ret=0 mode=0
[CPU1] esp_evt_work_cb: S31 driver protocol: ret=0 bitmap=7
[CPU1] esp_evt_work_cb: S31 negotiated PHY: ret=0 mode=4
[CPU1] esp_evt_work_cb: S31 HE SU beamformee disabled: ret=0 value=0
[CPU1] s31_wifi_rx_counters: S31 modem clocks connected: conf1=0038e7ff bb=1 bb80x1=1 bb44=1 mac=1 apb=1 fe160=1 sec=0
[CPU1] s31_wifi_rx_counters: S31 RX counters connected: ret=0 mpdu=946 data=14874 fcs=50376 abort=48088 full=0 fifo=0 other=47994
[CPU1] s31_wifi_rx_counters: S31 HE counters: power=1023 sigb=0 format=0 unsupported=0 siga=1023 bboff=0 wdg=0
[CPU1] s31_wifi_rx_counters: S31 radio hangs: rx=0 tx=0 flags=00000000 panic=00000000 bf_timeout=0 bf_error=0
[CPU1] s31_wifi_rx_counters: S31 RX errors: ret=0 total=1154 bitmap=1154 tkip=0
[CPU0] s31_wifi_rx_counters: S31 RX types: ret=0 legacy=1634 ht=7765 su=0 ersu=0 mu=0 su_noeb=0 mu_noeb=0 stbc=0 retry=0
[CPU0] s31_wifi_rx_counters: S31 TX stats: ret=0 enable=73546 complete=73546 succ=167843 ack=7252 ba=32553 retry=102997 nomem=0 timeout=0
nsh> [K
nsh> [K
--- CMD: renew wlan0 ---
renew wlan0
nsh> [K
nsh> [K
--- CMD: ping 192.168.1.1 ---
ping 192.168.1.1
PING 192.168.1.1 56 bytes of data
56 bytes from 192.168.1.1: icmp_seq=0 time=20.0 ms
56 bytes from 192.168.1.1: icmp_seq=1 time=20.0 ms
56 bytes from 192.168.1.1: icmp_seq=2 time=20.0 ms
56 bytes from 192.168.1.1: icmp_seq=3 time=20.0 ms
56 bytes from 192.168.1.1: icmp_seq=4 time=20.0 ms
56 bytes from 192.168.1.1: icmp_seq=5 time=20.0 ms
56 bytes from 192.168.1.1: icmp_seq=6 time=20.0 ms
56 bytes from 192.168.1.1: icmp_seq=7 time=20.0 ms
56 bytes from 192.168.1.1: icmp_seq=8 time=40.0 ms
56 bytes from 192.168.1.1: icmp_seq=9 time=30.0 ms
10 packets transmitted, 10 received, 0% packet loss, time 10100 ms
rtt min/avg/max/mdev = 20.000/23.000/40.000/6.403 ms
nsh> [K
nsh> [K
RECONFIGURE_ROUND=26 PASS
--- CMD: ifconfig ---
ifconfig
wlan0	Link encap:Ethernet HWaddr 30:ed:a0:f3:f7:b0 at RUNNING mtu 1500
	inet addr:192.168.1.60 DRaddr:192.168.1.1 Mask:255.255.255.0

nsh> [K
nsh> [K
--- CMD: wapi disconnect wlan0 ---
wapi disconnect wlan0
nsh> [K
nsh> [K
--- CMD: ping 192.168.1.60 ---
ping 192.168.1.60
PING 192.168.1.60 56 bytes of data
[CPU1] icmp_sendmsg: ERROR: Not reachable
ERROR: sendto failed at seqno 0: 101
[CPU0] icmp_sendmsg: ERROR: Not reachable
ERROR: sendto failed at seqno 1: 101
[CPU0] icmp_sendmsg: ERROR: Not reachable
ERROR: sendto failed at seqno 2: 101
[CPU0] icmp_sendmsg: ERROR: Not reachable
ERROR: sendto failed at seqno 3: 101
[CPU0] icmp_sendmsg: ERROR: Not reachable
ERROR: sendto failed at seqno 4: 101
[CPU0] icmp_sendmsg: ERROR: Not reachable
ERROR: sendto failed at seqno 5: 101
[CPU0] icmp_sendmsg: ERROR: Not reachable
ERROR: sendto failed at seqno 6: 101
[CPU0] icmp_sendmsg: ERROR: Not reachable
ERROR: sendto failed at seqno 7: 101
[CPU0] icmp_sendmsg: ERROR: Not reachable
ERROR: sendto failed at seqno 8: 101
[CPU0] icmp_sendmsg: ERROR: Not reachable
ERROR: sendto failed at seqno 9: 101
10 packets transmitted, 0 received, 100% packet loss, time 10100 ms
nsh> [K
nsh> [K
--- CMD: wapi mode wlan0 2 ---
wapi mode wlan0 2
nsh> [K
nsh> [K
--- CMD: wapi psk wlan0 <redacted> 3 ---
wapi psk wlan0 <redacted> 3
nsh> [K
nsh> [K
--- CMD: wapi essid wlan0 <redacted> 1 ---
wapi essid wlan0 <redacted> 1
[CPU0] esp_event_post_wrapper: S31 associated: channel=11 auth=3 bssid=60:ce:41:ab:02:d0
[CPU1] esp_evt_work_cb: S31 driver STA MAC: 30:ed:a0:f3:f7:b0
[CPU1] esp_evt_work_cb: S31 driver power save: ret=0 mode=0
[CPU0] esp_evt_work_cb: S31 driver protocol: ret=0 bitmap=7
[CPU0] esp_evt_work_cb: S31 negotiated PHY: ret=0 mode=4
[CPU0] esp_evt_work_cb: S31 HE SU beamformee disabled: ret=0 value=0
[CPU0] s31_wifi_rx_counters: S31 modem clocks connected: conf1=0038e7ff bb=1 bb80x1=1 bb44=1 mac=1 apb=1 fe160=1 sec=0
[CPU0] s31_wifi_rx_counters: S31 RX counters connected: ret=0 mpdu=27920 data=14914 fcs=52870 abort=56295 full=0 fifo=0 other=54368
[CPU0] s31_wifi_rx_counters: S31 HE counters: power=1023 sigb=0 format=0 unsupported=0 siga=1023 bboff=0 wdg=0
[CPU0] s31_wifi_rx_counters: S31 radio hangs: rx=0 tx=0 flags=00000000 panic=00000000 bf_timeout=0 bf_error=0
[CPU0] s31_wifi_rx_counters: S31 RX errors: ret=0 total=1154 bitmap=1154 tkip=0
[CPU0] s31_wifi_rx_counters: S31 RX types: ret=0 legacy=1645 ht=7777 su=0 ersu=0 mu=0 su_noeb=0 mu_noeb=0 stbc=0 retry=0
[CPU0] s31_wifi_rx_counters: S31 TX stats: ret=0 enable=73559 complete=73559 succ=167854 ack=7253 ba=32563 retry=102999 nomem=0 timeout=0
nsh> [K
nsh> [K
--- CMD: renew wlan0 ---
renew wlan0
nsh> [K
nsh> [K
--- CMD: ping 192.168.1.1 ---
ping 192.168.1.1
PING 192.168.1.1 56 bytes of data
56 bytes from 192.168.1.1: icmp_seq=0 time=20.0 ms
56 bytes from 192.168.1.1: icmp_seq=1 time=30.0 ms
56 bytes from 192.168.1.1: icmp_seq=2 time=50.0 ms
56 bytes from 192.168.1.1: icmp_seq=3 time=20.0 ms
56 bytes from 192.168.1.1: icmp_seq=4 time=20.0 ms
56 bytes from 192.168.1.1: icmp_seq=5 time=30.0 ms
56 bytes from 192.168.1.1: icmp_seq=6 time=30.0 ms
56 bytes from 192.168.1.1: icmp_seq=7 time=30.0 ms
56 bytes from 192.168.1.1: icmp_seq=8 time=30.0 ms
56 bytes from 192.168.1.1: icmp_seq=9 time=20.0 ms
10 packets transmitted, 10 received, 0% packet loss, time 10100 ms
rtt min/avg/max/mdev = 20.000/28.000/50.000/8.717 ms
nsh> [K
nsh> [K
RECONFIGURE_ROUND=27 PASS
--- CMD: ifconfig ---
ifconfig
wlan0	Link encap:Ethernet HWaddr 30:ed:a0:f3:f7:b0 at RUNNING mtu 1500
	inet addr:192.168.1.60 DRaddr:192.168.1.1 Mask:255.255.255.0

nsh> [K
nsh> [K
--- CMD: wapi disconnect wlan0 ---
wapi disconnect wlan0
nsh> [K
nsh> [K
--- CMD: ping 192.168.1.60 ---
ping 192.168.1.60
PING 192.168.1.60 56 bytes of data
[CPU1] icmp_sendmsg: ERROR: Not reachable
ERROR: sendto failed at seqno 0: 101
[CPU0] icmp_sendmsg: ERROR: Not reachable
ERROR: sendto failed at seqno 1: 101
[CPU0] icmp_sendmsg: ERROR: Not reachable
ERROR: sendto failed at seqno 2: 101
[CPU0] icmp_sendmsg: ERROR: Not reachable
ERROR: sendto failed at seqno 3: 101
[CPU0] icmp_sendmsg: ERROR: Not reachable
ERROR: sendto failed at seqno 4: 101
[CPU0] icmp_sendmsg: ERROR: Not reachable
ERROR: sendto failed at seqno 5: 101
[CPU0] icmp_sendmsg: ERROR: Not reachable
ERROR: sendto failed at seqno 6: 101
[CPU0] icmp_sendmsg: ERROR: Not reachable
ERROR: sendto failed at seqno 7: 101
[CPU0] icmp_sendmsg: ERROR: Not reachable
ERROR: sendto failed at seqno 8: 101
[CPU0] icmp_sendmsg: ERROR: Not reachable
ERROR: sendto failed at seqno 9: 101
10 packets transmitted, 0 received, 100% packet loss, time 10100 ms
nsh> [K
nsh> [K
--- CMD: wapi mode wlan0 2 ---
wapi mode wlan0 2
nsh> [K
nsh> [K
--- CMD: wapi psk wlan0 <redacted> 3 ---
wapi psk wlan0 <redacted> 3
nsh> [K
nsh> [K
--- CMD: wapi essid wlan0 <redacted> 1 ---
wapi essid wlan0 <redacted> 1
[CPU0] esp_event_post_wrapper: S31 associated: channel=11 auth=3 bssid=60:ce:41:ab:02:d0
[CPU0] esp_evt_work_cb: S31 driver STA MAC: 30:ed:a0:f3:f7:b0
[CPU0] esp_evt_work_cb: S31 driver power save: ret=0 mode=0
[CPU0] esp_evt_work_cb: S31 driver protocol: ret=0 bitmap=7
[CPU0] esp_evt_work_cb: S31 negotiated PHY: ret=0 mode=4
[CPU0] esp_evt_work_cb: S31 HE SU beamformee disabled: ret=0 value=0
[CPU0] s31_wifi_rx_counters: S31 modem clocks connected: conf1=0038e7ff bb=1 bb80x1=1 bb44=1 mac=1 apb=1 fe160=1 sec=0
[CPU0] s31_wifi_rx_counters: S31 RX counters connected: ret=0 mpdu=52466 data=14981 fcs=55125 abort=64120 full=0 fifo=0 other=60169
[CPU0] s31_wifi_rx_counters: S31 HE counters: power=1023 sigb=0 format=0 unsupported=0 siga=1023 bboff=0 wdg=0
[CPU0] s31_wifi_rx_counters: S31 radio hangs: rx=0 tx=0 flags=00000000 panic=00000000 bf_timeout=0 bf_error=0
[CPU0] s31_wifi_rx_counters: S31 RX errors: ret=0 total=1154 bitmap=1154 tkip=0
[CPU0] s31_wifi_rx_counters: S31 RX types: ret=0 legacy=1666 ht=7792 su=0 ersu=0 mu=0 su_noeb=0 mu_noeb=0 stbc=0 retry=0
[CPU0] s31_wifi_rx_counters: S31 TX stats: ret=0 enable=73607 complete=73607 succ=167879 ack=7267 ba=32574 retry=103026 nomem=0 timeout=0
nsh> [K
nsh> [K
--- CMD: renew wlan0 ---
renew wlan0
nsh> [K
nsh> [K
--- CMD: ping 192.168.1.1 ---
ping 192.168.1.1
PING 192.168.1.1 56 bytes of data
56 bytes from 192.168.1.1: icmp_seq=0 time=20.0 ms
56 bytes from 192.168.1.1: icmp_seq=1 time=30.0 ms
56 bytes from 192.168.1.1: icmp_seq=2 time=40.0 ms
56 bytes from 192.168.1.1: icmp_seq=3 time=20.0 ms
56 bytes from 192.168.1.1: icmp_seq=4 time=20.0 ms
56 bytes from 192.168.1.1: icmp_seq=5 time=30.0 ms
56 bytes from 192.168.1.1: icmp_seq=6 time=20.0 ms
56 bytes from 192.168.1.1: icmp_seq=7 time=30.0 ms
56 bytes from 192.168.1.1: icmp_seq=8 time=20.0 ms
56 bytes from 192.168.1.1: icmp_seq=9 time=40.0 ms
10 packets transmitted, 10 received, 0% packet loss, time 10100 ms
rtt min/avg/max/mdev = 20.000/27.000/40.000/7.810 ms
nsh> [K
nsh> [K
RECONFIGURE_ROUND=28 PASS
--- CMD: ifconfig ---
ifconfig
wlan0	Link encap:Ethernet HWaddr 30:ed:a0:f3:f7:b0 at RUNNING mtu 1500
	inet addr:192.168.1.60 DRaddr:192.168.1.1 Mask:255.255.255.0

nsh> [K
nsh> [K
--- CMD: wapi disconnect wlan0 ---
wapi disconnect wlan0
nsh> [K
nsh> [K
--- CMD: ping 192.168.1.60 ---
ping 192.168.1.60
PING 192.168.1.60 56 bytes of data
[CPU1] icmp_sendmsg: ERROR: Not reachable
ERROR: sendto failed at seqno 0: 101
[CPU0] icmp_sendmsg: ERROR: Not reachable
ERROR: sendto failed at seqno 1: 101
[CPU0] icmp_sendmsg: ERROR: Not reachable
ERROR: sendto failed at seqno 2: 101
[CPU0] icmp_sendmsg: ERROR: Not reachable
ERROR: sendto failed at seqno 3: 101
[CPU0] icmp_sendmsg: ERROR: Not reachable
ERROR: sendto failed at seqno 4: 101
[CPU0] icmp_sendmsg: ERROR: Not reachable
ERROR: sendto failed at seqno 5: 101
[CPU0] icmp_sendmsg: ERROR: Not reachable
ERROR: sendto failed at seqno 6: 101
[CPU0] icmp_sendmsg: ERROR: Not reachable
ERROR: sendto failed at seqno 7: 101
[CPU0] icmp_sendmsg: ERROR: Not reachable
ERROR: sendto failed at seqno 8: 101
[CPU0] icmp_sendmsg: ERROR: Not reachable
ERROR: sendto failed at seqno 9: 101
10 packets transmitted, 0 received, 100% packet loss, time 10100 ms
nsh> [K
nsh> [K
--- CMD: wapi mode wlan0 2 ---
wapi mode wlan0 2
nsh> [K
nsh> [K
--- CMD: wapi psk wlan0 <redacted> 3 ---
wapi psk wlan0 <redacted> 3
nsh> [K
nsh> [K
--- CMD: wapi essid wlan0 <redacted> 1 ---
wapi essid wlan0 <redacted> 1
[CPU0] esp_event_post_wrapper: S31 associated: channel=11 auth=3 bssid=60:ce:41:ab:02:d0
[CPU1] esp_evt_work_cb: S31 driver STA MAC: 30:ed:a0:f3:f7:b0
[CPU1] esp_evt_work_cb: S31 driver power save: ret=0 mode=0
[CPU0] esp_evt_work_cb: S31 driver protocol: ret=0 bitmap=7
[CPU0] esp_evt_work_cb: S31 negotiated PHY: ret=0 mode=4
[CPU0] esp_evt_work_cb: S31 HE SU beamformee disabled: ret=0 value=0
[CPU0] s31_wifi_rx_counters: S31 modem clocks connected: conf1=0038e7ff bb=1 bb80x1=1 bb44=1 mac=1 apb=1 fe160=1 sec=0
[CPU0] s31_wifi_rx_counters: S31 RX counters connected: ret=0 mpdu=14407 data=15027 fcs=57479 abort=7139 full=0 fifo=0 other=1227
[CPU0] s31_wifi_rx_counters: S31 HE counters: power=1023 sigb=0 format=0 unsupported=0 siga=1023 bboff=0 wdg=0
[CPU0] s31_wifi_rx_counters: S31 radio hangs: rx=0 tx=0 flags=00000000 panic=00000000 bf_timeout=0 bf_error=0
[CPU0] s31_wifi_rx_counters: S31 RX errors: ret=0 total=1154 bitmap=1154 tkip=0
[CPU0] s31_wifi_rx_counters: S31 RX types: ret=0 legacy=1680 ht=7802 su=0 ersu=0 mu=0 su_noeb=0 mu_noeb=0 stbc=0 retry=0
[CPU0] s31_wifi_rx_counters: S31 TX stats: ret=0 enable=73643 complete=73643 succ=167896 ack=7274 ba=32584 retry=103040 nomem=0 timeout=0
nsh> [K
nsh> [K
--- CMD: renew wlan0 ---
renew wlan0
nsh> [K
nsh> [K
--- CMD: ping 192.168.1.1 ---
ping 192.168.1.1
PING 192.168.1.1 56 bytes of data
56 bytes from 192.168.1.1: icmp_seq=0 time=20.0 ms
56 bytes from 192.168.1.1: icmp_seq=1 time=80.0 ms
56 bytes from 192.168.1.1: icmp_seq=2 time=20.0 ms
56 bytes from 192.168.1.1: icmp_seq=3 time=20.0 ms
56 bytes from 192.168.1.1: icmp_seq=4 time=30.0 ms
56 bytes from 192.168.1.1: icmp_seq=5 time=30.0 ms
56 bytes from 192.168.1.1: icmp_seq=6 time=20.0 ms
56 bytes from 192.168.1.1: icmp_seq=7 time=30.0 ms
56 bytes from 192.168.1.1: icmp_seq=8 time=50.0 ms
56 bytes from 192.168.1.1: icmp_seq=9 time=20.0 ms
10 packets transmitted, 10 received, 0% packet loss, time 10100 ms
rtt min/avg/max/mdev = 20.000/32.000/80.000/18.330 ms
nsh> [K
nsh> [K
RECONFIGURE_ROUND=29 PASS
--- CMD: ifconfig ---
ifconfig
wlan0	Link encap:Ethernet HWaddr 30:ed:a0:f3:f7:b0 at RUNNING mtu 1500
	inet addr:192.168.1.60 DRaddr:192.168.1.1 Mask:255.255.255.0

nsh> [K
nsh> [K
--- CMD: wapi disconnect wlan0 ---
wapi disconnect wlan0
nsh> [K
nsh> [K
--- CMD: ping 192.168.1.60 ---
ping 192.168.1.60
PING 192.168.1.60 56 bytes of data
[CPU1] icmp_sendmsg: ERROR: Not reachable
ERROR: sendto failed at seqno 0: 101
[CPU0] icmp_sendmsg: ERROR: Not reachable
ERROR: sendto failed at seqno 1: 101
[CPU0] icmp_sendmsg: ERROR: Not reachable
ERROR: sendto failed at seqno 2: 101
[CPU0] icmp_sendmsg: ERROR: Not reachable
ERROR: sendto failed at seqno 3: 101
[CPU0] icmp_sendmsg: ERROR: Not reachable
ERROR: sendto failed at seqno 4: 101
[CPU0] icmp_sendmsg: ERROR: Not reachable
ERROR: sendto failed at seqno 5: 101
[CPU0] icmp_sendmsg: ERROR: Not reachable
ERROR: sendto failed at seqno 6: 101
[CPU0] icmp_sendmsg: ERROR: Not reachable
ERROR: sendto failed at seqno 7: 101
[CPU0] icmp_sendmsg: ERROR: Not reachable
ERROR: sendto failed at seqno 8: 101
[CPU0] icmp_sendmsg: ERROR: Not reachable
ERROR: sendto failed at seqno 9: 101
10 packets transmitted, 0 received, 100% packet loss, time 10100 ms
nsh> [K
nsh> [K
--- CMD: wapi mode wlan0 2 ---
wapi mode wlan0 2
nsh> [K
nsh> [K
--- CMD: wapi psk wlan0 <redacted> 3 ---
wapi psk wlan0 <redacted> 3
nsh> [K
nsh> [K
--- CMD: wapi essid wlan0 <redacted> 1 ---
wapi essid wlan0 <redacted> 1
[CPU0] esp_event_post_wrapper: S31 associated: channel=11 auth=3 bssid=60:ce:41:ab:02:d0
[CPU0] esp_evt_work_cb: S31 driver STA MAC: 30:ed:a0:f3:f7:b0
[CPU0] esp_evt_work_cb: S31 driver power save: ret=0 mode=0
[CPU0] esp_evt_work_cb: S31 driver protocol: ret=0 bitmap=7
[CPU0] esp_evt_work_cb: S31 negotiated PHY: ret=0 mode=4
[CPU0] esp_evt_work_cb: S31 HE SU beamformee disabled: ret=0 value=0
[CPU0] s31_wifi_rx_counters: S31 modem clocks connected: conf1=0038e7ff bb=1 bb80x1=1 bb44=1 mac=1 apb=1 fe160=1 sec=0
[CPU0] s31_wifi_rx_counters: S31 RX counters connected: ret=0 mpdu=41510 data=15082 fcs=59748 abort=15623 full=0 fifo=0 other=7618
[CPU0] s31_wifi_rx_counters: S31 HE counters: power=1023 sigb=0 format=0 unsupported=0 siga=1023 bboff=0 wdg=0
[CPU0] s31_wifi_rx_counters: S31 radio hangs: rx=0 tx=0 flags=00000000 panic=00000000 bf_timeout=0 bf_error=0
[CPU0] s31_wifi_rx_counters: S31 RX errors: ret=0 total=1154 bitmap=1154 tkip=0
[CPU0] s31_wifi_rx_counters: S31 RX types: ret=0 legacy=1701 ht=7815 su=0 ersu=0 mu=0 su_noeb=0 mu_noeb=0 stbc=0 retry=0
[CPU0] s31_wifi_rx_counters: S31 TX stats: ret=0 enable=73676 complete=73676 succ=167913 ack=7281 ba=32594 retry=103054 nomem=0 timeout=0
nsh> [K
nsh> [K
--- CMD: renew wlan0 ---
renew wlan0
nsh> [K
nsh> [K
--- CMD: ping 192.168.1.1 ---
ping 192.168.1.1
PING 192.168.1.1 56 bytes of data
56 bytes from 192.168.1.1: icmp_seq=0 time=20.0 ms
56 bytes from 192.168.1.1: icmp_seq=1 time=30.0 ms
56 bytes from 192.168.1.1: icmp_seq=2 time=20.0 ms
56 bytes from 192.168.1.1: icmp_seq=3 time=20.0 ms
56 bytes from 192.168.1.1: icmp_seq=4 time=30.0 ms
56 bytes from 192.168.1.1: icmp_seq=5 time=20.0 ms
56 bytes from 192.168.1.1: icmp_seq=6 time=20.0 ms
56 bytes from 192.168.1.1: icmp_seq=7 time=30.0 ms
56 bytes from 192.168.1.1: icmp_seq=8 time=20.0 ms
56 bytes from 192.168.1.1: icmp_seq=9 time=30.0 ms
10 packets transmitted, 10 received, 0% packet loss, time 10100 ms
rtt min/avg/max/mdev = 20.000/24.000/30.000/4.898 ms
nsh> [K
nsh> [K
RECONFIGURE_ROUND=30 PASS
--- CMD: ifconfig ---
ifconfig
wlan0	Link encap:Ethernet HWaddr 30:ed:a0:f3:f7:b0 at RUNNING mtu 1500
	inet addr:192.168.1.60 DRaddr:192.168.1.1 Mask:255.255.255.0

nsh> [K
nsh> [K
--- CMD: wapi disconnect wlan0 ---
wapi disconnect wlan0
nsh> [K
nsh> [K
--- CMD: ping 192.168.1.60 ---
ping 192.168.1.60
PING 192.168.1.60 56 bytes of data
[CPU1] icmp_sendmsg: ERROR: Not reachable
ERROR: sendto failed at seqno 0: 101
[CPU0] icmp_sendmsg: ERROR: Not reachable
ERROR: sendto failed at seqno 1: 101
[CPU0] icmp_sendmsg: ERROR: Not reachable
ERROR: sendto failed at seqno 2: 101
[CPU0] icmp_sendmsg: ERROR: Not reachable
ERROR: sendto failed at seqno 3: 101
[CPU0] icmp_sendmsg: ERROR: Not reachable
ERROR: sendto failed at seqno 4: 101
[CPU0] icmp_sendmsg: ERROR: Not reachable
ERROR: sendto failed at seqno 5: 101
[CPU0] icmp_sendmsg: ERROR: Not reachable
ERROR: sendto failed at seqno 6: 101
[CPU0] icmp_sendmsg: ERROR: Not reachable
ERROR: sendto failed at seqno 7: 101
[CPU0] icmp_sendmsg: ERROR: Not reachable
ERROR: sendto failed at seqno 8: 101
[CPU0] icmp_sendmsg: ERROR: Not reachable
ERROR: sendto failed at seqno 9: 101
10 packets transmitted, 0 received, 100% packet loss, time 10100 ms
nsh> [K
nsh> [K
--- CMD: wapi mode wlan0 2 ---
wapi mode wlan0 2
nsh> [K
nsh> [K
--- CMD: wapi psk wlan0 <redacted> 3 ---
wapi psk wlan0 <redacted> 3
nsh> [K
nsh> [K
--- CMD: wapi essid wlan0 <redacted> 1 ---
wapi essid wlan0 <redacted> 1
[CPU0] esp_event_post_wrapper: S31 associated: channel=11 auth=3 bssid=60:ce:41:ab:02:d0
[CPU1] esp_evt_work_cb: S31 driver STA MAC: 30:ed:a0:f3:f7:b0
[CPU1] esp_evt_work_cb: S31 driver power save: ret=0 mode=0
[CPU0] esp_evt_work_cb: S31 driver protocol: ret=0 bitmap=7
[CPU0] esp_evt_work_cb: S31 negotiated PHY: ret=0 mode=4
[CPU0] esp_evt_work_cb: S31 HE SU beamformee disabled: ret=0 value=0
[CPU0] s31_wifi_rx_counters: S31 modem clocks connected: conf1=0038e7ff bb=1 bb80x1=1 bb44=1 mac=1 apb=1 fe160=1 sec=0
[CPU0] s31_wifi_rx_counters: S31 RX counters connected: ret=0 mpdu=3401 data=15150 fcs=61604 abort=22361 full=0 fifo=0 other=12687
[CPU0] s31_wifi_rx_counters: S31 HE counters: power=1023 sigb=0 format=0 unsupported=0 siga=1023 bboff=0 wdg=0
[CPU0] s31_wifi_rx_counters: S31 radio hangs: rx=0 tx=0 flags=00000000 panic=00000000 bf_timeout=0 bf_error=0
[CPU0] s31_wifi_rx_counters: S31 RX errors: ret=0 total=1158 bitmap=1158 tkip=0
[CPU0] s31_wifi_rx_counters: S31 RX types: ret=0 legacy=1729 ht=7831 su=0 ersu=0 mu=0 su_noeb=0 mu_noeb=0 stbc=0 retry=0
[CPU0] s31_wifi_rx_counters: S31 TX stats: ret=0 enable=73710 complete=73710 succ=167931 ack=7289 ba=32604 retry=103069 nomem=0 timeout=0
nsh> [K
nsh> [K
--- CMD: renew wlan0 ---
renew wlan0
nsh> [K
nsh> [K
--- CMD: ping 192.168.1.1 ---
ping 192.168.1.1
PING 192.168.1.1 56 bytes of data
56 bytes from 192.168.1.1: icmp_seq=0 time=40.0 ms
56 bytes from 192.168.1.1: icmp_seq=1 time=20.0 ms
56 bytes from 192.168.1.1: icmp_seq=2 time=40.0 ms
56 bytes from 192.168.1.1: icmp_seq=3 time=40.0 ms
56 bytes from 192.168.1.1: icmp_seq=4 time=40.0 ms
56 bytes from 192.168.1.1: icmp_seq=5 time=30.0 ms
56 bytes from 192.168.1.1: icmp_seq=6 time=30.0 ms
56 bytes from 192.168.1.1: icmp_seq=7 time=20.0 ms
56 bytes from 192.168.1.1: icmp_seq=8 time=20.0 ms
56 bytes from 192.168.1.1: icmp_seq=9 time=20.0 ms
10 packets transmitted, 10 received, 0% packet loss, time 10100 ms
rtt min/avg/max/mdev = 20.000/30.000/40.000/8.944 ms
nsh> [K
nsh> [K
RECONFIGURE_ROUND=31 PASS
--- CMD: ifconfig ---
ifconfig
wlan0	Link encap:Ethernet HWaddr 30:ed:a0:f3:f7:b0 at RUNNING mtu 1500
	inet addr:192.168.1.60 DRaddr:192.168.1.1 Mask:255.255.255.0

nsh> [K
nsh> [K
--- CMD: wapi disconnect wlan0 ---
wapi disconnect wlan0
nsh> [K
nsh> [K
--- CMD: ping 192.168.1.60 ---
ping 192.168.1.60
PING 192.168.1.60 56 bytes of data
[CPU1] icmp_sendmsg: ERROR: Not reachable
ERROR: sendto failed at seqno 0: 101
[CPU0] icmp_sendmsg: ERROR: Not reachable
ERROR: sendto failed at seqno 1: 101
[CPU0] icmp_sendmsg: ERROR: Not reachable
ERROR: sendto failed at seqno 2: 101
[CPU0] icmp_sendmsg: ERROR: Not reachable
ERROR: sendto failed at seqno 3: 101
[CPU0] icmp_sendmsg: ERROR: Not reachable
ERROR: sendto failed at seqno 4: 101
[CPU0] icmp_sendmsg: ERROR: Not reachable
ERROR: sendto failed at seqno 5: 101
[CPU0] icmp_sendmsg: ERROR: Not reachable
ERROR: sendto failed at seqno 6: 101
[CPU0] icmp_sendmsg: ERROR: Not reachable
ERROR: sendto failed at seqno 7: 101
[CPU0] icmp_sendmsg: ERROR: Not reachable
ERROR: sendto failed at seqno 8: 101
[CPU0] icmp_sendmsg: ERROR: Not reachable
ERROR: sendto failed at seqno 9: 101
10 packets transmitted, 0 received, 100% packet loss, time 10100 ms
nsh> [K
nsh> [K
--- CMD: wapi mode wlan0 2 ---
wapi mode wlan0 2
nsh> [K
nsh> [K
--- CMD: wapi psk wlan0 <redacted> 3 ---
wapi psk wlan0 <redacted> 3
nsh> [K
nsh> [K
--- CMD: wapi essid wlan0 <redacted> 1 ---
wapi essid wlan0 <redacted> 1
[CPU0] esp_event_post_wrapper: S31 associated: channel=11 auth=3 bssid=60:ce:41:ab:02:d0
[CPU0] esp_evt_work_cb: S31 driver STA MAC: 30:ed:a0:f3:f7:b0
[CPU0] esp_evt_work_cb: S31 driver power save: ret=0 mode=0
[CPU0] esp_evt_work_cb: S31 driver protocol: ret=0 bitmap=7
[CPU0] esp_evt_work_cb: S31 negotiated PHY: ret=0 mode=4
[CPU0] esp_evt_work_cb: S31 HE SU beamformee disabled: ret=0 value=0
[CPU0] s31_wifi_rx_counters: S31 modem clocks connected: conf1=0038e7ff bb=1 bb80x1=1 bb44=1 mac=1 apb=1 fe160=1 sec=0
[CPU0] s31_wifi_rx_counters: S31 RX counters connected: ret=0 mpdu=32281 data=15200 fcs=63903 abort=30912 full=0 fifo=0 other=19262
[CPU0] s31_wifi_rx_counters: S31 HE counters: power=1023 sigb=0 format=0 unsupported=0 siga=1023 bboff=0 wdg=0
[CPU0] s31_wifi_rx_counters: S31 radio hangs: rx=0 tx=0 flags=00000000 panic=00000000 bf_timeout=0 bf_error=0
[CPU0] s31_wifi_rx_counters: S31 RX errors: ret=0 total=1158 bitmap=1158 tkip=0
[CPU0] s31_wifi_rx_counters: S31 RX types: ret=0 legacy=1745 ht=7845 su=0 ersu=0 mu=0 su_noeb=0 mu_noeb=0 stbc=0 retry=0
[CPU0] s31_wifi_rx_counters: S31 TX stats: ret=0 enable=73760 complete=73760 succ=167950 ack=7297 ba=32615 retry=103085 nomem=0 timeout=0
nsh> [K
nsh> [K
--- CMD: renew wlan0 ---
renew wlan0
nsh> [K
nsh> [K
--- CMD: ping 192.168.1.1 ---
ping 192.168.1.1
PING 192.168.1.1 56 bytes of data
56 bytes from 192.168.1.1: icmp_seq=0 time=30.0 ms
56 bytes from 192.168.1.1: icmp_seq=1 time=30.0 ms
56 bytes from 192.168.1.1: icmp_seq=2 time=30.0 ms
56 bytes from 192.168.1.1: icmp_seq=3 time=20.0 ms
56 bytes from 192.168.1.1: icmp_seq=4 time=30.0 ms
56 bytes from 192.168.1.1: icmp_seq=5 time=40.0 ms
56 bytes from 192.168.1.1: icmp_seq=6 time=20.0 ms
56 bytes from 192.168.1.1: icmp_seq=7 time=40.0 ms
56 bytes from 192.168.1.1: icmp_seq=8 time=50.0 ms
56 bytes from 192.168.1.1: icmp_seq=9 time=30.0 ms
10 packets transmitted, 10 received, 0% packet loss, time 10100 ms
rtt min/avg/max/mdev = 20.000/32.000/50.000/8.717 ms
nsh> [K
nsh> [K
RECONFIGURE_ROUND=32 PASS
--- CMD: ifconfig ---
ifconfig
wlan0	Link encap:Ethernet HWaddr 30:ed:a0:f3:f7:b0 at RUNNING mtu 1500
	inet addr:192.168.1.60 DRaddr:192.168.1.1 Mask:255.255.255.0

nsh> [K
nsh> [K
--- CMD: wapi disconnect wlan0 ---
wapi disconnect wlan0
nsh> [K
nsh> [K
--- CMD: ping 192.168.1.60 ---
ping 192.168.1.60
PING 192.168.1.60 56 bytes of data
[CPU1] icmp_sendmsg: ERROR: Not reachable
ERROR: sendto failed at seqno 0: 101
[CPU0] icmp_sendmsg: ERROR: Not reachable
ERROR: sendto failed at seqno 1: 101
[CPU0] icmp_sendmsg: ERROR: Not reachable
ERROR: sendto failed at seqno 2: 101
[CPU0] icmp_sendmsg: ERROR: Not reachable
ERROR: sendto failed at seqno 3: 101
[CPU0] icmp_sendmsg: ERROR: Not reachable
ERROR: sendto failed at seqno 4: 101
[CPU0] icmp_sendmsg: ERROR: Not reachable
ERROR: sendto failed at seqno 5: 101
[CPU0] icmp_sendmsg: ERROR: Not reachable
ERROR: sendto failed at seqno 6: 101
[CPU0] icmp_sendmsg: ERROR: Not reachable
ERROR: sendto failed at seqno 7: 101
[CPU0] icmp_sendmsg: ERROR: Not reachable
ERROR: sendto failed at seqno 8: 101
[CPU0] icmp_sendmsg: ERROR: Not reachable
ERROR: sendto failed at seqno 9: 101
10 packets transmitted, 0 received, 100% packet loss, time 10100 ms
nsh> [K
nsh> [K
--- CMD: wapi mode wlan0 2 ---
wapi mode wlan0 2
nsh> [K
nsh> [K
--- CMD: wapi psk wlan0 <redacted> 3 ---
wapi psk wlan0 <redacted> 3
nsh> [K
nsh> [K
--- CMD: wapi essid wlan0 <redacted> 1 ---
wapi essid wlan0 <redacted> 1
[CPU0] esp_event_post_wrapper: S31 associated: channel=11 auth=3 bssid=7c:39:85:2a:50:04
[CPU1] esp_evt_work_cb: S31 driver STA MAC: 30:ed:a0:f3:f7:b0
[CPU1] esp_evt_work_cb: S31 driver power save: ret=0 mode=0
[CPU0] esp_evt_work_cb: S31 driver protocol: ret=0 bitmap=7
[CPU0] esp_evt_work_cb: S31 negotiated PHY: ret=0 mode=4
[CPU0] esp_evt_work_cb: S31 HE SU beamformee disabled: ret=0 value=0
[CPU0] s31_wifi_rx_counters: S31 modem clocks connected: conf1=0038e7ff bb=1 bb80x1=1 bb44=1 mac=1 apb=1 fe160=1 sec=0
[CPU0] s31_wifi_rx_counters: S31 RX counters connected: ret=0 mpdu=59496 data=15268 fcs=581 abort=38370 full=0 fifo=0 other=24767
[CPU0] s31_wifi_rx_counters: S31 HE counters: power=1023 sigb=0 format=0 unsupported=0 siga=1023 bboff=0 wdg=0
[CPU0] s31_wifi_rx_counters: S31 radio hangs: rx=0 tx=0 flags=00000000 panic=00000000 bf_timeout=0 bf_error=0
[CPU0] s31_wifi_rx_counters: S31 RX errors: ret=0 total=1158 bitmap=1158 tkip=0
[CPU0] s31_wifi_rx_counters: S31 RX types: ret=0 legacy=1773 ht=7861 su=0 ersu=0 mu=0 su_noeb=0 mu_noeb=0 stbc=0 retry=0
[CPU0] s31_wifi_rx_counters: S31 TX stats: ret=0 enable=73835 complete=73835 succ=167982 ack=7319 ba=32625 retry=103129 nomem=0 timeout=0
nsh> [K
nsh> [K
--- CMD: renew wlan0 ---
renew wlan0
nsh> [K
nsh> [K
--- CMD: ping 192.168.1.1 ---
ping 192.168.1.1
PING 192.168.1.1 56 bytes of data
56 bytes from 192.168.1.1: icmp_seq=0 time=30.0 ms
56 bytes from 192.168.1.1: icmp_seq=1 time=20.0 ms
56 bytes from 192.168.1.1: icmp_seq=2 time=20.0 ms
56 bytes from 192.168.1.1: icmp_seq=3 time=20.0 ms
56 bytes from 192.168.1.1: icmp_seq=4 time=20.0 ms
56 bytes from 192.168.1.1: icmp_seq=5 time=20.0 ms
56 bytes from 192.168.1.1: icmp_seq=6 time=30.0 ms
56 bytes from 192.168.1.1: icmp_seq=7 time=20.0 ms
56 bytes from 192.168.1.1: icmp_seq=8 time=60.0 ms
56 bytes from 192.168.1.1: icmp_seq=9 time=20.0 ms
10 packets transmitted, 10 received, 0% packet loss, time 10100 ms
rtt min/avg/max/mdev = 20.000/26.000/60.000/12.000 ms
nsh> [K
nsh> [K
RECONFIGURE_ROUND=33 PASS
--- CMD: ifconfig ---
ifconfig
wlan0	Link encap:Ethernet HWaddr 30:ed:a0:f3:f7:b0 at RUNNING mtu 1500
	inet addr:192.168.1.60 DRaddr:192.168.1.1 Mask:255.255.255.0

nsh> [K
nsh> [K
--- CMD: wapi disconnect wlan0 ---
wapi disconnect wlan0
nsh> [K
nsh> [K
--- CMD: ping 192.168.1.60 ---
ping 192.168.1.60
PING 192.168.1.60 56 bytes of data
[CPU1] icmp_sendmsg: ERROR: Not reachable
ERROR: sendto failed at seqno 0: 101
[CPU0] icmp_sendmsg: ERROR: Not reachable
ERROR: sendto failed at seqno 1: 101
[CPU0] icmp_sendmsg: ERROR: Not reachable
ERROR: sendto failed at seqno 2: 101
[CPU0] icmp_sendmsg: ERROR: Not reachable
ERROR: sendto failed at seqno 3: 101
[CPU0] icmp_sendmsg: ERROR: Not reachable
ERROR: sendto failed at seqno 4: 101
[CPU0] icmp_sendmsg: ERROR: Not reachable
ERROR: sendto failed at seqno 5: 101
[CPU0] icmp_sendmsg: ERROR: Not reachable
ERROR: sendto failed at seqno 6: 101
[CPU0] icmp_sendmsg: ERROR: Not reachable
ERROR: sendto failed at seqno 7: 101
[CPU0] icmp_sendmsg: ERROR: Not reachable
ERROR: sendto failed at seqno 8: 101
[CPU0] icmp_sendmsg: ERROR: Not reachable
ERROR: sendto failed at seqno 9: 101
10 packets transmitted, 0 received, 100% packet loss, time 10100 ms
nsh> [K
nsh> [K
--- CMD: wapi mode wlan0 2 ---
wapi mode wlan0 2
nsh> [K
nsh> [K
--- CMD: wapi psk wlan0 <redacted> 3 ---
wapi psk wlan0 <redacted> 3
nsh> [K
nsh> [K
--- CMD: wapi essid wlan0 <redacted> 1 ---
wapi essid wlan0 <redacted> 1
[CPU0] esp_event_post_wrapper: S31 associated: channel=11 auth=3 bssid=7c:39:85:2a:50:04
[CPU0] esp_evt_work_cb: S31 driver STA MAC: 30:ed:a0:f3:f7:b0
[CPU0] esp_evt_work_cb: S31 driver power save: ret=0 mode=0
[CPU0] esp_evt_work_cb: S31 driver protocol: ret=0 bitmap=7
[CPU0] esp_evt_work_cb: S31 negotiated PHY: ret=0 mode=4
[CPU0] esp_evt_work_cb: S31 HE SU beamformee disabled: ret=0 value=0
[CPU0] s31_wifi_rx_counters: S31 modem clocks connected: conf1=0038e7ff bb=1 bb80x1=1 bb44=1 mac=1 apb=1 fe160=1 sec=0
[CPU0] s31_wifi_rx_counters: S31 RX counters connected: ret=0 mpdu=24209 data=15319 fcs=2887 abort=46276 full=0 fifo=0 other=30832
[CPU0] s31_wifi_rx_counters: S31 HE counters: power=1023 sigb=0 format=0 unsupported=0 siga=1023 bboff=0 wdg=0
[CPU0] s31_wifi_rx_counters: S31 radio hangs: rx=0 tx=0 flags=00000000 panic=00000000 bf_timeout=0 bf_error=0
[CPU0] s31_wifi_rx_counters: S31 RX errors: ret=0 total=1158 bitmap=1158 tkip=0
[CPU0] s31_wifi_rx_counters: S31 RX types: ret=0 legacy=1794 ht=7873 su=0 ersu=0 mu=0 su_noeb=0 mu_noeb=0 stbc=0 retry=0
[CPU0] s31_wifi_rx_counters: S31 TX stats: ret=0 enable=73850 complete=73850 succ=167993 ack=7320 ba=32635 retry=103131 nomem=0 timeout=0
nsh> [K
nsh> [K
--- CMD: renew wlan0 ---
renew wlan0
nsh> [K
nsh> [K
--- CMD: ping 192.168.1.1 ---
ping 192.168.1.1
PING 192.168.1.1 56 bytes of data
56 bytes from 192.168.1.1: icmp_seq=0 time=20.0 ms
56 bytes from 192.168.1.1: icmp_seq=1 time=20.0 ms
56 bytes from 192.168.1.1: icmp_seq=2 time=20.0 ms
56 bytes from 192.168.1.1: icmp_seq=3 time=30.0 ms
56 bytes from 192.168.1.1: icmp_seq=4 time=20.0 ms
56 bytes from 192.168.1.1: icmp_seq=5 time=20.0 ms
56 bytes from 192.168.1.1: icmp_seq=6 time=20.0 ms
56 bytes from 192.168.1.1: icmp_seq=7 time=20.0 ms
56 bytes from 192.168.1.1: icmp_seq=8 time=20.0 ms
56 bytes from 192.168.1.1: icmp_seq=9 time=30.0 ms
10 packets transmitted, 10 received, 0% packet loss, time 10100 ms
rtt min/avg/max/mdev = 20.000/22.000/30.000/4.000 ms
nsh> [K
nsh> [K
RECONFIGURE_ROUND=34 PASS
--- CMD: ifconfig ---
ifconfig
wlan0	Link encap:Ethernet HWaddr 30:ed:a0:f3:f7:b0 at RUNNING mtu 1500
	inet addr:192.168.1.60 DRaddr:192.168.1.1 Mask:255.255.255.0

nsh> [K
nsh> [K
--- CMD: wapi disconnect wlan0 ---
wapi disconnect wlan0
nsh> [K
nsh> [K
--- CMD: ping 192.168.1.60 ---
ping 192.168.1.60
PING 192.168.1.60 56 bytes of data
[CPU1] icmp_sendmsg: ERROR: Not reachable
ERROR: sendto failed at seqno 0: 101
[CPU0] icmp_sendmsg: ERROR: Not reachable
ERROR: sendto failed at seqno 1: 101
[CPU0] icmp_sendmsg: ERROR: Not reachable
ERROR: sendto failed at seqno 2: 101
[CPU0] icmp_sendmsg: ERROR: Not reachable
ERROR: sendto failed at seqno 3: 101
[CPU0] icmp_sendmsg: ERROR: Not reachable
ERROR: sendto failed at seqno 4: 101
[CPU0] icmp_sendmsg: ERROR: Not reachable
ERROR: sendto failed at seqno 5: 101
[CPU0] icmp_sendmsg: ERROR: Not reachable
ERROR: sendto failed at seqno 6: 101
[CPU0] icmp_sendmsg: ERROR: Not reachable
ERROR: sendto failed at seqno 7: 101
[CPU0] icmp_sendmsg: ERROR: Not reachable
ERROR: sendto failed at seqno 8: 101
[CPU0] icmp_sendmsg: ERROR: Not reachable
ERROR: sendto failed at seqno 9: 101
10 packets transmitted, 0 received, 100% packet loss, time 10100 ms
nsh> [K
nsh> [K
--- CMD: wapi mode wlan0 2 ---
wapi mode wlan0 2
nsh> [K
nsh> [K
--- CMD: wapi psk wlan0 <redacted> 3 ---
wapi psk wlan0 <redacted> 3
nsh> [K
nsh> [K
--- CMD: wapi essid wlan0 <redacted> 1 ---
wapi essid wlan0 <redacted> 1
[CPU0] esp_event_post_wrapper: S31 associated: channel=11 auth=3 bssid=7c:39:85:2a:50:04
[CPU1] esp_evt_work_cb: S31 driver STA MAC: 30:ed:a0:f3:f7:b0
[CPU1] esp_evt_work_cb: S31 driver power save: ret=0 mode=0
[CPU0] esp_evt_work_cb: S31 driver protocol: ret=0 bitmap=7
[CPU0] esp_evt_work_cb: S31 negotiated PHY: ret=0 mode=4
[CPU0] esp_evt_work_cb: S31 HE SU beamformee disabled: ret=0 value=0
[CPU0] s31_wifi_rx_counters: S31 modem clocks connected: conf1=0038e7ff bb=1 bb80x1=1 bb44=1 mac=1 apb=1 fe160=1 sec=0
[CPU0] s31_wifi_rx_counters: S31 RX counters connected: ret=0 mpdu=51097 data=15363 fcs=4639 abort=54133 full=0 fifo=0 other=36984
[CPU0] s31_wifi_rx_counters: S31 HE counters: power=1023 sigb=0 format=0 unsupported=0 siga=1023 bboff=0 wdg=0
[CPU0] s31_wifi_rx_counters: S31 radio hangs: rx=0 tx=0 flags=00000000 panic=00000000 bf_timeout=0 bf_error=0
[CPU0] s31_wifi_rx_counters: S31 RX errors: ret=0 total=1158 bitmap=1158 tkip=0
[CPU0] s31_wifi_rx_counters: S31 RX types: ret=0 legacy=1806 ht=7885 su=0 ersu=0 mu=0 su_noeb=0 mu_noeb=0 stbc=0 retry=0
[CPU0] s31_wifi_rx_counters: S31 TX stats: ret=0 enable=73867 complete=73867 succ=168006 ack=7324 ba=32644 retry=103138 nomem=0 timeout=0
nsh> [K
nsh> [K
--- CMD: renew wlan0 ---
renew wlan0
nsh> [K
nsh> [K
--- CMD: ping 192.168.1.1 ---
ping 192.168.1.1
PING 192.168.1.1 56 bytes of data
56 bytes from 192.168.1.1: icmp_seq=0 time=30.0 ms
56 bytes from 192.168.1.1: icmp_seq=1 time=20.0 ms
56 bytes from 192.168.1.1: icmp_seq=2 time=20.0 ms
56 bytes from 192.168.1.1: icmp_seq=3 time=20.0 ms
56 bytes from 192.168.1.1: icmp_seq=4 time=50.0 ms
56 bytes from 192.168.1.1: icmp_seq=5 time=20.0 ms
56 bytes from 192.168.1.1: icmp_seq=6 time=40.0 ms
56 bytes from 192.168.1.1: icmp_seq=7 time=20.0 ms
56 bytes from 192.168.1.1: icmp_seq=8 time=20.0 ms
56 bytes from 192.168.1.1: icmp_seq=9 time=30.0 ms
10 packets transmitted, 10 received, 0% packet loss, time 10100 ms
rtt min/avg/max/mdev = 20.000/27.000/50.000/10.049 ms
nsh> [K
nsh> [K
RECONFIGURE_ROUND=35 PASS
--- CMD: ifconfig ---
ifconfig
wlan0	Link encap:Ethernet HWaddr 30:ed:a0:f3:f7:b0 at RUNNING mtu 1500
	inet addr:192.168.1.60 DRaddr:192.168.1.1 Mask:255.255.255.0

nsh> [K
nsh> [K
--- CMD: wapi disconnect wlan0 ---
wapi disconnect wlan0
nsh> [K
nsh> [K
--- CMD: ping 192.168.1.60 ---
ping 192.168.1.60
PING 192.168.1.60 56 bytes of data
[CPU1] icmp_sendmsg: ERROR: Not reachable
ERROR: sendto failed at seqno 0: 101
[CPU0] icmp_sendmsg: ERROR: Not reachable
ERROR: sendto failed at seqno 1: 101
[CPU0] icmp_sendmsg: ERROR: Not reachable
ERROR: sendto failed at seqno 2: 101
[CPU0] icmp_sendmsg: ERROR: Not reachable
ERROR: sendto failed at seqno 3: 101
[CPU0] icmp_sendmsg: ERROR: Not reachable
ERROR: sendto failed at seqno 4: 101
[CPU0] icmp_sendmsg: ERROR: Not reachable
ERROR: sendto failed at seqno 5: 101
[CPU0] icmp_sendmsg: ERROR: Not reachable
ERROR: sendto failed at seqno 6: 101
[CPU0] icmp_sendmsg: ERROR: Not reachable
ERROR: sendto failed at seqno 7: 101
[CPU0] icmp_sendmsg: ERROR: Not reachable
ERROR: sendto failed at seqno 8: 101
[CPU0] icmp_sendmsg: ERROR: Not reachable
ERROR: sendto failed at seqno 9: 101
10 packets transmitted, 0 received, 100% packet loss, time 10100 ms
nsh> [K
nsh> [K
--- CMD: wapi mode wlan0 2 ---
wapi mode wlan0 2
nsh> [K
nsh> [K
--- CMD: wapi psk wlan0 <redacted> 3 ---
wapi psk wlan0 <redacted> 3
nsh> [K
nsh> [K
--- CMD: wapi essid wlan0 <redacted> 1 ---
wapi essid wlan0 <redacted> 1
[CPU0] esp_event_post_wrapper: S31 associated: channel=11 auth=3 bssid=7c:39:85:2a:50:04
[CPU0] esp_evt_work_cb: S31 driver STA MAC: 30:ed:a0:f3:f7:b0
[CPU0] esp_evt_work_cb: S31 driver power save: ret=0 mode=0
[CPU0] esp_evt_work_cb: S31 driver protocol: ret=0 bitmap=7
[CPU0] esp_evt_work_cb: S31 negotiated PHY: ret=0 mode=4
[CPU0] esp_evt_work_cb: S31 HE SU beamformee disabled: ret=0 value=0
[CPU0] s31_wifi_rx_counters: S31 modem clocks connected: conf1=0038e7ff bb=1 bb80x1=1 bb44=1 mac=1 apb=1 fe160=1 sec=0
[CPU0] s31_wifi_rx_counters: S31 RX counters connected: ret=0 mpdu=11593 data=15465 fcs=6486 abort=61269 full=0 fifo=0 other=42516
[CPU0] s31_wifi_rx_counters: S31 HE counters: power=1023 sigb=0 format=0 unsupported=0 siga=1023 bboff=0 wdg=0
[CPU0] s31_wifi_rx_counters: S31 radio hangs: rx=0 tx=0 flags=00000000 panic=00000000 bf_timeout=0 bf_error=0
[CPU0] s31_wifi_rx_counters: S31 RX errors: ret=0 total=1158 bitmap=1158 tkip=0
[CPU0] s31_wifi_rx_counters: S31 RX types: ret=0 legacy=1855 ht=7905 su=0 ersu=0 mu=0 su_noeb=0 mu_noeb=0 stbc=0 retry=0
[CPU0] s31_wifi_rx_counters: S31 TX stats: ret=0 enable=73895 complete=73895 succ=168022 ack=7330 ba=32654 retry=103150 nomem=0 timeout=0
nsh> [K
nsh> [K
--- CMD: renew wlan0 ---
renew wlan0
nsh> [K
nsh> [K
--- CMD: ping 192.168.1.1 ---
ping 192.168.1.1
PING 192.168.1.1 56 bytes of data
56 bytes from 192.168.1.1: icmp_seq=0 time=20.0 ms
56 bytes from 192.168.1.1: icmp_seq=1 time=20.0 ms
56 bytes from 192.168.1.1: icmp_seq=2 time=40.0 ms
56 bytes from 192.168.1.1: icmp_seq=3 time=20.0 ms
56 bytes from 192.168.1.1: icmp_seq=4 time=20.0 ms
56 bytes from 192.168.1.1: icmp_seq=5 time=20.0 ms
56 bytes from 192.168.1.1: icmp_seq=6 time=30.0 ms
56 bytes from 192.168.1.1: icmp_seq=7 time=20.0 ms
56 bytes from 192.168.1.1: icmp_seq=8 time=20.0 ms
56 bytes from 192.168.1.1: icmp_seq=9 time=30.0 ms
10 packets transmitted, 10 received, 0% packet loss, time 10100 ms
rtt min/avg/max/mdev = 20.000/24.000/40.000/6.633 ms
nsh> [K
nsh> [K
RECONFIGURE_ROUND=36 PASS
--- CMD: ifconfig ---
ifconfig
wlan0	Link encap:Ethernet HWaddr 30:ed:a0:f3:f7:b0 at RUNNING mtu 1500
	inet addr:192.168.1.60 DRaddr:192.168.1.1 Mask:255.255.255.0

nsh> [K
nsh> [K
--- CMD: wapi disconnect wlan0 ---
wapi disconnect wlan0
nsh> [K
nsh> [K
--- CMD: ping 192.168.1.60 ---
ping 192.168.1.60
PING 192.168.1.60 56 bytes of data
[CPU1] icmp_sendmsg: ERROR: Not reachable
ERROR: sendto failed at seqno 0: 101
[CPU0] icmp_sendmsg: ERROR: Not reachable
ERROR: sendto failed at seqno 1: 101
[CPU0] icmp_sendmsg: ERROR: Not reachable
ERROR: sendto failed at seqno 2: 101
[CPU0] icmp_sendmsg: ERROR: Not reachable
ERROR: sendto failed at seqno 3: 101
[CPU0] icmp_sendmsg: ERROR: Not reachable
ERROR: sendto failed at seqno 4: 101
[CPU0] icmp_sendmsg: ERROR: Not reachable
ERROR: sendto failed at seqno 5: 101
[CPU0] icmp_sendmsg: ERROR: Not reachable
ERROR: sendto failed at seqno 6: 101
[CPU0] icmp_sendmsg: ERROR: Not reachable
ERROR: sendto failed at seqno 7: 101
[CPU0] icmp_sendmsg: ERROR: Not reachable
ERROR: sendto failed at seqno 8: 101
[CPU0] icmp_sendmsg: ERROR: Not reachable
ERROR: sendto failed at seqno 9: 101
10 packets transmitted, 0 received, 100% packet loss, time 10100 ms
nsh> [K
nsh> [K
--- CMD: wapi mode wlan0 2 ---
wapi mode wlan0 2
nsh> [K
nsh> [K
--- CMD: wapi psk wlan0 <redacted> 3 ---
wapi psk wlan0 <redacted> 3
nsh> [K
nsh> [K
--- CMD: wapi essid wlan0 <redacted> 1 ---
wapi essid wlan0 <redacted> 1
[CPU0] esp_event_post_wrapper: S31 associated: channel=11 auth=3 bssid=7c:39:85:2a:50:04
[CPU1] esp_evt_work_cb: S31 driver STA MAC: 30:ed:a0:f3:f7:b0
[CPU1] esp_evt_work_cb: S31 driver power save: ret=0 mode=0
[CPU0] esp_evt_work_cb: S31 driver protocol: ret=0 bitmap=7
[CPU0] esp_evt_work_cb: S31 negotiated PHY: ret=0 mode=4
[CPU0] esp_evt_work_cb: S31 HE SU beamformee disabled: ret=0 value=0
[CPU0] s31_wifi_rx_counters: S31 modem clocks connected: conf1=0038e7ff bb=1 bb80x1=1 bb44=1 mac=1 apb=1 fe160=1 sec=0
[CPU0] s31_wifi_rx_counters: S31 RX counters connected: ret=0 mpdu=42425 data=15522 fcs=9309 abort=3454 full=0 fifo=0 other=48169
[CPU0] s31_wifi_rx_counters: S31 HE counters: power=1023 sigb=0 format=0 unsupported=0 siga=1023 bboff=0 wdg=0
[CPU0] s31_wifi_rx_counters: S31 radio hangs: rx=0 tx=0 flags=00000000 panic=00000000 bf_timeout=0 bf_error=0
[CPU0] s31_wifi_rx_counters: S31 RX errors: ret=0 total=1158 bitmap=1158 tkip=0
[CPU0] s31_wifi_rx_counters: S31 RX types: ret=0 legacy=1879 ht=7917 su=0 ersu=0 mu=0 su_noeb=0 mu_noeb=0 stbc=0 retry=0
[CPU0] s31_wifi_rx_counters: S31 TX stats: ret=0 enable=73914 complete=73914 succ=168034 ack=7332 ba=32664 retry=103154 nomem=0 timeout=0
nsh> [K
nsh> [K
--- CMD: renew wlan0 ---
renew wlan0
nsh> [K
nsh> [K
--- CMD: ping 192.168.1.1 ---
ping 192.168.1.1
PING 192.168.1.1 56 bytes of data
56 bytes from 192.168.1.1: icmp_seq=0 time=20.0 ms
56 bytes from 192.168.1.1: icmp_seq=1 time=30.0 ms
56 bytes from 192.168.1.1: icmp_seq=2 time=20.0 ms
56 bytes from 192.168.1.1: icmp_seq=3 time=20.0 ms
56 bytes from 192.168.1.1: icmp_seq=4 time=20.0 ms
56 bytes from 192.168.1.1: icmp_seq=5 time=20.0 ms
56 bytes from 192.168.1.1: icmp_seq=6 time=20.0 ms
56 bytes from 192.168.1.1: icmp_seq=7 time=20.0 ms
56 bytes from 192.168.1.1: icmp_seq=8 time=30.0 ms
56 bytes from 192.168.1.1: icmp_seq=9 time=30.0 ms
10 packets transmitted, 10 received, 0% packet loss, time 10100 ms
rtt min/avg/max/mdev = 20.000/23.000/30.000/4.582 ms
nsh> [K
nsh> [K
RECONFIGURE_ROUND=37 PASS
--- CMD: ifconfig ---
ifconfig
wlan0	Link encap:Ethernet HWaddr 30:ed:a0:f3:f7:b0 at RUNNING mtu 1500
	inet addr:192.168.1.60 DRaddr:192.168.1.1 Mask:255.255.255.0

nsh> [K
nsh> [K
--- CMD: wapi disconnect wlan0 ---
wapi disconnect wlan0
nsh> [K
nsh> [K
--- CMD: ping 192.168.1.60 ---
ping 192.168.1.60
PING 192.168.1.60 56 bytes of data
[CPU1] icmp_sendmsg: ERROR: Not reachable
ERROR: sendto failed at seqno 0: 101
[CPU0] icmp_sendmsg: ERROR: Not reachable
ERROR: sendto failed at seqno 1: 101
[CPU0] icmp_sendmsg: ERROR: Not reachable
ERROR: sendto failed at seqno 2: 101
[CPU0] icmp_sendmsg: ERROR: Not reachable
ERROR: sendto failed at seqno 3: 101
[CPU0] icmp_sendmsg: ERROR: Not reachable
ERROR: sendto failed at seqno 4: 101
[CPU0] icmp_sendmsg: ERROR: Not reachable
ERROR: sendto failed at seqno 5: 101
[CPU0] icmp_sendmsg: ERROR: Not reachable
ERROR: sendto failed at seqno 6: 101
[CPU0] icmp_sendmsg: ERROR: Not reachable
ERROR: sendto failed at seqno 7: 101
[CPU0] icmp_sendmsg: ERROR: Not reachable
ERROR: sendto failed at seqno 8: 101
[CPU0] icmp_sendmsg: ERROR: Not reachable
ERROR: sendto failed at seqno 9: 101
10 packets transmitted, 0 received, 100% packet loss, time 10100 ms
nsh> [K
nsh> [K
--- CMD: wapi mode wlan0 2 ---
wapi mode wlan0 2
nsh> [K
nsh> [K
--- CMD: wapi psk wlan0 <redacted> 3 ---
wapi psk wlan0 <redacted> 3
nsh> [K
nsh> [K
--- CMD: wapi essid wlan0 <redacted> 1 ---
wapi essid wlan0 <redacted> 1
[CPU0] esp_event_post_wrapper: S31 associated: channel=11 auth=3 bssid=60:ce:41:ab:02:d0
[CPU1] esp_evt_work_cb: S31 driver STA MAC: 30:ed:a0:f3:f7:b0
[CPU1] esp_evt_work_cb: S31 driver power save: ret=0 mode=0
[CPU0] esp_evt_work_cb: S31 driver protocol: ret=0 bitmap=7
[CPU0] esp_evt_work_cb: S31 negotiated PHY: ret=0 mode=4
[CPU0] esp_evt_work_cb: S31 HE SU beamformee disabled: ret=0 value=0
[CPU0] s31_wifi_rx_counters: S31 modem clocks connected: conf1=0038e7ff bb=1 bb80x1=1 bb44=1 mac=1 apb=1 fe160=1 sec=0
[CPU0] s31_wifi_rx_counters: S31 RX counters connected: ret=0 mpdu=11869 data=15580 fcs=11258 abort=11452 full=0 fifo=0 other=54489
[CPU0] s31_wifi_rx_counters: S31 HE counters: power=1023 sigb=0 format=0 unsupported=0 siga=1023 bboff=0 wdg=0
[CPU0] s31_wifi_rx_counters: S31 radio hangs: rx=0 tx=0 flags=00000000 panic=00000000 bf_timeout=0 bf_error=0
[CPU0] s31_wifi_rx_counters: S31 RX errors: ret=0 total=1158 bitmap=1158 tkip=0
[CPU0] s31_wifi_rx_counters: S31 RX types: ret=0 legacy=1899 ht=7931 su=0 ersu=0 mu=0 su_noeb=0 mu_noeb=0 stbc=0 retry=0
[CPU0] s31_wifi_rx_counters: S31 TX stats: ret=0 enable=73935 complete=73935 succ=168048 ack=7335 ba=32675 retry=103159 nomem=0 timeout=0
nsh> [K
nsh> [K
--- CMD: renew wlan0 ---
renew wlan0
nsh> [K
nsh> [K
--- CMD: ping 192.168.1.1 ---
ping 192.168.1.1
PING 192.168.1.1 56 bytes of data
56 bytes from 192.168.1.1: icmp_seq=0 time=20.0 ms
56 bytes from 192.168.1.1: icmp_seq=1 time=40.0 ms
56 bytes from 192.168.1.1: icmp_seq=2 time=20.0 ms
56 bytes from 192.168.1.1: icmp_seq=3 time=30.0 ms
56 bytes from 192.168.1.1: icmp_seq=4 time=30.0 ms
56 bytes from 192.168.1.1: icmp_seq=5 time=30.0 ms
56 bytes from 192.168.1.1: icmp_seq=6 time=50.0 ms
56 bytes from 192.168.1.1: icmp_seq=7 time=30.0 ms
56 bytes from 192.168.1.1: icmp_seq=8 time=20.0 ms
56 bytes from 192.168.1.1: icmp_seq=9 time=20.0 ms
10 packets transmitted, 10 received, 0% packet loss, time 10100 ms
rtt min/avg/max/mdev = 20.000/29.000/50.000/9.433 ms
nsh> [K
nsh> [K
RECONFIGURE_ROUND=38 PASS
--- CMD: ifconfig ---
ifconfig
wlan0	Link encap:Ethernet HWaddr 30:ed:a0:f3:f7:b0 at RUNNING mtu 1500
	inet addr:192.168.1.60 DRaddr:192.168.1.1 Mask:255.255.255.0

nsh> [K
nsh> [K
--- CMD: wapi disconnect wlan0 ---
wapi disconnect wlan0
nsh> [K
nsh> [K
--- CMD: ping 192.168.1.60 ---
ping 192.168.1.60
PING 192.168.1.60 56 bytes of data
[CPU1] icmp_sendmsg: ERROR: Not reachable
ERROR: sendto failed at seqno 0: 101
[CPU0] icmp_sendmsg: ERROR: Not reachable
ERROR: sendto failed at seqno 1: 101
[CPU0] icmp_sendmsg: ERROR: Not reachable
ERROR: sendto failed at seqno 2: 101
[CPU0] icmp_sendmsg: ERROR: Not reachable
ERROR: sendto failed at seqno 3: 101
[CPU0] icmp_sendmsg: ERROR: Not reachable
ERROR: sendto failed at seqno 4: 101
[CPU0] icmp_sendmsg: ERROR: Not reachable
ERROR: sendto failed at seqno 5: 101
[CPU0] icmp_sendmsg: ERROR: Not reachable
ERROR: sendto failed at seqno 6: 101
[CPU0] icmp_sendmsg: ERROR: Not reachable
ERROR: sendto failed at seqno 7: 101
[CPU0] icmp_sendmsg: ERROR: Not reachable
ERROR: sendto failed at seqno 8: 101
[CPU0] icmp_sendmsg: ERROR: Not reachable
ERROR: sendto failed at seqno 9: 101
10 packets transmitted, 0 received, 100% packet loss, time 10100 ms
nsh> [K
nsh> [K
--- CMD: wapi mode wlan0 2 ---
wapi mode wlan0 2
nsh> [K
nsh> [K
--- CMD: wapi psk wlan0 <redacted> 3 ---
wapi psk wlan0 <redacted> 3
nsh> [K
nsh> [K
--- CMD: wapi essid wlan0 <redacted> 1 ---
wapi essid wlan0 <redacted> 1
[CPU0] esp_event_post_wrapper: S31 associated: channel=11 auth=3 bssid=7c:39:85:2a:50:04
[CPU0] esp_evt_work_cb: S31 driver STA MAC: 30:ed:a0:f3:f7:b0
[CPU0] esp_evt_work_cb: S31 driver power save: ret=0 mode=0
[CPU0] esp_evt_work_cb: S31 driver protocol: ret=0 bitmap=7
[CPU0] esp_evt_work_cb: S31 negotiated PHY: ret=0 mode=4
[CPU0] esp_evt_work_cb: S31 HE SU beamformee disabled: ret=0 value=0
[CPU0] s31_wifi_rx_counters: S31 modem clocks connected: conf1=0038e7ff bb=1 bb80x1=1 bb44=1 mac=1 apb=1 fe160=1 sec=0
[CPU0] s31_wifi_rx_counters: S31 RX counters connected: ret=0 mpdu=34530 data=15640 fcs=13356 abort=21039 full=0 fifo=0 other=62206
[CPU0] s31_wifi_rx_counters: S31 HE counters: power=1023 sigb=0 format=0 unsupported=0 siga=1023 bboff=0 wdg=0
[CPU0] s31_wifi_rx_counters: S31 radio hangs: rx=0 tx=0 flags=00000000 panic=00000000 bf_timeout=0 bf_error=0
[CPU0] s31_wifi_rx_counters: S31 RX errors: ret=0 total=1159 bitmap=1159 tkip=0
[CPU0] s31_wifi_rx_counters: S31 RX types: ret=0 legacy=1915 ht=7944 su=0 ersu=0 mu=0 su_noeb=0 mu_noeb=0 stbc=0 retry=0
[CPU0] s31_wifi_rx_counters: S31 TX stats: ret=0 enable=73987 complete=73987 succ=168066 ack=7345 ba=32683 retry=103177 nomem=0 timeout=0
nsh> [K
nsh> [K
--- CMD: renew wlan0 ---
renew wlan0
nsh> [K
nsh> [K
--- CMD: ping 192.168.1.1 ---
ping 192.168.1.1
PING 192.168.1.1 56 bytes of data
56 bytes from 192.168.1.1: icmp_seq=0 time=20.0 ms
56 bytes from 192.168.1.1: icmp_seq=1 time=30.0 ms
56 bytes from 192.168.1.1: icmp_seq=2 time=30.0 ms
56 bytes from 192.168.1.1: icmp_seq=3 time=20.0 ms
56 bytes from 192.168.1.1: icmp_seq=4 time=20.0 ms
56 bytes from 192.168.1.1: icmp_seq=5 time=20.0 ms
56 bytes from 192.168.1.1: icmp_seq=6 time=20.0 ms
56 bytes from 192.168.1.1: icmp_seq=7 time=20.0 ms
56 bytes from 192.168.1.1: icmp_seq=8 time=20.0 ms
56 bytes from 192.168.1.1: icmp_seq=9 time=20.0 ms
10 packets transmitted, 10 received, 0% packet loss, time 10100 ms
rtt min/avg/max/mdev = 20.000/22.000/30.000/4.000 ms
nsh> [K
nsh> [K
RECONFIGURE_ROUND=39 PASS
--- CMD: ifconfig ---
ifconfig
wlan0	Link encap:Ethernet HWaddr 30:ed:a0:f3:f7:b0 at RUNNING mtu 1500
	inet addr:192.168.1.60 DRaddr:192.168.1.1 Mask:255.255.255.0

nsh> [K
nsh> [K
--- CMD: wapi disconnect wlan0 ---
wapi disconnect wlan0
nsh> [K
nsh> [K
--- CMD: ping 192.168.1.60 ---
ping 192.168.1.60
PING 192.168.1.60 56 bytes of data
[CPU1] icmp_sendmsg: ERROR: Not reachable
ERROR: sendto failed at seqno 0: 101
[CPU0] icmp_sendmsg: ERROR: Not reachable
ERROR: sendto failed at seqno 1: 101
[CPU0] icmp_sendmsg: ERROR: Not reachable
ERROR: sendto failed at seqno 2: 101
[CPU0] icmp_sendmsg: ERROR: Not reachable
ERROR: sendto failed at seqno 3: 101
[CPU0] icmp_sendmsg: ERROR: Not reachable
ERROR: sendto failed at seqno 4: 101
[CPU0] icmp_sendmsg: ERROR: Not reachable
ERROR: sendto failed at seqno 5: 101
[CPU0] icmp_sendmsg: ERROR: Not reachable
ERROR: sendto failed at seqno 6: 101
[CPU0] icmp_sendmsg: ERROR: Not reachable
ERROR: sendto failed at seqno 7: 101
[CPU0] icmp_sendmsg: ERROR: Not reachable
ERROR: sendto failed at seqno 8: 101
[CPU0] icmp_sendmsg: ERROR: Not reachable
ERROR: sendto failed at seqno 9: 101
10 packets transmitted, 0 received, 100% packet loss, time 10100 ms
nsh> [K
nsh> [K
--- CMD: wapi mode wlan0 2 ---
wapi mode wlan0 2
nsh> [K
nsh> [K
--- CMD: wapi psk wlan0 <redacted> 3 ---
wapi psk wlan0 <redacted> 3
nsh> [K
nsh> [K
--- CMD: wapi essid wlan0 <redacted> 1 ---
wapi essid wlan0 <redacted> 1
[CPU0] esp_event_post_wrapper: S31 associated: channel=11 auth=3 bssid=7c:39:85:2a:50:04
[CPU1] esp_evt_work_cb: S31 driver STA MAC: 30:ed:a0:f3:f7:b0
[CPU1] esp_evt_work_cb: S31 driver power save: ret=0 mode=0
[CPU1] esp_evt_work_cb: S31 driver protocol: ret=0 bitmap=7
[CPU0] esp_evt_work_cb: S31 negotiated PHY: ret=0 mode=4
[CPU0] esp_evt_work_cb: S31 HE SU beamformee disabled: ret=0 value=0
[CPU0] s31_wifi_rx_counters: S31 modem clocks connected: conf1=0038e7ff bb=1 bb80x1=1 bb44=1 mac=1 apb=1 fe160=1 sec=0
[CPU0] s31_wifi_rx_counters: S31 RX counters connected: ret=0 mpdu=60648 data=15706 fcs=16165 abort=33207 full=0 fifo=0 other=6592
[CPU0] s31_wifi_rx_counters: S31 HE counters: power=1023 sigb=0 format=0 unsupported=0 siga=1023 bboff=0 wdg=0
[CPU0] s31_wifi_rx_counters: S31 radio hangs: rx=0 tx=0 flags=00000000 panic=00000000 bf_timeout=0 bf_error=0
[CPU0] s31_wifi_rx_counters: S31 RX errors: ret=0 total=1159 bitmap=1159 tkip=0
[CPU0] s31_wifi_rx_counters: S31 RX types: ret=0 legacy=1948 ht=7960 su=0 ersu=0 mu=0 su_noeb=0 mu_noeb=0 stbc=0 retry=0
[CPU0] s31_wifi_rx_counters: S31 TX stats: ret=0 enable=74006 complete=74006 succ=168079 ack=7347 ba=32694 retry=103180 nomem=0 timeout=0
nsh> [K
nsh> [K
--- CMD: renew wlan0 ---
renew wlan0
nsh> [K
nsh> [K
--- CMD: ping 192.168.1.1 ---
ping 192.168.1.1
PING 192.168.1.1 56 bytes of data
56 bytes from 192.168.1.1: icmp_seq=0 time=30.0 ms
56 bytes from 192.168.1.1: icmp_seq=1 time=20.0 ms
56 bytes from 192.168.1.1: icmp_seq=2 time=20.0 ms
56 bytes from 192.168.1.1: icmp_seq=3 time=20.0 ms
56 bytes from 192.168.1.1: icmp_seq=4 time=20.0 ms
56 bytes from 192.168.1.1: icmp_seq=5 time=30.0 ms
56 bytes from 192.168.1.1: icmp_seq=6 time=20.0 ms
56 bytes from 192.168.1.1: icmp_seq=7 time=40.0 ms
56 bytes from 192.168.1.1: icmp_seq=8 time=30.0 ms
56 bytes from 192.168.1.1: icmp_seq=9 time=30.0 ms
10 packets transmitted, 10 received, 0% packet loss, time 10100 ms
rtt min/avg/max/mdev = 20.000/26.000/40.000/6.633 ms
nsh> [K
nsh> [K
RECONFIGURE_ROUND=40 PASS
--- CMD: ifconfig ---
ifconfig
wlan0	Link encap:Ethernet HWaddr 30:ed:a0:f3:f7:b0 at RUNNING mtu 1500
	inet addr:192.168.1.60 DRaddr:192.168.1.1 Mask:255.255.255.0

nsh> [K
nsh> [K
--- CMD: wapi disconnect wlan0 ---
wapi disconnect wlan0
nsh> [K
nsh> [K
--- CMD: ping 192.168.1.60 ---
ping 192.168.1.60
PING 192.168.1.60 56 bytes of data
[CPU1] icmp_sendmsg: ERROR: Not reachable
ERROR: sendto failed at seqno 0: 101
[CPU0] icmp_sendmsg: ERROR: Not reachable
ERROR: sendto failed at seqno 1: 101
[CPU0] icmp_sendmsg: ERROR: Not reachable
ERROR: sendto failed at seqno 2: 101
[CPU0] icmp_sendmsg: ERROR: Not reachable
ERROR: sendto failed at seqno 3: 101
[CPU0] icmp_sendmsg: ERROR: Not reachable
ERROR: sendto failed at seqno 4: 101
[CPU0] icmp_sendmsg: ERROR: Not reachable
ERROR: sendto failed at seqno 5: 101
[CPU0] icmp_sendmsg: ERROR: Not reachable
ERROR: sendto failed at seqno 6: 101
[CPU0] icmp_sendmsg: ERROR: Not reachable
ERROR: sendto failed at seqno 7: 101
[CPU0] icmp_sendmsg: ERROR: Not reachable
ERROR: sendto failed at seqno 8: 101
[CPU0] icmp_sendmsg: ERROR: Not reachable
ERROR: sendto failed at seqno 9: 101
10 packets transmitted, 0 received, 100% packet loss, time 10100 ms
nsh> [K
nsh> [K
--- CMD: wapi mode wlan0 2 ---
wapi mode wlan0 2
nsh> [K
nsh> [K
--- CMD: wapi psk wlan0 <redacted> 3 ---
wapi psk wlan0 <redacted> 3
nsh> [K
nsh> [K
--- CMD: wapi essid wlan0 <redacted> 1 ---
wapi essid wlan0 <redacted> 1
[CPU0] esp_event_post_wrapper: S31 associated: channel=11 auth=3 bssid=7c:39:85:2a:50:04
[CPU0] esp_evt_work_cb: S31 driver STA MAC: 30:ed:a0:f3:f7:b0
[CPU0] esp_evt_work_cb: S31 driver power save: ret=0 mode=0
[CPU0] esp_evt_work_cb: S31 driver protocol: ret=0 bitmap=7
[CPU0] esp_evt_work_cb: S31 negotiated PHY: ret=0 mode=4
[CPU0] esp_evt_work_cb: S31 HE SU beamformee disabled: ret=0 value=0
[CPU0] s31_wifi_rx_counters: S31 modem clocks connected: conf1=0038e7ff bb=1 bb80x1=1 bb44=1 mac=1 apb=1 fe160=1 sec=0
[CPU0] s31_wifi_rx_counters: S31 RX counters connected: ret=0 mpdu=19695 data=15803 fcs=18378 abort=43921 full=0 fifo=0 other=15633
[CPU0] s31_wifi_rx_counters: S31 HE counters: power=1023 sigb=0 format=0 unsupported=0 siga=1023 bboff=0 wdg=0
[CPU0] s31_wifi_rx_counters: S31 radio hangs: rx=0 tx=0 flags=00000000 panic=00000000 bf_timeout=0 bf_error=0
[CPU0] s31_wifi_rx_counters: S31 RX errors: ret=0 total=1161 bitmap=1161 tkip=0
[CPU0] s31_wifi_rx_counters: S31 RX types: ret=0 legacy=1988 ht=7992 su=0 ersu=0 mu=0 su_noeb=0 mu_noeb=0 stbc=0 retry=0
[CPU0] s31_wifi_rx_counters: S31 TX stats: ret=0 enable=74026 complete=74026 succ=168093 ack=7351 ba=32704 retry=103186 nomem=0 timeout=0
nsh> [K
nsh> [K
--- CMD: renew wlan0 ---
renew wlan0
nsh> [K
nsh> [K
--- CMD: ping 192.168.1.1 ---
ping 192.168.1.1
PING 192.168.1.1 56 bytes of data
56 bytes from 192.168.1.1: icmp_seq=0 time=20.0 ms
56 bytes from 192.168.1.1: icmp_seq=1 time=40.0 ms
56 bytes from 192.168.1.1: icmp_seq=2 time=30.0 ms
56 bytes from 192.168.1.1: icmp_seq=3 time=40.0 ms
56 bytes from 192.168.1.1: icmp_seq=4 time=30.0 ms
56 bytes from 192.168.1.1: icmp_seq=5 time=20.0 ms
56 bytes from 192.168.1.1: icmp_seq=6 time=30.0 ms
56 bytes from 192.168.1.1: icmp_seq=7 time=40.0 ms
56 bytes from 192.168.1.1: icmp_seq=8 time=100.0 ms
56 bytes from 192.168.1.1: icmp_seq=9 time=30.0 ms
10 packets transmitted, 10 received, 0% packet loss, time 10100 ms
rtt min/avg/max/mdev = 20.000/38.000/100.000/21.817 ms
nsh> [K
nsh> [K
RECONFIGURE_ROUND=41 PASS
--- CMD: ifconfig ---
ifconfig
wlan0	Link encap:Ethernet HWaddr 30:ed:a0:f3:f7:b0 at RUNNING mtu 1500
	inet addr:192.168.1.60 DRaddr:192.168.1.1 Mask:255.255.255.0

nsh> [K
nsh> [K
--- CMD: wapi disconnect wlan0 ---
wapi disconnect wlan0
nsh> [K
nsh> [K
--- CMD: ping 192.168.1.60 ---
ping 192.168.1.60
PING 192.168.1.60 56 bytes of data
[CPU1] icmp_sendmsg: ERROR: Not reachable
ERROR: sendto failed at seqno 0: 101
[CPU0] icmp_sendmsg: ERROR: Not reachable
ERROR: sendto failed at seqno 1: 101
[CPU0] icmp_sendmsg: ERROR: Not reachable
ERROR: sendto failed at seqno 2: 101
[CPU0] icmp_sendmsg: ERROR: Not reachable
ERROR: sendto failed at seqno 3: 101
[CPU0] icmp_sendmsg: ERROR: Not reachable
ERROR: sendto failed at seqno 4: 101
[CPU0] icmp_sendmsg: ERROR: Not reachable
ERROR: sendto failed at seqno 5: 101
[CPU0] icmp_sendmsg: ERROR: Not reachable
ERROR: sendto failed at seqno 6: 101
[CPU0] icmp_sendmsg: ERROR: Not reachable
ERROR: sendto failed at seqno 7: 101
[CPU0] icmp_sendmsg: ERROR: Not reachable
ERROR: sendto failed at seqno 8: 101
[CPU0] icmp_sendmsg: ERROR: Not reachable
ERROR: sendto failed at seqno 9: 101
10 packets transmitted, 0 received, 100% packet loss, time 10100 ms
nsh> [K
nsh> [K
--- CMD: wapi mode wlan0 2 ---
wapi mode wlan0 2
nsh> [K
nsh> [K
--- CMD: wapi psk wlan0 <redacted> 3 ---
wapi psk wlan0 <redacted> 3
nsh> [K
nsh> [K
--- CMD: wapi essid wlan0 <redacted> 1 ---
wapi essid wlan0 <redacted> 1
[CPU0] esp_event_post_wrapper: S31 associated: channel=11 auth=3 bssid=7c:39:85:2a:50:04
[CPU1] esp_evt_work_cb: S31 driver STA MAC: 30:ed:a0:f3:f7:b0
[CPU1] esp_evt_work_cb: S31 driver power save: ret=0 mode=0
[CPU0] esp_evt_work_cb: S31 driver protocol: ret=0 bitmap=7
[CPU0] esp_evt_work_cb: S31 negotiated PHY: ret=0 mode=4
[CPU0] esp_evt_work_cb: S31 HE SU beamformee disabled: ret=0 value=0
[CPU0] s31_wifi_rx_counters: S31 modem clocks connected: conf1=0038e7ff bb=1 bb80x1=1 bb44=1 mac=1 apb=1 fe160=1 sec=0
[CPU0] s31_wifi_rx_counters: S31 RX counters connected: ret=0 mpdu=49723 data=15860 fcs=20730 abort=54545 full=0 fifo=0 other=24377
[CPU0] s31_wifi_rx_counters: S31 HE counters: power=1023 sigb=0 format=0 unsupported=0 siga=1023 bboff=0 wdg=0
[CPU0] s31_wifi_rx_counters: S31 radio hangs: rx=0 tx=0 flags=00000000 panic=00000000 bf_timeout=0 bf_error=0
[CPU0] s31_wifi_rx_counters: S31 RX errors: ret=0 total=1161 bitmap=1161 tkip=0
[CPU0] s31_wifi_rx_counters: S31 RX types: ret=0 legacy=2014 ht=8004 su=0 ersu=0 mu=0 su_noeb=0 mu_noeb=0 stbc=0 retry=0
[CPU0] s31_wifi_rx_counters: S31 TX stats: ret=0 enable=74057 complete=74057 succ=168107 ack=7357 ba=32712 retry=103196 nomem=0 timeout=0
nsh> [K
nsh> [K
--- CMD: renew wlan0 ---
renew wlan0
nsh> [K
nsh> [K
--- CMD: ping 192.168.1.1 ---
ping 192.168.1.1
PING 192.168.1.1 56 bytes of data
56 bytes from 192.168.1.1: icmp_seq=0 time=20.0 ms
56 bytes from 192.168.1.1: icmp_seq=1 time=30.0 ms
56 bytes from 192.168.1.1: icmp_seq=2 time=40.0 ms
56 bytes from 192.168.1.1: icmp_seq=3 time=30.0 ms
56 bytes from 192.168.1.1: icmp_seq=4 time=30.0 ms
56 bytes from 192.168.1.1: icmp_seq=5 time=20.0 ms
56 bytes from 192.168.1.1: icmp_seq=6 time=20.0 ms
56 bytes from 192.168.1.1: icmp_seq=7 time=30.0 ms
56 bytes from 192.168.1.1: icmp_seq=8 time=40.0 ms
56 bytes from 192.168.1.1: icmp_seq=9 time=30.0 ms
10 packets transmitted, 10 received, 0% packet loss, time 10100 ms
rtt min/avg/max/mdev = 20.000/29.000/40.000/7.000 ms
nsh> [K
nsh> [K
RECONFIGURE_ROUND=42 PASS
--- CMD: ifconfig ---
ifconfig
wlan0	Link encap:Ethernet HWaddr 30:ed:a0:f3:f7:b0 at RUNNING mtu 1500
	inet addr:192.168.1.60 DRaddr:192.168.1.1 Mask:255.255.255.0

nsh> [K
nsh> [K
--- CMD: wapi disconnect wlan0 ---
wapi disconnect wlan0
nsh> [K
nsh> [K
--- CMD: ping 192.168.1.60 ---
ping 192.168.1.60
PING 192.168.1.60 56 bytes of data
[CPU1] icmp_sendmsg: ERROR: Not reachable
ERROR: sendto failed at seqno 0: 101
[CPU0] icmp_sendmsg: ERROR: Not reachable
ERROR: sendto failed at seqno 1: 101
[CPU0] icmp_sendmsg: ERROR: Not reachable
ERROR: sendto failed at seqno 2: 101
[CPU0] icmp_sendmsg: ERROR: Not reachable
ERROR: sendto failed at seqno 3: 101
[CPU0] icmp_sendmsg: ERROR: Not reachable
ERROR: sendto failed at seqno 4: 101
[CPU0] icmp_sendmsg: ERROR: Not reachable
ERROR: sendto failed at seqno 5: 101
[CPU0] icmp_sendmsg: ERROR: Not reachable
ERROR: sendto failed at seqno 6: 101
[CPU0] icmp_sendmsg: ERROR: Not reachable
ERROR: sendto failed at seqno 7: 101
[CPU0] icmp_sendmsg: ERROR: Not reachable
ERROR: sendto failed at seqno 8: 101
[CPU0] icmp_sendmsg: ERROR: Not reachable
ERROR: sendto failed at seqno 9: 101
10 packets transmitted, 0 received, 100% packet loss, time 10100 ms
nsh> [K
nsh> [K
--- CMD: wapi mode wlan0 2 ---
wapi mode wlan0 2
nsh> [K
nsh> [K
--- CMD: wapi psk wlan0 <redacted> 3 ---
wapi psk wlan0 <redacted> 3
nsh> [K
nsh> [K
--- CMD: wapi essid wlan0 <redacted> 1 ---
wapi essid wlan0 <redacted> 1
[CPU0] esp_event_post_wrapper: S31 associated: channel=11 auth=3 bssid=7c:39:85:2a:50:04
[CPU0] esp_evt_work_cb: S31 driver STA MAC: 30:ed:a0:f3:f7:b0
[CPU0] esp_evt_work_cb: S31 driver power save: ret=0 mode=0
[CPU0] esp_evt_work_cb: S31 driver protocol: ret=0 bitmap=7
[CPU0] esp_evt_work_cb: S31 negotiated PHY: ret=0 mode=4
[CPU0] esp_evt_work_cb: S31 HE SU beamformee disabled: ret=0 value=0
[CPU0] s31_wifi_rx_counters: S31 modem clocks connected: conf1=0038e7ff bb=1 bb80x1=1 bb44=1 mac=1 apb=1 fe160=1 sec=0
[CPU0] s31_wifi_rx_counters: S31 RX counters connected: ret=0 mpdu=15654 data=15947 fcs=23181 abort=1018 full=0 fifo=0 other=34180
[CPU0] s31_wifi_rx_counters: S31 HE counters: power=1023 sigb=0 format=0 unsupported=0 siga=1023 bboff=0 wdg=0
[CPU0] s31_wifi_rx_counters: S31 radio hangs: rx=0 tx=0 flags=00000000 panic=00000000 bf_timeout=0 bf_error=0
[CPU0] s31_wifi_rx_counters: S31 RX errors: ret=0 total=1161 bitmap=1161 tkip=0
[CPU0] s31_wifi_rx_counters: S31 RX types: ret=0 legacy=2043 ht=8018 su=0 ersu=0 mu=0 su_noeb=0 mu_noeb=0 stbc=0 retry=0
[CPU0] s31_wifi_rx_counters: S31 TX stats: ret=0 enable=74079 complete=74079 succ=168120 ack=7360 ba=32722 retry=103202 nomem=0 timeout=0
nsh> [K
nsh> [K
--- CMD: renew wlan0 ---
renew wlan0
nsh> [K
nsh> [K
--- CMD: ping 192.168.1.1 ---
ping 192.168.1.1
PING 192.168.1.1 56 bytes of data
56 bytes from 192.168.1.1: icmp_seq=0 time=40.0 ms
56 bytes from 192.168.1.1: icmp_seq=1 time=30.0 ms
56 bytes from 192.168.1.1: icmp_seq=2 time=20.0 ms
56 bytes from 192.168.1.1: icmp_seq=3 time=20.0 ms
56 bytes from 192.168.1.1: icmp_seq=4 time=30.0 ms
56 bytes from 192.168.1.1: icmp_seq=5 time=40.0 ms
56 bytes from 192.168.1.1: icmp_seq=6 time=30.0 ms
56 bytes from 192.168.1.1: icmp_seq=7 time=20.0 ms
56 bytes from 192.168.1.1: icmp_seq=8 time=30.0 ms
56 bytes from 192.168.1.1: icmp_seq=9 time=20.0 ms
10 packets transmitted, 10 received, 0% packet loss, time 10100 ms
rtt min/avg/max/mdev = 20.000/28.000/40.000/7.483 ms
nsh> [K
nsh> [K
RECONFIGURE_ROUND=43 PASS
--- CMD: ifconfig ---
ifconfig
wlan0	Link encap:Ethernet HWaddr 30:ed:a0:f3:f7:b0 at RUNNING mtu 1500
	inet addr:192.168.1.60 DRaddr:192.168.1.1 Mask:255.255.255.0

nsh> [K
nsh> [K
--- CMD: wapi disconnect wlan0 ---
wapi disconnect wlan0
nsh> [K
nsh> [K
--- CMD: ping 192.168.1.60 ---
ping 192.168.1.60
PING 192.168.1.60 56 bytes of data
[CPU1] icmp_sendmsg: ERROR: Not reachable
ERROR: sendto failed at seqno 0: 101
[CPU0] icmp_sendmsg: ERROR: Not reachable
ERROR: sendto failed at seqno 1: 101
[CPU0] icmp_sendmsg: ERROR: Not reachable
ERROR: sendto failed at seqno 2: 101
[CPU0] icmp_sendmsg: ERROR: Not reachable
ERROR: sendto failed at seqno 3: 101
[CPU0] icmp_sendmsg: ERROR: Not reachable
ERROR: sendto failed at seqno 4: 101
[CPU0] icmp_sendmsg: ERROR: Not reachable
ERROR: sendto failed at seqno 5: 101
[CPU0] icmp_sendmsg: ERROR: Not reachable
ERROR: sendto failed at seqno 6: 101
[CPU0] icmp_sendmsg: ERROR: Not reachable
ERROR: sendto failed at seqno 7: 101
[CPU0] icmp_sendmsg: ERROR: Not reachable
ERROR: sendto failed at seqno 8: 101
[CPU0] icmp_sendmsg: ERROR: Not reachable
ERROR: sendto failed at seqno 9: 101
10 packets transmitted, 0 received, 100% packet loss, time 10100 ms
nsh> [K
nsh> [K
--- CMD: wapi mode wlan0 2 ---
wapi mode wlan0 2
nsh> [K
nsh> [K
--- CMD: wapi psk wlan0 <redacted> 3 ---
wapi psk wlan0 <redacted> 3
nsh> [K
nsh> [K
--- CMD: wapi essid wlan0 <redacted> 1 ---
wapi essid wlan0 <redacted> 1
[CPU0] esp_event_post_wrapper: S31 associated: channel=11 auth=3 bssid=60:ce:41:ab:02:d0
[CPU0] esp_evt_work_cb: S31 driver STA MAC: 30:ed:a0:f3:f7:b0
[CPU0] esp_evt_work_cb: S31 driver power save: ret=0 mode=0
[CPU0] esp_evt_work_cb: S31 driver protocol: ret=0 bitmap=7
[CPU0] esp_evt_work_cb: S31 negotiated PHY: ret=0 mode=4
[CPU0] esp_evt_work_cb: S31 HE SU beamformee disabled: ret=0 value=0
[CPU0] s31_wifi_rx_counters: S31 modem clocks connected: conf1=0038e7ff bb=1 bb80x1=1 bb44=1 mac=1 apb=1 fe160=1 sec=0
[CPU0] s31_wifi_rx_counters: S31 RX counters connected: ret=0 mpdu=43408 data=15993 fcs=25486 abort=10701 full=0 fifo=0 other=42298
[CPU0] s31_wifi_rx_counters: S31 HE counters: power=1023 sigb=0 format=0 unsupported=0 siga=1023 bboff=0 wdg=0
[CPU0] s31_wifi_rx_counters: S31 radio hangs: rx=0 tx=0 flags=00000000 panic=00000000 bf_timeout=0 bf_error=0
[CPU0] s31_wifi_rx_counters: S31 RX errors: ret=0 total=1164 bitmap=1164 tkip=0
[CPU0] s31_wifi_rx_counters: S31 RX types: ret=0 legacy=2057 ht=8035 su=0 ersu=0 mu=0 su_noeb=0 mu_noeb=0 stbc=0 retry=0
[CPU0] s31_wifi_rx_counters: S31 TX stats: ret=0 enable=74099 complete=74099 succ=168133 ack=7363 ba=32732 retry=103208 nomem=0 timeout=0
nsh> [K
nsh> [K
--- CMD: renew wlan0 ---
renew wlan0
nsh> [K
nsh> [K
--- CMD: ping 192.168.1.1 ---
ping 192.168.1.1
PING 192.168.1.1 56 bytes of data
56 bytes from 192.168.1.1: icmp_seq=0 time=30.0 ms
56 bytes from 192.168.1.1: icmp_seq=1 time=20.0 ms
56 bytes from 192.168.1.1: icmp_seq=2 time=20.0 ms
56 bytes from 192.168.1.1: icmp_seq=3 time=40.0 ms
56 bytes from 192.168.1.1: icmp_seq=4 time=30.0 ms
56 bytes from 192.168.1.1: icmp_seq=5 time=30.0 ms
56 bytes from 192.168.1.1: icmp_seq=6 time=20.0 ms
56 bytes from 192.168.1.1: icmp_seq=7 time=30.0 ms
56 bytes from 192.168.1.1: icmp_seq=8 time=30.0 ms
56 bytes from 192.168.1.1: icmp_seq=9 time=20.0 ms
10 packets transmitted, 10 received, 0% packet loss, time 10100 ms
rtt min/avg/max/mdev = 20.000/27.000/40.000/6.403 ms
nsh> [K
nsh> [K
RECONFIGURE_ROUND=44 PASS
--- CMD: ifconfig ---
ifconfig
wlan0	Link encap:Ethernet HWaddr 30:ed:a0:f3:f7:b0 at RUNNING mtu 1500
	inet addr:192.168.1.60 DRaddr:192.168.1.1 Mask:255.255.255.0

nsh> [K
nsh> [K
--- CMD: wapi disconnect wlan0 ---
wapi disconnect wlan0
nsh> [K
nsh> [K
--- CMD: ping 192.168.1.60 ---
ping 192.168.1.60
PING 192.168.1.60 56 bytes of data
[CPU1] icmp_sendmsg: ERROR: Not reachable
ERROR: sendto failed at seqno 0: 101
[CPU0] icmp_sendmsg: ERROR: Not reachable
ERROR: sendto failed at seqno 1: 101
[CPU0] icmp_sendmsg: ERROR: Not reachable
ERROR: sendto failed at seqno 2: 101
[CPU0] icmp_sendmsg: ERROR: Not reachable
ERROR: sendto failed at seqno 3: 101
[CPU0] icmp_sendmsg: ERROR: Not reachable
ERROR: sendto failed at seqno 4: 101
[CPU0] icmp_sendmsg: ERROR: Not reachable
ERROR: sendto failed at seqno 5: 101
[CPU0] icmp_sendmsg: ERROR: Not reachable
ERROR: sendto failed at seqno 6: 101
[CPU0] icmp_sendmsg: ERROR: Not reachable
ERROR: sendto failed at seqno 7: 101
[CPU0] icmp_sendmsg: ERROR: Not reachable
ERROR: sendto failed at seqno 8: 101
[CPU0] icmp_sendmsg: ERROR: Not reachable
ERROR: sendto failed at seqno 9: 101
10 packets transmitted, 0 received, 100% packet loss, time 10100 ms
nsh> [K
nsh> [K
--- CMD: wapi mode wlan0 2 ---
wapi mode wlan0 2
nsh> [K
nsh> [K
--- CMD: wapi psk wlan0 <redacted> 3 ---
wapi psk wlan0 <redacted> 3
nsh> [K
nsh> [K
--- CMD: wapi essid wlan0 <redacted> 1 ---
wapi essid wlan0 <redacted> 1
[CPU0] esp_event_post_wrapper: S31 associated: channel=11 auth=3 bssid=60:ce:41:ab:02:d0
[CPU0] esp_evt_work_cb: S31 driver STA MAC: 30:ed:a0:f3:f7:b0
[CPU0] esp_evt_work_cb: S31 driver power save: ret=0 mode=0
[CPU0] esp_evt_work_cb: S31 driver protocol: ret=0 bitmap=7
[CPU0] esp_evt_work_cb: S31 negotiated PHY: ret=0 mode=4
[CPU0] esp_evt_work_cb: S31 HE SU beamformee disabled: ret=0 value=0
[CPU0] s31_wifi_rx_counters: S31 modem clocks connected: conf1=0038e7ff bb=1 bb80x1=1 bb44=1 mac=1 apb=1 fe160=1 sec=0
[CPU0] s31_wifi_rx_counters: S31 RX counters connected: ret=0 mpdu=4356 data=16062 fcs=27436 abort=20317 full=0 fifo=0 other=49957
[CPU0] s31_wifi_rx_counters: S31 HE counters: power=1023 sigb=0 format=0 unsupported=0 siga=1023 bboff=0 wdg=0
[CPU0] s31_wifi_rx_counters: S31 radio hangs: rx=0 tx=0 flags=00000000 panic=00000000 bf_timeout=0 bf_error=0
[CPU0] s31_wifi_rx_counters: S31 RX errors: ret=0 total=1164 bitmap=1164 tkip=0
[CPU0] s31_wifi_rx_counters: S31 RX types: ret=0 legacy=2084 ht=8053 su=0 ersu=0 mu=0 su_noeb=0 mu_noeb=0 stbc=0 retry=0
[CPU0] s31_wifi_rx_counters: S31 TX stats: ret=0 enable=74140 complete=74140 succ=168152 ack=7372 ba=32742 retry=103226 nomem=0 timeout=0
nsh> [K
nsh> [K
--- CMD: renew wlan0 ---
renew wlan0
nsh> [K
nsh> [K
--- CMD: ping 192.168.1.1 ---
ping 192.168.1.1
PING 192.168.1.1 56 bytes of data
56 bytes from 192.168.1.1: icmp_seq=0 time=20.0 ms
56 bytes from 192.168.1.1: icmp_seq=1 time=50.0 ms
56 bytes from 192.168.1.1: icmp_seq=2 time=30.0 ms
56 bytes from 192.168.1.1: icmp_seq=3 time=20.0 ms
56 bytes from 192.168.1.1: icmp_seq=4 time=30.0 ms
56 bytes from 192.168.1.1: icmp_seq=5 time=20.0 ms
56 bytes from 192.168.1.1: icmp_seq=6 time=30.0 ms
56 bytes from 192.168.1.1: icmp_seq=7 time=100.0 ms
56 bytes from 192.168.1.1: icmp_seq=8 time=30.0 ms
56 bytes from 192.168.1.1: icmp_seq=9 time=30.0 ms
10 packets transmitted, 10 received, 0% packet loss, time 10100 ms
rtt min/avg/max/mdev = 20.000/36.000/100.000/22.891 ms
nsh> [K
nsh> [K
RECONFIGURE_ROUND=45 PASS
--- CMD: ifconfig ---
ifconfig
wlan0	Link encap:Ethernet HWaddr 30:ed:a0:f3:f7:b0 at RUNNING mtu 1500
	inet addr:192.168.1.60 DRaddr:192.168.1.1 Mask:255.255.255.0

nsh> [K
nsh> [K
--- CMD: wapi disconnect wlan0 ---
wapi disconnect wlan0
nsh> [K
nsh> [K
--- CMD: ping 192.168.1.60 ---
ping 192.168.1.60
PING 192.168.1.60 56 bytes of data
[CPU1] icmp_sendmsg: ERROR: Not reachable
ERROR: sendto failed at seqno 0: 101
[CPU0] icmp_sendmsg: ERROR: Not reachable
ERROR: sendto failed at seqno 1: 101
[CPU0] icmp_sendmsg: ERROR: Not reachable
ERROR: sendto failed at seqno 2: 101
[CPU0] icmp_sendmsg: ERROR: Not reachable
ERROR: sendto failed at seqno 3: 101
[CPU0] icmp_sendmsg: ERROR: Not reachable
ERROR: sendto failed at seqno 4: 101
[CPU0] icmp_sendmsg: ERROR: Not reachable
ERROR: sendto failed at seqno 5: 101
[CPU0] icmp_sendmsg: ERROR: Not reachable
ERROR: sendto failed at seqno 6: 101
[CPU0] icmp_sendmsg: ERROR: Not reachable
ERROR: sendto failed at seqno 7: 101
[CPU0] icmp_sendmsg: ERROR: Not reachable
ERROR: sendto failed at seqno 8: 101
[CPU0] icmp_sendmsg: ERROR: Not reachable
ERROR: sendto failed at seqno 9: 101
10 packets transmitted, 0 received, 100% packet loss, time 10100 ms
nsh> [K
nsh> [K
--- CMD: wapi mode wlan0 2 ---
wapi mode wlan0 2
nsh> [K
nsh> [K
--- CMD: wapi psk wlan0 <redacted> 3 ---
wapi psk wlan0 <redacted> 3
nsh> [K
nsh> [K
--- CMD: wapi essid wlan0 <redacted> 1 ---
wapi essid wlan0 <redacted> 1
[CPU0] esp_event_post_wrapper: S31 associated: channel=11 auth=3 bssid=7c:39:85:2a:50:04
[CPU1] esp_evt_work_cb: S31 driver STA MAC: 30:ed:a0:f3:f7:b0
[CPU1] esp_evt_work_cb: S31 driver power save: ret=0 mode=0
[CPU0] esp_evt_work_cb: S31 driver protocol: ret=0 bitmap=7
[CPU0] esp_evt_work_cb: S31 negotiated PHY: ret=0 mode=4
[CPU0] esp_evt_work_cb: S31 HE SU beamformee disabled: ret=0 value=0
[CPU0] s31_wifi_rx_counters: S31 modem clocks connected: conf1=0038e7ff bb=1 bb80x1=1 bb44=1 mac=1 apb=1 fe160=1 sec=0
[CPU0] s31_wifi_rx_counters: S31 RX counters connected: ret=0 mpdu=33259 data=16107 fcs=30177 abort=31524 full=0 fifo=0 other=59006
[CPU0] s31_wifi_rx_counters: S31 HE counters: power=1023 sigb=0 format=0 unsupported=0 siga=1023 bboff=0 wdg=0
[CPU0] s31_wifi_rx_counters: S31 radio hangs: rx=0 tx=0 flags=00000000 panic=00000000 bf_timeout=0 bf_error=0
[CPU0] s31_wifi_rx_counters: S31 RX errors: ret=0 total=1164 bitmap=1164 tkip=0
[CPU0] s31_wifi_rx_counters: S31 RX types: ret=0 legacy=2096 ht=8063 su=0 ersu=0 mu=0 su_noeb=0 mu_noeb=0 stbc=0 retry=0
[CPU0] s31_wifi_rx_counters: S31 TX stats: ret=0 enable=74187 complete=74187 succ=168168 ack=7378 ba=32752 retry=103238 nomem=0 timeout=0
nsh> [K
nsh> [K
--- CMD: renew wlan0 ---
renew wlan0
nsh> [K
nsh> [K
--- CMD: ping 192.168.1.1 ---
ping 192.168.1.1
PING 192.168.1.1 56 bytes of data
56 bytes from 192.168.1.1: icmp_seq=0 time=20.0 ms
56 bytes from 192.168.1.1: icmp_seq=1 time=20.0 ms
56 bytes from 192.168.1.1: icmp_seq=2 time=30.0 ms
56 bytes from 192.168.1.1: icmp_seq=3 time=20.0 ms
56 bytes from 192.168.1.1: icmp_seq=4 time=20.0 ms
56 bytes from 192.168.1.1: icmp_seq=5 time=20.0 ms
56 bytes from 192.168.1.1: icmp_seq=6 time=40.0 ms
56 bytes from 192.168.1.1: icmp_seq=7 time=20.0 ms
56 bytes from 192.168.1.1: icmp_seq=8 time=20.0 ms
56 bytes from 192.168.1.1: icmp_seq=9 time=90.0 ms
10 packets transmitted, 10 received, 0% packet loss, time 10100 ms
rtt min/avg/max/mdev = 20.000/30.000/90.000/20.976 ms
nsh> [K
nsh> [K
RECONFIGURE_ROUND=46 PASS
--- CMD: ifconfig ---
ifconfig
wlan0	Link encap:Ethernet HWaddr 30:ed:a0:f3:f7:b0 at RUNNING mtu 1500
	inet addr:192.168.1.60 DRaddr:192.168.1.1 Mask:255.255.255.0

nsh> [K
nsh> [K
--- CMD: wapi disconnect wlan0 ---
wapi disconnect wlan0
nsh> [K
nsh> [K
--- CMD: ping 192.168.1.60 ---
ping 192.168.1.60
PING 192.168.1.60 56 bytes of data
[CPU1] icmp_sendmsg: ERROR: Not reachable
ERROR: sendto failed at seqno 0: 101
[CPU0] icmp_sendmsg: ERROR: Not reachable
ERROR: sendto failed at seqno 1: 101
[CPU0] icmp_sendmsg: ERROR: Not reachable
ERROR: sendto failed at seqno 2: 101
[CPU0] icmp_sendmsg: ERROR: Not reachable
ERROR: sendto failed at seqno 3: 101
[CPU0] icmp_sendmsg: ERROR: Not reachable
ERROR: sendto failed at seqno 4: 101
[CPU0] icmp_sendmsg: ERROR: Not reachable
ERROR: sendto failed at seqno 5: 101
[CPU0] icmp_sendmsg: ERROR: Not reachable
ERROR: sendto failed at seqno 6: 101
[CPU0] icmp_sendmsg: ERROR: Not reachable
ERROR: sendto failed at seqno 7: 101
[CPU0] icmp_sendmsg: ERROR: Not reachable
ERROR: sendto failed at seqno 8: 101
[CPU0] icmp_sendmsg: ERROR: Not reachable
ERROR: sendto failed at seqno 9: 101
10 packets transmitted, 0 received, 100% packet loss, time 10100 ms
nsh> [K
nsh> [K
--- CMD: wapi mode wlan0 2 ---
wapi mode wlan0 2
nsh> [K
nsh> [K
--- CMD: wapi psk wlan0 <redacted> 3 ---
wapi psk wlan0 <redacted> 3
nsh> [K
nsh> [K
--- CMD: wapi essid wlan0 <redacted> 1 ---
wapi essid wlan0 <redacted> 1
[CPU0] esp_event_post_wrapper: S31 associated: channel=11 auth=3 bssid=7c:39:85:2a:50:04
[CPU1] esp_evt_work_cb: S31 driver STA MAC: 30:ed:a0:f3:f7:b0
[CPU1] esp_evt_work_cb: S31 driver power save: ret=0 mode=0
[CPU0] esp_evt_work_cb: S31 driver protocol: ret=0 bitmap=7
[CPU0] esp_evt_work_cb: S31 negotiated PHY: ret=0 mode=4
[CPU0] esp_evt_work_cb: S31 HE SU beamformee disabled: ret=0 value=0
[CPU0] s31_wifi_rx_counters: S31 modem clocks connected: conf1=0038e7ff bb=1 bb80x1=1 bb44=1 mac=1 apb=1 fe160=1 sec=0
[CPU0] s31_wifi_rx_counters: S31 RX counters connected: ret=0 mpdu=1622 data=16230 fcs=32266 abort=39797 full=1 fifo=0 other=29
[CPU0] s31_wifi_rx_counters: S31 HE counters: power=1023 sigb=0 format=0 unsupported=0 siga=1023 bboff=0 wdg=0
[CPU0] s31_wifi_rx_counters: S31 radio hangs: rx=0 tx=0 flags=00000000 panic=00000000 bf_timeout=0 bf_error=0
[CPU0] s31_wifi_rx_counters: S31 RX errors: ret=0 total=1164 bitmap=1164 tkip=0
[CPU0] s31_wifi_rx_counters: S31 RX types: ret=0 legacy=2157 ht=8075 su=0 ersu=0 mu=0 su_noeb=0 mu_noeb=0 stbc=0 retry=0
[CPU0] s31_wifi_rx_counters: S31 TX stats: ret=0 enable=74212 complete=74212 succ=168182 ack=7382 ba=32762 retry=103246 nomem=0 timeout=0
nsh> [K
nsh> [K
--- CMD: renew wlan0 ---
renew wlan0
nsh> [K
nsh> [K
--- CMD: ping 192.168.1.1 ---
ping 192.168.1.1
PING 192.168.1.1 56 bytes of data
56 bytes from 192.168.1.1: icmp_seq=0 time=40.0 ms
56 bytes from 192.168.1.1: icmp_seq=1 time=20.0 ms
56 bytes from 192.168.1.1: icmp_seq=2 time=40.0 ms
56 bytes from 192.168.1.1: icmp_seq=3 time=50.0 ms
56 bytes from 192.168.1.1: icmp_seq=4 time=40.0 ms
56 bytes from 192.168.1.1: icmp_seq=5 time=120.0 ms
56 bytes from 192.168.1.1: icmp_seq=6 time=60.0 ms
56 bytes from 192.168.1.1: icmp_seq=7 time=30.0 ms
56 bytes from 192.168.1.1: icmp_seq=8 time=30.0 ms
56 bytes from 192.168.1.1: icmp_seq=9 time=30.0 ms
10 packets transmitted, 10 received, 0% packet loss, time 10100 ms
rtt min/avg/max/mdev = 20.000/46.000/120.000/26.907 ms
nsh> [K
nsh> [K
RECONFIGURE_ROUND=47 PASS
--- CMD: ifconfig ---
ifconfig
wlan0	Link encap:Ethernet HWaddr 30:ed:a0:f3:f7:b0 at RUNNING mtu 1500
	inet addr:192.168.1.60 DRaddr:192.168.1.1 Mask:255.255.255.0

nsh> [K
nsh> [K
--- CMD: wapi disconnect wlan0 ---
wapi disconnect wlan0
nsh> [K
nsh> [K
--- CMD: ping 192.168.1.60 ---
ping 192.168.1.60
PING 192.168.1.60 56 bytes of data
[CPU1] icmp_sendmsg: ERROR: Not reachable
ERROR: sendto failed at seqno 0: 101
[CPU0] icmp_sendmsg: ERROR: Not reachable
ERROR: sendto failed at seqno 1: 101
[CPU0] icmp_sendmsg: ERROR: Not reachable
ERROR: sendto failed at seqno 2: 101
[CPU0] icmp_sendmsg: ERROR: Not reachable
ERROR: sendto failed at seqno 3: 101
[CPU0] icmp_sendmsg: ERROR: Not reachable
ERROR: sendto failed at seqno 4: 101
[CPU0] icmp_sendmsg: ERROR: Not reachable
ERROR: sendto failed at seqno 5: 101
[CPU0] icmp_sendmsg: ERROR: Not reachable
ERROR: sendto failed at seqno 6: 101
[CPU0] icmp_sendmsg: ERROR: Not reachable
ERROR: sendto failed at seqno 7: 101
[CPU0] icmp_sendmsg: ERROR: Not reachable
ERROR: sendto failed at seqno 8: 101
[CPU0] icmp_sendmsg: ERROR: Not reachable
ERROR: sendto failed at seqno 9: 101
10 packets transmitted, 0 received, 100% packet loss, time 10100 ms
nsh> [K
nsh> [K
--- CMD: wapi mode wlan0 2 ---
wapi mode wlan0 2
nsh> [K
nsh> [K
--- CMD: wapi psk wlan0 <redacted> 3 ---
wapi psk wlan0 <redacted> 3
nsh> [K
nsh> [K
--- CMD: wapi essid wlan0 <redacted> 1 ---
wapi essid wlan0 <redacted> 1
[CPU0] esp_event_post_wrapper: S31 associated: channel=11 auth=3 bssid=60:ce:41:ab:02:d0
[CPU1] esp_evt_work_cb: S31 driver STA MAC: 30:ed:a0:f3:f7:b0
[CPU1] esp_evt_work_cb: S31 driver power save: ret=0 mode=0
[CPU0] esp_evt_work_cb: S31 driver protocol: ret=0 bitmap=7
[CPU0] esp_evt_work_cb: S31 negotiated PHY: ret=0 mode=4
[CPU0] esp_evt_work_cb: S31 HE SU beamformee disabled: ret=0 value=0
[CPU0] s31_wifi_rx_counters: S31 modem clocks connected: conf1=0038e7ff bb=1 bb80x1=1 bb44=1 mac=1 apb=1 fe160=1 sec=0
[CPU0] s31_wifi_rx_counters: S31 RX counters connected: ret=0 mpdu=48281 data=16397 fcs=35273 abort=55693 full=413 fifo=0 other=13578
[CPU0] s31_wifi_rx_counters: S31 HE counters: power=1023 sigb=0 format=0 unsupported=0 siga=1023 bboff=0 wdg=0
[CPU0] s31_wifi_rx_counters: S31 radio hangs: rx=0 tx=0 flags=00000000 panic=00000000 bf_timeout=0 bf_error=0
[CPU0] s31_wifi_rx_counters: S31 RX errors: ret=0 total=1164 bitmap=1164 tkip=0
[CPU0] s31_wifi_rx_counters: S31 RX types: ret=0 legacy=2275 ht=8088 su=0 ersu=0 mu=0 su_noeb=0 mu_noeb=0 stbc=0 retry=0
[CPU0] s31_wifi_rx_counters: S31 TX stats: ret=0 enable=74259 complete=74259 succ=168201 ack=7391 ba=32772 retry=103264 nomem=0 timeout=0
nsh> [K
nsh> [K
--- CMD: renew wlan0 ---
renew wlan0
nsh> [K
nsh> [K
--- CMD: ping 192.168.1.1 ---
ping 192.168.1.1
PING 192.168.1.1 56 bytes of data
56 bytes from 192.168.1.1: icmp_seq=0 time=40.0 ms
56 bytes from 192.168.1.1: icmp_seq=1 time=30.0 ms
56 bytes from 192.168.1.1: icmp_seq=2 time=60.0 ms
56 bytes from 192.168.1.1: icmp_seq=3 time=20.0 ms
56 bytes from 192.168.1.1: icmp_seq=4 time=20.0 ms
56 bytes from 192.168.1.1: icmp_seq=5 time=30.0 ms
56 bytes from 192.168.1.1: icmp_seq=6 time=20.0 ms
56 bytes from 192.168.1.1: icmp_seq=7 time=70.0 ms
56 bytes from 192.168.1.1: icmp_seq=8 time=40.0 ms
56 bytes from 192.168.1.1: icmp_seq=9 time=20.0 ms
10 packets transmitted, 10 received, 0% packet loss, time 10100 ms
rtt min/avg/max/mdev = 20.000/35.000/70.000/16.881 ms
nsh> [K
nsh> [K
RECONFIGURE_ROUND=48 PASS
--- CMD: ifconfig ---
ifconfig
wlan0	Link encap:Ethernet HWaddr 30:ed:a0:f3:f7:b0 at RUNNING mtu 1500
	inet addr:192.168.1.60 DRaddr:192.168.1.1 Mask:255.255.255.0

nsh> [K
nsh> [K
--- CMD: wapi disconnect wlan0 ---
wapi disconnect wlan0
nsh> [K
nsh> [K
--- CMD: ping 192.168.1.60 ---
ping 192.168.1.60
PING 192.168.1.60 56 bytes of data
[CPU1] icmp_sendmsg: ERROR: Not reachable
ERROR: sendto failed at seqno 0: 101
[CPU0] icmp_sendmsg: ERROR: Not reachable
ERROR: sendto failed at seqno 1: 101
[CPU0] icmp_sendmsg: ERROR: Not reachable
ERROR: sendto failed at seqno 2: 101
[CPU0] icmp_sendmsg: ERROR: Not reachable
ERROR: sendto failed at seqno 3: 101
[CPU0] icmp_sendmsg: ERROR: Not reachable
ERROR: sendto failed at seqno 4: 101
[CPU0] icmp_sendmsg: ERROR: Not reachable
ERROR: sendto failed at seqno 5: 101
[CPU0] icmp_sendmsg: ERROR: Not reachable
ERROR: sendto failed at seqno 6: 101
[CPU0] icmp_sendmsg: ERROR: Not reachable
ERROR: sendto failed at seqno 7: 101
[CPU0] icmp_sendmsg: ERROR: Not reachable
ERROR: sendto failed at seqno 8: 101
[CPU0] icmp_sendmsg: ERROR: Not reachable
ERROR: sendto failed at seqno 9: 101
10 packets transmitted, 0 received, 100% packet loss, time 10100 ms
nsh> [K
nsh> [K
--- CMD: wapi mode wlan0 2 ---
wapi mode wlan0 2
nsh> [K
nsh> [K
--- CMD: wapi psk wlan0 <redacted> 3 ---
wapi psk wlan0 <redacted> 3
nsh> [K
nsh> [K
--- CMD: wapi essid wlan0 <redacted> 1 ---
wapi essid wlan0 <redacted> 1
[CPU0] esp_event_post_wrapper: Station disconnected: reason=4 rssi=-65
[CPU0] esp_event_post_wrapper: S31 associated: channel=11 auth=3 bssid=7c:39:85:2a:50:04
[CPU1] esp_evt_work_cb: S31 driver STA MAC: 30:ed:a0:f3:f7:b0
[CPU1] esp_evt_work_cb: S31 driver power save: ret=0 mode=0
[CPU0] esp_evt_work_cb: S31 driver protocol: ret=0 bitmap=7
[CPU0] esp_evt_work_cb: S31 negotiated PHY: ret=0 mode=4
[CPU0] esp_evt_work_cb: S31 HE SU beamformee disabled: ret=0 value=0
[CPU0] s31_wifi_rx_counters: S31 modem clocks connected: conf1=0038e7ff bb=1 bb80x1=1 bb44=1 mac=1 apb=1 fe160=1 sec=0
[CPU0] s31_wifi_rx_counters: S31 RX counters connected: ret=0 mpdu=21038 data=16451 fcs=37648 abort=1130 full=413 fifo=0 other=22704
[CPU0] s31_wifi_rx_counters: S31 HE counters: power=1023 sigb=0 format=0 unsupported=0 siga=1023 bboff=0 wdg=0
[CPU0] s31_wifi_rx_counters: S31 radio hangs: rx=0 tx=0 flags=00000000 panic=00000000 bf_timeout=0 bf_error=0
[CPU0] s31_wifi_rx_counters: S31 RX errors: ret=0 total=1165 bitmap=1165 tkip=0
[CPU0] s31_wifi_rx_counters: S31 RX types: ret=0 legacy=2286 ht=8101 su=0 ersu=0 mu=0 su_noeb=0 mu_noeb=0 stbc=0 retry=0
[CPU0] s31_wifi_rx_counters: S31 TX stats: ret=0 enable=74292 complete=74292 succ=168218 ack=7398 ba=32782 retry=103278 nomem=0 timeout=0
nsh> [K
nsh> [K
--- CMD: renew wlan0 ---
renew wlan0
nsh> [K
nsh> [K
--- CMD: ping 192.168.1.1 ---
ping 192.168.1.1
PING 192.168.1.1 56 bytes of data
56 bytes from 192.168.1.1: icmp_seq=0 time=30.0 ms
56 bytes from 192.168.1.1: icmp_seq=1 time=20.0 ms
56 bytes from 192.168.1.1: icmp_seq=2 time=30.0 ms
56 bytes from 192.168.1.1: icmp_seq=3 time=30.0 ms
56 bytes from 192.168.1.1: icmp_seq=4 time=30.0 ms
56 bytes from 192.168.1.1: icmp_seq=5 time=30.0 ms
56 bytes from 192.168.1.1: icmp_seq=6 time=40.0 ms
56 bytes from 192.168.1.1: icmp_seq=7 time=20.0 ms
56 bytes from 192.168.1.1: icmp_seq=8 time=20.0 ms
56 bytes from 192.168.1.1: icmp_seq=9 time=50.0 ms
10 packets transmitted, 10 received, 0% packet loss, time 10100 ms
rtt min/avg/max/mdev = 20.000/30.000/50.000/8.944 ms
nsh> [K
nsh> [K
RECONFIGURE_ROUND=49 PASS
--- CMD: ifconfig ---
ifconfig
wlan0	Link encap:Ethernet HWaddr 30:ed:a0:f3:f7:b0 at RUNNING mtu 1500
	inet addr:192.168.1.60 DRaddr:192.168.1.1 Mask:255.255.255.0

nsh> [K
nsh> [K
--- CMD: wapi disconnect wlan0 ---
wapi disconnect wlan0
nsh> [K
nsh> [K
--- CMD: ping 192.168.1.60 ---
ping 192.168.1.60
PING 192.168.1.60 56 bytes of data
[CPU1] icmp_sendmsg: ERROR: Not reachable
ERROR: sendto failed at seqno 0: 101
[CPU0] icmp_sendmsg: ERROR: Not reachable
ERROR: sendto failed at seqno 1: 101
[CPU0] icmp_sendmsg: ERROR: Not reachable
ERROR: sendto failed at seqno 2: 101
[CPU0] icmp_sendmsg: ERROR: Not reachable
ERROR: sendto failed at seqno 3: 101
[CPU0] icmp_sendmsg: ERROR: Not reachable
ERROR: sendto failed at seqno 4: 101
[CPU0] icmp_sendmsg: ERROR: Not reachable
ERROR: sendto failed at seqno 5: 101
[CPU0] icmp_sendmsg: ERROR: Not reachable
ERROR: sendto failed at seqno 6: 101
[CPU0] icmp_sendmsg: ERROR: Not reachable
ERROR: sendto failed at seqno 7: 101
[CPU0] icmp_sendmsg: ERROR: Not reachable
ERROR: sendto failed at seqno 8: 101
[CPU0] icmp_sendmsg: ERROR: Not reachable
ERROR: sendto failed at seqno 9: 101
10 packets transmitted, 0 received, 100% packet loss, time 10100 ms
nsh> [K
nsh> [K
--- CMD: wapi mode wlan0 2 ---
wapi mode wlan0 2
nsh> [K
nsh> [K
--- CMD: wapi psk wlan0 <redacted> 3 ---
wapi psk wlan0 <redacted> 3
nsh> [K
nsh> [K
--- CMD: wapi essid wlan0 <redacted> 1 ---
wapi essid wlan0 <redacted> 1
[CPU0] esp_event_post_wrapper: S31 associated: channel=11 auth=3 bssid=7c:39:85:2a:50:04
[CPU0] esp_evt_work_cb: S31 driver STA MAC: 30:ed:a0:f3:f7:b0
[CPU0] esp_evt_work_cb: S31 driver power save: ret=0 mode=0
[CPU0] esp_evt_work_cb: S31 driver protocol: ret=0 bitmap=7
[CPU0] esp_evt_work_cb: S31 negotiated PHY: ret=0 mode=4
[CPU0] esp_evt_work_cb: S31 HE SU beamformee disabled: ret=0 value=0
[CPU0] s31_wifi_rx_counters: S31 modem clocks connected: conf1=0038e7ff bb=1 bb80x1=1 bb44=1 mac=1 apb=1 fe160=1 sec=0
[CPU0] s31_wifi_rx_counters: S31 RX counters connected: ret=0 mpdu=59974 data=16510 fcs=40844 abort=13664 full=413 fifo=0 other=33127
[CPU0] s31_wifi_rx_counters: S31 HE counters: power=1023 sigb=0 format=0 unsupported=0 siga=1023 bboff=0 wdg=0
[CPU0] s31_wifi_rx_counters: S31 radio hangs: rx=0 tx=0 flags=00000000 panic=00000000 bf_timeout=0 bf_error=0
[CPU0] s31_wifi_rx_counters: S31 RX errors: ret=0 total=1165 bitmap=1165 tkip=0
[CPU0] s31_wifi_rx_counters: S31 RX types: ret=0 legacy=2310 ht=8118 su=0 ersu=0 mu=0 su_noeb=0 mu_noeb=0 stbc=0 retry=0
[CPU0] s31_wifi_rx_counters: S31 TX stats: ret=0 enable=74316 complete=74316 succ=168233 ack=7402 ba=32793 retry=103286 nomem=0 timeout=0
nsh> [K
nsh> [K
--- CMD: renew wlan0 ---
renew wlan0
nsh> [K
nsh> [K
--- CMD: ping 192.168.1.1 ---
ping 192.168.1.1
PING 192.168.1.1 56 bytes of data
56 bytes from 192.168.1.1: icmp_seq=0 time=40.0 ms
56 bytes from 192.168.1.1: icmp_seq=1 time=20.0 ms
56 bytes from 192.168.1.1: icmp_seq=2 time=40.0 ms
56 bytes from 192.168.1.1: icmp_seq=3 time=90.0 ms
56 bytes from 192.168.1.1: icmp_seq=4 time=20.0 ms
56 bytes from 192.168.1.1: icmp_seq=5 time=40.0 ms
56 bytes from 192.168.1.1: icmp_seq=6 time=30.0 ms
56 bytes from 192.168.1.1: icmp_seq=7 time=20.0 ms
56 bytes from 192.168.1.1: icmp_seq=8 time=20.0 ms
56 bytes from 192.168.1.1: icmp_seq=9 time=30.0 ms
10 packets transmitted, 10 received, 0% packet loss, time 10100 ms
rtt min/avg/max/mdev = 20.000/35.000/90.000/20.124 ms
nsh> [K
nsh> [K
RECONFIGURE_ROUND=50 PASS
--- CMD: ifconfig ---
ifconfig
wlan0	Link encap:Ethernet HWaddr 30:ed:a0:f3:f7:b0 at RUNNING mtu 1500
	inet addr:192.168.1.60 DRaddr:192.168.1.1 Mask:255.255.255.0

nsh> [K
nsh> [K
--- CMD: wapi disconnect wlan0 ---
wapi disconnect wlan0
nsh> [K
nsh> [K
--- CMD: ping 192.168.1.60 ---
ping 192.168.1.60
PING 192.168.1.60 56 bytes of data
[CPU1] icmp_sendmsg: ERROR: Not reachable
ERROR: sendto failed at seqno 0: 101
[CPU0] icmp_sendmsg: ERROR: Not reachable
ERROR: sendto failed at seqno 1: 101
[CPU0] icmp_sendmsg: ERROR: Not reachable
ERROR: sendto failed at seqno 2: 101
[CPU0] icmp_sendmsg: ERROR: Not reachable
ERROR: sendto failed at seqno 3: 101
[CPU0] icmp_sendmsg: ERROR: Not reachable
ERROR: sendto failed at seqno 4: 101
[CPU0] icmp_sendmsg: ERROR: Not reachable
ERROR: sendto failed at seqno 5: 101
[CPU0] icmp_sendmsg: ERROR: Not reachable
ERROR: sendto failed at seqno 6: 101
[CPU0] icmp_sendmsg: ERROR: Not reachable
ERROR: sendto failed at seqno 7: 101
[CPU0] icmp_sendmsg: ERROR: Not reachable
ERROR: sendto failed at seqno 8: 101
[CPU0] icmp_sendmsg: ERROR: Not reachable
ERROR: sendto failed at seqno 9: 101
10 packets transmitted, 0 received, 100% packet loss, time 10100 ms
nsh> [K
nsh> [K
--- CMD: wapi mode wlan0 2 ---
wapi mode wlan0 2
nsh> [K
nsh> [K
--- CMD: wapi psk wlan0 <redacted> 3 ---
wapi psk wlan0 <redacted> 3
nsh> [K
nsh> [K
--- CMD: wapi essid wlan0 <redacted> 1 ---
wapi essid wlan0 <redacted> 1
[CPU0] esp_event_post_wrapper: S31 associated: channel=11 auth=3 bssid=7c:39:85:2a:50:04
[CPU0] esp_evt_work_cb: S31 driver STA MAC: 30:ed:a0:f3:f7:b0
[CPU0] esp_evt_work_cb: S31 driver power save: ret=0 mode=0
[CPU0] esp_evt_work_cb: S31 driver protocol: ret=0 bitmap=7
[CPU0] esp_evt_work_cb: S31 negotiated PHY: ret=0 mode=4
[CPU0] esp_evt_work_cb: S31 HE SU beamformee disabled: ret=0 value=0
[CPU0] s31_wifi_rx_counters: S31 modem clocks connected: conf1=0038e7ff bb=1 bb80x1=1 bb44=1 mac=1 apb=1 fe160=1 sec=0
[CPU0] s31_wifi_rx_counters: S31 RX counters connected: ret=0 mpdu=32137 data=16577 fcs=43495 abort=25031 full=413 fifo=0 other=42575
[CPU0] s31_wifi_rx_counters: S31 HE counters: power=1023 sigb=0 format=0 unsupported=0 siga=1023 bboff=0 wdg=0
[CPU0] s31_wifi_rx_counters: S31 radio hangs: rx=0 tx=0 flags=00000000 panic=00000000 bf_timeout=0 bf_error=0
[CPU0] s31_wifi_rx_counters: S31 RX errors: ret=0 total=1165 bitmap=1165 tkip=0
[CPU0] s31_wifi_rx_counters: S31 RX types: ret=0 legacy=2337 ht=8132 su=0 ersu=0 mu=0 su_noeb=0 mu_noeb=0 stbc=0 retry=0
[CPU0] s31_wifi_rx_counters: S31 TX stats: ret=0 enable=74349 complete=74349 succ=168251 ack=7408 ba=32805 retry=103298 nomem=0 timeout=0
nsh> [K
nsh> [K
--- CMD: renew wlan0 ---
renew wlan0
nsh> [K
nsh> [K
--- CMD: ping 192.168.1.1 ---
ping 192.168.1.1
PING 192.168.1.1 56 bytes of data
56 bytes from 192.168.1.1: icmp_seq=0 time=110.0 ms
56 bytes from 192.168.1.1: icmp_seq=1 time=20.0 ms
56 bytes from 192.168.1.1: icmp_seq=2 time=20.0 ms
56 bytes from 192.168.1.1: icmp_seq=3 time=20.0 ms
56 bytes from 192.168.1.1: icmp_seq=4 time=110.0 ms
56 bytes from 192.168.1.1: icmp_seq=5 time=20.0 ms
56 bytes from 192.168.1.1: icmp_seq=6 time=20.0 ms
56 bytes from 192.168.1.1: icmp_seq=7 time=30.0 ms
56 bytes from 192.168.1.1: icmp_seq=8 time=20.0 ms
56 bytes from 192.168.1.1: icmp_seq=9 time=30.0 ms
10 packets transmitted, 10 received, 0% packet loss, time 10100 ms
rtt min/avg/max/mdev = 20.000/40.000/110.000/35.213 ms
nsh> [K
nsh> [K
RECONFIGURE_ROUND=51 PASS
--- CMD: ifconfig ---
ifconfig
wlan0	Link encap:Ethernet HWaddr 30:ed:a0:f3:f7:b0 at RUNNING mtu 1500
	inet addr:192.168.1.60 DRaddr:192.168.1.1 Mask:255.255.255.0

nsh> [K
nsh> [K
--- CMD: wapi disconnect wlan0 ---
wapi disconnect wlan0
nsh> [K
nsh> [K
--- CMD: ping 192.168.1.60 ---
ping 192.168.1.60
PING 192.168.1.60 56 bytes of data
[CPU1] icmp_sendmsg: ERROR: Not reachable
ERROR: sendto failed at seqno 0: 101
[CPU0] icmp_sendmsg: ERROR: Not reachable
ERROR: sendto failed at seqno 1: 101
[CPU0] icmp_sendmsg: ERROR: Not reachable
ERROR: sendto failed at seqno 2: 101
[CPU0] icmp_sendmsg: ERROR: Not reachable
ERROR: sendto failed at seqno 3: 101
[CPU0] icmp_sendmsg: ERROR: Not reachable
ERROR: sendto failed at seqno 4: 101
[CPU0] icmp_sendmsg: ERROR: Not reachable
ERROR: sendto failed at seqno 5: 101
[CPU0] icmp_sendmsg: ERROR: Not reachable
ERROR: sendto failed at seqno 6: 101
[CPU0] icmp_sendmsg: ERROR: Not reachable
ERROR: sendto failed at seqno 7: 101
[CPU0] icmp_sendmsg: ERROR: Not reachable
ERROR: sendto failed at seqno 8: 101
[CPU0] icmp_sendmsg: ERROR: Not reachable
ERROR: sendto failed at seqno 9: 101
10 packets transmitted, 0 received, 100% packet loss, time 10100 ms
nsh> [K
nsh> [K
--- CMD: wapi mode wlan0 2 ---
wapi mode wlan0 2
nsh> [K
nsh> [K
--- CMD: wapi psk wlan0 <redacted> 3 ---
wapi psk wlan0 <redacted> 3
nsh> [K
nsh> [K
--- CMD: wapi essid wlan0 <redacted> 1 ---
wapi essid wlan0 <redacted> 1
[CPU0] esp_event_post_wrapper: S31 associated: channel=11 auth=3 bssid=7c:39:85:2a:50:04
[CPU1] esp_evt_work_cb: S31 driver STA MAC: 30:ed:a0:f3:f7:b0
[CPU1] esp_evt_work_cb: S31 driver power save: ret=0 mode=0
[CPU0] esp_evt_work_cb: S31 driver protocol: ret=0 bitmap=7
[CPU0] esp_evt_work_cb: S31 negotiated PHY: ret=0 mode=4
[CPU0] esp_evt_work_cb: S31 HE SU beamformee disabled: ret=0 value=0
[CPU0] s31_wifi_rx_counters: S31 modem clocks connected: conf1=0038e7ff bb=1 bb80x1=1 bb44=1 mac=1 apb=1 fe160=1 sec=0
[CPU0] s31_wifi_rx_counters: S31 RX counters connected: ret=0 mpdu=65309 data=16643 fcs=45799 abort=33322 full=413 fifo=0 other=49122
[CPU0] s31_wifi_rx_counters: S31 HE counters: power=1023 sigb=0 format=0 unsupported=0 siga=1023 bboff=0 wdg=0
[CPU0] s31_wifi_rx_counters: S31 radio hangs: rx=0 tx=0 flags=00000000 panic=00000000 bf_timeout=0 bf_error=0
[CPU0] s31_wifi_rx_counters: S31 RX errors: ret=0 total=1165 bitmap=1165 tkip=0
[CPU0] s31_wifi_rx_counters: S31 RX types: ret=0 legacy=2369 ht=8146 su=0 ersu=0 mu=0 su_noeb=0 mu_noeb=0 stbc=0 retry=0
[CPU0] s31_wifi_rx_counters: S31 TX stats: ret=0 enable=74391 complete=74391 succ=168269 ack=7415 ba=32816 retry=103311 nomem=0 timeout=0
nsh> [K
nsh> [K
--- CMD: renew wlan0 ---
renew wlan0
nsh> [K
nsh> [K
--- CMD: ping 192.168.1.1 ---
ping 192.168.1.1
PING 192.168.1.1 56 bytes of data
56 bytes from 192.168.1.1: icmp_seq=0 time=20.0 ms
56 bytes from 192.168.1.1: icmp_seq=1 time=40.0 ms
56 bytes from 192.168.1.1: icmp_seq=2 time=20.0 ms
56 bytes from 192.168.1.1: icmp_seq=3 time=30.0 ms
56 bytes from 192.168.1.1: icmp_seq=4 time=30.0 ms
56 bytes from 192.168.1.1: icmp_seq=5 time=30.0 ms
56 bytes from 192.168.1.1: icmp_seq=6 time=20.0 ms
56 bytes from 192.168.1.1: icmp_seq=7 time=20.0 ms
56 bytes from 192.168.1.1: icmp_seq=8 time=20.0 ms
56 bytes from 192.168.1.1: icmp_seq=9 time=70.0 ms
10 packets transmitted, 10 received, 0% packet loss, time 10100 ms
rtt min/avg/max/mdev = 20.000/30.000/70.000/14.832 ms
nsh> [K
nsh> [K
RECONFIGURE_ROUND=52 PASS
--- CMD: ifconfig ---
ifconfig
wlan0	Link encap:Ethernet HWaddr 30:ed:a0:f3:f7:b0 at RUNNING mtu 1500
	inet addr:192.168.1.60 DRaddr:192.168.1.1 Mask:255.255.255.0

nsh> [K
nsh> [K
--- CMD: wapi disconnect wlan0 ---
wapi disconnect wlan0
nsh> [K
nsh> [K
--- CMD: ping 192.168.1.60 ---
ping 192.168.1.60
PING 192.168.1.60 56 bytes of data
[CPU1] icmp_sendmsg: ERROR: Not reachable
ERROR: sendto failed at seqno 0: 101
[CPU0] icmp_sendmsg: ERROR: Not reachable
ERROR: sendto failed at seqno 1: 101
[CPU0] icmp_sendmsg: ERROR: Not reachable
ERROR: sendto failed at seqno 2: 101
[CPU0] icmp_sendmsg: ERROR: Not reachable
ERROR: sendto failed at seqno 3: 101
[CPU0] icmp_sendmsg: ERROR: Not reachable
ERROR: sendto failed at seqno 4: 101
[CPU0] icmp_sendmsg: ERROR: Not reachable
ERROR: sendto failed at seqno 5: 101
[CPU0] icmp_sendmsg: ERROR: Not reachable
ERROR: sendto failed at seqno 6: 101
[CPU0] icmp_sendmsg: ERROR: Not reachable
ERROR: sendto failed at seqno 7: 101
[CPU0] icmp_sendmsg: ERROR: Not reachable
ERROR: sendto failed at seqno 8: 101
[CPU0] icmp_sendmsg: ERROR: Not reachable
ERROR: sendto failed at seqno 9: 101
10 packets transmitted, 0 received, 100% packet loss, time 10100 ms
nsh> [K
nsh> [K
--- CMD: wapi mode wlan0 2 ---
wapi mode wlan0 2
nsh> [K
nsh> [K
--- CMD: wapi psk wlan0 <redacted> 3 ---
wapi psk wlan0 <redacted> 3
nsh> [K
nsh> [K
--- CMD: wapi essid wlan0 <redacted> 1 ---
wapi essid wlan0 <redacted> 1
[CPU0] esp_event_post_wrapper: S31 associated: channel=11 auth=3 bssid=7c:39:85:2a:50:04
[CPU1] esp_evt_work_cb: S31 driver STA MAC: 30:ed:a0:f3:f7:b0
[CPU1] esp_evt_work_cb: S31 driver power save: ret=0 mode=0
[CPU0] esp_evt_work_cb: S31 driver protocol: ret=0 bitmap=7
[CPU0] esp_evt_work_cb: S31 negotiated PHY: ret=0 mode=4
[CPU0] esp_evt_work_cb: S31 HE SU beamformee disabled: ret=0 value=0
[CPU0] s31_wifi_rx_counters: S31 modem clocks connected: conf1=0038e7ff bb=1 bb80x1=1 bb44=1 mac=1 apb=1 fe160=1 sec=0
[CPU0] s31_wifi_rx_counters: S31 RX counters connected: ret=0 mpdu=21875 data=16717 fcs=48016 abort=42214 full=413 fifo=0 other=56310
[CPU0] s31_wifi_rx_counters: S31 HE counters: power=1023 sigb=0 format=0 unsupported=0 siga=1023 bboff=0 wdg=0
[CPU0] s31_wifi_rx_counters: S31 radio hangs: rx=0 tx=0 flags=00000000 panic=00000000 bf_timeout=0 bf_error=0
[CPU0] s31_wifi_rx_counters: S31 RX errors: ret=0 total=1166 bitmap=1166 tkip=0
[CPU0] s31_wifi_rx_counters: S31 RX types: ret=0 legacy=2401 ht=8161 su=0 ersu=0 mu=0 su_noeb=0 mu_noeb=0 stbc=0 retry=0
[CPU0] s31_wifi_rx_counters: S31 TX stats: ret=0 enable=74415 complete=74415 succ=168282 ack=7418 ba=32826 retry=103317 nomem=0 timeout=0
nsh> [K
nsh> [K
--- CMD: renew wlan0 ---
renew wlan0
nsh> [K
nsh> [K
--- CMD: ping 192.168.1.1 ---
ping 192.168.1.1
PING 192.168.1.1 56 bytes of data
56 bytes from 192.168.1.1: icmp_seq=0 time=40.0 ms
56 bytes from 192.168.1.1: icmp_seq=1 time=30.0 ms
56 bytes from 192.168.1.1: icmp_seq=2 time=20.0 ms
56 bytes from 192.168.1.1: icmp_seq=3 time=20.0 ms
56 bytes from 192.168.1.1: icmp_seq=4 time=20.0 ms
56 bytes from 192.168.1.1: icmp_seq=5 time=20.0 ms
56 bytes from 192.168.1.1: icmp_seq=6 time=30.0 ms
56 bytes from 192.168.1.1: icmp_seq=7 time=20.0 ms
56 bytes from 192.168.1.1: icmp_seq=8 time=20.0 ms
56 bytes from 192.168.1.1: icmp_seq=9 time=20.0 ms
10 packets transmitted, 10 received, 0% packet loss, time 10100 ms
rtt min/avg/max/mdev = 20.000/24.000/40.000/6.633 ms
nsh> [K
nsh> [K
RECONFIGURE_ROUND=53 PASS
--- CMD: ifconfig ---
ifconfig
wlan0	Link encap:Ethernet HWaddr 30:ed:a0:f3:f7:b0 at RUNNING mtu 1500
	inet addr:192.168.1.60 DRaddr:192.168.1.1 Mask:255.255.255.0

nsh> [K
nsh> [K
--- CMD: wapi disconnect wlan0 ---
wapi disconnect wlan0
nsh> [K
nsh> [K
--- CMD: ping 192.168.1.60 ---
ping 192.168.1.60
PING 192.168.1.60 56 bytes of data
[CPU1] icmp_sendmsg: ERROR: Not reachable
ERROR: sendto failed at seqno 0: 101
[CPU0] icmp_sendmsg: ERROR: Not reachable
ERROR: sendto failed at seqno 1: 101
[CPU0] icmp_sendmsg: ERROR: Not reachable
ERROR: sendto failed at seqno 2: 101
[CPU0] icmp_sendmsg: ERROR: Not reachable
ERROR: sendto failed at seqno 3: 101
[CPU0] icmp_sendmsg: ERROR: Not reachable
ERROR: sendto failed at seqno 4: 101
[CPU0] icmp_sendmsg: ERROR: Not reachable
ERROR: sendto failed at seqno 5: 101
[CPU0] icmp_sendmsg: ERROR: Not reachable
ERROR: sendto failed at seqno 6: 101
[CPU0] icmp_sendmsg: ERROR: Not reachable
ERROR: sendto failed at seqno 7: 101
[CPU0] icmp_sendmsg: ERROR: Not reachable
ERROR: sendto failed at seqno 8: 101
[CPU0] icmp_sendmsg: ERROR: Not reachable
ERROR: sendto failed at seqno 9: 101
10 packets transmitted, 0 received, 100% packet loss, time 10100 ms
nsh> [K
nsh> [K
--- CMD: wapi mode wlan0 2 ---
wapi mode wlan0 2
nsh> [K
nsh> [K
--- CMD: wapi psk wlan0 <redacted> 3 ---
wapi psk wlan0 <redacted> 3
nsh> [K
nsh> [K
--- CMD: wapi essid wlan0 <redacted> 1 ---
wapi essid wlan0 <redacted> 1
[CPU0] esp_event_post_wrapper: S31 associated: channel=11 auth=3 bssid=60:ce:41:ab:02:d0
[CPU0] esp_evt_work_cb: S31 driver STA MAC: 30:ed:a0:f3:f7:b0
[CPU0] esp_evt_work_cb: S31 driver power save: ret=0 mode=0
[CPU0] esp_evt_work_cb: S31 driver protocol: ret=0 bitmap=7
[CPU0] esp_evt_work_cb: S31 negotiated PHY: ret=0 mode=4
[CPU0] esp_evt_work_cb: S31 HE SU beamformee disabled: ret=0 value=0
[CPU0] s31_wifi_rx_counters: S31 modem clocks connected: conf1=0038e7ff bb=1 bb80x1=1 bb44=1 mac=1 apb=1 fe160=1 sec=0
[CPU0] s31_wifi_rx_counters: S31 RX counters connected: ret=0 mpdu=42894 data=16772 fcs=49991 abort=50741 full=413 fifo=0 other=63300
[CPU0] s31_wifi_rx_counters: S31 HE counters: power=1023 sigb=0 format=0 unsupported=0 siga=1023 bboff=0 wdg=0
[CPU0] s31_wifi_rx_counters: S31 radio hangs: rx=0 tx=0 flags=00000000 panic=00000000 bf_timeout=0 bf_error=0
[CPU0] s31_wifi_rx_counters: S31 RX errors: ret=0 total=1166 bitmap=1166 tkip=0
[CPU0] s31_wifi_rx_counters: S31 RX types: ret=0 legacy=2423 ht=8174 su=0 ersu=0 mu=0 su_noeb=0 mu_noeb=0 stbc=0 retry=0
[CPU0] s31_wifi_rx_counters: S31 TX stats: ret=0 enable=74430 complete=74430 succ=168294 ack=7420 ba=32836 retry=103321 nomem=0 timeout=0
nsh> [K
nsh> [K
--- CMD: renew wlan0 ---
renew wlan0
nsh> [K
nsh> [K
--- CMD: ping 192.168.1.1 ---
ping 192.168.1.1
PING 192.168.1.1 56 bytes of data
56 bytes from 192.168.1.1: icmp_seq=0 time=20.0 ms
56 bytes from 192.168.1.1: icmp_seq=1 time=30.0 ms
56 bytes from 192.168.1.1: icmp_seq=2 time=20.0 ms
56 bytes from 192.168.1.1: icmp_seq=3 time=30.0 ms
56 bytes from 192.168.1.1: icmp_seq=4 time=30.0 ms
56 bytes from 192.168.1.1: icmp_seq=5 time=40.0 ms
56 bytes from 192.168.1.1: icmp_seq=6 time=30.0 ms
56 bytes from 192.168.1.1: icmp_seq=7 time=60.0 ms
56 bytes from 192.168.1.1: icmp_seq=8 time=30.0 ms
56 bytes from 192.168.1.1: icmp_seq=9 time=20.0 ms
10 packets transmitted, 10 received, 0% packet loss, time 10100 ms
rtt min/avg/max/mdev = 20.000/31.000/60.000/11.357 ms
nsh> [K
nsh> [K
RECONFIGURE_ROUND=54 PASS
--- CMD: ifconfig ---
ifconfig
wlan0	Link encap:Ethernet HWaddr 30:ed:a0:f3:f7:b0 at RUNNING mtu 1500
	inet addr:192.168.1.60 DRaddr:192.168.1.1 Mask:255.255.255.0

nsh> [K
nsh> [K
--- CMD: wapi disconnect wlan0 ---
wapi disconnect wlan0
nsh> [K
nsh> [K
--- CMD: ping 192.168.1.60 ---
ping 192.168.1.60
PING 192.168.1.60 56 bytes of data
[CPU1] icmp_sendmsg: ERROR: Not reachable
ERROR: sendto failed at seqno 0: 101
[CPU0] icmp_sendmsg: ERROR: Not reachable
ERROR: sendto failed at seqno 1: 101
[CPU0] icmp_sendmsg: ERROR: Not reachable
ERROR: sendto failed at seqno 2: 101
[CPU0] icmp_sendmsg: ERROR: Not reachable
ERROR: sendto failed at seqno 3: 101
[CPU0] icmp_sendmsg: ERROR: Not reachable
ERROR: sendto failed at seqno 4: 101
[CPU0] icmp_sendmsg: ERROR: Not reachable
ERROR: sendto failed at seqno 5: 101
[CPU0] icmp_sendmsg: ERROR: Not reachable
ERROR: sendto failed at seqno 6: 101
[CPU0] icmp_sendmsg: ERROR: Not reachable
ERROR: sendto failed at seqno 7: 101
[CPU0] icmp_sendmsg: ERROR: Not reachable
ERROR: sendto failed at seqno 8: 101
[CPU0] icmp_sendmsg: ERROR: Not reachable
ERROR: sendto failed at seqno 9: 101
10 packets transmitted, 0 received, 100% packet loss, time 10100 ms
nsh> [K
nsh> [K
--- CMD: wapi mode wlan0 2 ---
wapi mode wlan0 2
nsh> [K
nsh> [K
--- CMD: wapi psk wlan0 <redacted> 3 ---
wapi psk wlan0 <redacted> 3
nsh> [K
nsh> [K
--- CMD: wapi essid wlan0 <redacted> 1 ---
wapi essid wlan0 <redacted> 1
[CPU0] esp_event_post_wrapper: S31 associated: channel=11 auth=3 bssid=7c:39:85:2a:50:04
[CPU0] esp_evt_work_cb: S31 driver STA MAC: 30:ed:a0:f3:f7:b0
[CPU0] esp_evt_work_cb: S31 driver power save: ret=0 mode=0
[CPU0] esp_evt_work_cb: S31 driver protocol: ret=0 bitmap=7
[CPU0] esp_evt_work_cb: S31 negotiated PHY: ret=0 mode=4
[CPU0] esp_evt_work_cb: S31 HE SU beamformee disabled: ret=0 value=0
[CPU0] s31_wifi_rx_counters: S31 modem clocks connected: conf1=0038e7ff bb=1 bb80x1=1 bb44=1 mac=1 apb=1 fe160=1 sec=0
[CPU0] s31_wifi_rx_counters: S31 RX counters connected: ret=0 mpdu=580 data=16822 fcs=52332 abort=60362 full=413 fifo=0 other=5496
[CPU0] s31_wifi_rx_counters: S31 HE counters: power=1023 sigb=0 format=0 unsupported=0 siga=1023 bboff=0 wdg=0
[CPU0] s31_wifi_rx_counters: S31 radio hangs: rx=0 tx=0 flags=00000000 panic=00000000 bf_timeout=0 bf_error=0
[CPU0] s31_wifi_rx_counters: S31 RX errors: ret=0 total=1166 bitmap=1166 tkip=0
[CPU0] s31_wifi_rx_counters: S31 RX types: ret=0 legacy=2434 ht=8184 su=0 ersu=0 mu=0 su_noeb=0 mu_noeb=0 stbc=0 retry=0
[CPU0] s31_wifi_rx_counters: S31 TX stats: ret=0 enable=74476 complete=74476 succ=168314 ack=7430 ba=32846 retry=103341 nomem=0 timeout=0
nsh> [K
nsh> [K
--- CMD: renew wlan0 ---
renew wlan0
nsh> [K
nsh> [K
--- CMD: ping 192.168.1.1 ---
ping 192.168.1.1
PING 192.168.1.1 56 bytes of data
56 bytes from 192.168.1.1: icmp_seq=0 time=20.0 ms
56 bytes from 192.168.1.1: icmp_seq=1 time=20.0 ms
56 bytes from 192.168.1.1: icmp_seq=2 time=20.0 ms
56 bytes from 192.168.1.1: icmp_seq=3 time=20.0 ms
56 bytes from 192.168.1.1: icmp_seq=4 time=20.0 ms
56 bytes from 192.168.1.1: icmp_seq=5 time=20.0 ms
56 bytes from 192.168.1.1: icmp_seq=6 time=20.0 ms
56 bytes from 192.168.1.1: icmp_seq=7 time=20.0 ms
56 bytes from 192.168.1.1: icmp_seq=8 time=20.0 ms
56 bytes from 192.168.1.1: icmp_seq=9 time=20.0 ms
10 packets transmitted, 10 received, 0% packet loss, time 10100 ms
rtt min/avg/max/mdev = 20.000/20.000/20.000/0.000 ms
nsh> [K
nsh> [K
RECONFIGURE_ROUND=55 PASS
--- CMD: ifconfig ---
ifconfig
wlan0	Link encap:Ethernet HWaddr 30:ed:a0:f3:f7:b0 at RUNNING mtu 1500
	inet addr:192.168.1.60 DRaddr:192.168.1.1 Mask:255.255.255.0

nsh> [K
nsh> [K
--- CMD: wapi disconnect wlan0 ---
wapi disconnect wlan0
nsh> [K
nsh> [K
--- CMD: ping 192.168.1.60 ---
ping 192.168.1.60
PING 192.168.1.60 56 bytes of data
[CPU1] icmp_sendmsg: ERROR: Not reachable
ERROR: sendto failed at seqno 0: 101
[CPU0] icmp_sendmsg: ERROR: Not reachable
ERROR: sendto failed at seqno 1: 101
[CPU0] icmp_sendmsg: ERROR: Not reachable
ERROR: sendto failed at seqno 2: 101
[CPU0] icmp_sendmsg: ERROR: Not reachable
ERROR: sendto failed at seqno 3: 101
[CPU0] icmp_sendmsg: ERROR: Not reachable
ERROR: sendto failed at seqno 4: 101
[CPU0] icmp_sendmsg: ERROR: Not reachable
ERROR: sendto failed at seqno 5: 101
[CPU0] icmp_sendmsg: ERROR: Not reachable
ERROR: sendto failed at seqno 6: 101
[CPU0] icmp_sendmsg: ERROR: Not reachable
ERROR: sendto failed at seqno 7: 101
[CPU0] icmp_sendmsg: ERROR: Not reachable
ERROR: sendto failed at seqno 8: 101
[CPU0] icmp_sendmsg: ERROR: Not reachable
ERROR: sendto failed at seqno 9: 101
10 packets transmitted, 0 received, 100% packet loss, time 10100 ms
nsh> [K
nsh> [K
--- CMD: wapi mode wlan0 2 ---
wapi mode wlan0 2
nsh> [K
nsh> [K
--- CMD: wapi psk wlan0 <redacted> 3 ---
wapi psk wlan0 <redacted> 3
nsh> [K
nsh> [K
--- CMD: wapi essid wlan0 <redacted> 1 ---
wapi essid wlan0 <redacted> 1
[CPU0] esp_event_post_wrapper: S31 associated: channel=11 auth=3 bssid=7c:39:85:2a:50:04
[CPU1] esp_evt_work_cb: S31 driver STA MAC: 30:ed:a0:f3:f7:b0
[CPU1] esp_evt_work_cb: S31 driver power save: ret=0 mode=0
[CPU0] esp_evt_work_cb: S31 driver protocol: ret=0 bitmap=7
[CPU0] esp_evt_work_cb: S31 negotiated PHY: ret=0 mode=4
[CPU0] esp_evt_work_cb: S31 HE SU beamformee disabled: ret=0 value=0
[CPU0] s31_wifi_rx_counters: S31 modem clocks connected: conf1=0038e7ff bb=1 bb80x1=1 bb44=1 mac=1 apb=1 fe160=1 sec=0
[CPU0] s31_wifi_rx_counters: S31 RX counters connected: ret=0 mpdu=21827 data=16887 fcs=54640 abort=4005 full=413 fifo=0 other=12969
[CPU0] s31_wifi_rx_counters: S31 HE counters: power=1023 sigb=0 format=0 unsupported=0 siga=1023 bboff=0 wdg=0
[CPU0] s31_wifi_rx_counters: S31 radio hangs: rx=0 tx=0 flags=00000000 panic=00000000 bf_timeout=0 bf_error=0
[CPU0] s31_wifi_rx_counters: S31 RX errors: ret=0 total=1166 bitmap=1166 tkip=0
[CPU0] s31_wifi_rx_counters: S31 RX types: ret=0 legacy=2464 ht=8197 su=0 ersu=0 mu=0 su_noeb=0 mu_noeb=0 stbc=0 retry=0
[CPU0] s31_wifi_rx_counters: S31 TX stats: ret=0 enable=74489 complete=74489 succ=168326 ack=7431 ba=32857 retry=103343 nomem=0 timeout=0
nsh> [K
nsh> [K
--- CMD: renew wlan0 ---
renew wlan0
nsh> [K
nsh> [K
--- CMD: ping 192.168.1.1 ---
ping 192.168.1.1
PING 192.168.1.1 56 bytes of data
56 bytes from 192.168.1.1: icmp_seq=0 time=40.0 ms
56 bytes from 192.168.1.1: icmp_seq=1 time=30.0 ms
56 bytes from 192.168.1.1: icmp_seq=2 time=30.0 ms
56 bytes from 192.168.1.1: icmp_seq=3 time=30.0 ms
56 bytes from 192.168.1.1: icmp_seq=4 time=20.0 ms
56 bytes from 192.168.1.1: icmp_seq=5 time=20.0 ms
56 bytes from 192.168.1.1: icmp_seq=6 time=60.0 ms
56 bytes from 192.168.1.1: icmp_seq=7 time=20.0 ms
56 bytes from 192.168.1.1: icmp_seq=8 time=20.0 ms
56 bytes from 192.168.1.1: icmp_seq=9 time=20.0 ms
10 packets transmitted, 10 received, 0% packet loss, time 10100 ms
rtt min/avg/max/mdev = 20.000/29.000/60.000/12.206 ms
nsh> [K
nsh> [K
RECONFIGURE_ROUND=56 PASS
--- CMD: ifconfig ---
ifconfig
wlan0	Link encap:Ethernet HWaddr 30:ed:a0:f3:f7:b0 at RUNNING mtu 1500
	inet addr:192.168.1.60 DRaddr:192.168.1.1 Mask:255.255.255.0

nsh> [K
nsh> [K
--- CMD: wapi disconnect wlan0 ---
wapi disconnect wlan0
nsh> [K
nsh> [K
--- CMD: ping 192.168.1.60 ---
ping 192.168.1.60
PING 192.168.1.60 56 bytes of data
[CPU1] icmp_sendmsg: ERROR: Not reachable
ERROR: sendto failed at seqno 0: 101
[CPU0] icmp_sendmsg: ERROR: Not reachable
ERROR: sendto failed at seqno 1: 101
[CPU0] icmp_sendmsg: ERROR: Not reachable
ERROR: sendto failed at seqno 2: 101
[CPU0] icmp_sendmsg: ERROR: Not reachable
ERROR: sendto failed at seqno 3: 101
[CPU0] icmp_sendmsg: ERROR: Not reachable
ERROR: sendto failed at seqno 4: 101
[CPU0] icmp_sendmsg: ERROR: Not reachable
ERROR: sendto failed at seqno 5: 101
[CPU0] icmp_sendmsg: ERROR: Not reachable
ERROR: sendto failed at seqno 6: 101
[CPU0] icmp_sendmsg: ERROR: Not reachable
ERROR: sendto failed at seqno 7: 101
[CPU0] icmp_sendmsg: ERROR: Not reachable
ERROR: sendto failed at seqno 8: 101
[CPU0] icmp_sendmsg: ERROR: Not reachable
ERROR: sendto failed at seqno 9: 101
10 packets transmitted, 0 received, 100% packet loss, time 10100 ms
nsh> [K
nsh> [K
--- CMD: wapi mode wlan0 2 ---
wapi mode wlan0 2
nsh> [K
nsh> [K
--- CMD: wapi psk wlan0 <redacted> 3 ---
wapi psk wlan0 <redacted> 3
nsh> [K
nsh> [K
--- CMD: wapi essid wlan0 <redacted> 1 ---
wapi essid wlan0 <redacted> 1
[CPU0] esp_event_post_wrapper: S31 associated: channel=11 auth=3 bssid=60:ce:41:ab:02:d0
[CPU0] esp_evt_work_cb: S31 driver STA MAC: 30:ed:a0:f3:f7:b0
[CPU0] esp_evt_work_cb: S31 driver power save: ret=0 mode=0
[CPU0] esp_evt_work_cb: S31 driver protocol: ret=0 bitmap=7
[CPU0] esp_evt_work_cb: S31 negotiated PHY: ret=0 mode=4
[CPU0] esp_evt_work_cb: S31 HE SU beamformee disabled: ret=0 value=0
[CPU0] s31_wifi_rx_counters: S31 modem clocks connected: conf1=0038e7ff bb=1 bb80x1=1 bb44=1 mac=1 apb=1 fe160=1 sec=0
[CPU0] s31_wifi_rx_counters: S31 RX counters connected: ret=0 mpdu=43184 data=16965 fcs=56689 abort=13663 full=413 fifo=0 other=20857
[CPU0] s31_wifi_rx_counters: S31 HE counters: power=1023 sigb=0 format=0 unsupported=0 siga=1023 bboff=0 wdg=0
[CPU0] s31_wifi_rx_counters: S31 radio hangs: rx=0 tx=0 flags=00000000 panic=00000000 bf_timeout=0 bf_error=0
[CPU0] s31_wifi_rx_counters: S31 RX errors: ret=0 total=1166 bitmap=1166 tkip=0
[CPU0] s31_wifi_rx_counters: S31 RX types: ret=0 legacy=2509 ht=8209 su=0 ersu=0 mu=0 su_noeb=0 mu_noeb=0 stbc=0 retry=0
[CPU0] s31_wifi_rx_counters: S31 TX stats: ret=0 enable=74512 complete=74512 succ=168340 ack=7436 ba=32866 retry=103352 nomem=0 timeout=0
nsh> [K
nsh> [K
--- CMD: renew wlan0 ---
renew wlan0
nsh> [K
nsh> [K
--- CMD: ping 192.168.1.1 ---
ping 192.168.1.1
PING 192.168.1.1 56 bytes of data
56 bytes from 192.168.1.1: icmp_seq=0 time=30.0 ms
56 bytes from 192.168.1.1: icmp_seq=1 time=30.0 ms
56 bytes from 192.168.1.1: icmp_seq=2 time=30.0 ms
56 bytes from 192.168.1.1: icmp_seq=3 time=30.0 ms
56 bytes from 192.168.1.1: icmp_seq=4 time=20.0 ms
56 bytes from 192.168.1.1: icmp_seq=5 time=320.0 ms
56 bytes from 192.168.1.1: icmp_seq=6 time=30.0 ms
56 bytes from 192.168.1.1: icmp_seq=7 time=20.0 ms
56 bytes from 192.168.1.1: icmp_seq=8 time=20.0 ms
56 bytes from 192.168.1.1: icmp_seq=9 time=30.0 ms
10 packets transmitted, 10 received, 0% packet loss, time 10100 ms
rtt min/avg/max/mdev = 20.000/56.000/320.000/58.898 ms
nsh> [K
nsh> [K
RECONFIGURE_ROUND=57 PASS
--- CMD: ifconfig ---
ifconfig
wlan0	Link encap:Ethernet HWaddr 30:ed:a0:f3:f7:b0 at RUNNING mtu 1500
	inet addr:192.168.1.60 DRaddr:192.168.1.1 Mask:255.255.255.0

nsh> [K
nsh> [K
--- CMD: wapi disconnect wlan0 ---
wapi disconnect wlan0
nsh> [K
nsh> [K
--- CMD: ping 192.168.1.60 ---
ping 192.168.1.60
PING 192.168.1.60 56 bytes of data
[CPU1] icmp_sendmsg: ERROR: Not reachable
ERROR: sendto failed at seqno 0: 101
[CPU0] icmp_sendmsg: ERROR: Not reachable
ERROR: sendto failed at seqno 1: 101
[CPU0] icmp_sendmsg: ERROR: Not reachable
ERROR: sendto failed at seqno 2: 101
[CPU0] icmp_sendmsg: ERROR: Not reachable
ERROR: sendto failed at seqno 3: 101
[CPU0] icmp_sendmsg: ERROR: Not reachable
ERROR: sendto failed at seqno 4: 101
[CPU0] icmp_sendmsg: ERROR: Not reachable
ERROR: sendto failed at seqno 5: 101
[CPU0] icmp_sendmsg: ERROR: Not reachable
ERROR: sendto failed at seqno 6: 101
[CPU0] icmp_sendmsg: ERROR: Not reachable
ERROR: sendto failed at seqno 7: 101
[CPU0] icmp_sendmsg: ERROR: Not reachable
ERROR: sendto failed at seqno 8: 101
[CPU0] icmp_sendmsg: ERROR: Not reachable
ERROR: sendto failed at seqno 9: 101
10 packets transmitted, 0 received, 100% packet loss, time 10100 ms
nsh> [K
nsh> [K
--- CMD: wapi mode wlan0 2 ---
wapi mode wlan0 2
nsh> [K
nsh> [K
--- CMD: wapi psk wlan0 <redacted> 3 ---
wapi psk wlan0 <redacted> 3
nsh> [K
nsh> [K
--- CMD: wapi essid wlan0 <redacted> 1 ---
wapi essid wlan0 <redacted> 1
[CPU0] esp_event_post_wrapper: S31 associated: channel=11 auth=3 bssid=7c:39:85:2a:50:04
[CPU1] esp_evt_work_cb: S31 driver STA MAC: 30:ed:a0:f3:f7:b0
[CPU1] esp_evt_work_cb: S31 driver power save: ret=0 mode=0
[CPU0] esp_evt_work_cb: S31 driver protocol: ret=0 bitmap=7
[CPU0] esp_evt_work_cb: S31 negotiated PHY: ret=0 mode=4
[CPU0] esp_evt_work_cb: S31 HE SU beamformee disabled: ret=0 value=0
[CPU0] s31_wifi_rx_counters: S31 modem clocks connected: conf1=0038e7ff bb=1 bb80x1=1 bb44=1 mac=1 apb=1 fe160=1 sec=0
[CPU0] s31_wifi_rx_counters: S31 RX counters connected: ret=0 mpdu=880 data=17027 fcs=58798 abort=23784 full=413 fifo=0 other=29260
[CPU0] s31_wifi_rx_counters: S31 HE counters: power=1023 sigb=0 format=0 unsupported=0 siga=1023 bboff=0 wdg=0
[CPU0] s31_wifi_rx_counters: S31 radio hangs: rx=0 tx=0 flags=00000000 panic=00000000 bf_timeout=0 bf_error=0
[CPU0] s31_wifi_rx_counters: S31 RX errors: ret=0 total=1166 bitmap=1166 tkip=0
[CPU0] s31_wifi_rx_counters: S31 RX types: ret=0 legacy=2523 ht=8222 su=0 ersu=0 mu=0 su_noeb=0 mu_noeb=0 stbc=0 retry=0
[CPU0] s31_wifi_rx_counters: S31 TX stats: ret=0 enable=74533 complete=74533 succ=168353 ack=7440 ba=32875 retry=103359 nomem=0 timeout=0
nsh> [K
nsh> [K
--- CMD: renew wlan0 ---
renew wlan0
nsh> [K
nsh> [K
--- CMD: ping 192.168.1.1 ---
ping 192.168.1.1
PING 192.168.1.1 56 bytes of data
56 bytes from 192.168.1.1: icmp_seq=0 time=60.0 ms
56 bytes from 192.168.1.1: icmp_seq=1 time=30.0 ms
56 bytes from 192.168.1.1: icmp_seq=2 time=20.0 ms
56 bytes from 192.168.1.1: icmp_seq=3 time=50.0 ms
56 bytes from 192.168.1.1: icmp_seq=4 time=20.0 ms
56 bytes from 192.168.1.1: icmp_seq=5 time=20.0 ms
56 bytes from 192.168.1.1: icmp_seq=6 time=20.0 ms
56 bytes from 192.168.1.1: icmp_seq=7 time=30.0 ms
56 bytes from 192.168.1.1: icmp_seq=8 time=20.0 ms
56 bytes from 192.168.1.1: icmp_seq=9 time=30.0 ms
10 packets transmitted, 10 received, 0% packet loss, time 10100 ms
rtt min/avg/max/mdev = 20.000/30.000/60.000/13.416 ms
nsh> [K
nsh> [K
RECONFIGURE_ROUND=58 PASS
--- CMD: ifconfig ---
ifconfig
wlan0	Link encap:Ethernet HWaddr 30:ed:a0:f3:f7:b0 at RUNNING mtu 1500
	inet addr:192.168.1.60 DRaddr:192.168.1.1 Mask:255.255.255.0

nsh> [K
nsh> [K
--- CMD: wapi disconnect wlan0 ---
wapi disconnect wlan0
nsh> [K
nsh> [K
--- CMD: ping 192.168.1.60 ---
ping 192.168.1.60
PING 192.168.1.60 56 bytes of data
[CPU1] icmp_sendmsg: ERROR: Not reachable
ERROR: sendto failed at seqno 0: 101
[CPU0] icmp_sendmsg: ERROR: Not reachable
ERROR: sendto failed at seqno 1: 101
[CPU0] icmp_sendmsg: ERROR: Not reachable
ERROR: sendto failed at seqno 2: 101
[CPU0] icmp_sendmsg: ERROR: Not reachable
ERROR: sendto failed at seqno 3: 101
[CPU0] icmp_sendmsg: ERROR: Not reachable
ERROR: sendto failed at seqno 4: 101
[CPU0] icmp_sendmsg: ERROR: Not reachable
ERROR: sendto failed at seqno 5: 101
[CPU0] icmp_sendmsg: ERROR: Not reachable
ERROR: sendto failed at seqno 6: 101
[CPU0] icmp_sendmsg: ERROR: Not reachable
ERROR: sendto failed at seqno 7: 101
[CPU0] icmp_sendmsg: ERROR: Not reachable
ERROR: sendto failed at seqno 8: 101
[CPU0] icmp_sendmsg: ERROR: Not reachable
ERROR: sendto failed at seqno 9: 101
10 packets transmitted, 0 received, 100% packet loss, time 10100 ms
nsh> [K
nsh> [K
--- CMD: wapi mode wlan0 2 ---
wapi mode wlan0 2
nsh> [K
nsh> [K
--- CMD: wapi psk wlan0 <redacted> 3 ---
wapi psk wlan0 <redacted> 3
nsh> [K
nsh> [K
--- CMD: wapi essid wlan0 <redacted> 1 ---
wapi essid wlan0 <redacted> 1
[CPU0] esp_event_post_wrapper: S31 associated: channel=11 auth=3 bssid=7c:39:85:2a:50:04
[CPU0] esp_evt_work_cb: S31 driver STA MAC: 30:ed:a0:f3:f7:b0
[CPU0] esp_evt_work_cb: S31 driver power save: ret=0 mode=0
[CPU0] esp_evt_work_cb: S31 driver protocol: ret=0 bitmap=7
[CPU0] esp_evt_work_cb: S31 negotiated PHY: ret=0 mode=4
[CPU0] esp_evt_work_cb: S31 HE SU beamformee disabled: ret=0 value=0
[CPU0] s31_wifi_rx_counters: S31 modem clocks connected: conf1=0038e7ff bb=1 bb80x1=1 bb44=1 mac=1 apb=1 fe160=1 sec=0
[CPU0] s31_wifi_rx_counters: S31 RX counters connected: ret=0 mpdu=23598 data=17090 fcs=61285 abort=33480 full=413 fifo=0 other=37245
[CPU0] s31_wifi_rx_counters: S31 HE counters: power=1023 sigb=0 format=0 unsupported=0 siga=1023 bboff=0 wdg=0
[CPU0] s31_wifi_rx_counters: S31 radio hangs: rx=0 tx=0 flags=00000000 panic=00000000 bf_timeout=0 bf_error=0
[CPU0] s31_wifi_rx_counters: S31 RX errors: ret=0 total=1166 bitmap=1166 tkip=0
[CPU0] s31_wifi_rx_counters: S31 RX types: ret=0 legacy=2555 ht=8234 su=0 ersu=0 mu=0 su_noeb=0 mu_noeb=0 stbc=0 retry=0
[CPU0] s31_wifi_rx_counters: S31 TX stats: ret=0 enable=74556 complete=74556 succ=168368 ack=7445 ba=32885 retry=103369 nomem=0 timeout=0
nsh> [K
nsh> [K
--- CMD: renew wlan0 ---
renew wlan0
nsh> [K
nsh> [K
--- CMD: ping 192.168.1.1 ---
ping 192.168.1.1
PING 192.168.1.1 56 bytes of data
56 bytes from 192.168.1.1: icmp_seq=0 time=40.0 ms
56 bytes from 192.168.1.1: icmp_seq=1 time=20.0 ms
56 bytes from 192.168.1.1: icmp_seq=2 time=30.0 ms
56 bytes from 192.168.1.1: icmp_seq=3 time=50.0 ms
56 bytes from 192.168.1.1: icmp_seq=4 time=20.0 ms
56 bytes from 192.168.1.1: icmp_seq=5 time=20.0 ms
56 bytes from 192.168.1.1: icmp_seq=6 time=30.0 ms
56 bytes from 192.168.1.1: icmp_seq=7 time=40.0 ms
56 bytes from 192.168.1.1: icmp_seq=8 time=20.0 ms
56 bytes from 192.168.1.1: icmp_seq=9 time=20.0 ms
10 packets transmitted, 10 received, 0% packet loss, time 10100 ms
rtt min/avg/max/mdev = 20.000/29.000/50.000/10.440 ms
nsh> [K
nsh> [K
RECONFIGURE_ROUND=59 PASS
--- CMD: ifconfig ---
ifconfig
wlan0	Link encap:Ethernet HWaddr 30:ed:a0:f3:f7:b0 at RUNNING mtu 1500
	inet addr:192.168.1.60 DRaddr:192.168.1.1 Mask:255.255.255.0

nsh> [K
nsh> [K
--- CMD: wapi disconnect wlan0 ---
wapi disconnect wlan0
nsh> [K
nsh> [K
--- CMD: ping 192.168.1.60 ---
ping 192.168.1.60
PING 192.168.1.60 56 bytes of data
[CPU1] icmp_sendmsg: ERROR: Not reachable
ERROR: sendto failed at seqno 0: 101
[CPU0] icmp_sendmsg: ERROR: Not reachable
ERROR: sendto failed at seqno 1: 101
[CPU0] icmp_sendmsg: ERROR: Not reachable
ERROR: sendto failed at seqno 2: 101
[CPU0] icmp_sendmsg: ERROR: Not reachable
ERROR: sendto failed at seqno 3: 101
[CPU0] icmp_sendmsg: ERROR: Not reachable
ERROR: sendto failed at seqno 4: 101
[CPU0] icmp_sendmsg: ERROR: Not reachable
ERROR: sendto failed at seqno 5: 101
[CPU0] icmp_sendmsg: ERROR: Not reachable
ERROR: sendto failed at seqno 6: 101
[CPU0] icmp_sendmsg: ERROR: Not reachable
ERROR: sendto failed at seqno 7: 101
[CPU0] icmp_sendmsg: ERROR: Not reachable
ERROR: sendto failed at seqno 8: 101
[CPU0] icmp_sendmsg: ERROR: Not reachable
ERROR: sendto failed at seqno 9: 101
10 packets transmitted, 0 received, 100% packet loss, time 10100 ms
nsh> [K
nsh> [K
--- CMD: wapi mode wlan0 2 ---
wapi mode wlan0 2
nsh> [K
nsh> [K
--- CMD: wapi psk wlan0 <redacted> 3 ---
wapi psk wlan0 <redacted> 3
nsh> [K
nsh> [K
--- CMD: wapi essid wlan0 <redacted> 1 ---
wapi essid wlan0 <redacted> 1
[CPU0] esp_event_post_wrapper: Station disconnected: reason=2 rssi=-69
[CPU0] esp_event_post_wrapper: S31 associated: channel=11 auth=3 bssid=60:ce:41:ab:02:d0
[CPU0] esp_evt_work_cb: S31 driver STA MAC: 30:ed:a0:f3:f7:b0
[CPU0] esp_evt_work_cb: S31 driver power save: ret=0 mode=0
[CPU0] esp_evt_work_cb: S31 driver protocol: ret=0 bitmap=7
[CPU0] esp_evt_work_cb: S31 negotiated PHY: ret=0 mode=4
[CPU0] esp_evt_work_cb: S31 HE SU beamformee disabled: ret=0 value=0
[CPU0] s31_wifi_rx_counters: S31 modem clocks connected: conf1=0038e7ff bb=1 bb80x1=1 bb44=1 mac=1 apb=1 fe160=1 sec=0
[CPU0] s31_wifi_rx_counters: S31 RX counters connected: ret=0 mpdu=5114 data=17156 fcs=64166 abort=43417 full=413 fifo=0 other=45114
[CPU0] s31_wifi_rx_counters: S31 HE counters: power=1023 sigb=0 format=0 unsupported=0 siga=1023 bboff=0 wdg=0
[CPU0] s31_wifi_rx_counters: S31 radio hangs: rx=0 tx=0 flags=00000000 panic=00000000 bf_timeout=0 bf_error=0
[CPU0] s31_wifi_rx_counters: S31 RX errors: ret=0 total=1166 bitmap=1166 tkip=0
[CPU0] s31_wifi_rx_counters: S31 RX types: ret=0 legacy=2573 ht=8248 su=0 ersu=0 mu=0 su_noeb=0 mu_noeb=0 stbc=0 retry=0
[CPU0] s31_wifi_rx_counters: S31 TX stats: ret=0 enable=74581 complete=74581 succ=168385 ack=7451 ba=32896 retry=103380 nomem=0 timeout=0
nsh> [K
nsh> [K
--- CMD: renew wlan0 ---
renew wlan0
nsh> [K
nsh> [K
--- CMD: ping 192.168.1.1 ---
ping 192.168.1.1
PING 192.168.1.1 56 bytes of data
56 bytes from 192.168.1.1: icmp_seq=0 time=30.0 ms
56 bytes from 192.168.1.1: icmp_seq=1 time=20.0 ms
56 bytes from 192.168.1.1: icmp_seq=2 time=20.0 ms
56 bytes from 192.168.1.1: icmp_seq=3 time=20.0 ms
56 bytes from 192.168.1.1: icmp_seq=4 time=30.0 ms
56 bytes from 192.168.1.1: icmp_seq=5 time=20.0 ms
56 bytes from 192.168.1.1: icmp_seq=6 time=20.0 ms
56 bytes from 192.168.1.1: icmp_seq=7 time=30.0 ms
56 bytes from 192.168.1.1: icmp_seq=8 time=30.0 ms
56 bytes from 192.168.1.1: icmp_seq=9 time=80.0 ms
10 packets transmitted, 10 received, 0% packet loss, time 10100 ms
rtt min/avg/max/mdev = 20.000/30.000/80.000/17.320 ms
nsh> [K
nsh> [K
RECONFIGURE_ROUND=60 PASS
--- CMD: ifconfig ---
ifconfig
wlan0	Link encap:Ethernet HWaddr 30:ed:a0:f3:f7:b0 at RUNNING mtu 1500
	inet addr:192.168.1.60 DRaddr:192.168.1.1 Mask:255.255.255.0

nsh> [K
nsh> [K
--- CMD: wapi disconnect wlan0 ---
wapi disconnect wlan0
nsh> [K
nsh> [K
--- CMD: ping 192.168.1.60 ---
ping 192.168.1.60
PING 192.168.1.60 56 bytes of data
[CPU1] icmp_sendmsg: ERROR: Not reachable
ERROR: sendto failed at seqno 0: 101
[CPU0] icmp_sendmsg: ERROR: Not reachable
ERROR: sendto failed at seqno 1: 101
[CPU0] icmp_sendmsg: ERROR: Not reachable
ERROR: sendto failed at seqno 2: 101
[CPU0] icmp_sendmsg: ERROR: Not reachable
ERROR: sendto failed at seqno 3: 101
[CPU0] icmp_sendmsg: ERROR: Not reachable
ERROR: sendto failed at seqno 4: 101
[CPU0] icmp_sendmsg: ERROR: Not reachable
ERROR: sendto failed at seqno 5: 101
[CPU0] icmp_sendmsg: ERROR: Not reachable
ERROR: sendto failed at seqno 6: 101
[CPU0] icmp_sendmsg: ERROR: Not reachable
ERROR: sendto failed at seqno 7: 101
[CPU0] icmp_sendmsg: ERROR: Not reachable
ERROR: sendto failed at seqno 8: 101
[CPU0] icmp_sendmsg: ERROR: Not reachable
ERROR: sendto failed at seqno 9: 101
10 packets transmitted, 0 received, 100% packet loss, time 10100 ms
nsh> [K
nsh> [K
--- CMD: wapi mode wlan0 2 ---
wapi mode wlan0 2
nsh> [K
nsh> [K
--- CMD: wapi psk wlan0 <redacted> 3 ---
wapi psk wlan0 <redacted> 3
nsh> [K
nsh> [K
--- CMD: wapi essid wlan0 <redacted> 1 ---
wapi essid wlan0 <redacted> 1
[CPU0] esp_event_post_wrapper: S31 associated: channel=11 auth=3 bssid=7c:39:85:2a:50:04
[CPU1] esp_evt_work_cb: S31 driver STA MAC: 30:ed:a0:f3:f7:b0
[CPU1] esp_evt_work_cb: S31 driver power save: ret=0 mode=0
[CPU0] esp_evt_work_cb: S31 driver protocol: ret=0 bitmap=7
[CPU0] esp_evt_work_cb: S31 negotiated PHY: ret=0 mode=4
[CPU0] esp_evt_work_cb: S31 HE SU beamformee disabled: ret=0 value=0
[CPU0] s31_wifi_rx_counters: S31 modem clocks connected: conf1=0038e7ff bb=1 bb80x1=1 bb44=1 mac=1 apb=1 fe160=1 sec=0
[CPU0] s31_wifi_rx_counters: S31 RX counters connected: ret=0 mpdu=25832 data=17218 fcs=306 abort=51767 full=413 fifo=0 other=51890
[CPU0] s31_wifi_rx_counters: S31 HE counters: power=1023 sigb=0 format=0 unsupported=0 siga=1023 bboff=0 wdg=0
[CPU0] s31_wifi_rx_counters: S31 radio hangs: rx=0 tx=0 flags=00000000 panic=00000000 bf_timeout=0 bf_error=0
[CPU0] s31_wifi_rx_counters: S31 RX errors: ret=0 total=1167 bitmap=1167 tkip=0
[CPU0] s31_wifi_rx_counters: S31 RX types: ret=0 legacy=2603 ht=8259 su=0 ersu=0 mu=0 su_noeb=0 mu_noeb=0 stbc=0 retry=0
[CPU0] s31_wifi_rx_counters: S31 TX stats: ret=0 enable=74626 complete=74626 succ=168404 ack=7461 ba=32905 retry=103399 nomem=0 timeout=0
nsh> [K
nsh> [K
--- CMD: renew wlan0 ---
renew wlan0
nsh> [K
nsh> [K
--- CMD: ping 192.168.1.1 ---
ping 192.168.1.1
PING 192.168.1.1 56 bytes of data
56 bytes from 192.168.1.1: icmp_seq=0 time=30.0 ms
56 bytes from 192.168.1.1: icmp_seq=1 time=40.0 ms
56 bytes from 192.168.1.1: icmp_seq=2 time=20.0 ms
56 bytes from 192.168.1.1: icmp_seq=3 time=20.0 ms
56 bytes from 192.168.1.1: icmp_seq=4 time=20.0 ms
56 bytes from 192.168.1.1: icmp_seq=5 time=30.0 ms
56 bytes from 192.168.1.1: icmp_seq=6 time=30.0 ms
56 bytes from 192.168.1.1: icmp_seq=7 time=40.0 ms
56 bytes from 192.168.1.1: icmp_seq=8 time=20.0 ms
56 bytes from 192.168.1.1: icmp_seq=9 time=20.0 ms
10 packets transmitted, 10 received, 0% packet loss, time 10100 ms
rtt min/avg/max/mdev = 20.000/27.000/40.000/7.810 ms
nsh> [K
nsh> [K
RECONFIGURE_ROUND=61 PASS
--- CMD: ifconfig ---
ifconfig
wlan0	Link encap:Ethernet HWaddr 30:ed:a0:f3:f7:b0 at RUNNING mtu 1500
	inet addr:192.168.1.60 DRaddr:192.168.1.1 Mask:255.255.255.0

nsh> [K
nsh> [K
--- CMD: wapi disconnect wlan0 ---
wapi disconnect wlan0
nsh> [K
nsh> [K
--- CMD: ping 192.168.1.60 ---
ping 192.168.1.60
PING 192.168.1.60 56 bytes of data
[CPU1] icmp_sendmsg: ERROR: Not reachable
ERROR: sendto failed at seqno 0: 101
[CPU0] icmp_sendmsg: ERROR: Not reachable
ERROR: sendto failed at seqno 1: 101
[CPU0] icmp_sendmsg: ERROR: Not reachable
ERROR: sendto failed at seqno 2: 101
[CPU0] icmp_sendmsg: ERROR: Not reachable
ERROR: sendto failed at seqno 3: 101
[CPU0] icmp_sendmsg: ERROR: Not reachable
ERROR: sendto failed at seqno 4: 101
[CPU0] icmp_sendmsg: ERROR: Not reachable
ERROR: sendto failed at seqno 5: 101
[CPU0] icmp_sendmsg: ERROR: Not reachable
ERROR: sendto failed at seqno 6: 101
[CPU0] icmp_sendmsg: ERROR: Not reachable
ERROR: sendto failed at seqno 7: 101
[CPU0] icmp_sendmsg: ERROR: Not reachable
ERROR: sendto failed at seqno 8: 101
[CPU0] icmp_sendmsg: ERROR: Not reachable
ERROR: sendto failed at seqno 9: 101
10 packets transmitted, 0 received, 100% packet loss, time 10100 ms
nsh> [K
nsh> [K
--- CMD: wapi mode wlan0 2 ---
wapi mode wlan0 2
nsh> [K
nsh> [K
--- CMD: wapi psk wlan0 <redacted> 3 ---
wapi psk wlan0 <redacted> 3
nsh> [K
nsh> [K
--- CMD: wapi essid wlan0 <redacted> 1 ---
wapi essid wlan0 <redacted> 1
[CPU0] esp_event_post_wrapper: S31 associated: channel=11 auth=3 bssid=7c:39:85:2a:50:04
[CPU1] esp_evt_work_cb: S31 driver STA MAC: 30:ed:a0:f3:f7:b0
[CPU1] esp_evt_work_cb: S31 driver power save: ret=0 mode=0
[CPU0] esp_evt_work_cb: S31 driver protocol: ret=0 bitmap=7
[CPU0] esp_evt_work_cb: S31 negotiated PHY: ret=0 mode=4
[CPU0] esp_evt_work_cb: S31 HE SU beamformee disabled: ret=0 value=0
[CPU0] s31_wifi_rx_counters: S31 modem clocks connected: conf1=0038e7ff bb=1 bb80x1=1 bb44=1 mac=1 apb=1 fe160=1 sec=0
[CPU0] s31_wifi_rx_counters: S31 RX counters connected: ret=0 mpdu=49813 data=17283 fcs=2527 abort=63089 full=413 fifo=0 other=61566
[CPU0] s31_wifi_rx_counters: S31 HE counters: power=1023 sigb=0 format=0 unsupported=0 siga=1023 bboff=0 wdg=0
[CPU0] s31_wifi_rx_counters: S31 radio hangs: rx=0 tx=0 flags=00000000 panic=00000000 bf_timeout=0 bf_error=0
[CPU0] s31_wifi_rx_counters: S31 RX errors: ret=0 total=1169 bitmap=1169 tkip=0
[CPU0] s31_wifi_rx_counters: S31 RX types: ret=0 legacy=2632 ht=8275 su=0 ersu=0 mu=0 su_noeb=0 mu_noeb=0 stbc=0 retry=0
[CPU0] s31_wifi_rx_counters: S31 TX stats: ret=0 enable=74647 complete=74647 succ=168417 ack=7464 ba=32915 retry=103405 nomem=0 timeout=0
nsh> [K
nsh> [K
--- CMD: renew wlan0 ---
renew wlan0
nsh> [K
nsh> [K
--- CMD: ping 192.168.1.1 ---
ping 192.168.1.1
PING 192.168.1.1 56 bytes of data
56 bytes from 192.168.1.1: icmp_seq=0 time=30.0 ms
56 bytes from 192.168.1.1: icmp_seq=1 time=20.0 ms
56 bytes from 192.168.1.1: icmp_seq=2 time=50.0 ms
56 bytes from 192.168.1.1: icmp_seq=3 time=20.0 ms
56 bytes from 192.168.1.1: icmp_seq=4 time=20.0 ms
56 bytes from 192.168.1.1: icmp_seq=5 time=20.0 ms
56 bytes from 192.168.1.1: icmp_seq=6 time=20.0 ms
56 bytes from 192.168.1.1: icmp_seq=7 time=30.0 ms
56 bytes from 192.168.1.1: icmp_seq=8 time=20.0 ms
56 bytes from 192.168.1.1: icmp_seq=9 time=30.0 ms
10 packets transmitted, 10 received, 0% packet loss, time 10100 ms
rtt min/avg/max/mdev = 20.000/26.000/50.000/9.165 ms
nsh> [K
nsh> [K
RECONFIGURE_ROUND=62 PASS
--- CMD: ifconfig ---
ifconfig
wlan0	Link encap:Ethernet HWaddr 30:ed:a0:f3:f7:b0 at RUNNING mtu 1500
	inet addr:192.168.1.60 DRaddr:192.168.1.1 Mask:255.255.255.0

nsh> [K
nsh> [K
--- CMD: wapi disconnect wlan0 ---
wapi disconnect wlan0
nsh> [K
nsh> [K
--- CMD: ping 192.168.1.60 ---
ping 192.168.1.60
PING 192.168.1.60 56 bytes of data
[CPU1] icmp_sendmsg: ERROR: Not reachable
ERROR: sendto failed at seqno 0: 101
[CPU0] icmp_sendmsg: ERROR: Not reachable
ERROR: sendto failed at seqno 1: 101
[CPU0] icmp_sendmsg: ERROR: Not reachable
ERROR: sendto failed at seqno 2: 101
[CPU0] icmp_sendmsg: ERROR: Not reachable
ERROR: sendto failed at seqno 3: 101
[CPU0] icmp_sendmsg: ERROR: Not reachable
ERROR: sendto failed at seqno 4: 101
[CPU0] icmp_sendmsg: ERROR: Not reachable
ERROR: sendto failed at seqno 5: 101
[CPU0] icmp_sendmsg: ERROR: Not reachable
ERROR: sendto failed at seqno 6: 101
[CPU0] icmp_sendmsg: ERROR: Not reachable
ERROR: sendto failed at seqno 7: 101
[CPU0] icmp_sendmsg: ERROR: Not reachable
ERROR: sendto failed at seqno 8: 101
[CPU0] icmp_sendmsg: ERROR: Not reachable
ERROR: sendto failed at seqno 9: 101
10 packets transmitted, 0 received, 100% packet loss, time 10100 ms
nsh> [K
nsh> [K
--- CMD: wapi mode wlan0 2 ---
wapi mode wlan0 2
nsh> [K
nsh> [K
--- CMD: wapi psk wlan0 <redacted> 3 ---
wapi psk wlan0 <redacted> 3
nsh> [K
nsh> [K
--- CMD: wapi essid wlan0 <redacted> 1 ---
wapi essid wlan0 <redacted> 1
[CPU0] esp_event_post_wrapper: S31 associated: channel=11 auth=3 bssid=60:ce:41:ab:02:d0
[CPU0] esp_evt_work_cb: S31 driver STA MAC: 30:ed:a0:f3:f7:b0
[CPU0] esp_evt_work_cb: S31 driver power save: ret=0 mode=0
[CPU0] esp_evt_work_cb: S31 driver protocol: ret=0 bitmap=7
[CPU0] esp_evt_work_cb: S31 negotiated PHY: ret=0 mode=4
[CPU0] esp_evt_work_cb: S31 HE SU beamformee disabled: ret=0 value=0
[CPU0] s31_wifi_rx_counters: S31 modem clocks connected: conf1=0038e7ff bb=1 bb80x1=1 bb44=1 mac=1 apb=1 fe160=1 sec=0
[CPU0] s31_wifi_rx_counters: S31 RX counters connected: ret=0 mpdu=6732 data=17393 fcs=5520 abort=7933 full=413 fifo=0 other=4683
[CPU0] s31_wifi_rx_counters: S31 HE counters: power=1023 sigb=0 format=0 unsupported=0 siga=1023 bboff=0 wdg=0
[CPU0] s31_wifi_rx_counters: S31 radio hangs: rx=0 tx=0 flags=00000000 panic=00000000 bf_timeout=0 bf_error=0
[CPU0] s31_wifi_rx_counters: S31 RX errors: ret=0 total=1169 bitmap=1169 tkip=0
[CPU0] s31_wifi_rx_counters: S31 RX types: ret=0 legacy=2695 ht=8288 su=0 ersu=0 mu=0 su_noeb=0 mu_noeb=0 stbc=0 retry=0
[CPU0] s31_wifi_rx_counters: S31 TX stats: ret=0 enable=74671 complete=74671 succ=168431 ack=7468 ba=32925 retry=103412 nomem=0 timeout=0
nsh> [K
nsh> [K
--- CMD: renew wlan0 ---
renew wlan0
nsh> [K
nsh> [K
--- CMD: ping 192.168.1.1 ---
ping 192.168.1.1
PING 192.168.1.1 56 bytes of data
56 bytes from 192.168.1.1: icmp_seq=0 time=30.0 ms
56 bytes from 192.168.1.1: icmp_seq=1 time=30.0 ms
56 bytes from 192.168.1.1: icmp_seq=2 time=20.0 ms
56 bytes from 192.168.1.1: icmp_seq=3 time=20.0 ms
56 bytes from 192.168.1.1: icmp_seq=4 time=20.0 ms
56 bytes from 192.168.1.1: icmp_seq=5 time=30.0 ms
56 bytes from 192.168.1.1: icmp_seq=6 time=30.0 ms
56 bytes from 192.168.1.1: icmp_seq=7 time=20.0 ms
56 bytes from 192.168.1.1: icmp_seq=8 time=20.0 ms
56 bytes from 192.168.1.1: icmp_seq=9 time=30.0 ms
10 packets transmitted, 10 received, 0% packet loss, time 10100 ms
rtt min/avg/max/mdev = 20.000/25.000/30.000/5.000 ms
nsh> [K
nsh> [K
RECONFIGURE_ROUND=63 PASS
--- CMD: ifconfig ---
ifconfig
wlan0	Link encap:Ethernet HWaddr 30:ed:a0:f3:f7:b0 at RUNNING mtu 1500
	inet addr:192.168.1.60 DRaddr:192.168.1.1 Mask:255.255.255.0

nsh> [K
nsh> [K
--- CMD: wapi disconnect wlan0 ---
wapi disconnect wlan0
nsh> [K
nsh> [K
--- CMD: ping 192.168.1.60 ---
ping 192.168.1.60
PING 192.168.1.60 56 bytes of data
[CPU1] icmp_sendmsg: ERROR: Not reachable
ERROR: sendto failed at seqno 0: 101
[CPU0] icmp_sendmsg: ERROR: Not reachable
ERROR: sendto failed at seqno 1: 101
[CPU0] icmp_sendmsg: ERROR: Not reachable
ERROR: sendto failed at seqno 2: 101
[CPU0] icmp_sendmsg: ERROR: Not reachable
ERROR: sendto failed at seqno 3: 101
[CPU0] icmp_sendmsg: ERROR: Not reachable
ERROR: sendto failed at seqno 4: 101
[CPU0] icmp_sendmsg: ERROR: Not reachable
ERROR: sendto failed at seqno 5: 101
[CPU0] icmp_sendmsg: ERROR: Not reachable
ERROR: sendto failed at seqno 6: 101
[CPU0] icmp_sendmsg: ERROR: Not reachable
ERROR: sendto failed at seqno 7: 101
[CPU0] icmp_sendmsg: ERROR: Not reachable
ERROR: sendto failed at seqno 8: 101
[CPU0] icmp_sendmsg: ERROR: Not reachable
ERROR: sendto failed at seqno 9: 101
10 packets transmitted, 0 received, 100% packet loss, time 10100 ms
nsh> [K
nsh> [K
--- CMD: wapi mode wlan0 2 ---
wapi mode wlan0 2
nsh> [K
nsh> [K
--- CMD: wapi psk wlan0 <redacted> 3 ---
wapi psk wlan0 <redacted> 3
nsh> [K
nsh> [K
--- CMD: wapi essid wlan0 <redacted> 1 ---
wapi essid wlan0 <redacted> 1
[CPU0] esp_event_post_wrapper: S31 associated: channel=11 auth=3 bssid=60:ce:41:ab:02:d0
[CPU0] esp_evt_work_cb: S31 driver STA MAC: 30:ed:a0:f3:f7:b0
[CPU0] esp_evt_work_cb: S31 driver power save: ret=0 mode=0
[CPU0] esp_evt_work_cb: S31 driver protocol: ret=0 bitmap=7
[CPU0] esp_evt_work_cb: S31 negotiated PHY: ret=0 mode=4
[CPU0] esp_evt_work_cb: S31 HE SU beamformee disabled: ret=0 value=0
[CPU0] s31_wifi_rx_counters: S31 modem clocks connected: conf1=0038e7ff bb=1 bb80x1=1 bb44=1 mac=1 apb=1 fe160=1 sec=0
[CPU0] s31_wifi_rx_counters: S31 RX counters connected: ret=0 mpdu=34644 data=17452 fcs=8023 abort=17018 full=413 fifo=0 other=11636
[CPU0] s31_wifi_rx_counters: S31 HE counters: power=1023 sigb=0 format=0 unsupported=0 siga=1023 bboff=0 wdg=0
[CPU0] s31_wifi_rx_counters: S31 radio hangs: rx=0 tx=0 flags=00000000 panic=00000000 bf_timeout=0 bf_error=0
[CPU0] s31_wifi_rx_counters: S31 RX errors: ret=0 total=1169 bitmap=1169 tkip=0
[CPU0] s31_wifi_rx_counters: S31 RX types: ret=0 legacy=2716 ht=8300 su=0 ersu=0 mu=0 su_noeb=0 mu_noeb=0 stbc=0 retry=0
[CPU0] s31_wifi_rx_counters: S31 TX stats: ret=0 enable=74707 complete=74707 succ=168449 ack=7477 ba=32934 retry=103429 nomem=0 timeout=0
nsh> [K
nsh> [K
--- CMD: renew wlan0 ---
renew wlan0
nsh> [K
nsh> [K
--- CMD: ping 192.168.1.1 ---
ping 192.168.1.1
PING 192.168.1.1 56 bytes of data
56 bytes from 192.168.1.1: icmp_seq=0 time=30.0 ms
56 bytes from 192.168.1.1: icmp_seq=1 time=30.0 ms
56 bytes from 192.168.1.1: icmp_seq=2 time=20.0 ms
56 bytes from 192.168.1.1: icmp_seq=3 time=100.0 ms
56 bytes from 192.168.1.1: icmp_seq=4 time=20.0 ms
56 bytes from 192.168.1.1: icmp_seq=5 time=20.0 ms
56 bytes from 192.168.1.1: icmp_seq=6 time=60.0 ms
56 bytes from 192.168.1.1: icmp_seq=7 time=20.0 ms
56 bytes from 192.168.1.1: icmp_seq=8 time=20.0 ms
56 bytes from 192.168.1.1: icmp_seq=9 time=20.0 ms
10 packets transmitted, 10 received, 0% packet loss, time 10100 ms
rtt min/avg/max/mdev = 20.000/34.000/100.000/24.979 ms
nsh> [K
nsh> [K
RECONFIGURE_ROUND=64 PASS
--- CMD: ifconfig ---
ifconfig
wlan0	Link encap:Ethernet HWaddr 30:ed:a0:f3:f7:b0 at RUNNING mtu 1500
	inet addr:192.168.1.60 DRaddr:192.168.1.1 Mask:255.255.255.0

nsh> [K
nsh> [K
--- CMD: wapi disconnect wlan0 ---
wapi disconnect wlan0
nsh> [K
nsh> [K
--- CMD: ping 192.168.1.60 ---
ping 192.168.1.60
PING 192.168.1.60 56 bytes of data
[CPU1] icmp_sendmsg: ERROR: Not reachable
ERROR: sendto failed at seqno 0: 101
[CPU0] icmp_sendmsg: ERROR: Not reachable
ERROR: sendto failed at seqno 1: 101
[CPU0] icmp_sendmsg: ERROR: Not reachable
ERROR: sendto failed at seqno 2: 101
[CPU0] icmp_sendmsg: ERROR: Not reachable
ERROR: sendto failed at seqno 3: 101
[CPU0] icmp_sendmsg: ERROR: Not reachable
ERROR: sendto failed at seqno 4: 101
[CPU0] icmp_sendmsg: ERROR: Not reachable
ERROR: sendto failed at seqno 5: 101
[CPU0] icmp_sendmsg: ERROR: Not reachable
ERROR: sendto failed at seqno 6: 101
[CPU0] icmp_sendmsg: ERROR: Not reachable
ERROR: sendto failed at seqno 7: 101
[CPU0] icmp_sendmsg: ERROR: Not reachable
ERROR: sendto failed at seqno 8: 101
[CPU0] icmp_sendmsg: ERROR: Not reachable
ERROR: sendto failed at seqno 9: 101
10 packets transmitted, 0 received, 100% packet loss, time 10100 ms
nsh> [K
nsh> [K
--- CMD: wapi mode wlan0 2 ---
wapi mode wlan0 2
nsh> [K
nsh> [K
--- CMD: wapi psk wlan0 <redacted> 3 ---
wapi psk wlan0 <redacted> 3
nsh> [K
nsh> [K
--- CMD: wapi essid wlan0 <redacted> 1 ---
wapi essid wlan0 <redacted> 1
[CPU0] esp_event_post_wrapper: S31 associated: channel=11 auth=3 bssid=7c:39:85:2a:50:04
[CPU1] esp_evt_work_cb: S31 driver STA MAC: 30:ed:a0:f3:f7:b0
[CPU1] esp_evt_work_cb: S31 driver power save: ret=0 mode=0
[CPU0] esp_evt_work_cb: S31 driver protocol: ret=0 bitmap=7
[CPU0] esp_evt_work_cb: S31 negotiated PHY: ret=0 mode=4
[CPU0] esp_evt_work_cb: S31 HE SU beamformee disabled: ret=0 value=0
[CPU0] s31_wifi_rx_counters: S31 modem clocks connected: conf1=0038e7ff bb=1 bb80x1=1 bb44=1 mac=1 apb=1 fe160=1 sec=0
[CPU0] s31_wifi_rx_counters: S31 RX counters connected: ret=0 mpdu=1796 data=17510 fcs=11359 abort=28576 full=413 fifo=0 other=20950
[CPU0] s31_wifi_rx_counters: S31 HE counters: power=1023 sigb=0 format=0 unsupported=0 siga=1023 bboff=0 wdg=0
[CPU0] s31_wifi_rx_counters: S31 radio hangs: rx=0 tx=0 flags=00000000 panic=00000000 bf_timeout=0 bf_error=0
[CPU0] s31_wifi_rx_counters: S31 RX errors: ret=0 total=1169 bitmap=1169 tkip=0
[CPU0] s31_wifi_rx_counters: S31 RX types: ret=0 legacy=2738 ht=8312 su=0 ersu=0 mu=0 su_noeb=0 mu_noeb=0 stbc=0 retry=0
[CPU0] s31_wifi_rx_counters: S31 TX stats: ret=0 enable=74754 complete=74754 succ=168464 ack=7484 ba=32942 retry=103441 nomem=0 timeout=0
nsh> [K
nsh> [K
--- CMD: renew wlan0 ---
renew wlan0
nsh> [K
nsh> [K
--- CMD: ping 192.168.1.1 ---
ping 192.168.1.1
PING 192.168.1.1 56 bytes of data
56 bytes from 192.168.1.1: icmp_seq=0 time=50.0 ms
56 bytes from 192.168.1.1: icmp_seq=1 time=40.0 ms
56 bytes from 192.168.1.1: icmp_seq=2 time=40.0 ms
56 bytes from 192.168.1.1: icmp_seq=3 time=20.0 ms
56 bytes from 192.168.1.1: icmp_seq=4 time=30.0 ms
56 bytes from 192.168.1.1: icmp_seq=5 time=20.0 ms
56 bytes from 192.168.1.1: icmp_seq=6 time=20.0 ms
56 bytes from 192.168.1.1: icmp_seq=7 time=20.0 ms
56 bytes from 192.168.1.1: icmp_seq=8 time=30.0 ms
56 bytes from 192.168.1.1: icmp_seq=9 time=20.0 ms
10 packets transmitted, 10 received, 0% packet loss, time 10100 ms
rtt min/avg/max/mdev = 20.000/29.000/50.000/10.440 ms
nsh> [K
nsh> [K
RECONFIGURE_ROUND=65 PASS
--- CMD: ifconfig ---
ifconfig
wlan0	Link encap:Ethernet HWaddr 30:ed:a0:f3:f7:b0 at RUNNING mtu 1500
	inet addr:192.168.1.60 DRaddr:192.168.1.1 Mask:255.255.255.0

nsh> [K
nsh> [K
--- CMD: wapi disconnect wlan0 ---
wapi disconnect wlan0
nsh> [K
nsh> [K
--- CMD: ping 192.168.1.60 ---
ping 192.168.1.60
PING 192.168.1.60 56 bytes of data
[CPU1] icmp_sendmsg: ERROR: Not reachable
ERROR: sendto failed at seqno 0: 101
[CPU0] icmp_sendmsg: ERROR: Not reachable
ERROR: sendto failed at seqno 1: 101
[CPU0] icmp_sendmsg: ERROR: Not reachable
ERROR: sendto failed at seqno 2: 101
[CPU0] icmp_sendmsg: ERROR: Not reachable
ERROR: sendto failed at seqno 3: 101
[CPU0] icmp_sendmsg: ERROR: Not reachable
ERROR: sendto failed at seqno 4: 101
[CPU0] icmp_sendmsg: ERROR: Not reachable
ERROR: sendto failed at seqno 5: 101
[CPU0] icmp_sendmsg: ERROR: Not reachable
ERROR: sendto failed at seqno 6: 101
[CPU0] icmp_sendmsg: ERROR: Not reachable
ERROR: sendto failed at seqno 7: 101
[CPU0] icmp_sendmsg: ERROR: Not reachable
ERROR: sendto failed at seqno 8: 101
[CPU0] icmp_sendmsg: ERROR: Not reachable
ERROR: sendto failed at seqno 9: 101
10 packets transmitted, 0 received, 100% packet loss, time 10100 ms
nsh> [K
nsh> [K
--- CMD: wapi mode wlan0 2 ---
wapi mode wlan0 2
nsh> [K
nsh> [K
--- CMD: wapi psk wlan0 <redacted> 3 ---
wapi psk wlan0 <redacted> 3
nsh> [K
nsh> [K
--- CMD: wapi essid wlan0 <redacted> 1 ---
wapi essid wlan0 <redacted> 1
[CPU0] esp_event_post_wrapper: S31 associated: channel=11 auth=3 bssid=7c:39:85:2a:50:04
[CPU1] esp_evt_work_cb: S31 driver STA MAC: 30:ed:a0:f3:f7:b0
[CPU1] esp_evt_work_cb: S31 driver power save: ret=0 mode=0
[CPU0] esp_evt_work_cb: S31 driver protocol: ret=0 bitmap=7
[CPU0] esp_evt_work_cb: S31 negotiated PHY: ret=0 mode=4
[CPU0] esp_evt_work_cb: S31 HE SU beamformee disabled: ret=0 value=0
[CPU0] s31_wifi_rx_counters: S31 modem clocks connected: conf1=0038e7ff bb=1 bb80x1=1 bb44=1 mac=1 apb=1 fe160=1 sec=0
[CPU0] s31_wifi_rx_counters: S31 RX counters connected: ret=0 mpdu=34737 data=17585 fcs=16584 abort=41069 full=413 fifo=0 other=31189
[CPU0] s31_wifi_rx_counters: S31 HE counters: power=1023 sigb=0 format=0 unsupported=0 siga=1023 bboff=0 wdg=0
[CPU0] s31_wifi_rx_counters: S31 radio hangs: rx=0 tx=0 flags=00000000 panic=00000000 bf_timeout=0 bf_error=0
[CPU0] s31_wifi_rx_counters: S31 RX errors: ret=0 total=1169 bitmap=1169 tkip=0
[CPU0] s31_wifi_rx_counters: S31 RX types: ret=0 legacy=2769 ht=8326 su=0 ersu=0 mu=0 su_noeb=0 mu_noeb=0 stbc=0 retry=0
[CPU0] s31_wifi_rx_counters: S31 TX stats: ret=0 enable=74781 complete=74781 succ=168480 ack=7491 ba=32951 retry=103454 nomem=0 timeout=0
nsh> [K
nsh> [K
--- CMD: renew wlan0 ---
renew wlan0
nsh> [K
nsh> [K
--- CMD: ping 192.168.1.1 ---
ping 192.168.1.1
PING 192.168.1.1 56 bytes of data
56 bytes from 192.168.1.1: icmp_seq=0 time=30.0 ms
56 bytes from 192.168.1.1: icmp_seq=1 time=20.0 ms
56 bytes from 192.168.1.1: icmp_seq=2 time=60.0 ms
56 bytes from 192.168.1.1: icmp_seq=3 time=20.0 ms
56 bytes from 192.168.1.1: icmp_seq=4 time=20.0 ms
56 bytes from 192.168.1.1: icmp_seq=5 time=20.0 ms
56 bytes from 192.168.1.1: icmp_seq=6 time=20.0 ms
56 bytes from 192.168.1.1: icmp_seq=7 time=20.0 ms
56 bytes from 192.168.1.1: icmp_seq=8 time=30.0 ms
56 bytes from 192.168.1.1: icmp_seq=9 time=20.0 ms
10 packets transmitted, 10 received, 0% packet loss, time 10100 ms
rtt min/avg/max/mdev = 20.000/26.000/60.000/12.000 ms
nsh> [K
nsh> [K
RECONFIGURE_ROUND=66 PASS
--- CMD: ifconfig ---
ifconfig
wlan0	Link encap:Ethernet HWaddr 30:ed:a0:f3:f7:b0 at RUNNING mtu 1500
	inet addr:192.168.1.60 DRaddr:192.168.1.1 Mask:255.255.255.0

nsh> [K
nsh> [K
--- CMD: wapi disconnect wlan0 ---
wapi disconnect wlan0
[CPU0] esp_wifi_to_errno: ERROR: UNKNOWN ERROR (code=0x3006 errno=-1)
nsh> [K
nsh> [K
{"case": "5.1.29", "status": "FAIL", "completed": 66, "receipt": "backups/2026-09-10-scan-stress/build1413-tx-backpressure.sha256", "automatic_retries": false, "error": "target command failed", "elapsed_seconds": 1717.4106812050159}
