XTS_RECEIPT=/home/regex/work/esp32s31-openvela/backups/2026-09-10-scan-stress/build1078-wifi-mmu.sha256
ESP-ROM:esp32s31-20251218
Build:Dec 18 2025
rst:0x1 (POWERON),boot:0x7d (SPI_FAST_FLASH_BOOT)
SPI mode:DIO, clock div:1
load:0x2e000000,len:0x18
load:0x2f000000,len:0x10820
load:0x2f010880,len:0x3aa0
entry 0x2f0103b4
*** Booting NuttX ***
rtc: lma 0x00002020 vma 0x2e000000 len 0x18     (24)
dram: lma 0x00002040 vma 0x2f000000 len 0x10820  (67616)
dram: lma 0x00012868 vma 0x2f010880 len 0x3aa0   (15008)
padd: lma 0x00016338 vma 0x00000000 len 0x9ce0   (40160)
imap: lma 0x00020020 vma 0x400e0020 len 0x21864  (137316)
padd: lma 0x0004188c vma 0x00000000 len 0xe86c   (59500)
imap: lma 0x00050100 vma 0x40000100 len 0xd092c  (854316)
total segments stored 7
ABC[CPU0] S31 hardware crypto: SHA1/SHA256/SHA512 PIO
[CPU0] S31 hardware crypto: HMAC-SHA1/256 via SHA PIO
[CPU0] S31 hardware crypto: ECDSA P256 verify only
[CPU0] S31 hardware crypto: AES-CBC 128/256-bit PIO
[CPU0] S31 hardware crypto: AES-CTR/XTS full-block PIO
[CPU0] CPU1 SMP online: ipi0=0 timer1=0
[CPU1] AppFS header: 2d726f6d3166732d
[CPU1] AppFS MTD boundary checks: PASS
[CPU1] AppFS writable LittleFS: offset=0x500000 size=0x700000
[CPU1] Initializing Wi-Fi station
[CPU0] E1 Wi-Fi station netdev ready

NuttShell (NSH)
nsh> [K
--- CMD: ifconfig wlan0 ---
ifconfig wlan0
wlan0	Link encap:Ethernet HWaddr 30:ed:a0:f3:f7:b0 at DOWN mtu 1500
	inet addr:0.0.0.0 DRaddr:10.0.0.1 Mask:255.255.255.0

nsh> [K
nsh> [K
--- CMD: ifup wlan0 ---
ifup wlan0
[CPU0] set_intr_wrapper: S31 IRQ route: cpu=0 source=122 vector=1 priority=1
[CPU0] set_intr_wrapper: S31 IRQ route: cpu=0 source=120 vector=1 priority=1
[CPU0] enable_intr_wrapper: S31 IRQ enable: mask=00000002 vector=1 irq=137
[CPU0] esp_wifi_sta_start: S31 frame statistics enable: rx=0 tx=0
ifup wlan0...OK
nsh> [K
nsh> [K
--- CMD: wapi scan wlan0 ---
wapi scan wlan0
[CPU0] esp_wifi_start_scan: S31 scan request: type=0 channel=0 country_ret=0 first=1 count=11
[CPU0] esp_event_post_wrapper: S31 scan event: status=0 aps=15 id=128
[CPU0] esp_event_post_wrapper: S31 Wi-Fi ISR calls: cpu0=56 cpu1=0
[CPU0] esp_wifi_scan_event_parse: S31 scan count: ret=0 aps=15
bssid / frequency / signal level / encode / ssid
24:5a:5f:78:74:42	2462	-90	0800	falcom219
c0:a4:76:e8:e1:eb	2437	-90	0800	@Ruijie-s9599
c2:a4:76:28:e1:eb	2437	-88	0800	@Ruijie-s9599_iot
50:78:b3:a3:c4:f4	2412	-88	0800	CU-C4F4
a4:ba:70:3a:61:31	2412	-88	0800	CU-C4F4_plus
10:9f:4f:43:b2:ca	2437	-87	0800	CMCC-C2C9
64:75:20:ad:ed:3e	2417	-87	0800	CU_6hQR
60:10:9e:e0:a1:b2	2452	-86	0800	STB_Ufa9
c8:cd:55:f5:00:39	2422	-85	0800	海淀区物资回收公司
24:69:68:38:77:70	2412	-81	0800	wlj
bc:54:fc:36:e1:c2	2462	-77	0800	MERCURY_E1C2
60:ce:41:46:0e:ec	2437	-75	0800	Kal'tsit
7c:39:85:2a:50:04	2462	-67	0800	Kal'tsit
60:ce:41:ab:02:d0	2462	-65	0800	Kal'tsit
60:ce:41:ab:02:d2	2462	-63	0800	STB_T4Zp
nsh> [K
nsh> [K
XTS_5.1.42_SCAN=1 PASS AP_COUNT=15
--- CMD: wapi scan wlan0 ---
wapi scan wlan0
[CPU0] esp_wifi_start_scan: S31 scan request: type=0 channel=0 country_ret=0 first=1 count=11
[CPU0] esp_event_post_wrapper: S31 scan event: status=0 aps=12 id=129
[CPU0] esp_event_post_wrapper: S31 Wi-Fi ISR calls: cpu0=101 cpu1=0
[CPU0] esp_wifi_scan_event_parse: S31 scan count: ret=0 aps=12
bssid / frequency / signal level / encode / ssid
60:10:9e:e0:a1:b0	2452	-89	0800	CU_1409
08:f4:58:ab:c0:18	2437	-89	0800	HDMRC
c2:a4:76:28:e1:eb	2437	-89	0800	@Ruijie-s9599_iot
64:75:20:ad:ed:3e	2417	-89	0800	CU_6hQR
a4:ba:70:3a:61:31	2412	-87	0800	CU-C4F4_plus
60:10:9e:e0:a1:b2	2452	-86	0800	STB_Ufa9
24:69:68:38:77:70	2412	-80	0800	wlj
bc:54:fc:36:e1:c2	2462	-76	0800	MERCURY_E1C2
60:ce:41:46:0e:ec	2437	-75	0800	Kal'tsit
7c:39:85:2a:50:04	2462	-69	0800	Kal'tsit
60:ce:41:ab:02:d2	2462	-64	0800	STB_T4Zp
60:ce:41:ab:02:d0	2462	-64	0800	Kal'tsit
nsh> [K
nsh> [K
XTS_5.1.42_SCAN=2 PASS AP_COUNT=12
--- CMD: wapi scan wlan0 ---
wapi scan wlan0
[CPU0] esp_wifi_start_scan: S31 scan request: type=0 channel=0 country_ret=0 first=1 count=11
[CPU0] esp_event_post_wrapper: S31 scan event: status=0 aps=17 id=130
[CPU0] esp_event_post_wrapper: S31 Wi-Fi ISR calls: cpu0=159 cpu1=0
[CPU0] esp_wifi_scan_event_parse: S31 scan count: ret=0 aps=17
bssid / frequency / signal level / encode / ssid
08:f4:58:ab:c0:18	2437	-93	0800	HDMRC
a4:ba:70:be:df:fb	2412	-90	0800	20371506
24:5a:5f:78:74:42	2462	-89	0800	falcom219
d8:31:39:80:18:b0	2457	-88	0800	CU_9wN9
c0:a4:76:31:55:84	2437	-88	0800	爱我的女孩
54:46:17:02:84:71	2417	-88	0800	CU_UStk
b8:f8:83:2d:54:eb	2412	-88	0800	GS5.0
c8:cd:55:f5:00:a1	2422	-86	0800	海淀区物资回收公司
a4:ba:70:3a:61:31	2412	-86	0800	CU-C4F4_plus
c4:16:c8:5a:e5:6c	2462	-85	0800	HUAWEI-J
b4:7c:a6:58:15:fe	2432	-84	0800	Home-Wireless
24:69:68:38:77:70	2412	-81	0800	wlj
bc:54:fc:36:e1:c2	2462	-77	0800	MERCURY_E1C2
60:ce:41:46:0e:ec	2437	-74	0800	Kal'tsit
7c:39:85:2a:50:04	2462	-66	0800	Kal'tsit
60:ce:41:ab:02:d0	2462	-65	0800	Kal'tsit
60:ce:41:ab:02:d2	2462	-64	0800	STB_T4Zp
nsh> [K
nsh> [K
XTS_5.1.42_SCAN=3 PASS AP_COUNT=17
--- CMD: wapi scan wlan0 ---
wapi scan wlan0
[CPU0] esp_wifi_start_scan: S31 scan request: type=0 channel=0 country_ret=0 first=1 count=11
[CPU0] esp_event_post_wrapper: S31 scan event: status=0 aps=19 id=131
[CPU0] esp_event_post_wrapper: S31 Wi-Fi ISR calls: cpu0=216 cpu1=0
[CPU0] esp_wifi_scan_event_parse: S31 scan count: ret=0 aps=19
bssid / frequency / signal level / encode / ssid
24:a6:5e:39:f3:f0	2457	-90	0800	1901
24:5a:5f:78:74:42	2462	-89	0800	falcom219
d8:31:39:80:18:b0	2457	-89	0800	CU_9wN9
c2:a4:76:28:e1:eb	2437	-89	0800	@Ruijie-s9599_iot
b8:f8:83:2d:54:eb	2412	-89	0800	GS5.0
08:f4:58:ab:c0:18	2437	-88	0800	HDMRC
64:75:20:ad:ed:3e	2417	-88	0800	CU_6hQR
a4:ba:70:be:df:fb	2412	-88	0800	20371506
c4:16:c8:5a:e5:6c	2462	-87	0800	HUAWEI-J
c0:a4:76:31:55:84	2437	-87	0800	爱我的女孩
a4:ba:70:3a:61:31	2412	-87	0800	CU-C4F4_plus
b4:7c:a6:58:15:fe	2432	-86	0800	Home-Wireless
50:78:b3:a3:c4:f4	2412	-83	0800	CU-C4F4
24:69:68:38:77:70	2412	-83	0800	wlj
bc:54:fc:36:e1:c2	2462	-76	0800	MERCURY_E1C2
60:ce:41:46:0e:ec	2437	-74	0800	Kal'tsit
7c:39:85:2a:50:04	2462	-67	0800	Kal'tsit
60:ce:41:ab:02:d0	2462	-65	0800	Kal'tsit
60:ce:41:ab:02:d2	2462	-64	0800	STB_T4Zp
nsh> [K
nsh> [K
XTS_5.1.42_SCAN=4 PASS AP_COUNT=19
--- CMD: wapi scan wlan0 ---
wapi scan wlan0
[CPU0] esp_wifi_start_scan: S31 scan request: type=0 channel=0 country_ret=0 first=1 count=11
[CPU0] esp_event_post_wrapper: S31 scan event: status=0 aps=18 id=132
[CPU0] esp_event_post_wrapper: S31 Wi-Fi ISR calls: cpu0=270 cpu1=0
[CPU0] esp_wifi_scan_event_parse: S31 scan count: ret=0 aps=18
bssid / frequency / signal level / encode / ssid
24:a6:5e:39:f3:f0	2457	-91	0800	1901
60:10:9e:e0:a1:b0	2452	-91	0800	CU_1409
8c:de:f9:a0:3f:6c	2442	-89	0800	Xiaomi_DDB3
08:f4:58:ab:c0:18	2437	-89	0800	HDMRC
c2:a4:76:28:e1:eb	2437	-88	0800	@Ruijie-s9599_iot
54:46:17:02:84:71	2417	-87	0800	CU_UStk
a4:ba:70:3a:61:31	2412	-87	0800	CU-C4F4_plus
30:99:35:5e:4f:63	2432	-86	0800	CU_nhbU
c4:16:c8:5a:e5:6c	2462	-84	0800	HUAWEI-J
ca:33:e5:05:fe:88	2432	-84	0800	阳光
c8:cd:55:f5:00:39	2422	-84	0800	海淀区物资回收公司
50:78:b3:a3:c4:f4	2412	-83	0800	CU-C4F4
24:69:68:38:77:70	2412	-82	0800	wlj
bc:54:fc:36:e1:c2	2462	-77	0800	MERCURY_E1C2
60:ce:41:46:0e:ec	2437	-75	0800	Kal'tsit
7c:39:85:2a:50:04	2462	-67	0800	Kal'tsit
60:ce:41:ab:02:d0	2462	-64	0800	Kal'tsit
60:ce:41:ab:02:d2	2462	-63	0800	STB_T4Zp
nsh> [K
nsh> [K
XTS_5.1.42_SCAN=5 PASS AP_COUNT=18
--- CMD: wapi scan wlan0 ---
wapi scan wlan0
[CPU0] esp_wifi_start_scan: S31 scan request: type=0 channel=0 country_ret=0 first=1 count=11
[CPU0] esp_event_post_wrapper: S31 scan event: status=0 aps=19 id=133
[CPU0] esp_event_post_wrapper: S31 Wi-Fi ISR calls: cpu0=328 cpu1=0
[CPU0] esp_wifi_scan_event_parse: S31 scan count: ret=0 aps=19
bssid / frequency / signal level / encode / ssid
24:a6:5e:39:f3:f0	2457	-90	0800	1901
a4:ba:70:3a:61:31	2412	-89	0800	CU-C4F4_plus
a4:ba:70:be:df:fb	2412	-89	0800	20371506
b8:f8:83:2d:54:eb	2412	-88	0800	GS5.0
48:bd:4a:40:a2:e6	2462	-87	0800	STB_Gy2m
d8:31:39:80:18:b0	2457	-87	0800	CU_9wN9
08:f4:58:ab:c0:18	2437	-87	0800	HDMRC
64:75:20:ad:ed:3e	2417	-87	0800	CU_6hQR
54:46:17:02:84:71	2417	-87	0800	CU_UStk
cc:bc:e3:16:ba:00	2412	-87	0800	CU_Gy2m
b4:7c:a6:58:15:fe	2432	-86	0800	Home-Wireless
c8:cd:55:f5:00:39	2422	-86	0800	海淀区物资回收公司
c4:16:c8:5a:e5:6c	2462	-85	0800	HUAWEI-J
50:78:b3:a3:c4:f4	2412	-84	0800	CU-C4F4
60:ce:41:46:0e:ec	2437	-83	0800	Kal'tsit
bc:54:fc:36:e1:c2	2462	-78	0800	MERCURY_E1C2
7c:39:85:2a:50:04	2462	-70	0800	Kal'tsit
60:ce:41:ab:02:d2	2462	-65	0800	STB_T4Zp
60:ce:41:ab:02:d0	2462	-61	0800	Kal'tsit
nsh> [K
nsh> [K
XTS_5.1.42_SCAN=6 PASS AP_COUNT=19
--- CMD: wapi scan wlan0 ---
wapi scan wlan0
[CPU0] esp_wifi_start_scan: S31 scan request: type=0 channel=0 country_ret=0 first=1 count=11
[CPU0] esp_event_post_wrapper: S31 scan event: status=0 aps=18 id=134
[CPU0] esp_event_post_wrapper: S31 Wi-Fi ISR calls: cpu0=379 cpu1=0
[CPU0] esp_wifi_scan_event_parse: S31 scan count: ret=0 aps=18
bssid / frequency / signal level / encode / ssid
24:a6:5e:39:f3:f0	2457	-91	0800	1901
c2:a4:76:21:54:9e	2437	-90	0800	@Ruijie-s549B_iot
08:f4:58:ab:c0:18	2437	-89	0800	HDMRC
b8:f8:83:2d:54:eb	2412	-89	0800	GS5.0
c0:a4:76:31:55:84	2437	-88	0800	爱我的女孩
a4:ba:70:be:df:fb	2412	-88	0800	20371506
c2:a4:76:28:e1:eb	2437	-87	0800	@Ruijie-s9599_iot
c4:16:c8:5a:e5:6c	2462	-85	0800	HUAWEI-J
c0:a4:76:e8:e1:eb	2437	-85	0800	@Ruijie-s9599
b4:7c:a6:58:15:fe	2432	-85	0800	Home-Wireless
24:69:68:38:77:70	2412	-82	0800	wlj
94:bf:80:7e:6f:c9	2427	-81	0800	CU_rfNY
a4:ba:70:3a:61:31	2412	-78	0800	CU-C4F4_plus
bc:54:fc:36:e1:c2	2462	-76	0800	MERCURY_E1C2
60:ce:41:46:0e:ec	2437	-75	0800	Kal'tsit
7c:39:85:2a:50:04	2462	-70	0800	Kal'tsit
60:ce:41:ab:02:d0	2462	-65	0800	Kal'tsit
60:ce:41:ab:02:d2	2462	-63	0800	STB_T4Zp
nsh> [K
nsh> [K
XTS_5.1.42_SCAN=7 PASS AP_COUNT=18
--- CMD: wapi scan wlan0 ---
wapi scan wlan0
[CPU0] esp_wifi_start_scan: S31 scan request: type=0 channel=0 country_ret=0 first=1 count=11
[CPU0] esp_event_post_wrapper: S31 scan event: status=0 aps=18 id=135
[CPU0] esp_event_post_wrapper: S31 Wi-Fi ISR calls: cpu0=431 cpu1=0
[CPU0] esp_wifi_scan_event_parse: S31 scan count: ret=0 aps=18
bssid / frequency / signal level / encode / ssid
8c:de:f9:a0:3f:6c	2442	-89	0800	Xiaomi_DDB3
08:f4:58:ab:c0:18	2437	-89	0800	HDMRC
d8:31:39:80:18:b0	2457	-88	0800	CU_9wN9
60:10:9e:e0:a1:b2	2452	-88	0800	STB_Ufa9
c2:a4:76:28:e1:eb	2437	-88	0800	@Ruijie-s9599_iot
10:9f:4f:43:b2:ca	2437	-87	0800	CMCC-C2C9
c8:cd:55:f5:00:39	2422	-87	0800	海淀区物资回收公司
3c:06:a7:2a:3e:71	2437	-86	0800	KYAFL
a4:ba:70:be:df:fb	2412	-86	0800	20371506
a4:ba:70:3a:61:31	2412	-85	0800	CU-C4F4_plus
c4:16:c8:5a:e5:6c	2462	-84	0800	HUAWEI-J
ca:33:e5:05:fe:88	2432	-84	0800	阳光
50:78:b3:a3:c4:f4	2412	-82	0800	CU-C4F4
7c:39:85:2a:50:04	2462	-79	0800	Kal'tsit
60:ce:41:46:0e:ec	2437	-76	0800	Kal'tsit
bc:54:fc:36:e1:c2	2462	-75	0800	MERCURY_E1C2
60:ce:41:ab:02:d0	2462	-65	0800	Kal'tsit
60:ce:41:ab:02:d2	2462	-63	0800	STB_T4Zp
nsh> [K
nsh> [K
XTS_5.1.42_SCAN=8 PASS AP_COUNT=18
--- CMD: wapi scan wlan0 ---
wapi scan wlan0
[CPU0] esp_wifi_start_scan: S31 scan request: type=0 channel=0 country_ret=0 first=1 count=11
[CPU0] esp_event_post_wrapper: S31 scan event: status=0 aps=21 id=136
[CPU0] esp_event_post_wrapper: S31 Wi-Fi ISR calls: cpu0=498 cpu1=0
[CPU0] esp_wifi_scan_event_parse: S31 scan count: ret=0 aps=21
bssid / frequency / signal level / encode / ssid
24:a6:5e:39:f3:f0	2457	-90	0800	1901
c0:a4:76:e8:e1:eb	2437	-89	0800	@Ruijie-s9599
a4:ba:70:3a:61:31	2412	-89	0800	CU-C4F4_plus
08:f4:58:ab:c0:18	2437	-88	0800	HDMRC
4c:10:d5:ea:02:04	2472	-87	0800	TP-LINK_0204
30:99:35:5e:4f:63	2432	-87	0800	CU_nhbU
64:75:20:ad:ed:3e	2417	-87	0800	CU_6hQR
c2:a4:76:28:e1:eb	2437	-86	0800	@Ruijie-s9599_iot
3c:06:a7:2a:3e:71	2437	-86	0800	KYAFL
c8:cd:55:f5:00:39	2422	-86	0800	海淀区物资回收公司
c4:16:c8:5a:e5:6c	2462	-85	0800	HUAWEI-J
ca:33:e5:05:fe:88	2432	-85	0800	阳光
b4:7c:a6:58:15:fe	2432	-85	0800	Home-Wireless
24:69:68:38:77:70	2412	-85	0800	wlj
50:78:b3:a3:c4:f4	2412	-83	0800	CU-C4F4
94:bf:80:7e:6f:c9	2427	-82	0800	CU_rfNY
7c:39:85:2a:50:04	2462	-78	0800	Kal'tsit
bc:54:fc:36:e1:c2	2462	-76	0800	MERCURY_E1C2
60:ce:41:46:0e:ec	2437	-75	0800	Kal'tsit
60:ce:41:ab:02:d0	2462	-66	0800	Kal'tsit
60:ce:41:ab:02:d2	2462	-64	0800	STB_T4Zp
nsh> [K
nsh> [K
XTS_5.1.42_SCAN=9 PASS AP_COUNT=21
--- CMD: wapi scan wlan0 ---
wapi scan wlan0
[CPU0] esp_wifi_start_scan: S31 scan request: type=0 channel=0 country_ret=0 first=1 count=11
[CPU0] esp_event_post_wrapper: S31 scan event: status=0 aps=16 id=137
[CPU0] esp_event_post_wrapper: S31 Wi-Fi ISR calls: cpu0=545 cpu1=0
[CPU0] esp_wifi_scan_event_parse: S31 scan count: ret=0 aps=16
bssid / frequency / signal level / encode / ssid
08:f4:58:ab:c0:18	2437	-93	0800	HDMRC
60:10:9e:e0:a1:b0	2452	-91	0800	CU_1409
b8:f8:83:2d:54:eb	2412	-90	0800	GS5.0
3c:06:a7:2a:3e:71	2437	-88	0800	KYAFL
60:10:9e:e0:a1:b2	2452	-87	0800	STB_Ufa9
64:75:20:ad:ed:3e	2417	-87	0800	CU_6hQR
a4:ba:70:3a:61:31	2412	-87	0800	CU-C4F4_plus
ca:33:e5:05:fe:88	2432	-85	0800	阳光
f2:4e:a4:f6:7e:c5	2472	-84	0800	DIRECT-C5-HP 3104fdw LJ
50:78:b3:a3:c4:f4	2412	-83	0800	CU-C4F4
24:69:68:38:77:70	2412	-82	0800	wlj
7c:39:85:2a:50:04	2462	-77	0800	Kal'tsit
bc:54:fc:36:e1:c2	2462	-76	0800	MERCURY_E1C2
60:ce:41:46:0e:ec	2437	-74	0800	Kal'tsit
60:ce:41:ab:02:d0	2462	-65	0800	Kal'tsit
60:ce:41:ab:02:d2	2462	-64	0800	STB_T4Zp
nsh> [K
nsh> [K
XTS_5.1.42_SCAN=10 PASS AP_COUNT=16
--- CMD: wapi scan wlan0 ---
wapi scan wlan0
[CPU0] esp_wifi_start_scan: S31 scan request: type=0 channel=0 country_ret=0 first=1 count=11
[CPU0] esp_event_post_wrapper: S31 scan event: status=0 aps=21 id=138
[CPU0] esp_event_post_wrapper: S31 Wi-Fi ISR calls: cpu0=606 cpu1=0
[CPU0] esp_wifi_scan_event_parse: S31 scan count: ret=0 aps=21
bssid / frequency / signal level / encode / ssid
24:a6:5e:39:f3:f0	2457	-92	0800	1901
98:0d:51:96:33:54	2437	-89	0800	HDMRC
08:f4:58:ab:c0:18	2437	-89	0800	HDMRC
b8:f8:83:2d:54:eb	2412	-89	0800	GS5.0
68:dd:b7:77:db:38	2462	-88	0800	JSL
60:10:9e:e0:a1:b2	2452	-88	0800	STB_Ufa9
c0:a4:76:e8:e1:eb	2437	-88	0800	@Ruijie-s9599
54:46:17:02:84:71	2417	-88	0800	CU_UStk
c2:a4:76:28:e1:eb	2437	-87	0800	@Ruijie-s9599_iot
98:bb:99:0b:c8:d8	2432	-87	0800	ASUS_1502
64:75:20:ad:ed:3e	2417	-87	0800	CU_6hQR
a4:ba:70:3a:61:31	2412	-87	0800	CU-C4F4_plus
b4:7c:a6:58:15:fe	2432	-86	0800	Home-Wireless
a4:ba:70:be:df:fb	2412	-86	0800	20371506
24:69:68:38:77:70	2412	-82	0800	wlj
90:7e:43:c9:d4:3c	2427	-80	0800	XXN3M
60:ce:41:46:0e:ec	2437	-77	0800	Kal'tsit
bc:54:fc:36:e1:c2	2462	-76	0800	MERCURY_E1C2
7c:39:85:2a:50:04	2462	-70	0800	Kal'tsit
60:ce:41:ab:02:d0	2462	-66	0800	Kal'tsit
60:ce:41:ab:02:d2	2462	-65	0800	STB_T4Zp
nsh> [K
nsh> [K
XTS_5.1.42_SCAN=11 PASS AP_COUNT=21
--- CMD: wapi scan wlan0 ---
wapi scan wlan0
[CPU0] esp_wifi_start_scan: S31 scan request: type=0 channel=0 country_ret=0 first=1 count=11
[CPU0] esp_event_post_wrapper: S31 scan event: status=0 aps=18 id=139
[CPU0] esp_event_post_wrapper: S31 Wi-Fi ISR calls: cpu0=657 cpu1=0
[CPU0] esp_wifi_scan_event_parse: S31 scan count: ret=0 aps=18
bssid / frequency / signal level / encode / ssid
24:a6:5e:39:f3:f0	2457	-90	0800	1901
60:10:9e:e0:a1:b2	2452	-89	0800	STB_Ufa9
60:10:9e:e0:a1:b0	2452	-89	0800	CU_1409
08:f4:58:ab:c0:18	2437	-88	0800	HDMRC
b8:f8:83:2d:54:eb	2412	-88	0800	GS5.0
d8:31:39:80:18:b0	2457	-87	0800	CU_9wN9
10:9f:4f:43:b2:ca	2437	-87	0800	CMCC-C2C9
64:75:20:ad:ed:3e	2417	-87	0800	CU_6hQR
c4:16:c8:5a:e5:6c	2462	-86	0800	HUAWEI-J
68:dd:b7:77:db:38	2462	-85	0800	JSL
3c:06:a7:2a:3e:71	2437	-85	0800	KYAFL
a4:ba:70:3a:61:31	2412	-85	0800	CU-C4F4_plus
24:69:68:38:77:70	2412	-82	0800	wlj
bc:54:fc:36:e1:c2	2462	-76	0800	MERCURY_E1C2
7c:39:85:2a:50:04	2462	-76	0800	Kal'tsit
60:ce:41:46:0e:ec	2437	-75	0800	Kal'tsit
60:ce:41:ab:02:d0	2462	-65	0800	Kal'tsit
60:ce:41:ab:02:d2	2462	-64	0800	STB_T4Zp
nsh> [K
nsh> [K
XTS_5.1.42_SCAN=12 PASS AP_COUNT=18
--- CMD: wapi scan wlan0 ---
wapi scan wlan0
[CPU0] esp_wifi_start_scan: S31 scan request: type=0 channel=0 country_ret=0 first=1 count=11
[CPU0] esp_event_post_wrapper: S31 scan event: status=0 aps=20 id=140
[CPU0] esp_event_post_wrapper: S31 Wi-Fi ISR calls: cpu0=718 cpu1=0
[CPU0] esp_wifi_scan_event_parse: S31 scan count: ret=0 aps=20
bssid / frequency / signal level / encode / ssid
48:bd:4a:40:a2:e6	2462	-91	0800	STB_Gy2m
cc:bc:e3:16:ba:00	2412	-91	0800	CU_Gy2m
24:5a:5f:78:74:42	2462	-89	0800	falcom219
c2:a4:76:28:e1:eb	2437	-89	0800	@Ruijie-s9599_iot
64:75:20:ad:ed:3e	2417	-89	0800	CU_6hQR
c0:a4:76:e8:e1:eb	2437	-88	0800	@Ruijie-s9599
b8:f8:83:2d:54:eb	2412	-88	0800	GS5.0
a4:ba:70:3a:61:31	2412	-87	0800	CU-C4F4_plus
3c:06:a7:2a:3e:71	2437	-86	0800	KYAFL
08:f4:58:ab:c0:18	2437	-86	0800	HDMRC
ca:33:e5:05:fe:88	2432	-86	0800	阳光
c4:16:c8:5a:e5:6c	2462	-84	0800	HUAWEI-J
b4:7c:a6:58:15:fe	2432	-84	0800	Home-Wireless
24:69:68:38:77:70	2412	-82	0800	wlj
90:7e:43:c9:d4:3c	2427	-80	0800	XXN3M
bc:54:fc:36:e1:c2	2462	-76	0800	MERCURY_E1C2
60:ce:41:46:0e:ec	2437	-76	0800	Kal'tsit
7c:39:85:2a:50:04	2462	-70	0800	Kal'tsit
60:ce:41:ab:02:d2	2462	-65	0800	STB_T4Zp
60:ce:41:ab:02:d0	2462	-64	0800	Kal'tsit
nsh> [K
nsh> [K
XTS_5.1.42_SCAN=13 PASS AP_COUNT=20
--- CMD: wapi scan wlan0 ---
wapi scan wlan0
[CPU0] esp_wifi_start_scan: S31 scan request: type=0 channel=0 country_ret=0 first=1 count=11
[CPU0] esp_event_post_wrapper: S31 scan event: status=0 aps=22 id=141
[CPU0] esp_event_post_wrapper: S31 Wi-Fi ISR calls: cpu0=781 cpu1=0
[CPU0] esp_wifi_scan_event_parse: S31 scan count: ret=0 aps=22
bssid / frequency / signal level / encode / ssid
cc:bc:e3:16:ba:00	2412	-91	0800	CU_Gy2m
24:a6:5e:39:f3:f0	2457	-89	0800	1901
60:10:9e:e0:a1:b0	2452	-89	0800	CU_1409
64:75:20:ad:ed:3e	2417	-89	0800	CU_6hQR
d8:31:39:80:18:b0	2457	-88	0800	CU_9wN9
08:f4:58:ab:c0:18	2437	-88	0800	HDMRC
a4:ba:70:be:df:fb	2412	-88	0800	20371506
a4:ba:70:3a:61:31	2412	-88	0800	CU-C4F4_plus
60:10:9e:e0:a1:b2	2452	-87	0800	STB_Ufa9
c2:a4:76:28:e1:eb	2437	-87	0800	@Ruijie-s9599_iot
c0:a4:76:e8:e1:eb	2437	-87	0800	@Ruijie-s9599
b4:7c:a6:58:15:fe	2432	-87	0800	Home-Wireless
3c:06:a7:2a:3e:71	2437	-86	0800	KYAFL
30:99:35:5e:4f:63	2432	-86	0800	CU_nhbU
c4:16:c8:5a:e5:6c	2462	-85	0800	HUAWEI-J
24:69:68:38:77:70	2412	-83	0800	wlj
50:78:b3:a3:c4:f4	2412	-83	0800	CU-C4F4
60:ce:41:46:0e:ec	2437	-81	0800	Kal'tsit
bc:54:fc:36:e1:c2	2462	-76	0800	MERCURY_E1C2
7c:39:85:2a:50:04	2462	-70	0800	Kal'tsit
60:ce:41:ab:02:d0	2462	-65	0800	Kal'tsit
60:ce:41:ab:02:d2	2462	-64	0800	STB_T4Zp
nsh> [K
nsh> [K
XTS_5.1.42_SCAN=14 PASS AP_COUNT=22
--- CMD: wapi scan wlan0 ---
wapi scan wlan0
[CPU0] esp_wifi_start_scan: S31 scan request: type=0 channel=0 country_ret=0 first=1 count=11
[CPU0] esp_event_post_wrapper: S31 scan event: status=0 aps=17 id=142
[CPU0] esp_event_post_wrapper: S31 Wi-Fi ISR calls: cpu0=852 cpu1=0
[CPU0] esp_wifi_scan_event_parse: S31 scan count: ret=0 aps=17
bssid / frequency / signal level / encode / ssid
60:10:9e:e0:a1:b0	2452	-90	0800	CU_1409
c2:a4:76:28:e1:eb	2437	-89	0800	@Ruijie-s9599_iot
a4:ba:70:be:df:fb	2412	-89	0800	20371506
a4:ba:70:3a:61:31	2412	-89	0800	CU-C4F4_plus
d8:31:39:80:18:b0	2457	-88	0800	CU_9wN9
08:f4:58:ab:c0:18	2437	-88	0800	HDMRC
64:75:20:ad:ed:3e	2417	-88	0800	CU_6hQR
c0:a4:76:e8:e1:eb	2437	-87	0800	@Ruijie-s9599
98:0d:51:96:33:54	2437	-84	0800	HDMRC
24:69:68:38:77:70	2412	-83	0800	wlj
94:bf:80:7e:6f:c9	2427	-82	0800	CU_rfNY
50:78:b3:a3:c4:f4	2412	-82	0800	CU-C4F4
7c:39:85:2a:50:04	2462	-78	0800	Kal'tsit
bc:54:fc:36:e1:c2	2462	-76	0800	MERCURY_E1C2
60:ce:41:46:0e:ec	2437	-76	0800	Kal'tsit
60:ce:41:ab:02:d0	2462	-62	0800	Kal'tsit
60:ce:41:ab:02:d2	2462	-61	0800	STB_T4Zp
nsh> [K
nsh> [K
XTS_5.1.42_SCAN=15 PASS AP_COUNT=17
--- CMD: wapi scan wlan0 ---
wapi scan wlan0
[CPU0] esp_wifi_start_scan: S31 scan request: type=0 channel=0 country_ret=0 first=1 count=11
[CPU0] esp_event_post_wrapper: S31 scan event: status=0 aps=16 id=143
[CPU0] esp_event_post_wrapper: S31 Wi-Fi ISR calls: cpu0=914 cpu1=0
[CPU0] esp_wifi_scan_event_parse: S31 scan count: ret=0 aps=16
bssid / frequency / signal level / encode / ssid
24:5a:5f:78:74:42	2462	-90	0800	falcom219
24:a6:5e:39:f3:f0	2457	-90	0800	1901
08:f4:58:ab:c0:18	2437	-90	0800	HDMRC
64:75:20:ad:ed:3e	2417	-89	0800	CU_6hQR
a4:ba:70:be:df:fb	2412	-88	0800	20371506
c2:a4:76:28:e1:eb	2437	-87	0800	@Ruijie-s9599_iot
3c:06:a7:2a:3e:71	2437	-85	0800	KYAFL
ca:33:e5:05:fe:88	2432	-85	0800	阳光
24:69:68:38:77:70	2412	-83	0800	wlj
50:78:b3:a3:c4:f4	2412	-83	0800	CU-C4F4
94:bf:80:7e:6f:c9	2427	-81	0800	CU_rfNY
bc:54:fc:36:e1:c2	2462	-77	0800	MERCURY_E1C2
60:ce:41:46:0e:ec	2437	-76	0800	Kal'tsit
7c:39:85:2a:50:04	2462	-70	0800	Kal'tsit
60:ce:41:ab:02:d0	2462	-66	0800	Kal'tsit
60:ce:41:ab:02:d2	2462	-65	0800	STB_T4Zp
nsh> [K
nsh> [K
XTS_5.1.42_SCAN=16 PASS AP_COUNT=16
--- CMD: wapi scan wlan0 ---
wapi scan wlan0
[CPU1] esp_wifi_start_scan: S31 scan request: type=0 channel=0 country_ret=0 first=1 count=11
[CPU0] esp_event_post_wrapper: S31 scan event: status=0 aps=20 id=144
[CPU0] esp_event_post_wrapper: S31 Wi-Fi ISR calls: cpu0=969 cpu1=0
[CPU0] esp_wifi_scan_event_parse: S31 scan count: ret=0 aps=20
bssid / frequency / signal level / encode / ssid
60:10:9e:e0:a1:b0	2452	-91	0800	CU_1409
cc:bc:e3:16:ba:00	2412	-91	0800	CU_Gy2m
48:bd:4a:40:a2:e6	2462	-90	0800	STB_Gy2m
24:5a:5f:78:74:42	2462	-90	0800	falcom219
08:f4:58:ab:c0:18	2437	-90	0800	HDMRC
d8:31:39:80:18:b0	2457	-88	0800	CU_9wN9
c2:a4:76:28:e1:eb	2437	-88	0800	@Ruijie-s9599_iot
4c:10:d5:ea:02:04	2472	-87	0800	TP-LINK_0204
68:dd:b7:77:db:38	2462	-86	0800	JSL
60:10:9e:e0:a1:b2	2452	-86	0800	STB_Ufa9
3c:06:a7:2a:3e:71	2437	-86	0800	KYAFL
a4:ba:70:3a:61:31	2412	-86	0800	CU-C4F4_plus
c4:16:c8:5a:e5:6c	2462	-84	0800	HUAWEI-J
24:69:68:38:77:70	2412	-82	0800	wlj
94:bf:80:7e:6f:c9	2427	-81	0800	CU_rfNY
50:78:b3:a3:c4:f4	2412	-81	0800	CU-C4F4
bc:54:fc:36:e1:c2	2462	-76	0800	MERCURY_E1C2
60:ce:41:46:0e:ec	2437	-76	0800	Kal'tsit
60:ce:41:ab:02:d2	2462	-65	0800	STB_T4Zp
60:ce:41:ab:02:d0	2462	-65	0800	Kal'tsit
nsh> [K
nsh> [K
XTS_5.1.42_SCAN=17 PASS AP_COUNT=20
--- CMD: wapi scan wlan0 ---
wapi scan wlan0
[CPU0] esp_wifi_start_scan: S31 scan request: type=0 channel=0 country_ret=0 first=1 count=11
[CPU0] esp_event_post_wrapper: S31 scan event: status=0 aps=15 id=145
[CPU0] esp_event_post_wrapper: S31 Wi-Fi ISR calls: cpu0=1023 cpu1=0
[CPU0] esp_wifi_scan_event_parse: S31 scan count: ret=0 aps=15
bssid / frequency / signal level / encode / ssid
24:5a:5f:78:74:42	2462	-90	0800	falcom219
60:10:9e:e0:a1:b0	2452	-90	0800	CU_1409
b8:f8:83:2d:54:eb	2412	-90	0800	GS5.0
c0:a4:76:31:55:84	2437	-88	0800	爱我的女孩
d8:31:39:80:18:b0	2457	-87	0800	CU_9wN9
54:46:17:02:84:71	2417	-87	0800	CU_UStk
a4:ba:70:3a:61:31	2412	-86	0800	CU-C4F4_plus
50:78:b3:a3:c4:f4	2412	-83	0800	CU-C4F4
90:7e:43:c9:d4:3c	2427	-81	0800	XXN3M
bc:54:fc:36:e1:c2	2462	-76	0800	MERCURY_E1C2
60:ce:41:46:0e:ec	2437	-75	0800	Kal'tsit
24:69:68:38:77:70	2412	-74	0800	wlj
60:ce:41:ab:02:d0	2462	-66	0800	Kal'tsit
7c:39:85:2a:50:04	2462	-66	0800	Kal'tsit
60:ce:41:ab:02:d2	2462	-65	0800	STB_T4Zp
nsh> [K
nsh> [K
XTS_5.1.42_SCAN=18 PASS AP_COUNT=15
--- CMD: wapi scan wlan0 ---
wapi scan wlan0
[CPU0] esp_wifi_start_scan: S31 scan request: type=0 channel=0 country_ret=0 first=1 count=11
[CPU0] esp_event_post_wrapper: S31 scan event: status=0 aps=16 id=146
[CPU0] esp_event_post_wrapper: S31 Wi-Fi ISR calls: cpu0=1081 cpu1=0
[CPU0] esp_wifi_scan_event_parse: S31 scan count: ret=0 aps=16
bssid / frequency / signal level / encode / ssid
24:5a:5f:78:74:42	2462	-91	0800	falcom219
24:a6:5e:39:f3:f0	2457	-90	0800	1901
60:10:9e:e0:a1:b0	2452	-89	0800	CU_1409
08:f4:58:ab:c0:18	2437	-87	0800	HDMRC
a4:ba:70:3a:61:31	2412	-87	0800	CU-C4F4_plus
c2:a4:76:28:e1:eb	2437	-86	0800	@Ruijie-s9599_iot
c0:a4:76:e8:e1:eb	2437	-86	0800	@Ruijie-s9599
c4:16:c8:5a:e5:6c	2462	-85	0800	HUAWEI-J
ca:33:e5:05:fe:88	2432	-85	0800	阳光
b4:7c:a6:58:15:fe	2432	-85	0800	Home-Wireless
50:78:b3:a3:c4:f4	2412	-83	0800	CU-C4F4
60:ce:41:46:0e:ec	2437	-81	0800	Kal'tsit
24:69:68:38:77:70	2412	-81	0800	wlj
7c:39:85:2a:50:04	2462	-70	0800	Kal'tsit
60:ce:41:ab:02:d0	2462	-65	0800	Kal'tsit
60:ce:41:ab:02:d2	2462	-64	0800	STB_T4Zp
nsh> [K
nsh> [K
XTS_5.1.42_SCAN=19 PASS AP_COUNT=16
--- CMD: wapi scan wlan0 ---
wapi scan wlan0
[CPU0] esp_wifi_start_scan: S31 scan request: type=0 channel=0 country_ret=0 first=1 count=11
[CPU0] esp_event_post_wrapper: S31 scan event: status=0 aps=21 id=147
[CPU0] esp_event_post_wrapper: S31 Wi-Fi ISR calls: cpu0=1135 cpu1=0
[CPU0] esp_wifi_scan_event_parse: S31 scan count: ret=0 aps=21
bssid / frequency / signal level / encode / ssid
60:10:9e:e0:a1:b0	2452	-89	0800	CU_1409
08:f4:58:ab:c0:18	2437	-89	0800	HDMRC
24:5a:5f:78:74:42	2462	-88	0800	falcom219
d8:31:39:80:18:b0	2457	-88	0800	CU_9wN9
54:46:17:02:84:71	2417	-88	0800	CU_UStk
c2:a4:76:28:e1:eb	2437	-87	0800	@Ruijie-s9599_iot
c0:a4:76:e8:e1:eb	2437	-87	0800	@Ruijie-s9599
c8:cd:55:f5:00:a1	2422	-87	0800	海淀区物资回收公司
64:75:20:ad:ed:3e	2417	-87	0800	CU_6hQR
4c:10:d5:ea:02:04	2472	-86	0800	TP-LINK_0204
b4:7c:a6:58:15:fe	2432	-86	0800	Home-Wireless
a4:ba:70:3a:61:31	2412	-86	0800	CU-C4F4_plus
a4:ba:70:be:df:fb	2412	-85	0800	20371506
c4:16:c8:5a:e5:6c	2462	-83	0800	HUAWEI-J
50:78:b3:a3:c4:f4	2412	-82	0800	CU-C4F4
98:0d:51:96:33:54	2437	-81	0800	HDMRC
24:69:68:38:77:70	2412	-81	0800	wlj
7c:39:85:2a:50:04	2462	-75	0800	Kal'tsit
60:ce:41:46:0e:ec	2437	-75	0800	Kal'tsit
60:ce:41:ab:02:d2	2462	-65	0800	STB_T4Zp
60:ce:41:ab:02:d0	2462	-64	0800	Kal'tsit
nsh> [K
nsh> [K
XTS_5.1.42_SCAN=20 PASS AP_COUNT=21
--- CMD: wapi scan wlan0 ---
wapi scan wlan0
[CPU0] esp_wifi_start_scan: S31 scan request: type=0 channel=0 country_ret=0 first=1 count=11
[CPU0] esp_event_post_wrapper: S31 scan event: status=0 aps=20 id=148
[CPU0] esp_event_post_wrapper: S31 Wi-Fi ISR calls: cpu0=1197 cpu1=0
[CPU0] esp_wifi_scan_event_parse: S31 scan count: ret=0 aps=20
bssid / frequency / signal level / encode / ssid
68:dd:b7:77:db:38	2462	-90	0800	JSL
c0:a4:76:e8:e1:eb	2437	-89	0800	@Ruijie-s9599
08:f4:58:ab:c0:18	2437	-89	0800	HDMRC
a4:ba:70:3a:61:31	2412	-89	0800	CU-C4F4_plus
d8:31:39:80:18:b0	2457	-87	0800	CU_9wN9
60:10:9e:e0:a1:b2	2452	-87	0800	STB_Ufa9
60:10:9e:e0:a1:b0	2452	-87	0800	CU_1409
b8:f8:83:2d:54:eb	2412	-87	0800	GS5.0
c8:cd:55:f5:00:39	2422	-86	0800	海淀区物资回收公司
c4:16:c8:5a:e5:6c	2462	-85	0800	HUAWEI-J
b4:7c:a6:58:15:fe	2432	-84	0800	Home-Wireless
50:78:b3:a3:c4:f4	2412	-83	0800	CU-C4F4
60:ce:41:46:0e:ec	2437	-82	0800	Kal'tsit
94:bf:80:7e:6f:c9	2427	-80	0800	CU_rfNY
24:69:68:38:77:70	2412	-80	0800	wlj
90:7e:43:c9:d4:3c	2427	-79	0800	XXN3M
7c:39:85:2a:50:04	2462	-75	0800	Kal'tsit
bc:54:fc:36:e1:c2	2462	-74	0800	MERCURY_E1C2
60:ce:41:ab:02:d2	2462	-65	0800	STB_T4Zp
60:ce:41:ab:02:d0	2462	-65	0800	Kal'tsit
nsh> [K
nsh> [K
XTS_5.1.42_SCAN=21 PASS AP_COUNT=20
--- CMD: wapi scan wlan0 ---
wapi scan wlan0
[CPU1] esp_wifi_start_scan: S31 scan request: type=0 channel=0 country_ret=0 first=1 count=11
[CPU0] esp_event_post_wrapper: S31 scan event: status=0 aps=17 id=149
[CPU0] esp_event_post_wrapper: S31 Wi-Fi ISR calls: cpu0=1245 cpu1=0
[CPU0] esp_wifi_scan_event_parse: S31 scan count: ret=0 aps=17
bssid / frequency / signal level / encode / ssid
24:5a:5f:78:74:42	2462	-90	0800	falcom219
60:10:9e:e0:a1:b0	2452	-90	0800	CU_1409
08:f4:58:ab:c0:18	2437	-90	0800	HDMRC
64:75:20:ad:ed:3e	2417	-88	0800	CU_6hQR
a4:ba:70:be:df:fb	2412	-88	0800	20371506
a4:ba:70:3a:61:31	2412	-88	0800	CU-C4F4_plus
c0:a4:76:e8:e1:eb	2437	-87	0800	@Ruijie-s9599
cc:bc:e3:16:ba:00	2412	-87	0800	CU_Gy2m
c2:a4:76:28:e1:eb	2437	-86	0800	@Ruijie-s9599_iot
b4:7c:a6:58:15:fe	2432	-86	0800	Home-Wireless
50:78:b3:a3:c4:f4	2412	-83	0800	CU-C4F4
24:69:68:38:77:70	2412	-81	0800	wlj
7c:39:85:2a:50:04	2462	-77	0800	Kal'tsit
bc:54:fc:36:e1:c2	2462	-76	0800	MERCURY_E1C2
60:ce:41:46:0e:ec	2437	-76	0800	Kal'tsit
60:ce:41:ab:02:d0	2462	-65	0800	Kal'tsit
60:ce:41:ab:02:d2	2462	-64	0800	STB_T4Zp
nsh> [K
nsh> [K
XTS_5.1.42_SCAN=22 PASS AP_COUNT=17
--- CMD: wapi scan wlan0 ---
wapi scan wlan0
[CPU0] esp_wifi_start_scan: S31 scan request: type=0 channel=0 country_ret=0 first=1 count=11
[CPU0] esp_event_post_wrapper: S31 scan event: status=0 aps=16 id=150
[CPU0] esp_event_post_wrapper: S31 Wi-Fi ISR calls: cpu0=1303 cpu1=0
[CPU0] esp_wifi_scan_event_parse: S31 scan count: ret=0 aps=16
bssid / frequency / signal level / encode / ssid
c2:a4:76:28:e1:eb	2437	-88	0800	@Ruijie-s9599_iot
64:75:20:ad:ed:3e	2417	-88	0800	CU_6hQR
b8:f8:83:2d:54:eb	2412	-88	0800	GS5.0
a4:ba:70:be:df:fb	2412	-88	0800	20371506
a4:ba:70:3a:61:31	2412	-88	0800	CU-C4F4_plus
c4:16:c8:5a:e5:6c	2462	-85	0800	HUAWEI-J
4c:10:d5:ea:02:04	2472	-84	0800	TP-LINK_0204
98:0d:51:96:33:54	2437	-84	0800	HDMRC
c8:cd:55:f5:00:a1	2422	-84	0800	海淀区物资回收公司
50:78:b3:a3:c4:f4	2412	-83	0800	CU-C4F4
24:69:68:38:77:70	2412	-82	0800	wlj
7c:39:85:2a:50:04	2462	-79	0800	Kal'tsit
60:ce:41:46:0e:ec	2437	-76	0800	Kal'tsit
bc:54:fc:36:e1:c2	2462	-75	0800	MERCURY_E1C2
60:ce:41:ab:02:d0	2462	-65	0800	Kal'tsit
60:ce:41:ab:02:d2	2462	-64	0800	STB_T4Zp
nsh> [K
nsh> [K
XTS_5.1.42_SCAN=23 PASS AP_COUNT=16
--- CMD: wapi scan wlan0 ---
wapi scan wlan0
[CPU0] esp_wifi_start_scan: S31 scan request: type=0 channel=0 country_ret=0 first=1 count=11
[CPU0] esp_event_post_wrapper: S31 scan event: status=0 aps=15 id=151
[CPU0] esp_event_post_wrapper: S31 Wi-Fi ISR calls: cpu0=1356 cpu1=0
[CPU0] esp_wifi_scan_event_parse: S31 scan count: ret=0 aps=15
bssid / frequency / signal level / encode / ssid
24:5a:5f:78:74:42	2462	-89	0800	falcom219
b8:f8:83:2d:54:eb	2412	-89	0800	GS5.0
a4:ba:70:be:df:fb	2412	-88	0800	20371506
c2:a4:76:28:e1:eb	2437	-87	0800	@Ruijie-s9599_iot
54:46:17:02:84:71	2417	-87	0800	CU_UStk
ca:33:e5:05:fe:88	2432	-86	0800	阳光
b4:7c:a6:58:15:fe	2432	-85	0800	Home-Wireless
3c:06:a7:2a:3e:71	2437	-84	0800	KYAFL
94:bf:80:7e:6f:c9	2427	-82	0800	CU_rfNY
24:69:68:38:77:70	2412	-82	0800	wlj
50:78:b3:a3:c4:f4	2412	-82	0800	CU-C4F4
60:ce:41:46:0e:ec	2437	-77	0800	Kal'tsit
7c:39:85:2a:50:04	2462	-70	0800	Kal'tsit
60:ce:41:ab:02:d0	2462	-66	0800	Kal'tsit
60:ce:41:ab:02:d2	2462	-64	0800	STB_T4Zp
nsh> [K
nsh> [K
XTS_5.1.42_SCAN=24 PASS AP_COUNT=15
--- CMD: wapi scan wlan0 ---
wapi scan wlan0
[CPU1] esp_wifi_start_scan: S31 scan request: type=0 channel=0 country_ret=0 first=1 count=11
[CPU0] esp_event_post_wrapper: S31 scan event: status=0 aps=18 id=152
[CPU0] esp_event_post_wrapper: S31 Wi-Fi ISR calls: cpu0=1412 cpu1=0
[CPU0] esp_wifi_scan_event_parse: S31 scan count: ret=0 aps=18
bssid / frequency / signal level / encode / ssid
24:5a:5f:78:74:42	2462	-90	0800	falcom219
b8:f8:83:2d:54:eb	2412	-90	0800	GS5.0
60:10:9e:e0:a1:b0	2452	-88	0800	CU_1409
c2:a4:76:28:e1:eb	2437	-88	0800	@Ruijie-s9599_iot
c0:a4:76:e8:e1:eb	2437	-87	0800	@Ruijie-s9599
a4:ba:70:3a:61:31	2412	-87	0800	CU-C4F4_plus
54:46:17:02:84:71	2417	-86	0800	CU_UStk
64:75:20:ad:ed:3e	2417	-86	0800	CU_6hQR
c4:16:c8:5a:e5:6c	2462	-84	0800	HUAWEI-J
98:0d:51:96:33:54	2437	-84	0800	HDMRC
50:78:b3:a3:c4:f4	2412	-84	0800	CU-C4F4
94:bf:80:7e:6f:c9	2427	-80	0800	CU_rfNY
90:7e:43:c9:d4:3c	2427	-79	0800	XXN3M
7c:39:85:2a:50:04	2462	-78	0800	Kal'tsit
60:ce:41:46:0e:ec	2437	-76	0800	Kal'tsit
bc:54:fc:36:e1:c2	2462	-72	0800	MERCURY_E1C2
60:ce:41:ab:02:d0	2462	-65	0800	Kal'tsit
60:ce:41:ab:02:d2	2462	-64	0800	STB_T4Zp
nsh> [K
nsh> [K
XTS_5.1.42_SCAN=25 PASS AP_COUNT=18
--- CMD: wapi scan wlan0 ---
wapi scan wlan0
[CPU0] esp_wifi_start_scan: S31 scan request: type=0 channel=0 country_ret=0 first=1 count=11
[CPU0] esp_event_post_wrapper: S31 scan event: status=0 aps=18 id=153
[CPU0] esp_event_post_wrapper: S31 Wi-Fi ISR calls: cpu0=1465 cpu1=0
[CPU0] esp_wifi_scan_event_parse: S31 scan count: ret=0 aps=18
bssid / frequency / signal level / encode / ssid
60:10:9e:e0:a1:b0	2452	-90	0800	CU_1409
24:5a:5f:78:74:42	2462	-89	0800	falcom219
c0:a4:76:e8:e1:eb	2437	-89	0800	@Ruijie-s9599
64:75:20:ad:ed:3e	2417	-88	0800	CU_6hQR
c2:a4:76:28:e1:eb	2437	-87	0800	@Ruijie-s9599_iot
a4:ba:70:3a:61:31	2412	-87	0800	CU-C4F4_plus
c8:cd:55:f5:00:39	2422	-86	0800	海淀区物资回收公司
f2:4e:a4:f6:7e:c5	2472	-85	0800	DIRECT-C5-HP 3104fdw LJ
c8:cd:55:f5:00:a1	2422	-84	0800	海淀区物资回收公司
d8:31:39:80:18:b0	2457	-83	0800	CU_9wN9
50:78:b3:a3:c4:f4	2412	-83	0800	CU-C4F4
60:ce:41:46:0e:ec	2437	-82	0800	Kal'tsit
24:69:68:38:77:70	2412	-82	0800	wlj
94:bf:80:7e:6f:c9	2427	-81	0800	CU_rfNY
7c:39:85:2a:50:04	2462	-75	0800	Kal'tsit
bc:54:fc:36:e1:c2	2462	-74	0800	MERCURY_E1C2
60:ce:41:ab:02:d0	2462	-65	0800	Kal'tsit
60:ce:41:ab:02:d2	2462	-64	0800	STB_T4Zp
nsh> [K
nsh> [K
XTS_5.1.42_SCAN=26 PASS AP_COUNT=18
--- CMD: wapi scan wlan0 ---
wapi scan wlan0
[CPU0] esp_wifi_start_scan: S31 scan request: type=0 channel=0 country_ret=0 first=1 count=11
[CPU0] esp_event_post_wrapper: S31 scan event: status=0 aps=21 id=154
[CPU0] esp_event_post_wrapper: S31 Wi-Fi ISR calls: cpu0=1515 cpu1=0
[CPU0] esp_wifi_scan_event_parse: S31 scan count: ret=0 aps=21
bssid / frequency / signal level / encode / ssid
c0:a4:76:e8:e1:eb	2437	-91	0800	@Ruijie-s9599
c2:a4:76:28:e1:eb	2437	-90	0800	@Ruijie-s9599_iot
cc:bc:e3:16:ba:00	2412	-89	0800	CU_Gy2m
b8:f8:83:2d:54:eb	2412	-89	0800	GS5.0
24:5a:5f:78:74:42	2462	-88	0800	falcom219
10:4d:43:88:6f:20	2437	-88	0800	CMCC-fYyy
08:f4:58:ab:c0:18	2437	-88	0800	HDMRC
54:46:17:02:84:71	2417	-88	0800	CU_UStk
64:75:20:ad:ed:3e	2417	-88	0800	CU_6hQR
a4:ba:70:be:df:fb	2412	-86	0800	20371506
a4:ba:70:3a:61:31	2412	-86	0800	CU-C4F4_plus
c4:16:c8:5a:e5:6c	2462	-85	0800	HUAWEI-J
ca:33:e5:05:fe:88	2432	-84	0800	阳光
50:78:b3:a3:c4:f4	2412	-83	0800	CU-C4F4
24:69:68:38:77:70	2412	-83	0800	wlj
94:bf:80:7e:6f:c9	2427	-82	0800	CU_rfNY
7c:39:85:2a:50:04	2462	-80	0800	Kal'tsit
60:ce:41:46:0e:ec	2437	-75	0800	Kal'tsit
bc:54:fc:36:e1:c2	2462	-74	0800	MERCURY_E1C2
60:ce:41:ab:02:d2	2462	-66	0800	STB_T4Zp
60:ce:41:ab:02:d0	2462	-64	0800	Kal'tsit
nsh> [K
nsh> [K
XTS_5.1.42_SCAN=27 PASS AP_COUNT=21
--- CMD: wapi scan wlan0 ---
wapi scan wlan0
[CPU0] esp_wifi_start_scan: S31 scan request: type=0 channel=0 country_ret=0 first=1 count=11
[CPU0] esp_event_post_wrapper: S31 scan event: status=0 aps=14 id=155
[CPU0] esp_event_post_wrapper: S31 Wi-Fi ISR calls: cpu0=1575 cpu1=0
[CPU0] esp_wifi_scan_event_parse: S31 scan count: ret=0 aps=14
bssid / frequency / signal level / encode / ssid
24:5a:5f:78:74:42	2462	-90	0800	falcom219
c2:a4:76:28:e1:eb	2437	-88	0800	@Ruijie-s9599_iot
a4:ba:70:be:df:fb	2412	-88	0800	20371506
d8:31:39:80:18:b0	2457	-87	0800	CU_9wN9
08:f4:58:ab:c0:18	2437	-87	0800	HDMRC
a4:ba:70:3a:61:31	2412	-87	0800	CU-C4F4_plus
64:75:20:ad:ed:3e	2417	-86	0800	CU_6hQR
b4:7c:a6:58:15:fe	2432	-85	0800	Home-Wireless
50:78:b3:a3:c4:f4	2412	-82	0800	CU-C4F4
94:bf:80:7e:6f:c9	2427	-80	0800	CU_rfNY
bc:54:fc:36:e1:c2	2462	-76	0800	MERCURY_E1C2
60:ce:41:46:0e:ec	2437	-75	0800	Kal'tsit
60:ce:41:ab:02:d0	2462	-65	0800	Kal'tsit
60:ce:41:ab:02:d2	2462	-64	0800	STB_T4Zp
nsh> [K
nsh> [K
XTS_5.1.42_SCAN=28 PASS AP_COUNT=14
--- CMD: wapi scan wlan0 ---
wapi scan wlan0
[CPU0] esp_wifi_start_scan: S31 scan request: type=0 channel=0 country_ret=0 first=1 count=11
[CPU0] esp_event_post_wrapper: S31 scan event: status=0 aps=17 id=156
[CPU0] esp_event_post_wrapper: S31 Wi-Fi ISR calls: cpu0=1631 cpu1=0
[CPU0] esp_wifi_scan_event_parse: S31 scan count: ret=0 aps=17
bssid / frequency / signal level / encode / ssid
24:a6:5e:39:f3:f0	2457	-91	0800	1901
24:5a:5f:78:74:42	2462	-89	0800	falcom219
08:f4:58:ab:c0:18	2437	-88	0800	HDMRC
cc:bc:e3:16:ba:00	2412	-88	0800	CU_Gy2m
4c:10:d5:ea:02:04	2472	-87	0800	TP-LINK_0204
c2:a4:76:28:e1:eb	2437	-87	0800	@Ruijie-s9599_iot
c0:a4:76:e8:e1:eb	2437	-87	0800	@Ruijie-s9599
3c:06:a7:2a:3e:71	2437	-86	0800	KYAFL
b4:7c:a6:58:15:fe	2432	-86	0800	Home-Wireless
50:78:b3:a3:c4:f4	2412	-84	0800	CU-C4F4
94:bf:80:7e:6f:c9	2427	-80	0800	CU_rfNY
90:7e:43:c9:d4:3c	2427	-80	0800	XXN3M
bc:54:fc:36:e1:c2	2462	-76	0800	MERCURY_E1C2
60:ce:41:46:0e:ec	2437	-76	0800	Kal'tsit
7c:39:85:2a:50:04	2462	-66	0800	Kal'tsit
60:ce:41:ab:02:d2	2462	-65	0800	STB_T4Zp
60:ce:41:ab:02:d0	2462	-65	0800	Kal'tsit
nsh> [K
nsh> [K
XTS_5.1.42_SCAN=29 PASS AP_COUNT=17
--- CMD: wapi scan wlan0 ---
wapi scan wlan0
[CPU0] esp_wifi_start_scan: S31 scan request: type=0 channel=0 country_ret=0 first=1 count=11
[CPU0] esp_event_post_wrapper: S31 scan event: status=0 aps=8 id=157
[CPU0] esp_event_post_wrapper: S31 Wi-Fi ISR calls: cpu0=1672 cpu1=0
[CPU0] esp_wifi_scan_event_parse: S31 scan count: ret=0 aps=8
bssid / frequency / signal level / encode / ssid
54:46:17:02:84:71	2417	-88	0800	CU_UStk
c4:16:c8:5a:e5:6c	2462	-85	0800	HUAWEI-J
50:78:b3:a3:c4:f4	2412	-83	0800	CU-C4F4
24:69:68:38:77:70	2412	-82	0800	wlj
7c:39:85:2a:50:04	2462	-79	0800	Kal'tsit
60:ce:41:46:0e:ec	2437	-75	0800	Kal'tsit
60:ce:41:ab:02:d0	2462	-66	0800	Kal'tsit
60:ce:41:ab:02:d2	2462	-57	0800	STB_T4Zp
nsh> [K
nsh> [K
XTS_5.1.42_SCAN=30 PASS AP_COUNT=8
--- CMD: wapi scan wlan0 ---
wapi scan wlan0
[CPU0] esp_wifi_start_scan: S31 scan request: type=0 channel=0 country_ret=0 first=1 count=11
[CPU0] esp_event_post_wrapper: S31 scan event: status=0 aps=11 id=158
[CPU0] esp_event_post_wrapper: S31 Wi-Fi ISR calls: cpu0=1715 cpu1=0
[CPU0] esp_wifi_scan_event_parse: S31 scan count: ret=0 aps=11
bssid / frequency / signal level / encode / ssid
a4:ba:70:3a:61:31	2412	-86	0800	CU-C4F4_plus
c4:16:c8:5a:e5:6c	2462	-85	0800	HUAWEI-J
68:dd:b7:77:db:38	2462	-84	0800	JSL
50:78:b3:a3:c4:f4	2412	-84	0800	CU-C4F4
24:69:68:38:77:70	2412	-81	0800	wlj
94:bf:80:7e:6f:c9	2427	-79	0800	CU_rfNY
bc:54:fc:36:e1:c2	2462	-76	0800	MERCURY_E1C2
60:ce:41:46:0e:ec	2437	-75	0800	Kal'tsit
7c:39:85:2a:50:04	2462	-70	0800	Kal'tsit
60:ce:41:ab:02:d2	2462	-65	0800	STB_T4Zp
60:ce:41:ab:02:d0	2462	-65	0800	Kal'tsit
nsh> [K
nsh> [K
XTS_5.1.42_SCAN=31 PASS AP_COUNT=11
--- CMD: wapi scan wlan0 ---
wapi scan wlan0
[CPU0] esp_wifi_start_scan: S31 scan request: type=0 channel=0 country_ret=0 first=1 count=11
[CPU0] esp_event_post_wrapper: S31 scan event: status=0 aps=11 id=159
[CPU0] esp_event_post_wrapper: S31 Wi-Fi ISR calls: cpu0=1757 cpu1=0
[CPU0] esp_wifi_scan_event_parse: S31 scan count: ret=0 aps=11
bssid / frequency / signal level / encode / ssid
3c:06:a7:2a:3e:71	2437	-89	0800	KYAFL
c0:a4:76:e8:e1:eb	2437	-88	0800	@Ruijie-s9599
a4:ba:70:3a:61:31	2412	-88	0800	CU-C4F4_plus
60:10:9e:e0:a1:b2	2452	-87	0800	STB_Ufa9
a4:ba:70:be:df:fb	2412	-87	0800	20371506
08:f4:58:ab:c0:18	2437	-86	0800	HDMRC
30:99:35:5e:4f:63	2432	-86	0800	CU_nhbU
ca:33:e5:05:fe:88	2432	-83	0800	阳光
7c:39:85:2a:50:04	2462	-78	0800	Kal'tsit
60:ce:41:46:0e:ec	2437	-75	0800	Kal'tsit
60:ce:41:ab:02:d0	2462	-64	0800	Kal'tsit
nsh> [K
nsh> [K
XTS_5.1.42_SCAN=32 PASS AP_COUNT=11
--- CMD: wapi scan wlan0 ---
wapi scan wlan0
[CPU0] esp_wifi_start_scan: S31 scan request: type=0 channel=0 country_ret=0 first=1 count=11
[CPU0] esp_event_post_wrapper: S31 scan event: status=0 aps=12 id=160
[CPU0] esp_event_post_wrapper: S31 Wi-Fi ISR calls: cpu0=1814 cpu1=0
[CPU0] esp_wifi_scan_event_parse: S31 scan count: ret=0 aps=12
bssid / frequency / signal level / encode / ssid
60:10:9e:e0:a1:b0	2452	-90	0800	CU_1409
cc:bc:e3:16:ba:00	2412	-89	0800	CU_Gy2m
c0:a4:76:e8:e1:eb	2437	-88	0800	@Ruijie-s9599
54:46:17:02:84:71	2417	-88	0800	CU_UStk
b8:f8:83:2d:54:eb	2412	-88	0800	GS5.0
d8:31:39:80:18:b0	2457	-87	0800	CU_9wN9
50:78:b3:a3:c4:f4	2412	-84	0800	CU-C4F4
24:69:68:38:77:70	2412	-82	0800	wlj
60:ce:41:46:0e:ec	2437	-76	0800	Kal'tsit
7c:39:85:2a:50:04	2462	-67	0800	Kal'tsit
60:ce:41:ab:02:d0	2462	-65	0800	Kal'tsit
60:ce:41:ab:02:d2	2462	-61	0800	STB_T4Zp
nsh> [K
nsh> [K
XTS_5.1.42_SCAN=33 PASS AP_COUNT=12
--- CMD: wapi scan wlan0 ---
wapi scan wlan0
[CPU0] esp_wifi_start_scan: S31 scan request: type=0 channel=0 country_ret=0 first=1 count=11
[CPU0] esp_event_post_wrapper: S31 scan event: status=0 aps=13 id=161
[CPU0] esp_event_post_wrapper: S31 Wi-Fi ISR calls: cpu0=1861 cpu1=0
[CPU0] esp_wifi_scan_event_parse: S31 scan count: ret=0 aps=13
bssid / frequency / signal level / encode / ssid
60:10:9e:e0:a1:b2	2452	-90	0800	STB_Ufa9
c8:cd:55:f5:00:39	2422	-88	0800	海淀区物资回收公司
54:46:17:02:84:71	2417	-86	0800	CU_UStk
a4:ba:70:3a:61:31	2412	-86	0800	CU-C4F4_plus
b8:f8:83:2d:54:eb	2412	-85	0800	GS5.0
94:bf:80:7e:6f:c9	2427	-83	0800	CU_rfNY
24:69:68:38:77:70	2412	-83	0800	wlj
50:78:b3:a3:c4:f4	2412	-83	0800	CU-C4F4
60:ce:41:46:0e:ec	2437	-80	0800	Kal'tsit
90:7e:43:c9:d4:3c	2427	-80	0800	XXN3M
bc:54:fc:36:e1:c2	2462	-76	0800	MERCURY_E1C2
60:ce:41:ab:02:d2	2462	-64	0800	STB_T4Zp
60:ce:41:ab:02:d0	2462	-64	0800	Kal'tsit
nsh> [K
nsh> [K
XTS_5.1.42_SCAN=34 PASS AP_COUNT=13
--- CMD: wapi scan wlan0 ---
wapi scan wlan0
[CPU0] esp_wifi_start_scan: S31 scan request: type=0 channel=0 country_ret=0 first=1 count=11
[CPU0] esp_event_post_wrapper: S31 scan event: status=0 aps=20 id=162
[CPU0] esp_event_post_wrapper: S31 Wi-Fi ISR calls: cpu0=1909 cpu1=0
[CPU0] esp_wifi_scan_event_parse: S31 scan count: ret=0 aps=20
bssid / frequency / signal level / encode / ssid
cc:bc:e3:16:ba:00	2412	-90	0800	CU_Gy2m
c2:a4:76:28:e1:eb	2437	-89	0800	@Ruijie-s9599_iot
c0:a4:76:e8:e1:eb	2437	-89	0800	@Ruijie-s9599
4c:10:d5:ea:02:04	2472	-88	0800	TP-LINK_0204
a4:ba:70:3a:61:31	2412	-88	0800	CU-C4F4_plus
30:99:35:5e:4f:63	2432	-87	0800	CU_nhbU
a4:ba:70:be:df:fb	2412	-87	0800	20371506
b4:7c:a6:58:15:fe	2432	-86	0800	Home-Wireless
ca:33:e5:05:fe:88	2432	-85	0800	阳光
b8:f8:83:2d:54:eb	2412	-84	0800	GS5.0
50:78:b3:a3:c4:f4	2412	-84	0800	CU-C4F4
98:0d:51:96:33:54	2437	-83	0800	HDMRC
94:bf:80:7e:6f:c9	2427	-82	0800	CU_rfNY
24:69:68:38:77:70	2412	-82	0800	wlj
60:ce:41:46:0e:ec	2437	-81	0800	Kal'tsit
90:7e:43:c9:d4:3c	2427	-79	0800	XXN3M
7c:39:85:2a:50:04	2462	-78	0800	Kal'tsit
bc:54:fc:36:e1:c2	2462	-77	0800	MERCURY_E1C2
60:ce:41:ab:02:d0	2462	-65	0800	Kal'tsit
60:ce:41:ab:02:d2	2462	-65	0800	STB_T4Zp
nsh> [K
nsh> [K
XTS_5.1.42_SCAN=35 PASS AP_COUNT=20
--- CMD: wapi scan wlan0 ---
wapi scan wlan0
[CPU0] esp_wifi_start_scan: S31 scan request: type=0 channel=0 country_ret=0 first=1 count=11
[CPU0] esp_event_post_wrapper: S31 scan event: status=0 aps=16 id=163
[CPU0] esp_event_post_wrapper: S31 Wi-Fi ISR calls: cpu0=1967 cpu1=0
[CPU0] esp_wifi_scan_event_parse: S31 scan count: ret=0 aps=16
bssid / frequency / signal level / encode / ssid
cc:bc:e3:16:ba:00	2412	-91	0800	CU_Gy2m
c2:a4:76:28:e1:eb	2437	-89	0800	@Ruijie-s9599_iot
54:46:17:02:84:71	2417	-88	0800	CU_UStk
c8:cd:55:f5:00:39	2422	-87	0800	海淀区物资回收公司
a4:ba:70:be:df:fb	2412	-87	0800	20371506
a4:ba:70:3a:61:31	2412	-87	0800	CU-C4F4_plus
60:10:9e:e0:a1:b2	2452	-86	0800	STB_Ufa9
98:bb:99:0b:c8:d8	2432	-86	0800	ASUS_1502
08:f4:58:ab:c0:18	2437	-84	0800	HDMRC
50:78:b3:a3:c4:f4	2412	-83	0800	CU-C4F4
24:69:68:38:77:70	2412	-81	0800	wlj
60:ce:41:46:0e:ec	2437	-80	0800	Kal'tsit
94:bf:80:7e:6f:c9	2427	-80	0800	CU_rfNY
7c:39:85:2a:50:04	2462	-79	0800	Kal'tsit
60:ce:41:ab:02:d0	2462	-65	0800	Kal'tsit
60:ce:41:ab:02:d2	2462	-61	0800	STB_T4Zp
nsh> [K
nsh> [K
XTS_5.1.42_SCAN=36 PASS AP_COUNT=16
--- CMD: wapi scan wlan0 ---
wapi scan wlan0
[CPU0] esp_wifi_start_scan: S31 scan request: type=0 channel=0 country_ret=0 first=1 count=11
[CPU0] esp_event_post_wrapper: S31 scan event: status=0 aps=18 id=164
[CPU0] esp_event_post_wrapper: S31 Wi-Fi ISR calls: cpu0=2025 cpu1=0
[CPU0] esp_wifi_scan_event_parse: S31 scan count: ret=0 aps=18
bssid / frequency / signal level / encode / ssid
08:f4:58:ab:c0:18	2437	-90	0800	HDMRC
c0:a4:76:e8:e1:eb	2437	-88	0800	@Ruijie-s9599
64:75:20:ad:ed:3e	2417	-88	0800	CU_6hQR
a4:ba:70:be:df:fb	2412	-88	0800	20371506
c2:a4:76:28:e1:eb	2437	-87	0800	@Ruijie-s9599_iot
98:bb:99:0b:c8:d8	2432	-87	0800	ASUS_1502
c8:cd:55:f5:00:39	2422	-87	0800	海淀区物资回收公司
b8:f8:83:2d:54:eb	2412	-87	0800	GS5.0
c8:cd:55:f5:00:a1	2422	-85	0800	海淀区物资回收公司
ca:33:e5:05:fe:88	2432	-84	0800	阳光
98:0d:51:96:33:54	2437	-83	0800	HDMRC
24:69:68:38:77:70	2412	-83	0800	wlj
50:78:b3:a3:c4:f4	2412	-83	0800	CU-C4F4
94:bf:80:7e:6f:c9	2427	-82	0800	CU_rfNY
60:ce:41:46:0e:ec	2437	-78	0800	Kal'tsit
7c:39:85:2a:50:04	2462	-66	0800	Kal'tsit
60:ce:41:ab:02:d0	2462	-65	0800	Kal'tsit
60:ce:41:ab:02:d2	2462	-63	0800	STB_T4Zp
nsh> [K
nsh> [K
XTS_5.1.42_SCAN=37 PASS AP_COUNT=18
--- CMD: wapi scan wlan0 ---
wapi scan wlan0
[CPU0] esp_wifi_start_scan: S31 scan request: type=0 channel=0 country_ret=0 first=1 count=11
[CPU0] esp_event_post_wrapper: S31 scan event: status=0 aps=18 id=165
[CPU0] esp_event_post_wrapper: S31 Wi-Fi ISR calls: cpu0=2086 cpu1=0
[CPU0] esp_wifi_scan_event_parse: S31 scan count: ret=0 aps=18
bssid / frequency / signal level / encode / ssid
50:78:b3:a3:c4:f4	2412	-90	0800	CU-C4F4
24:5a:5f:78:74:42	2462	-89	0800	falcom219
24:a6:5e:39:f3:f0	2457	-89	0800	1901
64:75:20:ad:ed:3e	2417	-88	0800	CU_6hQR
98:bb:99:0b:c8:d8	2432	-87	0800	ASUS_1502
a4:ba:70:3a:61:31	2412	-87	0800	CU-C4F4_plus
a4:ba:70:be:df:fb	2412	-87	0800	20371506
60:10:9e:e0:a1:b2	2452	-86	0800	STB_Ufa9
b4:7c:a6:58:15:fe	2432	-86	0800	Home-Wireless
54:46:17:02:84:71	2417	-85	0800	CU_UStk
94:bf:80:7e:6f:c9	2427	-84	0800	CU_rfNY
90:7e:43:c9:d4:3c	2427	-81	0800	XXN3M
24:69:68:38:77:70	2412	-81	0800	wlj
60:ce:41:46:0e:ec	2437	-76	0800	Kal'tsit
bc:54:fc:36:e1:c2	2462	-74	0800	MERCURY_E1C2
7c:39:85:2a:50:04	2462	-70	0800	Kal'tsit
60:ce:41:ab:02:d2	2462	-63	0800	STB_T4Zp
60:ce:41:ab:02:d0	2462	-63	0800	Kal'tsit
nsh> [K
nsh> [K
XTS_5.1.42_SCAN=38 PASS AP_COUNT=18
--- CMD: wapi scan wlan0 ---
wapi scan wlan0
[CPU0] esp_wifi_start_scan: S31 scan request: type=0 channel=0 country_ret=0 first=1 count=11
[CPU0] esp_event_post_wrapper: S31 scan event: status=0 aps=19 id=166
[CPU0] esp_event_post_wrapper: S31 Wi-Fi ISR calls: cpu0=2137 cpu1=0
[CPU0] esp_wifi_scan_event_parse: S31 scan count: ret=0 aps=19
bssid / frequency / signal level / encode / ssid
24:5a:5f:78:74:42	2462	-91	0800	falcom219
60:10:9e:e0:a1:b0	2452	-91	0800	CU_1409
60:10:9e:e0:a1:b2	2452	-89	0800	STB_Ufa9
c2:a4:76:28:e1:eb	2437	-89	0800	@Ruijie-s9599_iot
a4:ba:70:be:df:fb	2412	-89	0800	20371506
10:4d:43:88:6f:20	2437	-88	0800	CMCC-fYyy
08:f4:58:ab:c0:18	2437	-88	0800	HDMRC
64:75:20:ad:ed:3e	2417	-87	0800	CU_6hQR
b8:f8:83:2d:54:eb	2412	-87	0800	GS5.0
c0:a4:76:e8:e1:eb	2437	-86	0800	@Ruijie-s9599
b4:7c:a6:58:15:fe	2432	-86	0800	Home-Wireless
50:78:b3:a3:c4:f4	2412	-86	0800	CU-C4F4
a4:ba:70:3a:61:31	2412	-84	0800	CU-C4F4_plus
ca:33:e5:05:fe:88	2432	-82	0800	阳光
60:ce:41:46:0e:ec	2437	-80	0800	Kal'tsit
bc:54:fc:36:e1:c2	2462	-74	0800	MERCURY_E1C2
7c:39:85:2a:50:04	2462	-70	0800	Kal'tsit
60:ce:41:ab:02:d0	2462	-65	0800	Kal'tsit
60:ce:41:ab:02:d2	2462	-64	0800	STB_T4Zp
nsh> [K
nsh> [K
XTS_5.1.42_SCAN=39 PASS AP_COUNT=19
--- CMD: wapi scan wlan0 ---
wapi scan wlan0
[CPU0] esp_wifi_start_scan: S31 scan request: type=0 channel=0 country_ret=0 first=1 count=11
[CPU0] esp_event_post_wrapper: S31 scan event: status=0 aps=15 id=167
[CPU0] esp_event_post_wrapper: S31 Wi-Fi ISR calls: cpu0=2185 cpu1=0
[CPU0] esp_wifi_scan_event_parse: S31 scan count: ret=0 aps=15
bssid / frequency / signal level / encode / ssid
c2:a4:76:28:e1:eb	2437	-88	0800	@Ruijie-s9599_iot
64:75:20:ad:ed:3e	2417	-88	0800	CU_6hQR
c8:cd:55:f5:00:39	2422	-87	0800	海淀区物资回收公司
54:46:17:02:84:71	2417	-87	0800	CU_UStk
a4:ba:70:be:df:fb	2412	-87	0800	20371506
50:78:b3:a3:c4:f4	2412	-87	0800	CU-C4F4
c4:16:c8:5a:e5:6c	2462	-86	0800	HUAWEI-J
a4:ba:70:3a:61:31	2412	-86	0800	CU-C4F4_plus
24:69:68:38:77:70	2412	-82	0800	wlj
90:7e:43:c9:d4:3c	2427	-80	0800	XXN3M
60:ce:41:46:0e:ec	2437	-75	0800	Kal'tsit
bc:54:fc:36:e1:c2	2462	-74	0800	MERCURY_E1C2
7c:39:85:2a:50:04	2462	-71	0800	Kal'tsit
60:ce:41:ab:02:d0	2462	-65	0800	Kal'tsit
60:ce:41:ab:02:d2	2462	-63	0800	STB_T4Zp
nsh> [K
nsh> [K
XTS_5.1.42_SCAN=40 PASS AP_COUNT=15
--- CMD: wapi scan wlan0 ---
wapi scan wlan0
[CPU0] esp_wifi_start_scan: S31 scan request: type=0 channel=0 country_ret=0 first=1 count=11
[CPU0] esp_event_post_wrapper: S31 scan event: status=0 aps=13 id=168
[CPU0] esp_event_post_wrapper: S31 Wi-Fi ISR calls: cpu0=2236 cpu1=0
[CPU0] esp_wifi_scan_event_parse: S31 scan count: ret=0 aps=13
bssid / frequency / signal level / encode / ssid
08:f4:58:ab:c0:18	2437	-89	0800	HDMRC
60:10:9e:e0:a1:b2	2452	-88	0800	STB_Ufa9
30:99:35:5e:4f:63	2432	-87	0800	CU_nhbU
64:75:20:ad:ed:3e	2417	-87	0800	CU_6hQR
50:78:b3:a3:c4:f4	2412	-87	0800	CU-C4F4
c8:cd:55:f5:00:39	2422	-86	0800	海淀区物资回收公司
54:46:17:02:84:71	2417	-85	0800	CU_UStk
ca:33:e5:05:fe:88	2432	-84	0800	阳光
60:ce:41:46:0e:ec	2437	-77	0800	Kal'tsit
bc:54:fc:36:e1:c2	2462	-75	0800	MERCURY_E1C2
7c:39:85:2a:50:04	2462	-66	0800	Kal'tsit
60:ce:41:ab:02:d0	2462	-64	0800	Kal'tsit
60:ce:41:ab:02:d2	2462	-64	0800	STB_T4Zp
nsh> [K
nsh> [K
XTS_5.1.42_SCAN=41 PASS AP_COUNT=13
--- CMD: wapi scan wlan0 ---
wapi scan wlan0
[CPU0] esp_wifi_start_scan: S31 scan request: type=0 channel=0 country_ret=0 first=1 count=11
[CPU0] esp_event_post_wrapper: S31 scan event: status=0 aps=14 id=169
[CPU0] esp_event_post_wrapper: S31 Wi-Fi ISR calls: cpu0=2293 cpu1=0
[CPU0] esp_wifi_scan_event_parse: S31 scan count: ret=0 aps=14
bssid / frequency / signal level / encode / ssid
a4:ba:70:be:df:fb	2412	-90	0800	20371506
24:5a:5f:78:74:42	2462	-88	0800	falcom219
d8:31:39:80:18:b0	2457	-88	0800	CU_9wN9
c8:cd:55:f5:00:39	2422	-87	0800	海淀区物资回收公司
64:75:20:ad:ed:3e	2417	-86	0800	CU_6hQR
a4:ba:70:3a:61:31	2412	-86	0800	CU-C4F4_plus
60:ce:41:46:0e:ec	2437	-82	0800	Kal'tsit
94:bf:80:7e:6f:c9	2427	-81	0800	CU_rfNY
24:69:68:38:77:70	2412	-81	0800	wlj
3c:06:a7:2a:3e:71	2437	-80	0800	KYAFL
bc:54:fc:36:e1:c2	2462	-75	0800	MERCURY_E1C2
7c:39:85:2a:50:04	2462	-75	0800	Kal'tsit
60:ce:41:ab:02:d0	2462	-66	0800	Kal'tsit
60:ce:41:ab:02:d2	2462	-64	0800	STB_T4Zp
nsh> [K
nsh> [K
XTS_5.1.42_SCAN=42 PASS AP_COUNT=14
--- CMD: wapi scan wlan0 ---
wapi scan wlan0
[CPU0] esp_wifi_start_scan: S31 scan request: type=0 channel=0 country_ret=0 first=1 count=11
[CPU0] esp_event_post_wrapper: S31 scan event: status=0 aps=13 id=170
[CPU0] esp_event_post_wrapper: S31 Wi-Fi ISR calls: cpu0=2330 cpu1=0
[CPU0] esp_wifi_scan_event_parse: S31 scan count: ret=0 aps=13
bssid / frequency / signal level / encode / ssid
08:f4:58:ab:c0:18	2437	-92	0800	HDMRC
24:5a:5f:78:74:42	2462	-91	0800	falcom219
c2:a4:76:28:e1:eb	2437	-89	0800	@Ruijie-s9599_iot
10:4d:43:88:6f:20	2437	-89	0800	CMCC-fYyy
98:bb:99:0b:c8:d8	2432	-88	0800	ASUS_1502
54:46:17:02:84:71	2417	-87	0800	CU_UStk
ca:33:e5:05:fe:88	2432	-86	0800	阳光
64:75:20:ad:ed:3e	2417	-86	0800	CU_6hQR
24:69:68:38:77:70	2412	-82	0800	wlj
60:ce:41:46:0e:ec	2437	-75	0800	Kal'tsit
7c:39:85:2a:50:04	2462	-74	0800	Kal'tsit
60:ce:41:ab:02:d0	2462	-65	0800	Kal'tsit
60:ce:41:ab:02:d2	2462	-64	0800	STB_T4Zp
nsh> [K
nsh> [K
XTS_5.1.42_SCAN=43 PASS AP_COUNT=13
--- CMD: wapi scan wlan0 ---
wapi scan wlan0
[CPU0] esp_wifi_start_scan: S31 scan request: type=0 channel=0 country_ret=0 first=1 count=11
[CPU0] esp_event_post_wrapper: S31 scan event: status=0 aps=19 id=171
[CPU0] esp_event_post_wrapper: S31 Wi-Fi ISR calls: cpu0=2396 cpu1=0
[CPU0] esp_wifi_scan_event_parse: S31 scan count: ret=0 aps=19
bssid / frequency / signal level / encode / ssid
50:78:b3:a3:c4:f4	2412	-89	0800	CU-C4F4
c0:a4:76:e8:e1:eb	2437	-88	0800	@Ruijie-s9599
98:bb:99:0b:c8:d8	2432	-88	0800	ASUS_1502
d8:31:39:80:18:b0	2457	-87	0800	CU_9wN9
08:f4:58:ab:bf:e8	2437	-87	0800	HDMRC
30:99:35:5e:4f:63	2432	-87	0800	CU_nhbU
c2:a4:76:28:e1:eb	2437	-86	0800	@Ruijie-s9599_iot
98:0d:51:96:33:54	2437	-86	0800	HDMRC
b4:7c:a6:58:15:fe	2432	-86	0800	Home-Wireless
ca:33:e5:05:fe:88	2432	-86	0800	阳光
c8:cd:55:f5:00:39	2422	-86	0800	海淀区物资回收公司
64:75:20:ad:ed:3e	2417	-86	0800	CU_6hQR
a4:ba:70:3a:61:31	2412	-86	0800	CU-C4F4_plus
24:69:68:38:77:70	2412	-84	0800	wlj
bc:54:fc:36:e1:c2	2462	-76	0800	MERCURY_E1C2
60:ce:41:46:0e:ec	2437	-74	0800	Kal'tsit
7c:39:85:2a:50:04	2462	-73	0800	Kal'tsit
60:ce:41:ab:02:d0	2462	-65	0800	Kal'tsit
60:ce:41:ab:02:d2	2462	-64	0800	STB_T4Zp
nsh> [K
nsh> [K
XTS_5.1.42_SCAN=44 PASS AP_COUNT=19
--- CMD: wapi scan wlan0 ---
wapi scan wlan0
[CPU0] esp_wifi_start_scan: S31 scan request: type=0 channel=0 country_ret=0 first=1 count=11
[CPU0] esp_event_post_wrapper: S31 scan event: status=0 aps=14 id=172
[CPU0] esp_event_post_wrapper: S31 Wi-Fi ISR calls: cpu0=2451 cpu1=0
[CPU0] esp_wifi_scan_event_parse: S31 scan count: ret=0 aps=14
bssid / frequency / signal level / encode / ssid
60:10:9e:e0:a1:b2	2452	-89	0800	STB_Ufa9
c2:a4:76:28:e1:eb	2437	-89	0800	@Ruijie-s9599_iot
60:10:9e:e0:a1:b0	2452	-88	0800	CU_1409
08:f4:58:ab:c0:18	2437	-88	0800	HDMRC
98:bb:99:0b:c8:d8	2432	-87	0800	ASUS_1502
54:46:17:02:84:71	2417	-87	0800	CU_UStk
f2:4e:a4:f6:7e:c5	2472	-86	0800	DIRECT-C5-HP 3104fdw LJ
ca:33:e5:05:fe:88	2432	-86	0800	阳光
98:0d:51:96:33:54	2437	-83	0800	HDMRC
24:69:68:38:77:70	2412	-82	0800	wlj
7c:39:85:2a:50:04	2462	-74	0800	Kal'tsit
60:ce:41:46:0e:ec	2437	-74	0800	Kal'tsit
60:ce:41:ab:02:d2	2462	-65	0800	STB_T4Zp
60:ce:41:ab:02:d0	2462	-65	0800	Kal'tsit
nsh> [K
nsh> [K
XTS_5.1.42_SCAN=45 PASS AP_COUNT=14
--- CMD: wapi scan wlan0 ---
wapi scan wlan0
[CPU0] esp_wifi_start_scan: S31 scan request: type=0 channel=0 country_ret=0 first=1 count=11
[CPU0] esp_event_post_wrapper: S31 scan event: status=0 aps=14 id=173
[CPU0] esp_event_post_wrapper: S31 Wi-Fi ISR calls: cpu0=2497 cpu1=0
[CPU0] esp_wifi_scan_event_parse: S31 scan count: ret=0 aps=14
bssid / frequency / signal level / encode / ssid
24:5a:5f:78:74:42	2462	-91	0800	falcom219
60:10:9e:e0:a1:b0	2452	-90	0800	CU_1409
08:f4:58:ab:c0:18	2437	-90	0800	HDMRC
c2:a4:76:28:e1:eb	2437	-87	0800	@Ruijie-s9599_iot
30:99:35:5e:4f:63	2432	-87	0800	CU_nhbU
a4:ba:70:3a:61:31	2412	-86	0800	CU-C4F4_plus
50:78:b3:a3:c4:f4	2412	-84	0800	CU-C4F4
d8:31:39:80:18:b0	2457	-83	0800	CU_9wN9
24:69:68:38:77:70	2412	-81	0800	wlj
7c:39:85:2a:50:04	2462	-77	0800	Kal'tsit
bc:54:fc:36:e1:c2	2462	-74	0800	MERCURY_E1C2
60:ce:41:46:0e:ec	2437	-74	0800	Kal'tsit
60:ce:41:ab:02:d0	2462	-65	0800	Kal'tsit
60:ce:41:ab:02:d2	2462	-65	0800	STB_T4Zp
nsh> [K
nsh> [K
XTS_5.1.42_SCAN=46 PASS AP_COUNT=14
--- CMD: wapi scan wlan0 ---
wapi scan wlan0
[CPU0] esp_wifi_start_scan: S31 scan request: type=0 channel=0 country_ret=0 first=1 count=11
[CPU0] esp_event_post_wrapper: S31 scan event: status=0 aps=12 id=174
[CPU0] esp_event_post_wrapper: S31 Wi-Fi ISR calls: cpu0=2530 cpu1=0
[CPU0] esp_wifi_scan_event_parse: S31 scan count: ret=0 aps=12
bssid / frequency / signal level / encode / ssid
a4:ba:70:be:df:fb	2412	-89	0800	20371506
a4:ba:70:3a:61:31	2412	-89	0800	CU-C4F4_plus
c0:a4:76:e8:e1:eb	2437	-88	0800	@Ruijie-s9599
98:bb:99:0b:c8:d8	2432	-88	0800	ASUS_1502
c8:cd:55:f5:00:39	2422	-86	0800	海淀区物资回收公司
b4:7c:a6:58:15:fe	2432	-84	0800	Home-Wireless
3c:06:a7:2a:3e:71	2437	-83	0800	KYAFL
24:69:68:38:77:70	2412	-82	0800	wlj
7c:39:85:2a:50:04	2462	-77	0800	Kal'tsit
60:ce:41:46:0e:ec	2437	-75	0800	Kal'tsit
60:ce:41:ab:02:d2	2462	-65	0800	STB_T4Zp
60:ce:41:ab:02:d0	2462	-65	0800	Kal'tsit
nsh> [K
nsh> [K
XTS_5.1.42_SCAN=47 PASS AP_COUNT=12
--- CMD: wapi scan wlan0 ---
wapi scan wlan0
[CPU0] esp_wifi_start_scan: S31 scan request: type=0 channel=0 country_ret=0 first=1 count=11
[CPU0] esp_event_post_wrapper: S31 scan event: status=0 aps=9 id=175
[CPU0] esp_event_post_wrapper: S31 Wi-Fi ISR calls: cpu0=2570 cpu1=0
[CPU0] esp_wifi_scan_event_parse: S31 scan count: ret=0 aps=9
bssid / frequency / signal level / encode / ssid
24:5a:5f:78:74:42	2462	-89	0800	falcom219
08:f4:58:ab:c0:18	2437	-88	0800	HDMRC
d8:31:39:80:18:b0	2457	-87	0800	CU_9wN9
c8:cd:55:f5:00:39	2422	-86	0800	海淀区物资回收公司
30:99:35:5e:4f:63	2432	-85	0800	CU_nhbU
bc:54:fc:36:e1:c2	2462	-75	0800	MERCURY_E1C2
60:ce:41:46:0e:ec	2437	-75	0800	Kal'tsit
60:ce:41:ab:02:d0	2462	-65	0800	Kal'tsit
60:ce:41:ab:02:d2	2462	-64	0800	STB_T4Zp
nsh> [K
nsh> [K
XTS_5.1.42_SCAN=48 PASS AP_COUNT=9
--- CMD: wapi scan wlan0 ---
wapi scan wlan0
[CPU0] esp_wifi_start_scan: S31 scan request: type=0 channel=0 country_ret=0 first=1 count=11
[CPU0] esp_event_post_wrapper: S31 scan event: status=0 aps=10 id=176
[CPU0] esp_event_post_wrapper: S31 Wi-Fi ISR calls: cpu0=2613 cpu1=0
[CPU0] esp_wifi_scan_event_parse: S31 scan count: ret=0 aps=10
bssid / frequency / signal level / encode / ssid
a4:ba:70:be:df:fb	2412	-88	0800	20371506
b8:f8:83:2d:54:eb	2412	-88	0800	GS5.0
b4:7c:a6:58:15:fe	2432	-87	0800	Home-Wireless
a4:ba:70:3a:61:31	2412	-87	0800	CU-C4F4_plus
ca:33:e5:05:fe:88	2432	-85	0800	阳光
50:78:b3:a3:c4:f4	2412	-85	0800	CU-C4F4
bc:54:fc:36:e1:c2	2462	-77	0800	MERCURY_E1C2
60:ce:41:46:0e:ec	2437	-76	0800	Kal'tsit
60:ce:41:ab:02:d0	2462	-66	0800	Kal'tsit
60:ce:41:ab:02:d2	2462	-64	0800	STB_T4Zp
nsh> [K
nsh> [K
XTS_5.1.42_SCAN=49 PASS AP_COUNT=10
--- CMD: wapi scan wlan0 ---
wapi scan wlan0
[CPU0] esp_wifi_start_scan: S31 scan request: type=0 channel=0 country_ret=0 first=1 count=11
[CPU0] esp_event_post_wrapper: S31 scan event: status=0 aps=8 id=177
[CPU0] esp_event_post_wrapper: S31 Wi-Fi ISR calls: cpu0=2645 cpu1=0
[CPU0] esp_wifi_scan_event_parse: S31 scan count: ret=0 aps=8
bssid / frequency / signal level / encode / ssid
c2:a4:76:28:e1:eb	2437	-88	0800	@Ruijie-s9599_iot
64:75:20:ad:ed:3e	2417	-87	0800	CU_6hQR
a4:ba:70:be:df:fb	2412	-87	0800	20371506
ca:33:e5:05:fe:88	2432	-85	0800	阳光
7c:39:85:2a:50:04	2462	-80	0800	Kal'tsit
60:ce:41:46:0e:ec	2437	-77	0800	Kal'tsit
60:ce:41:ab:02:d2	2462	-69	0800	STB_T4Zp
60:ce:41:ab:02:d0	2462	-66	0800	Kal'tsit
nsh> [K
nsh> [K
XTS_5.1.42_SCAN=50 PASS AP_COUNT=8
--- CMD: wapi scan wlan0 ---
wapi scan wlan0
[CPU0] esp_wifi_start_scan: S31 scan request: type=0 channel=0 country_ret=0 first=1 count=11
[CPU0] esp_event_post_wrapper: S31 scan event: status=0 aps=13 id=178
[CPU0] esp_event_post_wrapper: S31 Wi-Fi ISR calls: cpu0=2696 cpu1=0
[CPU0] esp_wifi_scan_event_parse: S31 scan count: ret=0 aps=13
bssid / frequency / signal level / encode / ssid
a4:ba:70:be:df:fb	2412	-89	0800	20371506
c2:a4:76:28:e1:eb	2437	-87	0800	@Ruijie-s9599_iot
64:75:20:ad:ed:3e	2417	-87	0800	CU_6hQR
b8:f8:83:2d:54:eb	2412	-87	0800	GS5.0
68:dd:b7:77:db:38	2462	-86	0800	JSL
a4:ba:70:3a:61:31	2412	-86	0800	CU-C4F4_plus
50:78:b3:a3:c4:f4	2412	-85	0800	CU-C4F4
60:ce:41:46:0e:ec	2437	-84	0800	Kal'tsit
24:69:68:38:77:70	2412	-82	0800	wlj
bc:54:fc:36:e1:c2	2462	-80	0800	MERCURY_E1C2
7c:39:85:2a:50:04	2462	-74	0800	Kal'tsit
60:ce:41:ab:02:d2	2462	-67	0800	STB_T4Zp
60:ce:41:ab:02:d0	2462	-66	0800	Kal'tsit
nsh> [K
nsh> [K
XTS_5.1.42_SCAN=51 PASS AP_COUNT=13
--- CMD: wapi scan wlan0 ---
wapi scan wlan0
[CPU0] esp_wifi_start_scan: S31 scan request: type=0 channel=0 country_ret=0 first=1 count=11
[CPU0] esp_event_post_wrapper: S31 scan event: status=0 aps=17 id=179
[CPU0] esp_event_post_wrapper: S31 Wi-Fi ISR calls: cpu0=2750 cpu1=0
[CPU0] esp_wifi_scan_event_parse: S31 scan count: ret=0 aps=17
bssid / frequency / signal level / encode / ssid
24:a6:5e:39:f3:f0	2457	-91	0800	1901
08:f4:58:ab:c0:18	2437	-91	0800	HDMRC
68:dd:b7:77:db:38	2462	-90	0800	JSL
c2:a4:76:28:e1:eb	2437	-89	0800	@Ruijie-s9599_iot
b8:f8:83:2d:54:eb	2412	-89	0800	GS5.0
30:99:35:5e:4f:63	2432	-87	0800	CU_nhbU
a4:ba:70:3a:61:31	2412	-87	0800	CU-C4F4_plus
c8:cd:55:f5:00:a1	2422	-86	0800	海淀区物资回收公司
b4:7c:a6:58:15:fe	2432	-85	0800	Home-Wireless
50:78:b3:a3:c4:f4	2412	-85	0800	CU-C4F4
24:69:68:38:77:70	2412	-82	0800	wlj
94:bf:80:7e:6f:c9	2427	-80	0800	CU_rfNY
bc:54:fc:36:e1:c2	2462	-74	0800	MERCURY_E1C2
60:ce:41:46:0e:ec	2437	-74	0800	Kal'tsit
7c:39:85:2a:50:04	2462	-67	0800	Kal'tsit
60:ce:41:ab:02:d2	2462	-66	0800	STB_T4Zp
60:ce:41:ab:02:d0	2462	-64	0800	Kal'tsit
nsh> [K
nsh> [K
XTS_5.1.42_SCAN=52 PASS AP_COUNT=17
--- CMD: wapi scan wlan0 ---
wapi scan wlan0
[CPU0] esp_wifi_start_scan: S31 scan request: type=0 channel=0 country_ret=0 first=1 count=11
[CPU0] esp_event_post_wrapper: S31 scan event: status=0 aps=8 id=180
[CPU0] esp_event_post_wrapper: S31 Wi-Fi ISR calls: cpu0=2782 cpu1=0
[CPU0] esp_wifi_scan_event_parse: S31 scan count: ret=0 aps=8
bssid / frequency / signal level / encode / ssid
10:9f:4f:43:b2:ca	2437	-90	0800	CMCC-C2C9
b8:f8:83:2d:54:eb	2412	-87	0800	GS5.0
50:78:b3:a3:c4:f4	2412	-86	0800	CU-C4F4
24:69:68:38:77:70	2412	-82	0800	wlj
60:ce:41:46:0e:ec	2437	-74	0800	Kal'tsit
7c:39:85:2a:50:04	2462	-67	0800	Kal'tsit
60:ce:41:ab:02:d2	2462	-65	0800	STB_T4Zp
60:ce:41:ab:02:d0	2462	-62	0800	Kal'tsit
nsh> [K
nsh> [K
XTS_5.1.42_SCAN=53 PASS AP_COUNT=8
--- CMD: wapi scan wlan0 ---
wapi scan wlan0
[CPU0] esp_wifi_start_scan: S31 scan request: type=0 channel=0 country_ret=0 first=1 count=11
[CPU0] esp_event_post_wrapper: S31 scan event: status=0 aps=20 id=181
[CPU0] esp_event_post_wrapper: S31 Wi-Fi ISR calls: cpu0=2847 cpu1=0
[CPU0] esp_wifi_scan_event_parse: S31 scan count: ret=0 aps=20
bssid / frequency / signal level / encode / ssid
cc:bc:e3:16:ba:00	2412	-90	0800	CU_Gy2m
c2:a4:76:28:e1:eb	2437	-89	0800	@Ruijie-s9599_iot
a4:ba:70:be:df:fb	2412	-89	0800	20371506
7c:39:85:2a:50:04	2462	-87	0800	Kal'tsit
c0:a4:76:e8:e1:eb	2437	-87	0800	@Ruijie-s9599
30:99:35:5e:4f:63	2432	-87	0800	CU_nhbU
98:bb:99:0b:c8:d8	2432	-87	0800	ASUS_1502
64:75:20:ad:ed:3e	2417	-87	0800	CU_6hQR
54:46:17:02:84:71	2417	-87	0800	CU_UStk
4c:10:d5:ea:02:04	2472	-86	0800	TP-LINK_0204
d8:31:39:80:18:b0	2457	-86	0800	CU_9wN9
c8:cd:55:f5:00:39	2422	-86	0800	海淀区物资回收公司
ca:33:e5:05:fe:88	2432	-84	0800	阳光
a4:ba:70:3a:61:31	2412	-84	0800	CU-C4F4_plus
50:78:b3:a3:c4:f4	2412	-84	0800	CU-C4F4
60:ce:41:46:0e:ec	2437	-83	0800	Kal'tsit
24:69:68:38:77:70	2412	-81	0800	wlj
bc:54:fc:36:e1:c2	2462	-74	0800	MERCURY_E1C2
60:ce:41:ab:02:d2	2462	-67	0800	STB_T4Zp
60:ce:41:ab:02:d0	2462	-64	0800	Kal'tsit
nsh> [K
nsh> [K
XTS_5.1.42_SCAN=54 PASS AP_COUNT=20
--- CMD: wapi scan wlan0 ---
wapi scan wlan0
[CPU0] esp_wifi_start_scan: S31 scan request: type=0 channel=0 country_ret=0 first=1 count=11
[CPU0] esp_event_post_wrapper: S31 scan event: status=0 aps=18 id=182
[CPU0] esp_event_post_wrapper: S31 Wi-Fi ISR calls: cpu0=2885 cpu1=0
[CPU0] esp_wifi_scan_event_parse: S31 scan count: ret=0 aps=18
bssid / frequency / signal level / encode / ssid
08:f4:58:ab:c0:18	2437	-92	0800	HDMRC
24:5a:5f:78:74:42	2462	-91	0800	falcom219
cc:bc:e3:16:ba:00	2412	-91	0800	CU_Gy2m
10:4d:43:88:6f:20	2437	-89	0800	CMCC-fYyy
c2:a4:76:28:e1:eb	2437	-88	0800	@Ruijie-s9599_iot
a4:ba:70:be:df:fb	2412	-87	0800	20371506
a4:ba:70:3a:61:31	2412	-87	0800	CU-C4F4_plus
d8:31:39:80:18:b0	2457	-86	0800	CU_9wN9
b4:7c:a6:58:15:fe	2432	-85	0800	Home-Wireless
54:46:17:02:84:71	2417	-85	0800	CU_UStk
50:78:b3:a3:c4:f4	2412	-85	0800	CU-C4F4
ca:33:e5:05:fe:88	2432	-84	0800	阳光
24:69:68:38:77:70	2412	-82	0800	wlj
60:ce:41:46:0e:ec	2437	-76	0800	Kal'tsit
bc:54:fc:36:e1:c2	2462	-75	0800	MERCURY_E1C2
7c:39:85:2a:50:04	2462	-75	0800	Kal'tsit
60:ce:41:ab:02:d2	2462	-65	0800	STB_T4Zp
60:ce:41:ab:02:d0	2462	-63	0800	Kal'tsit
nsh> [K
nsh> [K
XTS_5.1.42_SCAN=55 PASS AP_COUNT=18
--- CMD: wapi scan wlan0 ---
wapi scan wlan0
[CPU0] esp_wifi_start_scan: S31 scan request: type=0 channel=0 country_ret=0 first=1 count=11
[CPU0] esp_event_post_wrapper: S31 scan event: status=0 aps=13 id=183
[CPU0] esp_event_post_wrapper: S31 Wi-Fi ISR calls: cpu0=2926 cpu1=0
[CPU0] esp_wifi_scan_event_parse: S31 scan count: ret=0 aps=13
bssid / frequency / signal level / encode / ssid
24:a6:5e:39:f3:f0	2457	-90	0800	1901
08:f4:58:ab:c0:18	2437	-90	0800	HDMRC
a4:ba:70:3a:61:31	2412	-89	0800	CU-C4F4_plus
30:99:35:5e:4f:63	2432	-88	0800	CU_nhbU
98:bb:99:0b:c8:d8	2432	-87	0800	ASUS_1502
b4:7c:a6:58:15:fe	2432	-86	0800	Home-Wireless
a4:ba:70:be:df:fb	2412	-86	0800	20371506
ca:33:e5:05:fe:88	2432	-83	0800	阳光
24:69:68:38:77:70	2412	-83	0800	wlj
bc:54:fc:36:e1:c2	2462	-74	0800	MERCURY_E1C2
7c:39:85:2a:50:04	2462	-74	0800	Kal'tsit
60:ce:41:ab:02:d2	2462	-66	0800	STB_T4Zp
60:ce:41:ab:02:d0	2462	-64	0800	Kal'tsit
nsh> [K
nsh> [K
XTS_5.1.42_SCAN=56 PASS AP_COUNT=13
--- CMD: wapi scan wlan0 ---
wapi scan wlan0
[CPU0] esp_wifi_start_scan: S31 scan request: type=0 channel=0 country_ret=0 first=1 count=11
[CPU0] esp_event_post_wrapper: S31 scan event: status=0 aps=15 id=184
[CPU0] esp_event_post_wrapper: S31 Wi-Fi ISR calls: cpu0=2966 cpu1=0
[CPU0] esp_wifi_scan_event_parse: S31 scan count: ret=0 aps=15
bssid / frequency / signal level / encode / ssid
68:dd:b7:77:db:38	2462	-89	0800	JSL
c2:a4:76:28:e1:eb	2437	-89	0800	@Ruijie-s9599_iot
cc:bc:e3:16:ba:00	2412	-89	0800	CU_Gy2m
b8:f8:83:2d:54:eb	2412	-88	0800	GS5.0
d8:31:39:80:18:b0	2457	-86	0800	CU_9wN9
ca:33:e5:05:fe:88	2432	-86	0800	阳光
54:46:17:02:84:71	2417	-86	0800	CU_UStk
50:78:b3:a3:c4:f4	2412	-86	0800	CU-C4F4
24:69:68:38:77:70	2412	-83	0800	wlj
a4:ba:70:3a:61:31	2412	-83	0800	CU-C4F4_plus
60:ce:41:46:0e:ec	2437	-78	0800	Kal'tsit
7c:39:85:2a:50:04	2462	-76	0800	Kal'tsit
bc:54:fc:36:e1:c2	2462	-75	0800	MERCURY_E1C2
60:ce:41:ab:02:d2	2462	-65	0800	STB_T4Zp
60:ce:41:ab:02:d0	2462	-64	0800	Kal'tsit
nsh> [K
nsh> [K
XTS_5.1.42_SCAN=57 PASS AP_COUNT=15
--- CMD: wapi scan wlan0 ---
wapi scan wlan0
[CPU0] esp_wifi_start_scan: S31 scan request: type=0 channel=0 country_ret=0 first=1 count=11
[CPU0] esp_event_post_wrapper: S31 scan event: status=0 aps=16 id=185
[CPU0] esp_event_post_wrapper: S31 Wi-Fi ISR calls: cpu0=3023 cpu1=0
[CPU0] esp_wifi_scan_event_parse: S31 scan count: ret=0 aps=16
bssid / frequency / signal level / encode / ssid
c0:a4:76:e8:e1:eb	2437	-91	0800	@Ruijie-s9599
c2:a4:76:28:e1:eb	2437	-90	0800	@Ruijie-s9599_iot
24:5a:5f:78:74:42	2462	-89	0800	falcom219
ca:33:e5:01:ce:fc	2432	-89	0800	阳光
a4:ba:70:3a:61:31	2412	-88	0800	CU-C4F4_plus
4c:10:d5:ea:02:04	2472	-87	0800	TP-LINK_0204
64:75:20:ad:ed:3e	2417	-86	0800	CU_6hQR
b8:f8:83:2d:54:eb	2412	-86	0800	GS5.0
50:78:b3:a3:c4:f4	2412	-86	0800	CU-C4F4
ca:33:e5:05:fe:88	2432	-84	0800	阳光
b4:7c:a6:58:15:fe	2432	-83	0800	Home-Wireless
24:69:68:38:77:70	2412	-82	0800	wlj
bc:54:fc:36:e1:c2	2462	-75	0800	MERCURY_E1C2
7c:39:85:2a:50:04	2462	-75	0800	Kal'tsit
60:ce:41:ab:02:d2	2462	-66	0800	STB_T4Zp
60:ce:41:ab:02:d0	2462	-65	0800	Kal'tsit
nsh> [K
nsh> [K
XTS_5.1.42_SCAN=58 PASS AP_COUNT=16
--- CMD: wapi scan wlan0 ---
wapi scan wlan0
[CPU0] esp_wifi_start_scan: S31 scan request: type=0 channel=0 country_ret=0 first=1 count=11
[CPU0] esp_event_post_wrapper: S31 scan event: status=0 aps=13 id=186
[CPU0] esp_event_post_wrapper: S31 Wi-Fi ISR calls: cpu0=3074 cpu1=0
[CPU0] esp_wifi_scan_event_parse: S31 scan count: ret=0 aps=13
bssid / frequency / signal level / encode / ssid
a4:ba:70:3a:61:31	2412	-89	0800	CU-C4F4_plus
c0:a4:76:e8:e1:eb	2437	-88	0800	@Ruijie-s9599
98:bb:99:0b:c8:d8	2432	-87	0800	ASUS_1502
a4:ba:70:be:df:fb	2412	-87	0800	20371506
ca:33:e5:05:fe:88	2432	-86	0800	阳光
64:75:20:ad:ed:3e	2417	-86	0800	CU_6hQR
60:ce:41:46:0e:ec	2437	-85	0800	Kal'tsit
50:78:b3:a3:c4:f4	2412	-85	0800	CU-C4F4
24:69:68:38:77:70	2412	-82	0800	wlj
bc:54:fc:36:e1:c2	2462	-74	0800	MERCURY_E1C2
7c:39:85:2a:50:04	2462	-67	0800	Kal'tsit
60:ce:41:ab:02:d2	2462	-66	0800	STB_T4Zp
60:ce:41:ab:02:d0	2462	-65	0800	Kal'tsit
nsh> [K
nsh> [K
XTS_5.1.42_SCAN=59 PASS AP_COUNT=13
--- CMD: wapi scan wlan0 ---
wapi scan wlan0
[CPU0] esp_wifi_start_scan: S31 scan request: type=0 channel=0 country_ret=0 first=1 count=11
[CPU0] esp_event_post_wrapper: S31 scan event: status=0 aps=16 id=187
[CPU0] esp_event_post_wrapper: S31 Wi-Fi ISR calls: cpu0=3126 cpu1=0
[CPU0] esp_wifi_scan_event_parse: S31 scan count: ret=0 aps=16
bssid / frequency / signal level / encode / ssid
60:10:9e:e0:a1:b2	2452	-91	0800	STB_Ufa9
c0:a4:76:e8:e1:eb	2437	-89	0800	@Ruijie-s9599
08:f4:58:ab:c0:18	2437	-88	0800	HDMRC
d8:31:39:80:18:b0	2457	-87	0800	CU_9wN9
b4:7c:a6:58:15:fe	2432	-87	0800	Home-Wireless
c8:cd:55:f5:00:39	2422	-86	0800	海淀区物资回收公司
a4:ba:70:3a:61:31	2412	-86	0800	CU-C4F4_plus
98:0d:51:96:33:54	2437	-83	0800	HDMRC
24:69:68:38:77:70	2412	-83	0800	wlj
50:78:b3:a3:c4:f4	2412	-83	0800	CU-C4F4
94:bf:80:7e:6f:c9	2427	-82	0800	CU_rfNY
bc:54:fc:36:e1:c2	2462	-75	0800	MERCURY_E1C2
60:ce:41:46:0e:ec	2437	-73	0800	Kal'tsit
7c:39:85:2a:50:04	2462	-67	0800	Kal'tsit
60:ce:41:ab:02:d2	2462	-66	0800	STB_T4Zp
60:ce:41:ab:02:d0	2462	-64	0800	Kal'tsit
nsh> [K
nsh> [K
XTS_5.1.42_SCAN=60 PASS AP_COUNT=16
--- CMD: wapi scan wlan0 ---
wapi scan wlan0
[CPU0] esp_wifi_start_scan: S31 scan request: type=0 channel=0 country_ret=0 first=1 count=11
[CPU0] esp_event_post_wrapper: S31 scan event: status=0 aps=22 id=188
[CPU0] esp_event_post_wrapper: S31 Wi-Fi ISR calls: cpu0=3195 cpu1=0
[CPU0] esp_wifi_scan_event_parse: S31 scan count: ret=0 aps=22
bssid / frequency / signal level / encode / ssid
24:5a:5f:78:74:42	2462	-90	0800	falcom219
cc:bc:e3:16:ba:00	2412	-90	0800	CU_Gy2m
30:99:35:5e:4f:63	2432	-89	0800	CU_nhbU
c2:a4:76:28:e1:eb	2437	-88	0800	@Ruijie-s9599_iot
64:75:20:ad:ed:3e	2417	-88	0800	CU_6hQR
a4:ba:70:be:df:fb	2412	-88	0800	20371506
c0:a4:76:e8:e1:eb	2437	-87	0800	@Ruijie-s9599
c8:cd:55:f5:00:39	2422	-87	0800	海淀区物资回收公司
b8:f8:83:2d:54:eb	2412	-87	0800	GS5.0
4c:10:d5:ea:02:04	2472	-86	0800	TP-LINK_0204
54:46:17:02:84:71	2417	-85	0800	CU_UStk
a4:ba:70:3a:61:31	2412	-84	0800	CU-C4F4_plus
50:78:b3:a3:c4:f4	2412	-83	0800	CU-C4F4
24:69:68:38:77:70	2412	-83	0800	wlj
90:7e:43:c9:d4:3c	2427	-81	0800	XXN3M
60:ce:41:46:0e:ec	2437	-80	0800	Kal'tsit
94:bf:80:7e:6f:c9	2427	-80	0800	CU_rfNY
98:0d:51:96:33:54	2437	-79	0800	HDMRC
bc:54:fc:36:e1:c2	2462	-75	0800	MERCURY_E1C2
7c:39:85:2a:50:04	2462	-66	0800	Kal'tsit
60:ce:41:ab:02:d2	2462	-64	0800	STB_T4Zp
60:ce:41:ab:02:d0	2462	-64	0800	Kal'tsit
nsh> [K
nsh> [K
XTS_5.1.42_SCAN=61 PASS AP_COUNT=22
--- CMD: wapi scan wlan0 ---
wapi scan wlan0
[CPU0] esp_wifi_start_scan: S31 scan request: type=0 channel=0 country_ret=0 first=1 count=11
[CPU0] esp_event_post_wrapper: S31 scan event: status=0 aps=13 id=189
[CPU0] esp_event_post_wrapper: S31 Wi-Fi ISR calls: cpu0=3238 cpu1=0
[CPU0] esp_wifi_scan_event_parse: S31 scan count: ret=0 aps=13
bssid / frequency / signal level / encode / ssid
08:f4:58:ab:c0:18	2437	-91	0800	HDMRC
c2:a4:76:28:e1:eb	2437	-88	0800	@Ruijie-s9599_iot
b4:7c:a6:58:15:fe	2432	-87	0800	Home-Wireless
64:75:20:ad:ed:3e	2417	-87	0800	CU_6hQR
a4:ba:70:be:df:fb	2412	-87	0800	20371506
54:46:17:02:84:71	2417	-85	0800	CU_UStk
50:78:b3:a3:c4:f4	2412	-85	0800	CU-C4F4
24:69:68:38:77:70	2412	-80	0800	wlj
bc:54:fc:36:e1:c2	2462	-76	0800	MERCURY_E1C2
60:ce:41:46:0e:ec	2437	-75	0800	Kal'tsit
7c:39:85:2a:50:04	2462	-74	0800	Kal'tsit
60:ce:41:ab:02:d2	2462	-65	0800	STB_T4Zp
60:ce:41:ab:02:d0	2462	-64	0800	Kal'tsit
nsh> [K
nsh> [K
XTS_5.1.42_SCAN=62 PASS AP_COUNT=13
--- CMD: wapi scan wlan0 ---
wapi scan wlan0
[CPU0] esp_wifi_start_scan: S31 scan request: type=0 channel=0 country_ret=0 first=1 count=11
[CPU0] esp_event_post_wrapper: S31 scan event: status=0 aps=13 id=190
[CPU0] esp_event_post_wrapper: S31 Wi-Fi ISR calls: cpu0=3289 cpu1=0
[CPU0] esp_wifi_scan_event_parse: S31 scan count: ret=0 aps=13
bssid / frequency / signal level / encode / ssid
30:99:35:5e:4f:63	2432	-87	0800	CU_nhbU
b8:f8:83:2d:54:eb	2412	-87	0800	GS5.0
c4:16:c8:5a:e5:6c	2462	-86	0800	HUAWEI-J
64:75:20:ad:ed:3e	2417	-86	0800	CU_6hQR
50:78:b3:a3:c4:f4	2412	-85	0800	CU-C4F4
98:0d:51:96:33:54	2437	-83	0800	HDMRC
60:ce:41:46:0e:ec	2437	-83	0800	Kal'tsit
94:bf:80:7e:6f:c9	2427	-79	0800	CU_rfNY
24:69:68:38:77:70	2412	-79	0800	wlj
bc:54:fc:36:e1:c2	2462	-75	0800	MERCURY_E1C2
7c:39:85:2a:50:04	2462	-74	0800	Kal'tsit
60:ce:41:ab:02:d2	2462	-64	0800	STB_T4Zp
60:ce:41:ab:02:d0	2462	-64	0800	Kal'tsit
nsh> [K
nsh> [K
XTS_5.1.42_SCAN=63 PASS AP_COUNT=13
--- CMD: wapi scan wlan0 ---
wapi scan wlan0
[CPU0] esp_wifi_start_scan: S31 scan request: type=0 channel=0 country_ret=0 first=1 count=11
[CPU0] esp_event_post_wrapper: S31 scan event: status=0 aps=16 id=191
[CPU0] esp_event_post_wrapper: S31 Wi-Fi ISR calls: cpu0=3341 cpu1=0
[CPU0] esp_wifi_scan_event_parse: S31 scan count: ret=0 aps=16
bssid / frequency / signal level / encode / ssid
a4:ba:70:be:df:fb	2412	-88	0800	20371506
c0:a4:76:e8:e1:eb	2437	-87	0800	@Ruijie-s9599
30:99:35:5e:4f:63	2432	-87	0800	CU_nhbU
a4:ba:70:3a:61:31	2412	-87	0800	CU-C4F4_plus
54:46:17:02:84:71	2417	-86	0800	CU_UStk
64:75:20:ad:ed:3e	2417	-86	0800	CU_6hQR
ca:33:e5:05:fe:88	2432	-85	0800	阳光
e8:bd:d1:ce:a3:84	2427	-84	0800	CU_7Phb
50:78:b3:a3:c4:f4	2412	-83	0800	CU-C4F4
90:7e:43:c9:d4:3c	2427	-80	0800	XXN3M
94:bf:80:7e:6f:c9	2427	-80	0800	CU_rfNY
60:ce:41:46:0e:ec	2437	-75	0800	Kal'tsit
bc:54:fc:36:e1:c2	2462	-74	0800	MERCURY_E1C2
7c:39:85:2a:50:04	2462	-74	0800	Kal'tsit
60:ce:41:ab:02:d2	2462	-66	0800	STB_T4Zp
60:ce:41:ab:02:d0	2462	-64	0800	Kal'tsit
nsh> [K
nsh> [K
XTS_5.1.42_SCAN=64 PASS AP_COUNT=16
--- CMD: wapi scan wlan0 ---
wapi scan wlan0
[CPU0] esp_wifi_start_scan: S31 scan request: type=0 channel=0 country_ret=0 first=1 count=11
[CPU0] esp_event_post_wrapper: S31 scan event: status=0 aps=16 id=192
[CPU0] esp_event_post_wrapper: S31 Wi-Fi ISR calls: cpu0=3390 cpu1=0
[CPU0] esp_wifi_scan_event_parse: S31 scan count: ret=0 aps=16
bssid / frequency / signal level / encode / ssid
cc:bc:e3:16:ba:00	2412	-91	0800	CU_Gy2m
c2:a4:76:28:e1:eb	2437	-88	0800	@Ruijie-s9599_iot
c0:a4:76:e8:e1:eb	2437	-87	0800	@Ruijie-s9599
a4:ba:70:be:df:fb	2412	-87	0800	20371506
30:99:35:5e:4f:63	2432	-86	0800	CU_nhbU
c8:cd:55:f5:00:39	2422	-86	0800	海淀区物资回收公司
50:78:b3:a3:c4:f4	2412	-86	0800	CU-C4F4
68:dd:b7:77:db:38	2462	-85	0800	JSL
ca:33:e5:05:fe:88	2432	-85	0800	阳光
b4:7c:a6:58:15:fe	2432	-85	0800	Home-Wireless
60:ce:41:46:0e:ec	2437	-82	0800	Kal'tsit
24:69:68:38:77:70	2412	-81	0800	wlj
bc:54:fc:36:e1:c2	2462	-75	0800	MERCURY_E1C2
7c:39:85:2a:50:04	2462	-74	0800	Kal'tsit
60:ce:41:ab:02:d2	2462	-66	0800	STB_T4Zp
60:ce:41:ab:02:d0	2462	-64	0800	Kal'tsit
nsh> [K
nsh> [K
XTS_5.1.42_SCAN=65 PASS AP_COUNT=16
--- CMD: wapi scan wlan0 ---
wapi scan wlan0
[CPU0] esp_wifi_start_scan: S31 scan request: type=0 channel=0 country_ret=0 first=1 count=11
[CPU0] esp_event_post_wrapper: S31 scan event: status=0 aps=12 id=193
[CPU0] esp_event_post_wrapper: S31 Wi-Fi ISR calls: cpu0=3447 cpu1=0
[CPU0] esp_wifi_scan_event_parse: S31 scan count: ret=0 aps=12
bssid / frequency / signal level / encode / ssid
a4:ba:70:3a:61:31	2412	-89	0800	CU-C4F4_plus
a4:ba:70:be:df:fb	2412	-88	0800	20371506
cc:bc:e3:16:ba:00	2412	-88	0800	CU_Gy2m
c0:a4:76:e8:e1:eb	2437	-87	0800	@Ruijie-s9599
64:75:20:ad:ed:3e	2417	-87	0800	CU_6hQR
b4:7c:a6:58:15:fe	2432	-85	0800	Home-Wireless
50:78:b3:a3:c4:f4	2412	-85	0800	CU-C4F4
60:ce:41:46:0e:ec	2437	-83	0800	Kal'tsit
24:69:68:38:77:70	2412	-83	0800	wlj
7c:39:85:2a:50:04	2462	-77	0800	Kal'tsit
60:ce:41:ab:02:d2	2462	-67	0800	STB_T4Zp
60:ce:41:ab:02:d0	2462	-65	0800	Kal'tsit
nsh> [K
nsh> [K
XTS_5.1.42_SCAN=66 PASS AP_COUNT=12
--- CMD: wapi scan wlan0 ---
wapi scan wlan0
[CPU0] esp_wifi_start_scan: S31 scan request: type=0 channel=0 country_ret=0 first=1 count=11
[CPU0] esp_event_post_wrapper: S31 scan event: status=0 aps=14 id=194
[CPU0] esp_event_post_wrapper: S31 Wi-Fi ISR calls: cpu0=3503 cpu1=0
[CPU0] esp_wifi_scan_event_parse: S31 scan count: ret=0 aps=14
bssid / frequency / signal level / encode / ssid
cc:bc:e3:16:ba:00	2412	-90	0800	CU_Gy2m
a4:ba:70:be:df:fb	2412	-89	0800	20371506
a4:ba:70:3a:61:31	2412	-89	0800	CU-C4F4_plus
c0:a4:76:e8:e1:eb	2437	-88	0800	@Ruijie-s9599
30:99:35:5e:4f:63	2432	-88	0800	CU_nhbU
c2:a4:76:28:e1:eb	2437	-87	0800	@Ruijie-s9599_iot
b8:f8:83:2d:54:eb	2412	-87	0800	GS5.0
ca:33:e5:05:fe:88	2432	-86	0800	阳光
54:46:17:02:84:71	2417	-85	0800	CU_UStk
24:69:68:38:77:70	2412	-82	0800	wlj
7c:39:85:2a:50:04	2462	-78	0800	Kal'tsit
60:ce:41:46:0e:ec	2437	-74	0800	Kal'tsit
60:ce:41:ab:02:d2	2462	-67	0800	STB_T4Zp
60:ce:41:ab:02:d0	2462	-63	0800	Kal'tsit
nsh> [K
nsh> [K
XTS_5.1.42_SCAN=67 PASS AP_COUNT=14
--- CMD: wapi scan wlan0 ---
wapi scan wlan0
[CPU0] esp_wifi_start_scan: S31 scan request: type=0 channel=0 country_ret=0 first=1 count=11
[CPU0] esp_event_post_wrapper: S31 scan event: status=0 aps=17 id=195
[CPU0] esp_event_post_wrapper: S31 Wi-Fi ISR calls: cpu0=3557 cpu1=0
[CPU0] esp_wifi_scan_event_parse: S31 scan count: ret=0 aps=17
bssid / frequency / signal level / encode / ssid
08:f4:58:ab:c0:18	2437	-91	0800	HDMRC
a4:ba:70:be:df:fb	2412	-90	0800	20371506
a4:ba:70:3a:61:31	2412	-89	0800	CU-C4F4_plus
c2:a4:76:28:e1:eb	2437	-88	0800	@Ruijie-s9599_iot
64:75:20:ad:ed:3e	2417	-88	0800	CU_6hQR
c0:a4:76:e8:e1:eb	2437	-87	0800	@Ruijie-s9599
54:46:17:02:84:71	2417	-87	0800	CU_UStk
50:78:b3:a3:c4:f4	2412	-87	0800	CU-C4F4
4c:10:d5:ea:02:04	2472	-86	0800	TP-LINK_0204
b4:7c:a6:58:15:fe	2432	-86	0800	Home-Wireless
30:99:35:5e:4f:63	2432	-86	0800	CU_nhbU
60:ce:41:46:0e:ec	2437	-83	0800	Kal'tsit
98:0d:51:96:33:54	2437	-82	0800	HDMRC
24:69:68:38:77:70	2412	-81	0800	wlj
7c:39:85:2a:50:04	2462	-75	0800	Kal'tsit
60:ce:41:ab:02:d0	2462	-65	0800	Kal'tsit
60:ce:41:ab:02:d2	2462	-64	0800	STB_T4Zp
nsh> [K
nsh> [K
XTS_5.1.42_SCAN=68 PASS AP_COUNT=17
--- CMD: wapi scan wlan0 ---
wapi scan wlan0
[CPU0] esp_wifi_start_scan: S31 scan request: type=0 channel=0 country_ret=0 first=1 count=11
[CPU0] esp_event_post_wrapper: S31 scan event: status=0 aps=13 id=196
[CPU0] esp_event_post_wrapper: S31 Wi-Fi ISR calls: cpu0=3616 cpu1=0
[CPU0] esp_wifi_scan_event_parse: S31 scan count: ret=0 aps=13
bssid / frequency / signal level / encode / ssid
c2:a4:76:28:e1:eb	2437	-88	0800	@Ruijie-s9599_iot
c0:a4:76:e8:e1:eb	2437	-88	0800	@Ruijie-s9599
a4:ba:70:be:df:fb	2412	-88	0800	20371506
30:99:35:5e:4f:63	2432	-87	0800	CU_nhbU
c8:cd:55:f5:00:39	2422	-87	0800	海淀区物资回收公司
b8:f8:83:2d:54:eb	2412	-86	0800	GS5.0
b4:7c:a6:58:15:fe	2432	-85	0800	Home-Wireless
94:bf:80:7e:6f:c9	2427	-82	0800	CU_rfNY
24:69:68:38:77:70	2412	-80	0800	wlj
7c:39:85:2a:50:04	2462	-76	0800	Kal'tsit
60:ce:41:46:0e:ec	2437	-75	0800	Kal'tsit
60:ce:41:ab:02:d0	2462	-64	0800	Kal'tsit
60:ce:41:ab:02:d2	2462	-63	0800	STB_T4Zp
nsh> [K
nsh> [K
XTS_5.1.42_SCAN=69 PASS AP_COUNT=13
--- CMD: wapi scan wlan0 ---
wapi scan wlan0
[CPU0] esp_wifi_start_scan: S31 scan request: type=0 channel=0 country_ret=0 first=1 count=11
[CPU0] esp_event_post_wrapper: S31 scan event: status=0 aps=13 id=197
[CPU0] esp_event_post_wrapper: S31 Wi-Fi ISR calls: cpu0=3657 cpu1=0
[CPU0] esp_wifi_scan_event_parse: S31 scan count: ret=0 aps=13
bssid / frequency / signal level / encode / ssid
c2:a4:76:28:e1:eb	2437	-88	0800	@Ruijie-s9599_iot
a4:ba:70:3a:61:31	2412	-88	0800	CU-C4F4_plus
c8:cd:55:f5:00:39	2422	-87	0800	海淀区物资回收公司
64:75:20:ad:ed:3e	2417	-87	0800	CU_6hQR
b8:f8:83:2d:54:eb	2412	-86	0800	GS5.0
54:46:17:02:84:71	2417	-85	0800	CU_UStk
60:ce:41:46:0e:ec	2437	-83	0800	Kal'tsit
50:78:b3:a3:c4:f4	2412	-83	0800	CU-C4F4
24:69:68:38:77:70	2412	-80	0800	wlj
7c:39:85:2a:50:04	2462	-74	0800	Kal'tsit
bc:54:fc:36:e1:c2	2462	-73	0800	MERCURY_E1C2
60:ce:41:ab:02:d2	2462	-64	0800	STB_T4Zp
60:ce:41:ab:02:d0	2462	-63	0800	Kal'tsit
nsh> [K
nsh> [K
XTS_5.1.42_SCAN=70 PASS AP_COUNT=13
--- CMD: wapi scan wlan0 ---
wapi scan wlan0
[CPU0] esp_wifi_start_scan: S31 scan request: type=0 channel=0 country_ret=0 first=1 count=11
[CPU0] esp_event_post_wrapper: S31 scan event: status=0 aps=13 id=198
[CPU0] esp_event_post_wrapper: S31 Wi-Fi ISR calls: cpu0=3707 cpu1=0
[CPU0] esp_wifi_scan_event_parse: S31 scan count: ret=0 aps=13
bssid / frequency / signal level / encode / ssid
30:99:35:5e:4f:63	2432	-88	0800	CU_nhbU
b8:f8:83:2d:54:eb	2412	-88	0800	GS5.0
c2:a4:76:28:e1:eb	2437	-87	0800	@Ruijie-s9599_iot
c0:a4:76:e8:e1:eb	2437	-87	0800	@Ruijie-s9599
ca:33:e5:01:ce:fc	2432	-87	0800	阳光
54:46:17:02:84:71	2417	-86	0800	CU_UStk
68:dd:b7:77:db:38	2462	-84	0800	JSL
24:69:68:38:77:70	2412	-81	0800	wlj
90:7e:43:c9:d4:3c	2427	-80	0800	XXN3M
94:bf:80:7e:6f:c9	2427	-78	0800	CU_rfNY
60:ce:41:46:0e:ec	2437	-74	0800	Kal'tsit
60:ce:41:ab:02:d2	2462	-66	0800	STB_T4Zp
60:ce:41:ab:02:d0	2462	-66	0800	Kal'tsit
nsh> [K
nsh> [K
XTS_5.1.42_SCAN=71 PASS AP_COUNT=13
--- CMD: wapi scan wlan0 ---
wapi scan wlan0
[CPU0] esp_wifi_start_scan: S31 scan request: type=0 channel=0 country_ret=0 first=1 count=11
[CPU0] esp_event_post_wrapper: S31 scan event: status=0 aps=13 id=199
[CPU0] esp_event_post_wrapper: S31 Wi-Fi ISR calls: cpu0=3749 cpu1=0
[CPU0] esp_wifi_scan_event_parse: S31 scan count: ret=0 aps=13
bssid / frequency / signal level / encode / ssid
c0:a4:76:e8:e1:eb	2437	-91	0800	@Ruijie-s9599
a4:ba:70:be:df:fb	2412	-89	0800	20371506
08:f4:58:ab:c0:18	2437	-88	0800	HDMRC
c8:cd:55:f5:00:39	2422	-88	0800	海淀区物资回收公司
a4:ba:70:3a:61:31	2412	-87	0800	CU-C4F4_plus
64:75:20:ad:ed:3e	2417	-86	0800	CU_6hQR
b8:f8:83:2d:54:eb	2412	-86	0800	GS5.0
68:dd:b7:77:db:38	2462	-84	0800	JSL
24:69:68:38:77:70	2412	-81	0800	wlj
60:ce:41:46:0e:ec	2437	-75	0800	Kal'tsit
7c:39:85:2a:50:04	2462	-70	0800	Kal'tsit
60:ce:41:ab:02:d0	2462	-67	0800	Kal'tsit
60:ce:41:ab:02:d2	2462	-64	0800	STB_T4Zp
nsh> [K
nsh> [K
XTS_5.1.42_SCAN=72 PASS AP_COUNT=13
--- CMD: wapi scan wlan0 ---
wapi scan wlan0
[CPU0] esp_wifi_start_scan: S31 scan request: type=0 channel=0 country_ret=0 first=1 count=11
[CPU0] esp_event_post_wrapper: S31 scan event: status=0 aps=18 id=200
[CPU0] esp_event_post_wrapper: S31 Wi-Fi ISR calls: cpu0=3799 cpu1=0
[CPU0] esp_wifi_scan_event_parse: S31 scan count: ret=0 aps=18
bssid / frequency / signal level / encode / ssid
08:f4:58:ab:bf:e8	2437	-90	0800	HDMRC
10:9f:4f:43:b2:ca	2437	-88	0800	CMCC-C2C9
c2:a4:76:28:e1:eb	2437	-88	0800	@Ruijie-s9599_iot
c0:a4:76:e8:e1:eb	2437	-88	0800	@Ruijie-s9599
98:bb:99:0b:c8:d8	2432	-88	0800	ASUS_1502
4c:10:d5:ea:02:04	2472	-87	0800	TP-LINK_0204
c8:cd:55:f5:00:a1	2422	-87	0800	海淀区物资回收公司
30:99:35:5e:4f:63	2432	-86	0800	CU_nhbU
c8:cd:55:f5:00:39	2422	-86	0800	海淀区物资回收公司
50:78:b3:a3:c4:f4	2412	-86	0800	CU-C4F4
b4:7c:a6:58:15:fe	2432	-85	0800	Home-Wireless
60:ce:41:46:0e:ec	2437	-83	0800	Kal'tsit
24:69:68:38:77:70	2412	-82	0800	wlj
90:7e:43:c9:d4:3c	2427	-79	0800	XXN3M
bc:54:fc:36:e1:c2	2462	-76	0800	MERCURY_E1C2
7c:39:85:2a:50:04	2462	-69	0800	Kal'tsit
60:ce:41:ab:02:d2	2462	-65	0800	STB_T4Zp
60:ce:41:ab:02:d0	2462	-64	0800	Kal'tsit
nsh> [K
nsh> [K
XTS_5.1.42_SCAN=73 PASS AP_COUNT=18
--- CMD: wapi scan wlan0 ---
wapi scan wlan0
[CPU0] esp_wifi_start_scan: S31 scan request: type=0 channel=0 country_ret=0 first=1 count=11
[CPU0] esp_event_post_wrapper: S31 scan event: status=0 aps=12 id=201
[CPU0] esp_event_post_wrapper: S31 Wi-Fi ISR calls: cpu0=3843 cpu1=0
[CPU0] esp_wifi_scan_event_parse: S31 scan count: ret=0 aps=12
bssid / frequency / signal level / encode / ssid
c2:a4:76:28:e1:eb	2437	-88	0800	@Ruijie-s9599_iot
a4:ba:70:3a:61:31	2412	-87	0800	CU-C4F4_plus
c8:cd:55:f5:00:39	2422	-86	0800	海淀区物资回收公司
64:75:20:ad:ed:3e	2417	-86	0800	CU_6hQR
b8:f8:83:2d:54:eb	2412	-86	0800	GS5.0
50:78:b3:a3:c4:f4	2412	-85	0800	CU-C4F4
7c:39:85:2a:50:04	2462	-78	0800	Kal'tsit
24:69:68:38:77:70	2412	-78	0800	wlj
bc:54:fc:36:e1:c2	2462	-76	0800	MERCURY_E1C2
60:ce:41:46:0e:ec	2437	-73	0800	Kal'tsit
60:ce:41:ab:02:d2	2462	-65	0800	STB_T4Zp
60:ce:41:ab:02:d0	2462	-63	0800	Kal'tsit
nsh> [K
nsh> [K
XTS_5.1.42_SCAN=74 PASS AP_COUNT=12
--- CMD: wapi scan wlan0 ---
wapi scan wlan0
[CPU0] esp_wifi_start_scan: S31 scan request: type=0 channel=0 country_ret=0 first=1 count=11
[CPU0] esp_event_post_wrapper: S31 scan event: status=0 aps=19 id=202
[CPU0] esp_event_post_wrapper: S31 Wi-Fi ISR calls: cpu0=3903 cpu1=0
[CPU0] esp_wifi_scan_event_parse: S31 scan count: ret=0 aps=19
bssid / frequency / signal level / encode / ssid
24:a6:5e:39:f3:f0	2457	-89	0800	1901
cc:bc:e3:16:ba:00	2412	-88	0800	CU_Gy2m
08:f4:58:ab:c0:18	2437	-87	0800	HDMRC
b4:7c:a6:58:15:fe	2432	-87	0800	Home-Wireless
ca:33:e5:05:fe:88	2432	-87	0800	阳光
64:75:20:ad:ed:3e	2417	-87	0800	CU_6hQR
b8:f8:83:2d:54:eb	2412	-87	0800	GS5.0
a4:ba:70:be:df:fb	2412	-87	0800	20371506
a4:ba:70:3a:61:31	2412	-87	0800	CU-C4F4_plus
30:99:35:5e:4f:63	2432	-86	0800	CU_nhbU
50:78:b3:a3:c4:f4	2412	-86	0800	CU-C4F4
24:69:68:38:77:70	2412	-83	0800	wlj
94:bf:80:7e:6f:c9	2427	-82	0800	CU_rfNY
98:0d:51:96:33:54	2437	-80	0800	HDMRC
7c:39:85:2a:50:04	2462	-78	0800	Kal'tsit
bc:54:fc:36:e1:c2	2462	-76	0800	MERCURY_E1C2
60:ce:41:46:0e:ec	2437	-74	0800	Kal'tsit
60:ce:41:ab:02:d2	2462	-64	0800	STB_T4Zp
60:ce:41:ab:02:d0	2462	-62	0800	Kal'tsit
nsh> [K
nsh> [K
XTS_5.1.42_SCAN=75 PASS AP_COUNT=19
--- CMD: wapi scan wlan0 ---
wapi scan wlan0
[CPU0] esp_wifi_start_scan: S31 scan request: type=0 channel=0 country_ret=0 first=1 count=11
[CPU0] esp_event_post_wrapper: S31 scan event: status=0 aps=21 id=203
[CPU0] esp_event_post_wrapper: S31 Wi-Fi ISR calls: cpu0=3968 cpu1=0
[CPU0] esp_wifi_scan_event_parse: S31 scan count: ret=0 aps=21
bssid / frequency / signal level / encode / ssid
cc:bc:e3:16:ba:00	2412	-92	0800	CU_Gy2m
60:10:9e:e0:a1:b0	2452	-89	0800	CU_1409
d8:31:39:80:18:b0	2457	-88	0800	CU_9wN9
c2:a4:76:28:e1:eb	2437	-88	0800	@Ruijie-s9599_iot
64:75:20:ad:ed:3e	2417	-88	0800	CU_6hQR
54:46:17:02:84:71	2417	-88	0800	CU_UStk
a4:ba:70:be:df:fb	2412	-88	0800	20371506
a4:ba:70:3a:61:31	2412	-88	0800	CU-C4F4_plus
c0:a4:76:e8:e1:eb	2437	-87	0800	@Ruijie-s9599
50:78:b3:a3:c4:f4	2412	-87	0800	CU-C4F4
b8:f8:83:2d:54:eb	2412	-87	0800	GS5.0
ca:33:e5:05:fe:88	2432	-86	0800	阳光
68:dd:b7:77:db:38	2462	-85	0800	JSL
98:0d:51:96:33:54	2437	-85	0800	HDMRC
24:69:68:38:77:70	2412	-82	0800	wlj
90:7e:43:c9:d4:3c	2427	-79	0800	XXN3M
bc:54:fc:36:e1:c2	2462	-76	0800	MERCURY_E1C2
60:ce:41:46:0e:ec	2437	-74	0800	Kal'tsit
7c:39:85:2a:50:04	2462	-66	0800	Kal'tsit
60:ce:41:ab:02:d2	2462	-65	0800	STB_T4Zp
60:ce:41:ab:02:d0	2462	-64	0800	Kal'tsit
nsh> [K
nsh> [K
XTS_5.1.42_SCAN=76 PASS AP_COUNT=21
--- CMD: wapi scan wlan0 ---
wapi scan wlan0
[CPU0] esp_wifi_start_scan: S31 scan request: type=0 channel=0 country_ret=0 first=1 count=11
[CPU0] esp_event_post_wrapper: S31 scan event: status=0 aps=16 id=204
[CPU0] esp_event_post_wrapper: S31 Wi-Fi ISR calls: cpu0=4020 cpu1=0
[CPU0] esp_wifi_scan_event_parse: S31 scan count: ret=0 aps=16
bssid / frequency / signal level / encode / ssid
24:a6:5e:39:f3:f0	2457	-90	0800	1901
08:f4:58:ab:c0:18	2437	-90	0800	HDMRC
c4:16:c8:5a:e5:6c	2462	-87	0800	HUAWEI-J
64:75:20:ad:ed:3e	2417	-87	0800	CU_6hQR
ca:33:e5:05:fe:88	2432	-86	0800	阳光
a4:ba:70:be:df:fb	2412	-86	0800	20371506
a4:ba:70:3a:61:31	2412	-86	0800	CU-C4F4_plus
d8:31:39:80:18:b0	2457	-85	0800	CU_9wN9
b4:7c:a6:58:15:fe	2432	-85	0800	Home-Wireless
b8:f8:83:2d:54:eb	2412	-85	0800	GS5.0
24:69:68:38:77:70	2412	-78	0800	wlj
bc:54:fc:36:e1:c2	2462	-76	0800	MERCURY_E1C2
60:ce:41:46:0e:ec	2437	-75	0800	Kal'tsit
7c:39:85:2a:50:04	2462	-70	0800	Kal'tsit
60:ce:41:ab:02:d0	2462	-65	0800	Kal'tsit
60:ce:41:ab:02:d2	2462	-64	0800	STB_T4Zp
nsh> [K
nsh> [K
XTS_5.1.42_SCAN=77 PASS AP_COUNT=16
--- CMD: wapi scan wlan0 ---
wapi scan wlan0
[CPU0] esp_wifi_start_scan: S31 scan request: type=0 channel=0 country_ret=0 first=1 count=11
[CPU0] esp_event_post_wrapper: S31 scan event: status=0 aps=16 id=205
[CPU0] esp_event_post_wrapper: S31 Wi-Fi ISR calls: cpu0=4090 cpu1=0
[CPU0] esp_wifi_scan_event_parse: S31 scan count: ret=0 aps=16
bssid / frequency / signal level / encode / ssid
10:9f:4f:43:b2:ca	2437	-90	0800	CMCC-C2C9
60:10:9e:e0:a1:b0	2452	-89	0800	CU_1409
cc:bc:e3:16:ba:00	2412	-89	0800	CU_Gy2m
50:78:b3:a3:c4:f4	2412	-89	0800	CU-C4F4
b8:f8:83:2d:54:eb	2412	-89	0800	GS5.0
a4:ba:70:3a:61:31	2412	-89	0800	CU-C4F4_plus
4c:10:d5:ea:02:04	2472	-88	0800	TP-LINK_0204
60:10:9e:e0:a1:b2	2452	-87	0800	STB_Ufa9
64:75:20:ad:ed:3e	2417	-87	0800	CU_6hQR
b4:7c:a6:58:15:fe	2432	-86	0800	Home-Wireless
c4:16:c8:5a:e5:6c	2462	-84	0800	HUAWEI-J
60:ce:41:46:0e:ec	2437	-82	0800	Kal'tsit
94:bf:80:7e:6f:c9	2427	-79	0800	CU_rfNY
bc:54:fc:36:e1:c2	2462	-76	0800	MERCURY_E1C2
60:ce:41:ab:02:d2	2462	-65	0800	STB_T4Zp
60:ce:41:ab:02:d0	2462	-65	0800	Kal'tsit
nsh> [K
nsh> [K
XTS_5.1.42_SCAN=78 PASS AP_COUNT=16
--- CMD: wapi scan wlan0 ---
wapi scan wlan0
[CPU0] esp_wifi_start_scan: S31 scan request: type=0 channel=0 country_ret=0 first=1 count=11
[CPU0] esp_event_post_wrapper: S31 scan event: status=0 aps=13 id=206
[CPU0] esp_event_post_wrapper: S31 Wi-Fi ISR calls: cpu0=4133 cpu1=0
[CPU0] esp_wifi_scan_event_parse: S31 scan count: ret=0 aps=13
bssid / frequency / signal level / encode / ssid
24:5a:5f:78:74:42	2462	-91	0800	falcom219
8c:de:f9:a0:3f:6c	2442	-91	0800	Xiaomi_DDB3
c2:a4:76:28:e1:eb	2437	-89	0800	@Ruijie-s9599_iot
c0:a4:76:e8:e1:eb	2437	-88	0800	@Ruijie-s9599
64:75:20:ad:ed:3e	2417	-85	0800	CU_6hQR
24:69:68:38:77:70	2412	-81	0800	wlj
90:7e:43:c9:d4:3c	2427	-80	0800	XXN3M
7c:39:85:2a:50:04	2462	-78	0800	Kal'tsit
94:bf:80:7e:6f:c9	2427	-78	0800	CU_rfNY
bc:54:fc:36:e1:c2	2462	-75	0800	MERCURY_E1C2
60:ce:41:46:0e:ec	2437	-74	0800	Kal'tsit
60:ce:41:ab:02:d2	2462	-67	0800	STB_T4Zp
60:ce:41:ab:02:d0	2462	-66	0800	Kal'tsit
nsh> [K
nsh> [K
XTS_5.1.42_SCAN=79 PASS AP_COUNT=13
--- CMD: wapi scan wlan0 ---
wapi scan wlan0
[CPU0] esp_wifi_start_scan: S31 scan request: type=0 channel=0 country_ret=0 first=1 count=11
[CPU0] esp_event_post_wrapper: S31 scan event: status=0 aps=16 id=207
[CPU0] esp_event_post_wrapper: S31 Wi-Fi ISR calls: cpu0=4190 cpu1=0
[CPU0] esp_wifi_scan_event_parse: S31 scan count: ret=0 aps=16
bssid / frequency / signal level / encode / ssid
a4:ba:70:be:df:fb	2412	-90	0800	20371506
c2:a4:76:28:e1:eb	2437	-89	0800	@Ruijie-s9599_iot
a4:ba:70:3a:61:31	2412	-89	0800	CU-C4F4_plus
c0:a4:76:e8:e1:eb	2437	-88	0800	@Ruijie-s9599
d8:31:39:80:18:b0	2457	-87	0800	CU_9wN9
ca:33:e5:05:fe:88	2432	-87	0800	阳光
30:99:35:5e:4f:63	2432	-87	0800	CU_nhbU
b8:f8:83:2d:54:eb	2412	-87	0800	GS5.0
b4:7c:a6:58:15:fe	2432	-86	0800	Home-Wireless
50:78:b3:a3:c4:f4	2412	-86	0800	CU-C4F4
24:69:68:38:77:70	2412	-82	0800	wlj
bc:54:fc:36:e1:c2	2462	-77	0800	MERCURY_E1C2
60:ce:41:46:0e:ec	2437	-76	0800	Kal'tsit
7c:39:85:2a:50:04	2462	-71	0800	Kal'tsit
60:ce:41:ab:02:d2	2462	-66	0800	STB_T4Zp
60:ce:41:ab:02:d0	2462	-65	0800	Kal'tsit
nsh> [K
nsh> [K
XTS_5.1.42_SCAN=80 PASS AP_COUNT=16
--- CMD: wapi scan wlan0 ---
wapi scan wlan0
[CPU0] esp_wifi_start_scan: S31 scan request: type=0 channel=0 country_ret=0 first=1 count=11
[CPU0] esp_event_post_wrapper: S31 scan event: status=0 aps=21 id=208
[CPU0] esp_event_post_wrapper: S31 Wi-Fi ISR calls: cpu0=4253 cpu1=0
[CPU0] esp_wifi_scan_event_parse: S31 scan count: ret=0 aps=21
bssid / frequency / signal level / encode / ssid
48:bd:4a:40:a2:e6	2462	-90	0800	STB_Gy2m
8c:de:f9:a0:3f:6c	2442	-90	0800	Xiaomi_DDB3
cc:bc:e3:16:ba:00	2412	-90	0800	CU_Gy2m
60:10:9e:e0:a1:b0	2452	-89	0800	CU_1409
08:f4:58:ab:c0:18	2437	-89	0800	HDMRC
60:10:9e:e0:a1:b2	2452	-88	0800	STB_Ufa9
c2:a4:76:28:e1:eb	2437	-88	0800	@Ruijie-s9599_iot
50:78:b3:a3:c4:f4	2412	-88	0800	CU-C4F4
c4:16:c8:5a:e5:6c	2462	-87	0800	HUAWEI-J
c0:a4:76:e8:e1:eb	2437	-87	0800	@Ruijie-s9599
a4:ba:70:3a:61:31	2412	-87	0800	CU-C4F4_plus
ca:33:e5:05:fe:88	2432	-86	0800	阳光
b8:f8:83:2d:54:eb	2412	-85	0800	GS5.0
68:dd:b7:77:db:38	2462	-84	0800	JSL
24:69:68:38:77:70	2412	-83	0800	wlj
bc:54:fc:36:e1:c2	2462	-77	0800	MERCURY_E1C2
94:bf:80:7e:6f:c9	2427	-77	0800	CU_rfNY
60:ce:41:46:0e:ec	2437	-74	0800	Kal'tsit
7c:39:85:2a:50:04	2462	-67	0800	Kal'tsit
60:ce:41:ab:02:d2	2462	-65	0800	STB_T4Zp
60:ce:41:ab:02:d0	2462	-65	0800	Kal'tsit
nsh> [K
nsh> [K
XTS_5.1.42_SCAN=81 PASS AP_COUNT=21
--- CMD: wapi scan wlan0 ---
wapi scan wlan0
[CPU0] esp_wifi_start_scan: S31 scan request: type=0 channel=0 country_ret=0 first=1 count=11
[CPU0] esp_event_post_wrapper: S31 scan event: status=0 aps=18 id=209
[CPU0] esp_event_post_wrapper: S31 Wi-Fi ISR calls: cpu0=4296 cpu1=0
[CPU0] esp_wifi_scan_event_parse: S31 scan count: ret=0 aps=18
bssid / frequency / signal level / encode / ssid
24:5a:5f:78:74:42	2462	-91	0800	falcom219
60:10:9e:e0:a1:b0	2452	-90	0800	CU_1409
64:75:20:ad:ed:3e	2417	-89	0800	CU_6hQR
30:99:35:5e:4f:63	2432	-88	0800	CU_nhbU
b8:f8:83:2d:54:eb	2412	-88	0800	GS5.0
c2:a4:76:28:e1:eb	2437	-87	0800	@Ruijie-s9599_iot
54:46:17:02:84:71	2417	-86	0800	CU_UStk
50:78:b3:a3:c4:f4	2412	-86	0800	CU-C4F4
c4:16:c8:5a:e5:6c	2462	-85	0800	HUAWEI-J
b4:7c:a6:58:15:fe	2432	-85	0800	Home-Wireless
a4:ba:70:3a:61:31	2412	-85	0800	CU-C4F4_plus
d8:31:39:80:18:b0	2457	-82	0800	CU_9wN9
7c:39:85:2a:50:04	2462	-80	0800	Kal'tsit
24:69:68:38:77:70	2412	-80	0800	wlj
94:bf:80:7e:6f:c9	2427	-79	0800	CU_rfNY
bc:54:fc:36:e1:c2	2462	-76	0800	MERCURY_E1C2
60:ce:41:ab:02:d2	2462	-65	0800	STB_T4Zp
60:ce:41:ab:02:d0	2462	-65	0800	Kal'tsit
nsh> [K
nsh> [K
XTS_5.1.42_SCAN=82 PASS AP_COUNT=18
--- CMD: wapi scan wlan0 ---
wapi scan wlan0
[CPU0] esp_wifi_start_scan: S31 scan request: type=0 channel=0 country_ret=0 first=1 count=11
[CPU0] esp_event_post_wrapper: S31 scan event: status=0 aps=15 id=210
[CPU0] esp_event_post_wrapper: S31 Wi-Fi ISR calls: cpu0=4348 cpu1=0
[CPU0] esp_wifi_scan_event_parse: S31 scan count: ret=0 aps=15
bssid / frequency / signal level / encode / ssid
4c:10:d5:ea:02:04	2472	-90	0800	TP-LINK_0204
a4:ba:70:3a:61:31	2412	-90	0800	CU-C4F4_plus
c2:a4:76:28:e1:eb	2437	-89	0800	@Ruijie-s9599_iot
08:f4:58:ab:c0:18	2437	-87	0800	HDMRC
ca:33:e5:05:fe:88	2432	-86	0800	阳光
b4:7c:a6:58:15:fe	2432	-86	0800	Home-Wireless
c4:16:c8:5a:e5:6c	2462	-85	0800	HUAWEI-J
98:0d:51:96:33:54	2437	-85	0800	HDMRC
54:46:17:02:84:71	2417	-85	0800	CU_UStk
60:ce:41:46:0e:ec	2437	-83	0800	Kal'tsit
94:bf:80:7e:6f:c9	2427	-79	0800	CU_rfNY
bc:54:fc:36:e1:c2	2462	-75	0800	MERCURY_E1C2
7c:39:85:2a:50:04	2462	-69	0800	Kal'tsit
60:ce:41:ab:02:d2	2462	-66	0800	STB_T4Zp
60:ce:41:ab:02:d0	2462	-66	0800	Kal'tsit
nsh> [K
nsh> [K
XTS_5.1.42_SCAN=83 PASS AP_COUNT=15
--- CMD: wapi scan wlan0 ---
wapi scan wlan0
[CPU0] esp_wifi_start_scan: S31 scan request: type=0 channel=0 country_ret=0 first=1 count=11
[CPU0] esp_event_post_wrapper: S31 scan event: status=0 aps=11 id=211
[CPU0] esp_event_post_wrapper: S31 Wi-Fi ISR calls: cpu0=4382 cpu1=0
[CPU0] esp_wifi_scan_event_parse: S31 scan count: ret=0 aps=11
bssid / frequency / signal level / encode / ssid
24:a6:5e:39:f3:f0	2457	-90	0800	1901
60:10:9e:e0:a1:b2	2452	-88	0800	STB_Ufa9
a4:ba:70:3a:61:31	2412	-86	0800	CU-C4F4_plus
c4:16:c8:5a:e5:6c	2462	-85	0800	HUAWEI-J
54:46:17:02:84:71	2417	-85	0800	CU_UStk
24:69:68:38:77:70	2412	-82	0800	wlj
60:ce:41:46:0e:ec	2437	-75	0800	Kal'tsit
bc:54:fc:36:e1:c2	2462	-74	0800	MERCURY_E1C2
7c:39:85:2a:50:04	2462	-70	0800	Kal'tsit
60:ce:41:ab:02:d2	2462	-66	0800	STB_T4Zp
60:ce:41:ab:02:d0	2462	-65	0800	Kal'tsit
nsh> [K
nsh> [K
XTS_5.1.42_SCAN=84 PASS AP_COUNT=11
--- CMD: wapi scan wlan0 ---
wapi scan wlan0
[CPU0] esp_wifi_start_scan: S31 scan request: type=0 channel=0 country_ret=0 first=1 count=11
[CPU0] esp_event_post_wrapper: S31 scan event: status=0 aps=17 id=212
[CPU0] esp_event_post_wrapper: S31 Wi-Fi ISR calls: cpu0=4436 cpu1=0
[CPU0] esp_wifi_scan_event_parse: S31 scan count: ret=0 aps=17
bssid / frequency / signal level / encode / ssid
c0:a4:76:e8:e1:eb	2437	-91	0800	@Ruijie-s9599
08:f4:58:ab:c0:18	2437	-90	0800	HDMRC
60:10:9e:e0:a1:b2	2452	-89	0800	STB_Ufa9
c2:a4:76:28:e1:eb	2437	-89	0800	@Ruijie-s9599_iot
cc:bc:e3:16:ba:00	2412	-88	0800	CU_Gy2m
a4:ba:70:3a:61:31	2412	-88	0800	CU-C4F4_plus
d8:31:39:80:18:b0	2457	-86	0800	CU_9wN9
e8:bd:d1:ce:a3:84	2427	-86	0800	CU_7Phb
c8:cd:55:f5:00:39	2422	-86	0800	海淀区物资回收公司
b8:f8:83:2d:54:eb	2412	-86	0800	GS5.0
50:78:b3:a3:c4:f4	2412	-86	0800	CU-C4F4
98:0d:51:96:33:54	2437	-84	0800	HDMRC
7c:39:85:2a:50:04	2462	-77	0800	Kal'tsit
bc:54:fc:36:e1:c2	2462	-75	0800	MERCURY_E1C2
60:ce:41:46:0e:ec	2437	-74	0800	Kal'tsit
60:ce:41:ab:02:d0	2462	-66	0800	Kal'tsit
60:ce:41:ab:02:d2	2462	-64	0800	STB_T4Zp
nsh> [K
nsh> [K
XTS_5.1.42_SCAN=85 PASS AP_COUNT=17
--- CMD: wapi scan wlan0 ---
wapi scan wlan0
[CPU0] esp_wifi_start_scan: S31 scan request: type=0 channel=0 country_ret=0 first=1 count=11
[CPU0] esp_event_post_wrapper: S31 scan event: status=0 aps=16 id=213
[CPU0] esp_event_post_wrapper: S31 Wi-Fi ISR calls: cpu0=4492 cpu1=0
[CPU0] esp_wifi_scan_event_parse: S31 scan count: ret=0 aps=16
bssid / frequency / signal level / encode / ssid
24:5a:5f:78:74:42	2462	-90	0800	falcom219
08:f4:58:ab:c0:18	2437	-90	0800	HDMRC
c2:a4:76:28:e1:eb	2437	-88	0800	@Ruijie-s9599_iot
c0:a4:76:e8:e1:eb	2437	-88	0800	@Ruijie-s9599
98:bb:99:0b:c8:d8	2432	-87	0800	ASUS_1502
30:99:35:5e:4f:63	2432	-87	0800	CU_nhbU
68:dd:b7:77:db:38	2462	-86	0800	JSL
54:46:17:02:84:71	2417	-86	0800	CU_UStk
c4:16:c8:5a:e5:6c	2462	-85	0800	HUAWEI-J
24:69:68:38:77:70	2412	-81	0800	wlj
94:bf:80:7e:6f:c9	2427	-79	0800	CU_rfNY
7c:39:85:2a:50:04	2462	-77	0800	Kal'tsit
bc:54:fc:36:e1:c2	2462	-74	0800	MERCURY_E1C2
60:ce:41:46:0e:ec	2437	-74	0800	Kal'tsit
60:ce:41:ab:02:d2	2462	-65	0800	STB_T4Zp
60:ce:41:ab:02:d0	2462	-65	0800	Kal'tsit
nsh> [K
nsh> [K
XTS_5.1.42_SCAN=86 PASS AP_COUNT=16
--- CMD: wapi scan wlan0 ---
wapi scan wlan0
[CPU0] esp_wifi_start_scan: S31 scan request: type=0 channel=0 country_ret=0 first=1 count=11
[CPU0] esp_event_post_wrapper: S31 scan event: status=0 aps=16 id=214
[CPU0] esp_event_post_wrapper: S31 Wi-Fi ISR calls: cpu0=4540 cpu1=0
[CPU0] esp_wifi_scan_event_parse: S31 scan count: ret=0 aps=16
bssid / frequency / signal level / encode / ssid
c2:a4:76:28:e1:eb	2437	-88	0800	@Ruijie-s9599_iot
08:f4:58:ab:c0:18	2437	-88	0800	HDMRC
c0:a4:76:e8:e1:eb	2437	-88	0800	@Ruijie-s9599
c4:16:c8:5a:e5:6c	2462	-86	0800	HUAWEI-J
ca:33:e5:05:fe:88	2432	-86	0800	阳光
68:dd:b7:77:db:38	2462	-85	0800	JSL
c8:cd:55:f5:00:a1	2422	-85	0800	海淀区物资回收公司
b4:7c:a6:58:15:fe	2432	-84	0800	Home-Wireless
98:0d:51:96:33:54	2437	-83	0800	HDMRC
90:7e:43:c9:d4:3c	2427	-82	0800	XXN3M
94:bf:80:7e:6f:c9	2427	-80	0800	CU_rfNY
24:69:68:38:77:70	2412	-79	0800	wlj
60:ce:41:46:0e:ec	2437	-71	0800	Kal'tsit
7c:39:85:2a:50:04	2462	-68	0800	Kal'tsit
60:ce:41:ab:02:d2	2462	-65	0800	STB_T4Zp
60:ce:41:ab:02:d0	2462	-64	0800	Kal'tsit
nsh> [K
nsh> [K
XTS_5.1.42_SCAN=87 PASS AP_COUNT=16
--- CMD: wapi scan wlan0 ---
wapi scan wlan0
[CPU0] esp_wifi_start_scan: S31 scan request: type=0 channel=0 country_ret=0 first=1 count=11
[CPU0] esp_event_post_wrapper: S31 scan event: status=0 aps=13 id=215
[CPU0] esp_event_post_wrapper: S31 Wi-Fi ISR calls: cpu0=4596 cpu1=0
[CPU0] esp_wifi_scan_event_parse: S31 scan count: ret=0 aps=13
bssid / frequency / signal level / encode / ssid
10:9f:4f:43:b2:ca	2437	-93	0800	CMCC-C2C9
cc:bc:e3:16:ba:00	2412	-89	0800	CU_Gy2m
30:99:35:5e:4f:63	2432	-88	0800	CU_nhbU
a4:ba:70:be:df:fb	2412	-88	0800	20371506
a4:ba:70:3a:61:31	2412	-87	0800	CU-C4F4_plus
50:78:b3:a3:c4:f4	2412	-87	0800	CU-C4F4
b4:7c:a6:58:15:fe	2432	-84	0800	Home-Wireless
24:69:68:38:77:70	2412	-82	0800	wlj
bc:54:fc:36:e1:c2	2462	-75	0800	MERCURY_E1C2
60:ce:41:46:0e:ec	2437	-72	0800	Kal'tsit
7c:39:85:2a:50:04	2462	-68	0800	Kal'tsit
60:ce:41:ab:02:d2	2462	-64	0800	STB_T4Zp
60:ce:41:ab:02:d0	2462	-64	0800	Kal'tsit
nsh> [K
nsh> [K
XTS_5.1.42_SCAN=88 PASS AP_COUNT=13
--- CMD: wapi scan wlan0 ---
wapi scan wlan0
[CPU0] esp_wifi_start_scan: S31 scan request: type=0 channel=0 country_ret=0 first=1 count=11
[CPU0] esp_event_post_wrapper: S31 scan event: status=0 aps=16 id=216
[CPU0] esp_event_post_wrapper: S31 Wi-Fi ISR calls: cpu0=4653 cpu1=0
[CPU0] esp_wifi_scan_event_parse: S31 scan count: ret=0 aps=16
bssid / frequency / signal level / encode / ssid
a4:ba:70:be:df:fb	2412	-89	0800	20371506
10:9f:4f:43:b2:ca	2437	-88	0800	CMCC-C2C9
cc:bc:e3:16:ba:00	2412	-88	0800	CU_Gy2m
c0:a4:76:e8:e1:eb	2437	-87	0800	@Ruijie-s9599
a4:ba:70:3a:61:31	2412	-87	0800	CU-C4F4_plus
98:0d:51:96:33:54	2437	-86	0800	HDMRC
54:46:17:02:84:71	2417	-86	0800	CU_UStk
c4:16:c8:5a:e5:6c	2462	-85	0800	HUAWEI-J
ca:33:e5:05:fe:88	2432	-85	0800	阳光
24:69:68:38:77:70	2412	-84	0800	wlj
50:78:b3:a3:c4:f4	2412	-84	0800	CU-C4F4
60:ce:41:46:0e:ec	2437	-82	0800	Kal'tsit
94:bf:80:7e:6f:c9	2427	-78	0800	CU_rfNY
7c:39:85:2a:50:04	2462	-74	0800	Kal'tsit
60:ce:41:ab:02:d2	2462	-66	0800	STB_T4Zp
60:ce:41:ab:02:d0	2462	-65	0800	Kal'tsit
nsh> [K
nsh> [K
XTS_5.1.42_SCAN=89 PASS AP_COUNT=16
--- CMD: wapi scan wlan0 ---
wapi scan wlan0
[CPU0] esp_wifi_start_scan: S31 scan request: type=0 channel=0 country_ret=0 first=1 count=11
[CPU0] esp_event_post_wrapper: S31 scan event: status=0 aps=16 id=217
[CPU0] esp_event_post_wrapper: S31 Wi-Fi ISR calls: cpu0=4714 cpu1=0
[CPU0] esp_wifi_scan_event_parse: S31 scan count: ret=0 aps=16
bssid / frequency / signal level / encode / ssid
50:78:b3:a3:c4:f4	2412	-89	0800	CU-C4F4
a4:ba:70:3a:61:31	2412	-89	0800	CU-C4F4_plus
c2:a4:76:28:e1:eb	2437	-88	0800	@Ruijie-s9599_iot
10:9f:4f:43:b2:ca	2437	-87	0800	CMCC-C2C9
c0:a4:76:e8:e1:eb	2437	-87	0800	@Ruijie-s9599
98:bb:99:0b:c8:d8	2432	-87	0800	ASUS_1502
b8:f8:83:2d:54:eb	2412	-87	0800	GS5.0
c4:16:c8:5a:e5:6c	2462	-86	0800	HUAWEI-J
b4:7c:a6:58:15:fe	2432	-85	0800	Home-Wireless
24:69:68:38:77:70	2412	-83	0800	wlj
60:ce:41:46:0e:ec	2437	-76	0800	Kal'tsit
bc:54:fc:36:e1:c2	2462	-74	0800	MERCURY_E1C2
94:bf:80:7e:6f:c9	2427	-73	0800	CU_rfNY
7c:39:85:2a:50:04	2462	-70	0800	Kal'tsit
60:ce:41:ab:02:d0	2462	-65	0800	Kal'tsit
60:ce:41:ab:02:d2	2462	-64	0800	STB_T4Zp
nsh> [K
nsh> [K
XTS_5.1.42_SCAN=90 PASS AP_COUNT=16
--- CMD: wapi scan wlan0 ---
wapi scan wlan0
[CPU0] esp_wifi_start_scan: S31 scan request: type=0 channel=0 country_ret=0 first=1 count=11
[CPU0] esp_event_post_wrapper: S31 scan event: status=0 aps=15 id=218
[CPU0] esp_event_post_wrapper: S31 Wi-Fi ISR calls: cpu0=4771 cpu1=0
[CPU0] esp_wifi_scan_event_parse: S31 scan count: ret=0 aps=15
bssid / frequency / signal level / encode / ssid
24:5a:5f:78:74:42	2462	-93	0800	falcom219
a4:ba:70:3a:61:31	2412	-89	0800	CU-C4F4_plus
08:f4:58:ab:c0:18	2437	-88	0800	HDMRC
c2:a4:76:28:e1:eb	2437	-88	0800	@Ruijie-s9599_iot
98:bb:99:0b:c8:d8	2432	-88	0800	ASUS_1502
50:78:b3:a3:c4:f4	2412	-88	0800	CU-C4F4
98:0d:51:96:33:54	2437	-87	0800	HDMRC
7c:39:85:2a:50:04	2462	-86	0800	Kal'tsit
ca:33:e5:05:fe:88	2432	-85	0800	阳光
24:69:68:38:77:70	2412	-84	0800	wlj
94:bf:80:7e:6f:c9	2427	-78	0800	CU_rfNY
bc:54:fc:36:e1:c2	2462	-77	0800	MERCURY_E1C2
60:ce:41:46:0e:ec	2437	-77	0800	Kal'tsit
60:ce:41:ab:02:d2	2462	-64	0800	STB_T4Zp
60:ce:41:ab:02:d0	2462	-63	0800	Kal'tsit
nsh> [K
nsh> [K
XTS_5.1.42_SCAN=91 PASS AP_COUNT=15
--- CMD: wapi scan wlan0 ---
wapi scan wlan0
[CPU0] esp_wifi_start_scan: S31 scan request: type=0 channel=0 country_ret=0 first=1 count=11
[CPU0] esp_event_post_wrapper: S31 scan event: status=0 aps=20 id=219
[CPU0] esp_event_post_wrapper: S31 Wi-Fi ISR calls: cpu0=4829 cpu1=0
[CPU0] esp_wifi_scan_event_parse: S31 scan count: ret=0 aps=20
bssid / frequency / signal level / encode / ssid
c0:a4:76:e8:e1:eb	2437	-91	0800	@Ruijie-s9599
50:78:b3:a3:c4:f4	2412	-90	0800	CU-C4F4
4c:10:d5:ea:02:04	2472	-89	0800	TP-LINK_0204
d8:31:39:80:18:b0	2457	-89	0800	CU_9wN9
a4:ba:70:3a:61:31	2412	-89	0800	CU-C4F4_plus
b8:f8:83:2d:54:eb	2412	-88	0800	GS5.0
08:f4:58:ab:c0:18	2437	-87	0800	HDMRC
c2:a4:76:28:e1:eb	2437	-87	0800	@Ruijie-s9599_iot
98:bb:99:0b:c8:d8	2432	-87	0800	ASUS_1502
a4:ba:70:be:df:fb	2412	-87	0800	20371506
ca:33:e5:05:fe:88	2432	-85	0800	阳光
30:99:35:5e:4f:63	2432	-85	0800	CU_nhbU
98:0d:51:96:33:54	2437	-84	0800	HDMRC
24:69:68:38:77:70	2412	-83	0800	wlj
94:bf:80:7e:6f:c9	2427	-79	0800	CU_rfNY
bc:54:fc:36:e1:c2	2462	-74	0800	MERCURY_E1C2
60:ce:41:46:0e:ec	2437	-74	0800	Kal'tsit
7c:39:85:2a:50:04	2462	-71	0800	Kal'tsit
60:ce:41:ab:02:d2	2462	-65	0800	STB_T4Zp
60:ce:41:ab:02:d0	2462	-65	0800	Kal'tsit
nsh> [K
nsh> [K
XTS_5.1.42_SCAN=92 PASS AP_COUNT=20
--- CMD: wapi scan wlan0 ---
wapi scan wlan0
[CPU0] esp_wifi_start_scan: S31 scan request: type=0 channel=0 country_ret=0 first=1 count=11
[CPU0] esp_event_post_wrapper: S31 scan event: status=0 aps=14 id=220
[CPU0] esp_event_post_wrapper: S31 Wi-Fi ISR calls: cpu0=4868 cpu1=0
[CPU0] esp_wifi_scan_event_parse: S31 scan count: ret=0 aps=14
bssid / frequency / signal level / encode / ssid
10:9f:4f:43:b2:ca	2437	-89	0800	CMCC-C2C9
d8:31:39:80:18:b0	2457	-87	0800	CU_9wN9
4c:10:d5:ea:02:04	2472	-86	0800	TP-LINK_0204
b4:7c:a6:58:15:fe	2432	-86	0800	Home-Wireless
30:99:35:5e:4f:63	2432	-86	0800	CU_nhbU
c4:16:c8:5a:e5:6c	2462	-84	0800	HUAWEI-J
bc:54:fc:36:e1:c2	2462	-84	0800	MERCURY_E1C2
98:0d:51:96:33:54	2437	-84	0800	HDMRC
50:78:b3:a3:c4:f4	2412	-84	0800	CU-C4F4
60:ce:41:46:0e:ec	2437	-83	0800	Kal'tsit
94:bf:80:7e:6f:c9	2427	-80	0800	CU_rfNY
7c:39:85:2a:50:04	2462	-65	0800	Kal'tsit
60:ce:41:ab:02:d0	2462	-65	0800	Kal'tsit
60:ce:41:ab:02:d2	2462	-64	0800	STB_T4Zp
nsh> [K
nsh> [K
XTS_5.1.42_SCAN=93 PASS AP_COUNT=14
--- CMD: wapi scan wlan0 ---
wapi scan wlan0
[CPU0] esp_wifi_start_scan: S31 scan request: type=0 channel=0 country_ret=0 first=1 count=11
[CPU0] esp_event_post_wrapper: S31 scan event: status=0 aps=16 id=221
[CPU0] esp_event_post_wrapper: S31 Wi-Fi ISR calls: cpu0=4917 cpu1=0
[CPU0] esp_wifi_scan_event_parse: S31 scan count: ret=0 aps=16
bssid / frequency / signal level / encode / ssid
08:f4:58:ab:c0:18	2437	-91	0800	HDMRC
c2:a4:76:28:e1:eb	2437	-88	0800	@Ruijie-s9599_iot
b4:7c:a6:58:15:fe	2432	-88	0800	Home-Wireless
98:bb:99:0b:c8:d8	2432	-87	0800	ASUS_1502
a4:ba:70:be:df:fb	2412	-87	0800	20371506
c0:a4:76:e8:e1:eb	2437	-86	0800	@Ruijie-s9599
b8:f8:83:2d:54:eb	2412	-86	0800	GS5.0
a4:ba:70:3a:61:31	2412	-86	0800	CU-C4F4_plus
50:78:b3:a3:c4:f4	2412	-85	0800	CU-C4F4
24:69:68:38:77:70	2412	-82	0800	wlj
94:bf:80:7e:6f:c9	2427	-80	0800	CU_rfNY
60:ce:41:46:0e:ec	2437	-76	0800	Kal'tsit
bc:54:fc:36:e1:c2	2462	-71	0800	MERCURY_E1C2
7c:39:85:2a:50:04	2462	-71	0800	Kal'tsit
60:ce:41:ab:02:d0	2462	-65	0800	Kal'tsit
60:ce:41:ab:02:d2	2462	-64	0800	STB_T4Zp
nsh> [K
nsh> [K
XTS_5.1.42_SCAN=94 PASS AP_COUNT=16
--- CMD: wapi scan wlan0 ---
wapi scan wlan0
[CPU0] esp_wifi_start_scan: S31 scan request: type=0 channel=0 country_ret=0 first=1 count=11
[CPU0] esp_event_post_wrapper: S31 scan event: status=0 aps=9 id=222
[CPU0] esp_event_post_wrapper: S31 Wi-Fi ISR calls: cpu0=4949 cpu1=0
[CPU0] esp_wifi_scan_event_parse: S31 scan count: ret=0 aps=9
bssid / frequency / signal level / encode / ssid
c0:a4:76:e8:e1:eb	2437	-91	0800	@Ruijie-s9599
68:dd:b7:77:db:38	2462	-89	0800	JSL
30:99:35:5e:4f:63	2432	-87	0800	CU_nhbU
b4:7c:a6:58:15:fe	2432	-85	0800	Home-Wireless
60:ce:41:46:0e:ec	2437	-78	0800	Kal'tsit
bc:54:fc:36:e1:c2	2462	-76	0800	MERCURY_E1C2
7c:39:85:2a:50:04	2462	-74	0800	Kal'tsit
60:ce:41:ab:02:d2	2462	-65	0800	STB_T4Zp
60:ce:41:ab:02:d0	2462	-65	0800	Kal'tsit
nsh> [K
nsh> [K
XTS_5.1.42_SCAN=95 PASS AP_COUNT=9
--- CMD: wapi scan wlan0 ---
wapi scan wlan0
[CPU0] esp_wifi_start_scan: S31 scan request: type=0 channel=0 country_ret=0 first=1 count=11
[CPU0] esp_event_post_wrapper: S31 scan event: status=0 aps=12 id=223
[CPU0] esp_event_post_wrapper: S31 Wi-Fi ISR calls: cpu0=4994 cpu1=0
[CPU0] esp_wifi_scan_event_parse: S31 scan count: ret=0 aps=12
bssid / frequency / signal level / encode / ssid
08:f4:58:ab:c0:18	2437	-89	0800	HDMRC
c0:a4:76:e8:e1:eb	2437	-88	0800	@Ruijie-s9599
c2:a4:76:28:e1:eb	2437	-87	0800	@Ruijie-s9599_iot
c4:16:c8:5a:e5:6c	2462	-86	0800	HUAWEI-J
a4:ba:70:3a:61:31	2412	-85	0800	CU-C4F4_plus
98:0d:51:96:33:54	2437	-82	0800	HDMRC
90:7e:43:c9:d4:3c	2427	-81	0800	XXN3M
60:ce:41:46:0e:ec	2437	-77	0800	Kal'tsit
bc:54:fc:36:e1:c2	2462	-73	0800	MERCURY_E1C2
7c:39:85:2a:50:04	2462	-70	0800	Kal'tsit
60:ce:41:ab:02:d2	2462	-66	0800	STB_T4Zp
60:ce:41:ab:02:d0	2462	-65	0800	Kal'tsit
nsh> [K
nsh> [K
XTS_5.1.42_SCAN=96 PASS AP_COUNT=12
--- CMD: wapi scan wlan0 ---
wapi scan wlan0
[CPU0] esp_wifi_start_scan: S31 scan request: type=0 channel=0 country_ret=0 first=1 count=11
[CPU0] esp_event_post_wrapper: S31 scan event: status=0 aps=12 id=224
[CPU0] esp_event_post_wrapper: S31 Wi-Fi ISR calls: cpu0=5035 cpu1=0
[CPU0] esp_wifi_scan_event_parse: S31 scan count: ret=0 aps=12
bssid / frequency / signal level / encode / ssid
cc:bc:e3:16:ba:00	2412	-90	0800	CU_Gy2m
a4:ba:70:3a:61:31	2412	-89	0800	CU-C4F4_plus
30:99:35:5e:4f:63	2432	-87	0800	CU_nhbU
08:f4:58:ab:c0:18	2437	-86	0800	HDMRC
b4:7c:a6:58:15:fe	2432	-86	0800	Home-Wireless
98:bb:99:0b:c8:d8	2432	-86	0800	ASUS_1502
c2:a4:76:28:e1:eb	2437	-85	0800	@Ruijie-s9599_iot
bc:54:fc:36:e1:c2	2462	-80	0800	MERCURY_E1C2
7c:39:85:2a:50:04	2462	-79	0800	Kal'tsit
60:ce:41:46:0e:ec	2437	-76	0800	Kal'tsit
60:ce:41:ab:02:d2	2462	-66	0800	STB_T4Zp
60:ce:41:ab:02:d0	2462	-64	0800	Kal'tsit
nsh> [K
nsh> [K
XTS_5.1.42_SCAN=97 PASS AP_COUNT=12
--- CMD: wapi scan wlan0 ---
wapi scan wlan0
[CPU0] esp_wifi_start_scan: S31 scan request: type=0 channel=0 country_ret=0 first=1 count=11
[CPU0] esp_event_post_wrapper: S31 scan event: status=0 aps=14 id=225
[CPU0] esp_event_post_wrapper: S31 Wi-Fi ISR calls: cpu0=5086 cpu1=0
[CPU0] esp_wifi_scan_event_parse: S31 scan count: ret=0 aps=14
bssid / frequency / signal level / encode / ssid
68:dd:b7:77:db:38	2462	-91	0800	JSL
24:a6:5e:39:f3:f0	2457	-91	0800	1901
c0:a4:76:e8:e1:eb	2437	-89	0800	@Ruijie-s9599
98:bb:99:0b:c8:d8	2432	-89	0800	ASUS_1502
b4:7c:a6:58:15:fe	2432	-88	0800	Home-Wireless
a4:ba:70:3a:61:31	2412	-88	0800	CU-C4F4_plus
08:f4:58:ab:c0:18	2437	-87	0800	HDMRC
d8:31:39:80:18:b0	2457	-86	0800	CU_9wN9
ca:33:e5:05:fe:88	2432	-86	0800	阳光
bc:54:fc:36:e1:c2	2462	-79	0800	MERCURY_E1C2
60:ce:41:46:0e:ec	2437	-75	0800	Kal'tsit
7c:39:85:2a:50:04	2462	-70	0800	Kal'tsit
60:ce:41:ab:02:d2	2462	-65	0800	STB_T4Zp
60:ce:41:ab:02:d0	2462	-62	0800	Kal'tsit
nsh> [K
nsh> [K
XTS_5.1.42_SCAN=98 PASS AP_COUNT=14
--- CMD: wapi scan wlan0 ---
wapi scan wlan0
[CPU0] esp_wifi_start_scan: S31 scan request: type=0 channel=0 country_ret=0 first=1 count=11
[CPU0] esp_event_post_wrapper: S31 scan event: status=0 aps=12 id=226
[CPU0] esp_event_post_wrapper: S31 Wi-Fi ISR calls: cpu0=5133 cpu1=0
[CPU0] esp_wifi_scan_event_parse: S31 scan count: ret=0 aps=12
bssid / frequency / signal level / encode / ssid
8c:de:f9:a0:3f:6c	2442	-91	0800	Xiaomi_DDB3
c0:a4:76:e8:e1:eb	2437	-91	0800	@Ruijie-s9599
b4:7c:a6:58:15:fe	2432	-86	0800	Home-Wireless
30:99:35:5e:4f:63	2432	-86	0800	CU_nhbU
a4:ba:70:3a:61:31	2412	-86	0800	CU-C4F4_plus
90:7e:43:c9:d4:3c	2427	-81	0800	XXN3M
bc:54:fc:36:e1:c2	2462	-78	0800	MERCURY_E1C2
60:ce:41:46:0e:ec	2437	-78	0800	Kal'tsit
94:bf:80:7e:6f:c9	2427	-75	0800	CU_rfNY
7c:39:85:2a:50:04	2462	-67	0800	Kal'tsit
60:ce:41:ab:02:d0	2462	-65	0800	Kal'tsit
60:ce:41:ab:02:d2	2462	-63	0800	STB_T4Zp
nsh> [K
nsh> [K
XTS_5.1.42_SCAN=99 PASS AP_COUNT=12
--- CMD: wapi scan wlan0 ---
wapi scan wlan0
[CPU0] esp_wifi_start_scan: S31 scan request: type=0 channel=0 country_ret=0 first=1 count=11
[CPU0] esp_event_post_wrapper: S31 scan event: status=0 aps=13 id=227
[CPU0] esp_event_post_wrapper: S31 Wi-Fi ISR calls: cpu0=5183 cpu1=0
[CPU0] esp_wifi_scan_event_parse: S31 scan count: ret=0 aps=13
bssid / frequency / signal level / encode / ssid
08:f4:58:ab:c0:18	2437	-91	0800	HDMRC
98:0d:51:96:33:54	2437	-90	0800	HDMRC
08:f4:58:ab:bf:e8	2437	-88	0800	HDMRC
c2:a4:76:28:e1:eb	2437	-88	0800	@Ruijie-s9599_iot
ca:33:e5:05:fe:88	2432	-86	0800	阳光
a4:ba:70:3a:61:31	2412	-86	0800	CU-C4F4_plus
60:ce:41:46:0e:ec	2437	-85	0800	Kal'tsit
24:69:68:38:77:70	2412	-82	0800	wlj
bc:54:fc:36:e1:c2	2462	-80	0800	MERCURY_E1C2
94:bf:80:7e:6f:c9	2427	-76	0800	CU_rfNY
7c:39:85:2a:50:04	2462	-67	0800	Kal'tsit
60:ce:41:ab:02:d2	2462	-64	0800	STB_T4Zp
60:ce:41:ab:02:d0	2462	-64	0800	Kal'tsit
nsh> [K
nsh> [K
XTS_5.1.42_SCAN=100 PASS AP_COUNT=13
XTS_SCAN_LIST_CHANGES=99
XTS_CASE=5.1.42 PASS
--- CMD: ifdown wlan0 ---
ifdown wlan0
[CPU0] s31_wifi_rx_counters: S31 modem clocks stop: conf1=0038e7ff bb=1 bb80x1=1 bb44=1 mac=1 apb=1 fe160=1 sec=0
[CPU0] s31_wifi_rx_counters: S31 RX counters stop: ret=0 mpdu=4760 data=3501 fcs=30682 abort=44912 full=0 fifo=0 other=27737
[CPU0] s31_wifi_rx_counters: S31 HE counters: power=1023 sigb=0 format=0 unsupported=0 siga=5 bboff=0 wdg=0
[CPU0] s31_wifi_rx_counters: S31 radio hangs: rx=0 tx=0 flags=00000000 panic=00000000 bf_timeout=0 bf_error=0
[CPU0] s31_wifi_rx_counters: S31 RX errors: ret=0 total=0 bitmap=0 tkip=0
[CPU0] s31_wifi_rx_counters: S31 RX types: ret=0 legacy=0 ht=0 su=0 ersu=0 mu=0 su_noeb=0 mu_noeb=0 stbc=0 retry=0
[CPU0] s31_wifi_rx_counters: S31 TX stats: ret=0 enable=0 complete=0 succ=0 ack=0 ba=0 retry=0 nomem=0 timeout=0
[CPU0] disable_intr_wrapper: S31 IRQ disable: mask=00000002 vector=1 irq=137
ifdown wlan0...OK
nsh> [K
nsh> [K
XTS_WIFI_CLEANUP=PASS
XTS_WIFI_COMPLETE=scan
