This file contains any messages produced by compilers while
running configure, to aid debugging if configure makes a mistake.

It was created by Iperf configure 2.1.8, which was
generated by GNU Autoconf 2.69.  Invocation command line was

  $ ../iperf2-2.1.8/configure --host=x86_64-w64-mingw32 --disable-multicast

## --------- ##
## Platform. ##
## --------- ##

hostname = RegEx
uname -m = x86_64
uname -r = 3.6.9-01d6c708.x86_64
uname -s = MSYS_NT-10.0-26200
uname -v = 2026-05-24 10:45 UTC

/usr/bin/uname -p = unknown
/bin/uname -X     = unknown

/bin/arch              = x86_64
/usr/bin/arch -k       = unknown
/usr/convex/getsysinfo = unknown
/usr/bin/hostinfo      = unknown
/bin/machine           = unknown
/usr/bin/oslevel       = unknown
/bin/universe          = unknown

PATH: /ucrt64/bin
PATH: /usr/bin


## ----------- ##
## Core tests. ##
## ----------- ##

configure:2348: loading site script /etc/config.site
| # This file is in public domain.
| # Original author: Karlson2k (Evgeny Grin)
| # Written for MSys2 to help running 'configure' scripts
| 
| # Defaults for MSys2/MinGW64-targeted programs
| 
| # Set proper selfname on bash and fallback to default name on other shells
| test -n "${BASH_SOURCE}" 2>/dev/null && config_site_me="${BASH_SOURCE[0]##*/}" || config_site_me=config.site
| 
| # Set default 'host' to speedup configure
| if test -z "$build_alias"; then
|   build_alias="${MSYSTEM_CHOST}"  && \
|     ${as_echo-echo} "$config_site_me:${as_lineno-$LINENO}: default build_alias set to $build_alias" >&5
| fi
| 
| # Set default 'prefix'
| if ( test -z "$prefix" || test "x$prefix" = "xNONE" ) && \
|     ( test -z "$exec_prefix" || test "x$exec_prefix" = "xNONE" ); then
|   prefix="${MSYSTEM_PREFIX}" && \
|     ${as_echo-echo} "$config_site_me:${as_lineno-$LINENO}: default prefix set to $prefix" >&5
| fi
config.site:13: default build_alias set to x86_64-pc-cygwin
config.site:20: default prefix set to /usr
configure:2491: checking for a BSD-compatible install
configure:2559: result: /usr/bin/install -c
configure:2570: checking whether build environment is sane
configure:2625: result: yes
configure:2684: checking for x86_64-w64-mingw32-strip
configure:2714: result: no
configure:2724: checking for strip
configure:2740: found /ucrt64/bin/strip
configure:2751: result: strip
configure:2776: checking for a thread-safe mkdir -p
configure:2815: result: /usr/bin/mkdir -p
configure:2822: checking for gawk
configure:2838: found /usr/bin/gawk
configure:2849: result: gawk
configure:2860: checking whether make sets $(MAKE)
configure:2882: result: yes
configure:2911: checking whether make supports nested variables
configure:2928: result: yes
configure:3056: checking whether to enable maintainer-specific portions of Makefiles
configure:3065: result: no
configure:3398: checking whether make supports the include directive
configure:3413: make -f confmf.GNU && cat confinc.out
this is the am__doit target
configure:3416: $? = 0
configure:3435: result: yes (GNU style)
configure:3465: checking for x86_64-w64-mingw32-gcc
configure:3481: found /ucrt64/bin/x86_64-w64-mingw32-gcc
configure:3492: result: x86_64-w64-mingw32-gcc
configure:3761: checking for C compiler version
configure:3770: x86_64-w64-mingw32-gcc --version >&5
x86_64-w64-mingw32-gcc.exe (Rev5, Built by MSYS2 project) 16.1.0
Copyright (C) 2026 Free Software Foundation, Inc.
This is free software; see the source for copying conditions.  There is NO
warranty; not even for MERCHANTABILITY or FITNESS FOR A PARTICULAR PURPOSE.

configure:3781: $? = 0
configure:3770: x86_64-w64-mingw32-gcc -v >&5
Using built-in specs.
COLLECT_GCC=C:\msys64\ucrt64\bin\x86_64-w64-mingw32-gcc.exe
COLLECT_LTO_WRAPPER=C:/msys64/ucrt64/bin/../lib/gcc/x86_64-w64-mingw32/16.1.0/lto-wrapper.exe
Target: x86_64-w64-mingw32
Configured with: ../gcc-16.1.0/configure --prefix=/ucrt64 --with-local-prefix=/ucrt64/local --libexecdir=/ucrt64/lib --enable-bootstrap --enable-checking=release --with-arch=nocona --with-tune=generic --enable-mingw-wildcard --enable-languages=c,c++,ada,fortran,lto,objc,obj-c++,jit --enable-shared --enable-static --enable-libatomic --enable-threads=posix --enable-tls --enable-graphite --enable-fully-dynamic-string --enable-libstdcxx-backtrace=yes --enable-libstdcxx-filesystem-ts --enable-libstdcxx-time --disable-libstdcxx-pch --enable-libgomp --disable-libssp --disable-multilib --disable-rpath --disable-win32-registry --disable-nls --disable-werror --disable-symvers --with-libiconv --with-system-zlib --with-gmp=/ucrt64 --with-mpfr=/ucrt64 --with-mpc=/ucrt64 --with-isl=/ucrt64 --with-pkgversion='Rev5, Built by MSYS2 project' --with-bugurl=https://github.com/msys2/MINGW-packages/issues --with-gnu-as --with-gnu-ld --with-libstdcxx-zoneinfo=yes --disable-libstdcxx-debug --enable-lto --with-boot-ldflags=-static-libstdc++ --with-stage1-ldflags=-static-libstdc++
Thread model: posix
Supported LTO compression algorithms: zlib zstd
gcc version 16.1.0 (Rev5, Built by MSYS2 project) 
configure:3781: $? = 0
configure:3770: x86_64-w64-mingw32-gcc -V >&5
x86_64-w64-mingw32-gcc.exe: error: unrecognized command-line option '-V'
x86_64-w64-mingw32-gcc.exe: fatal error: no input files
compilation terminated.
configure:3781: $? = 1
configure:3770: x86_64-w64-mingw32-gcc -qversion >&5
x86_64-w64-mingw32-gcc.exe: error: unrecognized command-line option '-qversion'; did you mean '--version'?
x86_64-w64-mingw32-gcc.exe: fatal error: no input files
compilation terminated.
configure:3781: $? = 1
configure:3801: checking whether the C compiler works
configure:3823: x86_64-w64-mingw32-gcc -O2 -std=gnu11 -DCONFIG_UTILS_IPERF2_STACKSIZE=262144 -include /c/Users/tttgu/Documents/Codex/s31-host-tools-2026-09-16/build-iperf2-win64/host-compat.h  conftest.c  >&5
configure:3827: $? = 0
configure:3875: result: yes
configure:3878: checking for C compiler default output file name
configure:3880: result: a.exe
configure:3886: checking for suffix of executables
configure:3893: x86_64-w64-mingw32-gcc -o conftest.exe -O2 -std=gnu11 -DCONFIG_UTILS_IPERF2_STACKSIZE=262144 -include /c/Users/tttgu/Documents/Codex/s31-host-tools-2026-09-16/build-iperf2-win64/host-compat.h  conftest.c  >&5
configure:3897: $? = 0
configure:3919: result: .exe
configure:3941: checking whether we are cross compiling
configure:3949: x86_64-w64-mingw32-gcc -o conftest.exe -O2 -std=gnu11 -DCONFIG_UTILS_IPERF2_STACKSIZE=262144 -include /c/Users/tttgu/Documents/Codex/s31-host-tools-2026-09-16/build-iperf2-win64/host-compat.h  conftest.c  >&5
configure:3953: $? = 0
configure:3960: ./conftest.exe
configure:3964: $? = 0
configure:3979: result: no
configure:3984: checking for suffix of object files
configure:4006: x86_64-w64-mingw32-gcc -c -O2 -std=gnu11 -DCONFIG_UTILS_IPERF2_STACKSIZE=262144 -include /c/Users/tttgu/Documents/Codex/s31-host-tools-2026-09-16/build-iperf2-win64/host-compat.h conftest.c >&5
configure:4010: $? = 0
configure:4031: result: o
configure:4035: checking whether we are using the GNU C compiler
configure:4054: x86_64-w64-mingw32-gcc -c -O2 -std=gnu11 -DCONFIG_UTILS_IPERF2_STACKSIZE=262144 -include /c/Users/tttgu/Documents/Codex/s31-host-tools-2026-09-16/build-iperf2-win64/host-compat.h conftest.c >&5
configure:4054: $? = 0
configure:4063: result: yes
configure:4072: checking whether x86_64-w64-mingw32-gcc accepts -g
configure:4092: x86_64-w64-mingw32-gcc -c -g -DCONFIG_UTILS_IPERF2_STACKSIZE=262144 -include /c/Users/tttgu/Documents/Codex/s31-host-tools-2026-09-16/build-iperf2-win64/host-compat.h conftest.c >&5
configure:4092: $? = 0
configure:4133: result: yes
configure:4150: checking for x86_64-w64-mingw32-gcc option to accept ISO C89
configure:4213: x86_64-w64-mingw32-gcc  -c -O2 -std=gnu11 -DCONFIG_UTILS_IPERF2_STACKSIZE=262144 -include /c/Users/tttgu/Documents/Codex/s31-host-tools-2026-09-16/build-iperf2-win64/host-compat.h conftest.c >&5
configure:4213: $? = 0
configure:4226: result: none needed
configure:4251: checking whether x86_64-w64-mingw32-gcc understands -c and -o together
configure:4273: x86_64-w64-mingw32-gcc -c conftest.c -o conftest2.o
configure:4276: $? = 0
configure:4273: x86_64-w64-mingw32-gcc -c conftest.c -o conftest2.o
configure:4276: $? = 0
configure:4288: result: yes
configure:4307: checking dependency style of x86_64-w64-mingw32-gcc
configure:4418: result: gcc3
configure:4436: checking whether TPACKET_V2 is declared
configure:4436: x86_64-w64-mingw32-gcc -c -O2 -std=gnu11 -DCONFIG_UTILS_IPERF2_STACKSIZE=262144 -include /c/Users/tttgu/Documents/Codex/s31-host-tools-2026-09-16/build-iperf2-win64/host-compat.h conftest.c >&5
conftest.c:11:10: fatal error: sys/socket.h: No such file or directory
   11 | #include <sys/socket.h>
      |          ^~~~~~~~~~~~~~
compilation terminated.
configure:4436: $? = 1
configure: failed program was:
| /* confdefs.h */
| #define PACKAGE_NAME "Iperf"
| #define PACKAGE_TARNAME "iperf"
| #define PACKAGE_VERSION "2.1.8"
| #define PACKAGE_STRING "Iperf 2.1.8"
| #define PACKAGE_BUGREPORT ""
| #define PACKAGE_URL ""
| #define PACKAGE "iperf"
| #define VERSION "2.1.8"
| /* end confdefs.h.  */
| #include <sys/socket.h>
|       #include <linux/if_packet.h>
| 
| int
| main ()
| {
| #ifndef TPACKET_V2
| #ifdef __cplusplus
|   (void) TPACKET_V2;
| #else
|   (void) TPACKET_V2;
| #endif
| #endif
| 
|   ;
|   return 0;
| }
configure:4436: result: no
configure:4468: checking whether IFF_TUN is declared
configure:4468: x86_64-w64-mingw32-gcc -c -O2 -std=gnu11 -DCONFIG_UTILS_IPERF2_STACKSIZE=262144 -include /c/Users/tttgu/Documents/Codex/s31-host-tools-2026-09-16/build-iperf2-win64/host-compat.h conftest.c >&5
conftest.c:11:10: fatal error: linux/if_tun.h: No such file or directory
   11 | #include <linux/if_tun.h>
      |          ^~~~~~~~~~~~~~~~
compilation terminated.
configure:4468: $? = 1
configure: failed program was:
| /* confdefs.h */
| #define PACKAGE_NAME "Iperf"
| #define PACKAGE_TARNAME "iperf"
| #define PACKAGE_VERSION "2.1.8"
| #define PACKAGE_STRING "Iperf 2.1.8"
| #define PACKAGE_BUGREPORT ""
| #define PACKAGE_URL ""
| #define PACKAGE "iperf"
| #define VERSION "2.1.8"
| /* end confdefs.h.  */
| #include <linux/if_tun.h>
| 
| int
| main ()
| {
| #ifndef IFF_TUN
| #ifdef __cplusplus
|   (void) IFF_TUN;
| #else
|   (void) IFF_TUN;
| #endif
| #endif
| 
|   ;
|   return 0;
| }
configure:4468: result: no
configure:4508: checking whether IFF_TAP is declared
configure:4508: x86_64-w64-mingw32-gcc -c -O2 -std=gnu11 -DCONFIG_UTILS_IPERF2_STACKSIZE=262144 -include /c/Users/tttgu/Documents/Codex/s31-host-tools-2026-09-16/build-iperf2-win64/host-compat.h conftest.c >&5
conftest.c:12:10: fatal error: linux/if_tun.h: No such file or directory
   12 | #include <linux/if_tun.h>
      |          ^~~~~~~~~~~~~~~~
compilation terminated.
configure:4508: $? = 1
configure: failed program was:
| /* confdefs.h */
| #define PACKAGE_NAME "Iperf"
| #define PACKAGE_TARNAME "iperf"
| #define PACKAGE_VERSION "2.1.8"
| #define PACKAGE_STRING "Iperf 2.1.8"
| #define PACKAGE_BUGREPORT ""
| #define PACKAGE_URL ""
| #define PACKAGE "iperf"
| #define VERSION "2.1.8"
| #define HAVE_DECL_IFF_TUN 0
| /* end confdefs.h.  */
| #include <linux/if_tun.h>
| 
| int
| main ()
| {
| #ifndef IFF_TAP
| #ifdef __cplusplus
|   (void) IFF_TAP;
| #else
|   (void) IFF_TAP;
| #endif
| #endif
| 
|   ;
|   return 0;
| }
configure:4508: result: no
configure:4553: checking for x86_64-w64-mingw32-g++
configure:4569: found /ucrt64/bin/x86_64-w64-mingw32-g++
configure:4580: result: x86_64-w64-mingw32-g++
configure:4651: checking for C++ compiler version
configure:4660: x86_64-w64-mingw32-g++ --version >&5
x86_64-w64-mingw32-g++.exe (Rev5, Built by MSYS2 project) 16.1.0
Copyright (C) 2026 Free Software Foundation, Inc.
This is free software; see the source for copying conditions.  There is NO
warranty; not even for MERCHANTABILITY or FITNESS FOR A PARTICULAR PURPOSE.

configure:4671: $? = 0
configure:4660: x86_64-w64-mingw32-g++ -v >&5
Using built-in specs.
COLLECT_GCC=C:\msys64\ucrt64\bin\x86_64-w64-mingw32-g++.exe
COLLECT_LTO_WRAPPER=C:/msys64/ucrt64/bin/../lib/gcc/x86_64-w64-mingw32/16.1.0/lto-wrapper.exe
Target: x86_64-w64-mingw32
Configured with: ../gcc-16.1.0/configure --prefix=/ucrt64 --with-local-prefix=/ucrt64/local --libexecdir=/ucrt64/lib --enable-bootstrap --enable-checking=release --with-arch=nocona --with-tune=generic --enable-mingw-wildcard --enable-languages=c,c++,ada,fortran,lto,objc,obj-c++,jit --enable-shared --enable-static --enable-libatomic --enable-threads=posix --enable-tls --enable-graphite --enable-fully-dynamic-string --enable-libstdcxx-backtrace=yes --enable-libstdcxx-filesystem-ts --enable-libstdcxx-time --disable-libstdcxx-pch --enable-libgomp --disable-libssp --disable-multilib --disable-rpath --disable-win32-registry --disable-nls --disable-werror --disable-symvers --with-libiconv --with-system-zlib --with-gmp=/ucrt64 --with-mpfr=/ucrt64 --with-mpc=/ucrt64 --with-isl=/ucrt64 --with-pkgversion='Rev5, Built by MSYS2 project' --with-bugurl=https://github.com/msys2/MINGW-packages/issues --with-gnu-as --with-gnu-ld --with-libstdcxx-zoneinfo=yes --disable-libstdcxx-debug --enable-lto --with-boot-ldflags=-static-libstdc++ --with-stage1-ldflags=-static-libstdc++
Thread model: posix
Supported LTO compression algorithms: zlib zstd
gcc version 16.1.0 (Rev5, Built by MSYS2 project) 
configure:4671: $? = 0
configure:4660: x86_64-w64-mingw32-g++ -V >&5
x86_64-w64-mingw32-g++.exe: error: unrecognized command-line option '-V'
x86_64-w64-mingw32-g++.exe: fatal error: no input files
compilation terminated.
configure:4671: $? = 1
configure:4660: x86_64-w64-mingw32-g++ -qversion >&5
x86_64-w64-mingw32-g++.exe: error: unrecognized command-line option '-qversion'; did you mean '--version'?
x86_64-w64-mingw32-g++.exe: fatal error: no input files
compilation terminated.
configure:4671: $? = 1
configure:4675: checking whether we are using the GNU C++ compiler
configure:4694: x86_64-w64-mingw32-g++ -c  -DCONFIG_UTILS_IPERF2_STACKSIZE=262144 -include /c/Users/tttgu/Documents/Codex/s31-host-tools-2026-09-16/build-iperf2-win64/host-compat.h conftest.cpp >&5
configure:4694: $? = 0
configure:4703: result: yes
configure:4712: checking whether x86_64-w64-mingw32-g++ accepts -g
configure:4732: x86_64-w64-mingw32-g++ -c -g -DCONFIG_UTILS_IPERF2_STACKSIZE=262144 -include /c/Users/tttgu/Documents/Codex/s31-host-tools-2026-09-16/build-iperf2-win64/host-compat.h conftest.cpp >&5
configure:4732: $? = 0
configure:4773: result: yes
configure:4798: checking dependency style of x86_64-w64-mingw32-g++
configure:4909: result: gcc3
configure:4933: checking for x86_64-w64-mingw32-gcc
configure:4960: result: x86_64-w64-mingw32-gcc
configure:5229: checking for C compiler version
configure:5238: x86_64-w64-mingw32-gcc --version >&5
x86_64-w64-mingw32-gcc.exe (Rev5, Built by MSYS2 project) 16.1.0
Copyright (C) 2026 Free Software Foundation, Inc.
This is free software; see the source for copying conditions.  There is NO
warranty; not even for MERCHANTABILITY or FITNESS FOR A PARTICULAR PURPOSE.

configure:5249: $? = 0
configure:5238: x86_64-w64-mingw32-gcc -v >&5
Using built-in specs.
COLLECT_GCC=C:\msys64\ucrt64\bin\x86_64-w64-mingw32-gcc.exe
COLLECT_LTO_WRAPPER=C:/msys64/ucrt64/bin/../lib/gcc/x86_64-w64-mingw32/16.1.0/lto-wrapper.exe
Target: x86_64-w64-mingw32
Configured with: ../gcc-16.1.0/configure --prefix=/ucrt64 --with-local-prefix=/ucrt64/local --libexecdir=/ucrt64/lib --enable-bootstrap --enable-checking=release --with-arch=nocona --with-tune=generic --enable-mingw-wildcard --enable-languages=c,c++,ada,fortran,lto,objc,obj-c++,jit --enable-shared --enable-static --enable-libatomic --enable-threads=posix --enable-tls --enable-graphite --enable-fully-dynamic-string --enable-libstdcxx-backtrace=yes --enable-libstdcxx-filesystem-ts --enable-libstdcxx-time --disable-libstdcxx-pch --enable-libgomp --disable-libssp --disable-multilib --disable-rpath --disable-win32-registry --disable-nls --disable-werror --disable-symvers --with-libiconv --with-system-zlib --with-gmp=/ucrt64 --with-mpfr=/ucrt64 --with-mpc=/ucrt64 --with-isl=/ucrt64 --with-pkgversion='Rev5, Built by MSYS2 project' --with-bugurl=https://github.com/msys2/MINGW-packages/issues --with-gnu-as --with-gnu-ld --with-libstdcxx-zoneinfo=yes --disable-libstdcxx-debug --enable-lto --with-boot-ldflags=-static-libstdc++ --with-stage1-ldflags=-static-libstdc++
Thread model: posix
Supported LTO compression algorithms: zlib zstd
gcc version 16.1.0 (Rev5, Built by MSYS2 project) 
configure:5249: $? = 0
configure:5238: x86_64-w64-mingw32-gcc -V >&5
x86_64-w64-mingw32-gcc.exe: error: unrecognized command-line option '-V'
x86_64-w64-mingw32-gcc.exe: fatal error: no input files
compilation terminated.
configure:5249: $? = 1
configure:5238: x86_64-w64-mingw32-gcc -qversion >&5
x86_64-w64-mingw32-gcc.exe: error: unrecognized command-line option '-qversion'; did you mean '--version'?
x86_64-w64-mingw32-gcc.exe: fatal error: no input files
compilation terminated.
configure:5249: $? = 1
configure:5253: checking whether we are using the GNU C compiler
configure:5281: result: yes
configure:5290: checking whether x86_64-w64-mingw32-gcc accepts -g
configure:5351: result: yes
configure:5368: checking for x86_64-w64-mingw32-gcc option to accept ISO C89
configure:5444: result: none needed
configure:5469: checking whether x86_64-w64-mingw32-gcc understands -c and -o together
configure:5506: result: yes
configure:5525: checking dependency style of x86_64-w64-mingw32-gcc
configure:5636: result: gcc3
configure:5652: checking for library containing strerror
configure:5683: x86_64-w64-mingw32-gcc -o conftest.exe  -O2 -std=gnu11  -DCONFIG_UTILS_IPERF2_STACKSIZE=262144 -include /c/Users/tttgu/Documents/Codex/s31-host-tools-2026-09-16/build-iperf2-win64/host-compat.h  conftest.c  >&5
configure:5683: $? = 0
configure:5700: result: none required
configure:5709: checking whether make sets $(MAKE)
configure:5731: result: yes
configure:5743: checking for x86_64-w64-mingw32-ranlib
configure:5773: result: no
configure:5783: checking for ranlib
configure:5799: found /ucrt64/bin/ranlib
configure:5810: result: ranlib
configure:5842: checking build system type
configure:5856: result: x86_64-pc-cygwin
configure:5876: checking host system type
configure:5889: result: x86_64-w64-mingw32
configure:5910: checking for clock_gettime in -lrt
configure:5935: x86_64-w64-mingw32-gcc -o conftest.exe  -O2 -std=gnu11  -DCONFIG_UTILS_IPERF2_STACKSIZE=262144 -include /c/Users/tttgu/Documents/Codex/s31-host-tools-2026-09-16/build-iperf2-win64/host-compat.h  conftest.c -lrt   >&5
C:/msys64/ucrt64/bin/../lib/gcc/x86_64-w64-mingw32/16.1.0/../../../../x86_64-w64-mingw32/bin/ld.exe: cannot find -lrt: No such file or directory
collect2.exe: error: ld returned 1 exit status
configure:5935: $? = 1
configure: failed program was:
| /* confdefs.h */
| #define PACKAGE_NAME "Iperf"
| #define PACKAGE_TARNAME "iperf"
| #define PACKAGE_VERSION "2.1.8"
| #define PACKAGE_STRING "Iperf 2.1.8"
| #define PACKAGE_BUGREPORT ""
| #define PACKAGE_URL ""
| #define PACKAGE "iperf"
| #define VERSION "2.1.8"
| #define HAVE_DECL_IFF_TUN 0
| #define HAVE_DECL_IFF_TAP 0
| /* end confdefs.h.  */
| 
| /* Override any GCC internal prototype to avoid an error.
|    Use char because int might match the return type of a GCC
|    builtin and then its argument prototype would still apply.  */
| #ifdef __cplusplus
| extern "C"
| #endif
| char clock_gettime ();
| int
| main ()
| {
| return clock_gettime ();
|   ;
|   return 0;
| }
configure:5944: result: no
configure:5958: checking for a sed that does not truncate output
configure:6022: result: /usr/bin/sed
configure:6032: checking how to run the C preprocessor
configure:6063: x86_64-w64-mingw32-gcc -E -DCONFIG_UTILS_IPERF2_STACKSIZE=262144 -include /c/Users/tttgu/Documents/Codex/s31-host-tools-2026-09-16/build-iperf2-win64/host-compat.h conftest.c
configure:6063: $? = 0
configure:6077: x86_64-w64-mingw32-gcc -E -DCONFIG_UTILS_IPERF2_STACKSIZE=262144 -include /c/Users/tttgu/Documents/Codex/s31-host-tools-2026-09-16/build-iperf2-win64/host-compat.h conftest.c
conftest.c:13:10: fatal error: ac_nonexistent.h: No such file or directory
   13 | #include <ac_nonexistent.h>
      |          ^~~~~~~~~~~~~~~~~~
compilation terminated.
configure:6077: $? = 1
configure: failed program was:
| /* confdefs.h */
| #define PACKAGE_NAME "Iperf"
| #define PACKAGE_TARNAME "iperf"
| #define PACKAGE_VERSION "2.1.8"
| #define PACKAGE_STRING "Iperf 2.1.8"
| #define PACKAGE_BUGREPORT ""
| #define PACKAGE_URL ""
| #define PACKAGE "iperf"
| #define VERSION "2.1.8"
| #define HAVE_DECL_IFF_TUN 0
| #define HAVE_DECL_IFF_TAP 0
| /* end confdefs.h.  */
| #include <ac_nonexistent.h>
configure:6102: result: x86_64-w64-mingw32-gcc -E
configure:6122: x86_64-w64-mingw32-gcc -E -DCONFIG_UTILS_IPERF2_STACKSIZE=262144 -include /c/Users/tttgu/Documents/Codex/s31-host-tools-2026-09-16/build-iperf2-win64/host-compat.h conftest.c
configure:6122: $? = 0
configure:6136: x86_64-w64-mingw32-gcc -E -DCONFIG_UTILS_IPERF2_STACKSIZE=262144 -include /c/Users/tttgu/Documents/Codex/s31-host-tools-2026-09-16/build-iperf2-win64/host-compat.h conftest.c
conftest.c:13:10: fatal error: ac_nonexistent.h: No such file or directory
   13 | #include <ac_nonexistent.h>
      |          ^~~~~~~~~~~~~~~~~~
compilation terminated.
configure:6136: $? = 1
configure: failed program was:
| /* confdefs.h */
| #define PACKAGE_NAME "Iperf"
| #define PACKAGE_TARNAME "iperf"
| #define PACKAGE_VERSION "2.1.8"
| #define PACKAGE_STRING "Iperf 2.1.8"
| #define PACKAGE_BUGREPORT ""
| #define PACKAGE_URL ""
| #define PACKAGE "iperf"
| #define VERSION "2.1.8"
| #define HAVE_DECL_IFF_TUN 0
| #define HAVE_DECL_IFF_TAP 0
| /* end confdefs.h.  */
| #include <ac_nonexistent.h>
configure:6165: checking for grep that handles long lines and -e
configure:6223: result: /usr/bin/grep
configure:6228: checking for egrep
configure:6290: result: /usr/bin/grep -E
configure:6478: checking whether x86_64-w64-mingw32-gcc is Clang
configure:6503: result: no
configure:6626: checking whether pthreads work with -pthread
configure:6726: x86_64-w64-mingw32-gcc -o conftest.exe  -O2 -std=gnu11  -pthread -DCONFIG_UTILS_IPERF2_STACKSIZE=262144 -include /c/Users/tttgu/Documents/Codex/s31-host-tools-2026-09-16/build-iperf2-win64/host-compat.h  conftest.c   >&5
configure:6726: $? = 0
configure:6735: result: yes
configure:6754: checking for joinable pthread attribute
configure:6772: x86_64-w64-mingw32-gcc -o conftest.exe  -O2 -std=gnu11  -pthread -DCONFIG_UTILS_IPERF2_STACKSIZE=262144 -include /c/Users/tttgu/Documents/Codex/s31-host-tools-2026-09-16/build-iperf2-win64/host-compat.h  conftest.c   >&5
configure:6772: $? = 0
configure:6780: result: PTHREAD_CREATE_JOINABLE
configure:6794: checking whether more special flags are required for pthreads
configure:6807: result: no
configure:6815: checking for PTHREAD_PRIO_INHERIT
configure:6832: x86_64-w64-mingw32-gcc -o conftest.exe  -O2 -std=gnu11  -pthread -DCONFIG_UTILS_IPERF2_STACKSIZE=262144 -include /c/Users/tttgu/Documents/Codex/s31-host-tools-2026-09-16/build-iperf2-win64/host-compat.h  conftest.c   >&5
configure:6832: $? = 0
configure:6841: result: yes
configure:6951: checking for library containing gethostbyname
configure:6982: x86_64-w64-mingw32-gcc -o conftest.exe  -O2 -std=gnu11  -DCONFIG_UTILS_IPERF2_STACKSIZE=262144 -include /c/Users/tttgu/Documents/Codex/s31-host-tools-2026-09-16/build-iperf2-win64/host-compat.h  conftest.c  >&5
C:/msys64/ucrt64/bin/../lib/gcc/x86_64-w64-mingw32/16.1.0/../../../../x86_64-w64-mingw32/bin/ld.exe: C:\msys64\tmp\ccqr0aui.o:conftest.c:(.text.startup+0xa): undefined reference to `gethostbyname'
collect2.exe: error: ld returned 1 exit status
configure:6982: $? = 1
configure: failed program was:
| /* confdefs.h */
| #define PACKAGE_NAME "Iperf"
| #define PACKAGE_TARNAME "iperf"
| #define PACKAGE_VERSION "2.1.8"
| #define PACKAGE_STRING "Iperf 2.1.8"
| #define PACKAGE_BUGREPORT ""
| #define PACKAGE_URL ""
| #define PACKAGE "iperf"
| #define VERSION "2.1.8"
| #define HAVE_DECL_IFF_TUN 0
| #define HAVE_DECL_IFF_TAP 0
| #define HAVE_PTHREAD_PRIO_INHERIT 1
| #define HAVE_PTHREAD 1
| #define HAVE_POSIX_THREAD 1
| #define _REENTRANT 1
| /* end confdefs.h.  */
| 
| /* Override any GCC internal prototype to avoid an error.
|    Use char because int might match the return type of a GCC
|    builtin and then its argument prototype would still apply.  */
| #ifdef __cplusplus
| extern "C"
| #endif
| char gethostbyname ();
| int
| main ()
| {
| return gethostbyname ();
|   ;
|   return 0;
| }
configure:6982: x86_64-w64-mingw32-gcc -o conftest.exe  -O2 -std=gnu11  -DCONFIG_UTILS_IPERF2_STACKSIZE=262144 -include /c/Users/tttgu/Documents/Codex/s31-host-tools-2026-09-16/build-iperf2-win64/host-compat.h  conftest.c -lnsl   >&5
C:/msys64/ucrt64/bin/../lib/gcc/x86_64-w64-mingw32/16.1.0/../../../../x86_64-w64-mingw32/bin/ld.exe: cannot find -lnsl: No such file or directory
collect2.exe: error: ld returned 1 exit status
configure:6982: $? = 1
configure: failed program was:
| /* confdefs.h */
| #define PACKAGE_NAME "Iperf"
| #define PACKAGE_TARNAME "iperf"
| #define PACKAGE_VERSION "2.1.8"
| #define PACKAGE_STRING "Iperf 2.1.8"
| #define PACKAGE_BUGREPORT ""
| #define PACKAGE_URL ""
| #define PACKAGE "iperf"
| #define VERSION "2.1.8"
| #define HAVE_DECL_IFF_TUN 0
| #define HAVE_DECL_IFF_TAP 0
| #define HAVE_PTHREAD_PRIO_INHERIT 1
| #define HAVE_PTHREAD 1
| #define HAVE_POSIX_THREAD 1
| #define _REENTRANT 1
| /* end confdefs.h.  */
| 
| /* Override any GCC internal prototype to avoid an error.
|    Use char because int might match the return type of a GCC
|    builtin and then its argument prototype would still apply.  */
| #ifdef __cplusplus
| extern "C"
| #endif
| char gethostbyname ();
| int
| main ()
| {
| return gethostbyname ();
|   ;
|   return 0;
| }
configure:6999: result: no
configure:7007: checking for library containing socket
configure:7038: x86_64-w64-mingw32-gcc -o conftest.exe  -O2 -std=gnu11  -DCONFIG_UTILS_IPERF2_STACKSIZE=262144 -include /c/Users/tttgu/Documents/Codex/s31-host-tools-2026-09-16/build-iperf2-win64/host-compat.h  conftest.c  >&5
C:/msys64/ucrt64/bin/../lib/gcc/x86_64-w64-mingw32/16.1.0/../../../../x86_64-w64-mingw32/bin/ld.exe: C:\msys64\tmp\ccWWssOA.o:conftest.c:(.text.startup+0xa): undefined reference to `socket'
collect2.exe: error: ld returned 1 exit status
configure:7038: $? = 1
configure: failed program was:
| /* confdefs.h */
| #define PACKAGE_NAME "Iperf"
| #define PACKAGE_TARNAME "iperf"
| #define PACKAGE_VERSION "2.1.8"
| #define PACKAGE_STRING "Iperf 2.1.8"
| #define PACKAGE_BUGREPORT ""
| #define PACKAGE_URL ""
| #define PACKAGE "iperf"
| #define VERSION "2.1.8"
| #define HAVE_DECL_IFF_TUN 0
| #define HAVE_DECL_IFF_TAP 0
| #define HAVE_PTHREAD_PRIO_INHERIT 1
| #define HAVE_PTHREAD 1
| #define HAVE_POSIX_THREAD 1
| #define _REENTRANT 1
| /* end confdefs.h.  */
| 
| /* Override any GCC internal prototype to avoid an error.
|    Use char because int might match the return type of a GCC
|    builtin and then its argument prototype would still apply.  */
| #ifdef __cplusplus
| extern "C"
| #endif
| char socket ();
| int
| main ()
| {
| return socket ();
|   ;
|   return 0;
| }
configure:7038: x86_64-w64-mingw32-gcc -o conftest.exe  -O2 -std=gnu11  -DCONFIG_UTILS_IPERF2_STACKSIZE=262144 -include /c/Users/tttgu/Documents/Codex/s31-host-tools-2026-09-16/build-iperf2-win64/host-compat.h  conftest.c -lsocket   >&5
C:/msys64/ucrt64/bin/../lib/gcc/x86_64-w64-mingw32/16.1.0/../../../../x86_64-w64-mingw32/bin/ld.exe: cannot find -lsocket: No such file or directory
collect2.exe: error: ld returned 1 exit status
configure:7038: $? = 1
configure: failed program was:
| /* confdefs.h */
| #define PACKAGE_NAME "Iperf"
| #define PACKAGE_TARNAME "iperf"
| #define PACKAGE_VERSION "2.1.8"
| #define PACKAGE_STRING "Iperf 2.1.8"
| #define PACKAGE_BUGREPORT ""
| #define PACKAGE_URL ""
| #define PACKAGE "iperf"
| #define VERSION "2.1.8"
| #define HAVE_DECL_IFF_TUN 0
| #define HAVE_DECL_IFF_TAP 0
| #define HAVE_PTHREAD_PRIO_INHERIT 1
| #define HAVE_PTHREAD 1
| #define HAVE_POSIX_THREAD 1
| #define _REENTRANT 1
| /* end confdefs.h.  */
| 
| /* Override any GCC internal prototype to avoid an error.
|    Use char because int might match the return type of a GCC
|    builtin and then its argument prototype would still apply.  */
| #ifdef __cplusplus
| extern "C"
| #endif
| char socket ();
| int
| main ()
| {
| return socket ();
|   ;
|   return 0;
| }
configure:7055: result: no
configure:7062: checking for winsock2.h
configure:7062: x86_64-w64-mingw32-gcc -c  -O2 -std=gnu11  -DCONFIG_UTILS_IPERF2_STACKSIZE=262144 -include /c/Users/tttgu/Documents/Codex/s31-host-tools-2026-09-16/build-iperf2-win64/host-compat.h conftest.c >&5
In file included from conftest.c:19:
C:/msys64/ucrt64/include/winsock2.h:15:2: warning: #warning Please include winsock2.h before windows.h [-Wcpp]
   15 | #warning Please include winsock2.h before windows.h
      |  ^~~~~~~
configure:7062: $? = 0
configure:7062: result: yes
configure:7082: checking for ANSI C header files
configure:7102: x86_64-w64-mingw32-gcc -c  -O2 -std=gnu11  -DCONFIG_UTILS_IPERF2_STACKSIZE=262144 -include /c/Users/tttgu/Documents/Codex/s31-host-tools-2026-09-16/build-iperf2-win64/host-compat.h conftest.c >&5
configure:7102: $? = 0
configure:7175: x86_64-w64-mingw32-gcc -o conftest.exe  -O2 -std=gnu11  -DCONFIG_UTILS_IPERF2_STACKSIZE=262144 -include /c/Users/tttgu/Documents/Codex/s31-host-tools-2026-09-16/build-iperf2-win64/host-compat.h  conftest.c -lws2_32  >&5
configure:7175: $? = 0
configure:7175: ./conftest.exe
configure:7175: $? = 0
configure:7186: result: yes
configure:7199: checking for sys/types.h
configure:7199: x86_64-w64-mingw32-gcc -c  -O2 -std=gnu11  -DCONFIG_UTILS_IPERF2_STACKSIZE=262144 -include /c/Users/tttgu/Documents/Codex/s31-host-tools-2026-09-16/build-iperf2-win64/host-compat.h conftest.c >&5
configure:7199: $? = 0
configure:7199: result: yes
configure:7199: checking for sys/stat.h
configure:7199: x86_64-w64-mingw32-gcc -c  -O2 -std=gnu11  -DCONFIG_UTILS_IPERF2_STACKSIZE=262144 -include /c/Users/tttgu/Documents/Codex/s31-host-tools-2026-09-16/build-iperf2-win64/host-compat.h conftest.c >&5
configure:7199: $? = 0
configure:7199: result: yes
configure:7199: checking for stdlib.h
configure:7199: x86_64-w64-mingw32-gcc -c  -O2 -std=gnu11  -DCONFIG_UTILS_IPERF2_STACKSIZE=262144 -include /c/Users/tttgu/Documents/Codex/s31-host-tools-2026-09-16/build-iperf2-win64/host-compat.h conftest.c >&5
configure:7199: $? = 0
configure:7199: result: yes
configure:7199: checking for string.h
configure:7199: x86_64-w64-mingw32-gcc -c  -O2 -std=gnu11  -DCONFIG_UTILS_IPERF2_STACKSIZE=262144 -include /c/Users/tttgu/Documents/Codex/s31-host-tools-2026-09-16/build-iperf2-win64/host-compat.h conftest.c >&5
configure:7199: $? = 0
configure:7199: result: yes
configure:7199: checking for memory.h
configure:7199: x86_64-w64-mingw32-gcc -c  -O2 -std=gnu11  -DCONFIG_UTILS_IPERF2_STACKSIZE=262144 -include /c/Users/tttgu/Documents/Codex/s31-host-tools-2026-09-16/build-iperf2-win64/host-compat.h conftest.c >&5
configure:7199: $? = 0
configure:7199: result: yes
configure:7199: checking for strings.h
configure:7199: x86_64-w64-mingw32-gcc -c  -O2 -std=gnu11  -DCONFIG_UTILS_IPERF2_STACKSIZE=262144 -include /c/Users/tttgu/Documents/Codex/s31-host-tools-2026-09-16/build-iperf2-win64/host-compat.h conftest.c >&5
configure:7199: $? = 0
configure:7199: result: yes
configure:7199: checking for inttypes.h
configure:7199: x86_64-w64-mingw32-gcc -c  -O2 -std=gnu11  -DCONFIG_UTILS_IPERF2_STACKSIZE=262144 -include /c/Users/tttgu/Documents/Codex/s31-host-tools-2026-09-16/build-iperf2-win64/host-compat.h conftest.c >&5
configure:7199: $? = 0
configure:7199: result: yes
configure:7199: checking for stdint.h
configure:7199: x86_64-w64-mingw32-gcc -c  -O2 -std=gnu11  -DCONFIG_UTILS_IPERF2_STACKSIZE=262144 -include /c/Users/tttgu/Documents/Codex/s31-host-tools-2026-09-16/build-iperf2-win64/host-compat.h conftest.c >&5
configure:7199: $? = 0
configure:7199: result: yes
configure:7199: checking for unistd.h
configure:7199: x86_64-w64-mingw32-gcc -c  -O2 -std=gnu11  -DCONFIG_UTILS_IPERF2_STACKSIZE=262144 -include /c/Users/tttgu/Documents/Codex/s31-host-tools-2026-09-16/build-iperf2-win64/host-compat.h conftest.c >&5
configure:7199: $? = 0
configure:7199: result: yes
configure:7214: checking arpa/inet.h usability
configure:7214: x86_64-w64-mingw32-gcc -c  -O2 -std=gnu11  -DCONFIG_UTILS_IPERF2_STACKSIZE=262144 -include /c/Users/tttgu/Documents/Codex/s31-host-tools-2026-09-16/build-iperf2-win64/host-compat.h conftest.c >&5
conftest.c:61:10: fatal error: arpa/inet.h: No such file or directory
   61 | #include <arpa/inet.h>
      |          ^~~~~~~~~~~~~
compilation terminated.
configure:7214: $? = 1
configure: failed program was:
| /* confdefs.h */
| #define PACKAGE_NAME "Iperf"
| #define PACKAGE_TARNAME "iperf"
| #define PACKAGE_VERSION "2.1.8"
| #define PACKAGE_STRING "Iperf 2.1.8"
| #define PACKAGE_BUGREPORT ""
| #define PACKAGE_URL ""
| #define PACKAGE "iperf"
| #define VERSION "2.1.8"
| #define HAVE_DECL_IFF_TUN 0
| #define HAVE_DECL_IFF_TAP 0
| #define HAVE_PTHREAD_PRIO_INHERIT 1
| #define HAVE_PTHREAD 1
| #define HAVE_POSIX_THREAD 1
| #define _REENTRANT 1
| #define HAVE_WINSOCK2_H 1
| #define STDC_HEADERS 1
| #define HAVE_SYS_TYPES_H 1
| #define HAVE_SYS_STAT_H 1
| #define HAVE_STDLIB_H 1
| #define HAVE_STRING_H 1
| #define HAVE_MEMORY_H 1
| #define HAVE_STRINGS_H 1
| #define HAVE_INTTYPES_H 1
| #define HAVE_STDINT_H 1
| #define HAVE_UNISTD_H 1
| /* end confdefs.h.  */
| #include <stdio.h>
| #ifdef HAVE_SYS_TYPES_H
| # include <sys/types.h>
| #endif
| #ifdef HAVE_SYS_STAT_H
| # include <sys/stat.h>
| #endif
| #ifdef STDC_HEADERS
| # include <stdlib.h>
| # include <stddef.h>
| #else
| # ifdef HAVE_STDLIB_H
| #  include <stdlib.h>
| # endif
| #endif
| #ifdef HAVE_STRING_H
| # if !defined STDC_HEADERS && defined HAVE_MEMORY_H
| #  include <memory.h>
| # endif
| # include <string.h>
| #endif
| #ifdef HAVE_STRINGS_H
| # include <strings.h>
| #endif
| #ifdef HAVE_INTTYPES_H
| # include <inttypes.h>
| #endif
| #ifdef HAVE_STDINT_H
| # include <stdint.h>
| #endif
| #ifdef HAVE_UNISTD_H
| # include <unistd.h>
| #endif
| #include <arpa/inet.h>
configure:7214: result: no
configure:7214: checking arpa/inet.h presence
configure:7214: x86_64-w64-mingw32-gcc -E -DCONFIG_UTILS_IPERF2_STACKSIZE=262144 -include /c/Users/tttgu/Documents/Codex/s31-host-tools-2026-09-16/build-iperf2-win64/host-compat.h conftest.c
conftest.c:28:10: fatal error: arpa/inet.h: No such file or directory
   28 | #include <arpa/inet.h>
      |          ^~~~~~~~~~~~~
compilation terminated.
configure:7214: $? = 1
configure: failed program was:
| /* confdefs.h */
| #define PACKAGE_NAME "Iperf"
| #define PACKAGE_TARNAME "iperf"
| #define PACKAGE_VERSION "2.1.8"
| #define PACKAGE_STRING "Iperf 2.1.8"
| #define PACKAGE_BUGREPORT ""
| #define PACKAGE_URL ""
| #define PACKAGE "iperf"
| #define VERSION "2.1.8"
| #define HAVE_DECL_IFF_TUN 0
| #define HAVE_DECL_IFF_TAP 0
| #define HAVE_PTHREAD_PRIO_INHERIT 1
| #define HAVE_PTHREAD 1
| #define HAVE_POSIX_THREAD 1
| #define _REENTRANT 1
| #define HAVE_WINSOCK2_H 1
| #define STDC_HEADERS 1
| #define HAVE_SYS_TYPES_H 1
| #define HAVE_SYS_STAT_H 1
| #define HAVE_STDLIB_H 1
| #define HAVE_STRING_H 1
| #define HAVE_MEMORY_H 1
| #define HAVE_STRINGS_H 1
| #define HAVE_INTTYPES_H 1
| #define HAVE_STDINT_H 1
| #define HAVE_UNISTD_H 1
| /* end confdefs.h.  */
| #include <arpa/inet.h>
configure:7214: result: no
configure:7214: checking for arpa/inet.h
configure:7214: result: no
configure:7214: checking libintl.h usability
configure:7214: x86_64-w64-mingw32-gcc -c  -O2 -std=gnu11  -DCONFIG_UTILS_IPERF2_STACKSIZE=262144 -include /c/Users/tttgu/Documents/Codex/s31-host-tools-2026-09-16/build-iperf2-win64/host-compat.h conftest.c >&5
configure:7214: $? = 0
configure:7214: result: yes
configure:7214: checking libintl.h presence
configure:7214: x86_64-w64-mingw32-gcc -E -DCONFIG_UTILS_IPERF2_STACKSIZE=262144 -include /c/Users/tttgu/Documents/Codex/s31-host-tools-2026-09-16/build-iperf2-win64/host-compat.h conftest.c
configure:7214: $? = 0
configure:7214: result: yes
configure:7214: checking for libintl.h
configure:7214: result: yes
configure:7214: checking net/ethernet.h usability
configure:7214: x86_64-w64-mingw32-gcc -c  -O2 -std=gnu11  -DCONFIG_UTILS_IPERF2_STACKSIZE=262144 -include /c/Users/tttgu/Documents/Codex/s31-host-tools-2026-09-16/build-iperf2-win64/host-compat.h conftest.c >&5
conftest.c:62:10: fatal error: net/ethernet.h: No such file or directory
   62 | #include <net/ethernet.h>
      |          ^~~~~~~~~~~~~~~~
compilation terminated.
configure:7214: $? = 1
configure: failed program was:
| /* confdefs.h */
| #define PACKAGE_NAME "Iperf"
| #define PACKAGE_TARNAME "iperf"
| #define PACKAGE_VERSION "2.1.8"
| #define PACKAGE_STRING "Iperf 2.1.8"
| #define PACKAGE_BUGREPORT ""
| #define PACKAGE_URL ""
| #define PACKAGE "iperf"
| #define VERSION "2.1.8"
| #define HAVE_DECL_IFF_TUN 0
| #define HAVE_DECL_IFF_TAP 0
| #define HAVE_PTHREAD_PRIO_INHERIT 1
| #define HAVE_PTHREAD 1
| #define HAVE_POSIX_THREAD 1
| #define _REENTRANT 1
| #define HAVE_WINSOCK2_H 1
| #define STDC_HEADERS 1
| #define HAVE_SYS_TYPES_H 1
| #define HAVE_SYS_STAT_H 1
| #define HAVE_STDLIB_H 1
| #define HAVE_STRING_H 1
| #define HAVE_MEMORY_H 1
| #define HAVE_STRINGS_H 1
| #define HAVE_INTTYPES_H 1
| #define HAVE_STDINT_H 1
| #define HAVE_UNISTD_H 1
| #define HAVE_LIBINTL_H 1
| /* end confdefs.h.  */
| #include <stdio.h>
| #ifdef HAVE_SYS_TYPES_H
| # include <sys/types.h>
| #endif
| #ifdef HAVE_SYS_STAT_H
| # include <sys/stat.h>
| #endif
| #ifdef STDC_HEADERS
| # include <stdlib.h>
| # include <stddef.h>
| #else
| # ifdef HAVE_STDLIB_H
| #  include <stdlib.h>
| # endif
| #endif
| #ifdef HAVE_STRING_H
| # if !defined STDC_HEADERS && defined HAVE_MEMORY_H
| #  include <memory.h>
| # endif
| # include <string.h>
| #endif
| #ifdef HAVE_STRINGS_H
| # include <strings.h>
| #endif
| #ifdef HAVE_INTTYPES_H
| # include <inttypes.h>
| #endif
| #ifdef HAVE_STDINT_H
| # include <stdint.h>
| #endif
| #ifdef HAVE_UNISTD_H
| # include <unistd.h>
| #endif
| #include <net/ethernet.h>
configure:7214: result: no
configure:7214: checking net/ethernet.h presence
configure:7214: x86_64-w64-mingw32-gcc -E -DCONFIG_UTILS_IPERF2_STACKSIZE=262144 -include /c/Users/tttgu/Documents/Codex/s31-host-tools-2026-09-16/build-iperf2-win64/host-compat.h conftest.c
conftest.c:29:10: fatal error: net/ethernet.h: No such file or directory
   29 | #include <net/ethernet.h>
      |          ^~~~~~~~~~~~~~~~
compilation terminated.
configure:7214: $? = 1
configure: failed program was:
| /* confdefs.h */
| #define PACKAGE_NAME "Iperf"
| #define PACKAGE_TARNAME "iperf"
| #define PACKAGE_VERSION "2.1.8"
| #define PACKAGE_STRING "Iperf 2.1.8"
| #define PACKAGE_BUGREPORT ""
| #define PACKAGE_URL ""
| #define PACKAGE "iperf"
| #define VERSION "2.1.8"
| #define HAVE_DECL_IFF_TUN 0
| #define HAVE_DECL_IFF_TAP 0
| #define HAVE_PTHREAD_PRIO_INHERIT 1
| #define HAVE_PTHREAD 1
| #define HAVE_POSIX_THREAD 1
| #define _REENTRANT 1
| #define HAVE_WINSOCK2_H 1
| #define STDC_HEADERS 1
| #define HAVE_SYS_TYPES_H 1
| #define HAVE_SYS_STAT_H 1
| #define HAVE_STDLIB_H 1
| #define HAVE_STRING_H 1
| #define HAVE_MEMORY_H 1
| #define HAVE_STRINGS_H 1
| #define HAVE_INTTYPES_H 1
| #define HAVE_STDINT_H 1
| #define HAVE_UNISTD_H 1
| #define HAVE_LIBINTL_H 1
| /* end confdefs.h.  */
| #include <net/ethernet.h>
configure:7214: result: no
configure:7214: checking for net/ethernet.h
configure:7214: result: no
configure:7214: checking net/if.h usability
configure:7214: x86_64-w64-mingw32-gcc -c  -O2 -std=gnu11  -DCONFIG_UTILS_IPERF2_STACKSIZE=262144 -include /c/Users/tttgu/Documents/Codex/s31-host-tools-2026-09-16/build-iperf2-win64/host-compat.h conftest.c >&5
conftest.c:62:10: fatal error: net/if.h: No such file or directory
   62 | #include <net/if.h>
      |          ^~~~~~~~~~
compilation terminated.
configure:7214: $? = 1
configure: failed program was:
| /* confdefs.h */
| #define PACKAGE_NAME "Iperf"
| #define PACKAGE_TARNAME "iperf"
| #define PACKAGE_VERSION "2.1.8"
| #define PACKAGE_STRING "Iperf 2.1.8"
| #define PACKAGE_BUGREPORT ""
| #define PACKAGE_URL ""
| #define PACKAGE "iperf"
| #define VERSION "2.1.8"
| #define HAVE_DECL_IFF_TUN 0
| #define HAVE_DECL_IFF_TAP 0
| #define HAVE_PTHREAD_PRIO_INHERIT 1
| #define HAVE_PTHREAD 1
| #define HAVE_POSIX_THREAD 1
| #define _REENTRANT 1
| #define HAVE_WINSOCK2_H 1
| #define STDC_HEADERS 1
| #define HAVE_SYS_TYPES_H 1
| #define HAVE_SYS_STAT_H 1
| #define HAVE_STDLIB_H 1
| #define HAVE_STRING_H 1
| #define HAVE_MEMORY_H 1
| #define HAVE_STRINGS_H 1
| #define HAVE_INTTYPES_H 1
| #define HAVE_STDINT_H 1
| #define HAVE_UNISTD_H 1
| #define HAVE_LIBINTL_H 1
| /* end confdefs.h.  */
| #include <stdio.h>
| #ifdef HAVE_SYS_TYPES_H
| # include <sys/types.h>
| #endif
| #ifdef HAVE_SYS_STAT_H
| # include <sys/stat.h>
| #endif
| #ifdef STDC_HEADERS
| # include <stdlib.h>
| # include <stddef.h>
| #else
| # ifdef HAVE_STDLIB_H
| #  include <stdlib.h>
| # endif
| #endif
| #ifdef HAVE_STRING_H
| # if !defined STDC_HEADERS && defined HAVE_MEMORY_H
| #  include <memory.h>
| # endif
| # include <string.h>
| #endif
| #ifdef HAVE_STRINGS_H
| # include <strings.h>
| #endif
| #ifdef HAVE_INTTYPES_H
| # include <inttypes.h>
| #endif
| #ifdef HAVE_STDINT_H
| # include <stdint.h>
| #endif
| #ifdef HAVE_UNISTD_H
| # include <unistd.h>
| #endif
| #include <net/if.h>
configure:7214: result: no
configure:7214: checking net/if.h presence
configure:7214: x86_64-w64-mingw32-gcc -E -DCONFIG_UTILS_IPERF2_STACKSIZE=262144 -include /c/Users/tttgu/Documents/Codex/s31-host-tools-2026-09-16/build-iperf2-win64/host-compat.h conftest.c
conftest.c:29:10: fatal error: net/if.h: No such file or directory
   29 | #include <net/if.h>
      |          ^~~~~~~~~~
compilation terminated.
configure:7214: $? = 1
configure: failed program was:
| /* confdefs.h */
| #define PACKAGE_NAME "Iperf"
| #define PACKAGE_TARNAME "iperf"
| #define PACKAGE_VERSION "2.1.8"
| #define PACKAGE_STRING "Iperf 2.1.8"
| #define PACKAGE_BUGREPORT ""
| #define PACKAGE_URL ""
| #define PACKAGE "iperf"
| #define VERSION "2.1.8"
| #define HAVE_DECL_IFF_TUN 0
| #define HAVE_DECL_IFF_TAP 0
| #define HAVE_PTHREAD_PRIO_INHERIT 1
| #define HAVE_PTHREAD 1
| #define HAVE_POSIX_THREAD 1
| #define _REENTRANT 1
| #define HAVE_WINSOCK2_H 1
| #define STDC_HEADERS 1
| #define HAVE_SYS_TYPES_H 1
| #define HAVE_SYS_STAT_H 1
| #define HAVE_STDLIB_H 1
| #define HAVE_STRING_H 1
| #define HAVE_MEMORY_H 1
| #define HAVE_STRINGS_H 1
| #define HAVE_INTTYPES_H 1
| #define HAVE_STDINT_H 1
| #define HAVE_UNISTD_H 1
| #define HAVE_LIBINTL_H 1
| /* end confdefs.h.  */
| #include <net/if.h>
configure:7214: result: no
configure:7214: checking for net/if.h
configure:7214: result: no
configure:7214: checking sys/ioctl.h usability
configure:7214: x86_64-w64-mingw32-gcc -c  -O2 -std=gnu11  -DCONFIG_UTILS_IPERF2_STACKSIZE=262144 -include /c/Users/tttgu/Documents/Codex/s31-host-tools-2026-09-16/build-iperf2-win64/host-compat.h conftest.c >&5
conftest.c:62:10: fatal error: sys/ioctl.h: No such file or directory
   62 | #include <sys/ioctl.h>
      |          ^~~~~~~~~~~~~
compilation terminated.
configure:7214: $? = 1
configure: failed program was:
| /* confdefs.h */
| #define PACKAGE_NAME "Iperf"
| #define PACKAGE_TARNAME "iperf"
| #define PACKAGE_VERSION "2.1.8"
| #define PACKAGE_STRING "Iperf 2.1.8"
| #define PACKAGE_BUGREPORT ""
| #define PACKAGE_URL ""
| #define PACKAGE "iperf"
| #define VERSION "2.1.8"
| #define HAVE_DECL_IFF_TUN 0
| #define HAVE_DECL_IFF_TAP 0
| #define HAVE_PTHREAD_PRIO_INHERIT 1
| #define HAVE_PTHREAD 1
| #define HAVE_POSIX_THREAD 1
| #define _REENTRANT 1
| #define HAVE_WINSOCK2_H 1
| #define STDC_HEADERS 1
| #define HAVE_SYS_TYPES_H 1
| #define HAVE_SYS_STAT_H 1
| #define HAVE_STDLIB_H 1
| #define HAVE_STRING_H 1
| #define HAVE_MEMORY_H 1
| #define HAVE_STRINGS_H 1
| #define HAVE_INTTYPES_H 1
| #define HAVE_STDINT_H 1
| #define HAVE_UNISTD_H 1
| #define HAVE_LIBINTL_H 1
| /* end confdefs.h.  */
| #include <stdio.h>
| #ifdef HAVE_SYS_TYPES_H
| # include <sys/types.h>
| #endif
| #ifdef HAVE_SYS_STAT_H
| # include <sys/stat.h>
| #endif
| #ifdef STDC_HEADERS
| # include <stdlib.h>
| # include <stddef.h>
| #else
| # ifdef HAVE_STDLIB_H
| #  include <stdlib.h>
| # endif
| #endif
| #ifdef HAVE_STRING_H
| # if !defined STDC_HEADERS && defined HAVE_MEMORY_H
| #  include <memory.h>
| # endif
| # include <string.h>
| #endif
| #ifdef HAVE_STRINGS_H
| # include <strings.h>
| #endif
| #ifdef HAVE_INTTYPES_H
| # include <inttypes.h>
| #endif
| #ifdef HAVE_STDINT_H
| # include <stdint.h>
| #endif
| #ifdef HAVE_UNISTD_H
| # include <unistd.h>
| #endif
| #include <sys/ioctl.h>
configure:7214: result: no
configure:7214: checking sys/ioctl.h presence
configure:7214: x86_64-w64-mingw32-gcc -E -DCONFIG_UTILS_IPERF2_STACKSIZE=262144 -include /c/Users/tttgu/Documents/Codex/s31-host-tools-2026-09-16/build-iperf2-win64/host-compat.h conftest.c
conftest.c:29:10: fatal error: sys/ioctl.h: No such file or directory
   29 | #include <sys/ioctl.h>
      |          ^~~~~~~~~~~~~
compilation terminated.
configure:7214: $? = 1
configure: failed program was:
| /* confdefs.h */
| #define PACKAGE_NAME "Iperf"
| #define PACKAGE_TARNAME "iperf"
| #define PACKAGE_VERSION "2.1.8"
| #define PACKAGE_STRING "Iperf 2.1.8"
| #define PACKAGE_BUGREPORT ""
| #define PACKAGE_URL ""
| #define PACKAGE "iperf"
| #define VERSION "2.1.8"
| #define HAVE_DECL_IFF_TUN 0
| #define HAVE_DECL_IFF_TAP 0
| #define HAVE_PTHREAD_PRIO_INHERIT 1
| #define HAVE_PTHREAD 1
| #define HAVE_POSIX_THREAD 1
| #define _REENTRANT 1
| #define HAVE_WINSOCK2_H 1
| #define STDC_HEADERS 1
| #define HAVE_SYS_TYPES_H 1
| #define HAVE_SYS_STAT_H 1
| #define HAVE_STDLIB_H 1
| #define HAVE_STRING_H 1
| #define HAVE_MEMORY_H 1
| #define HAVE_STRINGS_H 1
| #define HAVE_INTTYPES_H 1
| #define HAVE_STDINT_H 1
| #define HAVE_UNISTD_H 1
| #define HAVE_LIBINTL_H 1
| /* end confdefs.h.  */
| #include <sys/ioctl.h>
configure:7214: result: no
configure:7214: checking for sys/ioctl.h
configure:7214: result: no
configure:7214: checking sys/sockio.h usability
configure:7214: x86_64-w64-mingw32-gcc -c  -O2 -std=gnu11  -DCONFIG_UTILS_IPERF2_STACKSIZE=262144 -include /c/Users/tttgu/Documents/Codex/s31-host-tools-2026-09-16/build-iperf2-win64/host-compat.h conftest.c >&5
conftest.c:62:10: fatal error: sys/sockio.h: No such file or directory
   62 | #include <sys/sockio.h>
      |          ^~~~~~~~~~~~~~
compilation terminated.
configure:7214: $? = 1
configure: failed program was:
| /* confdefs.h */
| #define PACKAGE_NAME "Iperf"
| #define PACKAGE_TARNAME "iperf"
| #define PACKAGE_VERSION "2.1.8"
| #define PACKAGE_STRING "Iperf 2.1.8"
| #define PACKAGE_BUGREPORT ""
| #define PACKAGE_URL ""
| #define PACKAGE "iperf"
| #define VERSION "2.1.8"
| #define HAVE_DECL_IFF_TUN 0
| #define HAVE_DECL_IFF_TAP 0
| #define HAVE_PTHREAD_PRIO_INHERIT 1
| #define HAVE_PTHREAD 1
| #define HAVE_POSIX_THREAD 1
| #define _REENTRANT 1
| #define HAVE_WINSOCK2_H 1
| #define STDC_HEADERS 1
| #define HAVE_SYS_TYPES_H 1
| #define HAVE_SYS_STAT_H 1
| #define HAVE_STDLIB_H 1
| #define HAVE_STRING_H 1
| #define HAVE_MEMORY_H 1
| #define HAVE_STRINGS_H 1
| #define HAVE_INTTYPES_H 1
| #define HAVE_STDINT_H 1
| #define HAVE_UNISTD_H 1
| #define HAVE_LIBINTL_H 1
| /* end confdefs.h.  */
| #include <stdio.h>
| #ifdef HAVE_SYS_TYPES_H
| # include <sys/types.h>
| #endif
| #ifdef HAVE_SYS_STAT_H
| # include <sys/stat.h>
| #endif
| #ifdef STDC_HEADERS
| # include <stdlib.h>
| # include <stddef.h>
| #else
| # ifdef HAVE_STDLIB_H
| #  include <stdlib.h>
| # endif
| #endif
| #ifdef HAVE_STRING_H
| # if !defined STDC_HEADERS && defined HAVE_MEMORY_H
| #  include <memory.h>
| # endif
| # include <string.h>
| #endif
| #ifdef HAVE_STRINGS_H
| # include <strings.h>
| #endif
| #ifdef HAVE_INTTYPES_H
| # include <inttypes.h>
| #endif
| #ifdef HAVE_STDINT_H
| # include <stdint.h>
| #endif
| #ifdef HAVE_UNISTD_H
| # include <unistd.h>
| #endif
| #include <sys/sockio.h>
configure:7214: result: no
configure:7214: checking sys/sockio.h presence
configure:7214: x86_64-w64-mingw32-gcc -E -DCONFIG_UTILS_IPERF2_STACKSIZE=262144 -include /c/Users/tttgu/Documents/Codex/s31-host-tools-2026-09-16/build-iperf2-win64/host-compat.h conftest.c
conftest.c:29:10: fatal error: sys/sockio.h: No such file or directory
   29 | #include <sys/sockio.h>
      |          ^~~~~~~~~~~~~~
compilation terminated.
configure:7214: $? = 1
configure: failed program was:
| /* confdefs.h */
| #define PACKAGE_NAME "Iperf"
| #define PACKAGE_TARNAME "iperf"
| #define PACKAGE_VERSION "2.1.8"
| #define PACKAGE_STRING "Iperf 2.1.8"
| #define PACKAGE_BUGREPORT ""
| #define PACKAGE_URL ""
| #define PACKAGE "iperf"
| #define VERSION "2.1.8"
| #define HAVE_DECL_IFF_TUN 0
| #define HAVE_DECL_IFF_TAP 0
| #define HAVE_PTHREAD_PRIO_INHERIT 1
| #define HAVE_PTHREAD 1
| #define HAVE_POSIX_THREAD 1
| #define _REENTRANT 1
| #define HAVE_WINSOCK2_H 1
| #define STDC_HEADERS 1
| #define HAVE_SYS_TYPES_H 1
| #define HAVE_SYS_STAT_H 1
| #define HAVE_STDLIB_H 1
| #define HAVE_STRING_H 1
| #define HAVE_MEMORY_H 1
| #define HAVE_STRINGS_H 1
| #define HAVE_INTTYPES_H 1
| #define HAVE_STDINT_H 1
| #define HAVE_UNISTD_H 1
| #define HAVE_LIBINTL_H 1
| /* end confdefs.h.  */
| #include <sys/sockio.h>
configure:7214: result: no
configure:7214: checking for sys/sockio.h
configure:7214: result: no
configure:7214: checking linux/sockios.h usability
configure:7214: x86_64-w64-mingw32-gcc -c  -O2 -std=gnu11  -DCONFIG_UTILS_IPERF2_STACKSIZE=262144 -include /c/Users/tttgu/Documents/Codex/s31-host-tools-2026-09-16/build-iperf2-win64/host-compat.h conftest.c >&5
conftest.c:62:10: fatal error: linux/sockios.h: No such file or directory
   62 | #include <linux/sockios.h>
      |          ^~~~~~~~~~~~~~~~~
compilation terminated.
configure:7214: $? = 1
configure: failed program was:
| /* confdefs.h */
| #define PACKAGE_NAME "Iperf"
| #define PACKAGE_TARNAME "iperf"
| #define PACKAGE_VERSION "2.1.8"
| #define PACKAGE_STRING "Iperf 2.1.8"
| #define PACKAGE_BUGREPORT ""
| #define PACKAGE_URL ""
| #define PACKAGE "iperf"
| #define VERSION "2.1.8"
| #define HAVE_DECL_IFF_TUN 0
| #define HAVE_DECL_IFF_TAP 0
| #define HAVE_PTHREAD_PRIO_INHERIT 1
| #define HAVE_PTHREAD 1
| #define HAVE_POSIX_THREAD 1
| #define _REENTRANT 1
| #define HAVE_WINSOCK2_H 1
| #define STDC_HEADERS 1
| #define HAVE_SYS_TYPES_H 1
| #define HAVE_SYS_STAT_H 1
| #define HAVE_STDLIB_H 1
| #define HAVE_STRING_H 1
| #define HAVE_MEMORY_H 1
| #define HAVE_STRINGS_H 1
| #define HAVE_INTTYPES_H 1
| #define HAVE_STDINT_H 1
| #define HAVE_UNISTD_H 1
| #define HAVE_LIBINTL_H 1
| /* end confdefs.h.  */
| #include <stdio.h>
| #ifdef HAVE_SYS_TYPES_H
| # include <sys/types.h>
| #endif
| #ifdef HAVE_SYS_STAT_H
| # include <sys/stat.h>
| #endif
| #ifdef STDC_HEADERS
| # include <stdlib.h>
| # include <stddef.h>
| #else
| # ifdef HAVE_STDLIB_H
| #  include <stdlib.h>
| # endif
| #endif
| #ifdef HAVE_STRING_H
| # if !defined STDC_HEADERS && defined HAVE_MEMORY_H
| #  include <memory.h>
| # endif
| # include <string.h>
| #endif
| #ifdef HAVE_STRINGS_H
| # include <strings.h>
| #endif
| #ifdef HAVE_INTTYPES_H
| # include <inttypes.h>
| #endif
| #ifdef HAVE_STDINT_H
| # include <stdint.h>
| #endif
| #ifdef HAVE_UNISTD_H
| # include <unistd.h>
| #endif
| #include <linux/sockios.h>
configure:7214: result: no
configure:7214: checking linux/sockios.h presence
configure:7214: x86_64-w64-mingw32-gcc -E -DCONFIG_UTILS_IPERF2_STACKSIZE=262144 -include /c/Users/tttgu/Documents/Codex/s31-host-tools-2026-09-16/build-iperf2-win64/host-compat.h conftest.c
conftest.c:29:10: fatal error: linux/sockios.h: No such file or directory
   29 | #include <linux/sockios.h>
      |          ^~~~~~~~~~~~~~~~~
compilation terminated.
configure:7214: $? = 1
configure: failed program was:
| /* confdefs.h */
| #define PACKAGE_NAME "Iperf"
| #define PACKAGE_TARNAME "iperf"
| #define PACKAGE_VERSION "2.1.8"
| #define PACKAGE_STRING "Iperf 2.1.8"
| #define PACKAGE_BUGREPORT ""
| #define PACKAGE_URL ""
| #define PACKAGE "iperf"
| #define VERSION "2.1.8"
| #define HAVE_DECL_IFF_TUN 0
| #define HAVE_DECL_IFF_TAP 0
| #define HAVE_PTHREAD_PRIO_INHERIT 1
| #define HAVE_PTHREAD 1
| #define HAVE_POSIX_THREAD 1
| #define _REENTRANT 1
| #define HAVE_WINSOCK2_H 1
| #define STDC_HEADERS 1
| #define HAVE_SYS_TYPES_H 1
| #define HAVE_SYS_STAT_H 1
| #define HAVE_STDLIB_H 1
| #define HAVE_STRING_H 1
| #define HAVE_MEMORY_H 1
| #define HAVE_STRINGS_H 1
| #define HAVE_INTTYPES_H 1
| #define HAVE_STDINT_H 1
| #define HAVE_UNISTD_H 1
| #define HAVE_LIBINTL_H 1
| /* end confdefs.h.  */
| #include <linux/sockios.h>
configure:7214: result: no
configure:7214: checking for linux/sockios.h
configure:7214: result: no
configure:7214: checking linux/ip.h usability
configure:7214: x86_64-w64-mingw32-gcc -c  -O2 -std=gnu11  -DCONFIG_UTILS_IPERF2_STACKSIZE=262144 -include /c/Users/tttgu/Documents/Codex/s31-host-tools-2026-09-16/build-iperf2-win64/host-compat.h conftest.c >&5
conftest.c:62:10: fatal error: linux/ip.h: No such file or directory
   62 | #include <linux/ip.h>
      |          ^~~~~~~~~~~~
compilation terminated.
configure:7214: $? = 1
configure: failed program was:
| /* confdefs.h */
| #define PACKAGE_NAME "Iperf"
| #define PACKAGE_TARNAME "iperf"
| #define PACKAGE_VERSION "2.1.8"
| #define PACKAGE_STRING "Iperf 2.1.8"
| #define PACKAGE_BUGREPORT ""
| #define PACKAGE_URL ""
| #define PACKAGE "iperf"
| #define VERSION "2.1.8"
| #define HAVE_DECL_IFF_TUN 0
| #define HAVE_DECL_IFF_TAP 0
| #define HAVE_PTHREAD_PRIO_INHERIT 1
| #define HAVE_PTHREAD 1
| #define HAVE_POSIX_THREAD 1
| #define _REENTRANT 1
| #define HAVE_WINSOCK2_H 1
| #define STDC_HEADERS 1
| #define HAVE_SYS_TYPES_H 1
| #define HAVE_SYS_STAT_H 1
| #define HAVE_STDLIB_H 1
| #define HAVE_STRING_H 1
| #define HAVE_MEMORY_H 1
| #define HAVE_STRINGS_H 1
| #define HAVE_INTTYPES_H 1
| #define HAVE_STDINT_H 1
| #define HAVE_UNISTD_H 1
| #define HAVE_LIBINTL_H 1
| /* end confdefs.h.  */
| #include <stdio.h>
| #ifdef HAVE_SYS_TYPES_H
| # include <sys/types.h>
| #endif
| #ifdef HAVE_SYS_STAT_H
| # include <sys/stat.h>
| #endif
| #ifdef STDC_HEADERS
| # include <stdlib.h>
| # include <stddef.h>
| #else
| # ifdef HAVE_STDLIB_H
| #  include <stdlib.h>
| # endif
| #endif
| #ifdef HAVE_STRING_H
| # if !defined STDC_HEADERS && defined HAVE_MEMORY_H
| #  include <memory.h>
| # endif
| # include <string.h>
| #endif
| #ifdef HAVE_STRINGS_H
| # include <strings.h>
| #endif
| #ifdef HAVE_INTTYPES_H
| # include <inttypes.h>
| #endif
| #ifdef HAVE_STDINT_H
| # include <stdint.h>
| #endif
| #ifdef HAVE_UNISTD_H
| # include <unistd.h>
| #endif
| #include <linux/ip.h>
configure:7214: result: no
configure:7214: checking linux/ip.h presence
configure:7214: x86_64-w64-mingw32-gcc -E -DCONFIG_UTILS_IPERF2_STACKSIZE=262144 -include /c/Users/tttgu/Documents/Codex/s31-host-tools-2026-09-16/build-iperf2-win64/host-compat.h conftest.c
conftest.c:29:10: fatal error: linux/ip.h: No such file or directory
   29 | #include <linux/ip.h>
      |          ^~~~~~~~~~~~
compilation terminated.
configure:7214: $? = 1
configure: failed program was:
| /* confdefs.h */
| #define PACKAGE_NAME "Iperf"
| #define PACKAGE_TARNAME "iperf"
| #define PACKAGE_VERSION "2.1.8"
| #define PACKAGE_STRING "Iperf 2.1.8"
| #define PACKAGE_BUGREPORT ""
| #define PACKAGE_URL ""
| #define PACKAGE "iperf"
| #define VERSION "2.1.8"
| #define HAVE_DECL_IFF_TUN 0
| #define HAVE_DECL_IFF_TAP 0
| #define HAVE_PTHREAD_PRIO_INHERIT 1
| #define HAVE_PTHREAD 1
| #define HAVE_POSIX_THREAD 1
| #define _REENTRANT 1
| #define HAVE_WINSOCK2_H 1
| #define STDC_HEADERS 1
| #define HAVE_SYS_TYPES_H 1
| #define HAVE_SYS_STAT_H 1
| #define HAVE_STDLIB_H 1
| #define HAVE_STRING_H 1
| #define HAVE_MEMORY_H 1
| #define HAVE_STRINGS_H 1
| #define HAVE_INTTYPES_H 1
| #define HAVE_STDINT_H 1
| #define HAVE_UNISTD_H 1
| #define HAVE_LIBINTL_H 1
| /* end confdefs.h.  */
| #include <linux/ip.h>
configure:7214: result: no
configure:7214: checking for linux/ip.h
configure:7214: result: no
configure:7214: checking linux/udp.h usability
configure:7214: x86_64-w64-mingw32-gcc -c  -O2 -std=gnu11  -DCONFIG_UTILS_IPERF2_STACKSIZE=262144 -include /c/Users/tttgu/Documents/Codex/s31-host-tools-2026-09-16/build-iperf2-win64/host-compat.h conftest.c >&5
conftest.c:62:10: fatal error: linux/udp.h: No such file or directory
   62 | #include <linux/udp.h>
      |          ^~~~~~~~~~~~~
compilation terminated.
configure:7214: $? = 1
configure: failed program was:
| /* confdefs.h */
| #define PACKAGE_NAME "Iperf"
| #define PACKAGE_TARNAME "iperf"
| #define PACKAGE_VERSION "2.1.8"
| #define PACKAGE_STRING "Iperf 2.1.8"
| #define PACKAGE_BUGREPORT ""
| #define PACKAGE_URL ""
| #define PACKAGE "iperf"
| #define VERSION "2.1.8"
| #define HAVE_DECL_IFF_TUN 0
| #define HAVE_DECL_IFF_TAP 0
| #define HAVE_PTHREAD_PRIO_INHERIT 1
| #define HAVE_PTHREAD 1
| #define HAVE_POSIX_THREAD 1
| #define _REENTRANT 1
| #define HAVE_WINSOCK2_H 1
| #define STDC_HEADERS 1
| #define HAVE_SYS_TYPES_H 1
| #define HAVE_SYS_STAT_H 1
| #define HAVE_STDLIB_H 1
| #define HAVE_STRING_H 1
| #define HAVE_MEMORY_H 1
| #define HAVE_STRINGS_H 1
| #define HAVE_INTTYPES_H 1
| #define HAVE_STDINT_H 1
| #define HAVE_UNISTD_H 1
| #define HAVE_LIBINTL_H 1
| /* end confdefs.h.  */
| #include <stdio.h>
| #ifdef HAVE_SYS_TYPES_H
| # include <sys/types.h>
| #endif
| #ifdef HAVE_SYS_STAT_H
| # include <sys/stat.h>
| #endif
| #ifdef STDC_HEADERS
| # include <stdlib.h>
| # include <stddef.h>
| #else
| # ifdef HAVE_STDLIB_H
| #  include <stdlib.h>
| # endif
| #endif
| #ifdef HAVE_STRING_H
| # if !defined STDC_HEADERS && defined HAVE_MEMORY_H
| #  include <memory.h>
| # endif
| # include <string.h>
| #endif
| #ifdef HAVE_STRINGS_H
| # include <strings.h>
| #endif
| #ifdef HAVE_INTTYPES_H
| # include <inttypes.h>
| #endif
| #ifdef HAVE_STDINT_H
| # include <stdint.h>
| #endif
| #ifdef HAVE_UNISTD_H
| # include <unistd.h>
| #endif
| #include <linux/udp.h>
configure:7214: result: no
configure:7214: checking linux/udp.h presence
configure:7214: x86_64-w64-mingw32-gcc -E -DCONFIG_UTILS_IPERF2_STACKSIZE=262144 -include /c/Users/tttgu/Documents/Codex/s31-host-tools-2026-09-16/build-iperf2-win64/host-compat.h conftest.c
conftest.c:29:10: fatal error: linux/udp.h: No such file or directory
   29 | #include <linux/udp.h>
      |          ^~~~~~~~~~~~~
compilation terminated.
configure:7214: $? = 1
configure: failed program was:
| /* confdefs.h */
| #define PACKAGE_NAME "Iperf"
| #define PACKAGE_TARNAME "iperf"
| #define PACKAGE_VERSION "2.1.8"
| #define PACKAGE_STRING "Iperf 2.1.8"
| #define PACKAGE_BUGREPORT ""
| #define PACKAGE_URL ""
| #define PACKAGE "iperf"
| #define VERSION "2.1.8"
| #define HAVE_DECL_IFF_TUN 0
| #define HAVE_DECL_IFF_TAP 0
| #define HAVE_PTHREAD_PRIO_INHERIT 1
| #define HAVE_PTHREAD 1
| #define HAVE_POSIX_THREAD 1
| #define _REENTRANT 1
| #define HAVE_WINSOCK2_H 1
| #define STDC_HEADERS 1
| #define HAVE_SYS_TYPES_H 1
| #define HAVE_SYS_STAT_H 1
| #define HAVE_STDLIB_H 1
| #define HAVE_STRING_H 1
| #define HAVE_MEMORY_H 1
| #define HAVE_STRINGS_H 1
| #define HAVE_INTTYPES_H 1
| #define HAVE_STDINT_H 1
| #define HAVE_UNISTD_H 1
| #define HAVE_LIBINTL_H 1
| /* end confdefs.h.  */
| #include <linux/udp.h>
configure:7214: result: no
configure:7214: checking for linux/udp.h
configure:7214: result: no
configure:7214: checking linux/if_packet.h usability
configure:7214: x86_64-w64-mingw32-gcc -c  -O2 -std=gnu11  -DCONFIG_UTILS_IPERF2_STACKSIZE=262144 -include /c/Users/tttgu/Documents/Codex/s31-host-tools-2026-09-16/build-iperf2-win64/host-compat.h conftest.c >&5
conftest.c:62:10: fatal error: linux/if_packet.h: No such file or directory
   62 | #include <linux/if_packet.h>
      |          ^~~~~~~~~~~~~~~~~~~
compilation terminated.
configure:7214: $? = 1
configure: failed program was:
| /* confdefs.h */
| #define PACKAGE_NAME "Iperf"
| #define PACKAGE_TARNAME "iperf"
| #define PACKAGE_VERSION "2.1.8"
| #define PACKAGE_STRING "Iperf 2.1.8"
| #define PACKAGE_BUGREPORT ""
| #define PACKAGE_URL ""
| #define PACKAGE "iperf"
| #define VERSION "2.1.8"
| #define HAVE_DECL_IFF_TUN 0
| #define HAVE_DECL_IFF_TAP 0
| #define HAVE_PTHREAD_PRIO_INHERIT 1
| #define HAVE_PTHREAD 1
| #define HAVE_POSIX_THREAD 1
| #define _REENTRANT 1
| #define HAVE_WINSOCK2_H 1
| #define STDC_HEADERS 1
| #define HAVE_SYS_TYPES_H 1
| #define HAVE_SYS_STAT_H 1
| #define HAVE_STDLIB_H 1
| #define HAVE_STRING_H 1
| #define HAVE_MEMORY_H 1
| #define HAVE_STRINGS_H 1
| #define HAVE_INTTYPES_H 1
| #define HAVE_STDINT_H 1
| #define HAVE_UNISTD_H 1
| #define HAVE_LIBINTL_H 1
| /* end confdefs.h.  */
| #include <stdio.h>
| #ifdef HAVE_SYS_TYPES_H
| # include <sys/types.h>
| #endif
| #ifdef HAVE_SYS_STAT_H
| # include <sys/stat.h>
| #endif
| #ifdef STDC_HEADERS
| # include <stdlib.h>
| # include <stddef.h>
| #else
| # ifdef HAVE_STDLIB_H
| #  include <stdlib.h>
| # endif
| #endif
| #ifdef HAVE_STRING_H
| # if !defined STDC_HEADERS && defined HAVE_MEMORY_H
| #  include <memory.h>
| # endif
| # include <string.h>
| #endif
| #ifdef HAVE_STRINGS_H
| # include <strings.h>
| #endif
| #ifdef HAVE_INTTYPES_H
| # include <inttypes.h>
| #endif
| #ifdef HAVE_STDINT_H
| # include <stdint.h>
| #endif
| #ifdef HAVE_UNISTD_H
| # include <unistd.h>
| #endif
| #include <linux/if_packet.h>
configure:7214: result: no
configure:7214: checking linux/if_packet.h presence
configure:7214: x86_64-w64-mingw32-gcc -E -DCONFIG_UTILS_IPERF2_STACKSIZE=262144 -include /c/Users/tttgu/Documents/Codex/s31-host-tools-2026-09-16/build-iperf2-win64/host-compat.h conftest.c
conftest.c:29:10: fatal error: linux/if_packet.h: No such file or directory
   29 | #include <linux/if_packet.h>
      |          ^~~~~~~~~~~~~~~~~~~
compilation terminated.
configure:7214: $? = 1
configure: failed program was:
| /* confdefs.h */
| #define PACKAGE_NAME "Iperf"
| #define PACKAGE_TARNAME "iperf"
| #define PACKAGE_VERSION "2.1.8"
| #define PACKAGE_STRING "Iperf 2.1.8"
| #define PACKAGE_BUGREPORT ""
| #define PACKAGE_URL ""
| #define PACKAGE "iperf"
| #define VERSION "2.1.8"
| #define HAVE_DECL_IFF_TUN 0
| #define HAVE_DECL_IFF_TAP 0
| #define HAVE_PTHREAD_PRIO_INHERIT 1
| #define HAVE_PTHREAD 1
| #define HAVE_POSIX_THREAD 1
| #define _REENTRANT 1
| #define HAVE_WINSOCK2_H 1
| #define STDC_HEADERS 1
| #define HAVE_SYS_TYPES_H 1
| #define HAVE_SYS_STAT_H 1
| #define HAVE_STDLIB_H 1
| #define HAVE_STRING_H 1
| #define HAVE_MEMORY_H 1
| #define HAVE_STRINGS_H 1
| #define HAVE_INTTYPES_H 1
| #define HAVE_STDINT_H 1
| #define HAVE_UNISTD_H 1
| #define HAVE_LIBINTL_H 1
| /* end confdefs.h.  */
| #include <linux/if_packet.h>
configure:7214: result: no
configure:7214: checking for linux/if_packet.h
configure:7214: result: no
configure:7214: checking linux/filter.h usability
configure:7214: x86_64-w64-mingw32-gcc -c  -O2 -std=gnu11  -DCONFIG_UTILS_IPERF2_STACKSIZE=262144 -include /c/Users/tttgu/Documents/Codex/s31-host-tools-2026-09-16/build-iperf2-win64/host-compat.h conftest.c >&5
conftest.c:62:10: fatal error: linux/filter.h: No such file or directory
   62 | #include <linux/filter.h>
      |          ^~~~~~~~~~~~~~~~
compilation terminated.
configure:7214: $? = 1
configure: failed program was:
| /* confdefs.h */
| #define PACKAGE_NAME "Iperf"
| #define PACKAGE_TARNAME "iperf"
| #define PACKAGE_VERSION "2.1.8"
| #define PACKAGE_STRING "Iperf 2.1.8"
| #define PACKAGE_BUGREPORT ""
| #define PACKAGE_URL ""
| #define PACKAGE "iperf"
| #define VERSION "2.1.8"
| #define HAVE_DECL_IFF_TUN 0
| #define HAVE_DECL_IFF_TAP 0
| #define HAVE_PTHREAD_PRIO_INHERIT 1
| #define HAVE_PTHREAD 1
| #define HAVE_POSIX_THREAD 1
| #define _REENTRANT 1
| #define HAVE_WINSOCK2_H 1
| #define STDC_HEADERS 1
| #define HAVE_SYS_TYPES_H 1
| #define HAVE_SYS_STAT_H 1
| #define HAVE_STDLIB_H 1
| #define HAVE_STRING_H 1
| #define HAVE_MEMORY_H 1
| #define HAVE_STRINGS_H 1
| #define HAVE_INTTYPES_H 1
| #define HAVE_STDINT_H 1
| #define HAVE_UNISTD_H 1
| #define HAVE_LIBINTL_H 1
| /* end confdefs.h.  */
| #include <stdio.h>
| #ifdef HAVE_SYS_TYPES_H
| # include <sys/types.h>
| #endif
| #ifdef HAVE_SYS_STAT_H
| # include <sys/stat.h>
| #endif
| #ifdef STDC_HEADERS
| # include <stdlib.h>
| # include <stddef.h>
| #else
| # ifdef HAVE_STDLIB_H
| #  include <stdlib.h>
| # endif
| #endif
| #ifdef HAVE_STRING_H
| # if !defined STDC_HEADERS && defined HAVE_MEMORY_H
| #  include <memory.h>
| # endif
| # include <string.h>
| #endif
| #ifdef HAVE_STRINGS_H
| # include <strings.h>
| #endif
| #ifdef HAVE_INTTYPES_H
| # include <inttypes.h>
| #endif
| #ifdef HAVE_STDINT_H
| # include <stdint.h>
| #endif
| #ifdef HAVE_UNISTD_H
| # include <unistd.h>
| #endif
| #include <linux/filter.h>
configure:7214: result: no
configure:7214: checking linux/filter.h presence
configure:7214: x86_64-w64-mingw32-gcc -E -DCONFIG_UTILS_IPERF2_STACKSIZE=262144 -include /c/Users/tttgu/Documents/Codex/s31-host-tools-2026-09-16/build-iperf2-win64/host-compat.h conftest.c
conftest.c:29:10: fatal error: linux/filter.h: No such file or directory
   29 | #include <linux/filter.h>
      |          ^~~~~~~~~~~~~~~~
compilation terminated.
configure:7214: $? = 1
configure: failed program was:
| /* confdefs.h */
| #define PACKAGE_NAME "Iperf"
| #define PACKAGE_TARNAME "iperf"
| #define PACKAGE_VERSION "2.1.8"
| #define PACKAGE_STRING "Iperf 2.1.8"
| #define PACKAGE_BUGREPORT ""
| #define PACKAGE_URL ""
| #define PACKAGE "iperf"
| #define VERSION "2.1.8"
| #define HAVE_DECL_IFF_TUN 0
| #define HAVE_DECL_IFF_TAP 0
| #define HAVE_PTHREAD_PRIO_INHERIT 1
| #define HAVE_PTHREAD 1
| #define HAVE_POSIX_THREAD 1
| #define _REENTRANT 1
| #define HAVE_WINSOCK2_H 1
| #define STDC_HEADERS 1
| #define HAVE_SYS_TYPES_H 1
| #define HAVE_SYS_STAT_H 1
| #define HAVE_STDLIB_H 1
| #define HAVE_STRING_H 1
| #define HAVE_MEMORY_H 1
| #define HAVE_STRINGS_H 1
| #define HAVE_INTTYPES_H 1
| #define HAVE_STDINT_H 1
| #define HAVE_UNISTD_H 1
| #define HAVE_LIBINTL_H 1
| /* end confdefs.h.  */
| #include <linux/filter.h>
configure:7214: result: no
configure:7214: checking for linux/filter.h
configure:7214: result: no
configure:7214: checking linux/if_tun.h usability
configure:7214: x86_64-w64-mingw32-gcc -c  -O2 -std=gnu11  -DCONFIG_UTILS_IPERF2_STACKSIZE=262144 -include /c/Users/tttgu/Documents/Codex/s31-host-tools-2026-09-16/build-iperf2-win64/host-compat.h conftest.c >&5
conftest.c:62:10: fatal error: linux/if_tun.h: No such file or directory
   62 | #include <linux/if_tun.h>
      |          ^~~~~~~~~~~~~~~~
compilation terminated.
configure:7214: $? = 1
configure: failed program was:
| /* confdefs.h */
| #define PACKAGE_NAME "Iperf"
| #define PACKAGE_TARNAME "iperf"
| #define PACKAGE_VERSION "2.1.8"
| #define PACKAGE_STRING "Iperf 2.1.8"
| #define PACKAGE_BUGREPORT ""
| #define PACKAGE_URL ""
| #define PACKAGE "iperf"
| #define VERSION "2.1.8"
| #define HAVE_DECL_IFF_TUN 0
| #define HAVE_DECL_IFF_TAP 0
| #define HAVE_PTHREAD_PRIO_INHERIT 1
| #define HAVE_PTHREAD 1
| #define HAVE_POSIX_THREAD 1
| #define _REENTRANT 1
| #define HAVE_WINSOCK2_H 1
| #define STDC_HEADERS 1
| #define HAVE_SYS_TYPES_H 1
| #define HAVE_SYS_STAT_H 1
| #define HAVE_STDLIB_H 1
| #define HAVE_STRING_H 1
| #define HAVE_MEMORY_H 1
| #define HAVE_STRINGS_H 1
| #define HAVE_INTTYPES_H 1
| #define HAVE_STDINT_H 1
| #define HAVE_UNISTD_H 1
| #define HAVE_LIBINTL_H 1
| /* end confdefs.h.  */
| #include <stdio.h>
| #ifdef HAVE_SYS_TYPES_H
| # include <sys/types.h>
| #endif
| #ifdef HAVE_SYS_STAT_H
| # include <sys/stat.h>
| #endif
| #ifdef STDC_HEADERS
| # include <stdlib.h>
| # include <stddef.h>
| #else
| # ifdef HAVE_STDLIB_H
| #  include <stdlib.h>
| # endif
| #endif
| #ifdef HAVE_STRING_H
| # if !defined STDC_HEADERS && defined HAVE_MEMORY_H
| #  include <memory.h>
| # endif
| # include <string.h>
| #endif
| #ifdef HAVE_STRINGS_H
| # include <strings.h>
| #endif
| #ifdef HAVE_INTTYPES_H
| # include <inttypes.h>
| #endif
| #ifdef HAVE_STDINT_H
| # include <stdint.h>
| #endif
| #ifdef HAVE_UNISTD_H
| # include <unistd.h>
| #endif
| #include <linux/if_tun.h>
configure:7214: result: no
configure:7214: checking linux/if_tun.h presence
configure:7214: x86_64-w64-mingw32-gcc -E -DCONFIG_UTILS_IPERF2_STACKSIZE=262144 -include /c/Users/tttgu/Documents/Codex/s31-host-tools-2026-09-16/build-iperf2-win64/host-compat.h conftest.c
conftest.c:29:10: fatal error: linux/if_tun.h: No such file or directory
   29 | #include <linux/if_tun.h>
      |          ^~~~~~~~~~~~~~~~
compilation terminated.
configure:7214: $? = 1
configure: failed program was:
| /* confdefs.h */
| #define PACKAGE_NAME "Iperf"
| #define PACKAGE_TARNAME "iperf"
| #define PACKAGE_VERSION "2.1.8"
| #define PACKAGE_STRING "Iperf 2.1.8"
| #define PACKAGE_BUGREPORT ""
| #define PACKAGE_URL ""
| #define PACKAGE "iperf"
| #define VERSION "2.1.8"
| #define HAVE_DECL_IFF_TUN 0
| #define HAVE_DECL_IFF_TAP 0
| #define HAVE_PTHREAD_PRIO_INHERIT 1
| #define HAVE_PTHREAD 1
| #define HAVE_POSIX_THREAD 1
| #define _REENTRANT 1
| #define HAVE_WINSOCK2_H 1
| #define STDC_HEADERS 1
| #define HAVE_SYS_TYPES_H 1
| #define HAVE_SYS_STAT_H 1
| #define HAVE_STDLIB_H 1
| #define HAVE_STRING_H 1
| #define HAVE_MEMORY_H 1
| #define HAVE_STRINGS_H 1
| #define HAVE_INTTYPES_H 1
| #define HAVE_STDINT_H 1
| #define HAVE_UNISTD_H 1
| #define HAVE_LIBINTL_H 1
| /* end confdefs.h.  */
| #include <linux/if_tun.h>
configure:7214: result: no
configure:7214: checking for linux/if_tun.h
configure:7214: result: no
configure:7214: checking netdb.h usability
configure:7214: x86_64-w64-mingw32-gcc -c  -O2 -std=gnu11  -DCONFIG_UTILS_IPERF2_STACKSIZE=262144 -include /c/Users/tttgu/Documents/Codex/s31-host-tools-2026-09-16/build-iperf2-win64/host-compat.h conftest.c >&5
conftest.c:62:10: fatal error: netdb.h: No such file or directory
   62 | #include <netdb.h>
      |          ^~~~~~~~~
compilation terminated.
configure:7214: $? = 1
configure: failed program was:
| /* confdefs.h */
| #define PACKAGE_NAME "Iperf"
| #define PACKAGE_TARNAME "iperf"
| #define PACKAGE_VERSION "2.1.8"
| #define PACKAGE_STRING "Iperf 2.1.8"
| #define PACKAGE_BUGREPORT ""
| #define PACKAGE_URL ""
| #define PACKAGE "iperf"
| #define VERSION "2.1.8"
| #define HAVE_DECL_IFF_TUN 0
| #define HAVE_DECL_IFF_TAP 0
| #define HAVE_PTHREAD_PRIO_INHERIT 1
| #define HAVE_PTHREAD 1
| #define HAVE_POSIX_THREAD 1
| #define _REENTRANT 1
| #define HAVE_WINSOCK2_H 1
| #define STDC_HEADERS 1
| #define HAVE_SYS_TYPES_H 1
| #define HAVE_SYS_STAT_H 1
| #define HAVE_STDLIB_H 1
| #define HAVE_STRING_H 1
| #define HAVE_MEMORY_H 1
| #define HAVE_STRINGS_H 1
| #define HAVE_INTTYPES_H 1
| #define HAVE_STDINT_H 1
| #define HAVE_UNISTD_H 1
| #define HAVE_LIBINTL_H 1
| /* end confdefs.h.  */
| #include <stdio.h>
| #ifdef HAVE_SYS_TYPES_H
| # include <sys/types.h>
| #endif
| #ifdef HAVE_SYS_STAT_H
| # include <sys/stat.h>
| #endif
| #ifdef STDC_HEADERS
| # include <stdlib.h>
| # include <stddef.h>
| #else
| # ifdef HAVE_STDLIB_H
| #  include <stdlib.h>
| # endif
| #endif
| #ifdef HAVE_STRING_H
| # if !defined STDC_HEADERS && defined HAVE_MEMORY_H
| #  include <memory.h>
| # endif
| # include <string.h>
| #endif
| #ifdef HAVE_STRINGS_H
| # include <strings.h>
| #endif
| #ifdef HAVE_INTTYPES_H
| # include <inttypes.h>
| #endif
| #ifdef HAVE_STDINT_H
| # include <stdint.h>
| #endif
| #ifdef HAVE_UNISTD_H
| # include <unistd.h>
| #endif
| #include <netdb.h>
configure:7214: result: no
configure:7214: checking netdb.h presence
configure:7214: x86_64-w64-mingw32-gcc -E -DCONFIG_UTILS_IPERF2_STACKSIZE=262144 -include /c/Users/tttgu/Documents/Codex/s31-host-tools-2026-09-16/build-iperf2-win64/host-compat.h conftest.c
conftest.c:29:10: fatal error: netdb.h: No such file or directory
   29 | #include <netdb.h>
      |          ^~~~~~~~~
compilation terminated.
configure:7214: $? = 1
configure: failed program was:
| /* confdefs.h */
| #define PACKAGE_NAME "Iperf"
| #define PACKAGE_TARNAME "iperf"
| #define PACKAGE_VERSION "2.1.8"
| #define PACKAGE_STRING "Iperf 2.1.8"
| #define PACKAGE_BUGREPORT ""
| #define PACKAGE_URL ""
| #define PACKAGE "iperf"
| #define VERSION "2.1.8"
| #define HAVE_DECL_IFF_TUN 0
| #define HAVE_DECL_IFF_TAP 0
| #define HAVE_PTHREAD_PRIO_INHERIT 1
| #define HAVE_PTHREAD 1
| #define HAVE_POSIX_THREAD 1
| #define _REENTRANT 1
| #define HAVE_WINSOCK2_H 1
| #define STDC_HEADERS 1
| #define HAVE_SYS_TYPES_H 1
| #define HAVE_SYS_STAT_H 1
| #define HAVE_STDLIB_H 1
| #define HAVE_STRING_H 1
| #define HAVE_MEMORY_H 1
| #define HAVE_STRINGS_H 1
| #define HAVE_INTTYPES_H 1
| #define HAVE_STDINT_H 1
| #define HAVE_UNISTD_H 1
| #define HAVE_LIBINTL_H 1
| /* end confdefs.h.  */
| #include <netdb.h>
configure:7214: result: no
configure:7214: checking for netdb.h
configure:7214: result: no
configure:7214: checking netinet/in.h usability
configure:7214: x86_64-w64-mingw32-gcc -c  -O2 -std=gnu11  -DCONFIG_UTILS_IPERF2_STACKSIZE=262144 -include /c/Users/tttgu/Documents/Codex/s31-host-tools-2026-09-16/build-iperf2-win64/host-compat.h conftest.c >&5
conftest.c:62:10: fatal error: netinet/in.h: No such file or directory
   62 | #include <netinet/in.h>
      |          ^~~~~~~~~~~~~~
compilation terminated.
configure:7214: $? = 1
configure: failed program was:
| /* confdefs.h */
| #define PACKAGE_NAME "Iperf"
| #define PACKAGE_TARNAME "iperf"
| #define PACKAGE_VERSION "2.1.8"
| #define PACKAGE_STRING "Iperf 2.1.8"
| #define PACKAGE_BUGREPORT ""
| #define PACKAGE_URL ""
| #define PACKAGE "iperf"
| #define VERSION "2.1.8"
| #define HAVE_DECL_IFF_TUN 0
| #define HAVE_DECL_IFF_TAP 0
| #define HAVE_PTHREAD_PRIO_INHERIT 1
| #define HAVE_PTHREAD 1
| #define HAVE_POSIX_THREAD 1
| #define _REENTRANT 1
| #define HAVE_WINSOCK2_H 1
| #define STDC_HEADERS 1
| #define HAVE_SYS_TYPES_H 1
| #define HAVE_SYS_STAT_H 1
| #define HAVE_STDLIB_H 1
| #define HAVE_STRING_H 1
| #define HAVE_MEMORY_H 1
| #define HAVE_STRINGS_H 1
| #define HAVE_INTTYPES_H 1
| #define HAVE_STDINT_H 1
| #define HAVE_UNISTD_H 1
| #define HAVE_LIBINTL_H 1
| /* end confdefs.h.  */
| #include <stdio.h>
| #ifdef HAVE_SYS_TYPES_H
| # include <sys/types.h>
| #endif
| #ifdef HAVE_SYS_STAT_H
| # include <sys/stat.h>
| #endif
| #ifdef STDC_HEADERS
| # include <stdlib.h>
| # include <stddef.h>
| #else
| # ifdef HAVE_STDLIB_H
| #  include <stdlib.h>
| # endif
| #endif
| #ifdef HAVE_STRING_H
| # if !defined STDC_HEADERS && defined HAVE_MEMORY_H
| #  include <memory.h>
| # endif
| # include <string.h>
| #endif
| #ifdef HAVE_STRINGS_H
| # include <strings.h>
| #endif
| #ifdef HAVE_INTTYPES_H
| # include <inttypes.h>
| #endif
| #ifdef HAVE_STDINT_H
| # include <stdint.h>
| #endif
| #ifdef HAVE_UNISTD_H
| # include <unistd.h>
| #endif
| #include <netinet/in.h>
configure:7214: result: no
configure:7214: checking netinet/in.h presence
configure:7214: x86_64-w64-mingw32-gcc -E -DCONFIG_UTILS_IPERF2_STACKSIZE=262144 -include /c/Users/tttgu/Documents/Codex/s31-host-tools-2026-09-16/build-iperf2-win64/host-compat.h conftest.c
conftest.c:29:10: fatal error: netinet/in.h: No such file or directory
   29 | #include <netinet/in.h>
      |          ^~~~~~~~~~~~~~
compilation terminated.
configure:7214: $? = 1
configure: failed program was:
| /* confdefs.h */
| #define PACKAGE_NAME "Iperf"
| #define PACKAGE_TARNAME "iperf"
| #define PACKAGE_VERSION "2.1.8"
| #define PACKAGE_STRING "Iperf 2.1.8"
| #define PACKAGE_BUGREPORT ""
| #define PACKAGE_URL ""
| #define PACKAGE "iperf"
| #define VERSION "2.1.8"
| #define HAVE_DECL_IFF_TUN 0
| #define HAVE_DECL_IFF_TAP 0
| #define HAVE_PTHREAD_PRIO_INHERIT 1
| #define HAVE_PTHREAD 1
| #define HAVE_POSIX_THREAD 1
| #define _REENTRANT 1
| #define HAVE_WINSOCK2_H 1
| #define STDC_HEADERS 1
| #define HAVE_SYS_TYPES_H 1
| #define HAVE_SYS_STAT_H 1
| #define HAVE_STDLIB_H 1
| #define HAVE_STRING_H 1
| #define HAVE_MEMORY_H 1
| #define HAVE_STRINGS_H 1
| #define HAVE_INTTYPES_H 1
| #define HAVE_STDINT_H 1
| #define HAVE_UNISTD_H 1
| #define HAVE_LIBINTL_H 1
| /* end confdefs.h.  */
| #include <netinet/in.h>
configure:7214: result: no
configure:7214: checking for netinet/in.h
configure:7214: result: no
configure:7214: checking netinet/tcp.h usability
configure:7214: x86_64-w64-mingw32-gcc -c  -O2 -std=gnu11  -DCONFIG_UTILS_IPERF2_STACKSIZE=262144 -include /c/Users/tttgu/Documents/Codex/s31-host-tools-2026-09-16/build-iperf2-win64/host-compat.h conftest.c >&5
conftest.c:62:10: fatal error: netinet/tcp.h: No such file or directory
   62 | #include <netinet/tcp.h>
      |          ^~~~~~~~~~~~~~~
compilation terminated.
configure:7214: $? = 1
configure: failed program was:
| /* confdefs.h */
| #define PACKAGE_NAME "Iperf"
| #define PACKAGE_TARNAME "iperf"
| #define PACKAGE_VERSION "2.1.8"
| #define PACKAGE_STRING "Iperf 2.1.8"
| #define PACKAGE_BUGREPORT ""
| #define PACKAGE_URL ""
| #define PACKAGE "iperf"
| #define VERSION "2.1.8"
| #define HAVE_DECL_IFF_TUN 0
| #define HAVE_DECL_IFF_TAP 0
| #define HAVE_PTHREAD_PRIO_INHERIT 1
| #define HAVE_PTHREAD 1
| #define HAVE_POSIX_THREAD 1
| #define _REENTRANT 1
| #define HAVE_WINSOCK2_H 1
| #define STDC_HEADERS 1
| #define HAVE_SYS_TYPES_H 1
| #define HAVE_SYS_STAT_H 1
| #define HAVE_STDLIB_H 1
| #define HAVE_STRING_H 1
| #define HAVE_MEMORY_H 1
| #define HAVE_STRINGS_H 1
| #define HAVE_INTTYPES_H 1
| #define HAVE_STDINT_H 1
| #define HAVE_UNISTD_H 1
| #define HAVE_LIBINTL_H 1
| /* end confdefs.h.  */
| #include <stdio.h>
| #ifdef HAVE_SYS_TYPES_H
| # include <sys/types.h>
| #endif
| #ifdef HAVE_SYS_STAT_H
| # include <sys/stat.h>
| #endif
| #ifdef STDC_HEADERS
| # include <stdlib.h>
| # include <stddef.h>
| #else
| # ifdef HAVE_STDLIB_H
| #  include <stdlib.h>
| # endif
| #endif
| #ifdef HAVE_STRING_H
| # if !defined STDC_HEADERS && defined HAVE_MEMORY_H
| #  include <memory.h>
| # endif
| # include <string.h>
| #endif
| #ifdef HAVE_STRINGS_H
| # include <strings.h>
| #endif
| #ifdef HAVE_INTTYPES_H
| # include <inttypes.h>
| #endif
| #ifdef HAVE_STDINT_H
| # include <stdint.h>
| #endif
| #ifdef HAVE_UNISTD_H
| # include <unistd.h>
| #endif
| #include <netinet/tcp.h>
configure:7214: result: no
configure:7214: checking netinet/tcp.h presence
configure:7214: x86_64-w64-mingw32-gcc -E -DCONFIG_UTILS_IPERF2_STACKSIZE=262144 -include /c/Users/tttgu/Documents/Codex/s31-host-tools-2026-09-16/build-iperf2-win64/host-compat.h conftest.c
conftest.c:29:10: fatal error: netinet/tcp.h: No such file or directory
   29 | #include <netinet/tcp.h>
      |          ^~~~~~~~~~~~~~~
compilation terminated.
configure:7214: $? = 1
configure: failed program was:
| /* confdefs.h */
| #define PACKAGE_NAME "Iperf"
| #define PACKAGE_TARNAME "iperf"
| #define PACKAGE_VERSION "2.1.8"
| #define PACKAGE_STRING "Iperf 2.1.8"
| #define PACKAGE_BUGREPORT ""
| #define PACKAGE_URL ""
| #define PACKAGE "iperf"
| #define VERSION "2.1.8"
| #define HAVE_DECL_IFF_TUN 0
| #define HAVE_DECL_IFF_TAP 0
| #define HAVE_PTHREAD_PRIO_INHERIT 1
| #define HAVE_PTHREAD 1
| #define HAVE_POSIX_THREAD 1
| #define _REENTRANT 1
| #define HAVE_WINSOCK2_H 1
| #define STDC_HEADERS 1
| #define HAVE_SYS_TYPES_H 1
| #define HAVE_SYS_STAT_H 1
| #define HAVE_STDLIB_H 1
| #define HAVE_STRING_H 1
| #define HAVE_MEMORY_H 1
| #define HAVE_STRINGS_H 1
| #define HAVE_INTTYPES_H 1
| #define HAVE_STDINT_H 1
| #define HAVE_UNISTD_H 1
| #define HAVE_LIBINTL_H 1
| /* end confdefs.h.  */
| #include <netinet/tcp.h>
configure:7214: result: no
configure:7214: checking for netinet/tcp.h
configure:7214: result: no
configure:7214: checking for stdlib.h
configure:7214: result: yes
configure:7214: checking for string.h
configure:7214: result: yes
configure:7214: checking for strings.h
configure:7214: result: yes
configure:7214: checking sys/socket.h usability
configure:7214: x86_64-w64-mingw32-gcc -c  -O2 -std=gnu11  -DCONFIG_UTILS_IPERF2_STACKSIZE=262144 -include /c/Users/tttgu/Documents/Codex/s31-host-tools-2026-09-16/build-iperf2-win64/host-compat.h conftest.c >&5
conftest.c:65:10: fatal error: sys/socket.h: No such file or directory
   65 | #include <sys/socket.h>
      |          ^~~~~~~~~~~~~~
compilation terminated.
configure:7214: $? = 1
configure: failed program was:
| /* confdefs.h */
| #define PACKAGE_NAME "Iperf"
| #define PACKAGE_TARNAME "iperf"
| #define PACKAGE_VERSION "2.1.8"
| #define PACKAGE_STRING "Iperf 2.1.8"
| #define PACKAGE_BUGREPORT ""
| #define PACKAGE_URL ""
| #define PACKAGE "iperf"
| #define VERSION "2.1.8"
| #define HAVE_DECL_IFF_TUN 0
| #define HAVE_DECL_IFF_TAP 0
| #define HAVE_PTHREAD_PRIO_INHERIT 1
| #define HAVE_PTHREAD 1
| #define HAVE_POSIX_THREAD 1
| #define _REENTRANT 1
| #define HAVE_WINSOCK2_H 1
| #define STDC_HEADERS 1
| #define HAVE_SYS_TYPES_H 1
| #define HAVE_SYS_STAT_H 1
| #define HAVE_STDLIB_H 1
| #define HAVE_STRING_H 1
| #define HAVE_MEMORY_H 1
| #define HAVE_STRINGS_H 1
| #define HAVE_INTTYPES_H 1
| #define HAVE_STDINT_H 1
| #define HAVE_UNISTD_H 1
| #define HAVE_LIBINTL_H 1
| #define HAVE_STDLIB_H 1
| #define HAVE_STRING_H 1
| #define HAVE_STRINGS_H 1
| /* end confdefs.h.  */
| #include <stdio.h>
| #ifdef HAVE_SYS_TYPES_H
| # include <sys/types.h>
| #endif
| #ifdef HAVE_SYS_STAT_H
| # include <sys/stat.h>
| #endif
| #ifdef STDC_HEADERS
| # include <stdlib.h>
| # include <stddef.h>
| #else
| # ifdef HAVE_STDLIB_H
| #  include <stdlib.h>
| # endif
| #endif
| #ifdef HAVE_STRING_H
| # if !defined STDC_HEADERS && defined HAVE_MEMORY_H
| #  include <memory.h>
| # endif
| # include <string.h>
| #endif
| #ifdef HAVE_STRINGS_H
| # include <strings.h>
| #endif
| #ifdef HAVE_INTTYPES_H
| # include <inttypes.h>
| #endif
| #ifdef HAVE_STDINT_H
| # include <stdint.h>
| #endif
| #ifdef HAVE_UNISTD_H
| # include <unistd.h>
| #endif
| #include <sys/socket.h>
configure:7214: result: no
configure:7214: checking sys/socket.h presence
configure:7214: x86_64-w64-mingw32-gcc -E -DCONFIG_UTILS_IPERF2_STACKSIZE=262144 -include /c/Users/tttgu/Documents/Codex/s31-host-tools-2026-09-16/build-iperf2-win64/host-compat.h conftest.c
conftest.c:32:10: fatal error: sys/socket.h: No such file or directory
   32 | #include <sys/socket.h>
      |          ^~~~~~~~~~~~~~
compilation terminated.
configure:7214: $? = 1
configure: failed program was:
| /* confdefs.h */
| #define PACKAGE_NAME "Iperf"
| #define PACKAGE_TARNAME "iperf"
| #define PACKAGE_VERSION "2.1.8"
| #define PACKAGE_STRING "Iperf 2.1.8"
| #define PACKAGE_BUGREPORT ""
| #define PACKAGE_URL ""
| #define PACKAGE "iperf"
| #define VERSION "2.1.8"
| #define HAVE_DECL_IFF_TUN 0
| #define HAVE_DECL_IFF_TAP 0
| #define HAVE_PTHREAD_PRIO_INHERIT 1
| #define HAVE_PTHREAD 1
| #define HAVE_POSIX_THREAD 1
| #define _REENTRANT 1
| #define HAVE_WINSOCK2_H 1
| #define STDC_HEADERS 1
| #define HAVE_SYS_TYPES_H 1
| #define HAVE_SYS_STAT_H 1
| #define HAVE_STDLIB_H 1
| #define HAVE_STRING_H 1
| #define HAVE_MEMORY_H 1
| #define HAVE_STRINGS_H 1
| #define HAVE_INTTYPES_H 1
| #define HAVE_STDINT_H 1
| #define HAVE_UNISTD_H 1
| #define HAVE_LIBINTL_H 1
| #define HAVE_STDLIB_H 1
| #define HAVE_STRING_H 1
| #define HAVE_STRINGS_H 1
| /* end confdefs.h.  */
| #include <sys/socket.h>
configure:7214: result: no
configure:7214: checking for sys/socket.h
configure:7214: result: no
configure:7214: checking sys/time.h usability
configure:7214: x86_64-w64-mingw32-gcc -c  -O2 -std=gnu11  -DCONFIG_UTILS_IPERF2_STACKSIZE=262144 -include /c/Users/tttgu/Documents/Codex/s31-host-tools-2026-09-16/build-iperf2-win64/host-compat.h conftest.c >&5
configure:7214: $? = 0
configure:7214: result: yes
configure:7214: checking sys/time.h presence
configure:7214: x86_64-w64-mingw32-gcc -E -DCONFIG_UTILS_IPERF2_STACKSIZE=262144 -include /c/Users/tttgu/Documents/Codex/s31-host-tools-2026-09-16/build-iperf2-win64/host-compat.h conftest.c
configure:7214: $? = 0
configure:7214: result: yes
configure:7214: checking for sys/time.h
configure:7214: result: yes
configure:7214: checking syslog.h usability
configure:7214: x86_64-w64-mingw32-gcc -c  -O2 -std=gnu11  -DCONFIG_UTILS_IPERF2_STACKSIZE=262144 -include /c/Users/tttgu/Documents/Codex/s31-host-tools-2026-09-16/build-iperf2-win64/host-compat.h conftest.c >&5
conftest.c:66:10: fatal error: syslog.h: No such file or directory
   66 | #include <syslog.h>
      |          ^~~~~~~~~~
compilation terminated.
configure:7214: $? = 1
configure: failed program was:
| /* confdefs.h */
| #define PACKAGE_NAME "Iperf"
| #define PACKAGE_TARNAME "iperf"
| #define PACKAGE_VERSION "2.1.8"
| #define PACKAGE_STRING "Iperf 2.1.8"
| #define PACKAGE_BUGREPORT ""
| #define PACKAGE_URL ""
| #define PACKAGE "iperf"
| #define VERSION "2.1.8"
| #define HAVE_DECL_IFF_TUN 0
| #define HAVE_DECL_IFF_TAP 0
| #define HAVE_PTHREAD_PRIO_INHERIT 1
| #define HAVE_PTHREAD 1
| #define HAVE_POSIX_THREAD 1
| #define _REENTRANT 1
| #define HAVE_WINSOCK2_H 1
| #define STDC_HEADERS 1
| #define HAVE_SYS_TYPES_H 1
| #define HAVE_SYS_STAT_H 1
| #define HAVE_STDLIB_H 1
| #define HAVE_STRING_H 1
| #define HAVE_MEMORY_H 1
| #define HAVE_STRINGS_H 1
| #define HAVE_INTTYPES_H 1
| #define HAVE_STDINT_H 1
| #define HAVE_UNISTD_H 1
| #define HAVE_LIBINTL_H 1
| #define HAVE_STDLIB_H 1
| #define HAVE_STRING_H 1
| #define HAVE_STRINGS_H 1
| #define HAVE_SYS_TIME_H 1
| /* end confdefs.h.  */
| #include <stdio.h>
| #ifdef HAVE_SYS_TYPES_H
| # include <sys/types.h>
| #endif
| #ifdef HAVE_SYS_STAT_H
| # include <sys/stat.h>
| #endif
| #ifdef STDC_HEADERS
| # include <stdlib.h>
| # include <stddef.h>
| #else
| # ifdef HAVE_STDLIB_H
| #  include <stdlib.h>
| # endif
| #endif
| #ifdef HAVE_STRING_H
| # if !defined STDC_HEADERS && defined HAVE_MEMORY_H
| #  include <memory.h>
| # endif
| # include <string.h>
| #endif
| #ifdef HAVE_STRINGS_H
| # include <strings.h>
| #endif
| #ifdef HAVE_INTTYPES_H
| # include <inttypes.h>
| #endif
| #ifdef HAVE_STDINT_H
| # include <stdint.h>
| #endif
| #ifdef HAVE_UNISTD_H
| # include <unistd.h>
| #endif
| #include <syslog.h>
configure:7214: result: no
configure:7214: checking syslog.h presence
configure:7214: x86_64-w64-mingw32-gcc -E -DCONFIG_UTILS_IPERF2_STACKSIZE=262144 -include /c/Users/tttgu/Documents/Codex/s31-host-tools-2026-09-16/build-iperf2-win64/host-compat.h conftest.c
conftest.c:33:10: fatal error: syslog.h: No such file or directory
   33 | #include <syslog.h>
      |          ^~~~~~~~~~
compilation terminated.
configure:7214: $? = 1
configure: failed program was:
| /* confdefs.h */
| #define PACKAGE_NAME "Iperf"
| #define PACKAGE_TARNAME "iperf"
| #define PACKAGE_VERSION "2.1.8"
| #define PACKAGE_STRING "Iperf 2.1.8"
| #define PACKAGE_BUGREPORT ""
| #define PACKAGE_URL ""
| #define PACKAGE "iperf"
| #define VERSION "2.1.8"
| #define HAVE_DECL_IFF_TUN 0
| #define HAVE_DECL_IFF_TAP 0
| #define HAVE_PTHREAD_PRIO_INHERIT 1
| #define HAVE_PTHREAD 1
| #define HAVE_POSIX_THREAD 1
| #define _REENTRANT 1
| #define HAVE_WINSOCK2_H 1
| #define STDC_HEADERS 1
| #define HAVE_SYS_TYPES_H 1
| #define HAVE_SYS_STAT_H 1
| #define HAVE_STDLIB_H 1
| #define HAVE_STRING_H 1
| #define HAVE_MEMORY_H 1
| #define HAVE_STRINGS_H 1
| #define HAVE_INTTYPES_H 1
| #define HAVE_STDINT_H 1
| #define HAVE_UNISTD_H 1
| #define HAVE_LIBINTL_H 1
| #define HAVE_STDLIB_H 1
| #define HAVE_STRING_H 1
| #define HAVE_STRINGS_H 1
| #define HAVE_SYS_TIME_H 1
| /* end confdefs.h.  */
| #include <syslog.h>
configure:7214: result: no
configure:7214: checking for syslog.h
configure:7214: result: no
configure:7214: checking for unistd.h
configure:7214: result: yes
configure:7214: checking signal.h usability
configure:7214: x86_64-w64-mingw32-gcc -c  -O2 -std=gnu11  -DCONFIG_UTILS_IPERF2_STACKSIZE=262144 -include /c/Users/tttgu/Documents/Codex/s31-host-tools-2026-09-16/build-iperf2-win64/host-compat.h conftest.c >&5
configure:7214: $? = 0
configure:7214: result: yes
configure:7214: checking signal.h presence
configure:7214: x86_64-w64-mingw32-gcc -E -DCONFIG_UTILS_IPERF2_STACKSIZE=262144 -include /c/Users/tttgu/Documents/Codex/s31-host-tools-2026-09-16/build-iperf2-win64/host-compat.h conftest.c
configure:7214: $? = 0
configure:7214: result: yes
configure:7214: checking for signal.h
configure:7214: result: yes
configure:7214: checking ifaddrs.h usability
configure:7214: x86_64-w64-mingw32-gcc -c  -O2 -std=gnu11  -DCONFIG_UTILS_IPERF2_STACKSIZE=262144 -include /c/Users/tttgu/Documents/Codex/s31-host-tools-2026-09-16/build-iperf2-win64/host-compat.h conftest.c >&5
conftest.c:68:10: fatal error: ifaddrs.h: No such file or directory
   68 | #include <ifaddrs.h>
      |          ^~~~~~~~~~~
compilation terminated.
configure:7214: $? = 1
configure: failed program was:
| /* confdefs.h */
| #define PACKAGE_NAME "Iperf"
| #define PACKAGE_TARNAME "iperf"
| #define PACKAGE_VERSION "2.1.8"
| #define PACKAGE_STRING "Iperf 2.1.8"
| #define PACKAGE_BUGREPORT ""
| #define PACKAGE_URL ""
| #define PACKAGE "iperf"
| #define VERSION "2.1.8"
| #define HAVE_DECL_IFF_TUN 0
| #define HAVE_DECL_IFF_TAP 0
| #define HAVE_PTHREAD_PRIO_INHERIT 1
| #define HAVE_PTHREAD 1
| #define HAVE_POSIX_THREAD 1
| #define _REENTRANT 1
| #define HAVE_WINSOCK2_H 1
| #define STDC_HEADERS 1
| #define HAVE_SYS_TYPES_H 1
| #define HAVE_SYS_STAT_H 1
| #define HAVE_STDLIB_H 1
| #define HAVE_STRING_H 1
| #define HAVE_MEMORY_H 1
| #define HAVE_STRINGS_H 1
| #define HAVE_INTTYPES_H 1
| #define HAVE_STDINT_H 1
| #define HAVE_UNISTD_H 1
| #define HAVE_LIBINTL_H 1
| #define HAVE_STDLIB_H 1
| #define HAVE_STRING_H 1
| #define HAVE_STRINGS_H 1
| #define HAVE_SYS_TIME_H 1
| #define HAVE_UNISTD_H 1
| #define HAVE_SIGNAL_H 1
| /* end confdefs.h.  */
| #include <stdio.h>
| #ifdef HAVE_SYS_TYPES_H
| # include <sys/types.h>
| #endif
| #ifdef HAVE_SYS_STAT_H
| # include <sys/stat.h>
| #endif
| #ifdef STDC_HEADERS
| # include <stdlib.h>
| # include <stddef.h>
| #else
| # ifdef HAVE_STDLIB_H
| #  include <stdlib.h>
| # endif
| #endif
| #ifdef HAVE_STRING_H
| # if !defined STDC_HEADERS && defined HAVE_MEMORY_H
| #  include <memory.h>
| # endif
| # include <string.h>
| #endif
| #ifdef HAVE_STRINGS_H
| # include <strings.h>
| #endif
| #ifdef HAVE_INTTYPES_H
| # include <inttypes.h>
| #endif
| #ifdef HAVE_STDINT_H
| # include <stdint.h>
| #endif
| #ifdef HAVE_UNISTD_H
| # include <unistd.h>
| #endif
| #include <ifaddrs.h>
configure:7214: result: no
configure:7214: checking ifaddrs.h presence
configure:7214: x86_64-w64-mingw32-gcc -E -DCONFIG_UTILS_IPERF2_STACKSIZE=262144 -include /c/Users/tttgu/Documents/Codex/s31-host-tools-2026-09-16/build-iperf2-win64/host-compat.h conftest.c
conftest.c:35:10: fatal error: ifaddrs.h: No such file or directory
   35 | #include <ifaddrs.h>
      |          ^~~~~~~~~~~
compilation terminated.
configure:7214: $? = 1
configure: failed program was:
| /* confdefs.h */
| #define PACKAGE_NAME "Iperf"
| #define PACKAGE_TARNAME "iperf"
| #define PACKAGE_VERSION "2.1.8"
| #define PACKAGE_STRING "Iperf 2.1.8"
| #define PACKAGE_BUGREPORT ""
| #define PACKAGE_URL ""
| #define PACKAGE "iperf"
| #define VERSION "2.1.8"
| #define HAVE_DECL_IFF_TUN 0
| #define HAVE_DECL_IFF_TAP 0
| #define HAVE_PTHREAD_PRIO_INHERIT 1
| #define HAVE_PTHREAD 1
| #define HAVE_POSIX_THREAD 1
| #define _REENTRANT 1
| #define HAVE_WINSOCK2_H 1
| #define STDC_HEADERS 1
| #define HAVE_SYS_TYPES_H 1
| #define HAVE_SYS_STAT_H 1
| #define HAVE_STDLIB_H 1
| #define HAVE_STRING_H 1
| #define HAVE_MEMORY_H 1
| #define HAVE_STRINGS_H 1
| #define HAVE_INTTYPES_H 1
| #define HAVE_STDINT_H 1
| #define HAVE_UNISTD_H 1
| #define HAVE_LIBINTL_H 1
| #define HAVE_STDLIB_H 1
| #define HAVE_STRING_H 1
| #define HAVE_STRINGS_H 1
| #define HAVE_SYS_TIME_H 1
| #define HAVE_UNISTD_H 1
| #define HAVE_SIGNAL_H 1
| /* end confdefs.h.  */
| #include <ifaddrs.h>
configure:7214: result: no
configure:7214: checking for ifaddrs.h
configure:7214: result: no
configure:7226: checking for an ANSI C-conforming const
configure:7292: x86_64-w64-mingw32-gcc -c  -O2 -std=gnu11  -DCONFIG_UTILS_IPERF2_STACKSIZE=262144 -include /c/Users/tttgu/Documents/Codex/s31-host-tools-2026-09-16/build-iperf2-win64/host-compat.h conftest.c >&5
configure:7292: $? = 0
configure:7299: result: yes
configure:7307: checking for size_t
configure:7307: x86_64-w64-mingw32-gcc -c  -O2 -std=gnu11  -DCONFIG_UTILS_IPERF2_STACKSIZE=262144 -include /c/Users/tttgu/Documents/Codex/s31-host-tools-2026-09-16/build-iperf2-win64/host-compat.h conftest.c >&5
configure:7307: $? = 0
configure:7307: x86_64-w64-mingw32-gcc -c  -O2 -std=gnu11  -DCONFIG_UTILS_IPERF2_STACKSIZE=262144 -include /c/Users/tttgu/Documents/Codex/s31-host-tools-2026-09-16/build-iperf2-win64/host-compat.h conftest.c >&5
conftest.c: In function 'main':
conftest.c:71:21: error: expected expression before ')' token
   71 | if (sizeof ((size_t)))
      |                     ^
configure:7307: $? = 1
configure: failed program was:
| /* confdefs.h */
| #define PACKAGE_NAME "Iperf"
| #define PACKAGE_TARNAME "iperf"
| #define PACKAGE_VERSION "2.1.8"
| #define PACKAGE_STRING "Iperf 2.1.8"
| #define PACKAGE_BUGREPORT ""
| #define PACKAGE_URL ""
| #define PACKAGE "iperf"
| #define VERSION "2.1.8"
| #define HAVE_DECL_IFF_TUN 0
| #define HAVE_DECL_IFF_TAP 0
| #define HAVE_PTHREAD_PRIO_INHERIT 1
| #define HAVE_PTHREAD 1
| #define HAVE_POSIX_THREAD 1
| #define _REENTRANT 1
| #define HAVE_WINSOCK2_H 1
| #define STDC_HEADERS 1
| #define HAVE_SYS_TYPES_H 1
| #define HAVE_SYS_STAT_H 1
| #define HAVE_STDLIB_H 1
| #define HAVE_STRING_H 1
| #define HAVE_MEMORY_H 1
| #define HAVE_STRINGS_H 1
| #define HAVE_INTTYPES_H 1
| #define HAVE_STDINT_H 1
| #define HAVE_UNISTD_H 1
| #define HAVE_LIBINTL_H 1
| #define HAVE_STDLIB_H 1
| #define HAVE_STRING_H 1
| #define HAVE_STRINGS_H 1
| #define HAVE_SYS_TIME_H 1
| #define HAVE_UNISTD_H 1
| #define HAVE_SIGNAL_H 1
| /* end confdefs.h.  */
| #include <stdio.h>
| #ifdef HAVE_SYS_TYPES_H
| # include <sys/types.h>
| #endif
| #ifdef HAVE_SYS_STAT_H
| # include <sys/stat.h>
| #endif
| #ifdef STDC_HEADERS
| # include <stdlib.h>
| # include <stddef.h>
| #else
| # ifdef HAVE_STDLIB_H
| #  include <stdlib.h>
| # endif
| #endif
| #ifdef HAVE_STRING_H
| # if !defined STDC_HEADERS && defined HAVE_MEMORY_H
| #  include <memory.h>
| # endif
| # include <string.h>
| #endif
| #ifdef HAVE_STRINGS_H
| # include <strings.h>
| #endif
| #ifdef HAVE_INTTYPES_H
| # include <inttypes.h>
| #endif
| #ifdef HAVE_STDINT_H
| # include <stdint.h>
| #endif
| #ifdef HAVE_UNISTD_H
| # include <unistd.h>
| #endif
| int
| main ()
| {
| if (sizeof ((size_t)))
| 	    return 0;
|   ;
|   return 0;
| }
configure:7307: result: yes
configure:7318: checking for ssize_t
configure:7318: x86_64-w64-mingw32-gcc -c  -O2 -std=gnu11  -DCONFIG_UTILS_IPERF2_STACKSIZE=262144 -include /c/Users/tttgu/Documents/Codex/s31-host-tools-2026-09-16/build-iperf2-win64/host-compat.h conftest.c >&5
configure:7318: $? = 0
configure:7318: x86_64-w64-mingw32-gcc -c  -O2 -std=gnu11  -DCONFIG_UTILS_IPERF2_STACKSIZE=262144 -include /c/Users/tttgu/Documents/Codex/s31-host-tools-2026-09-16/build-iperf2-win64/host-compat.h conftest.c >&5
conftest.c: In function 'main':
conftest.c:71:22: error: expected expression before ')' token
   71 | if (sizeof ((ssize_t)))
      |                      ^
configure:7318: $? = 1
configure: failed program was:
| /* confdefs.h */
| #define PACKAGE_NAME "Iperf"
| #define PACKAGE_TARNAME "iperf"
| #define PACKAGE_VERSION "2.1.8"
| #define PACKAGE_STRING "Iperf 2.1.8"
| #define PACKAGE_BUGREPORT ""
| #define PACKAGE_URL ""
| #define PACKAGE "iperf"
| #define VERSION "2.1.8"
| #define HAVE_DECL_IFF_TUN 0
| #define HAVE_DECL_IFF_TAP 0
| #define HAVE_PTHREAD_PRIO_INHERIT 1
| #define HAVE_PTHREAD 1
| #define HAVE_POSIX_THREAD 1
| #define _REENTRANT 1
| #define HAVE_WINSOCK2_H 1
| #define STDC_HEADERS 1
| #define HAVE_SYS_TYPES_H 1
| #define HAVE_SYS_STAT_H 1
| #define HAVE_STDLIB_H 1
| #define HAVE_STRING_H 1
| #define HAVE_MEMORY_H 1
| #define HAVE_STRINGS_H 1
| #define HAVE_INTTYPES_H 1
| #define HAVE_STDINT_H 1
| #define HAVE_UNISTD_H 1
| #define HAVE_LIBINTL_H 1
| #define HAVE_STDLIB_H 1
| #define HAVE_STRING_H 1
| #define HAVE_STRINGS_H 1
| #define HAVE_SYS_TIME_H 1
| #define HAVE_UNISTD_H 1
| #define HAVE_SIGNAL_H 1
| /* end confdefs.h.  */
| #include <stdio.h>
| #ifdef HAVE_SYS_TYPES_H
| # include <sys/types.h>
| #endif
| #ifdef HAVE_SYS_STAT_H
| # include <sys/stat.h>
| #endif
| #ifdef STDC_HEADERS
| # include <stdlib.h>
| # include <stddef.h>
| #else
| # ifdef HAVE_STDLIB_H
| #  include <stdlib.h>
| # endif
| #endif
| #ifdef HAVE_STRING_H
| # if !defined STDC_HEADERS && defined HAVE_MEMORY_H
| #  include <memory.h>
| # endif
| # include <string.h>
| #endif
| #ifdef HAVE_STRINGS_H
| # include <strings.h>
| #endif
| #ifdef HAVE_INTTYPES_H
| # include <inttypes.h>
| #endif
| #ifdef HAVE_STDINT_H
| # include <stdint.h>
| #endif
| #ifdef HAVE_UNISTD_H
| # include <unistd.h>
| #endif
| int
| main ()
| {
| if (sizeof ((ssize_t)))
| 	    return 0;
|   ;
|   return 0;
| }
configure:7318: result: yes
configure:7333: checking whether time.h and sys/time.h may both be included
configure:7353: x86_64-w64-mingw32-gcc -c  -O2 -std=gnu11  -DCONFIG_UTILS_IPERF2_STACKSIZE=262144 -include /c/Users/tttgu/Documents/Codex/s31-host-tools-2026-09-16/build-iperf2-win64/host-compat.h conftest.c >&5
configure:7353: $? = 0
configure:7360: result: yes
configure:7368: checking whether struct tm is in sys/time.h or time.h
configure:7388: x86_64-w64-mingw32-gcc -c  -O2 -std=gnu11  -DCONFIG_UTILS_IPERF2_STACKSIZE=262144 -include /c/Users/tttgu/Documents/Codex/s31-host-tools-2026-09-16/build-iperf2-win64/host-compat.h conftest.c >&5
configure:7388: $? = 0
configure:7395: result: time.h
configure:7404: checking for int64_t
configure:7404: x86_64-w64-mingw32-gcc -c  -O2 -std=gnu11  -DCONFIG_UTILS_IPERF2_STACKSIZE=262144 -include /c/Users/tttgu/Documents/Codex/s31-host-tools-2026-09-16/build-iperf2-win64/host-compat.h conftest.c >&5
configure:7404: $? = 0
configure:7404: x86_64-w64-mingw32-gcc -c  -O2 -std=gnu11  -DCONFIG_UTILS_IPERF2_STACKSIZE=262144 -include /c/Users/tttgu/Documents/Codex/s31-host-tools-2026-09-16/build-iperf2-win64/host-compat.h conftest.c >&5
conftest.c: In function 'main':
conftest.c:73:22: error: expected expression before ')' token
   73 | if (sizeof ((int64_t)))
      |                      ^
configure:7404: $? = 1
configure: failed program was:
| /* confdefs.h */
| #define PACKAGE_NAME "Iperf"
| #define PACKAGE_TARNAME "iperf"
| #define PACKAGE_VERSION "2.1.8"
| #define PACKAGE_STRING "Iperf 2.1.8"
| #define PACKAGE_BUGREPORT ""
| #define PACKAGE_URL ""
| #define PACKAGE "iperf"
| #define VERSION "2.1.8"
| #define HAVE_DECL_IFF_TUN 0
| #define HAVE_DECL_IFF_TAP 0
| #define HAVE_PTHREAD_PRIO_INHERIT 1
| #define HAVE_PTHREAD 1
| #define HAVE_POSIX_THREAD 1
| #define _REENTRANT 1
| #define HAVE_WINSOCK2_H 1
| #define STDC_HEADERS 1
| #define HAVE_SYS_TYPES_H 1
| #define HAVE_SYS_STAT_H 1
| #define HAVE_STDLIB_H 1
| #define HAVE_STRING_H 1
| #define HAVE_MEMORY_H 1
| #define HAVE_STRINGS_H 1
| #define HAVE_INTTYPES_H 1
| #define HAVE_STDINT_H 1
| #define HAVE_UNISTD_H 1
| #define HAVE_LIBINTL_H 1
| #define HAVE_STDLIB_H 1
| #define HAVE_STRING_H 1
| #define HAVE_STRINGS_H 1
| #define HAVE_SYS_TIME_H 1
| #define HAVE_UNISTD_H 1
| #define HAVE_SIGNAL_H 1
| #define HAVE_SSIZE_T 1
| #define TIME_WITH_SYS_TIME 1
| /* end confdefs.h.  */
| #include <stdio.h>
| #ifdef HAVE_SYS_TYPES_H
| # include <sys/types.h>
| #endif
| #ifdef HAVE_SYS_STAT_H
| # include <sys/stat.h>
| #endif
| #ifdef STDC_HEADERS
| # include <stdlib.h>
| # include <stddef.h>
| #else
| # ifdef HAVE_STDLIB_H
| #  include <stdlib.h>
| # endif
| #endif
| #ifdef HAVE_STRING_H
| # if !defined STDC_HEADERS && defined HAVE_MEMORY_H
| #  include <memory.h>
| # endif
| # include <string.h>
| #endif
| #ifdef HAVE_STRINGS_H
| # include <strings.h>
| #endif
| #ifdef HAVE_INTTYPES_H
| # include <inttypes.h>
| #endif
| #ifdef HAVE_STDINT_H
| # include <stdint.h>
| #endif
| #ifdef HAVE_UNISTD_H
| # include <unistd.h>
| #endif
| int
| main ()
| {
| if (sizeof ((int64_t)))
| 	    return 0;
|   ;
|   return 0;
| }
configure:7404: result: yes
configure:7416: checking 3rd argument of accept
configure:7445: x86_64-w64-mingw32-g++ -c  -O2  -DCONFIG_UTILS_IPERF2_STACKSIZE=262144 -include /c/Users/tttgu/Documents/Codex/s31-host-tools-2026-09-16/build-iperf2-win64/host-compat.h conftest.cpp >&5
conftest.cpp:71:17: fatal error: sys/socket.h: No such file or directory
   71 |        #include <sys/socket.h>
      |                 ^~~~~~~~~~~~~~
compilation terminated.
configure:7445: $? = 1
configure: failed program was:
| /* confdefs.h */
| #define PACKAGE_NAME "Iperf"
| #define PACKAGE_TARNAME "iperf"
| #define PACKAGE_VERSION "2.1.8"
| #define PACKAGE_STRING "Iperf 2.1.8"
| #define PACKAGE_BUGREPORT ""
| #define PACKAGE_URL ""
| #define PACKAGE "iperf"
| #define VERSION "2.1.8"
| #define HAVE_DECL_IFF_TUN 0
| #define HAVE_DECL_IFF_TAP 0
| #define HAVE_PTHREAD_PRIO_INHERIT 1
| #define HAVE_PTHREAD 1
| #define HAVE_POSIX_THREAD 1
| #define _REENTRANT 1
| #define HAVE_WINSOCK2_H 1
| #define STDC_HEADERS 1
| #define HAVE_SYS_TYPES_H 1
| #define HAVE_SYS_STAT_H 1
| #define HAVE_STDLIB_H 1
| #define HAVE_STRING_H 1
| #define HAVE_MEMORY_H 1
| #define HAVE_STRINGS_H 1
| #define HAVE_INTTYPES_H 1
| #define HAVE_STDINT_H 1
| #define HAVE_UNISTD_H 1
| #define HAVE_LIBINTL_H 1
| #define HAVE_STDLIB_H 1
| #define HAVE_STRING_H 1
| #define HAVE_STRINGS_H 1
| #define HAVE_SYS_TIME_H 1
| #define HAVE_UNISTD_H 1
| #define HAVE_SIGNAL_H 1
| #define HAVE_SSIZE_T 1
| #define TIME_WITH_SYS_TIME 1
| #define HAVE_INT64_T 1
| /* end confdefs.h.  */
| #include <stdio.h>
| #ifdef HAVE_SYS_TYPES_H
| # include <sys/types.h>
| #endif
| #ifdef HAVE_SYS_STAT_H
| # include <sys/stat.h>
| #endif
| #ifdef STDC_HEADERS
| # include <stdlib.h>
| # include <stddef.h>
| #else
| # ifdef HAVE_STDLIB_H
| #  include <stdlib.h>
| # endif
| #endif
| #ifdef HAVE_STRING_H
| # if !defined STDC_HEADERS && defined HAVE_MEMORY_H
| #  include <memory.h>
| # endif
| # include <string.h>
| #endif
| #ifdef HAVE_STRINGS_H
| # include <strings.h>
| #endif
| #ifdef HAVE_INTTYPES_H
| # include <inttypes.h>
| #endif
| #ifdef HAVE_STDINT_H
| # include <stdint.h>
| #endif
| #ifdef HAVE_UNISTD_H
| # include <unistd.h>
| #endif
|        #include <sys/socket.h>
| int
| main ()
| {
| socklen_t length;
|        accept( 0, 0, &length );
|   ;
|   return 0;
| }
configure:7482: x86_64-w64-mingw32-g++ -c  -O2  -DCONFIG_UTILS_IPERF2_STACKSIZE=262144 -include /c/Users/tttgu/Documents/Codex/s31-host-tools-2026-09-16/build-iperf2-win64/host-compat.h conftest.cpp >&5
conftest.cpp:71:17: fatal error: sys/socket.h: No such file or directory
   71 |        #include <sys/socket.h>
      |                 ^~~~~~~~~~~~~~
compilation terminated.
configure:7482: $? = 1
configure: failed program was:
| /* confdefs.h */
| #define PACKAGE_NAME "Iperf"
| #define PACKAGE_TARNAME "iperf"
| #define PACKAGE_VERSION "2.1.8"
| #define PACKAGE_STRING "Iperf 2.1.8"
| #define PACKAGE_BUGREPORT ""
| #define PACKAGE_URL ""
| #define PACKAGE "iperf"
| #define VERSION "2.1.8"
| #define HAVE_DECL_IFF_TUN 0
| #define HAVE_DECL_IFF_TAP 0
| #define HAVE_PTHREAD_PRIO_INHERIT 1
| #define HAVE_PTHREAD 1
| #define HAVE_POSIX_THREAD 1
| #define _REENTRANT 1
| #define HAVE_WINSOCK2_H 1
| #define STDC_HEADERS 1
| #define HAVE_SYS_TYPES_H 1
| #define HAVE_SYS_STAT_H 1
| #define HAVE_STDLIB_H 1
| #define HAVE_STRING_H 1
| #define HAVE_MEMORY_H 1
| #define HAVE_STRINGS_H 1
| #define HAVE_INTTYPES_H 1
| #define HAVE_STDINT_H 1
| #define HAVE_UNISTD_H 1
| #define HAVE_LIBINTL_H 1
| #define HAVE_STDLIB_H 1
| #define HAVE_STRING_H 1
| #define HAVE_STRINGS_H 1
| #define HAVE_SYS_TIME_H 1
| #define HAVE_UNISTD_H 1
| #define HAVE_SIGNAL_H 1
| #define HAVE_SSIZE_T 1
| #define TIME_WITH_SYS_TIME 1
| #define HAVE_INT64_T 1
| /* end confdefs.h.  */
| #include <stdio.h>
| #ifdef HAVE_SYS_TYPES_H
| # include <sys/types.h>
| #endif
| #ifdef HAVE_SYS_STAT_H
| # include <sys/stat.h>
| #endif
| #ifdef STDC_HEADERS
| # include <stdlib.h>
| # include <stddef.h>
| #else
| # ifdef HAVE_STDLIB_H
| #  include <stdlib.h>
| # endif
| #endif
| #ifdef HAVE_STRING_H
| # if !defined STDC_HEADERS && defined HAVE_MEMORY_H
| #  include <memory.h>
| # endif
| # include <string.h>
| #endif
| #ifdef HAVE_STRINGS_H
| # include <strings.h>
| #endif
| #ifdef HAVE_INTTYPES_H
| # include <inttypes.h>
| #endif
| #ifdef HAVE_STDINT_H
| # include <stdint.h>
| #endif
| #ifdef HAVE_UNISTD_H
| # include <unistd.h>
| #endif
|        #include <sys/socket.h>
| int
| main ()
| {
| int length;
|        accept( 0, 0, &length );
|   ;
|   return 0;
| }
configure:7519: x86_64-w64-mingw32-g++ -c  -O2  -DCONFIG_UTILS_IPERF2_STACKSIZE=262144 -include /c/Users/tttgu/Documents/Codex/s31-host-tools-2026-09-16/build-iperf2-win64/host-compat.h conftest.cpp >&5
conftest.cpp:71:17: fatal error: sys/socket.h: No such file or directory
   71 |        #include <sys/socket.h>
      |                 ^~~~~~~~~~~~~~
compilation terminated.
configure:7519: $? = 1
configure: failed program was:
| /* confdefs.h */
| #define PACKAGE_NAME "Iperf"
| #define PACKAGE_TARNAME "iperf"
| #define PACKAGE_VERSION "2.1.8"
| #define PACKAGE_STRING "Iperf 2.1.8"
| #define PACKAGE_BUGREPORT ""
| #define PACKAGE_URL ""
| #define PACKAGE "iperf"
| #define VERSION "2.1.8"
| #define HAVE_DECL_IFF_TUN 0
| #define HAVE_DECL_IFF_TAP 0
| #define HAVE_PTHREAD_PRIO_INHERIT 1
| #define HAVE_PTHREAD 1
| #define HAVE_POSIX_THREAD 1
| #define _REENTRANT 1
| #define HAVE_WINSOCK2_H 1
| #define STDC_HEADERS 1
| #define HAVE_SYS_TYPES_H 1
| #define HAVE_SYS_STAT_H 1
| #define HAVE_STDLIB_H 1
| #define HAVE_STRING_H 1
| #define HAVE_MEMORY_H 1
| #define HAVE_STRINGS_H 1
| #define HAVE_INTTYPES_H 1
| #define HAVE_STDINT_H 1
| #define HAVE_UNISTD_H 1
| #define HAVE_LIBINTL_H 1
| #define HAVE_STDLIB_H 1
| #define HAVE_STRING_H 1
| #define HAVE_STRINGS_H 1
| #define HAVE_SYS_TIME_H 1
| #define HAVE_UNISTD_H 1
| #define HAVE_SIGNAL_H 1
| #define HAVE_SSIZE_T 1
| #define TIME_WITH_SYS_TIME 1
| #define HAVE_INT64_T 1
| /* end confdefs.h.  */
| #include <stdio.h>
| #ifdef HAVE_SYS_TYPES_H
| # include <sys/types.h>
| #endif
| #ifdef HAVE_SYS_STAT_H
| # include <sys/stat.h>
| #endif
| #ifdef STDC_HEADERS
| # include <stdlib.h>
| # include <stddef.h>
| #else
| # ifdef HAVE_STDLIB_H
| #  include <stdlib.h>
| # endif
| #endif
| #ifdef HAVE_STRING_H
| # if !defined STDC_HEADERS && defined HAVE_MEMORY_H
| #  include <memory.h>
| # endif
| # include <string.h>
| #endif
| #ifdef HAVE_STRINGS_H
| # include <strings.h>
| #endif
| #ifdef HAVE_INTTYPES_H
| # include <inttypes.h>
| #endif
| #ifdef HAVE_STDINT_H
| # include <stdint.h>
| #endif
| #ifdef HAVE_UNISTD_H
| # include <unistd.h>
| #endif
|        #include <sys/socket.h>
| int
| main ()
| {
| size_t length;
|        accept( 0, 0, &length );
|   ;
|   return 0;
| }
configure:7556: x86_64-w64-mingw32-g++ -c  -O2  -DCONFIG_UTILS_IPERF2_STACKSIZE=262144 -include /c/Users/tttgu/Documents/Codex/s31-host-tools-2026-09-16/build-iperf2-win64/host-compat.h conftest.cpp >&5
conftest.cpp:71:17: fatal error: sys/socket.h: No such file or directory
   71 |        #include <sys/socket.h>
      |                 ^~~~~~~~~~~~~~
compilation terminated.
configure:7556: $? = 1
configure: failed program was:
| /* confdefs.h */
| #define PACKAGE_NAME "Iperf"
| #define PACKAGE_TARNAME "iperf"
| #define PACKAGE_VERSION "2.1.8"
| #define PACKAGE_STRING "Iperf 2.1.8"
| #define PACKAGE_BUGREPORT ""
| #define PACKAGE_URL ""
| #define PACKAGE "iperf"
| #define VERSION "2.1.8"
| #define HAVE_DECL_IFF_TUN 0
| #define HAVE_DECL_IFF_TAP 0
| #define HAVE_PTHREAD_PRIO_INHERIT 1
| #define HAVE_PTHREAD 1
| #define HAVE_POSIX_THREAD 1
| #define _REENTRANT 1
| #define HAVE_WINSOCK2_H 1
| #define STDC_HEADERS 1
| #define HAVE_SYS_TYPES_H 1
| #define HAVE_SYS_STAT_H 1
| #define HAVE_STDLIB_H 1
| #define HAVE_STRING_H 1
| #define HAVE_MEMORY_H 1
| #define HAVE_STRINGS_H 1
| #define HAVE_INTTYPES_H 1
| #define HAVE_STDINT_H 1
| #define HAVE_UNISTD_H 1
| #define HAVE_LIBINTL_H 1
| #define HAVE_STDLIB_H 1
| #define HAVE_STRING_H 1
| #define HAVE_STRINGS_H 1
| #define HAVE_SYS_TIME_H 1
| #define HAVE_UNISTD_H 1
| #define HAVE_SIGNAL_H 1
| #define HAVE_SSIZE_T 1
| #define TIME_WITH_SYS_TIME 1
| #define HAVE_INT64_T 1
| /* end confdefs.h.  */
| #include <stdio.h>
| #ifdef HAVE_SYS_TYPES_H
| # include <sys/types.h>
| #endif
| #ifdef HAVE_SYS_STAT_H
| # include <sys/stat.h>
| #endif
| #ifdef STDC_HEADERS
| # include <stdlib.h>
| # include <stddef.h>
| #else
| # ifdef HAVE_STDLIB_H
| #  include <stdlib.h>
| # endif
| #endif
| #ifdef HAVE_STRING_H
| # if !defined STDC_HEADERS && defined HAVE_MEMORY_H
| #  include <memory.h>
| # endif
| # include <string.h>
| #endif
| #ifdef HAVE_STRINGS_H
| # include <strings.h>
| #endif
| #ifdef HAVE_INTTYPES_H
| # include <inttypes.h>
| #endif
| #ifdef HAVE_STDINT_H
| # include <stdint.h>
| #endif
| #ifdef HAVE_UNISTD_H
| # include <unistd.h>
| #endif
|        #include <sys/socket.h>
| int
| main ()
| {
| short length;
|        accept( 0, 0, &length );
|   ;
|   return 0;
| }
configure:7593: x86_64-w64-mingw32-g++ -c  -O2  -DCONFIG_UTILS_IPERF2_STACKSIZE=262144 -include /c/Users/tttgu/Documents/Codex/s31-host-tools-2026-09-16/build-iperf2-win64/host-compat.h conftest.cpp >&5
conftest.cpp:71:17: fatal error: sys/socket.h: No such file or directory
   71 |        #include <sys/socket.h>
      |                 ^~~~~~~~~~~~~~
compilation terminated.
configure:7593: $? = 1
configure: failed program was:
| /* confdefs.h */
| #define PACKAGE_NAME "Iperf"
| #define PACKAGE_TARNAME "iperf"
| #define PACKAGE_VERSION "2.1.8"
| #define PACKAGE_STRING "Iperf 2.1.8"
| #define PACKAGE_BUGREPORT ""
| #define PACKAGE_URL ""
| #define PACKAGE "iperf"
| #define VERSION "2.1.8"
| #define HAVE_DECL_IFF_TUN 0
| #define HAVE_DECL_IFF_TAP 0
| #define HAVE_PTHREAD_PRIO_INHERIT 1
| #define HAVE_PTHREAD 1
| #define HAVE_POSIX_THREAD 1
| #define _REENTRANT 1
| #define HAVE_WINSOCK2_H 1
| #define STDC_HEADERS 1
| #define HAVE_SYS_TYPES_H 1
| #define HAVE_SYS_STAT_H 1
| #define HAVE_STDLIB_H 1
| #define HAVE_STRING_H 1
| #define HAVE_MEMORY_H 1
| #define HAVE_STRINGS_H 1
| #define HAVE_INTTYPES_H 1
| #define HAVE_STDINT_H 1
| #define HAVE_UNISTD_H 1
| #define HAVE_LIBINTL_H 1
| #define HAVE_STDLIB_H 1
| #define HAVE_STRING_H 1
| #define HAVE_STRINGS_H 1
| #define HAVE_SYS_TIME_H 1
| #define HAVE_UNISTD_H 1
| #define HAVE_SIGNAL_H 1
| #define HAVE_SSIZE_T 1
| #define TIME_WITH_SYS_TIME 1
| #define HAVE_INT64_T 1
| /* end confdefs.h.  */
| #include <stdio.h>
| #ifdef HAVE_SYS_TYPES_H
| # include <sys/types.h>
| #endif
| #ifdef HAVE_SYS_STAT_H
| # include <sys/stat.h>
| #endif
| #ifdef STDC_HEADERS
| # include <stdlib.h>
| # include <stddef.h>
| #else
| # ifdef HAVE_STDLIB_H
| #  include <stdlib.h>
| # endif
| #endif
| #ifdef HAVE_STRING_H
| # if !defined STDC_HEADERS && defined HAVE_MEMORY_H
| #  include <memory.h>
| # endif
| # include <string.h>
| #endif
| #ifdef HAVE_STRINGS_H
| # include <strings.h>
| #endif
| #ifdef HAVE_INTTYPES_H
| # include <inttypes.h>
| #endif
| #ifdef HAVE_STDINT_H
| # include <stdint.h>
| #endif
| #ifdef HAVE_UNISTD_H
| # include <unistd.h>
| #endif
|        #include <sys/socket.h>
| int
| main ()
| {
| long length;
|        accept( 0, 0, &length );
|   ;
|   return 0;
| }
configure:7608: result: 
configure:7621: checking for working memcmp
configure:7664: x86_64-w64-mingw32-gcc -o conftest.exe  -O2 -std=gnu11  -DCONFIG_UTILS_IPERF2_STACKSIZE=262144 -include /c/Users/tttgu/Documents/Codex/s31-host-tools-2026-09-16/build-iperf2-win64/host-compat.h  conftest.c -lws2_32  >&5
configure:7664: $? = 0
configure:7664: ./conftest.exe
configure:7664: $? = 0
configure:7674: result: yes
configure:7686: checking sys/select.h usability
configure:7686: x86_64-w64-mingw32-gcc -c  -O2 -std=gnu11  -DCONFIG_UTILS_IPERF2_STACKSIZE=262144 -include /c/Users/tttgu/Documents/Codex/s31-host-tools-2026-09-16/build-iperf2-win64/host-compat.h conftest.c >&5
conftest.c:72:10: fatal error: sys/select.h: No such file or directory
   72 | #include <sys/select.h>
      |          ^~~~~~~~~~~~~~
compilation terminated.
configure:7686: $? = 1
configure: failed program was:
| /* confdefs.h */
| #define PACKAGE_NAME "Iperf"
| #define PACKAGE_TARNAME "iperf"
| #define PACKAGE_VERSION "2.1.8"
| #define PACKAGE_STRING "Iperf 2.1.8"
| #define PACKAGE_BUGREPORT ""
| #define PACKAGE_URL ""
| #define PACKAGE "iperf"
| #define VERSION "2.1.8"
| #define HAVE_DECL_IFF_TUN 0
| #define HAVE_DECL_IFF_TAP 0
| #define HAVE_PTHREAD_PRIO_INHERIT 1
| #define HAVE_PTHREAD 1
| #define HAVE_POSIX_THREAD 1
| #define _REENTRANT 1
| #define HAVE_WINSOCK2_H 1
| #define STDC_HEADERS 1
| #define HAVE_SYS_TYPES_H 1
| #define HAVE_SYS_STAT_H 1
| #define HAVE_STDLIB_H 1
| #define HAVE_STRING_H 1
| #define HAVE_MEMORY_H 1
| #define HAVE_STRINGS_H 1
| #define HAVE_INTTYPES_H 1
| #define HAVE_STDINT_H 1
| #define HAVE_UNISTD_H 1
| #define HAVE_LIBINTL_H 1
| #define HAVE_STDLIB_H 1
| #define HAVE_STRING_H 1
| #define HAVE_STRINGS_H 1
| #define HAVE_SYS_TIME_H 1
| #define HAVE_UNISTD_H 1
| #define HAVE_SIGNAL_H 1
| #define HAVE_SSIZE_T 1
| #define TIME_WITH_SYS_TIME 1
| #define HAVE_INT64_T 1
| #define Socklen_t int
| /* end confdefs.h.  */
| #include <stdio.h>
| #ifdef HAVE_SYS_TYPES_H
| # include <sys/types.h>
| #endif
| #ifdef HAVE_SYS_STAT_H
| # include <sys/stat.h>
| #endif
| #ifdef STDC_HEADERS
| # include <stdlib.h>
| # include <stddef.h>
| #else
| # ifdef HAVE_STDLIB_H
| #  include <stdlib.h>
| # endif
| #endif
| #ifdef HAVE_STRING_H
| # if !defined STDC_HEADERS && defined HAVE_MEMORY_H
| #  include <memory.h>
| # endif
| # include <string.h>
| #endif
| #ifdef HAVE_STRINGS_H
| # include <strings.h>
| #endif
| #ifdef HAVE_INTTYPES_H
| # include <inttypes.h>
| #endif
| #ifdef HAVE_STDINT_H
| # include <stdint.h>
| #endif
| #ifdef HAVE_UNISTD_H
| # include <unistd.h>
| #endif
| #include <sys/select.h>
configure:7686: result: no
configure:7686: checking sys/select.h presence
configure:7686: x86_64-w64-mingw32-gcc -E -DCONFIG_UTILS_IPERF2_STACKSIZE=262144 -include /c/Users/tttgu/Documents/Codex/s31-host-tools-2026-09-16/build-iperf2-win64/host-compat.h conftest.c
conftest.c:39:10: fatal error: sys/select.h: No such file or directory
   39 | #include <sys/select.h>
      |          ^~~~~~~~~~~~~~
compilation terminated.
configure:7686: $? = 1
configure: failed program was:
| /* confdefs.h */
| #define PACKAGE_NAME "Iperf"
| #define PACKAGE_TARNAME "iperf"
| #define PACKAGE_VERSION "2.1.8"
| #define PACKAGE_STRING "Iperf 2.1.8"
| #define PACKAGE_BUGREPORT ""
| #define PACKAGE_URL ""
| #define PACKAGE "iperf"
| #define VERSION "2.1.8"
| #define HAVE_DECL_IFF_TUN 0
| #define HAVE_DECL_IFF_TAP 0
| #define HAVE_PTHREAD_PRIO_INHERIT 1
| #define HAVE_PTHREAD 1
| #define HAVE_POSIX_THREAD 1
| #define _REENTRANT 1
| #define HAVE_WINSOCK2_H 1
| #define STDC_HEADERS 1
| #define HAVE_SYS_TYPES_H 1
| #define HAVE_SYS_STAT_H 1
| #define HAVE_STDLIB_H 1
| #define HAVE_STRING_H 1
| #define HAVE_MEMORY_H 1
| #define HAVE_STRINGS_H 1
| #define HAVE_INTTYPES_H 1
| #define HAVE_STDINT_H 1
| #define HAVE_UNISTD_H 1
| #define HAVE_LIBINTL_H 1
| #define HAVE_STDLIB_H 1
| #define HAVE_STRING_H 1
| #define HAVE_STRINGS_H 1
| #define HAVE_SYS_TIME_H 1
| #define HAVE_UNISTD_H 1
| #define HAVE_SIGNAL_H 1
| #define HAVE_SSIZE_T 1
| #define TIME_WITH_SYS_TIME 1
| #define HAVE_INT64_T 1
| #define Socklen_t int
| /* end confdefs.h.  */
| #include <sys/select.h>
configure:7686: result: no
configure:7686: checking for sys/select.h
configure:7686: result: no
configure:7686: checking for sys/socket.h
configure:7686: result: no
configure:7696: checking types of arguments for select
configure:7724: x86_64-w64-mingw32-gcc -c  -O2 -std=gnu11  -DCONFIG_UTILS_IPERF2_STACKSIZE=262144 -include /c/Users/tttgu/Documents/Codex/s31-host-tools-2026-09-16/build-iperf2-win64/host-compat.h conftest.c >&5
conftest.c: In function 'main':
conftest.c:83:45: error: unknown type name 'fd_set'
   83 |                                             fd_set *, fd_set *, fd_set *,
      |                                             ^~~~~~
conftest.c:83:55: error: unknown type name 'fd_set'
   83 |                                             fd_set *, fd_set *, fd_set *,
      |                                                       ^~~~~~
conftest.c:83:65: error: unknown type name 'fd_set'
   83 |                                             fd_set *, fd_set *, fd_set *,
      |                                                                 ^~~~~~
configure:7724: $? = 1
configure: failed program was:
| /* confdefs.h */
| #define PACKAGE_NAME "Iperf"
| #define PACKAGE_TARNAME "iperf"
| #define PACKAGE_VERSION "2.1.8"
| #define PACKAGE_STRING "Iperf 2.1.8"
| #define PACKAGE_BUGREPORT ""
| #define PACKAGE_URL ""
| #define PACKAGE "iperf"
| #define VERSION "2.1.8"
| #define HAVE_DECL_IFF_TUN 0
| #define HAVE_DECL_IFF_TAP 0
| #define HAVE_PTHREAD_PRIO_INHERIT 1
| #define HAVE_PTHREAD 1
| #define HAVE_POSIX_THREAD 1
| #define _REENTRANT 1
| #define HAVE_WINSOCK2_H 1
| #define STDC_HEADERS 1
| #define HAVE_SYS_TYPES_H 1
| #define HAVE_SYS_STAT_H 1
| #define HAVE_STDLIB_H 1
| #define HAVE_STRING_H 1
| #define HAVE_MEMORY_H 1
| #define HAVE_STRINGS_H 1
| #define HAVE_INTTYPES_H 1
| #define HAVE_STDINT_H 1
| #define HAVE_UNISTD_H 1
| #define HAVE_LIBINTL_H 1
| #define HAVE_STDLIB_H 1
| #define HAVE_STRING_H 1
| #define HAVE_STRINGS_H 1
| #define HAVE_SYS_TIME_H 1
| #define HAVE_UNISTD_H 1
| #define HAVE_SIGNAL_H 1
| #define HAVE_SSIZE_T 1
| #define TIME_WITH_SYS_TIME 1
| #define HAVE_INT64_T 1
| #define Socklen_t int
| /* end confdefs.h.  */
| #include <stdio.h>
| #ifdef HAVE_SYS_TYPES_H
| # include <sys/types.h>
| #endif
| #ifdef HAVE_SYS_STAT_H
| # include <sys/stat.h>
| #endif
| #ifdef STDC_HEADERS
| # include <stdlib.h>
| # include <stddef.h>
| #else
| # ifdef HAVE_STDLIB_H
| #  include <stdlib.h>
| # endif
| #endif
| #ifdef HAVE_STRING_H
| # if !defined STDC_HEADERS && defined HAVE_MEMORY_H
| #  include <memory.h>
| # endif
| # include <string.h>
| #endif
| #ifdef HAVE_STRINGS_H
| # include <strings.h>
| #endif
| #ifdef HAVE_INTTYPES_H
| # include <inttypes.h>
| #endif
| #ifdef HAVE_STDINT_H
| # include <stdint.h>
| #endif
| #ifdef HAVE_UNISTD_H
| # include <unistd.h>
| #endif
| #ifdef HAVE_SYS_SELECT_H
| # include <sys/select.h>
| #endif
| #ifdef HAVE_SYS_SOCKET_H
| # include <sys/socket.h>
| #endif
| 
| int
| main ()
| {
| extern int select (int,
| 					    fd_set *, fd_set *, fd_set *,
| 					    struct timeval *);
|   ;
|   return 0;
| }
configure:7724: x86_64-w64-mingw32-gcc -c  -O2 -std=gnu11  -DCONFIG_UTILS_IPERF2_STACKSIZE=262144 -include /c/Users/tttgu/Documents/Codex/s31-host-tools-2026-09-16/build-iperf2-win64/host-compat.h conftest.c >&5
conftest.c: In function 'main':
conftest.c:83:45: error: unknown type name 'fd_set'
   83 |                                             fd_set *, fd_set *, fd_set *,
      |                                             ^~~~~~
conftest.c:83:55: error: unknown type name 'fd_set'
   83 |                                             fd_set *, fd_set *, fd_set *,
      |                                                       ^~~~~~
conftest.c:83:65: error: unknown type name 'fd_set'
   83 |                                             fd_set *, fd_set *, fd_set *,
      |                                                                 ^~~~~~
configure:7724: $? = 1
configure: failed program was:
| /* confdefs.h */
| #define PACKAGE_NAME "Iperf"
| #define PACKAGE_TARNAME "iperf"
| #define PACKAGE_VERSION "2.1.8"
| #define PACKAGE_STRING "Iperf 2.1.8"
| #define PACKAGE_BUGREPORT ""
| #define PACKAGE_URL ""
| #define PACKAGE "iperf"
| #define VERSION "2.1.8"
| #define HAVE_DECL_IFF_TUN 0
| #define HAVE_DECL_IFF_TAP 0
| #define HAVE_PTHREAD_PRIO_INHERIT 1
| #define HAVE_PTHREAD 1
| #define HAVE_POSIX_THREAD 1
| #define _REENTRANT 1
| #define HAVE_WINSOCK2_H 1
| #define STDC_HEADERS 1
| #define HAVE_SYS_TYPES_H 1
| #define HAVE_SYS_STAT_H 1
| #define HAVE_STDLIB_H 1
| #define HAVE_STRING_H 1
| #define HAVE_MEMORY_H 1
| #define HAVE_STRINGS_H 1
| #define HAVE_INTTYPES_H 1
| #define HAVE_STDINT_H 1
| #define HAVE_UNISTD_H 1
| #define HAVE_LIBINTL_H 1
| #define HAVE_STDLIB_H 1
| #define HAVE_STRING_H 1
| #define HAVE_STRINGS_H 1
| #define HAVE_SYS_TIME_H 1
| #define HAVE_UNISTD_H 1
| #define HAVE_SIGNAL_H 1
| #define HAVE_SSIZE_T 1
| #define TIME_WITH_SYS_TIME 1
| #define HAVE_INT64_T 1
| #define Socklen_t int
| /* end confdefs.h.  */
| #include <stdio.h>
| #ifdef HAVE_SYS_TYPES_H
| # include <sys/types.h>
| #endif
| #ifdef HAVE_SYS_STAT_H
| # include <sys/stat.h>
| #endif
| #ifdef STDC_HEADERS
| # include <stdlib.h>
| # include <stddef.h>
| #else
| # ifdef HAVE_STDLIB_H
| #  include <stdlib.h>
| # endif
| #endif
| #ifdef HAVE_STRING_H
| # if !defined STDC_HEADERS && defined HAVE_MEMORY_H
| #  include <memory.h>
| # endif
| # include <string.h>
| #endif
| #ifdef HAVE_STRINGS_H
| # include <strings.h>
| #endif
| #ifdef HAVE_INTTYPES_H
| # include <inttypes.h>
| #endif
| #ifdef HAVE_STDINT_H
| # include <stdint.h>
| #endif
| #ifdef HAVE_UNISTD_H
| # include <unistd.h>
| #endif
| #ifdef HAVE_SYS_SELECT_H
| # include <sys/select.h>
| #endif
| #ifdef HAVE_SYS_SOCKET_H
| # include <sys/socket.h>
| #endif
| 
| int
| main ()
| {
| extern int select (int,
| 					    fd_set *, fd_set *, fd_set *,
| 					    const struct timeval *);
|   ;
|   return 0;
| }
configure:7724: x86_64-w64-mingw32-gcc -c  -O2 -std=gnu11  -DCONFIG_UTILS_IPERF2_STACKSIZE=262144 -include /c/Users/tttgu/Documents/Codex/s31-host-tools-2026-09-16/build-iperf2-win64/host-compat.h conftest.c >&5
conftest.c: In function 'main':
conftest.c:83:45: error: unknown type name 'fd_set'
   83 |                                             fd_set *, fd_set *, fd_set *,
      |                                             ^~~~~~
conftest.c:83:55: error: unknown type name 'fd_set'
   83 |                                             fd_set *, fd_set *, fd_set *,
      |                                                       ^~~~~~
conftest.c:83:65: error: unknown type name 'fd_set'
   83 |                                             fd_set *, fd_set *, fd_set *,
      |                                                                 ^~~~~~
configure:7724: $? = 1
configure: failed program was:
| /* confdefs.h */
| #define PACKAGE_NAME "Iperf"
| #define PACKAGE_TARNAME "iperf"
| #define PACKAGE_VERSION "2.1.8"
| #define PACKAGE_STRING "Iperf 2.1.8"
| #define PACKAGE_BUGREPORT ""
| #define PACKAGE_URL ""
| #define PACKAGE "iperf"
| #define VERSION "2.1.8"
| #define HAVE_DECL_IFF_TUN 0
| #define HAVE_DECL_IFF_TAP 0
| #define HAVE_PTHREAD_PRIO_INHERIT 1
| #define HAVE_PTHREAD 1
| #define HAVE_POSIX_THREAD 1
| #define _REENTRANT 1
| #define HAVE_WINSOCK2_H 1
| #define STDC_HEADERS 1
| #define HAVE_SYS_TYPES_H 1
| #define HAVE_SYS_STAT_H 1
| #define HAVE_STDLIB_H 1
| #define HAVE_STRING_H 1
| #define HAVE_MEMORY_H 1
| #define HAVE_STRINGS_H 1
| #define HAVE_INTTYPES_H 1
| #define HAVE_STDINT_H 1
| #define HAVE_UNISTD_H 1
| #define HAVE_LIBINTL_H 1
| #define HAVE_STDLIB_H 1
| #define HAVE_STRING_H 1
| #define HAVE_STRINGS_H 1
| #define HAVE_SYS_TIME_H 1
| #define HAVE_UNISTD_H 1
| #define HAVE_SIGNAL_H 1
| #define HAVE_SSIZE_T 1
| #define TIME_WITH_SYS_TIME 1
| #define HAVE_INT64_T 1
| #define Socklen_t int
| /* end confdefs.h.  */
| #include <stdio.h>
| #ifdef HAVE_SYS_TYPES_H
| # include <sys/types.h>
| #endif
| #ifdef HAVE_SYS_STAT_H
| # include <sys/stat.h>
| #endif
| #ifdef STDC_HEADERS
| # include <stdlib.h>
| # include <stddef.h>
| #else
| # ifdef HAVE_STDLIB_H
| #  include <stdlib.h>
| # endif
| #endif
| #ifdef HAVE_STRING_H
| # if !defined STDC_HEADERS && defined HAVE_MEMORY_H
| #  include <memory.h>
| # endif
| # include <string.h>
| #endif
| #ifdef HAVE_STRINGS_H
| # include <strings.h>
| #endif
| #ifdef HAVE_INTTYPES_H
| # include <inttypes.h>
| #endif
| #ifdef HAVE_STDINT_H
| # include <stdint.h>
| #endif
| #ifdef HAVE_UNISTD_H
| # include <unistd.h>
| #endif
| #ifdef HAVE_SYS_SELECT_H
| # include <sys/select.h>
| #endif
| #ifdef HAVE_SYS_SOCKET_H
| # include <sys/socket.h>
| #endif
| 
| int
| main ()
| {
| extern int select (size_t,
| 					    fd_set *, fd_set *, fd_set *,
| 					    struct timeval *);
|   ;
|   return 0;
| }
configure:7724: x86_64-w64-mingw32-gcc -c  -O2 -std=gnu11  -DCONFIG_UTILS_IPERF2_STACKSIZE=262144 -include /c/Users/tttgu/Documents/Codex/s31-host-tools-2026-09-16/build-iperf2-win64/host-compat.h conftest.c >&5
conftest.c: In function 'main':
conftest.c:83:45: error: unknown type name 'fd_set'
   83 |                                             fd_set *, fd_set *, fd_set *,
      |                                             ^~~~~~
conftest.c:83:55: error: unknown type name 'fd_set'
   83 |                                             fd_set *, fd_set *, fd_set *,
      |                                                       ^~~~~~
conftest.c:83:65: error: unknown type name 'fd_set'
   83 |                                             fd_set *, fd_set *, fd_set *,
      |                                                                 ^~~~~~
configure:7724: $? = 1
configure: failed program was:
| /* confdefs.h */
| #define PACKAGE_NAME "Iperf"
| #define PACKAGE_TARNAME "iperf"
| #define PACKAGE_VERSION "2.1.8"
| #define PACKAGE_STRING "Iperf 2.1.8"
| #define PACKAGE_BUGREPORT ""
| #define PACKAGE_URL ""
| #define PACKAGE "iperf"
| #define VERSION "2.1.8"
| #define HAVE_DECL_IFF_TUN 0
| #define HAVE_DECL_IFF_TAP 0
| #define HAVE_PTHREAD_PRIO_INHERIT 1
| #define HAVE_PTHREAD 1
| #define HAVE_POSIX_THREAD 1
| #define _REENTRANT 1
| #define HAVE_WINSOCK2_H 1
| #define STDC_HEADERS 1
| #define HAVE_SYS_TYPES_H 1
| #define HAVE_SYS_STAT_H 1
| #define HAVE_STDLIB_H 1
| #define HAVE_STRING_H 1
| #define HAVE_MEMORY_H 1
| #define HAVE_STRINGS_H 1
| #define HAVE_INTTYPES_H 1
| #define HAVE_STDINT_H 1
| #define HAVE_UNISTD_H 1
| #define HAVE_LIBINTL_H 1
| #define HAVE_STDLIB_H 1
| #define HAVE_STRING_H 1
| #define HAVE_STRINGS_H 1
| #define HAVE_SYS_TIME_H 1
| #define HAVE_UNISTD_H 1
| #define HAVE_SIGNAL_H 1
| #define HAVE_SSIZE_T 1
| #define TIME_WITH_SYS_TIME 1
| #define HAVE_INT64_T 1
| #define Socklen_t int
| /* end confdefs.h.  */
| #include <stdio.h>
| #ifdef HAVE_SYS_TYPES_H
| # include <sys/types.h>
| #endif
| #ifdef HAVE_SYS_STAT_H
| # include <sys/stat.h>
| #endif
| #ifdef STDC_HEADERS
| # include <stdlib.h>
| # include <stddef.h>
| #else
| # ifdef HAVE_STDLIB_H
| #  include <stdlib.h>
| # endif
| #endif
| #ifdef HAVE_STRING_H
| # if !defined STDC_HEADERS && defined HAVE_MEMORY_H
| #  include <memory.h>
| # endif
| # include <string.h>
| #endif
| #ifdef HAVE_STRINGS_H
| # include <strings.h>
| #endif
| #ifdef HAVE_INTTYPES_H
| # include <inttypes.h>
| #endif
| #ifdef HAVE_STDINT_H
| # include <stdint.h>
| #endif
| #ifdef HAVE_UNISTD_H
| # include <unistd.h>
| #endif
| #ifdef HAVE_SYS_SELECT_H
| # include <sys/select.h>
| #endif
| #ifdef HAVE_SYS_SOCKET_H
| # include <sys/socket.h>
| #endif
| 
| int
| main ()
| {
| extern int select (size_t,
| 					    fd_set *, fd_set *, fd_set *,
| 					    const struct timeval *);
|   ;
|   return 0;
| }
configure:7724: x86_64-w64-mingw32-gcc -c  -O2 -std=gnu11  -DCONFIG_UTILS_IPERF2_STACKSIZE=262144 -include /c/Users/tttgu/Documents/Codex/s31-host-tools-2026-09-16/build-iperf2-win64/host-compat.h conftest.c >&5
conftest.c: In function 'main':
conftest.c:83:45: error: unknown type name 'fd_set'
   83 |                                             fd_set *, fd_set *, fd_set *,
      |                                             ^~~~~~
conftest.c:83:55: error: unknown type name 'fd_set'
   83 |                                             fd_set *, fd_set *, fd_set *,
      |                                                       ^~~~~~
conftest.c:83:65: error: unknown type name 'fd_set'
   83 |                                             fd_set *, fd_set *, fd_set *,
      |                                                                 ^~~~~~
configure:7724: $? = 1
configure: failed program was:
| /* confdefs.h */
| #define PACKAGE_NAME "Iperf"
| #define PACKAGE_TARNAME "iperf"
| #define PACKAGE_VERSION "2.1.8"
| #define PACKAGE_STRING "Iperf 2.1.8"
| #define PACKAGE_BUGREPORT ""
| #define PACKAGE_URL ""
| #define PACKAGE "iperf"
| #define VERSION "2.1.8"
| #define HAVE_DECL_IFF_TUN 0
| #define HAVE_DECL_IFF_TAP 0
| #define HAVE_PTHREAD_PRIO_INHERIT 1
| #define HAVE_PTHREAD 1
| #define HAVE_POSIX_THREAD 1
| #define _REENTRANT 1
| #define HAVE_WINSOCK2_H 1
| #define STDC_HEADERS 1
| #define HAVE_SYS_TYPES_H 1
| #define HAVE_SYS_STAT_H 1
| #define HAVE_STDLIB_H 1
| #define HAVE_STRING_H 1
| #define HAVE_MEMORY_H 1
| #define HAVE_STRINGS_H 1
| #define HAVE_INTTYPES_H 1
| #define HAVE_STDINT_H 1
| #define HAVE_UNISTD_H 1
| #define HAVE_LIBINTL_H 1
| #define HAVE_STDLIB_H 1
| #define HAVE_STRING_H 1
| #define HAVE_STRINGS_H 1
| #define HAVE_SYS_TIME_H 1
| #define HAVE_UNISTD_H 1
| #define HAVE_SIGNAL_H 1
| #define HAVE_SSIZE_T 1
| #define TIME_WITH_SYS_TIME 1
| #define HAVE_INT64_T 1
| #define Socklen_t int
| /* end confdefs.h.  */
| #include <stdio.h>
| #ifdef HAVE_SYS_TYPES_H
| # include <sys/types.h>
| #endif
| #ifdef HAVE_SYS_STAT_H
| # include <sys/stat.h>
| #endif
| #ifdef STDC_HEADERS
| # include <stdlib.h>
| # include <stddef.h>
| #else
| # ifdef HAVE_STDLIB_H
| #  include <stdlib.h>
| # endif
| #endif
| #ifdef HAVE_STRING_H
| # if !defined STDC_HEADERS && defined HAVE_MEMORY_H
| #  include <memory.h>
| # endif
| # include <string.h>
| #endif
| #ifdef HAVE_STRINGS_H
| # include <strings.h>
| #endif
| #ifdef HAVE_INTTYPES_H
| # include <inttypes.h>
| #endif
| #ifdef HAVE_STDINT_H
| # include <stdint.h>
| #endif
| #ifdef HAVE_UNISTD_H
| # include <unistd.h>
| #endif
| #ifdef HAVE_SYS_SELECT_H
| # include <sys/select.h>
| #endif
| #ifdef HAVE_SYS_SOCKET_H
| # include <sys/socket.h>
| #endif
| 
| int
| main ()
| {
| extern int select (unsigned long int,
| 					    fd_set *, fd_set *, fd_set *,
| 					    struct timeval *);
|   ;
|   return 0;
| }
configure:7724: x86_64-w64-mingw32-gcc -c  -O2 -std=gnu11  -DCONFIG_UTILS_IPERF2_STACKSIZE=262144 -include /c/Users/tttgu/Documents/Codex/s31-host-tools-2026-09-16/build-iperf2-win64/host-compat.h conftest.c >&5
conftest.c: In function 'main':
conftest.c:83:45: error: unknown type name 'fd_set'
   83 |                                             fd_set *, fd_set *, fd_set *,
      |                                             ^~~~~~
conftest.c:83:55: error: unknown type name 'fd_set'
   83 |                                             fd_set *, fd_set *, fd_set *,
      |                                                       ^~~~~~
conftest.c:83:65: error: unknown type name 'fd_set'
   83 |                                             fd_set *, fd_set *, fd_set *,
      |                                                                 ^~~~~~
configure:7724: $? = 1
configure: failed program was:
| /* confdefs.h */
| #define PACKAGE_NAME "Iperf"
| #define PACKAGE_TARNAME "iperf"
| #define PACKAGE_VERSION "2.1.8"
| #define PACKAGE_STRING "Iperf 2.1.8"
| #define PACKAGE_BUGREPORT ""
| #define PACKAGE_URL ""
| #define PACKAGE "iperf"
| #define VERSION "2.1.8"
| #define HAVE_DECL_IFF_TUN 0
| #define HAVE_DECL_IFF_TAP 0
| #define HAVE_PTHREAD_PRIO_INHERIT 1
| #define HAVE_PTHREAD 1
| #define HAVE_POSIX_THREAD 1
| #define _REENTRANT 1
| #define HAVE_WINSOCK2_H 1
| #define STDC_HEADERS 1
| #define HAVE_SYS_TYPES_H 1
| #define HAVE_SYS_STAT_H 1
| #define HAVE_STDLIB_H 1
| #define HAVE_STRING_H 1
| #define HAVE_MEMORY_H 1
| #define HAVE_STRINGS_H 1
| #define HAVE_INTTYPES_H 1
| #define HAVE_STDINT_H 1
| #define HAVE_UNISTD_H 1
| #define HAVE_LIBINTL_H 1
| #define HAVE_STDLIB_H 1
| #define HAVE_STRING_H 1
| #define HAVE_STRINGS_H 1
| #define HAVE_SYS_TIME_H 1
| #define HAVE_UNISTD_H 1
| #define HAVE_SIGNAL_H 1
| #define HAVE_SSIZE_T 1
| #define TIME_WITH_SYS_TIME 1
| #define HAVE_INT64_T 1
| #define Socklen_t int
| /* end confdefs.h.  */
| #include <stdio.h>
| #ifdef HAVE_SYS_TYPES_H
| # include <sys/types.h>
| #endif
| #ifdef HAVE_SYS_STAT_H
| # include <sys/stat.h>
| #endif
| #ifdef STDC_HEADERS
| # include <stdlib.h>
| # include <stddef.h>
| #else
| # ifdef HAVE_STDLIB_H
| #  include <stdlib.h>
| # endif
| #endif
| #ifdef HAVE_STRING_H
| # if !defined STDC_HEADERS && defined HAVE_MEMORY_H
| #  include <memory.h>
| # endif
| # include <string.h>
| #endif
| #ifdef HAVE_STRINGS_H
| # include <strings.h>
| #endif
| #ifdef HAVE_INTTYPES_H
| # include <inttypes.h>
| #endif
| #ifdef HAVE_STDINT_H
| # include <stdint.h>
| #endif
| #ifdef HAVE_UNISTD_H
| # include <unistd.h>
| #endif
| #ifdef HAVE_SYS_SELECT_H
| # include <sys/select.h>
| #endif
| #ifdef HAVE_SYS_SOCKET_H
| # include <sys/socket.h>
| #endif
| 
| int
| main ()
| {
| extern int select (unsigned long int,
| 					    fd_set *, fd_set *, fd_set *,
| 					    const struct timeval *);
|   ;
|   return 0;
| }
configure:7724: x86_64-w64-mingw32-gcc -c  -O2 -std=gnu11  -DCONFIG_UTILS_IPERF2_STACKSIZE=262144 -include /c/Users/tttgu/Documents/Codex/s31-host-tools-2026-09-16/build-iperf2-win64/host-compat.h conftest.c >&5
conftest.c: In function 'main':
conftest.c:83:45: error: unknown type name 'fd_set'
   83 |                                             fd_set *, fd_set *, fd_set *,
      |                                             ^~~~~~
conftest.c:83:55: error: unknown type name 'fd_set'
   83 |                                             fd_set *, fd_set *, fd_set *,
      |                                                       ^~~~~~
conftest.c:83:65: error: unknown type name 'fd_set'
   83 |                                             fd_set *, fd_set *, fd_set *,
      |                                                                 ^~~~~~
configure:7724: $? = 1
configure: failed program was:
| /* confdefs.h */
| #define PACKAGE_NAME "Iperf"
| #define PACKAGE_TARNAME "iperf"
| #define PACKAGE_VERSION "2.1.8"
| #define PACKAGE_STRING "Iperf 2.1.8"
| #define PACKAGE_BUGREPORT ""
| #define PACKAGE_URL ""
| #define PACKAGE "iperf"
| #define VERSION "2.1.8"
| #define HAVE_DECL_IFF_TUN 0
| #define HAVE_DECL_IFF_TAP 0
| #define HAVE_PTHREAD_PRIO_INHERIT 1
| #define HAVE_PTHREAD 1
| #define HAVE_POSIX_THREAD 1
| #define _REENTRANT 1
| #define HAVE_WINSOCK2_H 1
| #define STDC_HEADERS 1
| #define HAVE_SYS_TYPES_H 1
| #define HAVE_SYS_STAT_H 1
| #define HAVE_STDLIB_H 1
| #define HAVE_STRING_H 1
| #define HAVE_MEMORY_H 1
| #define HAVE_STRINGS_H 1
| #define HAVE_INTTYPES_H 1
| #define HAVE_STDINT_H 1
| #define HAVE_UNISTD_H 1
| #define HAVE_LIBINTL_H 1
| #define HAVE_STDLIB_H 1
| #define HAVE_STRING_H 1
| #define HAVE_STRINGS_H 1
| #define HAVE_SYS_TIME_H 1
| #define HAVE_UNISTD_H 1
| #define HAVE_SIGNAL_H 1
| #define HAVE_SSIZE_T 1
| #define TIME_WITH_SYS_TIME 1
| #define HAVE_INT64_T 1
| #define Socklen_t int
| /* end confdefs.h.  */
| #include <stdio.h>
| #ifdef HAVE_SYS_TYPES_H
| # include <sys/types.h>
| #endif
| #ifdef HAVE_SYS_STAT_H
| # include <sys/stat.h>
| #endif
| #ifdef STDC_HEADERS
| # include <stdlib.h>
| # include <stddef.h>
| #else
| # ifdef HAVE_STDLIB_H
| #  include <stdlib.h>
| # endif
| #endif
| #ifdef HAVE_STRING_H
| # if !defined STDC_HEADERS && defined HAVE_MEMORY_H
| #  include <memory.h>
| # endif
| # include <string.h>
| #endif
| #ifdef HAVE_STRINGS_H
| # include <strings.h>
| #endif
| #ifdef HAVE_INTTYPES_H
| # include <inttypes.h>
| #endif
| #ifdef HAVE_STDINT_H
| # include <stdint.h>
| #endif
| #ifdef HAVE_UNISTD_H
| # include <unistd.h>
| #endif
| #ifdef HAVE_SYS_SELECT_H
| # include <sys/select.h>
| #endif
| #ifdef HAVE_SYS_SOCKET_H
| # include <sys/socket.h>
| #endif
| 
| int
| main ()
| {
| extern int select (unsigned int,
| 					    fd_set *, fd_set *, fd_set *,
| 					    struct timeval *);
|   ;
|   return 0;
| }
configure:7724: x86_64-w64-mingw32-gcc -c  -O2 -std=gnu11  -DCONFIG_UTILS_IPERF2_STACKSIZE=262144 -include /c/Users/tttgu/Documents/Codex/s31-host-tools-2026-09-16/build-iperf2-win64/host-compat.h conftest.c >&5
conftest.c: In function 'main':
conftest.c:83:45: error: unknown type name 'fd_set'
   83 |                                             fd_set *, fd_set *, fd_set *,
      |                                             ^~~~~~
conftest.c:83:55: error: unknown type name 'fd_set'
   83 |                                             fd_set *, fd_set *, fd_set *,
      |                                                       ^~~~~~
conftest.c:83:65: error: unknown type name 'fd_set'
   83 |                                             fd_set *, fd_set *, fd_set *,
      |                                                                 ^~~~~~
configure:7724: $? = 1
configure: failed program was:
| /* confdefs.h */
| #define PACKAGE_NAME "Iperf"
| #define PACKAGE_TARNAME "iperf"
| #define PACKAGE_VERSION "2.1.8"
| #define PACKAGE_STRING "Iperf 2.1.8"
| #define PACKAGE_BUGREPORT ""
| #define PACKAGE_URL ""
| #define PACKAGE "iperf"
| #define VERSION "2.1.8"
| #define HAVE_DECL_IFF_TUN 0
| #define HAVE_DECL_IFF_TAP 0
| #define HAVE_PTHREAD_PRIO_INHERIT 1
| #define HAVE_PTHREAD 1
| #define HAVE_POSIX_THREAD 1
| #define _REENTRANT 1
| #define HAVE_WINSOCK2_H 1
| #define STDC_HEADERS 1
| #define HAVE_SYS_TYPES_H 1
| #define HAVE_SYS_STAT_H 1
| #define HAVE_STDLIB_H 1
| #define HAVE_STRING_H 1
| #define HAVE_MEMORY_H 1
| #define HAVE_STRINGS_H 1
| #define HAVE_INTTYPES_H 1
| #define HAVE_STDINT_H 1
| #define HAVE_UNISTD_H 1
| #define HAVE_LIBINTL_H 1
| #define HAVE_STDLIB_H 1
| #define HAVE_STRING_H 1
| #define HAVE_STRINGS_H 1
| #define HAVE_SYS_TIME_H 1
| #define HAVE_UNISTD_H 1
| #define HAVE_SIGNAL_H 1
| #define HAVE_SSIZE_T 1
| #define TIME_WITH_SYS_TIME 1
| #define HAVE_INT64_T 1
| #define Socklen_t int
| /* end confdefs.h.  */
| #include <stdio.h>
| #ifdef HAVE_SYS_TYPES_H
| # include <sys/types.h>
| #endif
| #ifdef HAVE_SYS_STAT_H
| # include <sys/stat.h>
| #endif
| #ifdef STDC_HEADERS
| # include <stdlib.h>
| # include <stddef.h>
| #else
| # ifdef HAVE_STDLIB_H
| #  include <stdlib.h>
| # endif
| #endif
| #ifdef HAVE_STRING_H
| # if !defined STDC_HEADERS && defined HAVE_MEMORY_H
| #  include <memory.h>
| # endif
| # include <string.h>
| #endif
| #ifdef HAVE_STRINGS_H
| # include <strings.h>
| #endif
| #ifdef HAVE_INTTYPES_H
| # include <inttypes.h>
| #endif
| #ifdef HAVE_STDINT_H
| # include <stdint.h>
| #endif
| #ifdef HAVE_UNISTD_H
| # include <unistd.h>
| #endif
| #ifdef HAVE_SYS_SELECT_H
| # include <sys/select.h>
| #endif
| #ifdef HAVE_SYS_SOCKET_H
| # include <sys/socket.h>
| #endif
| 
| int
| main ()
| {
| extern int select (unsigned int,
| 					    fd_set *, fd_set *, fd_set *,
| 					    const struct timeval *);
|   ;
|   return 0;
| }
configure:7724: x86_64-w64-mingw32-gcc -c  -O2 -std=gnu11  -DCONFIG_UTILS_IPERF2_STACKSIZE=262144 -include /c/Users/tttgu/Documents/Codex/s31-host-tools-2026-09-16/build-iperf2-win64/host-compat.h conftest.c >&5
conftest.c: In function 'main':
conftest.c:84:52: warning: 'struct timeval' declared inside parameter list will not be visible outside of this definition or declaration
   84 |                                             struct timeval *);
      |                                                    ^~~~~~~
configure:7724: $? = 0
configure:7735: result: int,int *,struct timeval *
configure:7758: checking return type of signal handlers
configure:7776: x86_64-w64-mingw32-gcc -c  -O2 -std=gnu11  -DCONFIG_UTILS_IPERF2_STACKSIZE=262144 -include /c/Users/tttgu/Documents/Codex/s31-host-tools-2026-09-16/build-iperf2-win64/host-compat.h conftest.c >&5
conftest.c: In function 'main':
conftest.c:48:10: error: void value not ignored as it ought to be
   48 | return *(signal (0, 0)) (0) == 1;
      |         ~^~~~~~~~~~~~~~~~~~
configure:7776: $? = 1
configure: failed program was:
| /* confdefs.h */
| #define PACKAGE_NAME "Iperf"
| #define PACKAGE_TARNAME "iperf"
| #define PACKAGE_VERSION "2.1.8"
| #define PACKAGE_STRING "Iperf 2.1.8"
| #define PACKAGE_BUGREPORT ""
| #define PACKAGE_URL ""
| #define PACKAGE "iperf"
| #define VERSION "2.1.8"
| #define HAVE_DECL_IFF_TUN 0
| #define HAVE_DECL_IFF_TAP 0
| #define HAVE_PTHREAD_PRIO_INHERIT 1
| #define HAVE_PTHREAD 1
| #define HAVE_POSIX_THREAD 1
| #define _REENTRANT 1
| #define HAVE_WINSOCK2_H 1
| #define STDC_HEADERS 1
| #define HAVE_SYS_TYPES_H 1
| #define HAVE_SYS_STAT_H 1
| #define HAVE_STDLIB_H 1
| #define HAVE_STRING_H 1
| #define HAVE_MEMORY_H 1
| #define HAVE_STRINGS_H 1
| #define HAVE_INTTYPES_H 1
| #define HAVE_STDINT_H 1
| #define HAVE_UNISTD_H 1
| #define HAVE_LIBINTL_H 1
| #define HAVE_STDLIB_H 1
| #define HAVE_STRING_H 1
| #define HAVE_STRINGS_H 1
| #define HAVE_SYS_TIME_H 1
| #define HAVE_UNISTD_H 1
| #define HAVE_SIGNAL_H 1
| #define HAVE_SSIZE_T 1
| #define TIME_WITH_SYS_TIME 1
| #define HAVE_INT64_T 1
| #define Socklen_t int
| #define SELECT_TYPE_ARG1 int
| #define SELECT_TYPE_ARG234 (int *)
| #define SELECT_TYPE_ARG5 (struct timeval *)
| /* end confdefs.h.  */
| #include <sys/types.h>
| #include <signal.h>
| 
| int
| main ()
| {
| return *(signal (0, 0)) (0) == 1;
|   ;
|   return 0;
| }
configure:7783: result: void
configure:7793: checking for strftime
configure:7793: x86_64-w64-mingw32-gcc -o conftest.exe  -O2 -std=gnu11  -DCONFIG_UTILS_IPERF2_STACKSIZE=262144 -include /c/Users/tttgu/Documents/Codex/s31-host-tools-2026-09-16/build-iperf2-win64/host-compat.h  conftest.c -lws2_32  >&5
conftest.c:66:6: warning: conflicting types for built-in function 'strftime'; expected 'long long unsigned int(char *, long long unsigned int,  const char *, const void *)' [-Wbuiltin-declaration-mismatch]
   66 | char strftime ();
      |      ^~~~~~~~
conftest.c:54:1: note: 'strftime' is declared in header '<time.h>'
   53 | # include <limits.h>
   54 | #else
configure:7793: $? = 0
configure:7793: result: yes
configure:7848: checking for vprintf
configure:7848: x86_64-w64-mingw32-gcc -o conftest.exe  -O2 -std=gnu11  -DCONFIG_UTILS_IPERF2_STACKSIZE=262144 -include /c/Users/tttgu/Documents/Codex/s31-host-tools-2026-09-16/build-iperf2-win64/host-compat.h  conftest.c -lws2_32  >&5
conftest.c:67:6: warning: conflicting types for built-in function 'vprintf'; expected 'int(const char *, char *)' [-Wbuiltin-declaration-mismatch]
   67 | char vprintf ();
      |      ^~~~~~~
conftest.c:55:1: note: 'vprintf' is declared in header '<stdio.h>'
   54 | # include <limits.h>
   55 | #else
configure:7848: $? = 0
configure:7848: result: yes
configure:7854: checking for _doprnt
configure:7854: x86_64-w64-mingw32-gcc -o conftest.exe  -O2 -std=gnu11  -DCONFIG_UTILS_IPERF2_STACKSIZE=262144 -include /c/Users/tttgu/Documents/Codex/s31-host-tools-2026-09-16/build-iperf2-win64/host-compat.h  conftest.c -lws2_32  >&5
C:/msys64/ucrt64/bin/../lib/gcc/x86_64-w64-mingw32/16.1.0/../../../../x86_64-w64-mingw32/bin/ld.exe: C:\msys64\tmp\ccAbSGIz.o:conftest.c:(.text.startup+0xa): undefined reference to `_doprnt'
collect2.exe: error: ld returned 1 exit status
configure:7854: $? = 1
configure: failed program was:
| /* confdefs.h */
| #define PACKAGE_NAME "Iperf"
| #define PACKAGE_TARNAME "iperf"
| #define PACKAGE_VERSION "2.1.8"
| #define PACKAGE_STRING "Iperf 2.1.8"
| #define PACKAGE_BUGREPORT ""
| #define PACKAGE_URL ""
| #define PACKAGE "iperf"
| #define VERSION "2.1.8"
| #define HAVE_DECL_IFF_TUN 0
| #define HAVE_DECL_IFF_TAP 0
| #define HAVE_PTHREAD_PRIO_INHERIT 1
| #define HAVE_PTHREAD 1
| #define HAVE_POSIX_THREAD 1
| #define _REENTRANT 1
| #define HAVE_WINSOCK2_H 1
| #define STDC_HEADERS 1
| #define HAVE_SYS_TYPES_H 1
| #define HAVE_SYS_STAT_H 1
| #define HAVE_STDLIB_H 1
| #define HAVE_STRING_H 1
| #define HAVE_MEMORY_H 1
| #define HAVE_STRINGS_H 1
| #define HAVE_INTTYPES_H 1
| #define HAVE_STDINT_H 1
| #define HAVE_UNISTD_H 1
| #define HAVE_LIBINTL_H 1
| #define HAVE_STDLIB_H 1
| #define HAVE_STRING_H 1
| #define HAVE_STRINGS_H 1
| #define HAVE_SYS_TIME_H 1
| #define HAVE_UNISTD_H 1
| #define HAVE_SIGNAL_H 1
| #define HAVE_SSIZE_T 1
| #define TIME_WITH_SYS_TIME 1
| #define HAVE_INT64_T 1
| #define Socklen_t int
| #define SELECT_TYPE_ARG1 int
| #define SELECT_TYPE_ARG234 (int *)
| #define SELECT_TYPE_ARG5 (struct timeval *)
| #define RETSIGTYPE void
| #define HAVE_STRFTIME 1
| #define HAVE_VPRINTF 1
| /* end confdefs.h.  */
| /* Define _doprnt to an innocuous variant, in case <limits.h> declares _doprnt.
|    For example, HP-UX 11i <limits.h> declares gettimeofday.  */
| #define _doprnt innocuous__doprnt
| 
| /* System header to define __stub macros and hopefully few prototypes,
|     which can conflict with char _doprnt (); below.
|     Prefer <limits.h> to <assert.h> if __STDC__ is defined, since
|     <limits.h> exists even on freestanding compilers.  */
| 
| #ifdef __STDC__
| # include <limits.h>
| #else
| # include <assert.h>
| #endif
| 
| #undef _doprnt
| 
| /* Override any GCC internal prototype to avoid an error.
|    Use char because int might match the return type of a GCC
|    builtin and then its argument prototype would still apply.  */
| #ifdef __cplusplus
| extern "C"
| #endif
| char _doprnt ();
| /* The GNU C library defines this for functions which it implements
|     to always fail with ENOSYS.  Some functions are actually named
|     something starting with __ and the normal name is an alias.  */
| #if defined __stub__doprnt || defined __stub____doprnt
| choke me
| #endif
| 
| int
| main ()
| {
| return _doprnt ();
|   ;
|   return 0;
| }
configure:7854: result: no
configure:7868: checking for atexit
configure:7868: x86_64-w64-mingw32-gcc -o conftest.exe  -O2 -std=gnu11  -DCONFIG_UTILS_IPERF2_STACKSIZE=262144 -include /c/Users/tttgu/Documents/Codex/s31-host-tools-2026-09-16/build-iperf2-win64/host-compat.h  conftest.c -lws2_32  >&5
configure:7868: $? = 0
configure:7868: result: yes
configure:7868: checking for memset
configure:7868: x86_64-w64-mingw32-gcc -o conftest.exe  -O2 -std=gnu11  -DCONFIG_UTILS_IPERF2_STACKSIZE=262144 -include /c/Users/tttgu/Documents/Codex/s31-host-tools-2026-09-16/build-iperf2-win64/host-compat.h  conftest.c -lws2_32  >&5
conftest.c:69:6: warning: conflicting types for built-in function 'memset'; expected 'void *(void *, int,  long long unsigned int)' [-Wbuiltin-declaration-mismatch]
   69 | char memset ();
      |      ^~~~~~
conftest.c:57:1: note: 'memset' is declared in header '<string.h>'
   56 | # include <limits.h>
   57 | #else
configure:7868: $? = 0
configure:7868: result: yes
configure:7868: checking for pthread_cleanup_push
configure:7868: x86_64-w64-mingw32-gcc -o conftest.exe  -O2 -std=gnu11  -DCONFIG_UTILS_IPERF2_STACKSIZE=262144 -include /c/Users/tttgu/Documents/Codex/s31-host-tools-2026-09-16/build-iperf2-win64/host-compat.h  conftest.c -lws2_32  >&5
C:/msys64/ucrt64/bin/../lib/gcc/x86_64-w64-mingw32/16.1.0/../../../../x86_64-w64-mingw32/bin/ld.exe: C:\msys64\tmp\cc2tzrZp.o:conftest.c:(.text.startup+0xa): undefined reference to `pthread_cleanup_push'
collect2.exe: error: ld returned 1 exit status
configure:7868: $? = 1
configure: failed program was:
| /* confdefs.h */
| #define PACKAGE_NAME "Iperf"
| #define PACKAGE_TARNAME "iperf"
| #define PACKAGE_VERSION "2.1.8"
| #define PACKAGE_STRING "Iperf 2.1.8"
| #define PACKAGE_BUGREPORT ""
| #define PACKAGE_URL ""
| #define PACKAGE "iperf"
| #define VERSION "2.1.8"
| #define HAVE_DECL_IFF_TUN 0
| #define HAVE_DECL_IFF_TAP 0
| #define HAVE_PTHREAD_PRIO_INHERIT 1
| #define HAVE_PTHREAD 1
| #define HAVE_POSIX_THREAD 1
| #define _REENTRANT 1
| #define HAVE_WINSOCK2_H 1
| #define STDC_HEADERS 1
| #define HAVE_SYS_TYPES_H 1
| #define HAVE_SYS_STAT_H 1
| #define HAVE_STDLIB_H 1
| #define HAVE_STRING_H 1
| #define HAVE_MEMORY_H 1
| #define HAVE_STRINGS_H 1
| #define HAVE_INTTYPES_H 1
| #define HAVE_STDINT_H 1
| #define HAVE_UNISTD_H 1
| #define HAVE_LIBINTL_H 1
| #define HAVE_STDLIB_H 1
| #define HAVE_STRING_H 1
| #define HAVE_STRINGS_H 1
| #define HAVE_SYS_TIME_H 1
| #define HAVE_UNISTD_H 1
| #define HAVE_SIGNAL_H 1
| #define HAVE_SSIZE_T 1
| #define TIME_WITH_SYS_TIME 1
| #define HAVE_INT64_T 1
| #define Socklen_t int
| #define SELECT_TYPE_ARG1 int
| #define SELECT_TYPE_ARG234 (int *)
| #define SELECT_TYPE_ARG5 (struct timeval *)
| #define RETSIGTYPE void
| #define HAVE_STRFTIME 1
| #define HAVE_VPRINTF 1
| #define HAVE_ATEXIT 1
| #define HAVE_MEMSET 1
| /* end confdefs.h.  */
| /* Define pthread_cleanup_push to an innocuous variant, in case <limits.h> declares pthread_cleanup_push.
|    For example, HP-UX 11i <limits.h> declares gettimeofday.  */
| #define pthread_cleanup_push innocuous_pthread_cleanup_push
| 
| /* System header to define __stub macros and hopefully few prototypes,
|     which can conflict with char pthread_cleanup_push (); below.
|     Prefer <limits.h> to <assert.h> if __STDC__ is defined, since
|     <limits.h> exists even on freestanding compilers.  */
| 
| #ifdef __STDC__
| # include <limits.h>
| #else
| # include <assert.h>
| #endif
| 
| #undef pthread_cleanup_push
| 
| /* Override any GCC internal prototype to avoid an error.
|    Use char because int might match the return type of a GCC
|    builtin and then its argument prototype would still apply.  */
| #ifdef __cplusplus
| extern "C"
| #endif
| char pthread_cleanup_push ();
| /* The GNU C library defines this for functions which it implements
|     to always fail with ENOSYS.  Some functions are actually named
|     something starting with __ and the normal name is an alias.  */
| #if defined __stub_pthread_cleanup_push || defined __stub___pthread_cleanup_push
| choke me
| #endif
| 
| int
| main ()
| {
| return pthread_cleanup_push ();
|   ;
|   return 0;
| }
configure:7868: result: no
configure:7868: checking for select
configure:7868: x86_64-w64-mingw32-gcc -o conftest.exe  -O2 -std=gnu11  -DCONFIG_UTILS_IPERF2_STACKSIZE=262144 -include /c/Users/tttgu/Documents/Codex/s31-host-tools-2026-09-16/build-iperf2-win64/host-compat.h  conftest.c -lws2_32  >&5
configure:7868: $? = 0
configure:7868: result: yes
configure:7868: checking for strchr
configure:7868: x86_64-w64-mingw32-gcc -o conftest.exe  -O2 -std=gnu11  -DCONFIG_UTILS_IPERF2_STACKSIZE=262144 -include /c/Users/tttgu/Documents/Codex/s31-host-tools-2026-09-16/build-iperf2-win64/host-compat.h  conftest.c -lws2_32  >&5
conftest.c:71:6: warning: conflicting types for built-in function 'strchr'; expected 'char *(const char *, int)' [-Wbuiltin-declaration-mismatch]
   71 | char strchr ();
      |      ^~~~~~
conftest.c:59:1: note: 'strchr' is declared in header '<string.h>'
   58 | # include <limits.h>
   59 | #else
configure:7868: $? = 0
configure:7868: result: yes
configure:7868: checking for strerror
configure:7868: x86_64-w64-mingw32-gcc -o conftest.exe  -O2 -std=gnu11  -DCONFIG_UTILS_IPERF2_STACKSIZE=262144 -include /c/Users/tttgu/Documents/Codex/s31-host-tools-2026-09-16/build-iperf2-win64/host-compat.h  conftest.c -lws2_32  >&5
configure:7868: $? = 0
configure:7868: result: yes
configure:7868: checking for strtol
configure:7868: x86_64-w64-mingw32-gcc -o conftest.exe  -O2 -std=gnu11  -DCONFIG_UTILS_IPERF2_STACKSIZE=262144 -include /c/Users/tttgu/Documents/Codex/s31-host-tools-2026-09-16/build-iperf2-win64/host-compat.h  conftest.c -lws2_32  >&5
configure:7868: $? = 0
configure:7868: result: yes
configure:7868: checking for strtoll
configure:7868: x86_64-w64-mingw32-gcc -o conftest.exe  -O2 -std=gnu11  -DCONFIG_UTILS_IPERF2_STACKSIZE=262144 -include /c/Users/tttgu/Documents/Codex/s31-host-tools-2026-09-16/build-iperf2-win64/host-compat.h  conftest.c -lws2_32  >&5
configure:7868: $? = 0
configure:7868: result: yes
configure:7868: checking for strtod
configure:7868: x86_64-w64-mingw32-gcc -o conftest.exe  -O2 -std=gnu11  -DCONFIG_UTILS_IPERF2_STACKSIZE=262144 -include /c/Users/tttgu/Documents/Codex/s31-host-tools-2026-09-16/build-iperf2-win64/host-compat.h  conftest.c -lws2_32  >&5
configure:7868: $? = 0
configure:7868: result: yes
configure:7868: checking for usleep
configure:7868: x86_64-w64-mingw32-gcc -o conftest.exe  -O2 -std=gnu11  -DCONFIG_UTILS_IPERF2_STACKSIZE=262144 -include /c/Users/tttgu/Documents/Codex/s31-host-tools-2026-09-16/build-iperf2-win64/host-compat.h  conftest.c -lws2_32  >&5
configure:7868: $? = 0
configure:7868: result: yes
configure:7868: checking for clock_gettime
configure:7868: x86_64-w64-mingw32-gcc -o conftest.exe  -O2 -std=gnu11  -DCONFIG_UTILS_IPERF2_STACKSIZE=262144 -include /c/Users/tttgu/Documents/Codex/s31-host-tools-2026-09-16/build-iperf2-win64/host-compat.h  conftest.c -lws2_32  >&5
configure:7868: $? = 0
configure:7868: result: yes
configure:7868: checking for sched_setscheduler
configure:7868: x86_64-w64-mingw32-gcc -o conftest.exe  -O2 -std=gnu11  -DCONFIG_UTILS_IPERF2_STACKSIZE=262144 -include /c/Users/tttgu/Documents/Codex/s31-host-tools-2026-09-16/build-iperf2-win64/host-compat.h  conftest.c -lws2_32  >&5
configure:7868: $? = 0
configure:7868: result: yes
configure:7868: checking for sched_yield
configure:7868: x86_64-w64-mingw32-gcc -o conftest.exe  -O2 -std=gnu11  -DCONFIG_UTILS_IPERF2_STACKSIZE=262144 -include /c/Users/tttgu/Documents/Codex/s31-host-tools-2026-09-16/build-iperf2-win64/host-compat.h  conftest.c -lws2_32  >&5
configure:7868: $? = 0
configure:7868: result: yes
configure:7868: checking for mlockall
configure:7868: x86_64-w64-mingw32-gcc -o conftest.exe  -O2 -std=gnu11  -DCONFIG_UTILS_IPERF2_STACKSIZE=262144 -include /c/Users/tttgu/Documents/Codex/s31-host-tools-2026-09-16/build-iperf2-win64/host-compat.h  conftest.c -lws2_32  >&5
C:/msys64/ucrt64/bin/../lib/gcc/x86_64-w64-mingw32/16.1.0/../../../../x86_64-w64-mingw32/bin/ld.exe: C:\msys64\tmp\cccCr5eP.o:conftest.c:(.text.startup+0xa): undefined reference to `mlockall'
collect2.exe: error: ld returned 1 exit status
configure:7868: $? = 1
configure: failed program was:
| /* confdefs.h */
| #define PACKAGE_NAME "Iperf"
| #define PACKAGE_TARNAME "iperf"
| #define PACKAGE_VERSION "2.1.8"
| #define PACKAGE_STRING "Iperf 2.1.8"
| #define PACKAGE_BUGREPORT ""
| #define PACKAGE_URL ""
| #define PACKAGE "iperf"
| #define VERSION "2.1.8"
| #define HAVE_DECL_IFF_TUN 0
| #define HAVE_DECL_IFF_TAP 0
| #define HAVE_PTHREAD_PRIO_INHERIT 1
| #define HAVE_PTHREAD 1
| #define HAVE_POSIX_THREAD 1
| #define _REENTRANT 1
| #define HAVE_WINSOCK2_H 1
| #define STDC_HEADERS 1
| #define HAVE_SYS_TYPES_H 1
| #define HAVE_SYS_STAT_H 1
| #define HAVE_STDLIB_H 1
| #define HAVE_STRING_H 1
| #define HAVE_MEMORY_H 1
| #define HAVE_STRINGS_H 1
| #define HAVE_INTTYPES_H 1
| #define HAVE_STDINT_H 1
| #define HAVE_UNISTD_H 1
| #define HAVE_LIBINTL_H 1
| #define HAVE_STDLIB_H 1
| #define HAVE_STRING_H 1
| #define HAVE_STRINGS_H 1
| #define HAVE_SYS_TIME_H 1
| #define HAVE_UNISTD_H 1
| #define HAVE_SIGNAL_H 1
| #define HAVE_SSIZE_T 1
| #define TIME_WITH_SYS_TIME 1
| #define HAVE_INT64_T 1
| #define Socklen_t int
| #define SELECT_TYPE_ARG1 int
| #define SELECT_TYPE_ARG234 (int *)
| #define SELECT_TYPE_ARG5 (struct timeval *)
| #define RETSIGTYPE void
| #define HAVE_STRFTIME 1
| #define HAVE_VPRINTF 1
| #define HAVE_ATEXIT 1
| #define HAVE_MEMSET 1
| #define HAVE_SELECT 1
| #define HAVE_STRCHR 1
| #define HAVE_STRERROR 1
| #define HAVE_STRTOL 1
| #define HAVE_STRTOLL 1
| #define HAVE_STRTOD 1
| #define HAVE_USLEEP 1
| #define HAVE_CLOCK_GETTIME 1
| #define HAVE_SCHED_SETSCHEDULER 1
| #define HAVE_SCHED_YIELD 1
| /* end confdefs.h.  */
| /* Define mlockall to an innocuous variant, in case <limits.h> declares mlockall.
|    For example, HP-UX 11i <limits.h> declares gettimeofday.  */
| #define mlockall innocuous_mlockall
| 
| /* System header to define __stub macros and hopefully few prototypes,
|     which can conflict with char mlockall (); below.
|     Prefer <limits.h> to <assert.h> if __STDC__ is defined, since
|     <limits.h> exists even on freestanding compilers.  */
| 
| #ifdef __STDC__
| # include <limits.h>
| #else
| # include <assert.h>
| #endif
| 
| #undef mlockall
| 
| /* Override any GCC internal prototype to avoid an error.
|    Use char because int might match the return type of a GCC
|    builtin and then its argument prototype would still apply.  */
| #ifdef __cplusplus
| extern "C"
| #endif
| char mlockall ();
| /* The GNU C library defines this for functions which it implements
|     to always fail with ENOSYS.  Some functions are actually named
|     something starting with __ and the normal name is an alias.  */
| #if defined __stub_mlockall || defined __stub___mlockall
| choke me
| #endif
| 
| int
| main ()
| {
| return mlockall ();
|   ;
|   return 0;
| }
configure:7868: result: no
configure:7868: checking for setitimer
configure:7868: x86_64-w64-mingw32-gcc -o conftest.exe  -O2 -std=gnu11  -DCONFIG_UTILS_IPERF2_STACKSIZE=262144 -include /c/Users/tttgu/Documents/Codex/s31-host-tools-2026-09-16/build-iperf2-win64/host-compat.h  conftest.c -lws2_32  >&5
C:/msys64/ucrt64/bin/../lib/gcc/x86_64-w64-mingw32/16.1.0/../../../../x86_64-w64-mingw32/bin/ld.exe: C:\msys64\tmp\ccEGwcvU.o:conftest.c:(.text.startup+0xa): undefined reference to `setitimer'
collect2.exe: error: ld returned 1 exit status
configure:7868: $? = 1
configure: failed program was:
| /* confdefs.h */
| #define PACKAGE_NAME "Iperf"
| #define PACKAGE_TARNAME "iperf"
| #define PACKAGE_VERSION "2.1.8"
| #define PACKAGE_STRING "Iperf 2.1.8"
| #define PACKAGE_BUGREPORT ""
| #define PACKAGE_URL ""
| #define PACKAGE "iperf"
| #define VERSION "2.1.8"
| #define HAVE_DECL_IFF_TUN 0
| #define HAVE_DECL_IFF_TAP 0
| #define HAVE_PTHREAD_PRIO_INHERIT 1
| #define HAVE_PTHREAD 1
| #define HAVE_POSIX_THREAD 1
| #define _REENTRANT 1
| #define HAVE_WINSOCK2_H 1
| #define STDC_HEADERS 1
| #define HAVE_SYS_TYPES_H 1
| #define HAVE_SYS_STAT_H 1
| #define HAVE_STDLIB_H 1
| #define HAVE_STRING_H 1
| #define HAVE_MEMORY_H 1
| #define HAVE_STRINGS_H 1
| #define HAVE_INTTYPES_H 1
| #define HAVE_STDINT_H 1
| #define HAVE_UNISTD_H 1
| #define HAVE_LIBINTL_H 1
| #define HAVE_STDLIB_H 1
| #define HAVE_STRING_H 1
| #define HAVE_STRINGS_H 1
| #define HAVE_SYS_TIME_H 1
| #define HAVE_UNISTD_H 1
| #define HAVE_SIGNAL_H 1
| #define HAVE_SSIZE_T 1
| #define TIME_WITH_SYS_TIME 1
| #define HAVE_INT64_T 1
| #define Socklen_t int
| #define SELECT_TYPE_ARG1 int
| #define SELECT_TYPE_ARG234 (int *)
| #define SELECT_TYPE_ARG5 (struct timeval *)
| #define RETSIGTYPE void
| #define HAVE_STRFTIME 1
| #define HAVE_VPRINTF 1
| #define HAVE_ATEXIT 1
| #define HAVE_MEMSET 1
| #define HAVE_SELECT 1
| #define HAVE_STRCHR 1
| #define HAVE_STRERROR 1
| #define HAVE_STRTOL 1
| #define HAVE_STRTOLL 1
| #define HAVE_STRTOD 1
| #define HAVE_USLEEP 1
| #define HAVE_CLOCK_GETTIME 1
| #define HAVE_SCHED_SETSCHEDULER 1
| #define HAVE_SCHED_YIELD 1
| /* end confdefs.h.  */
| /* Define setitimer to an innocuous variant, in case <limits.h> declares setitimer.
|    For example, HP-UX 11i <limits.h> declares gettimeofday.  */
| #define setitimer innocuous_setitimer
| 
| /* System header to define __stub macros and hopefully few prototypes,
|     which can conflict with char setitimer (); below.
|     Prefer <limits.h> to <assert.h> if __STDC__ is defined, since
|     <limits.h> exists even on freestanding compilers.  */
| 
| #ifdef __STDC__
| # include <limits.h>
| #else
| # include <assert.h>
| #endif
| 
| #undef setitimer
| 
| /* Override any GCC internal prototype to avoid an error.
|    Use char because int might match the return type of a GCC
|    builtin and then its argument prototype would still apply.  */
| #ifdef __cplusplus
| extern "C"
| #endif
| char setitimer ();
| /* The GNU C library defines this for functions which it implements
|     to always fail with ENOSYS.  Some functions are actually named
|     something starting with __ and the normal name is an alias.  */
| #if defined __stub_setitimer || defined __stub___setitimer
| choke me
| #endif
| 
| int
| main ()
| {
| return setitimer ();
|   ;
|   return 0;
| }
configure:7868: result: no
configure:7868: checking for nanosleep
configure:7868: x86_64-w64-mingw32-gcc -o conftest.exe  -O2 -std=gnu11  -DCONFIG_UTILS_IPERF2_STACKSIZE=262144 -include /c/Users/tttgu/Documents/Codex/s31-host-tools-2026-09-16/build-iperf2-win64/host-compat.h  conftest.c -lws2_32  >&5
configure:7868: $? = 0
configure:7868: result: yes
configure:7868: checking for clock_nanosleep
configure:7868: x86_64-w64-mingw32-gcc -o conftest.exe  -O2 -std=gnu11  -DCONFIG_UTILS_IPERF2_STACKSIZE=262144 -include /c/Users/tttgu/Documents/Codex/s31-host-tools-2026-09-16/build-iperf2-win64/host-compat.h  conftest.c -lws2_32  >&5
configure:7868: $? = 0
configure:7868: result: yes
configure:7868: checking for freopen
configure:7868: x86_64-w64-mingw32-gcc -o conftest.exe  -O2 -std=gnu11  -DCONFIG_UTILS_IPERF2_STACKSIZE=262144 -include /c/Users/tttgu/Documents/Codex/s31-host-tools-2026-09-16/build-iperf2-win64/host-compat.h  conftest.c -lws2_32  >&5
configure:7868: $? = 0
configure:7868: result: yes
configure:7877: checking for snprintf
configure:7877: x86_64-w64-mingw32-gcc -o conftest.exe  -O2 -std=gnu11  -DCONFIG_UTILS_IPERF2_STACKSIZE=262144 -include /c/Users/tttgu/Documents/Codex/s31-host-tools-2026-09-16/build-iperf2-win64/host-compat.h  conftest.c -lws2_32  >&5
conftest.c:83:6: warning: conflicting types for built-in function 'snprintf'; expected 'int(char *, long long unsigned int,  const char *, ...)' [-Wbuiltin-declaration-mismatch]
   83 | char snprintf ();
      |      ^~~~~~~~
conftest.c:71:1: note: 'snprintf' is declared in header '<stdio.h>'
   70 | # include <limits.h>
   71 | #else
configure:7877: $? = 0
configure:7877: result: yes
configure:7890: checking for inet_pton
configure:7890: x86_64-w64-mingw32-gcc -o conftest.exe  -O2 -std=gnu11  -DCONFIG_UTILS_IPERF2_STACKSIZE=262144 -include /c/Users/tttgu/Documents/Codex/s31-host-tools-2026-09-16/build-iperf2-win64/host-compat.h  conftest.c -lws2_32  >&5
configure:7890: $? = 0
configure:7890: result: yes
configure:7903: checking for inet_ntop
configure:7903: x86_64-w64-mingw32-gcc -o conftest.exe  -O2 -std=gnu11  -DCONFIG_UTILS_IPERF2_STACKSIZE=262144 -include /c/Users/tttgu/Documents/Codex/s31-host-tools-2026-09-16/build-iperf2-win64/host-compat.h  conftest.c -lws2_32  >&5
configure:7903: $? = 0
configure:7903: result: yes
configure:7916: checking for gettimeofday
configure:7916: x86_64-w64-mingw32-gcc -o conftest.exe  -O2 -std=gnu11  -DCONFIG_UTILS_IPERF2_STACKSIZE=262144 -include /c/Users/tttgu/Documents/Codex/s31-host-tools-2026-09-16/build-iperf2-win64/host-compat.h  conftest.c -lws2_32  >&5
configure:7916: $? = 0
configure:7916: result: yes
configure:7930: checking whether ENOBUFS is declared
configure:7930: x86_64-w64-mingw32-gcc -c  -O2 -std=gnu11  -DCONFIG_UTILS_IPERF2_STACKSIZE=262144 -include /c/Users/tttgu/Documents/Codex/s31-host-tools-2026-09-16/build-iperf2-win64/host-compat.h conftest.c >&5
configure:7930: $? = 0
configure:7930: result: yes
configure:7941: checking whether EWOULDBLOCK is declared
configure:7941: x86_64-w64-mingw32-gcc -c  -O2 -std=gnu11  -DCONFIG_UTILS_IPERF2_STACKSIZE=262144 -include /c/Users/tttgu/Documents/Codex/s31-host-tools-2026-09-16/build-iperf2-win64/host-compat.h conftest.c >&5
configure:7941: $? = 0
configure:7941: result: yes
configure:7953: checking whether SIOCGIFMTU is declared
configure:7953: x86_64-w64-mingw32-gcc -c  -O2 -std=gnu11  -DCONFIG_UTILS_IPERF2_STACKSIZE=262144 -include /c/Users/tttgu/Documents/Codex/s31-host-tools-2026-09-16/build-iperf2-win64/host-compat.h conftest.c >&5
conftest.c: In function 'main':
conftest.c:82:10: error: 'SIOCGIFMTU' undeclared (first use in this function)
   82 |   (void) SIOCGIFMTU;
      |          ^~~~~~~~~~
conftest.c:82:10: note: each undeclared identifier is reported only once for each function it appears in
configure:7953: $? = 1
configure: failed program was:
| /* confdefs.h */
| #define PACKAGE_NAME "Iperf"
| #define PACKAGE_TARNAME "iperf"
| #define PACKAGE_VERSION "2.1.8"
| #define PACKAGE_STRING "Iperf 2.1.8"
| #define PACKAGE_BUGREPORT ""
| #define PACKAGE_URL ""
| #define PACKAGE "iperf"
| #define VERSION "2.1.8"
| #define HAVE_DECL_IFF_TUN 0
| #define HAVE_DECL_IFF_TAP 0
| #define HAVE_PTHREAD_PRIO_INHERIT 1
| #define HAVE_PTHREAD 1
| #define HAVE_POSIX_THREAD 1
| #define _REENTRANT 1
| #define HAVE_WINSOCK2_H 1
| #define STDC_HEADERS 1
| #define HAVE_SYS_TYPES_H 1
| #define HAVE_SYS_STAT_H 1
| #define HAVE_STDLIB_H 1
| #define HAVE_STRING_H 1
| #define HAVE_MEMORY_H 1
| #define HAVE_STRINGS_H 1
| #define HAVE_INTTYPES_H 1
| #define HAVE_STDINT_H 1
| #define HAVE_UNISTD_H 1
| #define HAVE_LIBINTL_H 1
| #define HAVE_STDLIB_H 1
| #define HAVE_STRING_H 1
| #define HAVE_STRINGS_H 1
| #define HAVE_SYS_TIME_H 1
| #define HAVE_UNISTD_H 1
| #define HAVE_SIGNAL_H 1
| #define HAVE_SSIZE_T 1
| #define TIME_WITH_SYS_TIME 1
| #define HAVE_INT64_T 1
| #define Socklen_t int
| #define SELECT_TYPE_ARG1 int
| #define SELECT_TYPE_ARG234 (int *)
| #define SELECT_TYPE_ARG5 (struct timeval *)
| #define RETSIGTYPE void
| #define HAVE_STRFTIME 1
| #define HAVE_VPRINTF 1
| #define HAVE_ATEXIT 1
| #define HAVE_MEMSET 1
| #define HAVE_SELECT 1
| #define HAVE_STRCHR 1
| #define HAVE_STRERROR 1
| #define HAVE_STRTOL 1
| #define HAVE_STRTOLL 1
| #define HAVE_STRTOD 1
| #define HAVE_USLEEP 1
| #define HAVE_CLOCK_GETTIME 1
| #define HAVE_SCHED_SETSCHEDULER 1
| #define HAVE_SCHED_YIELD 1
| #define HAVE_NANOSLEEP 1
| #define HAVE_CLOCK_NANOSLEEP 1
| #define HAVE_FREOPEN 1
| #define HAVE_SNPRINTF 1
| #define HAVE_INET_PTON 1
| #define HAVE_INET_NTOP 1
| #define HAVE_GETTIMEOFDAY 1
| #define HAVE_DECL_ENOBUFS 1
| #define HAVE_DECL_EWOULDBLOCK 1
| /* end confdefs.h.  */
| 
| #ifdef HAVE_LINUX_SOCKIOS_H
| #include <linux/sockios.h>
| #endif
| #ifdef HAVE_SYS_SOCKIO_H
| #include <sys/sockio.h>
| #endif
| 
| 
| int
| main ()
| {
| #ifndef SIOCGIFMTU
| #ifdef __cplusplus
|   (void) SIOCGIFMTU;
| #else
|   (void) SIOCGIFMTU;
| #endif
| #endif
| 
|   ;
|   return 0;
| }
configure:7953: result: no
configure:7972: checking whether pthread_cancel is declared
configure:7972: x86_64-w64-mingw32-gcc -c  -O2 -std=gnu11  -DCONFIG_UTILS_IPERF2_STACKSIZE=262144 -include /c/Users/tttgu/Documents/Codex/s31-host-tools-2026-09-16/build-iperf2-win64/host-compat.h conftest.c >&5
configure:7972: $? = 0
configure:7972: result: yes
configure:7984: checking whether CPU_SET is declared
configure:7984: x86_64-w64-mingw32-gcc -c  -O2 -std=gnu11  -DCONFIG_UTILS_IPERF2_STACKSIZE=262144 -include /c/Users/tttgu/Documents/Codex/s31-host-tools-2026-09-16/build-iperf2-win64/host-compat.h conftest.c >&5
conftest.c: In function 'main':
conftest.c:80:10: error: 'CPU_SET' undeclared (first use in this function)
   80 |   (void) CPU_SET;
      |          ^~~~~~~
conftest.c:80:10: note: each undeclared identifier is reported only once for each function it appears in
configure:7984: $? = 1
configure: failed program was:
| /* confdefs.h */
| #define PACKAGE_NAME "Iperf"
| #define PACKAGE_TARNAME "iperf"
| #define PACKAGE_VERSION "2.1.8"
| #define PACKAGE_STRING "Iperf 2.1.8"
| #define PACKAGE_BUGREPORT ""
| #define PACKAGE_URL ""
| #define PACKAGE "iperf"
| #define VERSION "2.1.8"
| #define HAVE_DECL_IFF_TUN 0
| #define HAVE_DECL_IFF_TAP 0
| #define HAVE_PTHREAD_PRIO_INHERIT 1
| #define HAVE_PTHREAD 1
| #define HAVE_POSIX_THREAD 1
| #define _REENTRANT 1
| #define HAVE_WINSOCK2_H 1
| #define STDC_HEADERS 1
| #define HAVE_SYS_TYPES_H 1
| #define HAVE_SYS_STAT_H 1
| #define HAVE_STDLIB_H 1
| #define HAVE_STRING_H 1
| #define HAVE_MEMORY_H 1
| #define HAVE_STRINGS_H 1
| #define HAVE_INTTYPES_H 1
| #define HAVE_STDINT_H 1
| #define HAVE_UNISTD_H 1
| #define HAVE_LIBINTL_H 1
| #define HAVE_STDLIB_H 1
| #define HAVE_STRING_H 1
| #define HAVE_STRINGS_H 1
| #define HAVE_SYS_TIME_H 1
| #define HAVE_UNISTD_H 1
| #define HAVE_SIGNAL_H 1
| #define HAVE_SSIZE_T 1
| #define TIME_WITH_SYS_TIME 1
| #define HAVE_INT64_T 1
| #define Socklen_t int
| #define SELECT_TYPE_ARG1 int
| #define SELECT_TYPE_ARG234 (int *)
| #define SELECT_TYPE_ARG5 (struct timeval *)
| #define RETSIGTYPE void
| #define HAVE_STRFTIME 1
| #define HAVE_VPRINTF 1
| #define HAVE_ATEXIT 1
| #define HAVE_MEMSET 1
| #define HAVE_SELECT 1
| #define HAVE_STRCHR 1
| #define HAVE_STRERROR 1
| #define HAVE_STRTOL 1
| #define HAVE_STRTOLL 1
| #define HAVE_STRTOD 1
| #define HAVE_USLEEP 1
| #define HAVE_CLOCK_GETTIME 1
| #define HAVE_SCHED_SETSCHEDULER 1
| #define HAVE_SCHED_YIELD 1
| #define HAVE_NANOSLEEP 1
| #define HAVE_CLOCK_NANOSLEEP 1
| #define HAVE_FREOPEN 1
| #define HAVE_SNPRINTF 1
| #define HAVE_INET_PTON 1
| #define HAVE_INET_NTOP 1
| #define HAVE_GETTIMEOFDAY 1
| #define HAVE_DECL_ENOBUFS 1
| #define HAVE_DECL_EWOULDBLOCK 1
| #define HAVE_DECL_SIOCGIFMTU 0
| #define HAVE_DECL_PTHREAD_CANCEL 1
| /* end confdefs.h.  */
| 
| 	#define _GNU_SOURCE
| 	#include <sched.h>
| 
| 
| int
| main ()
| {
| #ifndef CPU_SET
| #ifdef __cplusplus
|   (void) CPU_SET;
| #else
|   (void) CPU_SET;
| #endif
| #endif
| 
|   ;
|   return 0;
| }
configure:7984: result: no
configure:7999: checking whether SIGALRM is declared
configure:7999: x86_64-w64-mingw32-gcc -c  -O2 -std=gnu11  -DCONFIG_UTILS_IPERF2_STACKSIZE=262144 -include /c/Users/tttgu/Documents/Codex/s31-host-tools-2026-09-16/build-iperf2-win64/host-compat.h conftest.c >&5
conftest.c: In function 'main':
conftest.c:78:10: error: 'SIGALRM' undeclared (first use in this function); did you mean 'SIGABRT'?
   78 |   (void) SIGALRM;
      |          ^~~~~~~
      |          SIGABRT
conftest.c:78:10: note: each undeclared identifier is reported only once for each function it appears in
configure:7999: $? = 1
configure: failed program was:
| /* confdefs.h */
| #define PACKAGE_NAME "Iperf"
| #define PACKAGE_TARNAME "iperf"
| #define PACKAGE_VERSION "2.1.8"
| #define PACKAGE_STRING "Iperf 2.1.8"
| #define PACKAGE_BUGREPORT ""
| #define PACKAGE_URL ""
| #define PACKAGE "iperf"
| #define VERSION "2.1.8"
| #define HAVE_DECL_IFF_TUN 0
| #define HAVE_DECL_IFF_TAP 0
| #define HAVE_PTHREAD_PRIO_INHERIT 1
| #define HAVE_PTHREAD 1
| #define HAVE_POSIX_THREAD 1
| #define _REENTRANT 1
| #define HAVE_WINSOCK2_H 1
| #define STDC_HEADERS 1
| #define HAVE_SYS_TYPES_H 1
| #define HAVE_SYS_STAT_H 1
| #define HAVE_STDLIB_H 1
| #define HAVE_STRING_H 1
| #define HAVE_MEMORY_H 1
| #define HAVE_STRINGS_H 1
| #define HAVE_INTTYPES_H 1
| #define HAVE_STDINT_H 1
| #define HAVE_UNISTD_H 1
| #define HAVE_LIBINTL_H 1
| #define HAVE_STDLIB_H 1
| #define HAVE_STRING_H 1
| #define HAVE_STRINGS_H 1
| #define HAVE_SYS_TIME_H 1
| #define HAVE_UNISTD_H 1
| #define HAVE_SIGNAL_H 1
| #define HAVE_SSIZE_T 1
| #define TIME_WITH_SYS_TIME 1
| #define HAVE_INT64_T 1
| #define Socklen_t int
| #define SELECT_TYPE_ARG1 int
| #define SELECT_TYPE_ARG234 (int *)
| #define SELECT_TYPE_ARG5 (struct timeval *)
| #define RETSIGTYPE void
| #define HAVE_STRFTIME 1
| #define HAVE_VPRINTF 1
| #define HAVE_ATEXIT 1
| #define HAVE_MEMSET 1
| #define HAVE_SELECT 1
| #define HAVE_STRCHR 1
| #define HAVE_STRERROR 1
| #define HAVE_STRTOL 1
| #define HAVE_STRTOLL 1
| #define HAVE_STRTOD 1
| #define HAVE_USLEEP 1
| #define HAVE_CLOCK_GETTIME 1
| #define HAVE_SCHED_SETSCHEDULER 1
| #define HAVE_SCHED_YIELD 1
| #define HAVE_NANOSLEEP 1
| #define HAVE_CLOCK_NANOSLEEP 1
| #define HAVE_FREOPEN 1
| #define HAVE_SNPRINTF 1
| #define HAVE_INET_PTON 1
| #define HAVE_INET_NTOP 1
| #define HAVE_GETTIMEOFDAY 1
| #define HAVE_DECL_ENOBUFS 1
| #define HAVE_DECL_EWOULDBLOCK 1
| #define HAVE_DECL_SIOCGIFMTU 0
| #define HAVE_DECL_PTHREAD_CANCEL 1
| #define HAVE_DECL_CPU_SET 0
| /* end confdefs.h.  */
| #include <signal.h>
| 
| int
| main ()
| {
| #ifndef SIGALRM
| #ifdef __cplusplus
|   (void) SIGALRM;
| #else
|   (void) SIGALRM;
| #endif
| #endif
| 
|   ;
|   return 0;
| }
configure:7999: result: no
configure:8027: checking whether AF_INET6 is declared
configure:8027: x86_64-w64-mingw32-gcc -c  -O2 -std=gnu11  -DCONFIG_UTILS_IPERF2_STACKSIZE=262144 -include /c/Users/tttgu/Documents/Codex/s31-host-tools-2026-09-16/build-iperf2-win64/host-compat.h conftest.c >&5
configure:8027: $? = 0
configure:8027: result: yes
configure:8038: checking whether SO_TIMESTAMP is declared
configure:8038: x86_64-w64-mingw32-gcc -c  -O2 -std=gnu11  -DCONFIG_UTILS_IPERF2_STACKSIZE=262144 -include /c/Users/tttgu/Documents/Codex/s31-host-tools-2026-09-16/build-iperf2-win64/host-compat.h conftest.c >&5
conftest.c: In function 'main':
conftest.c:92:10: error: 'SO_TIMESTAMP' undeclared (first use in this function); did you mean 'TCP_TIMESTAMPS'?
   92 |   (void) SO_TIMESTAMP;
      |          ^~~~~~~~~~~~
      |          TCP_TIMESTAMPS
conftest.c:92:10: note: each undeclared identifier is reported only once for each function it appears in
configure:8038: $? = 1
configure: failed program was:
| /* confdefs.h */
| #define PACKAGE_NAME "Iperf"
| #define PACKAGE_TARNAME "iperf"
| #define PACKAGE_VERSION "2.1.8"
| #define PACKAGE_STRING "Iperf 2.1.8"
| #define PACKAGE_BUGREPORT ""
| #define PACKAGE_URL ""
| #define PACKAGE "iperf"
| #define VERSION "2.1.8"
| #define HAVE_DECL_IFF_TUN 0
| #define HAVE_DECL_IFF_TAP 0
| #define HAVE_PTHREAD_PRIO_INHERIT 1
| #define HAVE_PTHREAD 1
| #define HAVE_POSIX_THREAD 1
| #define _REENTRANT 1
| #define HAVE_WINSOCK2_H 1
| #define STDC_HEADERS 1
| #define HAVE_SYS_TYPES_H 1
| #define HAVE_SYS_STAT_H 1
| #define HAVE_STDLIB_H 1
| #define HAVE_STRING_H 1
| #define HAVE_MEMORY_H 1
| #define HAVE_STRINGS_H 1
| #define HAVE_INTTYPES_H 1
| #define HAVE_STDINT_H 1
| #define HAVE_UNISTD_H 1
| #define HAVE_LIBINTL_H 1
| #define HAVE_STDLIB_H 1
| #define HAVE_STRING_H 1
| #define HAVE_STRINGS_H 1
| #define HAVE_SYS_TIME_H 1
| #define HAVE_UNISTD_H 1
| #define HAVE_SIGNAL_H 1
| #define HAVE_SSIZE_T 1
| #define TIME_WITH_SYS_TIME 1
| #define HAVE_INT64_T 1
| #define Socklen_t int
| #define SELECT_TYPE_ARG1 int
| #define SELECT_TYPE_ARG234 (int *)
| #define SELECT_TYPE_ARG5 (struct timeval *)
| #define RETSIGTYPE void
| #define HAVE_STRFTIME 1
| #define HAVE_VPRINTF 1
| #define HAVE_ATEXIT 1
| #define HAVE_MEMSET 1
| #define HAVE_SELECT 1
| #define HAVE_STRCHR 1
| #define HAVE_STRERROR 1
| #define HAVE_STRTOL 1
| #define HAVE_STRTOLL 1
| #define HAVE_STRTOD 1
| #define HAVE_USLEEP 1
| #define HAVE_CLOCK_GETTIME 1
| #define HAVE_SCHED_SETSCHEDULER 1
| #define HAVE_SCHED_YIELD 1
| #define HAVE_NANOSLEEP 1
| #define HAVE_CLOCK_NANOSLEEP 1
| #define HAVE_FREOPEN 1
| #define HAVE_SNPRINTF 1
| #define HAVE_INET_PTON 1
| #define HAVE_INET_NTOP 1
| #define HAVE_GETTIMEOFDAY 1
| #define HAVE_DECL_ENOBUFS 1
| #define HAVE_DECL_EWOULDBLOCK 1
| #define HAVE_DECL_SIOCGIFMTU 0
| #define HAVE_DECL_PTHREAD_CANCEL 1
| #define HAVE_DECL_CPU_SET 0
| #define HAVE_DECL_SIGALRM 0
| #define HAVE_DECL_AF_INET6 1
| /* end confdefs.h.  */
| 
| #ifdef HAVE_WINSOCK2_H
| #define _WIN32_WINNT 0x0501 /* use (at least) WinXP API */
| #define WIN32_LEAN_AND_MEAN /* exclude unnecesary headers */
| #include <windows.h>
| #include <winsock2.h>
| #include <ws2tcpip.h>
| #else
| #include <sys/socket.h>
| #include <netinet/in.h>
| #include <netinet/tcp.h>
| #endif
| 
| 
| int
| main ()
| {
| #ifndef SO_TIMESTAMP
| #ifdef __cplusplus
|   (void) SO_TIMESTAMP;
| #else
|   (void) SO_TIMESTAMP;
| #endif
| #endif
| 
|   ;
|   return 0;
| }
configure:8038: result: no
configure:8049: checking whether SO_SNDTIMEO is declared
configure:8049: x86_64-w64-mingw32-gcc -c  -O2 -std=gnu11  -DCONFIG_UTILS_IPERF2_STACKSIZE=262144 -include /c/Users/tttgu/Documents/Codex/s31-host-tools-2026-09-16/build-iperf2-win64/host-compat.h conftest.c >&5
configure:8049: $? = 0
configure:8049: result: yes
configure:8060: checking whether SO_REUSEPORT is declared
configure:8060: x86_64-w64-mingw32-gcc -c  -O2 -std=gnu11  -DCONFIG_UTILS_IPERF2_STACKSIZE=262144 -include /c/Users/tttgu/Documents/Codex/s31-host-tools-2026-09-16/build-iperf2-win64/host-compat.h conftest.c >&5
conftest.c: In function 'main':
conftest.c:94:10: error: 'SO_REUSEPORT' undeclared (first use in this function); did you mean 'SO_REUSEADDR'?
   94 |   (void) SO_REUSEPORT;
      |          ^~~~~~~~~~~~
      |          SO_REUSEADDR
conftest.c:94:10: note: each undeclared identifier is reported only once for each function it appears in
configure:8060: $? = 1
configure: failed program was:
| /* confdefs.h */
| #define PACKAGE_NAME "Iperf"
| #define PACKAGE_TARNAME "iperf"
| #define PACKAGE_VERSION "2.1.8"
| #define PACKAGE_STRING "Iperf 2.1.8"
| #define PACKAGE_BUGREPORT ""
| #define PACKAGE_URL ""
| #define PACKAGE "iperf"
| #define VERSION "2.1.8"
| #define HAVE_DECL_IFF_TUN 0
| #define HAVE_DECL_IFF_TAP 0
| #define HAVE_PTHREAD_PRIO_INHERIT 1
| #define HAVE_PTHREAD 1
| #define HAVE_POSIX_THREAD 1
| #define _REENTRANT 1
| #define HAVE_WINSOCK2_H 1
| #define STDC_HEADERS 1
| #define HAVE_SYS_TYPES_H 1
| #define HAVE_SYS_STAT_H 1
| #define HAVE_STDLIB_H 1
| #define HAVE_STRING_H 1
| #define HAVE_MEMORY_H 1
| #define HAVE_STRINGS_H 1
| #define HAVE_INTTYPES_H 1
| #define HAVE_STDINT_H 1
| #define HAVE_UNISTD_H 1
| #define HAVE_LIBINTL_H 1
| #define HAVE_STDLIB_H 1
| #define HAVE_STRING_H 1
| #define HAVE_STRINGS_H 1
| #define HAVE_SYS_TIME_H 1
| #define HAVE_UNISTD_H 1
| #define HAVE_SIGNAL_H 1
| #define HAVE_SSIZE_T 1
| #define TIME_WITH_SYS_TIME 1
| #define HAVE_INT64_T 1
| #define Socklen_t int
| #define SELECT_TYPE_ARG1 int
| #define SELECT_TYPE_ARG234 (int *)
| #define SELECT_TYPE_ARG5 (struct timeval *)
| #define RETSIGTYPE void
| #define HAVE_STRFTIME 1
| #define HAVE_VPRINTF 1
| #define HAVE_ATEXIT 1
| #define HAVE_MEMSET 1
| #define HAVE_SELECT 1
| #define HAVE_STRCHR 1
| #define HAVE_STRERROR 1
| #define HAVE_STRTOL 1
| #define HAVE_STRTOLL 1
| #define HAVE_STRTOD 1
| #define HAVE_USLEEP 1
| #define HAVE_CLOCK_GETTIME 1
| #define HAVE_SCHED_SETSCHEDULER 1
| #define HAVE_SCHED_YIELD 1
| #define HAVE_NANOSLEEP 1
| #define HAVE_CLOCK_NANOSLEEP 1
| #define HAVE_FREOPEN 1
| #define HAVE_SNPRINTF 1
| #define HAVE_INET_PTON 1
| #define HAVE_INET_NTOP 1
| #define HAVE_GETTIMEOFDAY 1
| #define HAVE_DECL_ENOBUFS 1
| #define HAVE_DECL_EWOULDBLOCK 1
| #define HAVE_DECL_SIOCGIFMTU 0
| #define HAVE_DECL_PTHREAD_CANCEL 1
| #define HAVE_DECL_CPU_SET 0
| #define HAVE_DECL_SIGALRM 0
| #define HAVE_DECL_AF_INET6 1
| #define HAVE_DECL_SO_TIMESTAMP 0
| #define HAVE_DECL_SO_SNDTIMEO 1
| /* end confdefs.h.  */
| 
| #ifdef HAVE_WINSOCK2_H
| #define _WIN32_WINNT 0x0501 /* use (at least) WinXP API */
| #define WIN32_LEAN_AND_MEAN /* exclude unnecesary headers */
| #include <windows.h>
| #include <winsock2.h>
| #include <ws2tcpip.h>
| #else
| #include <sys/socket.h>
| #include <netinet/in.h>
| #include <netinet/tcp.h>
| #endif
| 
| 
| int
| main ()
| {
| #ifndef SO_REUSEPORT
| #ifdef __cplusplus
|   (void) SO_REUSEPORT;
| #else
|   (void) SO_REUSEPORT;
| #endif
| #endif
| 
|   ;
|   return 0;
| }
configure:8060: result: no
configure:8071: checking whether SO_BINDTODEVICE is declared
configure:8071: x86_64-w64-mingw32-gcc -c  -O2 -std=gnu11  -DCONFIG_UTILS_IPERF2_STACKSIZE=262144 -include /c/Users/tttgu/Documents/Codex/s31-host-tools-2026-09-16/build-iperf2-win64/host-compat.h conftest.c >&5
conftest.c: In function 'main':
conftest.c:95:10: error: 'SO_BINDTODEVICE' undeclared (first use in this function)
   95 |   (void) SO_BINDTODEVICE;
      |          ^~~~~~~~~~~~~~~
conftest.c:95:10: note: each undeclared identifier is reported only once for each function it appears in
configure:8071: $? = 1
configure: failed program was:
| /* confdefs.h */
| #define PACKAGE_NAME "Iperf"
| #define PACKAGE_TARNAME "iperf"
| #define PACKAGE_VERSION "2.1.8"
| #define PACKAGE_STRING "Iperf 2.1.8"
| #define PACKAGE_BUGREPORT ""
| #define PACKAGE_URL ""
| #define PACKAGE "iperf"
| #define VERSION "2.1.8"
| #define HAVE_DECL_IFF_TUN 0
| #define HAVE_DECL_IFF_TAP 0
| #define HAVE_PTHREAD_PRIO_INHERIT 1
| #define HAVE_PTHREAD 1
| #define HAVE_POSIX_THREAD 1
| #define _REENTRANT 1
| #define HAVE_WINSOCK2_H 1
| #define STDC_HEADERS 1
| #define HAVE_SYS_TYPES_H 1
| #define HAVE_SYS_STAT_H 1
| #define HAVE_STDLIB_H 1
| #define HAVE_STRING_H 1
| #define HAVE_MEMORY_H 1
| #define HAVE_STRINGS_H 1
| #define HAVE_INTTYPES_H 1
| #define HAVE_STDINT_H 1
| #define HAVE_UNISTD_H 1
| #define HAVE_LIBINTL_H 1
| #define HAVE_STDLIB_H 1
| #define HAVE_STRING_H 1
| #define HAVE_STRINGS_H 1
| #define HAVE_SYS_TIME_H 1
| #define HAVE_UNISTD_H 1
| #define HAVE_SIGNAL_H 1
| #define HAVE_SSIZE_T 1
| #define TIME_WITH_SYS_TIME 1
| #define HAVE_INT64_T 1
| #define Socklen_t int
| #define SELECT_TYPE_ARG1 int
| #define SELECT_TYPE_ARG234 (int *)
| #define SELECT_TYPE_ARG5 (struct timeval *)
| #define RETSIGTYPE void
| #define HAVE_STRFTIME 1
| #define HAVE_VPRINTF 1
| #define HAVE_ATEXIT 1
| #define HAVE_MEMSET 1
| #define HAVE_SELECT 1
| #define HAVE_STRCHR 1
| #define HAVE_STRERROR 1
| #define HAVE_STRTOL 1
| #define HAVE_STRTOLL 1
| #define HAVE_STRTOD 1
| #define HAVE_USLEEP 1
| #define HAVE_CLOCK_GETTIME 1
| #define HAVE_SCHED_SETSCHEDULER 1
| #define HAVE_SCHED_YIELD 1
| #define HAVE_NANOSLEEP 1
| #define HAVE_CLOCK_NANOSLEEP 1
| #define HAVE_FREOPEN 1
| #define HAVE_SNPRINTF 1
| #define HAVE_INET_PTON 1
| #define HAVE_INET_NTOP 1
| #define HAVE_GETTIMEOFDAY 1
| #define HAVE_DECL_ENOBUFS 1
| #define HAVE_DECL_EWOULDBLOCK 1
| #define HAVE_DECL_SIOCGIFMTU 0
| #define HAVE_DECL_PTHREAD_CANCEL 1
| #define HAVE_DECL_CPU_SET 0
| #define HAVE_DECL_SIGALRM 0
| #define HAVE_DECL_AF_INET6 1
| #define HAVE_DECL_SO_TIMESTAMP 0
| #define HAVE_DECL_SO_SNDTIMEO 1
| #define HAVE_DECL_SO_REUSEPORT 0
| /* end confdefs.h.  */
| 
| #ifdef HAVE_WINSOCK2_H
| #define _WIN32_WINNT 0x0501 /* use (at least) WinXP API */
| #define WIN32_LEAN_AND_MEAN /* exclude unnecesary headers */
| #include <windows.h>
| #include <winsock2.h>
| #include <ws2tcpip.h>
| #else
| #include <sys/socket.h>
| #include <netinet/in.h>
| #include <netinet/tcp.h>
| #endif
| 
| 
| int
| main ()
| {
| #ifndef SO_BINDTODEVICE
| #ifdef __cplusplus
|   (void) SO_BINDTODEVICE;
| #else
|   (void) SO_BINDTODEVICE;
| #endif
| #endif
| 
|   ;
|   return 0;
| }
configure:8071: result: no
configure:8082: checking whether MSG_DONTWAIT is declared
configure:8082: x86_64-w64-mingw32-gcc -c  -O2 -std=gnu11  -DCONFIG_UTILS_IPERF2_STACKSIZE=262144 -include /c/Users/tttgu/Documents/Codex/s31-host-tools-2026-09-16/build-iperf2-win64/host-compat.h conftest.c >&5
conftest.c: In function 'main':
conftest.c:96:10: error: 'MSG_DONTWAIT' undeclared (first use in this function); did you mean 'MSG_DONTROUTE'?
   96 |   (void) MSG_DONTWAIT;
      |          ^~~~~~~~~~~~
      |          MSG_DONTROUTE
conftest.c:96:10: note: each undeclared identifier is reported only once for each function it appears in
configure:8082: $? = 1
configure: failed program was:
| /* confdefs.h */
| #define PACKAGE_NAME "Iperf"
| #define PACKAGE_TARNAME "iperf"
| #define PACKAGE_VERSION "2.1.8"
| #define PACKAGE_STRING "Iperf 2.1.8"
| #define PACKAGE_BUGREPORT ""
| #define PACKAGE_URL ""
| #define PACKAGE "iperf"
| #define VERSION "2.1.8"
| #define HAVE_DECL_IFF_TUN 0
| #define HAVE_DECL_IFF_TAP 0
| #define HAVE_PTHREAD_PRIO_INHERIT 1
| #define HAVE_PTHREAD 1
| #define HAVE_POSIX_THREAD 1
| #define _REENTRANT 1
| #define HAVE_WINSOCK2_H 1
| #define STDC_HEADERS 1
| #define HAVE_SYS_TYPES_H 1
| #define HAVE_SYS_STAT_H 1
| #define HAVE_STDLIB_H 1
| #define HAVE_STRING_H 1
| #define HAVE_MEMORY_H 1
| #define HAVE_STRINGS_H 1
| #define HAVE_INTTYPES_H 1
| #define HAVE_STDINT_H 1
| #define HAVE_UNISTD_H 1
| #define HAVE_LIBINTL_H 1
| #define HAVE_STDLIB_H 1
| #define HAVE_STRING_H 1
| #define HAVE_STRINGS_H 1
| #define HAVE_SYS_TIME_H 1
| #define HAVE_UNISTD_H 1
| #define HAVE_SIGNAL_H 1
| #define HAVE_SSIZE_T 1
| #define TIME_WITH_SYS_TIME 1
| #define HAVE_INT64_T 1
| #define Socklen_t int
| #define SELECT_TYPE_ARG1 int
| #define SELECT_TYPE_ARG234 (int *)
| #define SELECT_TYPE_ARG5 (struct timeval *)
| #define RETSIGTYPE void
| #define HAVE_STRFTIME 1
| #define HAVE_VPRINTF 1
| #define HAVE_ATEXIT 1
| #define HAVE_MEMSET 1
| #define HAVE_SELECT 1
| #define HAVE_STRCHR 1
| #define HAVE_STRERROR 1
| #define HAVE_STRTOL 1
| #define HAVE_STRTOLL 1
| #define HAVE_STRTOD 1
| #define HAVE_USLEEP 1
| #define HAVE_CLOCK_GETTIME 1
| #define HAVE_SCHED_SETSCHEDULER 1
| #define HAVE_SCHED_YIELD 1
| #define HAVE_NANOSLEEP 1
| #define HAVE_CLOCK_NANOSLEEP 1
| #define HAVE_FREOPEN 1
| #define HAVE_SNPRINTF 1
| #define HAVE_INET_PTON 1
| #define HAVE_INET_NTOP 1
| #define HAVE_GETTIMEOFDAY 1
| #define HAVE_DECL_ENOBUFS 1
| #define HAVE_DECL_EWOULDBLOCK 1
| #define HAVE_DECL_SIOCGIFMTU 0
| #define HAVE_DECL_PTHREAD_CANCEL 1
| #define HAVE_DECL_CPU_SET 0
| #define HAVE_DECL_SIGALRM 0
| #define HAVE_DECL_AF_INET6 1
| #define HAVE_DECL_SO_TIMESTAMP 0
| #define HAVE_DECL_SO_SNDTIMEO 1
| #define HAVE_DECL_SO_REUSEPORT 0
| #define HAVE_DECL_SO_BINDTODEVICE 0
| /* end confdefs.h.  */
| 
| #ifdef HAVE_WINSOCK2_H
| #define _WIN32_WINNT 0x0501 /* use (at least) WinXP API */
| #define WIN32_LEAN_AND_MEAN /* exclude unnecesary headers */
| #include <windows.h>
| #include <winsock2.h>
| #include <ws2tcpip.h>
| #else
| #include <sys/socket.h>
| #include <netinet/in.h>
| #include <netinet/tcp.h>
| #endif
| 
| 
| int
| main ()
| {
| #ifndef MSG_DONTWAIT
| #ifdef __cplusplus
|   (void) MSG_DONTWAIT;
| #else
|   (void) MSG_DONTWAIT;
| #endif
| #endif
| 
|   ;
|   return 0;
| }
configure:8082: result: no
configure:8093: checking whether SO_MAX_PACING_RATE is declared
configure:8093: x86_64-w64-mingw32-gcc -c  -O2 -std=gnu11  -DCONFIG_UTILS_IPERF2_STACKSIZE=262144 -include /c/Users/tttgu/Documents/Codex/s31-host-tools-2026-09-16/build-iperf2-win64/host-compat.h conftest.c >&5
conftest.c: In function 'main':
conftest.c:97:10: error: 'SO_MAX_PACING_RATE' undeclared (first use in this function)
   97 |   (void) SO_MAX_PACING_RATE;
      |          ^~~~~~~~~~~~~~~~~~
conftest.c:97:10: note: each undeclared identifier is reported only once for each function it appears in
configure:8093: $? = 1
configure: failed program was:
| /* confdefs.h */
| #define PACKAGE_NAME "Iperf"
| #define PACKAGE_TARNAME "iperf"
| #define PACKAGE_VERSION "2.1.8"
| #define PACKAGE_STRING "Iperf 2.1.8"
| #define PACKAGE_BUGREPORT ""
| #define PACKAGE_URL ""
| #define PACKAGE "iperf"
| #define VERSION "2.1.8"
| #define HAVE_DECL_IFF_TUN 0
| #define HAVE_DECL_IFF_TAP 0
| #define HAVE_PTHREAD_PRIO_INHERIT 1
| #define HAVE_PTHREAD 1
| #define HAVE_POSIX_THREAD 1
| #define _REENTRANT 1
| #define HAVE_WINSOCK2_H 1
| #define STDC_HEADERS 1
| #define HAVE_SYS_TYPES_H 1
| #define HAVE_SYS_STAT_H 1
| #define HAVE_STDLIB_H 1
| #define HAVE_STRING_H 1
| #define HAVE_MEMORY_H 1
| #define HAVE_STRINGS_H 1
| #define HAVE_INTTYPES_H 1
| #define HAVE_STDINT_H 1
| #define HAVE_UNISTD_H 1
| #define HAVE_LIBINTL_H 1
| #define HAVE_STDLIB_H 1
| #define HAVE_STRING_H 1
| #define HAVE_STRINGS_H 1
| #define HAVE_SYS_TIME_H 1
| #define HAVE_UNISTD_H 1
| #define HAVE_SIGNAL_H 1
| #define HAVE_SSIZE_T 1
| #define TIME_WITH_SYS_TIME 1
| #define HAVE_INT64_T 1
| #define Socklen_t int
| #define SELECT_TYPE_ARG1 int
| #define SELECT_TYPE_ARG234 (int *)
| #define SELECT_TYPE_ARG5 (struct timeval *)
| #define RETSIGTYPE void
| #define HAVE_STRFTIME 1
| #define HAVE_VPRINTF 1
| #define HAVE_ATEXIT 1
| #define HAVE_MEMSET 1
| #define HAVE_SELECT 1
| #define HAVE_STRCHR 1
| #define HAVE_STRERROR 1
| #define HAVE_STRTOL 1
| #define HAVE_STRTOLL 1
| #define HAVE_STRTOD 1
| #define HAVE_USLEEP 1
| #define HAVE_CLOCK_GETTIME 1
| #define HAVE_SCHED_SETSCHEDULER 1
| #define HAVE_SCHED_YIELD 1
| #define HAVE_NANOSLEEP 1
| #define HAVE_CLOCK_NANOSLEEP 1
| #define HAVE_FREOPEN 1
| #define HAVE_SNPRINTF 1
| #define HAVE_INET_PTON 1
| #define HAVE_INET_NTOP 1
| #define HAVE_GETTIMEOFDAY 1
| #define HAVE_DECL_ENOBUFS 1
| #define HAVE_DECL_EWOULDBLOCK 1
| #define HAVE_DECL_SIOCGIFMTU 0
| #define HAVE_DECL_PTHREAD_CANCEL 1
| #define HAVE_DECL_CPU_SET 0
| #define HAVE_DECL_SIGALRM 0
| #define HAVE_DECL_AF_INET6 1
| #define HAVE_DECL_SO_TIMESTAMP 0
| #define HAVE_DECL_SO_SNDTIMEO 1
| #define HAVE_DECL_SO_REUSEPORT 0
| #define HAVE_DECL_SO_BINDTODEVICE 0
| #define HAVE_DECL_MSG_DONTWAIT 0
| /* end confdefs.h.  */
| 
| #ifdef HAVE_WINSOCK2_H
| #define _WIN32_WINNT 0x0501 /* use (at least) WinXP API */
| #define WIN32_LEAN_AND_MEAN /* exclude unnecesary headers */
| #include <windows.h>
| #include <winsock2.h>
| #include <ws2tcpip.h>
| #else
| #include <sys/socket.h>
| #include <netinet/in.h>
| #include <netinet/tcp.h>
| #endif
| 
| 
| int
| main ()
| {
| #ifndef SO_MAX_PACING_RATE
| #ifdef __cplusplus
|   (void) SO_MAX_PACING_RATE;
| #else
|   (void) SO_MAX_PACING_RATE;
| #endif
| #endif
| 
|   ;
|   return 0;
| }
configure:8093: result: no
configure:8104: checking whether SO_DONTROUTE is declared
configure:8104: x86_64-w64-mingw32-gcc -c  -O2 -std=gnu11  -DCONFIG_UTILS_IPERF2_STACKSIZE=262144 -include /c/Users/tttgu/Documents/Codex/s31-host-tools-2026-09-16/build-iperf2-win64/host-compat.h conftest.c >&5
configure:8104: $? = 0
configure:8104: result: yes
configure:8115: checking whether SO_REUSEADDR is declared
configure:8115: x86_64-w64-mingw32-gcc -c  -O2 -std=gnu11  -DCONFIG_UTILS_IPERF2_STACKSIZE=262144 -include /c/Users/tttgu/Documents/Codex/s31-host-tools-2026-09-16/build-iperf2-win64/host-compat.h conftest.c >&5
configure:8115: $? = 0
configure:8115: result: yes
configure:8126: checking whether IPV6_TCLASS is declared
configure:8126: x86_64-w64-mingw32-gcc -c  -O2 -std=gnu11  -DCONFIG_UTILS_IPERF2_STACKSIZE=262144 -include /c/Users/tttgu/Documents/Codex/s31-host-tools-2026-09-16/build-iperf2-win64/host-compat.h conftest.c >&5
configure:8126: $? = 0
configure:8126: result: yes
configure:8137: checking whether IP_MULTICAST_ALL is declared
configure:8137: x86_64-w64-mingw32-gcc -c  -O2 -std=gnu11  -DCONFIG_UTILS_IPERF2_STACKSIZE=262144 -include /c/Users/tttgu/Documents/Codex/s31-host-tools-2026-09-16/build-iperf2-win64/host-compat.h conftest.c >&5
conftest.c: In function 'main':
conftest.c:101:10: error: 'IP_MULTICAST_ALL' undeclared (first use in this function); did you mean 'IP_MULTICAST_TTL'?
  101 |   (void) IP_MULTICAST_ALL;
      |          ^~~~~~~~~~~~~~~~
      |          IP_MULTICAST_TTL
conftest.c:101:10: note: each undeclared identifier is reported only once for each function it appears in
configure:8137: $? = 1
configure: failed program was:
| /* confdefs.h */
| #define PACKAGE_NAME "Iperf"
| #define PACKAGE_TARNAME "iperf"
| #define PACKAGE_VERSION "2.1.8"
| #define PACKAGE_STRING "Iperf 2.1.8"
| #define PACKAGE_BUGREPORT ""
| #define PACKAGE_URL ""
| #define PACKAGE "iperf"
| #define VERSION "2.1.8"
| #define HAVE_DECL_IFF_TUN 0
| #define HAVE_DECL_IFF_TAP 0
| #define HAVE_PTHREAD_PRIO_INHERIT 1
| #define HAVE_PTHREAD 1
| #define HAVE_POSIX_THREAD 1
| #define _REENTRANT 1
| #define HAVE_WINSOCK2_H 1
| #define STDC_HEADERS 1
| #define HAVE_SYS_TYPES_H 1
| #define HAVE_SYS_STAT_H 1
| #define HAVE_STDLIB_H 1
| #define HAVE_STRING_H 1
| #define HAVE_MEMORY_H 1
| #define HAVE_STRINGS_H 1
| #define HAVE_INTTYPES_H 1
| #define HAVE_STDINT_H 1
| #define HAVE_UNISTD_H 1
| #define HAVE_LIBINTL_H 1
| #define HAVE_STDLIB_H 1
| #define HAVE_STRING_H 1
| #define HAVE_STRINGS_H 1
| #define HAVE_SYS_TIME_H 1
| #define HAVE_UNISTD_H 1
| #define HAVE_SIGNAL_H 1
| #define HAVE_SSIZE_T 1
| #define TIME_WITH_SYS_TIME 1
| #define HAVE_INT64_T 1
| #define Socklen_t int
| #define SELECT_TYPE_ARG1 int
| #define SELECT_TYPE_ARG234 (int *)
| #define SELECT_TYPE_ARG5 (struct timeval *)
| #define RETSIGTYPE void
| #define HAVE_STRFTIME 1
| #define HAVE_VPRINTF 1
| #define HAVE_ATEXIT 1
| #define HAVE_MEMSET 1
| #define HAVE_SELECT 1
| #define HAVE_STRCHR 1
| #define HAVE_STRERROR 1
| #define HAVE_STRTOL 1
| #define HAVE_STRTOLL 1
| #define HAVE_STRTOD 1
| #define HAVE_USLEEP 1
| #define HAVE_CLOCK_GETTIME 1
| #define HAVE_SCHED_SETSCHEDULER 1
| #define HAVE_SCHED_YIELD 1
| #define HAVE_NANOSLEEP 1
| #define HAVE_CLOCK_NANOSLEEP 1
| #define HAVE_FREOPEN 1
| #define HAVE_SNPRINTF 1
| #define HAVE_INET_PTON 1
| #define HAVE_INET_NTOP 1
| #define HAVE_GETTIMEOFDAY 1
| #define HAVE_DECL_ENOBUFS 1
| #define HAVE_DECL_EWOULDBLOCK 1
| #define HAVE_DECL_SIOCGIFMTU 0
| #define HAVE_DECL_PTHREAD_CANCEL 1
| #define HAVE_DECL_CPU_SET 0
| #define HAVE_DECL_SIGALRM 0
| #define HAVE_DECL_AF_INET6 1
| #define HAVE_DECL_SO_TIMESTAMP 0
| #define HAVE_DECL_SO_SNDTIMEO 1
| #define HAVE_DECL_SO_REUSEPORT 0
| #define HAVE_DECL_SO_BINDTODEVICE 0
| #define HAVE_DECL_MSG_DONTWAIT 0
| #define HAVE_DECL_SO_MAX_PACING_RATE 0
| #define HAVE_DECL_SO_DONTROUTE 1
| #define HAVE_DECL_SO_REUSEADDR 1
| #define HAVE_DECL_IPV6_TCLASS 1
| /* end confdefs.h.  */
| 
| #ifdef HAVE_WINSOCK2_H
| #define _WIN32_WINNT 0x0501 /* use (at least) WinXP API */
| #define WIN32_LEAN_AND_MEAN /* exclude unnecesary headers */
| #include <windows.h>
| #include <winsock2.h>
| #include <ws2tcpip.h>
| #else
| #include <sys/socket.h>
| #include <netinet/in.h>
| #include <netinet/tcp.h>
| #endif
| 
| 
| int
| main ()
| {
| #ifndef IP_MULTICAST_ALL
| #ifdef __cplusplus
|   (void) IP_MULTICAST_ALL;
| #else
|   (void) IP_MULTICAST_ALL;
| #endif
| #endif
| 
|   ;
|   return 0;
| }
configure:8137: result: no
configure:8148: checking whether IP_TOS is declared
configure:8148: x86_64-w64-mingw32-gcc -c  -O2 -std=gnu11  -DCONFIG_UTILS_IPERF2_STACKSIZE=262144 -include /c/Users/tttgu/Documents/Codex/s31-host-tools-2026-09-16/build-iperf2-win64/host-compat.h conftest.c >&5
configure:8148: $? = 0
configure:8148: result: yes
configure:8159: checking whether MCAST_JOIN_GROUP is declared
configure:8159: x86_64-w64-mingw32-gcc -c  -O2 -std=gnu11  -DCONFIG_UTILS_IPERF2_STACKSIZE=262144 -include /c/Users/tttgu/Documents/Codex/s31-host-tools-2026-09-16/build-iperf2-win64/host-compat.h conftest.c >&5
configure:8159: $? = 0
configure:8159: result: yes
configure:8170: checking whether MCAST_JOIN_SOURCE_GROUP is declared
configure:8170: x86_64-w64-mingw32-gcc -c  -O2 -std=gnu11  -DCONFIG_UTILS_IPERF2_STACKSIZE=262144 -include /c/Users/tttgu/Documents/Codex/s31-host-tools-2026-09-16/build-iperf2-win64/host-compat.h conftest.c >&5
configure:8170: $? = 0
configure:8170: result: yes
configure:8181: checking whether IPV6_JOIN_GROUP is declared
configure:8181: x86_64-w64-mingw32-gcc -c  -O2 -std=gnu11  -DCONFIG_UTILS_IPERF2_STACKSIZE=262144 -include /c/Users/tttgu/Documents/Codex/s31-host-tools-2026-09-16/build-iperf2-win64/host-compat.h conftest.c >&5
configure:8181: $? = 0
configure:8181: result: yes
configure:8192: checking whether IPV6_V6ONLY is declared
configure:8192: x86_64-w64-mingw32-gcc -c  -O2 -std=gnu11  -DCONFIG_UTILS_IPERF2_STACKSIZE=262144 -include /c/Users/tttgu/Documents/Codex/s31-host-tools-2026-09-16/build-iperf2-win64/host-compat.h conftest.c >&5
configure:8192: $? = 0
configure:8192: result: yes
configure:8203: checking whether IPV6_ADD_MEMBERSHIP is declared
configure:8203: x86_64-w64-mingw32-gcc -c  -O2 -std=gnu11  -DCONFIG_UTILS_IPERF2_STACKSIZE=262144 -include /c/Users/tttgu/Documents/Codex/s31-host-tools-2026-09-16/build-iperf2-win64/host-compat.h conftest.c >&5
configure:8203: $? = 0
configure:8203: result: yes
configure:8214: checking whether IPV6_MULTICAST_HOPS is declared
configure:8214: x86_64-w64-mingw32-gcc -c  -O2 -std=gnu11  -DCONFIG_UTILS_IPERF2_STACKSIZE=262144 -include /c/Users/tttgu/Documents/Codex/s31-host-tools-2026-09-16/build-iperf2-win64/host-compat.h conftest.c >&5
configure:8214: $? = 0
configure:8214: result: yes
configure:8225: checking whether MSG_PEEK is declared
configure:8225: x86_64-w64-mingw32-gcc -c  -O2 -std=gnu11  -DCONFIG_UTILS_IPERF2_STACKSIZE=262144 -include /c/Users/tttgu/Documents/Codex/s31-host-tools-2026-09-16/build-iperf2-win64/host-compat.h conftest.c >&5
configure:8225: $? = 0
configure:8225: result: yes
configure:8236: checking whether MSG_WAITALL is declared
configure:8236: x86_64-w64-mingw32-gcc -c  -O2 -std=gnu11  -DCONFIG_UTILS_IPERF2_STACKSIZE=262144 -include /c/Users/tttgu/Documents/Codex/s31-host-tools-2026-09-16/build-iperf2-win64/host-compat.h conftest.c >&5
conftest.c: In function 'main':
conftest.c:110:10: error: 'MSG_WAITALL' undeclared (first use in this function); did you mean 'MWMO_WAITALL'?
  110 |   (void) MSG_WAITALL;
      |          ^~~~~~~~~~~
      |          MWMO_WAITALL
conftest.c:110:10: note: each undeclared identifier is reported only once for each function it appears in
configure:8236: $? = 1
configure: failed program was:
| /* confdefs.h */
| #define PACKAGE_NAME "Iperf"
| #define PACKAGE_TARNAME "iperf"
| #define PACKAGE_VERSION "2.1.8"
| #define PACKAGE_STRING "Iperf 2.1.8"
| #define PACKAGE_BUGREPORT ""
| #define PACKAGE_URL ""
| #define PACKAGE "iperf"
| #define VERSION "2.1.8"
| #define HAVE_DECL_IFF_TUN 0
| #define HAVE_DECL_IFF_TAP 0
| #define HAVE_PTHREAD_PRIO_INHERIT 1
| #define HAVE_PTHREAD 1
| #define HAVE_POSIX_THREAD 1
| #define _REENTRANT 1
| #define HAVE_WINSOCK2_H 1
| #define STDC_HEADERS 1
| #define HAVE_SYS_TYPES_H 1
| #define HAVE_SYS_STAT_H 1
| #define HAVE_STDLIB_H 1
| #define HAVE_STRING_H 1
| #define HAVE_MEMORY_H 1
| #define HAVE_STRINGS_H 1
| #define HAVE_INTTYPES_H 1
| #define HAVE_STDINT_H 1
| #define HAVE_UNISTD_H 1
| #define HAVE_LIBINTL_H 1
| #define HAVE_STDLIB_H 1
| #define HAVE_STRING_H 1
| #define HAVE_STRINGS_H 1
| #define HAVE_SYS_TIME_H 1
| #define HAVE_UNISTD_H 1
| #define HAVE_SIGNAL_H 1
| #define HAVE_SSIZE_T 1
| #define TIME_WITH_SYS_TIME 1
| #define HAVE_INT64_T 1
| #define Socklen_t int
| #define SELECT_TYPE_ARG1 int
| #define SELECT_TYPE_ARG234 (int *)
| #define SELECT_TYPE_ARG5 (struct timeval *)
| #define RETSIGTYPE void
| #define HAVE_STRFTIME 1
| #define HAVE_VPRINTF 1
| #define HAVE_ATEXIT 1
| #define HAVE_MEMSET 1
| #define HAVE_SELECT 1
| #define HAVE_STRCHR 1
| #define HAVE_STRERROR 1
| #define HAVE_STRTOL 1
| #define HAVE_STRTOLL 1
| #define HAVE_STRTOD 1
| #define HAVE_USLEEP 1
| #define HAVE_CLOCK_GETTIME 1
| #define HAVE_SCHED_SETSCHEDULER 1
| #define HAVE_SCHED_YIELD 1
| #define HAVE_NANOSLEEP 1
| #define HAVE_CLOCK_NANOSLEEP 1
| #define HAVE_FREOPEN 1
| #define HAVE_SNPRINTF 1
| #define HAVE_INET_PTON 1
| #define HAVE_INET_NTOP 1
| #define HAVE_GETTIMEOFDAY 1
| #define HAVE_DECL_ENOBUFS 1
| #define HAVE_DECL_EWOULDBLOCK 1
| #define HAVE_DECL_SIOCGIFMTU 0
| #define HAVE_DECL_PTHREAD_CANCEL 1
| #define HAVE_DECL_CPU_SET 0
| #define HAVE_DECL_SIGALRM 0
| #define HAVE_DECL_AF_INET6 1
| #define HAVE_DECL_SO_TIMESTAMP 0
| #define HAVE_DECL_SO_SNDTIMEO 1
| #define HAVE_DECL_SO_REUSEPORT 0
| #define HAVE_DECL_SO_BINDTODEVICE 0
| #define HAVE_DECL_MSG_DONTWAIT 0
| #define HAVE_DECL_SO_MAX_PACING_RATE 0
| #define HAVE_DECL_SO_DONTROUTE 1
| #define HAVE_DECL_SO_REUSEADDR 1
| #define HAVE_DECL_IPV6_TCLASS 1
| #define HAVE_DECL_IP_MULTICAST_ALL 0
| #define HAVE_DECL_IP_TOS 1
| #define HAVE_DECL_MCAST_JOIN_GROUP 1
| #define HAVE_DECL_MCAST_JOIN_SOURCE_GROUP 1
| #define HAVE_DECL_IPV6_JOIN_GROUP 1
| #define HAVE_DECL_IPV6_V6ONLY 1
| #define HAVE_DECL_IPV6_ADD_MEMBERSHIP 1
| #define HAVE_DECL_IPV6_MULTICAST_HOPS 1
| #define HAVE_DECL_MSG_PEEK 1
| /* end confdefs.h.  */
| 
| #ifdef HAVE_WINSOCK2_H
| #define _WIN32_WINNT 0x0501 /* use (at least) WinXP API */
| #define WIN32_LEAN_AND_MEAN /* exclude unnecesary headers */
| #include <windows.h>
| #include <winsock2.h>
| #include <ws2tcpip.h>
| #else
| #include <sys/socket.h>
| #include <netinet/in.h>
| #include <netinet/tcp.h>
| #endif
| 
| 
| int
| main ()
| {
| #ifndef MSG_WAITALL
| #ifdef __cplusplus
|   (void) MSG_WAITALL;
| #else
|   (void) MSG_WAITALL;
| #endif
| #endif
| 
|   ;
|   return 0;
| }
configure:8236: result: no
configure:8247: checking whether TCP_NODELAY is declared
configure:8247: x86_64-w64-mingw32-gcc -c  -O2 -std=gnu11  -DCONFIG_UTILS_IPERF2_STACKSIZE=262144 -include /c/Users/tttgu/Documents/Codex/s31-host-tools-2026-09-16/build-iperf2-win64/host-compat.h conftest.c >&5
configure:8247: $? = 0
configure:8247: result: yes
configure:8258: checking whether TCP_INFO is declared
configure:8258: x86_64-w64-mingw32-gcc -c  -O2 -std=gnu11  -DCONFIG_UTILS_IPERF2_STACKSIZE=262144 -include /c/Users/tttgu/Documents/Codex/s31-host-tools-2026-09-16/build-iperf2-win64/host-compat.h conftest.c >&5
conftest.c: In function 'main':
conftest.c:112:10: error: 'TCP_INFO' undeclared (first use in this function); did you mean 'CPINFO'?
  112 |   (void) TCP_INFO;
      |          ^~~~~~~~
      |          CPINFO
conftest.c:112:10: note: each undeclared identifier is reported only once for each function it appears in
configure:8258: $? = 1
configure: failed program was:
| /* confdefs.h */
| #define PACKAGE_NAME "Iperf"
| #define PACKAGE_TARNAME "iperf"
| #define PACKAGE_VERSION "2.1.8"
| #define PACKAGE_STRING "Iperf 2.1.8"
| #define PACKAGE_BUGREPORT ""
| #define PACKAGE_URL ""
| #define PACKAGE "iperf"
| #define VERSION "2.1.8"
| #define HAVE_DECL_IFF_TUN 0
| #define HAVE_DECL_IFF_TAP 0
| #define HAVE_PTHREAD_PRIO_INHERIT 1
| #define HAVE_PTHREAD 1
| #define HAVE_POSIX_THREAD 1
| #define _REENTRANT 1
| #define HAVE_WINSOCK2_H 1
| #define STDC_HEADERS 1
| #define HAVE_SYS_TYPES_H 1
| #define HAVE_SYS_STAT_H 1
| #define HAVE_STDLIB_H 1
| #define HAVE_STRING_H 1
| #define HAVE_MEMORY_H 1
| #define HAVE_STRINGS_H 1
| #define HAVE_INTTYPES_H 1
| #define HAVE_STDINT_H 1
| #define HAVE_UNISTD_H 1
| #define HAVE_LIBINTL_H 1
| #define HAVE_STDLIB_H 1
| #define HAVE_STRING_H 1
| #define HAVE_STRINGS_H 1
| #define HAVE_SYS_TIME_H 1
| #define HAVE_UNISTD_H 1
| #define HAVE_SIGNAL_H 1
| #define HAVE_SSIZE_T 1
| #define TIME_WITH_SYS_TIME 1
| #define HAVE_INT64_T 1
| #define Socklen_t int
| #define SELECT_TYPE_ARG1 int
| #define SELECT_TYPE_ARG234 (int *)
| #define SELECT_TYPE_ARG5 (struct timeval *)
| #define RETSIGTYPE void
| #define HAVE_STRFTIME 1
| #define HAVE_VPRINTF 1
| #define HAVE_ATEXIT 1
| #define HAVE_MEMSET 1
| #define HAVE_SELECT 1
| #define HAVE_STRCHR 1
| #define HAVE_STRERROR 1
| #define HAVE_STRTOL 1
| #define HAVE_STRTOLL 1
| #define HAVE_STRTOD 1
| #define HAVE_USLEEP 1
| #define HAVE_CLOCK_GETTIME 1
| #define HAVE_SCHED_SETSCHEDULER 1
| #define HAVE_SCHED_YIELD 1
| #define HAVE_NANOSLEEP 1
| #define HAVE_CLOCK_NANOSLEEP 1
| #define HAVE_FREOPEN 1
| #define HAVE_SNPRINTF 1
| #define HAVE_INET_PTON 1
| #define HAVE_INET_NTOP 1
| #define HAVE_GETTIMEOFDAY 1
| #define HAVE_DECL_ENOBUFS 1
| #define HAVE_DECL_EWOULDBLOCK 1
| #define HAVE_DECL_SIOCGIFMTU 0
| #define HAVE_DECL_PTHREAD_CANCEL 1
| #define HAVE_DECL_CPU_SET 0
| #define HAVE_DECL_SIGALRM 0
| #define HAVE_DECL_AF_INET6 1
| #define HAVE_DECL_SO_TIMESTAMP 0
| #define HAVE_DECL_SO_SNDTIMEO 1
| #define HAVE_DECL_SO_REUSEPORT 0
| #define HAVE_DECL_SO_BINDTODEVICE 0
| #define HAVE_DECL_MSG_DONTWAIT 0
| #define HAVE_DECL_SO_MAX_PACING_RATE 0
| #define HAVE_DECL_SO_DONTROUTE 1
| #define HAVE_DECL_SO_REUSEADDR 1
| #define HAVE_DECL_IPV6_TCLASS 1
| #define HAVE_DECL_IP_MULTICAST_ALL 0
| #define HAVE_DECL_IP_TOS 1
| #define HAVE_DECL_MCAST_JOIN_GROUP 1
| #define HAVE_DECL_MCAST_JOIN_SOURCE_GROUP 1
| #define HAVE_DECL_IPV6_JOIN_GROUP 1
| #define HAVE_DECL_IPV6_V6ONLY 1
| #define HAVE_DECL_IPV6_ADD_MEMBERSHIP 1
| #define HAVE_DECL_IPV6_MULTICAST_HOPS 1
| #define HAVE_DECL_MSG_PEEK 1
| #define HAVE_DECL_MSG_WAITALL 0
| #define HAVE_DECL_TCP_NODELAY 1
| /* end confdefs.h.  */
| 
| #ifdef HAVE_WINSOCK2_H
| #define _WIN32_WINNT 0x0501 /* use (at least) WinXP API */
| #define WIN32_LEAN_AND_MEAN /* exclude unnecesary headers */
| #include <windows.h>
| #include <winsock2.h>
| #include <ws2tcpip.h>
| #else
| #include <sys/socket.h>
| #include <netinet/in.h>
| #include <netinet/tcp.h>
| #endif
| 
| 
| int
| main ()
| {
| #ifndef TCP_INFO
| #ifdef __cplusplus
|   (void) TCP_INFO;
| #else
|   (void) TCP_INFO;
| #endif
| #endif
| 
|   ;
|   return 0;
| }
configure:8258: result: no
configure:8269: checking whether TCP_CONNECTION_INFO is declared
configure:8269: x86_64-w64-mingw32-gcc -c  -O2 -std=gnu11  -DCONFIG_UTILS_IPERF2_STACKSIZE=262144 -include /c/Users/tttgu/Documents/Codex/s31-host-tools-2026-09-16/build-iperf2-win64/host-compat.h conftest.c >&5
conftest.c: In function 'main':
conftest.c:113:10: error: 'TCP_CONNECTION_INFO' undeclared (first use in this function)
  113 |   (void) TCP_CONNECTION_INFO;
      |          ^~~~~~~~~~~~~~~~~~~
conftest.c:113:10: note: each undeclared identifier is reported only once for each function it appears in
configure:8269: $? = 1
configure: failed program was:
| /* confdefs.h */
| #define PACKAGE_NAME "Iperf"
| #define PACKAGE_TARNAME "iperf"
| #define PACKAGE_VERSION "2.1.8"
| #define PACKAGE_STRING "Iperf 2.1.8"
| #define PACKAGE_BUGREPORT ""
| #define PACKAGE_URL ""
| #define PACKAGE "iperf"
| #define VERSION "2.1.8"
| #define HAVE_DECL_IFF_TUN 0
| #define HAVE_DECL_IFF_TAP 0
| #define HAVE_PTHREAD_PRIO_INHERIT 1
| #define HAVE_PTHREAD 1
| #define HAVE_POSIX_THREAD 1
| #define _REENTRANT 1
| #define HAVE_WINSOCK2_H 1
| #define STDC_HEADERS 1
| #define HAVE_SYS_TYPES_H 1
| #define HAVE_SYS_STAT_H 1
| #define HAVE_STDLIB_H 1
| #define HAVE_STRING_H 1
| #define HAVE_MEMORY_H 1
| #define HAVE_STRINGS_H 1
| #define HAVE_INTTYPES_H 1
| #define HAVE_STDINT_H 1
| #define HAVE_UNISTD_H 1
| #define HAVE_LIBINTL_H 1
| #define HAVE_STDLIB_H 1
| #define HAVE_STRING_H 1
| #define HAVE_STRINGS_H 1
| #define HAVE_SYS_TIME_H 1
| #define HAVE_UNISTD_H 1
| #define HAVE_SIGNAL_H 1
| #define HAVE_SSIZE_T 1
| #define TIME_WITH_SYS_TIME 1
| #define HAVE_INT64_T 1
| #define Socklen_t int
| #define SELECT_TYPE_ARG1 int
| #define SELECT_TYPE_ARG234 (int *)
| #define SELECT_TYPE_ARG5 (struct timeval *)
| #define RETSIGTYPE void
| #define HAVE_STRFTIME 1
| #define HAVE_VPRINTF 1
| #define HAVE_ATEXIT 1
| #define HAVE_MEMSET 1
| #define HAVE_SELECT 1
| #define HAVE_STRCHR 1
| #define HAVE_STRERROR 1
| #define HAVE_STRTOL 1
| #define HAVE_STRTOLL 1
| #define HAVE_STRTOD 1
| #define HAVE_USLEEP 1
| #define HAVE_CLOCK_GETTIME 1
| #define HAVE_SCHED_SETSCHEDULER 1
| #define HAVE_SCHED_YIELD 1
| #define HAVE_NANOSLEEP 1
| #define HAVE_CLOCK_NANOSLEEP 1
| #define HAVE_FREOPEN 1
| #define HAVE_SNPRINTF 1
| #define HAVE_INET_PTON 1
| #define HAVE_INET_NTOP 1
| #define HAVE_GETTIMEOFDAY 1
| #define HAVE_DECL_ENOBUFS 1
| #define HAVE_DECL_EWOULDBLOCK 1
| #define HAVE_DECL_SIOCGIFMTU 0
| #define HAVE_DECL_PTHREAD_CANCEL 1
| #define HAVE_DECL_CPU_SET 0
| #define HAVE_DECL_SIGALRM 0
| #define HAVE_DECL_AF_INET6 1
| #define HAVE_DECL_SO_TIMESTAMP 0
| #define HAVE_DECL_SO_SNDTIMEO 1
| #define HAVE_DECL_SO_REUSEPORT 0
| #define HAVE_DECL_SO_BINDTODEVICE 0
| #define HAVE_DECL_MSG_DONTWAIT 0
| #define HAVE_DECL_SO_MAX_PACING_RATE 0
| #define HAVE_DECL_SO_DONTROUTE 1
| #define HAVE_DECL_SO_REUSEADDR 1
| #define HAVE_DECL_IPV6_TCLASS 1
| #define HAVE_DECL_IP_MULTICAST_ALL 0
| #define HAVE_DECL_IP_TOS 1
| #define HAVE_DECL_MCAST_JOIN_GROUP 1
| #define HAVE_DECL_MCAST_JOIN_SOURCE_GROUP 1
| #define HAVE_DECL_IPV6_JOIN_GROUP 1
| #define HAVE_DECL_IPV6_V6ONLY 1
| #define HAVE_DECL_IPV6_ADD_MEMBERSHIP 1
| #define HAVE_DECL_IPV6_MULTICAST_HOPS 1
| #define HAVE_DECL_MSG_PEEK 1
| #define HAVE_DECL_MSG_WAITALL 0
| #define HAVE_DECL_TCP_NODELAY 1
| #define HAVE_DECL_TCP_INFO 0
| /* end confdefs.h.  */
| 
| #ifdef HAVE_WINSOCK2_H
| #define _WIN32_WINNT 0x0501 /* use (at least) WinXP API */
| #define WIN32_LEAN_AND_MEAN /* exclude unnecesary headers */
| #include <windows.h>
| #include <winsock2.h>
| #include <ws2tcpip.h>
| #else
| #include <sys/socket.h>
| #include <netinet/in.h>
| #include <netinet/tcp.h>
| #endif
| 
| 
| int
| main ()
| {
| #ifndef TCP_CONNECTION_INFO
| #ifdef __cplusplus
|   (void) TCP_CONNECTION_INFO;
| #else
|   (void) TCP_CONNECTION_INFO;
| #endif
| #endif
| 
|   ;
|   return 0;
| }
configure:8269: result: no
configure:8280: checking whether TCP_WINDOW_CLAMP is declared
configure:8280: x86_64-w64-mingw32-gcc -c  -O2 -std=gnu11  -DCONFIG_UTILS_IPERF2_STACKSIZE=262144 -include /c/Users/tttgu/Documents/Codex/s31-host-tools-2026-09-16/build-iperf2-win64/host-compat.h conftest.c >&5
conftest.c: In function 'main':
conftest.c:114:10: error: 'TCP_WINDOW_CLAMP' undeclared (first use in this function)
  114 |   (void) TCP_WINDOW_CLAMP;
      |          ^~~~~~~~~~~~~~~~
conftest.c:114:10: note: each undeclared identifier is reported only once for each function it appears in
configure:8280: $? = 1
configure: failed program was:
| /* confdefs.h */
| #define PACKAGE_NAME "Iperf"
| #define PACKAGE_TARNAME "iperf"
| #define PACKAGE_VERSION "2.1.8"
| #define PACKAGE_STRING "Iperf 2.1.8"
| #define PACKAGE_BUGREPORT ""
| #define PACKAGE_URL ""
| #define PACKAGE "iperf"
| #define VERSION "2.1.8"
| #define HAVE_DECL_IFF_TUN 0
| #define HAVE_DECL_IFF_TAP 0
| #define HAVE_PTHREAD_PRIO_INHERIT 1
| #define HAVE_PTHREAD 1
| #define HAVE_POSIX_THREAD 1
| #define _REENTRANT 1
| #define HAVE_WINSOCK2_H 1
| #define STDC_HEADERS 1
| #define HAVE_SYS_TYPES_H 1
| #define HAVE_SYS_STAT_H 1
| #define HAVE_STDLIB_H 1
| #define HAVE_STRING_H 1
| #define HAVE_MEMORY_H 1
| #define HAVE_STRINGS_H 1
| #define HAVE_INTTYPES_H 1
| #define HAVE_STDINT_H 1
| #define HAVE_UNISTD_H 1
| #define HAVE_LIBINTL_H 1
| #define HAVE_STDLIB_H 1
| #define HAVE_STRING_H 1
| #define HAVE_STRINGS_H 1
| #define HAVE_SYS_TIME_H 1
| #define HAVE_UNISTD_H 1
| #define HAVE_SIGNAL_H 1
| #define HAVE_SSIZE_T 1
| #define TIME_WITH_SYS_TIME 1
| #define HAVE_INT64_T 1
| #define Socklen_t int
| #define SELECT_TYPE_ARG1 int
| #define SELECT_TYPE_ARG234 (int *)
| #define SELECT_TYPE_ARG5 (struct timeval *)
| #define RETSIGTYPE void
| #define HAVE_STRFTIME 1
| #define HAVE_VPRINTF 1
| #define HAVE_ATEXIT 1
| #define HAVE_MEMSET 1
| #define HAVE_SELECT 1
| #define HAVE_STRCHR 1
| #define HAVE_STRERROR 1
| #define HAVE_STRTOL 1
| #define HAVE_STRTOLL 1
| #define HAVE_STRTOD 1
| #define HAVE_USLEEP 1
| #define HAVE_CLOCK_GETTIME 1
| #define HAVE_SCHED_SETSCHEDULER 1
| #define HAVE_SCHED_YIELD 1
| #define HAVE_NANOSLEEP 1
| #define HAVE_CLOCK_NANOSLEEP 1
| #define HAVE_FREOPEN 1
| #define HAVE_SNPRINTF 1
| #define HAVE_INET_PTON 1
| #define HAVE_INET_NTOP 1
| #define HAVE_GETTIMEOFDAY 1
| #define HAVE_DECL_ENOBUFS 1
| #define HAVE_DECL_EWOULDBLOCK 1
| #define HAVE_DECL_SIOCGIFMTU 0
| #define HAVE_DECL_PTHREAD_CANCEL 1
| #define HAVE_DECL_CPU_SET 0
| #define HAVE_DECL_SIGALRM 0
| #define HAVE_DECL_AF_INET6 1
| #define HAVE_DECL_SO_TIMESTAMP 0
| #define HAVE_DECL_SO_SNDTIMEO 1
| #define HAVE_DECL_SO_REUSEPORT 0
| #define HAVE_DECL_SO_BINDTODEVICE 0
| #define HAVE_DECL_MSG_DONTWAIT 0
| #define HAVE_DECL_SO_MAX_PACING_RATE 0
| #define HAVE_DECL_SO_DONTROUTE 1
| #define HAVE_DECL_SO_REUSEADDR 1
| #define HAVE_DECL_IPV6_TCLASS 1
| #define HAVE_DECL_IP_MULTICAST_ALL 0
| #define HAVE_DECL_IP_TOS 1
| #define HAVE_DECL_MCAST_JOIN_GROUP 1
| #define HAVE_DECL_MCAST_JOIN_SOURCE_GROUP 1
| #define HAVE_DECL_IPV6_JOIN_GROUP 1
| #define HAVE_DECL_IPV6_V6ONLY 1
| #define HAVE_DECL_IPV6_ADD_MEMBERSHIP 1
| #define HAVE_DECL_IPV6_MULTICAST_HOPS 1
| #define HAVE_DECL_MSG_PEEK 1
| #define HAVE_DECL_MSG_WAITALL 0
| #define HAVE_DECL_TCP_NODELAY 1
| #define HAVE_DECL_TCP_INFO 0
| #define HAVE_DECL_TCP_CONNECTION_INFO 0
| /* end confdefs.h.  */
| 
| #ifdef HAVE_WINSOCK2_H
| #define _WIN32_WINNT 0x0501 /* use (at least) WinXP API */
| #define WIN32_LEAN_AND_MEAN /* exclude unnecesary headers */
| #include <windows.h>
| #include <winsock2.h>
| #include <ws2tcpip.h>
| #else
| #include <sys/socket.h>
| #include <netinet/in.h>
| #include <netinet/tcp.h>
| #endif
| 
| 
| int
| main ()
| {
| #ifndef TCP_WINDOW_CLAMP
| #ifdef __cplusplus
|   (void) TCP_WINDOW_CLAMP;
| #else
|   (void) TCP_WINDOW_CLAMP;
| #endif
| #endif
| 
|   ;
|   return 0;
| }
configure:8280: result: no
configure:8291: checking whether TCP_QUICKACK is declared
configure:8291: x86_64-w64-mingw32-gcc -c  -O2 -std=gnu11  -DCONFIG_UTILS_IPERF2_STACKSIZE=262144 -include /c/Users/tttgu/Documents/Codex/s31-host-tools-2026-09-16/build-iperf2-win64/host-compat.h conftest.c >&5
conftest.c: In function 'main':
conftest.c:115:10: error: 'TCP_QUICKACK' undeclared (first use in this function)
  115 |   (void) TCP_QUICKACK;
      |          ^~~~~~~~~~~~
conftest.c:115:10: note: each undeclared identifier is reported only once for each function it appears in
configure:8291: $? = 1
configure: failed program was:
| /* confdefs.h */
| #define PACKAGE_NAME "Iperf"
| #define PACKAGE_TARNAME "iperf"
| #define PACKAGE_VERSION "2.1.8"
| #define PACKAGE_STRING "Iperf 2.1.8"
| #define PACKAGE_BUGREPORT ""
| #define PACKAGE_URL ""
| #define PACKAGE "iperf"
| #define VERSION "2.1.8"
| #define HAVE_DECL_IFF_TUN 0
| #define HAVE_DECL_IFF_TAP 0
| #define HAVE_PTHREAD_PRIO_INHERIT 1
| #define HAVE_PTHREAD 1
| #define HAVE_POSIX_THREAD 1
| #define _REENTRANT 1
| #define HAVE_WINSOCK2_H 1
| #define STDC_HEADERS 1
| #define HAVE_SYS_TYPES_H 1
| #define HAVE_SYS_STAT_H 1
| #define HAVE_STDLIB_H 1
| #define HAVE_STRING_H 1
| #define HAVE_MEMORY_H 1
| #define HAVE_STRINGS_H 1
| #define HAVE_INTTYPES_H 1
| #define HAVE_STDINT_H 1
| #define HAVE_UNISTD_H 1
| #define HAVE_LIBINTL_H 1
| #define HAVE_STDLIB_H 1
| #define HAVE_STRING_H 1
| #define HAVE_STRINGS_H 1
| #define HAVE_SYS_TIME_H 1
| #define HAVE_UNISTD_H 1
| #define HAVE_SIGNAL_H 1
| #define HAVE_SSIZE_T 1
| #define TIME_WITH_SYS_TIME 1
| #define HAVE_INT64_T 1
| #define Socklen_t int
| #define SELECT_TYPE_ARG1 int
| #define SELECT_TYPE_ARG234 (int *)
| #define SELECT_TYPE_ARG5 (struct timeval *)
| #define RETSIGTYPE void
| #define HAVE_STRFTIME 1
| #define HAVE_VPRINTF 1
| #define HAVE_ATEXIT 1
| #define HAVE_MEMSET 1
| #define HAVE_SELECT 1
| #define HAVE_STRCHR 1
| #define HAVE_STRERROR 1
| #define HAVE_STRTOL 1
| #define HAVE_STRTOLL 1
| #define HAVE_STRTOD 1
| #define HAVE_USLEEP 1
| #define HAVE_CLOCK_GETTIME 1
| #define HAVE_SCHED_SETSCHEDULER 1
| #define HAVE_SCHED_YIELD 1
| #define HAVE_NANOSLEEP 1
| #define HAVE_CLOCK_NANOSLEEP 1
| #define HAVE_FREOPEN 1
| #define HAVE_SNPRINTF 1
| #define HAVE_INET_PTON 1
| #define HAVE_INET_NTOP 1
| #define HAVE_GETTIMEOFDAY 1
| #define HAVE_DECL_ENOBUFS 1
| #define HAVE_DECL_EWOULDBLOCK 1
| #define HAVE_DECL_SIOCGIFMTU 0
| #define HAVE_DECL_PTHREAD_CANCEL 1
| #define HAVE_DECL_CPU_SET 0
| #define HAVE_DECL_SIGALRM 0
| #define HAVE_DECL_AF_INET6 1
| #define HAVE_DECL_SO_TIMESTAMP 0
| #define HAVE_DECL_SO_SNDTIMEO 1
| #define HAVE_DECL_SO_REUSEPORT 0
| #define HAVE_DECL_SO_BINDTODEVICE 0
| #define HAVE_DECL_MSG_DONTWAIT 0
| #define HAVE_DECL_SO_MAX_PACING_RATE 0
| #define HAVE_DECL_SO_DONTROUTE 1
| #define HAVE_DECL_SO_REUSEADDR 1
| #define HAVE_DECL_IPV6_TCLASS 1
| #define HAVE_DECL_IP_MULTICAST_ALL 0
| #define HAVE_DECL_IP_TOS 1
| #define HAVE_DECL_MCAST_JOIN_GROUP 1
| #define HAVE_DECL_MCAST_JOIN_SOURCE_GROUP 1
| #define HAVE_DECL_IPV6_JOIN_GROUP 1
| #define HAVE_DECL_IPV6_V6ONLY 1
| #define HAVE_DECL_IPV6_ADD_MEMBERSHIP 1
| #define HAVE_DECL_IPV6_MULTICAST_HOPS 1
| #define HAVE_DECL_MSG_PEEK 1
| #define HAVE_DECL_MSG_WAITALL 0
| #define HAVE_DECL_TCP_NODELAY 1
| #define HAVE_DECL_TCP_INFO 0
| #define HAVE_DECL_TCP_CONNECTION_INFO 0
| #define HAVE_DECL_TCP_WINDOW_CLAMP 0
| /* end confdefs.h.  */
| 
| #ifdef HAVE_WINSOCK2_H
| #define _WIN32_WINNT 0x0501 /* use (at least) WinXP API */
| #define WIN32_LEAN_AND_MEAN /* exclude unnecesary headers */
| #include <windows.h>
| #include <winsock2.h>
| #include <ws2tcpip.h>
| #else
| #include <sys/socket.h>
| #include <netinet/in.h>
| #include <netinet/tcp.h>
| #endif
| 
| 
| int
| main ()
| {
| #ifndef TCP_QUICKACK
| #ifdef __cplusplus
|   (void) TCP_QUICKACK;
| #else
|   (void) TCP_QUICKACK;
| #endif
| #endif
| 
|   ;
|   return 0;
| }
configure:8291: result: no
configure:8302: checking whether TCP_NOTSENT_LOWAT is declared
configure:8302: x86_64-w64-mingw32-gcc -c  -O2 -std=gnu11  -DCONFIG_UTILS_IPERF2_STACKSIZE=262144 -include /c/Users/tttgu/Documents/Codex/s31-host-tools-2026-09-16/build-iperf2-win64/host-compat.h conftest.c >&5
conftest.c: In function 'main':
conftest.c:116:10: error: 'TCP_NOTSENT_LOWAT' undeclared (first use in this function)
  116 |   (void) TCP_NOTSENT_LOWAT;
      |          ^~~~~~~~~~~~~~~~~
conftest.c:116:10: note: each undeclared identifier is reported only once for each function it appears in
configure:8302: $? = 1
configure: failed program was:
| /* confdefs.h */
| #define PACKAGE_NAME "Iperf"
| #define PACKAGE_TARNAME "iperf"
| #define PACKAGE_VERSION "2.1.8"
| #define PACKAGE_STRING "Iperf 2.1.8"
| #define PACKAGE_BUGREPORT ""
| #define PACKAGE_URL ""
| #define PACKAGE "iperf"
| #define VERSION "2.1.8"
| #define HAVE_DECL_IFF_TUN 0
| #define HAVE_DECL_IFF_TAP 0
| #define HAVE_PTHREAD_PRIO_INHERIT 1
| #define HAVE_PTHREAD 1
| #define HAVE_POSIX_THREAD 1
| #define _REENTRANT 1
| #define HAVE_WINSOCK2_H 1
| #define STDC_HEADERS 1
| #define HAVE_SYS_TYPES_H 1
| #define HAVE_SYS_STAT_H 1
| #define HAVE_STDLIB_H 1
| #define HAVE_STRING_H 1
| #define HAVE_MEMORY_H 1
| #define HAVE_STRINGS_H 1
| #define HAVE_INTTYPES_H 1
| #define HAVE_STDINT_H 1
| #define HAVE_UNISTD_H 1
| #define HAVE_LIBINTL_H 1
| #define HAVE_STDLIB_H 1
| #define HAVE_STRING_H 1
| #define HAVE_STRINGS_H 1
| #define HAVE_SYS_TIME_H 1
| #define HAVE_UNISTD_H 1
| #define HAVE_SIGNAL_H 1
| #define HAVE_SSIZE_T 1
| #define TIME_WITH_SYS_TIME 1
| #define HAVE_INT64_T 1
| #define Socklen_t int
| #define SELECT_TYPE_ARG1 int
| #define SELECT_TYPE_ARG234 (int *)
| #define SELECT_TYPE_ARG5 (struct timeval *)
| #define RETSIGTYPE void
| #define HAVE_STRFTIME 1
| #define HAVE_VPRINTF 1
| #define HAVE_ATEXIT 1
| #define HAVE_MEMSET 1
| #define HAVE_SELECT 1
| #define HAVE_STRCHR 1
| #define HAVE_STRERROR 1
| #define HAVE_STRTOL 1
| #define HAVE_STRTOLL 1
| #define HAVE_STRTOD 1
| #define HAVE_USLEEP 1
| #define HAVE_CLOCK_GETTIME 1
| #define HAVE_SCHED_SETSCHEDULER 1
| #define HAVE_SCHED_YIELD 1
| #define HAVE_NANOSLEEP 1
| #define HAVE_CLOCK_NANOSLEEP 1
| #define HAVE_FREOPEN 1
| #define HAVE_SNPRINTF 1
| #define HAVE_INET_PTON 1
| #define HAVE_INET_NTOP 1
| #define HAVE_GETTIMEOFDAY 1
| #define HAVE_DECL_ENOBUFS 1
| #define HAVE_DECL_EWOULDBLOCK 1
| #define HAVE_DECL_SIOCGIFMTU 0
| #define HAVE_DECL_PTHREAD_CANCEL 1
| #define HAVE_DECL_CPU_SET 0
| #define HAVE_DECL_SIGALRM 0
| #define HAVE_DECL_AF_INET6 1
| #define HAVE_DECL_SO_TIMESTAMP 0
| #define HAVE_DECL_SO_SNDTIMEO 1
| #define HAVE_DECL_SO_REUSEPORT 0
| #define HAVE_DECL_SO_BINDTODEVICE 0
| #define HAVE_DECL_MSG_DONTWAIT 0
| #define HAVE_DECL_SO_MAX_PACING_RATE 0
| #define HAVE_DECL_SO_DONTROUTE 1
| #define HAVE_DECL_SO_REUSEADDR 1
| #define HAVE_DECL_IPV6_TCLASS 1
| #define HAVE_DECL_IP_MULTICAST_ALL 0
| #define HAVE_DECL_IP_TOS 1
| #define HAVE_DECL_MCAST_JOIN_GROUP 1
| #define HAVE_DECL_MCAST_JOIN_SOURCE_GROUP 1
| #define HAVE_DECL_IPV6_JOIN_GROUP 1
| #define HAVE_DECL_IPV6_V6ONLY 1
| #define HAVE_DECL_IPV6_ADD_MEMBERSHIP 1
| #define HAVE_DECL_IPV6_MULTICAST_HOPS 1
| #define HAVE_DECL_MSG_PEEK 1
| #define HAVE_DECL_MSG_WAITALL 0
| #define HAVE_DECL_TCP_NODELAY 1
| #define HAVE_DECL_TCP_INFO 0
| #define HAVE_DECL_TCP_CONNECTION_INFO 0
| #define HAVE_DECL_TCP_WINDOW_CLAMP 0
| #define HAVE_DECL_TCP_QUICKACK 0
| /* end confdefs.h.  */
| 
| #ifdef HAVE_WINSOCK2_H
| #define _WIN32_WINNT 0x0501 /* use (at least) WinXP API */
| #define WIN32_LEAN_AND_MEAN /* exclude unnecesary headers */
| #include <windows.h>
| #include <winsock2.h>
| #include <ws2tcpip.h>
| #else
| #include <sys/socket.h>
| #include <netinet/in.h>
| #include <netinet/tcp.h>
| #endif
| 
| 
| int
| main ()
| {
| #ifndef TCP_NOTSENT_LOWAT
| #ifdef __cplusplus
|   (void) TCP_NOTSENT_LOWAT;
| #else
|   (void) TCP_NOTSENT_LOWAT;
| #endif
| #endif
| 
|   ;
|   return 0;
| }
configure:8302: result: no
configure:8313: checking whether TCP_MAXSEG is declared
configure:8313: x86_64-w64-mingw32-gcc -c  -O2 -std=gnu11  -DCONFIG_UTILS_IPERF2_STACKSIZE=262144 -include /c/Users/tttgu/Documents/Codex/s31-host-tools-2026-09-16/build-iperf2-win64/host-compat.h conftest.c >&5
configure:8313: $? = 0
configure:8313: result: yes
configure:8324: checking whether IP_ADD_MEMBERSHIP is declared
configure:8324: x86_64-w64-mingw32-gcc -c  -O2 -std=gnu11  -DCONFIG_UTILS_IPERF2_STACKSIZE=262144 -include /c/Users/tttgu/Documents/Codex/s31-host-tools-2026-09-16/build-iperf2-win64/host-compat.h conftest.c >&5
configure:8324: $? = 0
configure:8324: result: yes
configure:8335: checking whether IP_ADD_SOURCE_MEMBERSHIP is declared
configure:8335: x86_64-w64-mingw32-gcc -c  -O2 -std=gnu11  -DCONFIG_UTILS_IPERF2_STACKSIZE=262144 -include /c/Users/tttgu/Documents/Codex/s31-host-tools-2026-09-16/build-iperf2-win64/host-compat.h conftest.c >&5
configure:8335: $? = 0
configure:8335: result: yes
configure:8348: checking for struct sockaddr_storage
configure:8348: x86_64-w64-mingw32-gcc -c  -O2 -std=gnu11  -DCONFIG_UTILS_IPERF2_STACKSIZE=262144 -include /c/Users/tttgu/Documents/Codex/s31-host-tools-2026-09-16/build-iperf2-win64/host-compat.h conftest.c >&5
configure:8348: $? = 0
configure:8348: x86_64-w64-mingw32-gcc -c  -O2 -std=gnu11  -DCONFIG_UTILS_IPERF2_STACKSIZE=262144 -include /c/Users/tttgu/Documents/Codex/s31-host-tools-2026-09-16/build-iperf2-win64/host-compat.h conftest.c >&5
conftest.c: In function 'main':
conftest.c:116:38: error: expected expression before ')' token
  116 | if (sizeof ((struct sockaddr_storage)))
      |                                      ^
configure:8348: $? = 1
configure: failed program was:
| /* confdefs.h */
| #define PACKAGE_NAME "Iperf"
| #define PACKAGE_TARNAME "iperf"
| #define PACKAGE_VERSION "2.1.8"
| #define PACKAGE_STRING "Iperf 2.1.8"
| #define PACKAGE_BUGREPORT ""
| #define PACKAGE_URL ""
| #define PACKAGE "iperf"
| #define VERSION "2.1.8"
| #define HAVE_DECL_IFF_TUN 0
| #define HAVE_DECL_IFF_TAP 0
| #define HAVE_PTHREAD_PRIO_INHERIT 1
| #define HAVE_PTHREAD 1
| #define HAVE_POSIX_THREAD 1
| #define _REENTRANT 1
| #define HAVE_WINSOCK2_H 1
| #define STDC_HEADERS 1
| #define HAVE_SYS_TYPES_H 1
| #define HAVE_SYS_STAT_H 1
| #define HAVE_STDLIB_H 1
| #define HAVE_STRING_H 1
| #define HAVE_MEMORY_H 1
| #define HAVE_STRINGS_H 1
| #define HAVE_INTTYPES_H 1
| #define HAVE_STDINT_H 1
| #define HAVE_UNISTD_H 1
| #define HAVE_LIBINTL_H 1
| #define HAVE_STDLIB_H 1
| #define HAVE_STRING_H 1
| #define HAVE_STRINGS_H 1
| #define HAVE_SYS_TIME_H 1
| #define HAVE_UNISTD_H 1
| #define HAVE_SIGNAL_H 1
| #define HAVE_SSIZE_T 1
| #define TIME_WITH_SYS_TIME 1
| #define HAVE_INT64_T 1
| #define Socklen_t int
| #define SELECT_TYPE_ARG1 int
| #define SELECT_TYPE_ARG234 (int *)
| #define SELECT_TYPE_ARG5 (struct timeval *)
| #define RETSIGTYPE void
| #define HAVE_STRFTIME 1
| #define HAVE_VPRINTF 1
| #define HAVE_ATEXIT 1
| #define HAVE_MEMSET 1
| #define HAVE_SELECT 1
| #define HAVE_STRCHR 1
| #define HAVE_STRERROR 1
| #define HAVE_STRTOL 1
| #define HAVE_STRTOLL 1
| #define HAVE_STRTOD 1
| #define HAVE_USLEEP 1
| #define HAVE_CLOCK_GETTIME 1
| #define HAVE_SCHED_SETSCHEDULER 1
| #define HAVE_SCHED_YIELD 1
| #define HAVE_NANOSLEEP 1
| #define HAVE_CLOCK_NANOSLEEP 1
| #define HAVE_FREOPEN 1
| #define HAVE_SNPRINTF 1
| #define HAVE_INET_PTON 1
| #define HAVE_INET_NTOP 1
| #define HAVE_GETTIMEOFDAY 1
| #define HAVE_DECL_ENOBUFS 1
| #define HAVE_DECL_EWOULDBLOCK 1
| #define HAVE_DECL_SIOCGIFMTU 0
| #define HAVE_DECL_PTHREAD_CANCEL 1
| #define HAVE_DECL_CPU_SET 0
| #define HAVE_DECL_SIGALRM 0
| #define HAVE_DECL_AF_INET6 1
| #define HAVE_DECL_SO_TIMESTAMP 0
| #define HAVE_DECL_SO_SNDTIMEO 1
| #define HAVE_DECL_SO_REUSEPORT 0
| #define HAVE_DECL_SO_BINDTODEVICE 0
| #define HAVE_DECL_MSG_DONTWAIT 0
| #define HAVE_DECL_SO_MAX_PACING_RATE 0
| #define HAVE_DECL_SO_DONTROUTE 1
| #define HAVE_DECL_SO_REUSEADDR 1
| #define HAVE_DECL_IPV6_TCLASS 1
| #define HAVE_DECL_IP_MULTICAST_ALL 0
| #define HAVE_DECL_IP_TOS 1
| #define HAVE_DECL_MCAST_JOIN_GROUP 1
| #define HAVE_DECL_MCAST_JOIN_SOURCE_GROUP 1
| #define HAVE_DECL_IPV6_JOIN_GROUP 1
| #define HAVE_DECL_IPV6_V6ONLY 1
| #define HAVE_DECL_IPV6_ADD_MEMBERSHIP 1
| #define HAVE_DECL_IPV6_MULTICAST_HOPS 1
| #define HAVE_DECL_MSG_PEEK 1
| #define HAVE_DECL_MSG_WAITALL 0
| #define HAVE_DECL_TCP_NODELAY 1
| #define HAVE_DECL_TCP_INFO 0
| #define HAVE_DECL_TCP_CONNECTION_INFO 0
| #define HAVE_DECL_TCP_WINDOW_CLAMP 0
| #define HAVE_DECL_TCP_QUICKACK 0
| #define HAVE_DECL_TCP_NOTSENT_LOWAT 0
| #define HAVE_DECL_TCP_MAXSEG 1
| #define HAVE_DECL_IP_ADD_MEMBERSHIP 1
| #define HAVE_DECL_IP_ADD_SOURCE_MEMBERSHIP 1
| /* end confdefs.h.  */
| 
| #ifdef HAVE_WINSOCK2_H
| #define _WIN32_WINNT 0x0501 /* use (at least) WinXP API */
| #define WIN32_LEAN_AND_MEAN /* exclude unnecesary headers */
| #include <windows.h>
| #include <winsock2.h>
| #include <ws2tcpip.h>
| #else
| #include <sys/socket.h>
| #include <netinet/in.h>
| #include <netinet/tcp.h>
| #endif
| 
| 
| int
| main ()
| {
| if (sizeof ((struct sockaddr_storage)))
| 	    return 0;
|   ;
|   return 0;
| }
configure:8348: result: yes
configure:8358: checking for struct sockaddr_in6
configure:8358: x86_64-w64-mingw32-gcc -c  -O2 -std=gnu11  -DCONFIG_UTILS_IPERF2_STACKSIZE=262144 -include /c/Users/tttgu/Documents/Codex/s31-host-tools-2026-09-16/build-iperf2-win64/host-compat.h conftest.c >&5
configure:8358: $? = 0
configure:8358: x86_64-w64-mingw32-gcc -c  -O2 -std=gnu11  -DCONFIG_UTILS_IPERF2_STACKSIZE=262144 -include /c/Users/tttgu/Documents/Codex/s31-host-tools-2026-09-16/build-iperf2-win64/host-compat.h conftest.c >&5
conftest.c: In function 'main':
conftest.c:117:34: error: expected expression before ')' token
  117 | if (sizeof ((struct sockaddr_in6)))
      |                                  ^
configure:8358: $? = 1
configure: failed program was:
| /* confdefs.h */
| #define PACKAGE_NAME "Iperf"
| #define PACKAGE_TARNAME "iperf"
| #define PACKAGE_VERSION "2.1.8"
| #define PACKAGE_STRING "Iperf 2.1.8"
| #define PACKAGE_BUGREPORT ""
| #define PACKAGE_URL ""
| #define PACKAGE "iperf"
| #define VERSION "2.1.8"
| #define HAVE_DECL_IFF_TUN 0
| #define HAVE_DECL_IFF_TAP 0
| #define HAVE_PTHREAD_PRIO_INHERIT 1
| #define HAVE_PTHREAD 1
| #define HAVE_POSIX_THREAD 1
| #define _REENTRANT 1
| #define HAVE_WINSOCK2_H 1
| #define STDC_HEADERS 1
| #define HAVE_SYS_TYPES_H 1
| #define HAVE_SYS_STAT_H 1
| #define HAVE_STDLIB_H 1
| #define HAVE_STRING_H 1
| #define HAVE_MEMORY_H 1
| #define HAVE_STRINGS_H 1
| #define HAVE_INTTYPES_H 1
| #define HAVE_STDINT_H 1
| #define HAVE_UNISTD_H 1
| #define HAVE_LIBINTL_H 1
| #define HAVE_STDLIB_H 1
| #define HAVE_STRING_H 1
| #define HAVE_STRINGS_H 1
| #define HAVE_SYS_TIME_H 1
| #define HAVE_UNISTD_H 1
| #define HAVE_SIGNAL_H 1
| #define HAVE_SSIZE_T 1
| #define TIME_WITH_SYS_TIME 1
| #define HAVE_INT64_T 1
| #define Socklen_t int
| #define SELECT_TYPE_ARG1 int
| #define SELECT_TYPE_ARG234 (int *)
| #define SELECT_TYPE_ARG5 (struct timeval *)
| #define RETSIGTYPE void
| #define HAVE_STRFTIME 1
| #define HAVE_VPRINTF 1
| #define HAVE_ATEXIT 1
| #define HAVE_MEMSET 1
| #define HAVE_SELECT 1
| #define HAVE_STRCHR 1
| #define HAVE_STRERROR 1
| #define HAVE_STRTOL 1
| #define HAVE_STRTOLL 1
| #define HAVE_STRTOD 1
| #define HAVE_USLEEP 1
| #define HAVE_CLOCK_GETTIME 1
| #define HAVE_SCHED_SETSCHEDULER 1
| #define HAVE_SCHED_YIELD 1
| #define HAVE_NANOSLEEP 1
| #define HAVE_CLOCK_NANOSLEEP 1
| #define HAVE_FREOPEN 1
| #define HAVE_SNPRINTF 1
| #define HAVE_INET_PTON 1
| #define HAVE_INET_NTOP 1
| #define HAVE_GETTIMEOFDAY 1
| #define HAVE_DECL_ENOBUFS 1
| #define HAVE_DECL_EWOULDBLOCK 1
| #define HAVE_DECL_SIOCGIFMTU 0
| #define HAVE_DECL_PTHREAD_CANCEL 1
| #define HAVE_DECL_CPU_SET 0
| #define HAVE_DECL_SIGALRM 0
| #define HAVE_DECL_AF_INET6 1
| #define HAVE_DECL_SO_TIMESTAMP 0
| #define HAVE_DECL_SO_SNDTIMEO 1
| #define HAVE_DECL_SO_REUSEPORT 0
| #define HAVE_DECL_SO_BINDTODEVICE 0
| #define HAVE_DECL_MSG_DONTWAIT 0
| #define HAVE_DECL_SO_MAX_PACING_RATE 0
| #define HAVE_DECL_SO_DONTROUTE 1
| #define HAVE_DECL_SO_REUSEADDR 1
| #define HAVE_DECL_IPV6_TCLASS 1
| #define HAVE_DECL_IP_MULTICAST_ALL 0
| #define HAVE_DECL_IP_TOS 1
| #define HAVE_DECL_MCAST_JOIN_GROUP 1
| #define HAVE_DECL_MCAST_JOIN_SOURCE_GROUP 1
| #define HAVE_DECL_IPV6_JOIN_GROUP 1
| #define HAVE_DECL_IPV6_V6ONLY 1
| #define HAVE_DECL_IPV6_ADD_MEMBERSHIP 1
| #define HAVE_DECL_IPV6_MULTICAST_HOPS 1
| #define HAVE_DECL_MSG_PEEK 1
| #define HAVE_DECL_MSG_WAITALL 0
| #define HAVE_DECL_TCP_NODELAY 1
| #define HAVE_DECL_TCP_INFO 0
| #define HAVE_DECL_TCP_CONNECTION_INFO 0
| #define HAVE_DECL_TCP_WINDOW_CLAMP 0
| #define HAVE_DECL_TCP_QUICKACK 0
| #define HAVE_DECL_TCP_NOTSENT_LOWAT 0
| #define HAVE_DECL_TCP_MAXSEG 1
| #define HAVE_DECL_IP_ADD_MEMBERSHIP 1
| #define HAVE_DECL_IP_ADD_SOURCE_MEMBERSHIP 1
| #define HAVE_STRUCT_SOCKADDR_STORAGE 1
| /* end confdefs.h.  */
| 
| #ifdef HAVE_WINSOCK2_H
| #define _WIN32_WINNT 0x0501 /* use (at least) WinXP API */
| #define WIN32_LEAN_AND_MEAN /* exclude unnecesary headers */
| #include <windows.h>
| #include <winsock2.h>
| #include <ws2tcpip.h>
| #else
| #include <sys/socket.h>
| #include <netinet/in.h>
| #include <netinet/tcp.h>
| #endif
| 
| 
| int
| main ()
| {
| if (sizeof ((struct sockaddr_in6)))
| 	    return 0;
|   ;
|   return 0;
| }
configure:8358: result: yes
configure:8368: checking for struct group_source_req
configure:8368: x86_64-w64-mingw32-gcc -c  -O2 -std=gnu11  -DCONFIG_UTILS_IPERF2_STACKSIZE=262144 -include /c/Users/tttgu/Documents/Codex/s31-host-tools-2026-09-16/build-iperf2-win64/host-compat.h conftest.c >&5
configure:8368: $? = 0
configure:8368: x86_64-w64-mingw32-gcc -c  -O2 -std=gnu11  -DCONFIG_UTILS_IPERF2_STACKSIZE=262144 -include /c/Users/tttgu/Documents/Codex/s31-host-tools-2026-09-16/build-iperf2-win64/host-compat.h conftest.c >&5
conftest.c: In function 'main':
conftest.c:118:38: error: expected expression before ')' token
  118 | if (sizeof ((struct group_source_req)))
      |                                      ^
configure:8368: $? = 1
configure: failed program was:
| /* confdefs.h */
| #define PACKAGE_NAME "Iperf"
| #define PACKAGE_TARNAME "iperf"
| #define PACKAGE_VERSION "2.1.8"
| #define PACKAGE_STRING "Iperf 2.1.8"
| #define PACKAGE_BUGREPORT ""
| #define PACKAGE_URL ""
| #define PACKAGE "iperf"
| #define VERSION "2.1.8"
| #define HAVE_DECL_IFF_TUN 0
| #define HAVE_DECL_IFF_TAP 0
| #define HAVE_PTHREAD_PRIO_INHERIT 1
| #define HAVE_PTHREAD 1
| #define HAVE_POSIX_THREAD 1
| #define _REENTRANT 1
| #define HAVE_WINSOCK2_H 1
| #define STDC_HEADERS 1
| #define HAVE_SYS_TYPES_H 1
| #define HAVE_SYS_STAT_H 1
| #define HAVE_STDLIB_H 1
| #define HAVE_STRING_H 1
| #define HAVE_MEMORY_H 1
| #define HAVE_STRINGS_H 1
| #define HAVE_INTTYPES_H 1
| #define HAVE_STDINT_H 1
| #define HAVE_UNISTD_H 1
| #define HAVE_LIBINTL_H 1
| #define HAVE_STDLIB_H 1
| #define HAVE_STRING_H 1
| #define HAVE_STRINGS_H 1
| #define HAVE_SYS_TIME_H 1
| #define HAVE_UNISTD_H 1
| #define HAVE_SIGNAL_H 1
| #define HAVE_SSIZE_T 1
| #define TIME_WITH_SYS_TIME 1
| #define HAVE_INT64_T 1
| #define Socklen_t int
| #define SELECT_TYPE_ARG1 int
| #define SELECT_TYPE_ARG234 (int *)
| #define SELECT_TYPE_ARG5 (struct timeval *)
| #define RETSIGTYPE void
| #define HAVE_STRFTIME 1
| #define HAVE_VPRINTF 1
| #define HAVE_ATEXIT 1
| #define HAVE_MEMSET 1
| #define HAVE_SELECT 1
| #define HAVE_STRCHR 1
| #define HAVE_STRERROR 1
| #define HAVE_STRTOL 1
| #define HAVE_STRTOLL 1
| #define HAVE_STRTOD 1
| #define HAVE_USLEEP 1
| #define HAVE_CLOCK_GETTIME 1
| #define HAVE_SCHED_SETSCHEDULER 1
| #define HAVE_SCHED_YIELD 1
| #define HAVE_NANOSLEEP 1
| #define HAVE_CLOCK_NANOSLEEP 1
| #define HAVE_FREOPEN 1
| #define HAVE_SNPRINTF 1
| #define HAVE_INET_PTON 1
| #define HAVE_INET_NTOP 1
| #define HAVE_GETTIMEOFDAY 1
| #define HAVE_DECL_ENOBUFS 1
| #define HAVE_DECL_EWOULDBLOCK 1
| #define HAVE_DECL_SIOCGIFMTU 0
| #define HAVE_DECL_PTHREAD_CANCEL 1
| #define HAVE_DECL_CPU_SET 0
| #define HAVE_DECL_SIGALRM 0
| #define HAVE_DECL_AF_INET6 1
| #define HAVE_DECL_SO_TIMESTAMP 0
| #define HAVE_DECL_SO_SNDTIMEO 1
| #define HAVE_DECL_SO_REUSEPORT 0
| #define HAVE_DECL_SO_BINDTODEVICE 0
| #define HAVE_DECL_MSG_DONTWAIT 0
| #define HAVE_DECL_SO_MAX_PACING_RATE 0
| #define HAVE_DECL_SO_DONTROUTE 1
| #define HAVE_DECL_SO_REUSEADDR 1
| #define HAVE_DECL_IPV6_TCLASS 1
| #define HAVE_DECL_IP_MULTICAST_ALL 0
| #define HAVE_DECL_IP_TOS 1
| #define HAVE_DECL_MCAST_JOIN_GROUP 1
| #define HAVE_DECL_MCAST_JOIN_SOURCE_GROUP 1
| #define HAVE_DECL_IPV6_JOIN_GROUP 1
| #define HAVE_DECL_IPV6_V6ONLY 1
| #define HAVE_DECL_IPV6_ADD_MEMBERSHIP 1
| #define HAVE_DECL_IPV6_MULTICAST_HOPS 1
| #define HAVE_DECL_MSG_PEEK 1
| #define HAVE_DECL_MSG_WAITALL 0
| #define HAVE_DECL_TCP_NODELAY 1
| #define HAVE_DECL_TCP_INFO 0
| #define HAVE_DECL_TCP_CONNECTION_INFO 0
| #define HAVE_DECL_TCP_WINDOW_CLAMP 0
| #define HAVE_DECL_TCP_QUICKACK 0
| #define HAVE_DECL_TCP_NOTSENT_LOWAT 0
| #define HAVE_DECL_TCP_MAXSEG 1
| #define HAVE_DECL_IP_ADD_MEMBERSHIP 1
| #define HAVE_DECL_IP_ADD_SOURCE_MEMBERSHIP 1
| #define HAVE_STRUCT_SOCKADDR_STORAGE 1
| #define HAVE_STRUCT_SOCKADDR_IN6 1
| /* end confdefs.h.  */
| 
| #ifdef HAVE_WINSOCK2_H
| #define _WIN32_WINNT 0x0501 /* use (at least) WinXP API */
| #define WIN32_LEAN_AND_MEAN /* exclude unnecesary headers */
| #include <windows.h>
| #include <winsock2.h>
| #include <ws2tcpip.h>
| #else
| #include <sys/socket.h>
| #include <netinet/in.h>
| #include <netinet/tcp.h>
| #endif
| 
| 
| int
| main ()
| {
| if (sizeof ((struct group_source_req)))
| 	    return 0;
|   ;
|   return 0;
| }
configure:8368: result: yes
configure:8378: checking for struct ip_mreq
configure:8378: x86_64-w64-mingw32-gcc -c  -O2 -std=gnu11  -DCONFIG_UTILS_IPERF2_STACKSIZE=262144 -include /c/Users/tttgu/Documents/Codex/s31-host-tools-2026-09-16/build-iperf2-win64/host-compat.h conftest.c >&5
configure:8378: $? = 0
configure:8378: x86_64-w64-mingw32-gcc -c  -O2 -std=gnu11  -DCONFIG_UTILS_IPERF2_STACKSIZE=262144 -include /c/Users/tttgu/Documents/Codex/s31-host-tools-2026-09-16/build-iperf2-win64/host-compat.h conftest.c >&5
conftest.c: In function 'main':
conftest.c:119:29: error: expected expression before ')' token
  119 | if (sizeof ((struct ip_mreq)))
      |                             ^
configure:8378: $? = 1
configure: failed program was:
| /* confdefs.h */
| #define PACKAGE_NAME "Iperf"
| #define PACKAGE_TARNAME "iperf"
| #define PACKAGE_VERSION "2.1.8"
| #define PACKAGE_STRING "Iperf 2.1.8"
| #define PACKAGE_BUGREPORT ""
| #define PACKAGE_URL ""
| #define PACKAGE "iperf"
| #define VERSION "2.1.8"
| #define HAVE_DECL_IFF_TUN 0
| #define HAVE_DECL_IFF_TAP 0
| #define HAVE_PTHREAD_PRIO_INHERIT 1
| #define HAVE_PTHREAD 1
| #define HAVE_POSIX_THREAD 1
| #define _REENTRANT 1
| #define HAVE_WINSOCK2_H 1
| #define STDC_HEADERS 1
| #define HAVE_SYS_TYPES_H 1
| #define HAVE_SYS_STAT_H 1
| #define HAVE_STDLIB_H 1
| #define HAVE_STRING_H 1
| #define HAVE_MEMORY_H 1
| #define HAVE_STRINGS_H 1
| #define HAVE_INTTYPES_H 1
| #define HAVE_STDINT_H 1
| #define HAVE_UNISTD_H 1
| #define HAVE_LIBINTL_H 1
| #define HAVE_STDLIB_H 1
| #define HAVE_STRING_H 1
| #define HAVE_STRINGS_H 1
| #define HAVE_SYS_TIME_H 1
| #define HAVE_UNISTD_H 1
| #define HAVE_SIGNAL_H 1
| #define HAVE_SSIZE_T 1
| #define TIME_WITH_SYS_TIME 1
| #define HAVE_INT64_T 1
| #define Socklen_t int
| #define SELECT_TYPE_ARG1 int
| #define SELECT_TYPE_ARG234 (int *)
| #define SELECT_TYPE_ARG5 (struct timeval *)
| #define RETSIGTYPE void
| #define HAVE_STRFTIME 1
| #define HAVE_VPRINTF 1
| #define HAVE_ATEXIT 1
| #define HAVE_MEMSET 1
| #define HAVE_SELECT 1
| #define HAVE_STRCHR 1
| #define HAVE_STRERROR 1
| #define HAVE_STRTOL 1
| #define HAVE_STRTOLL 1
| #define HAVE_STRTOD 1
| #define HAVE_USLEEP 1
| #define HAVE_CLOCK_GETTIME 1
| #define HAVE_SCHED_SETSCHEDULER 1
| #define HAVE_SCHED_YIELD 1
| #define HAVE_NANOSLEEP 1
| #define HAVE_CLOCK_NANOSLEEP 1
| #define HAVE_FREOPEN 1
| #define HAVE_SNPRINTF 1
| #define HAVE_INET_PTON 1
| #define HAVE_INET_NTOP 1
| #define HAVE_GETTIMEOFDAY 1
| #define HAVE_DECL_ENOBUFS 1
| #define HAVE_DECL_EWOULDBLOCK 1
| #define HAVE_DECL_SIOCGIFMTU 0
| #define HAVE_DECL_PTHREAD_CANCEL 1
| #define HAVE_DECL_CPU_SET 0
| #define HAVE_DECL_SIGALRM 0
| #define HAVE_DECL_AF_INET6 1
| #define HAVE_DECL_SO_TIMESTAMP 0
| #define HAVE_DECL_SO_SNDTIMEO 1
| #define HAVE_DECL_SO_REUSEPORT 0
| #define HAVE_DECL_SO_BINDTODEVICE 0
| #define HAVE_DECL_MSG_DONTWAIT 0
| #define HAVE_DECL_SO_MAX_PACING_RATE 0
| #define HAVE_DECL_SO_DONTROUTE 1
| #define HAVE_DECL_SO_REUSEADDR 1
| #define HAVE_DECL_IPV6_TCLASS 1
| #define HAVE_DECL_IP_MULTICAST_ALL 0
| #define HAVE_DECL_IP_TOS 1
| #define HAVE_DECL_MCAST_JOIN_GROUP 1
| #define HAVE_DECL_MCAST_JOIN_SOURCE_GROUP 1
| #define HAVE_DECL_IPV6_JOIN_GROUP 1
| #define HAVE_DECL_IPV6_V6ONLY 1
| #define HAVE_DECL_IPV6_ADD_MEMBERSHIP 1
| #define HAVE_DECL_IPV6_MULTICAST_HOPS 1
| #define HAVE_DECL_MSG_PEEK 1
| #define HAVE_DECL_MSG_WAITALL 0
| #define HAVE_DECL_TCP_NODELAY 1
| #define HAVE_DECL_TCP_INFO 0
| #define HAVE_DECL_TCP_CONNECTION_INFO 0
| #define HAVE_DECL_TCP_WINDOW_CLAMP 0
| #define HAVE_DECL_TCP_QUICKACK 0
| #define HAVE_DECL_TCP_NOTSENT_LOWAT 0
| #define HAVE_DECL_TCP_MAXSEG 1
| #define HAVE_DECL_IP_ADD_MEMBERSHIP 1
| #define HAVE_DECL_IP_ADD_SOURCE_MEMBERSHIP 1
| #define HAVE_STRUCT_SOCKADDR_STORAGE 1
| #define HAVE_STRUCT_SOCKADDR_IN6 1
| #define HAVE_STRUCT_GROUP_SOURCE_REQ 1
| /* end confdefs.h.  */
| 
| #ifdef HAVE_WINSOCK2_H
| #define _WIN32_WINNT 0x0501 /* use (at least) WinXP API */
| #define WIN32_LEAN_AND_MEAN /* exclude unnecesary headers */
| #include <windows.h>
| #include <winsock2.h>
| #include <ws2tcpip.h>
| #else
| #include <sys/socket.h>
| #include <netinet/in.h>
| #include <netinet/tcp.h>
| #endif
| 
| 
| int
| main ()
| {
| if (sizeof ((struct ip_mreq)))
| 	    return 0;
|   ;
|   return 0;
| }
configure:8378: result: yes
configure:8388: checking for struct ipv6_mreq
configure:8388: x86_64-w64-mingw32-gcc -c  -O2 -std=gnu11  -DCONFIG_UTILS_IPERF2_STACKSIZE=262144 -include /c/Users/tttgu/Documents/Codex/s31-host-tools-2026-09-16/build-iperf2-win64/host-compat.h conftest.c >&5
configure:8388: $? = 0
configure:8388: x86_64-w64-mingw32-gcc -c  -O2 -std=gnu11  -DCONFIG_UTILS_IPERF2_STACKSIZE=262144 -include /c/Users/tttgu/Documents/Codex/s31-host-tools-2026-09-16/build-iperf2-win64/host-compat.h conftest.c >&5
conftest.c: In function 'main':
conftest.c:120:31: error: expected expression before ')' token
  120 | if (sizeof ((struct ipv6_mreq)))
      |                               ^
configure:8388: $? = 1
configure: failed program was:
| /* confdefs.h */
| #define PACKAGE_NAME "Iperf"
| #define PACKAGE_TARNAME "iperf"
| #define PACKAGE_VERSION "2.1.8"
| #define PACKAGE_STRING "Iperf 2.1.8"
| #define PACKAGE_BUGREPORT ""
| #define PACKAGE_URL ""
| #define PACKAGE "iperf"
| #define VERSION "2.1.8"
| #define HAVE_DECL_IFF_TUN 0
| #define HAVE_DECL_IFF_TAP 0
| #define HAVE_PTHREAD_PRIO_INHERIT 1
| #define HAVE_PTHREAD 1
| #define HAVE_POSIX_THREAD 1
| #define _REENTRANT 1
| #define HAVE_WINSOCK2_H 1
| #define STDC_HEADERS 1
| #define HAVE_SYS_TYPES_H 1
| #define HAVE_SYS_STAT_H 1
| #define HAVE_STDLIB_H 1
| #define HAVE_STRING_H 1
| #define HAVE_MEMORY_H 1
| #define HAVE_STRINGS_H 1
| #define HAVE_INTTYPES_H 1
| #define HAVE_STDINT_H 1
| #define HAVE_UNISTD_H 1
| #define HAVE_LIBINTL_H 1
| #define HAVE_STDLIB_H 1
| #define HAVE_STRING_H 1
| #define HAVE_STRINGS_H 1
| #define HAVE_SYS_TIME_H 1
| #define HAVE_UNISTD_H 1
| #define HAVE_SIGNAL_H 1
| #define HAVE_SSIZE_T 1
| #define TIME_WITH_SYS_TIME 1
| #define HAVE_INT64_T 1
| #define Socklen_t int
| #define SELECT_TYPE_ARG1 int
| #define SELECT_TYPE_ARG234 (int *)
| #define SELECT_TYPE_ARG5 (struct timeval *)
| #define RETSIGTYPE void
| #define HAVE_STRFTIME 1
| #define HAVE_VPRINTF 1
| #define HAVE_ATEXIT 1
| #define HAVE_MEMSET 1
| #define HAVE_SELECT 1
| #define HAVE_STRCHR 1
| #define HAVE_STRERROR 1
| #define HAVE_STRTOL 1
| #define HAVE_STRTOLL 1
| #define HAVE_STRTOD 1
| #define HAVE_USLEEP 1
| #define HAVE_CLOCK_GETTIME 1
| #define HAVE_SCHED_SETSCHEDULER 1
| #define HAVE_SCHED_YIELD 1
| #define HAVE_NANOSLEEP 1
| #define HAVE_CLOCK_NANOSLEEP 1
| #define HAVE_FREOPEN 1
| #define HAVE_SNPRINTF 1
| #define HAVE_INET_PTON 1
| #define HAVE_INET_NTOP 1
| #define HAVE_GETTIMEOFDAY 1
| #define HAVE_DECL_ENOBUFS 1
| #define HAVE_DECL_EWOULDBLOCK 1
| #define HAVE_DECL_SIOCGIFMTU 0
| #define HAVE_DECL_PTHREAD_CANCEL 1
| #define HAVE_DECL_CPU_SET 0
| #define HAVE_DECL_SIGALRM 0
| #define HAVE_DECL_AF_INET6 1
| #define HAVE_DECL_SO_TIMESTAMP 0
| #define HAVE_DECL_SO_SNDTIMEO 1
| #define HAVE_DECL_SO_REUSEPORT 0
| #define HAVE_DECL_SO_BINDTODEVICE 0
| #define HAVE_DECL_MSG_DONTWAIT 0
| #define HAVE_DECL_SO_MAX_PACING_RATE 0
| #define HAVE_DECL_SO_DONTROUTE 1
| #define HAVE_DECL_SO_REUSEADDR 1
| #define HAVE_DECL_IPV6_TCLASS 1
| #define HAVE_DECL_IP_MULTICAST_ALL 0
| #define HAVE_DECL_IP_TOS 1
| #define HAVE_DECL_MCAST_JOIN_GROUP 1
| #define HAVE_DECL_MCAST_JOIN_SOURCE_GROUP 1
| #define HAVE_DECL_IPV6_JOIN_GROUP 1
| #define HAVE_DECL_IPV6_V6ONLY 1
| #define HAVE_DECL_IPV6_ADD_MEMBERSHIP 1
| #define HAVE_DECL_IPV6_MULTICAST_HOPS 1
| #define HAVE_DECL_MSG_PEEK 1
| #define HAVE_DECL_MSG_WAITALL 0
| #define HAVE_DECL_TCP_NODELAY 1
| #define HAVE_DECL_TCP_INFO 0
| #define HAVE_DECL_TCP_CONNECTION_INFO 0
| #define HAVE_DECL_TCP_WINDOW_CLAMP 0
| #define HAVE_DECL_TCP_QUICKACK 0
| #define HAVE_DECL_TCP_NOTSENT_LOWAT 0
| #define HAVE_DECL_TCP_MAXSEG 1
| #define HAVE_DECL_IP_ADD_MEMBERSHIP 1
| #define HAVE_DECL_IP_ADD_SOURCE_MEMBERSHIP 1
| #define HAVE_STRUCT_SOCKADDR_STORAGE 1
| #define HAVE_STRUCT_SOCKADDR_IN6 1
| #define HAVE_STRUCT_GROUP_SOURCE_REQ 1
| #define HAVE_STRUCT_IP_MREQ 1
| /* end confdefs.h.  */
| 
| #ifdef HAVE_WINSOCK2_H
| #define _WIN32_WINNT 0x0501 /* use (at least) WinXP API */
| #define WIN32_LEAN_AND_MEAN /* exclude unnecesary headers */
| #include <windows.h>
| #include <winsock2.h>
| #include <ws2tcpip.h>
| #else
| #include <sys/socket.h>
| #include <netinet/in.h>
| #include <netinet/tcp.h>
| #endif
| 
| 
| int
| main ()
| {
| if (sizeof ((struct ipv6_mreq)))
| 	    return 0;
|   ;
|   return 0;
| }
configure:8388: result: yes
configure:8398: checking for struct ip_mreq_source
configure:8398: x86_64-w64-mingw32-gcc -c  -O2 -std=gnu11  -DCONFIG_UTILS_IPERF2_STACKSIZE=262144 -include /c/Users/tttgu/Documents/Codex/s31-host-tools-2026-09-16/build-iperf2-win64/host-compat.h conftest.c >&5
configure:8398: $? = 0
configure:8398: x86_64-w64-mingw32-gcc -c  -O2 -std=gnu11  -DCONFIG_UTILS_IPERF2_STACKSIZE=262144 -include /c/Users/tttgu/Documents/Codex/s31-host-tools-2026-09-16/build-iperf2-win64/host-compat.h conftest.c >&5
conftest.c: In function 'main':
conftest.c:121:36: error: expected expression before ')' token
  121 | if (sizeof ((struct ip_mreq_source)))
      |                                    ^
configure:8398: $? = 1
configure: failed program was:
| /* confdefs.h */
| #define PACKAGE_NAME "Iperf"
| #define PACKAGE_TARNAME "iperf"
| #define PACKAGE_VERSION "2.1.8"
| #define PACKAGE_STRING "Iperf 2.1.8"
| #define PACKAGE_BUGREPORT ""
| #define PACKAGE_URL ""
| #define PACKAGE "iperf"
| #define VERSION "2.1.8"
| #define HAVE_DECL_IFF_TUN 0
| #define HAVE_DECL_IFF_TAP 0
| #define HAVE_PTHREAD_PRIO_INHERIT 1
| #define HAVE_PTHREAD 1
| #define HAVE_POSIX_THREAD 1
| #define _REENTRANT 1
| #define HAVE_WINSOCK2_H 1
| #define STDC_HEADERS 1
| #define HAVE_SYS_TYPES_H 1
| #define HAVE_SYS_STAT_H 1
| #define HAVE_STDLIB_H 1
| #define HAVE_STRING_H 1
| #define HAVE_MEMORY_H 1
| #define HAVE_STRINGS_H 1
| #define HAVE_INTTYPES_H 1
| #define HAVE_STDINT_H 1
| #define HAVE_UNISTD_H 1
| #define HAVE_LIBINTL_H 1
| #define HAVE_STDLIB_H 1
| #define HAVE_STRING_H 1
| #define HAVE_STRINGS_H 1
| #define HAVE_SYS_TIME_H 1
| #define HAVE_UNISTD_H 1
| #define HAVE_SIGNAL_H 1
| #define HAVE_SSIZE_T 1
| #define TIME_WITH_SYS_TIME 1
| #define HAVE_INT64_T 1
| #define Socklen_t int
| #define SELECT_TYPE_ARG1 int
| #define SELECT_TYPE_ARG234 (int *)
| #define SELECT_TYPE_ARG5 (struct timeval *)
| #define RETSIGTYPE void
| #define HAVE_STRFTIME 1
| #define HAVE_VPRINTF 1
| #define HAVE_ATEXIT 1
| #define HAVE_MEMSET 1
| #define HAVE_SELECT 1
| #define HAVE_STRCHR 1
| #define HAVE_STRERROR 1
| #define HAVE_STRTOL 1
| #define HAVE_STRTOLL 1
| #define HAVE_STRTOD 1
| #define HAVE_USLEEP 1
| #define HAVE_CLOCK_GETTIME 1
| #define HAVE_SCHED_SETSCHEDULER 1
| #define HAVE_SCHED_YIELD 1
| #define HAVE_NANOSLEEP 1
| #define HAVE_CLOCK_NANOSLEEP 1
| #define HAVE_FREOPEN 1
| #define HAVE_SNPRINTF 1
| #define HAVE_INET_PTON 1
| #define HAVE_INET_NTOP 1
| #define HAVE_GETTIMEOFDAY 1
| #define HAVE_DECL_ENOBUFS 1
| #define HAVE_DECL_EWOULDBLOCK 1
| #define HAVE_DECL_SIOCGIFMTU 0
| #define HAVE_DECL_PTHREAD_CANCEL 1
| #define HAVE_DECL_CPU_SET 0
| #define HAVE_DECL_SIGALRM 0
| #define HAVE_DECL_AF_INET6 1
| #define HAVE_DECL_SO_TIMESTAMP 0
| #define HAVE_DECL_SO_SNDTIMEO 1
| #define HAVE_DECL_SO_REUSEPORT 0
| #define HAVE_DECL_SO_BINDTODEVICE 0
| #define HAVE_DECL_MSG_DONTWAIT 0
| #define HAVE_DECL_SO_MAX_PACING_RATE 0
| #define HAVE_DECL_SO_DONTROUTE 1
| #define HAVE_DECL_SO_REUSEADDR 1
| #define HAVE_DECL_IPV6_TCLASS 1
| #define HAVE_DECL_IP_MULTICAST_ALL 0
| #define HAVE_DECL_IP_TOS 1
| #define HAVE_DECL_MCAST_JOIN_GROUP 1
| #define HAVE_DECL_MCAST_JOIN_SOURCE_GROUP 1
| #define HAVE_DECL_IPV6_JOIN_GROUP 1
| #define HAVE_DECL_IPV6_V6ONLY 1
| #define HAVE_DECL_IPV6_ADD_MEMBERSHIP 1
| #define HAVE_DECL_IPV6_MULTICAST_HOPS 1
| #define HAVE_DECL_MSG_PEEK 1
| #define HAVE_DECL_MSG_WAITALL 0
| #define HAVE_DECL_TCP_NODELAY 1
| #define HAVE_DECL_TCP_INFO 0
| #define HAVE_DECL_TCP_CONNECTION_INFO 0
| #define HAVE_DECL_TCP_WINDOW_CLAMP 0
| #define HAVE_DECL_TCP_QUICKACK 0
| #define HAVE_DECL_TCP_NOTSENT_LOWAT 0
| #define HAVE_DECL_TCP_MAXSEG 1
| #define HAVE_DECL_IP_ADD_MEMBERSHIP 1
| #define HAVE_DECL_IP_ADD_SOURCE_MEMBERSHIP 1
| #define HAVE_STRUCT_SOCKADDR_STORAGE 1
| #define HAVE_STRUCT_SOCKADDR_IN6 1
| #define HAVE_STRUCT_GROUP_SOURCE_REQ 1
| #define HAVE_STRUCT_IP_MREQ 1
| #define HAVE_STRUCT_IPV6_MREQ 1
| /* end confdefs.h.  */
| 
| #ifdef HAVE_WINSOCK2_H
| #define _WIN32_WINNT 0x0501 /* use (at least) WinXP API */
| #define WIN32_LEAN_AND_MEAN /* exclude unnecesary headers */
| #include <windows.h>
| #include <winsock2.h>
| #include <ws2tcpip.h>
| #else
| #include <sys/socket.h>
| #include <netinet/in.h>
| #include <netinet/tcp.h>
| #endif
| 
| 
| int
| main ()
| {
| if (sizeof ((struct ip_mreq_source)))
| 	    return 0;
|   ;
|   return 0;
| }
configure:8398: result: yes
configure:8410: checking for struct sockaddr_in6.sin6_len
configure:8410: x86_64-w64-mingw32-gcc -c  -O2 -std=gnu11  -DCONFIG_UTILS_IPERF2_STACKSIZE=262144 -include /c/Users/tttgu/Documents/Codex/s31-host-tools-2026-09-16/build-iperf2-win64/host-compat.h conftest.c >&5
conftest.c: In function 'main':
conftest.c:123:12: error: 'struct sockaddr_in6' has no member named 'sin6_len'
  123 | if (ac_aggr.sin6_len)
      |            ^
configure:8410: $? = 1
configure: failed program was:
| /* confdefs.h */
| #define PACKAGE_NAME "Iperf"
| #define PACKAGE_TARNAME "iperf"
| #define PACKAGE_VERSION "2.1.8"
| #define PACKAGE_STRING "Iperf 2.1.8"
| #define PACKAGE_BUGREPORT ""
| #define PACKAGE_URL ""
| #define PACKAGE "iperf"
| #define VERSION "2.1.8"
| #define HAVE_DECL_IFF_TUN 0
| #define HAVE_DECL_IFF_TAP 0
| #define HAVE_PTHREAD_PRIO_INHERIT 1
| #define HAVE_PTHREAD 1
| #define HAVE_POSIX_THREAD 1
| #define _REENTRANT 1
| #define HAVE_WINSOCK2_H 1
| #define STDC_HEADERS 1
| #define HAVE_SYS_TYPES_H 1
| #define HAVE_SYS_STAT_H 1
| #define HAVE_STDLIB_H 1
| #define HAVE_STRING_H 1
| #define HAVE_MEMORY_H 1
| #define HAVE_STRINGS_H 1
| #define HAVE_INTTYPES_H 1
| #define HAVE_STDINT_H 1
| #define HAVE_UNISTD_H 1
| #define HAVE_LIBINTL_H 1
| #define HAVE_STDLIB_H 1
| #define HAVE_STRING_H 1
| #define HAVE_STRINGS_H 1
| #define HAVE_SYS_TIME_H 1
| #define HAVE_UNISTD_H 1
| #define HAVE_SIGNAL_H 1
| #define HAVE_SSIZE_T 1
| #define TIME_WITH_SYS_TIME 1
| #define HAVE_INT64_T 1
| #define Socklen_t int
| #define SELECT_TYPE_ARG1 int
| #define SELECT_TYPE_ARG234 (int *)
| #define SELECT_TYPE_ARG5 (struct timeval *)
| #define RETSIGTYPE void
| #define HAVE_STRFTIME 1
| #define HAVE_VPRINTF 1
| #define HAVE_ATEXIT 1
| #define HAVE_MEMSET 1
| #define HAVE_SELECT 1
| #define HAVE_STRCHR 1
| #define HAVE_STRERROR 1
| #define HAVE_STRTOL 1
| #define HAVE_STRTOLL 1
| #define HAVE_STRTOD 1
| #define HAVE_USLEEP 1
| #define HAVE_CLOCK_GETTIME 1
| #define HAVE_SCHED_SETSCHEDULER 1
| #define HAVE_SCHED_YIELD 1
| #define HAVE_NANOSLEEP 1
| #define HAVE_CLOCK_NANOSLEEP 1
| #define HAVE_FREOPEN 1
| #define HAVE_SNPRINTF 1
| #define HAVE_INET_PTON 1
| #define HAVE_INET_NTOP 1
| #define HAVE_GETTIMEOFDAY 1
| #define HAVE_DECL_ENOBUFS 1
| #define HAVE_DECL_EWOULDBLOCK 1
| #define HAVE_DECL_SIOCGIFMTU 0
| #define HAVE_DECL_PTHREAD_CANCEL 1
| #define HAVE_DECL_CPU_SET 0
| #define HAVE_DECL_SIGALRM 0
| #define HAVE_DECL_AF_INET6 1
| #define HAVE_DECL_SO_TIMESTAMP 0
| #define HAVE_DECL_SO_SNDTIMEO 1
| #define HAVE_DECL_SO_REUSEPORT 0
| #define HAVE_DECL_SO_BINDTODEVICE 0
| #define HAVE_DECL_MSG_DONTWAIT 0
| #define HAVE_DECL_SO_MAX_PACING_RATE 0
| #define HAVE_DECL_SO_DONTROUTE 1
| #define HAVE_DECL_SO_REUSEADDR 1
| #define HAVE_DECL_IPV6_TCLASS 1
| #define HAVE_DECL_IP_MULTICAST_ALL 0
| #define HAVE_DECL_IP_TOS 1
| #define HAVE_DECL_MCAST_JOIN_GROUP 1
| #define HAVE_DECL_MCAST_JOIN_SOURCE_GROUP 1
| #define HAVE_DECL_IPV6_JOIN_GROUP 1
| #define HAVE_DECL_IPV6_V6ONLY 1
| #define HAVE_DECL_IPV6_ADD_MEMBERSHIP 1
| #define HAVE_DECL_IPV6_MULTICAST_HOPS 1
| #define HAVE_DECL_MSG_PEEK 1
| #define HAVE_DECL_MSG_WAITALL 0
| #define HAVE_DECL_TCP_NODELAY 1
| #define HAVE_DECL_TCP_INFO 0
| #define HAVE_DECL_TCP_CONNECTION_INFO 0
| #define HAVE_DECL_TCP_WINDOW_CLAMP 0
| #define HAVE_DECL_TCP_QUICKACK 0
| #define HAVE_DECL_TCP_NOTSENT_LOWAT 0
| #define HAVE_DECL_TCP_MAXSEG 1
| #define HAVE_DECL_IP_ADD_MEMBERSHIP 1
| #define HAVE_DECL_IP_ADD_SOURCE_MEMBERSHIP 1
| #define HAVE_STRUCT_SOCKADDR_STORAGE 1
| #define HAVE_STRUCT_SOCKADDR_IN6 1
| #define HAVE_STRUCT_GROUP_SOURCE_REQ 1
| #define HAVE_STRUCT_IP_MREQ 1
| #define HAVE_STRUCT_IPV6_MREQ 1
| #define HAVE_STRUCT_IP_MREQ_SOURCE 1
| /* end confdefs.h.  */
| 
| #ifdef HAVE_WINSOCK2_H
| #define _WIN32_WINNT 0x0501 /* use (at least) WinXP API */
| #define WIN32_LEAN_AND_MEAN /* exclude unnecesary headers */
| #include <windows.h>
| #include <winsock2.h>
| #include <ws2tcpip.h>
| #else
| #include <sys/socket.h>
| #include <netinet/in.h>
| #include <netinet/tcp.h>
| #endif
| 
| 
| int
| main ()
| {
| static struct sockaddr_in6 ac_aggr;
| if (ac_aggr.sin6_len)
| return 0;
|   ;
|   return 0;
| }
configure:8410: x86_64-w64-mingw32-gcc -c  -O2 -std=gnu11  -DCONFIG_UTILS_IPERF2_STACKSIZE=262144 -include /c/Users/tttgu/Documents/Codex/s31-host-tools-2026-09-16/build-iperf2-win64/host-compat.h conftest.c >&5
conftest.c: In function 'main':
conftest.c:123:19: error: 'struct sockaddr_in6' has no member named 'sin6_len'
  123 | if (sizeof ac_aggr.sin6_len)
      |                   ^
configure:8410: $? = 1
configure: failed program was:
| /* confdefs.h */
| #define PACKAGE_NAME "Iperf"
| #define PACKAGE_TARNAME "iperf"
| #define PACKAGE_VERSION "2.1.8"
| #define PACKAGE_STRING "Iperf 2.1.8"
| #define PACKAGE_BUGREPORT ""
| #define PACKAGE_URL ""
| #define PACKAGE "iperf"
| #define VERSION "2.1.8"
| #define HAVE_DECL_IFF_TUN 0
| #define HAVE_DECL_IFF_TAP 0
| #define HAVE_PTHREAD_PRIO_INHERIT 1
| #define HAVE_PTHREAD 1
| #define HAVE_POSIX_THREAD 1
| #define _REENTRANT 1
| #define HAVE_WINSOCK2_H 1
| #define STDC_HEADERS 1
| #define HAVE_SYS_TYPES_H 1
| #define HAVE_SYS_STAT_H 1
| #define HAVE_STDLIB_H 1
| #define HAVE_STRING_H 1
| #define HAVE_MEMORY_H 1
| #define HAVE_STRINGS_H 1
| #define HAVE_INTTYPES_H 1
| #define HAVE_STDINT_H 1
| #define HAVE_UNISTD_H 1
| #define HAVE_LIBINTL_H 1
| #define HAVE_STDLIB_H 1
| #define HAVE_STRING_H 1
| #define HAVE_STRINGS_H 1
| #define HAVE_SYS_TIME_H 1
| #define HAVE_UNISTD_H 1
| #define HAVE_SIGNAL_H 1
| #define HAVE_SSIZE_T 1
| #define TIME_WITH_SYS_TIME 1
| #define HAVE_INT64_T 1
| #define Socklen_t int
| #define SELECT_TYPE_ARG1 int
| #define SELECT_TYPE_ARG234 (int *)
| #define SELECT_TYPE_ARG5 (struct timeval *)
| #define RETSIGTYPE void
| #define HAVE_STRFTIME 1
| #define HAVE_VPRINTF 1
| #define HAVE_ATEXIT 1
| #define HAVE_MEMSET 1
| #define HAVE_SELECT 1
| #define HAVE_STRCHR 1
| #define HAVE_STRERROR 1
| #define HAVE_STRTOL 1
| #define HAVE_STRTOLL 1
| #define HAVE_STRTOD 1
| #define HAVE_USLEEP 1
| #define HAVE_CLOCK_GETTIME 1
| #define HAVE_SCHED_SETSCHEDULER 1
| #define HAVE_SCHED_YIELD 1
| #define HAVE_NANOSLEEP 1
| #define HAVE_CLOCK_NANOSLEEP 1
| #define HAVE_FREOPEN 1
| #define HAVE_SNPRINTF 1
| #define HAVE_INET_PTON 1
| #define HAVE_INET_NTOP 1
| #define HAVE_GETTIMEOFDAY 1
| #define HAVE_DECL_ENOBUFS 1
| #define HAVE_DECL_EWOULDBLOCK 1
| #define HAVE_DECL_SIOCGIFMTU 0
| #define HAVE_DECL_PTHREAD_CANCEL 1
| #define HAVE_DECL_CPU_SET 0
| #define HAVE_DECL_SIGALRM 0
| #define HAVE_DECL_AF_INET6 1
| #define HAVE_DECL_SO_TIMESTAMP 0
| #define HAVE_DECL_SO_SNDTIMEO 1
| #define HAVE_DECL_SO_REUSEPORT 0
| #define HAVE_DECL_SO_BINDTODEVICE 0
| #define HAVE_DECL_MSG_DONTWAIT 0
| #define HAVE_DECL_SO_MAX_PACING_RATE 0
| #define HAVE_DECL_SO_DONTROUTE 1
| #define HAVE_DECL_SO_REUSEADDR 1
| #define HAVE_DECL_IPV6_TCLASS 1
| #define HAVE_DECL_IP_MULTICAST_ALL 0
| #define HAVE_DECL_IP_TOS 1
| #define HAVE_DECL_MCAST_JOIN_GROUP 1
| #define HAVE_DECL_MCAST_JOIN_SOURCE_GROUP 1
| #define HAVE_DECL_IPV6_JOIN_GROUP 1
| #define HAVE_DECL_IPV6_V6ONLY 1
| #define HAVE_DECL_IPV6_ADD_MEMBERSHIP 1
| #define HAVE_DECL_IPV6_MULTICAST_HOPS 1
| #define HAVE_DECL_MSG_PEEK 1
| #define HAVE_DECL_MSG_WAITALL 0
| #define HAVE_DECL_TCP_NODELAY 1
| #define HAVE_DECL_TCP_INFO 0
| #define HAVE_DECL_TCP_CONNECTION_INFO 0
| #define HAVE_DECL_TCP_WINDOW_CLAMP 0
| #define HAVE_DECL_TCP_QUICKACK 0
| #define HAVE_DECL_TCP_NOTSENT_LOWAT 0
| #define HAVE_DECL_TCP_MAXSEG 1
| #define HAVE_DECL_IP_ADD_MEMBERSHIP 1
| #define HAVE_DECL_IP_ADD_SOURCE_MEMBERSHIP 1
| #define HAVE_STRUCT_SOCKADDR_STORAGE 1
| #define HAVE_STRUCT_SOCKADDR_IN6 1
| #define HAVE_STRUCT_GROUP_SOURCE_REQ 1
| #define HAVE_STRUCT_IP_MREQ 1
| #define HAVE_STRUCT_IPV6_MREQ 1
| #define HAVE_STRUCT_IP_MREQ_SOURCE 1
| /* end confdefs.h.  */
| 
| #ifdef HAVE_WINSOCK2_H
| #define _WIN32_WINNT 0x0501 /* use (at least) WinXP API */
| #define WIN32_LEAN_AND_MEAN /* exclude unnecesary headers */
| #include <windows.h>
| #include <winsock2.h>
| #include <ws2tcpip.h>
| #else
| #include <sys/socket.h>
| #include <netinet/in.h>
| #include <netinet/tcp.h>
| #endif
| 
| 
| int
| main ()
| {
| static struct sockaddr_in6 ac_aggr;
| if (sizeof ac_aggr.sin6_len)
| return 0;
|   ;
|   return 0;
| }
configure:8410: result: no
configure:8420: checking for struct ip_mreq_source.imr_multiaddr.s_addr
configure:8420: x86_64-w64-mingw32-gcc -c  -O2 -std=gnu11  -DCONFIG_UTILS_IPERF2_STACKSIZE=262144 -include /c/Users/tttgu/Documents/Codex/s31-host-tools-2026-09-16/build-iperf2-win64/host-compat.h conftest.c >&5
configure:8420: $? = 0
configure:8420: result: yes
configure:8432: checking for struct tcp_info.tcpi_total_retrans
configure:8432: x86_64-w64-mingw32-gcc -c  -O2 -std=gnu11  -DCONFIG_UTILS_IPERF2_STACKSIZE=262144 -include /c/Users/tttgu/Documents/Codex/s31-host-tools-2026-09-16/build-iperf2-win64/host-compat.h conftest.c >&5
conftest.c:107:10: fatal error: netinet/in.h: No such file or directory
  107 | #include <netinet/in.h>
      |          ^~~~~~~~~~~~~~
compilation terminated.
configure:8432: $? = 1
configure: failed program was:
| /* confdefs.h */
| #define PACKAGE_NAME "Iperf"
| #define PACKAGE_TARNAME "iperf"
| #define PACKAGE_VERSION "2.1.8"
| #define PACKAGE_STRING "Iperf 2.1.8"
| #define PACKAGE_BUGREPORT ""
| #define PACKAGE_URL ""
| #define PACKAGE "iperf"
| #define VERSION "2.1.8"
| #define HAVE_DECL_IFF_TUN 0
| #define HAVE_DECL_IFF_TAP 0
| #define HAVE_PTHREAD_PRIO_INHERIT 1
| #define HAVE_PTHREAD 1
| #define HAVE_POSIX_THREAD 1
| #define _REENTRANT 1
| #define HAVE_WINSOCK2_H 1
| #define STDC_HEADERS 1
| #define HAVE_SYS_TYPES_H 1
| #define HAVE_SYS_STAT_H 1
| #define HAVE_STDLIB_H 1
| #define HAVE_STRING_H 1
| #define HAVE_MEMORY_H 1
| #define HAVE_STRINGS_H 1
| #define HAVE_INTTYPES_H 1
| #define HAVE_STDINT_H 1
| #define HAVE_UNISTD_H 1
| #define HAVE_LIBINTL_H 1
| #define HAVE_STDLIB_H 1
| #define HAVE_STRING_H 1
| #define HAVE_STRINGS_H 1
| #define HAVE_SYS_TIME_H 1
| #define HAVE_UNISTD_H 1
| #define HAVE_SIGNAL_H 1
| #define HAVE_SSIZE_T 1
| #define TIME_WITH_SYS_TIME 1
| #define HAVE_INT64_T 1
| #define Socklen_t int
| #define SELECT_TYPE_ARG1 int
| #define SELECT_TYPE_ARG234 (int *)
| #define SELECT_TYPE_ARG5 (struct timeval *)
| #define RETSIGTYPE void
| #define HAVE_STRFTIME 1
| #define HAVE_VPRINTF 1
| #define HAVE_ATEXIT 1
| #define HAVE_MEMSET 1
| #define HAVE_SELECT 1
| #define HAVE_STRCHR 1
| #define HAVE_STRERROR 1
| #define HAVE_STRTOL 1
| #define HAVE_STRTOLL 1
| #define HAVE_STRTOD 1
| #define HAVE_USLEEP 1
| #define HAVE_CLOCK_GETTIME 1
| #define HAVE_SCHED_SETSCHEDULER 1
| #define HAVE_SCHED_YIELD 1
| #define HAVE_NANOSLEEP 1
| #define HAVE_CLOCK_NANOSLEEP 1
| #define HAVE_FREOPEN 1
| #define HAVE_SNPRINTF 1
| #define HAVE_INET_PTON 1
| #define HAVE_INET_NTOP 1
| #define HAVE_GETTIMEOFDAY 1
| #define HAVE_DECL_ENOBUFS 1
| #define HAVE_DECL_EWOULDBLOCK 1
| #define HAVE_DECL_SIOCGIFMTU 0
| #define HAVE_DECL_PTHREAD_CANCEL 1
| #define HAVE_DECL_CPU_SET 0
| #define HAVE_DECL_SIGALRM 0
| #define HAVE_DECL_AF_INET6 1
| #define HAVE_DECL_SO_TIMESTAMP 0
| #define HAVE_DECL_SO_SNDTIMEO 1
| #define HAVE_DECL_SO_REUSEPORT 0
| #define HAVE_DECL_SO_BINDTODEVICE 0
| #define HAVE_DECL_MSG_DONTWAIT 0
| #define HAVE_DECL_SO_MAX_PACING_RATE 0
| #define HAVE_DECL_SO_DONTROUTE 1
| #define HAVE_DECL_SO_REUSEADDR 1
| #define HAVE_DECL_IPV6_TCLASS 1
| #define HAVE_DECL_IP_MULTICAST_ALL 0
| #define HAVE_DECL_IP_TOS 1
| #define HAVE_DECL_MCAST_JOIN_GROUP 1
| #define HAVE_DECL_MCAST_JOIN_SOURCE_GROUP 1
| #define HAVE_DECL_IPV6_JOIN_GROUP 1
| #define HAVE_DECL_IPV6_V6ONLY 1
| #define HAVE_DECL_IPV6_ADD_MEMBERSHIP 1
| #define HAVE_DECL_IPV6_MULTICAST_HOPS 1
| #define HAVE_DECL_MSG_PEEK 1
| #define HAVE_DECL_MSG_WAITALL 0
| #define HAVE_DECL_TCP_NODELAY 1
| #define HAVE_DECL_TCP_INFO 0
| #define HAVE_DECL_TCP_CONNECTION_INFO 0
| #define HAVE_DECL_TCP_WINDOW_CLAMP 0
| #define HAVE_DECL_TCP_QUICKACK 0
| #define HAVE_DECL_TCP_NOTSENT_LOWAT 0
| #define HAVE_DECL_TCP_MAXSEG 1
| #define HAVE_DECL_IP_ADD_MEMBERSHIP 1
| #define HAVE_DECL_IP_ADD_SOURCE_MEMBERSHIP 1
| #define HAVE_STRUCT_SOCKADDR_STORAGE 1
| #define HAVE_STRUCT_SOCKADDR_IN6 1
| #define HAVE_STRUCT_GROUP_SOURCE_REQ 1
| #define HAVE_STRUCT_IP_MREQ 1
| #define HAVE_STRUCT_IPV6_MREQ 1
| #define HAVE_STRUCT_IP_MREQ_SOURCE 1
| #define HAVE_STRUCT_IP_MREQ_SOURCE_IMR_MULTIADDR_S_ADDR 1
| /* end confdefs.h.  */
| 
| #include <netinet/in.h>
| #include <netinet/tcp.h>
| 
| 
| int
| main ()
| {
| static struct tcp_info ac_aggr;
| if (ac_aggr.tcpi_total_retrans)
| return 0;
|   ;
|   return 0;
| }
configure:8432: x86_64-w64-mingw32-gcc -c  -O2 -std=gnu11  -DCONFIG_UTILS_IPERF2_STACKSIZE=262144 -include /c/Users/tttgu/Documents/Codex/s31-host-tools-2026-09-16/build-iperf2-win64/host-compat.h conftest.c >&5
conftest.c:107:10: fatal error: netinet/in.h: No such file or directory
  107 | #include <netinet/in.h>
      |          ^~~~~~~~~~~~~~
compilation terminated.
configure:8432: $? = 1
configure: failed program was:
| /* confdefs.h */
| #define PACKAGE_NAME "Iperf"
| #define PACKAGE_TARNAME "iperf"
| #define PACKAGE_VERSION "2.1.8"
| #define PACKAGE_STRING "Iperf 2.1.8"
| #define PACKAGE_BUGREPORT ""
| #define PACKAGE_URL ""
| #define PACKAGE "iperf"
| #define VERSION "2.1.8"
| #define HAVE_DECL_IFF_TUN 0
| #define HAVE_DECL_IFF_TAP 0
| #define HAVE_PTHREAD_PRIO_INHERIT 1
| #define HAVE_PTHREAD 1
| #define HAVE_POSIX_THREAD 1
| #define _REENTRANT 1
| #define HAVE_WINSOCK2_H 1
| #define STDC_HEADERS 1
| #define HAVE_SYS_TYPES_H 1
| #define HAVE_SYS_STAT_H 1
| #define HAVE_STDLIB_H 1
| #define HAVE_STRING_H 1
| #define HAVE_MEMORY_H 1
| #define HAVE_STRINGS_H 1
| #define HAVE_INTTYPES_H 1
| #define HAVE_STDINT_H 1
| #define HAVE_UNISTD_H 1
| #define HAVE_LIBINTL_H 1
| #define HAVE_STDLIB_H 1
| #define HAVE_STRING_H 1
| #define HAVE_STRINGS_H 1
| #define HAVE_SYS_TIME_H 1
| #define HAVE_UNISTD_H 1
| #define HAVE_SIGNAL_H 1
| #define HAVE_SSIZE_T 1
| #define TIME_WITH_SYS_TIME 1
| #define HAVE_INT64_T 1
| #define Socklen_t int
| #define SELECT_TYPE_ARG1 int
| #define SELECT_TYPE_ARG234 (int *)
| #define SELECT_TYPE_ARG5 (struct timeval *)
| #define RETSIGTYPE void
| #define HAVE_STRFTIME 1
| #define HAVE_VPRINTF 1
| #define HAVE_ATEXIT 1
| #define HAVE_MEMSET 1
| #define HAVE_SELECT 1
| #define HAVE_STRCHR 1
| #define HAVE_STRERROR 1
| #define HAVE_STRTOL 1
| #define HAVE_STRTOLL 1
| #define HAVE_STRTOD 1
| #define HAVE_USLEEP 1
| #define HAVE_CLOCK_GETTIME 1
| #define HAVE_SCHED_SETSCHEDULER 1
| #define HAVE_SCHED_YIELD 1
| #define HAVE_NANOSLEEP 1
| #define HAVE_CLOCK_NANOSLEEP 1
| #define HAVE_FREOPEN 1
| #define HAVE_SNPRINTF 1
| #define HAVE_INET_PTON 1
| #define HAVE_INET_NTOP 1
| #define HAVE_GETTIMEOFDAY 1
| #define HAVE_DECL_ENOBUFS 1
| #define HAVE_DECL_EWOULDBLOCK 1
| #define HAVE_DECL_SIOCGIFMTU 0
| #define HAVE_DECL_PTHREAD_CANCEL 1
| #define HAVE_DECL_CPU_SET 0
| #define HAVE_DECL_SIGALRM 0
| #define HAVE_DECL_AF_INET6 1
| #define HAVE_DECL_SO_TIMESTAMP 0
| #define HAVE_DECL_SO_SNDTIMEO 1
| #define HAVE_DECL_SO_REUSEPORT 0
| #define HAVE_DECL_SO_BINDTODEVICE 0
| #define HAVE_DECL_MSG_DONTWAIT 0
| #define HAVE_DECL_SO_MAX_PACING_RATE 0
| #define HAVE_DECL_SO_DONTROUTE 1
| #define HAVE_DECL_SO_REUSEADDR 1
| #define HAVE_DECL_IPV6_TCLASS 1
| #define HAVE_DECL_IP_MULTICAST_ALL 0
| #define HAVE_DECL_IP_TOS 1
| #define HAVE_DECL_MCAST_JOIN_GROUP 1
| #define HAVE_DECL_MCAST_JOIN_SOURCE_GROUP 1
| #define HAVE_DECL_IPV6_JOIN_GROUP 1
| #define HAVE_DECL_IPV6_V6ONLY 1
| #define HAVE_DECL_IPV6_ADD_MEMBERSHIP 1
| #define HAVE_DECL_IPV6_MULTICAST_HOPS 1
| #define HAVE_DECL_MSG_PEEK 1
| #define HAVE_DECL_MSG_WAITALL 0
| #define HAVE_DECL_TCP_NODELAY 1
| #define HAVE_DECL_TCP_INFO 0
| #define HAVE_DECL_TCP_CONNECTION_INFO 0
| #define HAVE_DECL_TCP_WINDOW_CLAMP 0
| #define HAVE_DECL_TCP_QUICKACK 0
| #define HAVE_DECL_TCP_NOTSENT_LOWAT 0
| #define HAVE_DECL_TCP_MAXSEG 1
| #define HAVE_DECL_IP_ADD_MEMBERSHIP 1
| #define HAVE_DECL_IP_ADD_SOURCE_MEMBERSHIP 1
| #define HAVE_STRUCT_SOCKADDR_STORAGE 1
| #define HAVE_STRUCT_SOCKADDR_IN6 1
| #define HAVE_STRUCT_GROUP_SOURCE_REQ 1
| #define HAVE_STRUCT_IP_MREQ 1
| #define HAVE_STRUCT_IPV6_MREQ 1
| #define HAVE_STRUCT_IP_MREQ_SOURCE 1
| #define HAVE_STRUCT_IP_MREQ_SOURCE_IMR_MULTIADDR_S_ADDR 1
| /* end confdefs.h.  */
| 
| #include <netinet/in.h>
| #include <netinet/tcp.h>
| 
| 
| int
| main ()
| {
| static struct tcp_info ac_aggr;
| if (sizeof ac_aggr.tcpi_total_retrans)
| return 0;
|   ;
|   return 0;
| }
configure:8432: result: no
configure:8442: checking for struct tcp_info.tcpi_total_retrans
configure:8442: result: no
configure:8458: checking for stdbool.h that conforms to C99
configure:8525: x86_64-w64-mingw32-gcc -c  -O2 -std=gnu11  -DCONFIG_UTILS_IPERF2_STACKSIZE=262144 -include /c/Users/tttgu/Documents/Codex/s31-host-tools-2026-09-16/build-iperf2-win64/host-compat.h conftest.c >&5
configure:8525: $? = 0
configure:8532: result: yes
configure:8534: checking for _Bool
configure:8534: x86_64-w64-mingw32-gcc -c  -O2 -std=gnu11  -DCONFIG_UTILS_IPERF2_STACKSIZE=262144 -include /c/Users/tttgu/Documents/Codex/s31-host-tools-2026-09-16/build-iperf2-win64/host-compat.h conftest.c >&5
configure:8534: $? = 0
configure:8534: x86_64-w64-mingw32-gcc -c  -O2 -std=gnu11  -DCONFIG_UTILS_IPERF2_STACKSIZE=262144 -include /c/Users/tttgu/Documents/Codex/s31-host-tools-2026-09-16/build-iperf2-win64/host-compat.h conftest.c >&5
conftest.c: In function 'main':
conftest.c:142:20: error: expected expression before ')' token
  142 | if (sizeof ((_Bool)))
      |                    ^
configure:8534: $? = 1
configure: failed program was:
| /* confdefs.h */
| #define PACKAGE_NAME "Iperf"
| #define PACKAGE_TARNAME "iperf"
| #define PACKAGE_VERSION "2.1.8"
| #define PACKAGE_STRING "Iperf 2.1.8"
| #define PACKAGE_BUGREPORT ""
| #define PACKAGE_URL ""
| #define PACKAGE "iperf"
| #define VERSION "2.1.8"
| #define HAVE_DECL_IFF_TUN 0
| #define HAVE_DECL_IFF_TAP 0
| #define HAVE_PTHREAD_PRIO_INHERIT 1
| #define HAVE_PTHREAD 1
| #define HAVE_POSIX_THREAD 1
| #define _REENTRANT 1
| #define HAVE_WINSOCK2_H 1
| #define STDC_HEADERS 1
| #define HAVE_SYS_TYPES_H 1
| #define HAVE_SYS_STAT_H 1
| #define HAVE_STDLIB_H 1
| #define HAVE_STRING_H 1
| #define HAVE_MEMORY_H 1
| #define HAVE_STRINGS_H 1
| #define HAVE_INTTYPES_H 1
| #define HAVE_STDINT_H 1
| #define HAVE_UNISTD_H 1
| #define HAVE_LIBINTL_H 1
| #define HAVE_STDLIB_H 1
| #define HAVE_STRING_H 1
| #define HAVE_STRINGS_H 1
| #define HAVE_SYS_TIME_H 1
| #define HAVE_UNISTD_H 1
| #define HAVE_SIGNAL_H 1
| #define HAVE_SSIZE_T 1
| #define TIME_WITH_SYS_TIME 1
| #define HAVE_INT64_T 1
| #define Socklen_t int
| #define SELECT_TYPE_ARG1 int
| #define SELECT_TYPE_ARG234 (int *)
| #define SELECT_TYPE_ARG5 (struct timeval *)
| #define RETSIGTYPE void
| #define HAVE_STRFTIME 1
| #define HAVE_VPRINTF 1
| #define HAVE_ATEXIT 1
| #define HAVE_MEMSET 1
| #define HAVE_SELECT 1
| #define HAVE_STRCHR 1
| #define HAVE_STRERROR 1
| #define HAVE_STRTOL 1
| #define HAVE_STRTOLL 1
| #define HAVE_STRTOD 1
| #define HAVE_USLEEP 1
| #define HAVE_CLOCK_GETTIME 1
| #define HAVE_SCHED_SETSCHEDULER 1
| #define HAVE_SCHED_YIELD 1
| #define HAVE_NANOSLEEP 1
| #define HAVE_CLOCK_NANOSLEEP 1
| #define HAVE_FREOPEN 1
| #define HAVE_SNPRINTF 1
| #define HAVE_INET_PTON 1
| #define HAVE_INET_NTOP 1
| #define HAVE_GETTIMEOFDAY 1
| #define HAVE_DECL_ENOBUFS 1
| #define HAVE_DECL_EWOULDBLOCK 1
| #define HAVE_DECL_SIOCGIFMTU 0
| #define HAVE_DECL_PTHREAD_CANCEL 1
| #define HAVE_DECL_CPU_SET 0
| #define HAVE_DECL_SIGALRM 0
| #define HAVE_DECL_AF_INET6 1
| #define HAVE_DECL_SO_TIMESTAMP 0
| #define HAVE_DECL_SO_SNDTIMEO 1
| #define HAVE_DECL_SO_REUSEPORT 0
| #define HAVE_DECL_SO_BINDTODEVICE 0
| #define HAVE_DECL_MSG_DONTWAIT 0
| #define HAVE_DECL_SO_MAX_PACING_RATE 0
| #define HAVE_DECL_SO_DONTROUTE 1
| #define HAVE_DECL_SO_REUSEADDR 1
| #define HAVE_DECL_IPV6_TCLASS 1
| #define HAVE_DECL_IP_MULTICAST_ALL 0
| #define HAVE_DECL_IP_TOS 1
| #define HAVE_DECL_MCAST_JOIN_GROUP 1
| #define HAVE_DECL_MCAST_JOIN_SOURCE_GROUP 1
| #define HAVE_DECL_IPV6_JOIN_GROUP 1
| #define HAVE_DECL_IPV6_V6ONLY 1
| #define HAVE_DECL_IPV6_ADD_MEMBERSHIP 1
| #define HAVE_DECL_IPV6_MULTICAST_HOPS 1
| #define HAVE_DECL_MSG_PEEK 1
| #define HAVE_DECL_MSG_WAITALL 0
| #define HAVE_DECL_TCP_NODELAY 1
| #define HAVE_DECL_TCP_INFO 0
| #define HAVE_DECL_TCP_CONNECTION_INFO 0
| #define HAVE_DECL_TCP_WINDOW_CLAMP 0
| #define HAVE_DECL_TCP_QUICKACK 0
| #define HAVE_DECL_TCP_NOTSENT_LOWAT 0
| #define HAVE_DECL_TCP_MAXSEG 1
| #define HAVE_DECL_IP_ADD_MEMBERSHIP 1
| #define HAVE_DECL_IP_ADD_SOURCE_MEMBERSHIP 1
| #define HAVE_STRUCT_SOCKADDR_STORAGE 1
| #define HAVE_STRUCT_SOCKADDR_IN6 1
| #define HAVE_STRUCT_GROUP_SOURCE_REQ 1
| #define HAVE_STRUCT_IP_MREQ 1
| #define HAVE_STRUCT_IPV6_MREQ 1
| #define HAVE_STRUCT_IP_MREQ_SOURCE 1
| #define HAVE_STRUCT_IP_MREQ_SOURCE_IMR_MULTIADDR_S_ADDR 1
| /* end confdefs.h.  */
| #include <stdio.h>
| #ifdef HAVE_SYS_TYPES_H
| # include <sys/types.h>
| #endif
| #ifdef HAVE_SYS_STAT_H
| # include <sys/stat.h>
| #endif
| #ifdef STDC_HEADERS
| # include <stdlib.h>
| # include <stddef.h>
| #else
| # ifdef HAVE_STDLIB_H
| #  include <stdlib.h>
| # endif
| #endif
| #ifdef HAVE_STRING_H
| # if !defined STDC_HEADERS && defined HAVE_MEMORY_H
| #  include <memory.h>
| # endif
| # include <string.h>
| #endif
| #ifdef HAVE_STRINGS_H
| # include <strings.h>
| #endif
| #ifdef HAVE_INTTYPES_H
| # include <inttypes.h>
| #endif
| #ifdef HAVE_STDINT_H
| # include <stdint.h>
| #endif
| #ifdef HAVE_UNISTD_H
| # include <unistd.h>
| #endif
| int
| main ()
| {
| if (sizeof ((_Bool)))
| 	    return 0;
|   ;
|   return 0;
| }
configure:8534: result: yes
configure:8552: checking whether byte ordering is bigendian
configure:8567: x86_64-w64-mingw32-gcc -c  -O2 -std=gnu11  -DCONFIG_UTILS_IPERF2_STACKSIZE=262144 -include /c/Users/tttgu/Documents/Codex/s31-host-tools-2026-09-16/build-iperf2-win64/host-compat.h conftest.c >&5
conftest.c:109:16: error: unknown type name 'not'
  109 |                not a universal capable compiler
      |                ^~~
conftest.c:109:22: error: expected '=', ',', ';', 'asm' or '__attribute__' before 'universal'
  109 |                not a universal capable compiler
      |                      ^~~~~~~~~
conftest.c:109:22: error: unknown type name 'universal'
configure:8567: $? = 1
configure: failed program was:
| /* confdefs.h */
| #define PACKAGE_NAME "Iperf"
| #define PACKAGE_TARNAME "iperf"
| #define PACKAGE_VERSION "2.1.8"
| #define PACKAGE_STRING "Iperf 2.1.8"
| #define PACKAGE_BUGREPORT ""
| #define PACKAGE_URL ""
| #define PACKAGE "iperf"
| #define VERSION "2.1.8"
| #define HAVE_DECL_IFF_TUN 0
| #define HAVE_DECL_IFF_TAP 0
| #define HAVE_PTHREAD_PRIO_INHERIT 1
| #define HAVE_PTHREAD 1
| #define HAVE_POSIX_THREAD 1
| #define _REENTRANT 1
| #define HAVE_WINSOCK2_H 1
| #define STDC_HEADERS 1
| #define HAVE_SYS_TYPES_H 1
| #define HAVE_SYS_STAT_H 1
| #define HAVE_STDLIB_H 1
| #define HAVE_STRING_H 1
| #define HAVE_MEMORY_H 1
| #define HAVE_STRINGS_H 1
| #define HAVE_INTTYPES_H 1
| #define HAVE_STDINT_H 1
| #define HAVE_UNISTD_H 1
| #define HAVE_LIBINTL_H 1
| #define HAVE_STDLIB_H 1
| #define HAVE_STRING_H 1
| #define HAVE_STRINGS_H 1
| #define HAVE_SYS_TIME_H 1
| #define HAVE_UNISTD_H 1
| #define HAVE_SIGNAL_H 1
| #define HAVE_SSIZE_T 1
| #define TIME_WITH_SYS_TIME 1
| #define HAVE_INT64_T 1
| #define Socklen_t int
| #define SELECT_TYPE_ARG1 int
| #define SELECT_TYPE_ARG234 (int *)
| #define SELECT_TYPE_ARG5 (struct timeval *)
| #define RETSIGTYPE void
| #define HAVE_STRFTIME 1
| #define HAVE_VPRINTF 1
| #define HAVE_ATEXIT 1
| #define HAVE_MEMSET 1
| #define HAVE_SELECT 1
| #define HAVE_STRCHR 1
| #define HAVE_STRERROR 1
| #define HAVE_STRTOL 1
| #define HAVE_STRTOLL 1
| #define HAVE_STRTOD 1
| #define HAVE_USLEEP 1
| #define HAVE_CLOCK_GETTIME 1
| #define HAVE_SCHED_SETSCHEDULER 1
| #define HAVE_SCHED_YIELD 1
| #define HAVE_NANOSLEEP 1
| #define HAVE_CLOCK_NANOSLEEP 1
| #define HAVE_FREOPEN 1
| #define HAVE_SNPRINTF 1
| #define HAVE_INET_PTON 1
| #define HAVE_INET_NTOP 1
| #define HAVE_GETTIMEOFDAY 1
| #define HAVE_DECL_ENOBUFS 1
| #define HAVE_DECL_EWOULDBLOCK 1
| #define HAVE_DECL_SIOCGIFMTU 0
| #define HAVE_DECL_PTHREAD_CANCEL 1
| #define HAVE_DECL_CPU_SET 0
| #define HAVE_DECL_SIGALRM 0
| #define HAVE_DECL_AF_INET6 1
| #define HAVE_DECL_SO_TIMESTAMP 0
| #define HAVE_DECL_SO_SNDTIMEO 1
| #define HAVE_DECL_SO_REUSEPORT 0
| #define HAVE_DECL_SO_BINDTODEVICE 0
| #define HAVE_DECL_MSG_DONTWAIT 0
| #define HAVE_DECL_SO_MAX_PACING_RATE 0
| #define HAVE_DECL_SO_DONTROUTE 1
| #define HAVE_DECL_SO_REUSEADDR 1
| #define HAVE_DECL_IPV6_TCLASS 1
| #define HAVE_DECL_IP_MULTICAST_ALL 0
| #define HAVE_DECL_IP_TOS 1
| #define HAVE_DECL_MCAST_JOIN_GROUP 1
| #define HAVE_DECL_MCAST_JOIN_SOURCE_GROUP 1
| #define HAVE_DECL_IPV6_JOIN_GROUP 1
| #define HAVE_DECL_IPV6_V6ONLY 1
| #define HAVE_DECL_IPV6_ADD_MEMBERSHIP 1
| #define HAVE_DECL_IPV6_MULTICAST_HOPS 1
| #define HAVE_DECL_MSG_PEEK 1
| #define HAVE_DECL_MSG_WAITALL 0
| #define HAVE_DECL_TCP_NODELAY 1
| #define HAVE_DECL_TCP_INFO 0
| #define HAVE_DECL_TCP_CONNECTION_INFO 0
| #define HAVE_DECL_TCP_WINDOW_CLAMP 0
| #define HAVE_DECL_TCP_QUICKACK 0
| #define HAVE_DECL_TCP_NOTSENT_LOWAT 0
| #define HAVE_DECL_TCP_MAXSEG 1
| #define HAVE_DECL_IP_ADD_MEMBERSHIP 1
| #define HAVE_DECL_IP_ADD_SOURCE_MEMBERSHIP 1
| #define HAVE_STRUCT_SOCKADDR_STORAGE 1
| #define HAVE_STRUCT_SOCKADDR_IN6 1
| #define HAVE_STRUCT_GROUP_SOURCE_REQ 1
| #define HAVE_STRUCT_IP_MREQ 1
| #define HAVE_STRUCT_IPV6_MREQ 1
| #define HAVE_STRUCT_IP_MREQ_SOURCE 1
| #define HAVE_STRUCT_IP_MREQ_SOURCE_IMR_MULTIADDR_S_ADDR 1
| #define HAVE__BOOL 1
| #define HAVE_STDBOOL_H 1
| /* end confdefs.h.  */
| #ifndef __APPLE_CC__
| 	       not a universal capable compiler
| 	     #endif
| 	     typedef int dummy;
| 
configure:8612: x86_64-w64-mingw32-gcc -c  -O2 -std=gnu11  -DCONFIG_UTILS_IPERF2_STACKSIZE=262144 -include /c/Users/tttgu/Documents/Codex/s31-host-tools-2026-09-16/build-iperf2-win64/host-compat.h conftest.c >&5
configure:8612: $? = 0
configure:8630: x86_64-w64-mingw32-gcc -c  -O2 -std=gnu11  -DCONFIG_UTILS_IPERF2_STACKSIZE=262144 -include /c/Users/tttgu/Documents/Codex/s31-host-tools-2026-09-16/build-iperf2-win64/host-compat.h conftest.c >&5
conftest.c: In function 'main':
conftest.c:115:18: error: unknown type name 'not'; did you mean 'ino_t'?
  115 |                  not big endian
      |                  ^~~
      |                  ino_t
conftest.c:115:26: error: expected '=', ',', ';', 'asm' or '__attribute__' before 'endian'
  115 |                  not big endian
      |                          ^~~~~~
configure:8630: $? = 1
configure: failed program was:
| /* confdefs.h */
| #define PACKAGE_NAME "Iperf"
| #define PACKAGE_TARNAME "iperf"
| #define PACKAGE_VERSION "2.1.8"
| #define PACKAGE_STRING "Iperf 2.1.8"
| #define PACKAGE_BUGREPORT ""
| #define PACKAGE_URL ""
| #define PACKAGE "iperf"
| #define VERSION "2.1.8"
| #define HAVE_DECL_IFF_TUN 0
| #define HAVE_DECL_IFF_TAP 0
| #define HAVE_PTHREAD_PRIO_INHERIT 1
| #define HAVE_PTHREAD 1
| #define HAVE_POSIX_THREAD 1
| #define _REENTRANT 1
| #define HAVE_WINSOCK2_H 1
| #define STDC_HEADERS 1
| #define HAVE_SYS_TYPES_H 1
| #define HAVE_SYS_STAT_H 1
| #define HAVE_STDLIB_H 1
| #define HAVE_STRING_H 1
| #define HAVE_MEMORY_H 1
| #define HAVE_STRINGS_H 1
| #define HAVE_INTTYPES_H 1
| #define HAVE_STDINT_H 1
| #define HAVE_UNISTD_H 1
| #define HAVE_LIBINTL_H 1
| #define HAVE_STDLIB_H 1
| #define HAVE_STRING_H 1
| #define HAVE_STRINGS_H 1
| #define HAVE_SYS_TIME_H 1
| #define HAVE_UNISTD_H 1
| #define HAVE_SIGNAL_H 1
| #define HAVE_SSIZE_T 1
| #define TIME_WITH_SYS_TIME 1
| #define HAVE_INT64_T 1
| #define Socklen_t int
| #define SELECT_TYPE_ARG1 int
| #define SELECT_TYPE_ARG234 (int *)
| #define SELECT_TYPE_ARG5 (struct timeval *)
| #define RETSIGTYPE void
| #define HAVE_STRFTIME 1
| #define HAVE_VPRINTF 1
| #define HAVE_ATEXIT 1
| #define HAVE_MEMSET 1
| #define HAVE_SELECT 1
| #define HAVE_STRCHR 1
| #define HAVE_STRERROR 1
| #define HAVE_STRTOL 1
| #define HAVE_STRTOLL 1
| #define HAVE_STRTOD 1
| #define HAVE_USLEEP 1
| #define HAVE_CLOCK_GETTIME 1
| #define HAVE_SCHED_SETSCHEDULER 1
| #define HAVE_SCHED_YIELD 1
| #define HAVE_NANOSLEEP 1
| #define HAVE_CLOCK_NANOSLEEP 1
| #define HAVE_FREOPEN 1
| #define HAVE_SNPRINTF 1
| #define HAVE_INET_PTON 1
| #define HAVE_INET_NTOP 1
| #define HAVE_GETTIMEOFDAY 1
| #define HAVE_DECL_ENOBUFS 1
| #define HAVE_DECL_EWOULDBLOCK 1
| #define HAVE_DECL_SIOCGIFMTU 0
| #define HAVE_DECL_PTHREAD_CANCEL 1
| #define HAVE_DECL_CPU_SET 0
| #define HAVE_DECL_SIGALRM 0
| #define HAVE_DECL_AF_INET6 1
| #define HAVE_DECL_SO_TIMESTAMP 0
| #define HAVE_DECL_SO_SNDTIMEO 1
| #define HAVE_DECL_SO_REUSEPORT 0
| #define HAVE_DECL_SO_BINDTODEVICE 0
| #define HAVE_DECL_MSG_DONTWAIT 0
| #define HAVE_DECL_SO_MAX_PACING_RATE 0
| #define HAVE_DECL_SO_DONTROUTE 1
| #define HAVE_DECL_SO_REUSEADDR 1
| #define HAVE_DECL_IPV6_TCLASS 1
| #define HAVE_DECL_IP_MULTICAST_ALL 0
| #define HAVE_DECL_IP_TOS 1
| #define HAVE_DECL_MCAST_JOIN_GROUP 1
| #define HAVE_DECL_MCAST_JOIN_SOURCE_GROUP 1
| #define HAVE_DECL_IPV6_JOIN_GROUP 1
| #define HAVE_DECL_IPV6_V6ONLY 1
| #define HAVE_DECL_IPV6_ADD_MEMBERSHIP 1
| #define HAVE_DECL_IPV6_MULTICAST_HOPS 1
| #define HAVE_DECL_MSG_PEEK 1
| #define HAVE_DECL_MSG_WAITALL 0
| #define HAVE_DECL_TCP_NODELAY 1
| #define HAVE_DECL_TCP_INFO 0
| #define HAVE_DECL_TCP_CONNECTION_INFO 0
| #define HAVE_DECL_TCP_WINDOW_CLAMP 0
| #define HAVE_DECL_TCP_QUICKACK 0
| #define HAVE_DECL_TCP_NOTSENT_LOWAT 0
| #define HAVE_DECL_TCP_MAXSEG 1
| #define HAVE_DECL_IP_ADD_MEMBERSHIP 1
| #define HAVE_DECL_IP_ADD_SOURCE_MEMBERSHIP 1
| #define HAVE_STRUCT_SOCKADDR_STORAGE 1
| #define HAVE_STRUCT_SOCKADDR_IN6 1
| #define HAVE_STRUCT_GROUP_SOURCE_REQ 1
| #define HAVE_STRUCT_IP_MREQ 1
| #define HAVE_STRUCT_IPV6_MREQ 1
| #define HAVE_STRUCT_IP_MREQ_SOURCE 1
| #define HAVE_STRUCT_IP_MREQ_SOURCE_IMR_MULTIADDR_S_ADDR 1
| #define HAVE__BOOL 1
| #define HAVE_STDBOOL_H 1
| /* end confdefs.h.  */
| #include <sys/types.h>
| 		#include <sys/param.h>
| 
| int
| main ()
| {
| #if BYTE_ORDER != BIG_ENDIAN
| 		 not big endian
| 		#endif
| 
|   ;
|   return 0;
| }
configure:8758: result: no
configure:8777: checking for gettid syscall
configure:8792: x86_64-w64-mingw32-gcc -o conftest.exe  -O2 -std=gnu11  -DCONFIG_UTILS_IPERF2_STACKSIZE=262144 -include /c/Users/tttgu/Documents/Codex/s31-host-tools-2026-09-16/build-iperf2-win64/host-compat.h  conftest.c -lws2_32  >&5
conftest.c:109:10: fatal error: sys/syscall.h: No such file or directory
  109 | #include <sys/syscall.h>
      |          ^~~~~~~~~~~~~~~
compilation terminated.
configure:8792: $? = 1
configure: failed program was:
| /* confdefs.h */
| #define PACKAGE_NAME "Iperf"
| #define PACKAGE_TARNAME "iperf"
| #define PACKAGE_VERSION "2.1.8"
| #define PACKAGE_STRING "Iperf 2.1.8"
| #define PACKAGE_BUGREPORT ""
| #define PACKAGE_URL ""
| #define PACKAGE "iperf"
| #define VERSION "2.1.8"
| #define HAVE_DECL_IFF_TUN 0
| #define HAVE_DECL_IFF_TAP 0
| #define HAVE_PTHREAD_PRIO_INHERIT 1
| #define HAVE_PTHREAD 1
| #define HAVE_POSIX_THREAD 1
| #define _REENTRANT 1
| #define HAVE_WINSOCK2_H 1
| #define STDC_HEADERS 1
| #define HAVE_SYS_TYPES_H 1
| #define HAVE_SYS_STAT_H 1
| #define HAVE_STDLIB_H 1
| #define HAVE_STRING_H 1
| #define HAVE_MEMORY_H 1
| #define HAVE_STRINGS_H 1
| #define HAVE_INTTYPES_H 1
| #define HAVE_STDINT_H 1
| #define HAVE_UNISTD_H 1
| #define HAVE_LIBINTL_H 1
| #define HAVE_STDLIB_H 1
| #define HAVE_STRING_H 1
| #define HAVE_STRINGS_H 1
| #define HAVE_SYS_TIME_H 1
| #define HAVE_UNISTD_H 1
| #define HAVE_SIGNAL_H 1
| #define HAVE_SSIZE_T 1
| #define TIME_WITH_SYS_TIME 1
| #define HAVE_INT64_T 1
| #define Socklen_t int
| #define SELECT_TYPE_ARG1 int
| #define SELECT_TYPE_ARG234 (int *)
| #define SELECT_TYPE_ARG5 (struct timeval *)
| #define RETSIGTYPE void
| #define HAVE_STRFTIME 1
| #define HAVE_VPRINTF 1
| #define HAVE_ATEXIT 1
| #define HAVE_MEMSET 1
| #define HAVE_SELECT 1
| #define HAVE_STRCHR 1
| #define HAVE_STRERROR 1
| #define HAVE_STRTOL 1
| #define HAVE_STRTOLL 1
| #define HAVE_STRTOD 1
| #define HAVE_USLEEP 1
| #define HAVE_CLOCK_GETTIME 1
| #define HAVE_SCHED_SETSCHEDULER 1
| #define HAVE_SCHED_YIELD 1
| #define HAVE_NANOSLEEP 1
| #define HAVE_CLOCK_NANOSLEEP 1
| #define HAVE_FREOPEN 1
| #define HAVE_SNPRINTF 1
| #define HAVE_INET_PTON 1
| #define HAVE_INET_NTOP 1
| #define HAVE_GETTIMEOFDAY 1
| #define HAVE_DECL_ENOBUFS 1
| #define HAVE_DECL_EWOULDBLOCK 1
| #define HAVE_DECL_SIOCGIFMTU 0
| #define HAVE_DECL_PTHREAD_CANCEL 1
| #define HAVE_DECL_CPU_SET 0
| #define HAVE_DECL_SIGALRM 0
| #define HAVE_DECL_AF_INET6 1
| #define HAVE_DECL_SO_TIMESTAMP 0
| #define HAVE_DECL_SO_SNDTIMEO 1
| #define HAVE_DECL_SO_REUSEPORT 0
| #define HAVE_DECL_SO_BINDTODEVICE 0
| #define HAVE_DECL_MSG_DONTWAIT 0
| #define HAVE_DECL_SO_MAX_PACING_RATE 0
| #define HAVE_DECL_SO_DONTROUTE 1
| #define HAVE_DECL_SO_REUSEADDR 1
| #define HAVE_DECL_IPV6_TCLASS 1
| #define HAVE_DECL_IP_MULTICAST_ALL 0
| #define HAVE_DECL_IP_TOS 1
| #define HAVE_DECL_MCAST_JOIN_GROUP 1
| #define HAVE_DECL_MCAST_JOIN_SOURCE_GROUP 1
| #define HAVE_DECL_IPV6_JOIN_GROUP 1
| #define HAVE_DECL_IPV6_V6ONLY 1
| #define HAVE_DECL_IPV6_ADD_MEMBERSHIP 1
| #define HAVE_DECL_IPV6_MULTICAST_HOPS 1
| #define HAVE_DECL_MSG_PEEK 1
| #define HAVE_DECL_MSG_WAITALL 0
| #define HAVE_DECL_TCP_NODELAY 1
| #define HAVE_DECL_TCP_INFO 0
| #define HAVE_DECL_TCP_CONNECTION_INFO 0
| #define HAVE_DECL_TCP_WINDOW_CLAMP 0
| #define HAVE_DECL_TCP_QUICKACK 0
| #define HAVE_DECL_TCP_NOTSENT_LOWAT 0
| #define HAVE_DECL_TCP_MAXSEG 1
| #define HAVE_DECL_IP_ADD_MEMBERSHIP 1
| #define HAVE_DECL_IP_ADD_SOURCE_MEMBERSHIP 1
| #define HAVE_STRUCT_SOCKADDR_STORAGE 1
| #define HAVE_STRUCT_SOCKADDR_IN6 1
| #define HAVE_STRUCT_GROUP_SOURCE_REQ 1
| #define HAVE_STRUCT_IP_MREQ 1
| #define HAVE_STRUCT_IPV6_MREQ 1
| #define HAVE_STRUCT_IP_MREQ_SOURCE 1
| #define HAVE_STRUCT_IP_MREQ_SOURCE_IMR_MULTIADDR_S_ADDR 1
| #define HAVE__BOOL 1
| #define HAVE_STDBOOL_H 1
| /* end confdefs.h.  */
| #include <unistd.h>
| #include <sys/syscall.h>
| 
| int
| main ()
| {
| syscall(SYS_gettid);
|   ;
|   return 0;
| }
configure:8804: result: no
configure:8841: checking for tcpstats support
configure:8854: result: no
configure:8864: checking for IPv6 headers and structures
configure:8877: result: yes
configure:9083: checking whether make is GNU make
configure:9090: result: yes
configure:9213: checking that generated files are newer than configure
configure:9219: result: done
configure:9295: creating ./config.status

## ---------------------- ##
## Running config.status. ##
## ---------------------- ##

This file was extended by Iperf config.status 2.1.8, which was
generated by GNU Autoconf 2.69.  Invocation command line was

  CONFIG_FILES    = 
  CONFIG_HEADERS  = 
  CONFIG_LINKS    = 
  CONFIG_COMMANDS = 
  $ ./config.status 

on RegEx

config.status:999: creating Makefile
config.status:999: creating compat/Makefile
config.status:999: creating doc/Makefile
config.status:999: creating include/Makefile
config.status:999: creating src/Makefile
config.status:999: creating man/Makefile
config.status:999: creating config.h
config.status:1213: executing depfiles commands
config.status:1288: cd compat       && sed -e '/# am--include-marker/d' Makefile         | make -f - am--depfiles
make: Nothing to be done for 'am--depfiles'.
config.status:1295: $? = 0
config.status:1288: cd src       && sed -e '/# am--include-marker/d' Makefile         | make -f - am--depfiles
make: Nothing to be done for 'am--depfiles'.
config.status:1295: $? = 0

## ---------------- ##
## Cache variables. ##
## ---------------- ##

ac_cv_accept_arg=int
ac_cv_build=x86_64-pc-cygwin
ac_cv_c_bigendian=no
ac_cv_c_compiler_gnu=yes
ac_cv_c_const=yes
ac_cv_cxx_compiler_gnu=yes
ac_cv_env_CCC_set=
ac_cv_env_CCC_value=
ac_cv_env_CC_set=
ac_cv_env_CC_value=
ac_cv_env_CFLAGS_set=set
ac_cv_env_CFLAGS_value='-O2 -std=gnu11'
ac_cv_env_CPPFLAGS_set=set
ac_cv_env_CPPFLAGS_value='-DCONFIG_UTILS_IPERF2_STACKSIZE=262144 -include /c/Users/tttgu/Documents/Codex/s31-host-tools-2026-09-16/build-iperf2-win64/host-compat.h'
ac_cv_env_CPP_set=
ac_cv_env_CPP_value=
ac_cv_env_CXXFLAGS_set=
ac_cv_env_CXXFLAGS_value=
ac_cv_env_CXX_set=
ac_cv_env_CXX_value=
ac_cv_env_LDFLAGS_set=
ac_cv_env_LDFLAGS_value=
ac_cv_env_LIBS_set=
ac_cv_env_LIBS_value=
ac_cv_env_build_alias_set=
ac_cv_env_build_alias_value=
ac_cv_env_host_alias_set=set
ac_cv_env_host_alias_value=x86_64-w64-mingw32
ac_cv_env_target_alias_set=
ac_cv_env_target_alias_value=
ac_cv_exeext=.exe
ac_cv_func__doprnt=no
ac_cv_func_atexit=yes
ac_cv_func_clock_gettime=yes
ac_cv_func_clock_nanosleep=yes
ac_cv_func_freopen=yes
ac_cv_func_gettimeofday=yes
ac_cv_func_inet_ntop=yes
ac_cv_func_inet_pton=yes
ac_cv_func_memcmp_working=yes
ac_cv_func_memset=yes
ac_cv_func_mlockall=no
ac_cv_func_nanosleep=yes
ac_cv_func_pthread_cleanup_push=no
ac_cv_func_sched_setscheduler=yes
ac_cv_func_sched_yield=yes
ac_cv_func_select=yes
ac_cv_func_select_args='int,int *,struct timeval *'
ac_cv_func_setitimer=no
ac_cv_func_snprintf=yes
ac_cv_func_strchr=yes
ac_cv_func_strerror=yes
ac_cv_func_strftime=yes
ac_cv_func_strtod=yes
ac_cv_func_strtol=yes
ac_cv_func_strtoll=yes
ac_cv_func_usleep=yes
ac_cv_func_vprintf=yes
ac_cv_have_decl_AF_INET6=yes
ac_cv_have_decl_CPU_SET=no
ac_cv_have_decl_ENOBUFS=yes
ac_cv_have_decl_EWOULDBLOCK=yes
ac_cv_have_decl_IFF_TAP=no
ac_cv_have_decl_IFF_TUN=no
ac_cv_have_decl_IPV6_ADD_MEMBERSHIP=yes
ac_cv_have_decl_IPV6_JOIN_GROUP=yes
ac_cv_have_decl_IPV6_MULTICAST_HOPS=yes
ac_cv_have_decl_IPV6_TCLASS=yes
ac_cv_have_decl_IPV6_V6ONLY=yes
ac_cv_have_decl_IP_ADD_MEMBERSHIP=yes
ac_cv_have_decl_IP_ADD_SOURCE_MEMBERSHIP=yes
ac_cv_have_decl_IP_MULTICAST_ALL=no
ac_cv_have_decl_IP_TOS=yes
ac_cv_have_decl_MCAST_JOIN_GROUP=yes
ac_cv_have_decl_MCAST_JOIN_SOURCE_GROUP=yes
ac_cv_have_decl_MSG_DONTWAIT=no
ac_cv_have_decl_MSG_PEEK=yes
ac_cv_have_decl_MSG_WAITALL=no
ac_cv_have_decl_SIGALRM=no
ac_cv_have_decl_SIOCGIFMTU=no
ac_cv_have_decl_SO_BINDTODEVICE=no
ac_cv_have_decl_SO_DONTROUTE=yes
ac_cv_have_decl_SO_MAX_PACING_RATE=no
ac_cv_have_decl_SO_REUSEADDR=yes
ac_cv_have_decl_SO_REUSEPORT=no
ac_cv_have_decl_SO_SNDTIMEO=yes
ac_cv_have_decl_SO_TIMESTAMP=no
ac_cv_have_decl_TCP_CONNECTION_INFO=no
ac_cv_have_decl_TCP_INFO=no
ac_cv_have_decl_TCP_MAXSEG=yes
ac_cv_have_decl_TCP_NODELAY=yes
ac_cv_have_decl_TCP_NOTSENT_LOWAT=no
ac_cv_have_decl_TCP_QUICKACK=no
ac_cv_have_decl_TCP_WINDOW_CLAMP=no
ac_cv_have_decl_TPACKET_V2=no
ac_cv_have_decl_pthread_cancel=yes
ac_cv_have_ipv6=yes
ac_cv_header_arpa_inet_h=no
ac_cv_header_ifaddrs_h=no
ac_cv_header_inttypes_h=yes
ac_cv_header_libintl_h=yes
ac_cv_header_linux_filter_h=no
ac_cv_header_linux_if_packet_h=no
ac_cv_header_linux_if_tun_h=no
ac_cv_header_linux_ip_h=no
ac_cv_header_linux_sockios_h=no
ac_cv_header_linux_udp_h=no
ac_cv_header_memory_h=yes
ac_cv_header_net_ethernet_h=no
ac_cv_header_net_if_h=no
ac_cv_header_netdb_h=no
ac_cv_header_netinet_in_h=no
ac_cv_header_netinet_tcp_h=no
ac_cv_header_signal_h=yes
ac_cv_header_stdbool_h=yes
ac_cv_header_stdc=yes
ac_cv_header_stdint_h=yes
ac_cv_header_stdlib_h=yes
ac_cv_header_string_h=yes
ac_cv_header_strings_h=yes
ac_cv_header_sys_ioctl_h=no
ac_cv_header_sys_select_h=no
ac_cv_header_sys_socket_h=no
ac_cv_header_sys_sockio_h=no
ac_cv_header_sys_stat_h=yes
ac_cv_header_sys_time_h=yes
ac_cv_header_sys_types_h=yes
ac_cv_header_syslog_h=no
ac_cv_header_time=yes
ac_cv_header_unistd_h=yes
ac_cv_header_winsock2_h=yes
ac_cv_host=x86_64-w64-mingw32
ac_cv_lib_rt_clock_gettime=no
ac_cv_member_struct_ip_mreq_source_imr_multiaddr_s_addr=yes
ac_cv_member_struct_sockaddr_in6_sin6_len=no
ac_cv_member_struct_tcp_info_tcpi_total_retrans=no
ac_cv_multicast=no
ac_cv_objext=o
ac_cv_path_EGREP='/usr/bin/grep -E'
ac_cv_path_GREP=/usr/bin/grep
ac_cv_path_SED=/usr/bin/sed
ac_cv_path_install='/usr/bin/install -c'
ac_cv_path_mkdir=/usr/bin/mkdir
ac_cv_prog_AWK=gawk
ac_cv_prog_CC=x86_64-w64-mingw32-gcc
ac_cv_prog_CPP='x86_64-w64-mingw32-gcc -E'
ac_cv_prog_CXX=x86_64-w64-mingw32-g++
ac_cv_prog_ac_ct_RANLIB=ranlib
ac_cv_prog_ac_ct_STRIP=strip
ac_cv_prog_cc_c89=
ac_cv_prog_cc_g=yes
ac_cv_prog_cxx_g=yes
ac_cv_prog_make_make_set=yes
ac_cv_search_gethostbyname=no
ac_cv_search_socket=no
ac_cv_search_strerror='none required'
ac_cv_struct_tm=time.h
ac_cv_tcpstats=no
ac_cv_type__Bool=yes
ac_cv_type_int64_t=yes
ac_cv_type_signal=void
ac_cv_type_size_t=yes
ac_cv_type_ssize_t=yes
ac_cv_type_struct_group_source_req=yes
ac_cv_type_struct_ip_mreq=yes
ac_cv_type_struct_ip_mreq_source=yes
ac_cv_type_struct_ipv6_mreq=yes
ac_cv_type_struct_sockaddr_in6=yes
ac_cv_type_struct_sockaddr_storage=yes
am_cv_CC_dependencies_compiler_type=gcc3
am_cv_CXX_dependencies_compiler_type=gcc3
am_cv_make_support_nested_variables=yes
am_cv_prog_cc_c_o=yes
ax_cv_PTHREAD_CLANG=no
ax_cv_PTHREAD_JOINABLE_ATTR=PTHREAD_CREATE_JOINABLE
ax_cv_PTHREAD_PRIO_INHERIT=yes
ax_cv_PTHREAD_SPECIAL_FLAGS=no

## ----------------- ##
## Output variables. ##
## ----------------- ##

ACLOCAL='${SHELL} /c/Users/tttgu/Documents/Codex/s31-host-tools-2026-09-16/iperf2-2.1.8/missing aclocal-1.16'
AF_PACKET_FALSE=''
AF_PACKET_TRUE='#'
AMDEPBACKSLASH='\'
AMDEP_FALSE='#'
AMDEP_TRUE=''
AMTAR='$${TAR-tar}'
AM_BACKSLASH='\'
AM_DEFAULT_V='$(AM_DEFAULT_VERBOSITY)'
AM_DEFAULT_VERBOSITY='1'
AM_V='$(V)'
AUTOCONF='${SHELL} /c/Users/tttgu/Documents/Codex/s31-host-tools-2026-09-16/iperf2-2.1.8/missing autoconf'
AUTOHEADER='${SHELL} /c/Users/tttgu/Documents/Codex/s31-host-tools-2026-09-16/iperf2-2.1.8/missing autoheader'
AUTOMAKE='${SHELL} /c/Users/tttgu/Documents/Codex/s31-host-tools-2026-09-16/iperf2-2.1.8/missing automake-1.16'
AWK='gawk'
CC='x86_64-w64-mingw32-gcc'
CCDEPMODE='depmode=gcc3'
CFLAGS=' -O2 -std=gnu11 '
CHECKPROGRAMS_FALSE=''
CHECKPROGRAMS_TRUE='#'
CPP='x86_64-w64-mingw32-gcc -E'
CPPFLAGS='-DCONFIG_UTILS_IPERF2_STACKSIZE=262144 -include /c/Users/tttgu/Documents/Codex/s31-host-tools-2026-09-16/build-iperf2-win64/host-compat.h'
CXX='x86_64-w64-mingw32-g++'
CXXDEPMODE='depmode=gcc3'
CXXFLAGS=' -O2 '
CYGPATH_W='cygpath -w'
DEBUG_SYMBOLS_FALSE=''
DEBUG_SYMBOLS_TRUE='#'
DEFS='-DHAVE_CONFIG_H'
DEPDIR='.deps'
DISCOVER_DEFAULTLEN_FALSE=''
DISCOVER_DEFAULTLEN_TRUE='#'
ECHO_C=''
ECHO_N='-n'
ECHO_T=''
EGREP='/usr/bin/grep -E'
ENABLE_STATIC_BIN_FALSE=''
ENABLE_STATIC_BIN_TRUE='#'
EXEEXT='.exe'
FASTSAMPLING_FALSE=''
FASTSAMPLING_TRUE='#'
GREP='/usr/bin/grep'
INSTALL_DATA='${INSTALL} -m 644'
INSTALL_PROGRAM='${INSTALL}'
INSTALL_SCRIPT='${INSTALL}'
INSTALL_STRIP_PROGRAM='$(install_sh) -c -s'
LDFLAGS=''
LIBOBJS=''
LIBS='-lws2_32  -static-libstdc++ -static'
LTLIBOBJS=''
MAINT='#'
MAINTAINER_MODE_FALSE=''
MAINTAINER_MODE_TRUE='#'
MAKEINFO='${SHELL} /c/Users/tttgu/Documents/Codex/s31-host-tools-2026-09-16/iperf2-2.1.8/missing makeinfo'
MKDIR_P='/usr/bin/mkdir -p'
OBJEXT='o'
PACKAGE='iperf'
PACKAGE_BUGREPORT=''
PACKAGE_NAME='Iperf'
PACKAGE_STRING='Iperf 2.1.8'
PACKAGE_TARNAME='iperf'
PACKAGE_URL=''
PACKAGE_VERSION='2.1.8'
PACKET_DEBUG_FALSE=''
PACKET_DEBUG_TRUE='#'
PATH_SEPARATOR=':'
PTHREAD_CC='x86_64-w64-mingw32-gcc'
PTHREAD_CFLAGS='-pthread'
PTHREAD_LIBS=''
RANLIB='ranlib'
SED='/usr/bin/sed'
SET_MAKE=''
SHELL='/bin/sh'
STRIP='strip'
STRIP_BEGIN='$(strip $(STRIP_DUMMY)'
STRIP_DUMMY=''
STRIP_END=')'
THREAD_DEBUG_FALSE=''
THREAD_DEBUG_TRUE='#'
TUNTAP_TAP_FALSE=''
TUNTAP_TAP_TRUE='#'
TUNTAP_TUN_FALSE=''
TUNTAP_TUN_TRUE='#'
VERSION='2.1.8'
WEB100_CFLAGS=''
WEB100_CONFIG=''
WEB100_LIBS=''
ac_ct_CC=''
ac_ct_CXX=''
am__EXEEXT_FALSE='#'
am__EXEEXT_TRUE=''
am__fastdepCC_FALSE='#'
am__fastdepCC_TRUE=''
am__fastdepCXX_FALSE='#'
am__fastdepCXX_TRUE=''
am__include='include'
am__isrc=' -I$(srcdir)'
am__leading_dot='.'
am__nodep='_no'
am__quote=''
am__tar='$${TAR-tar} chof - "$$tardir"'
am__untar='$${TAR-tar} xf -'
ax_pthread_config=''
bindir='${exec_prefix}/bin'
build='x86_64-pc-cygwin'
build_alias='x86_64-pc-cygwin'
build_cpu='x86_64'
build_os='cygwin'
build_vendor='pc'
datadir='${datarootdir}'
datarootdir='${prefix}/share'
docdir='${datarootdir}/doc/${PACKAGE_TARNAME}'
dvidir='${docdir}'
exec_prefix='${prefix}'
host='x86_64-w64-mingw32'
host_alias='x86_64-w64-mingw32'
host_cpu='x86_64'
host_os='mingw32'
host_vendor='w64'
htmldir='${docdir}'
includedir='${prefix}/include'
infodir='${datarootdir}/info'
install_sh='${SHELL} /c/Users/tttgu/Documents/Codex/s31-host-tools-2026-09-16/iperf2-2.1.8/install-sh'
libdir='${exec_prefix}/lib'
libexecdir='${exec_prefix}/libexec'
localedir='${datarootdir}/locale'
localstatedir='${prefix}/var'
mandir='${datarootdir}/man'
mkdir_p='$(MKDIR_P)'
oldincludedir='/usr/include'
pdfdir='${docdir}'
prefix='/usr'
program_transform_name='s,x,x,'
psdir='${docdir}'
sbindir='${exec_prefix}/sbin'
sharedstatedir='${prefix}/com'
sysconfdir='${prefix}/etc'
target_alias=''

## ----------- ##
## confdefs.h. ##
## ----------- ##

/* confdefs.h */
#define PACKAGE_NAME "Iperf"
#define PACKAGE_TARNAME "iperf"
#define PACKAGE_VERSION "2.1.8"
#define PACKAGE_STRING "Iperf 2.1.8"
#define PACKAGE_BUGREPORT ""
#define PACKAGE_URL ""
#define PACKAGE "iperf"
#define VERSION "2.1.8"
#define HAVE_DECL_IFF_TUN 0
#define HAVE_DECL_IFF_TAP 0
#define HAVE_PTHREAD_PRIO_INHERIT 1
#define HAVE_PTHREAD 1
#define HAVE_POSIX_THREAD 1
#define _REENTRANT 1
#define HAVE_WINSOCK2_H 1
#define STDC_HEADERS 1
#define HAVE_SYS_TYPES_H 1
#define HAVE_SYS_STAT_H 1
#define HAVE_STDLIB_H 1
#define HAVE_STRING_H 1
#define HAVE_MEMORY_H 1
#define HAVE_STRINGS_H 1
#define HAVE_INTTYPES_H 1
#define HAVE_STDINT_H 1
#define HAVE_UNISTD_H 1
#define HAVE_LIBINTL_H 1
#define HAVE_STDLIB_H 1
#define HAVE_STRING_H 1
#define HAVE_STRINGS_H 1
#define HAVE_SYS_TIME_H 1
#define HAVE_UNISTD_H 1
#define HAVE_SIGNAL_H 1
#define HAVE_SSIZE_T 1
#define TIME_WITH_SYS_TIME 1
#define HAVE_INT64_T 1
#define Socklen_t int
#define SELECT_TYPE_ARG1 int
#define SELECT_TYPE_ARG234 (int *)
#define SELECT_TYPE_ARG5 (struct timeval *)
#define RETSIGTYPE void
#define HAVE_STRFTIME 1
#define HAVE_VPRINTF 1
#define HAVE_ATEXIT 1
#define HAVE_MEMSET 1
#define HAVE_SELECT 1
#define HAVE_STRCHR 1
#define HAVE_STRERROR 1
#define HAVE_STRTOL 1
#define HAVE_STRTOLL 1
#define HAVE_STRTOD 1
#define HAVE_USLEEP 1
#define HAVE_CLOCK_GETTIME 1
#define HAVE_SCHED_SETSCHEDULER 1
#define HAVE_SCHED_YIELD 1
#define HAVE_NANOSLEEP 1
#define HAVE_CLOCK_NANOSLEEP 1
#define HAVE_FREOPEN 1
#define HAVE_SNPRINTF 1
#define HAVE_INET_PTON 1
#define HAVE_INET_NTOP 1
#define HAVE_GETTIMEOFDAY 1
#define HAVE_DECL_ENOBUFS 1
#define HAVE_DECL_EWOULDBLOCK 1
#define HAVE_DECL_SIOCGIFMTU 0
#define HAVE_DECL_PTHREAD_CANCEL 1
#define HAVE_DECL_CPU_SET 0
#define HAVE_DECL_SIGALRM 0
#define HAVE_DECL_AF_INET6 1
#define HAVE_DECL_SO_TIMESTAMP 0
#define HAVE_DECL_SO_SNDTIMEO 1
#define HAVE_DECL_SO_REUSEPORT 0
#define HAVE_DECL_SO_BINDTODEVICE 0
#define HAVE_DECL_MSG_DONTWAIT 0
#define HAVE_DECL_SO_MAX_PACING_RATE 0
#define HAVE_DECL_SO_DONTROUTE 1
#define HAVE_DECL_SO_REUSEADDR 1
#define HAVE_DECL_IPV6_TCLASS 1
#define HAVE_DECL_IP_MULTICAST_ALL 0
#define HAVE_DECL_IP_TOS 1
#define HAVE_DECL_MCAST_JOIN_GROUP 1
#define HAVE_DECL_MCAST_JOIN_SOURCE_GROUP 1
#define HAVE_DECL_IPV6_JOIN_GROUP 1
#define HAVE_DECL_IPV6_V6ONLY 1
#define HAVE_DECL_IPV6_ADD_MEMBERSHIP 1
#define HAVE_DECL_IPV6_MULTICAST_HOPS 1
#define HAVE_DECL_MSG_PEEK 1
#define HAVE_DECL_MSG_WAITALL 0
#define HAVE_DECL_TCP_NODELAY 1
#define HAVE_DECL_TCP_INFO 0
#define HAVE_DECL_TCP_CONNECTION_INFO 0
#define HAVE_DECL_TCP_WINDOW_CLAMP 0
#define HAVE_DECL_TCP_QUICKACK 0
#define HAVE_DECL_TCP_NOTSENT_LOWAT 0
#define HAVE_DECL_TCP_MAXSEG 1
#define HAVE_DECL_IP_ADD_MEMBERSHIP 1
#define HAVE_DECL_IP_ADD_SOURCE_MEMBERSHIP 1
#define HAVE_STRUCT_SOCKADDR_STORAGE 1
#define HAVE_STRUCT_SOCKADDR_IN6 1
#define HAVE_STRUCT_GROUP_SOURCE_REQ 1
#define HAVE_STRUCT_IP_MREQ 1
#define HAVE_STRUCT_IPV6_MREQ 1
#define HAVE_STRUCT_IP_MREQ_SOURCE 1
#define HAVE_STRUCT_IP_MREQ_SOURCE_IMR_MULTIADDR_S_ADDR 1
#define HAVE__BOOL 1
#define HAVE_STDBOOL_H 1
#define HAVE_IPV6 1
#define NDEBUG 1
#define HAVE_KALMAN 1
#define HAVE_ROLE_REVERSAL_ID 1
#define HAVE_SEQNO64b 1
#define HAVE_ISOCHRONOUS 1

configure: exit 0
